active_collision_pair,frame_idx,frame_root_angular_budget_usage,frame_root_z_budget_usage,frame_velocity_budget_usage_max,left_anchor_error_xy,left_contact_confidence,left_contact_phase,left_contact_slack,left_elbow_branch_sign,left_foot_vxy,left_heel_height,left_liftoff_probability,left_load_phase,left_lock_weight,left_swing_clearance_error,left_toe_height,max_joint_delta,max_joint_velocity_ratio,min_self_collision_distance,qp_resolve_count,qp_status,right_anchor_error_xy,right_contact_confidence,right_contact_phase,right_contact_slack,right_elbow_branch_sign,right_foot_vxy,right_heel_height,right_liftoff_probability,right_load_phase,right_lock_weight,right_swing_clearance_error,right_toe_height,root_ddz,root_dz,root_z,safety_backtracked,solver_mode,stage_a_high_priority_error,stage_a_iterations,stage_b_detail_error,stage_b_high_priority_error,stage_b_iterations,stage_b_rejected,stage_c_iterations,stage_c_triggered
v3_pelvis_proxy:v3_right_hand_proxy,0,1.0,1.0000000000000009,1.0,0.0,0.1629488400820702,AIR,0.0,1,0.0,0.08737747241929325,0.01887323421171038,UNLOADED,0.03197469369173495,0.0,0.10497959308279078,0.1884955592153876,1.0,0.04827681169076947,0,ok,0.0,0.19585015357449725,AIR,0.0,1,0.0,0.10923957315564056,0.003961215115911157,UNLOADED,0.03901486979714089,0.0,0.08293464549821028,0.0,-0.0050000000000000044,0.745,0,staged_v3,1.0580622370890451,2,1.2792162216644563,1.0572058090978664,2,0,0,0
v3_pelvis_proxy:v3_right_hand_proxy,1,1.0000000000000002,1.0000000000000009,1.0,0.0,0.2643710060196629,AIR,0.0,-1,0.016350156605202268,0.08947150672127777,0.031917943102176945,UNLOADED,0.07676632041172037,0.0,0.13112714473833592,0.1884955592153876,1.0,0.03633591355435356,0,ok,0.0,0.3291457079454923,AIR,0.0,1,0.007873351196913736,0.1147224006116056,0.007088976905822321,UNLOADED,0.09657437616235595,0.0,0.08293806971024503,0.0,-0.0050000000000000044,0.74,0,staged_v3,0.9780447673861901,2,1.2313190761719859,0.9768531075464972,2,0,0,0
v3_pelvis_proxy:v3_right_hand_proxy,2,0.9999999999999997,1.0000000000000009,1.0000000000000002,0.0,0.34235750243318086,FLAT,0.0,-1,0.01831828942252874,0.09348708421531657,0.040171569472516,UNLOADED,0.12713394917732615,0.0,0.14835005071563043,0.18849555921538763,1.0000000000000002,0.02512557766767312,0,ok,0.0,0.4310846061196081,FLAT,0.0,1,0.013347188340105854,0.10578667987309488,0.009741220601729154,UNLOADED,0.16263656410456226,0.0,0.08636705466727479,0.0,-0.0050000000000000044,0.735,0,staged_v3,0.8988210465532351,2,1.125002074741507,0.8982250153798974,2,0,0,0
v3_pelvis_proxy:v3_right_hand_proxy,3,1.0000000000000007,1.0000000000000009,1.0000000000000002,0.0,0.39929060323770055,FLAT,0.0,-1,0.021408247997488576,0.09298357667212549,0.04399099236874256,UNLOADED,0.17805224201341296,0.0,0.1432694290976403,0.18849555921538763,1.0000000000000002,0.02679224437082798,0,ok,0.0,0.5190311074298941,FLAT,0.0,1,0.0032158174282874365,0.08763852048538776,0.012470321216052946,UNLOADED,0.23262097584347374,0.0,0.09150806903618497,0.0,-0.0050000000000000044,0.73,0,staged_v3,0.8222884088323115,2,1.1444461150890957,0.8226109861415274,2,0,0,0
v3_pelvis_proxy:v3_right_hand_proxy,4,0.9999999999999999,1.0000000000000009,1.0000000000000002,0.0,0.44020626460524553,FLAT,0.0,-1,0.023241394806250988,0.09109567259642493,0.04416816221448992,UNLOADED,0.22659442619119563,0.0,0.12972427700596276,0.18849555921538763,1.0000000000000002,0.03597247499178663,0,ok,0.0,0.5754859900220917,FLAT,0.0,1,0.017326834038499144,0.07018530244977081,0.01573789951954722,UNLOADED,0.2993825905420224,0.0,0.09605095591670483,0.0,-0.0050000000000000044,0.725,0,staged_v3,0.7490214075604276,2,1.1074222896370902,0.7503045145978198,2,0,0,0
v3_pelvis_proxy:v3_right_hand_proxy,5,1.0000000000000007,1.0000000000000009,0.574860003462299,0.0,0.4671224791596336,FLAT,0.0,-1,0.02158899157252027,0.08701238192668768,0.04318346524273463,SUPPORT,0.27127554095295653,0.0,0.11737810705111769,0.10835855782318571,0.574860003462299,0.04071903925266787,0,ok,0.007681793372784798,0.606257543632605,FLAT,0.0,-1,0.01498487277394698,0.059146703337755,0.0209340648272647,SUPPORT,0.35821929421605425,0.0,0.09870255656007089,0.0,-0.0050000000000000044,0.72,0,staged_v3,0.6773613513364571,2,1.0381443754297146,0.6790458250310293,2,0,0,0
v3_pelvis_proxy:v3_right_hand_proxy,6,1.0000000000000013,1.0000000000000009,0.3779321807891578,0.0,0.49300256866181424,FLAT,0.0,-1,0.016703304361055334,0.08074701108971569,0.06824950844152267,SUPPORT,0.3088915099004127,0.0,0.10709823833821842,0.07123853776334327,0.3779321807891578,0.04514845722871878,0,ok,0.011405520272245132,0.6532940349076485,FLAT,0.0,-1,0.002626209285445202,0.05229547270984903,0.05663745146913238,SUPPORT,0.40695873448668896,0.0,0.09846777986993155,0.0,-0.0050000000000000044,0.715,0,staged_v3,0.6064631275056965,2,0.9708376544286952,0.6073745820022206,2,0,0,0
v3_torso_proxy:v3_left_forearm_proxy,7,0.9999999999999992,1.0000000000000009,0.584379796639096,0.0,0.5267816313420228,FLAT,0.0,-1,0.007145435124082953,0.07295470519954737,0.08397037798535868,SUPPORT,0.343622723648828,0.0,0.09816890667790469,0.11015299656166089,0.584379796639096,0.054702276265478356,0,ok,0.013123345155942092,0.6901999279740936,FLAT,0.0,-1,0.0059841403269757214,0.04620923302463843,0.08515357872836686,SUPPORT,0.4454492318784363,0.0,0.09529291105687013,0.0,-0.0050000000000000044,0.71,0,staged_v3,0.533587412616993,2,0.9189931900693719,0.5326560582910991,2,0,0,0
v3_torso_proxy:v3_left_forearm_proxy,8,1.0,1.0000000000000009,0.8681657984640333,0.01317810971901395,0.5524051695130184,FLAT,0.0,-1,0.008329063909860473,0.06499846702078534,0.09573406903562565,SUPPORT,0.3748024138949069,0.0,0.0917003408790385,0.16364539767315145,0.8681657984640333,0.05681574775227698,0,ok,0.00853296144766433,0.7167335865923867,FLAT,0.0,-1,0.009194388266596583,0.039317470188437606,0.11451500367421104,SUPPORT,0.4748409827985689,0.0,0.08956591088627829,0.0,-0.0050000000000000044,0.705,0,staged_v3,0.4567390786583298,2,0.878953292812402,0.4534774991645564,2,0,0,0
v3_torso_proxy:v3_left_forearm_proxy,9,1.0,1.0000000000000009,1.0000000000000002,0.025748755341729757,0.569447689213801,FLAT,0.0,-1,0.011218693344554713,0.05788675081267957,0.10403595428450968,SUPPORT,0.39503517652388254,0.0,0.08704007622854017,0.18849555921538763,1.0000000000000002,0.05836113567428562,0,ok,0.01136967638872076,0.7347483469390198,FLAT,0.0,-1,0.011178762334659403,0.031765360109339155,0.14191466787233695,SUPPORT,0.5023486329528293,0.0003303732842776935,0.08215753838008205,0.0,-0.0050000000000000044,0.7,0,staged_v3,0.3751666747864199,2,0.8422933060573496,0.3703133784954138,2,0,0,0
v3_pelvis_proxy:v3_left_hand_proxy,10,1.0,1.0000000000000009,1.0000000000000002,0.04076907784028296,0.5812089572268456,FLAT,0.0,-1,0.015105490946882663,0.052033305503490224,0.11115072653258945,SUPPORT,0.406028141219106,0.0,0.08307756186318957,0.18849555921538763,1.0000000000000002,0.0556012219788876,0,ok,0.029926486001076464,0.7417751670975367,FLAT,0.0,-1,0.013425121936022478,0.025586332694034986,0.17085724249255282,SUPPORT,0.5186876029653278,0.007956529430592656,0.07513293639371774,0.0,-0.0050000000000000044,0.695,0,staged_v3,0.2916713868053133,2,0.8701101362088641,0.2869544481281666,2,0,0,0
v3_pelvis_proxy:v3_left_hand_proxy,11,0.9999999999999999,1.0000000000000009,1.0,0.05908326088039001,0.585160866476755,FLAT,0.0,-1,0.020923768664899974,0.046882155397322975,0.11795015704061351,SUPPORT,0.41482251297528483,0.0,0.07896892897531156,0.1884955592153876,1.0,0.05353167431281283,0,ok,0.046791529732614585,0.7417619480656302,FLAT,0.0,-1,0.018594979992207862,0.02208300252650861,0.20103828716594563,SUPPORT,0.5088750882559953,0.012968911831788676,0.07029500644721699,0.0,-0.0050000000000000044,0.69,0,staged_v3,0.209632110259503,2,0.9022373649892428,0.20570518116561295,2,0,0,0
v3_pelvis_proxy:v3_left_hand_proxy,12,1.0000000000000002,1.0000000000000009,0.7941464800680491,0.07164833868882794,0.5763970961876644,FLAT,0.0,-1,0.03317931882281208,0.04194498360650975,0.12383020312185986,SUPPORT,0.42185801038022785,0.0,0.0742056473169128,0.1496930848593586,0.7941464800680491,0.053266428436500673,0,ok,0.04702841640388772,0.7303308341028051,FLAT,0.0,-1,0.028627669994967835,0.020787790636059275,0.22965060387243363,SUPPORT,0.5004643613622817,0.015694739557562412,0.06793135173187634,0.0,-0.0050000000000000044,0.6849999999999999,0,staged_v3,0.1325044709746924,2,0.911317860921848,0.1283148044866327,2,0,0,0
v3_pelvis_proxy:v3_left_hand_proxy,13,0.5239271672684808,1.0000000000000009,0.3567173455352355,0.0733927861638536,0.5675801403809995,FLAT,0.0,-1,0.033930028639796946,0.03734108746967773,0.1285876744480068,SUPPORT,0.4274864083041823,0.0,0.06916227997606267,0.06723963552849287,0.3567173455352355,0.05277603818184223,0,ok,0.04259521399610773,0.7112150152243695,FLAT,0.0,-1,0.03851382098491613,0.019711089304550213,0.2572879149045866,SUPPORT,0.4932551668819557,0.01815330644067912,0.0662526626532044,0.0,-0.0050000000000000044,0.6799999999999999,0,staged_v3,0.09421069684646705,2,0.9191502475294558,0.08667510618761678,2,0,0,0
v3_pelvis_proxy:v3_left_hand_proxy,14,0.10422673984692445,1.0000000000000009,0.21284924216756318,0.07293640178788208,0.5604947526417907,FLAT,0.0,-1,0.033930056113075396,0.03321169592407017,0.13253889085804793,SUPPORT,0.4319891266433458,0.0,0.06417598915605473,0.04012113693094628,0.21284924216756318,0.051527884002413524,0,ok,0.04326832684093365,0.6899238383322429,FLAT,0.0,-1,0.042280039124203916,0.0175793399614094,0.2840140787800083,SUPPORT,0.4870758573273906,0.021621363977591016,0.06398895706092413,0.0,-0.0050000000000000044,0.6749999999999999,0,staged_v3,0.0767439260359525,2,0.931381774096665,0.07566021667917633,2,0,0,0
v3_pelvis_proxy:v3_left_hand_proxy,15,0.077872753700456,1.0000000000000009,0.12813584484883778,0.07270708818870919,0.5431890056549442,FLAT,0.0,-1,0.04605916569459775,0.028826579075203126,0.13551831913291654,SUPPORT,0.43559130131467666,0.0029493368814427004,0.059064353695622254,0.024153037730317822,0.12813584484883778,0.05094278197048767,0,ok,0.04382124765024904,0.6258528740672364,FLAT,0.0,-1,0.07809340719238214,0.014062411088342698,0.3075917705586879,SUPPORT,0.48177930628062055,0.0263171774395917,0.06116535539176485,0.0,-0.0050000000000000044,0.6699999999999999,0,staged_v3,0.07276692735188037,2,0.9371407217617648,0.07465958627276303,2,1,0,0
v3_pelvis_proxy:v3_left_hand_proxy,16,0.050484197383701426,1.0000000000000009,0.1500795947026427,0.07292568081318183,0.5248025331614191,FLAT,0.0,-1,0.050041698810453,0.025019502300458688,0.13772587932198535,SUPPORT,0.43847304105174134,0.006866791665640578,0.05434556987344799,0.028289337130293357,0.1500795947026427,0.04985692105190456,0,ok,0.044743142156082716,0.5613924161627072,FLAT,0.0,-1,0.09037512911517455,0.01050580889034658,0.34270891212656934,SUPPORT,0.47723940538338905,0.03162963671598189,0.05850937854092686,0.0,-0.0050000000000000044,0.6649999999999999,0,staged_v3,0.07366917049624774,2,0.940831157168178,0.07565281386078354,2,1,0,0
v3_pelvis_proxy:v3_left_hand_proxy,17,0.08070972560356496,1.0000000000000009,0.1457879817855206,0.0729905588783377,0.5017192549021167,FLAT,0.0,-1,0.057560127324449706,0.021367481389565457,0.13913316599846143,SUPPORT,0.44077843284139306,0.010589176910357614,0.0495931959314351,0.02748038715354445,0.1457879817855206,0.04883003675288654,0,ok,0.045756750408666655,0.4798601153220588,FLAT,0.0,-1,0.11578419655387756,0.006717159474813019,0.390675484210589,SUPPORT,0.47334806175719063,0.03781661473571643,0.05614581864386779,0.0,-0.0050000000000000044,0.6599999999999999,0,staged_v3,0.07488464077401412,2,0.943611012220494,0.07587976647231136,2,1,0,0
v3_pelvis_proxy:v3_left_hand_proxy,18,0.045977415165428005,1.0000000000000009,0.6424823061360581,0.07312027808696074,0.47613249363535903,FLAT,0.0,-1,0.066815959936949,0.015990058788092593,0.13987357938309675,SUPPORT,0.44262274627311443,0.016003620181062245,0.04270036200065082,0.12110506158110812,0.6424823061360581,0.04878170000986762,0,ok,0.04324844077569352,0.39141907552978067,FLAT,0.0,-1,0.13437945248719135,0.01554522900716182,0.4654849688256485,UNLOADING,0.41866274202639975,0.032729019434120606,0.06274425592292247,0.0,-0.0050000000000000044,0.6549999999999999,0,staged_v3,0.07657421381370132,2,0.945854084981532,0.07757090089520713,2,1,0,0
v3_pelvis_proxy:v3_left_hand_proxy,19,0.10009722915055305,1.0000000000000009,0.43667697385957377,0.07338484325039268,0.45374215158298403,FLAT,0.0,-1,0.06889273139391211,0.01351153301770186,0.10950917864118566,SUPPORT,0.44409819701849157,0.016963925914357424,0.03851287615375122,0.08231167038414355,0.43667697385957377,0.04668779249638215,0,ok,0.044623574347221695,0.32450543280200184,FLAT,0.0,-1,0.13424718835472416,0.018100874931326637,0.5545090941583539,UNLOADING,0.3686269660364409,0.034624579776591065,0.06609019731089427,0.0,-0.0050000000000000044,0.6499999999999999,0,staged_v3,0.07777903311497797,2,0.9473302477587356,0.07885514532062327,2,1,0,0
v3_pelvis_proxy:v3_left_hand_proxy,20,0.10003583768391473,1.0000000000000009,0.34715521382988984,0.0736314097867427,0.4461926510661142,FLAT,0.0,-1,0.0549099267413068,0.010720083035669764,0.08559903193921788,SUPPORT,0.44527855761479324,0.018559868561291132,0.03456722631826463,0.06543721616540255,0.34715521382988984,0.044532526108583645,0,ok,0.045791337155953744,0.3003403158467097,FLAT,0.0,-1,0.10273387652445372,0.019845966161300823,0.6647661702868926,UNLOADING,0.3224515020611241,0.03839234235304381,0.066509376853072,0.0,-0.0050000000000000044,0.6449999999999999,0,staged_v3,0.07950571272238117,2,0.9483036356986023,0.08069734477260825,2,1,0,0
v3_pelvis_proxy:v3_left_hand_proxy,21,0.06721899261826571,1.0000000000000009,0.41313882711715383,0.0738065949506594,0.4530730245954731,FLAT,0.0,-1,0.044281517648807306,0.006886608084397512,0.06525534282703009,SUPPORT,0.4462228460918346,0.021376159056953996,0.029959626063930718,0.07787483425103725,0.41313882711715383,0.043376448357686254,0,ok,0.04608122126058284,0.3168609090522017,FLAT,0.0,-1,0.08503215506055992,0.024837015424326682,0.7597944646469966,UNLOADING,0.2810869608715168,0.03815270780802315,0.0701789906462188,0.0,-0.0050000000000000044,0.6399999999999999,0,staged_v3,0.08149259225889423,2,0.9495673969233062,0.08277387577124865,2,1,0,0
v3_pelvis_proxy:v3_left_hand_proxy,22,0.11076894376376249,1.0000000000000009,0.33457426315989935,0.07336536915609895,0.4793403154730464,FLAT,0.0,-1,0.02603178078532533,0.006418873564057417,0.05037878829122579,SUPPORT,0.4469782768734677,0.021100065850503873,0.02926795729220487,0.06306576283340148,0.33457426315989935,0.045076045737093146,0,ok,0.04674577069236653,0.35627844102034284,FLAT,0.0,-1,0.06257760534267771,0.028569169184257386,0.8278852129464338,UNLOADING,0.24467816240287216,0.03782509146306431,0.06942819671304687,0.0,-0.0050000000000000044,0.6349999999999999,0,staged_v3,0.08974496983725033,2,0.94627737729218,0.08946132014528556,2,0,0,0
v3_pelvis_proxy:v3_left_hand_proxy,23,0.6971257681577856,0.7781982421875,0.7781982421874999,0.04769128830510791,0.5049202012347648,FLAT,0.0,-1,0.021883214423339157,0.03541020463191508,0.038821255567633675,SUPPORT,0.44758262149877415,0.0,0.04540741248912281,0.14668691284156443,0.7781982421874999,0.00999272481663109,0,ok,0.033384114863597505,0.3422265914730877,FLAT,0.0,-1,0.054589021427220656,0.016554273414110462,0.8753283130881686,UNLOADING,0.21226734289880744,0.05221214224029798,0.028720512718380588,2.772521972656261,-0.0038909912109375,0.6311090087890624,1,staged_v3,0.16526258769601151,2,0.953697134700958,0.13080517878369718,2,0,1,1
v3_pelvis_proxy:v3_left_hand_proxy,24,0.9810180664062501,0.5781982421874998,0.7840316844312346,0.028931756190533165,0.535522769750334,FLAT,0.0,-1,0.007084648252908451,2.69563024401457e-06,0.030324780351232945,SUPPORT,0.4480660971990193,0.026513543387317637,0.013860913860548128,0.14778649079944786,0.7840316844312346,0.024665349940858672,0,ok,0.053032362758741125,0.28160031404114133,FLAT,0.0,-1,0.08039782798112159,0.05727808123664149,0.8750853578781694,UNLOADING,0.1851610964971521,0.01147618665726699,0.06760610074772695,2.500000000000002,-0.002890991210937499,0.6282180175781249,1,staged_v3,0.25065404321090196,2,0.9447518644823657,0.25249611848263165,2,1,1,1
v3_pelvis_proxy:v3_left_hand_proxy,25,0.0001358861776651352,0.0002849847078323364,9.742413508648065e-05,0.028942545202905914,0.5562203870107767,FLAT,0.0,-1,0.016478001683944535,1.915980008625369e-06,0.02476701437259353,SUPPORT,0.44845287775921544,0.026236434738621053,0.013863500873018277,1.8364016824201634e-05,9.742413508648065e-05,0.02466598892656989,0,ok,0.053024545734633485,0.2193105450883944,FLAT,0.0,-1,0.22963243771244793,0.057271585555746636,0.8358195225467604,UNLOADING,0.1603795002281344,0.009519390571591395,0.0676022145327282,7.223915718495843,-1.4249235391616821e-06,0.6282165926545857,1,staged_v3,0.2369557849546431,2,0.9478783296156397,0.2369557849546431,2,1,0,0
v3_pelvis_proxy:v3_left_hand_proxy,26,0.3992425438315526,0.20028498470783251,0.37830441265403214,0.06893888096711032,0.5857115216419753,FLAT,0.0,-1,0.0032836881644210864,0.0032989244830908026,0.021170514916279498,SUPPORT,0.44876230220737234,0.022759601262723174,0.02608586350271213,0.07130870181687055,0.37830441265403214,0.03682749037173294,0,ok,0.060143847975430334,0.17079922425065822,FLAT,0.0,-1,0.2870078038345157,0.0501376652392409,0.7723439829109693,UNLOADING,0.13927216416395752,0.013479533906307573,0.06163200349846458,-2.500000000000002,-0.0010014249235391626,0.6272151677310466,0,staged_v3,0.09146548983137924,2,0.9507920804594047,0.09258354002582163,2,1,0,0
v3_pelvis_proxy:v3_left_hand_proxy,27,0.11237490767112389,0.4002849847078327,0.9042490601446502,0.07004506128096652,0.5975495199216037,FLAT,0.0,-1,0.014408223338159401,0.0210001804305579,0.018821648315380853,SUPPORT,0.44900984176589787,0.004940901985211146,0.042756852709736615,0.1704469322619545,0.9042490601446502,0.04971511046655236,0,ok,0.06050394667430133,0.13301856959440111,AIR,0.0,-1,0.41360407135234845,0.05382661069457832,0.7000055327669358,UNLOADING,0.12071748775316644,0.006173665943768468,0.06386132306930496,-2.500000000000002,-0.0020014249235391635,0.6252137428075074,0,staged_v3,0.1252062877859794,2,0.9508993952574972,0.11322741357985507,2,0,0,0
v3_pelvis_proxy:v3_left_hand_proxy,28,0.18865819296609418,0.6002849847078329,0.5859032492210158,0.0700104186363355,0.6136488007099006,FLAT,0.0,-1,0.006293804158281289,0.005539046179760848,0.018616613350154465,SUPPORT,0.4492078734127183,0.020391784487746877,0.027558098294182418,0.11044016060802797,0.5859032492210158,0.04998507930178546,0,ok,0.071127390507299,0.10359496616315776,AIR,0.0,-1,0.5914538374221898,0.04695653140706648,0.6245169076554046,UNLOADING,0.10475711566907503,0.009269313975703748,0.05791144756165188,-2.500000000000002,-0.0030014249235391643,0.6222123178839682,0,staged_v3,0.09939490995528139,2,0.9565134383768062,0.09939490995528139,2,1,0,0
v3_pelvis_proxy:v3_left_hand_proxy,29,0.704126671391345,0.800284984707833,1.0,0.04340808355858993,0.6189778817017709,FLAT,0.0,-1,0.01089950338933728,0.014546410226184485,0.018641865586819,SUPPORT,0.44936629873017464,0.021664300808814693,0.004267792470526261,0.1884955592153876,1.0,0.037620932037267046,0,ok,0.14500500420067972,0.08067984077012295,AIR,0.0,-1,0.6807186224061923,0.03039695531681251,0.5690971217299767,UNLOADING,0.09044824538715392,0.023057900769686328,0.0614651748540922,-2.500000000000002,-0.004001424923539165,0.6182108929604291,0,staged_v3,0.2721150906331689,2,0.9653947788915498,0.13982265821513395,2,0,0,0
v3_pelvis_proxy:v3_left_hand_proxy,30,0.9999999999999999,0.6002849847078329,0.9999950202860847,0.11296446784317916,0.618149204804581,FLAT,0.0,-1,0.016982209943094344,0.05504983203715673,0.018935343664078595,SUPPORT,0.4494930389841397,0.005560821075697317,0.020385946107506613,0.1884946205614284,0.9999950202860847,0.025863819955825013,0,ok,0.15330523677905797,0.06283352316984801,AIR,0.0,-1,0.9565930947608942,0.07543591089388266,0.5538872758684112,UNLOADING,0.07752706747470337,0.0,0.12814292089537554,2.500000000000002,-0.0030014249235391643,0.6152094680368899,0,staged_v3,0.23974308709605563,2,0.9933352853391552,0.2406998078784726,2,1,1,1
v3_pelvis_proxy:v3_left_hand_proxy,31,0.9232547403755326,0.4002849847078327,0.7294939263360147,0.04297041371285481,0.6165341163115807,FLAT,0.0,-1,0.017696030036426738,0.04410985994559298,0.01914562989540209,SUPPORT,0.4495944311873118,0.016004056278979297,0.009953225215790808,0.13750636558893586,0.7294939263360147,0.025144866423315634,0,ok,0.09560861078168686,0.048934797047812895,FLAT,0.0,-1,1.0274431472681727,0.00971817957919393,0.5712599218118505,UNLOADING,0.06645177212117431,0.0438448165113986,0.03588243931550382,2.500000000000002,-0.0020014249235391635,0.6132080431133508,0,staged_v3,0.23839971676694904,2,0.9662140469615786,0.24026407932217786,2,1,0,0
v3_pelvis_proxy:v3_left_hand_proxy,32,0.016835741268292667,0.0035695321981554784,0.017822263560230582,0.03963916617729937,0.6097835732107209,FLAT,0.0,-1,0.02143700435354926,0.0430441358115946,0.019296306564327938,SUPPORT,0.44967554494984946,0.016366772220105845,0.009598043108110552,0.0033594175362696883,0.017822263560230582,0.025272980924631906,0,ok,0.09479967406896807,0.03811045826027695,FLAT,0.0,-1,1.169363000653264,0.009124792393589308,0.6162053506827501,UNLOADING,0.05695866181814941,0.0466854751405482,0.0346869619785532,4.958943156370965,-1.7847660990777392e-05,0.61319019545236,1,staged_v3,0.23487914990958092,2,0.9859326969699616,0.19277206781129855,2,0,1,1
v3_pelvis_proxy:v3_left_hand_proxy,33,0.5759277343749999,0.1964304678018447,0.5759276743254028,0.08226367960039581,0.605961291263191,FLAT,0.0,-1,0.024159096059718582,0.03459228929440499,0.019404271115386267,SUPPORT,0.44974043595987956,0.018464832285566925,0.007505381270202391,0.10855980903958443,0.5759276743254028,0.021488415080351396,0,ok,0.02949842443763922,0.029680454736313783,FLAT,0.0,-1,1.281575451190697,0.017096605132480975,0.6815906231225609,UNLOADING,0.04882171012984235,0.04808290726223857,0.01099662389388947,2.500000000000002,0.0009821523390092235,0.6141723477913692,1,staged_v3,0.2316940355571509,2,0.963662986810601,0.1818294844480577,2,0,1,1
v3_pelvis_proxy:v3_left_hand_proxy,34,0.7155493331493749,0.3964304678018449,1.0,0.013550037044068007,0.5992151277566022,FLAT,0.0,-1,0.025768712052749488,0.020362463347074655,0.019481631096651603,SUPPORT,0.44979234876790364,0.016198463780254607,0.009775617774577975,0.1884955592153876,1.0,0.04673782751856176,0,ok,0.1775223292870803,0.02311516139055656,FLAT,0.0,-1,1.3393745424450745,0.06388367732175546,0.7607882957340378,UNLOADING,0.042404904394677555,0.0,0.07493728004626349,2.500000000000002,0.0019821523390092244,0.6161545001303784,0,staged_v3,0.12573997523977487,2,0.9403560536415593,0.12573997523977487,2,1,0,0
v3_torso_proxy:v3_right_forearm_proxy,35,0.28769956703801236,0.596430467801845,0.9999856286826528,0.10291110486552477,0.5809481649509711,FLAT,0.0,-1,0.03619668208125773,0.05655067371280505,0.019537061945413617,SUPPORT,0.4656869266130868,0.0,0.029237705274898496,0.18849285028588758,0.9999856286826528,0.05600041568615288,0,ok,0.22140919508768636,0.018002105791787355,FLAT,0.0,-1,1.4289447501931487,0.03870177931719001,0.8285973240377205,UNLOADING,0.036347060909723616,0.027728086884696017,0.09475223900301971,2.500000000000002,0.0029821523390092253,0.6191366524693876,0,staged_v3,0.23693199470356288,2,0.9485287078184588,0.23144268400750315,2,0,0,0
v3_torso_proxy:v3_right_forearm_proxy,36,1.0000000000000002,0.7964304678018452,0.9999997867832002,0.03360880552674759,0.5658720013254622,FLAT,0.0,-1,0.03741139266788474,0.01249204277100543,0.02013291598787212,SUPPORT,0.46344593709693155,0.018850350850303368,0.007156294949090241,0.1884955190249677,0.9999997867832002,0.05596603192687016,0,ok,0.17280393904021177,0.014020054087578265,FLAT,0.0,-1,1.433020530380115,0.045880675411359165,0.8771846159568933,UNLOADING,0.031154623636905958,0.022978555386485508,0.08808691122115797,2.500000000000002,0.003982152339009226,0.6231188048083969,0,staged_v3,0.31615836111886964,2,0.9304096360963717,0.31615836111886964,2,1,1,1
v3_torso_proxy:v3_right_forearm_proxy,37,1.0000000000000002,0.596430467801845,0.9999985128843675,0.06220113652282608,0.5489524136846065,FLAT,0.0,-1,0.039354351938517856,0.05831716336840698,0.021103316715047393,SUPPORT,0.46152508894022704,0.016921725861117207,0.009133439974635164,0.18849527890069484,0.9999985128843675,0.0676326445654905,0,ok,0.0,0.010918829102109404,FLAT,0.0,-1,1.438762017538921,0.057836108620393026,0.9119989319129695,UNLOADING,0.026703963117347965,0.012763837975255446,0.1275158251713508,-2.500000000000002,0.0029821523390092253,0.6261009571474061,0,staged_v3,0.3270905021297999,2,0.954890703414634,0.2963392765246777,2,0,0,0
v3_torso_proxy:v3_right_forearm_proxy,38,0.1870517498941846,0.3964304678018449,1.0,0.07462391384977232,0.5412683464248087,FLAT,0.0,-1,0.03581081676859209,0.0003846969474203517,0.02252118098490533,SUPPORT,0.45987864766305175,0.025741362101824917,0.01576209899726367,0.1884955592153876,1.0,0.06778967481663555,0,ok,0.0,0.008503592654945649,FLAT,0.0,-1,1.3836062101564626,0.015167844455806451,0.9230345463450488,UNLOADING,0.0229826087957818,0.055983882861446,0.0997868417825509,-2.500000000000002,0.0019821523390092244,0.6280831094864153,0,staged_v3,0.3244330083793482,2,0.9353983245651707,0.32559670612973574,2,1,0,0
v3_pelvis_proxy:v3_left_hand_proxy,39,0.1656974943940481,0.1964304678018447,0.4775862988003107,0.07130723078662864,0.5395704198376547,FLAT,0.0,-1,0.03426462376033396,0.005428842657656458,0.023562467765550335,SUPPORT,0.4584674122826158,0.020749280730621062,0.018141776794668094,0.09002289646597177,0.4775862988003107,0.061589775626291074,0,ok,0.0,0.006622604618591918,AIR,0.0,-1,1.3280895518088254,0.015010737653297797,0.8905060145101593,UNLOADING,0.01980296973552912,0.05451456307221017,0.11091613640747311,-2.500000000000002,0.0009821523390092235,0.6290652618254245,0,staged_v3,0.2501691601929047,2,0.9275873113102834,0.25094257805946496,2,0,0,0
v3_pelvis_proxy:v3_left_hand_proxy,40,0.041050044589473464,0.0035695321981554784,0.35867985078189546,0.07168393852396356,0.5374600293603315,FLAT,0.0,-1,0.03869921988016974,0.006145825712096043,0.02539843668001525,SUPPORT,0.45725778195652783,0.02012409612190472,0.018214380137794865,0.06760955905242516,0.35867985078189546,0.05990355652372434,0,ok,0.0,0.005157689662931689,AIR,0.0,-1,1.2109671602625385,0.014541660194222952,0.820700291313866,UNLOADING,0.017106084381033122,0.051493354371470346,0.11894106610664515,-2.500000000000002,-1.7847660990777392e-05,0.6290474141644338,0,staged_v3,0.09723131926602215,2,0.926369774051461,0.09716380722023162,2,0,0,0
v3_pelvis_proxy:v3_left_hand_proxy,41,0.14928739120753373,0.20356953219815566,0.3053327715385394,0.07277485100375546,0.5368427669145303,FLAT,0.0,-1,0.03785800787322326,0.0052384199954611495,0.02815827913850094,SUPPORT,0.45622095596273815,0.0211694939614639,0.01733849532810433,0.05755387151794117,0.3053327715385394,0.06109589098005122,0,ok,0.0,0.004016812748330489,AIR,0.0,-1,1.122819374287101,0.014598261226663588,0.7419404581547866,UNLOADING,0.014810440449101559,0.04749876168107574,0.12629755386880692,-2.500000000000002,-0.0010178476609907783,0.628029566503443,0,staged_v3,0.09006308767569247,2,0.9278897286437781,0.09164970044768174,2,1,0,0
v3_pelvis_proxy:v3_left_hand_proxy,42,0.0358081860846766,0.40356953219815583,0.2915233358955361,0.07312218235622321,0.5349376862881112,FLAT,0.0,-1,0.03666718734046751,0.0054756608056900575,0.03159720788388805,SUPPORT,0.45533224796806127,0.021104199588504347,0.016605515431464796,0.054950854223964354,0.2915233358955361,0.06125624268146815,0,ok,0.0,0.003128296913850987,AIR,0.0,-1,1.001896199619152,0.01374333599129762,0.6702021864816974,UNLOADING,0.012842049739547638,0.04476677333278725,0.1306684356177681,-2.500000000000002,-0.002017847660990779,0.6260117188424522,0,staged_v3,0.08994391896121572,2,0.9285351523265476,0.09153672153339791,2,1,0,0
v3_pelvis_proxy:v3_left_hand_proxy,43,0.02899822031875484,0.603569532198156,0.24098446089701764,0.07286755325699931,0.5241433435442933,FLAT,0.0,-1,0.043278144050264325,0.006084391187490931,0.03813122703559683,SUPPORT,0.45457049825833823,0.020822170164288913,0.01562847065032936,0.045424500719002045,0.24098446089701764,0.061070332407111294,0,ok,0.0,0.002436320086187008,AIR,0.0,-1,0.8120297690778717,0.010484141738775904,0.6055037535375544,UNLOADING,0.011144773938066808,0.04479104593810182,0.13215240654380733,-2.500000000000002,-0.00301784766099078,0.6229938711814614,0,staged_v3,0.09029693159430492,2,0.9270534847454158,0.09185253530893961,2,1,0,0
v3_pelvis_proxy:v3_left_hand_proxy,44,0.2861838138083652,0.8035695321981562,0.8378265817542624,0.04480775716821504,0.5137949485030515,FLAT,0.0,-1,0.04711244864539855,0.040276364612971245,0.04665253401042687,SUPPORT,0.45391756993571847,0.0,0.032327135410182964,0.15792659005328635,0.8378265817542624,0.055868354683357366,0,ok,0.0,0.0018974079909350346,AIR,0.0,-1,0.7160006239511877,0.01716464639929208,0.5391008115829604,UNLOADING,0.009677593918788401,0.03479039417985594,0.1401538129359606,-2.500000000000002,-0.004017847660990781,0.6189760235204707,0,staged_v3,0.11565509877475663,2,0.9217336514762952,0.11736919543119265,2,1,0,0
v3_pelvis_proxy:v3_left_hand_proxy,45,0.45877522216723227,0.8017847660990896,0.7565545332771914,0.05485848104697404,0.4947580631045342,FLAT,0.0,-1,0.05221030807033768,0.006053019868161311,0.05817751258442132,SUPPORT,0.4533579170877587,0.027494276144332187,0.0004145994848888815,0.14260716982702076,0.7565545332771914,0.06277507765395453,0,ok,0.0,0.001477702829146146,AIR,0.0,-1,0.3972953524586613,0.05268810010183488,0.4925691428915807,UNLOADING,0.008402199360839368,0.0,0.18755381683364994,0.022309576238332962,-0.004008923830495448,0.6149670996899752,1,staged_v3,0.13550484886253436,2,0.9016871894954421,0.12549132394644702,2,1,0,0
v3_pelvis_proxy:v3_left_hand_proxy,46,6.103515625003167e-05,3.67300272197113e-05,6.1035156249993895e-05,0.05485678244373502,0.4846277336595479,FLAT,0.0,-1,0.0517804523929954,0.006053821193067092,0.07357775608303604,SUPPORT,0.4528782146466503,0.028265324075842233,0.000413563728309572,1.150485590914116e-05,6.1035156249993895e-05,0.06277489697743122,0,ok,0.0,0.0011508361204858489,AIR,0.0,-1,0.3025428552178832,0.05268897328107614,0.46013034209654946,UNLOADING,0.007290642523957977,0.0,0.18755345231603637,10.021850450898373,-1.8365013609855652e-07,0.6149669160398391,1,staged_v3,0.18343245920639498,2,0.913951556866983,0.18243858432500873,2,1,1,1
v3_pelvis_proxy:v3_left_hand_proxy,47,0.05987548828125012,0.19996326997278047,0.05987548828124999,0.07272217126880264,0.48014225192901505,FLAT,0.0,-1,0.05098420298618332,0.00814030617001307,0.09227584867769209,SUPPORT,0.45246704112570024,0.02900537251121333,0.000608419922671276,0.011286263646868605,0.05987548828124999,0.06315653308450093,0,ok,0.0,0.0008962720718212367,AIR,0.0,-1,0.11992377542093473,0.05567204863987456,0.4361257775365922,UNLOADING,0.006321319980194533,0.0,0.1893317448365809,2.500000000000002,0.0009998163498639023,0.615966732389703,1,staged_v3,0.18520652580411612,2,0.8939511815832091,0.18651694623018533,2,1,1,1
v3_torso_proxy:v3_left_forearm_proxy,48,0.12170410156250006,0.39996326997278064,0.1217041015625,0.09525123166687015,0.4706109737184153,FLAT,0.0,-1,0.05297329085366115,0.013082004254130211,0.11603706418405502,SUPPORT,0.45211460667917164,0.029917834256275266,0.0008840189529274881,0.022940682682829765,0.1217041015625,0.06417900276396618,0,ok,0.0,0.0006980173913794096,AIR,0.0,-1,0.13058779042280613,0.060927608505746175,0.41759170292122216,UNLOADING,0.005476350143058836,0.0,0.19128911162055848,2.500000000000002,0.0019998163498639032,0.6179665487395669,1,staged_v3,0.1901247231096335,2,0.9066413702242446,0.1901247231096335,2,1,1,1
v3_torso_proxy:v3_left_forearm_proxy,49,1.0000000000000002,0.5999632699727808,1.0,0.07002517443564106,0.4682996536796904,FLAT,0.0,-1,0.053314276879016985,0.01957142212334776,0.16799185214253134,SUPPORT,0.45181252001071853,0.02731750441129097,0.0060820881958356015,0.1884955592153876,1.0,0.06072850386659026,0,ok,0.0,0.0005436164910037434,AIR,0.0,-1,0.12474843767285944,0.0934670318679712,0.4026528037412465,UNLOADING,0.004740404092156304,0.0,0.18458385963601376,2.500000000000002,0.002999816349863904,0.6209663650894308,0,staged_v3,0.18533662921373278,2,0.9215361587858149,0.17498176524953157,2,0,0,0
v3_torso_proxy:v3_left_forearm_proxy,50,0.9874271506543587,0.39996326997278064,0.796133534915368,0.0900531266426457,0.4561367227766837,FLAT,0.0,-1,0.06392324943508013,0.019889344173041636,0.24522477820703947,SUPPORT,0.4515535885806159,0.018906583770833763,0.018354655139518214,0.1500676358739956,0.796133534915368,0.060727424780874256,0,ok,0.0,0.0004233689488842447,AIR,0.0,-1,0.4575378758531961,0.014515677304316642,0.3850205452338672,UNLOADING,0.004100398251183938,0.029735349957376717,0.10377320709594826,-2.500000000000002,0.0019998163498639032,0.6229661814392947,0,staged_v3,0.2510769706081338,2,0.9374921499386121,0.2510769706081338,2,1,0,0
v3_torso_proxy:v3_left_forearm_proxy,51,0.2650725643474804,0.19996326997278047,0.24064912342230238,0.08742712509162533,0.4556269346768323,FLAT,0.0,-1,0.06237069797418147,0.03355322905752736,0.35489212355425426,UNLOADING,0.38704593306909935,0.012974541484467271,0.02977006469324544,0.04536129109417972,0.24064912342230238,0.060727454922058846,0,ok,0.0,0.00032972006891916734,AIR,0.0,-1,0.3874210332671789,0.00344423221096581,0.3602974475885361,UNLOADING,0.0035447588966817864,0.03957064016846099,0.08857163155192066,-2.500000000000002,0.0009998163498639023,0.6239659977891586,1,staged_v3,0.1914345905071327,2,0.9451166206624654,0.1914345905071327,2,1,0,0
v3_torso_proxy:v3_left_forearm_proxy,52,0.02293953059923466,3.67300272197113e-05,0.3014221915537886,0.084812882557598,0.4627019859484267,FLAT,0.0,-1,0.05553016713892921,0.042192727739443506,0.4723349276661189,UNLOADING,0.3317536569163709,0.01236777216667051,0.036248974216635435,0.05681674455685906,0.3014221915537886,0.0628709491549387,0,ok,0.0,0.0002567862478686051,AIR,0.0,-1,0.2915021045334101,0.008595395546894573,0.3033504310840574,UNLOADED,0.003063920486995989,0.0315721260073083,0.0808409449868779,-2.500000000000002,-1.8365013609855652e-07,0.6239658141390225,0,staged_v3,0.09292712276758376,2,0.945157054309853,0.09395655122621167,2,1,0,0
v3_torso_proxy:v3_left_forearm_proxy,53,0.15810723413756833,0.2000367300272199,0.31983497254854854,0.08381560591533861,0.48708981668582063,FLAT,0.0,-1,0.05168546406967284,0.04979097883660731,0.5852958555676362,UNLOADING,0.28436027735688935,0.011888047106560079,0.04237674567182173,0.060287472007176796,0.31983497254854854,0.07040614274531114,0,ok,0.0,0.0001999853309220375,FLAT,0.0,-1,0.21672326601814326,0.012895430458371847,0.2537728480993728,UNLOADED,0.002647536772270256,0.024793211946596797,0.07587239731530253,-2.500000000000002,-0.0010001836501360994,0.6229656304888864,0,staged_v3,0.09536129556295486,2,0.9333505784359466,0.09583274022020626,2,0,0,0
v3_torso_proxy:v3_right_forearm_proxy,54,0.022684466305620765,0.40003673002722007,0.19545858984638648,0.08338406955810729,0.46544408178887303,FLAT,0.0,-1,0.054907332594978424,0.055397944238394434,0.69391394557634,UNLOADING,0.24373738059161945,0.013348150839365483,0.04634754643945152,0.0368430761965457,0.19545858984638648,0.0703369885963686,0,ok,0.0,0.00015574873232487686,FLAT,0.0,-1,0.17348070079028563,0.004407277897458768,0.20854772943880123,UNLOADED,0.002286926903065298,0.031020108574481293,0.06259647121425896,-2.500000000000002,-0.0020001836501361003,0.6209654468387503,0,staged_v3,0.09160017719107261,2,0.9268134791045332,0.09265235093568185,2,1,0,0
v3_pelvis_proxy:v3_right_hand_proxy,55,1.0000000000000002,0.6000367300272202,1.0000000000000002,0.07683883045338942,0.453519163129931,FLAT,0.0,-1,0.05768661967284769,0.04239345299999461,0.7806797582754548,UNLOADING,0.20891775479281668,0.03597538483358699,0.02805860308018575,0.18849555921538763,1.0000000000000002,0.05736186836780506,0,ok,0.0,0.005546428632088573,FLAT,0.0,-1,0.13193749660232945,0.06471317539208643,0.16882400293999772,UNLOADED,0.0027515531921319114,0.0,0.0801920718257303,-2.500000000000002,-0.0030001836501361012,0.6179652631886142,0,staged_v3,0.15945706821128192,2,0.9202026793075693,0.1507998706581537,2,0,0,0
v3_torso_proxy:v3_left_forearm_proxy,56,0.5230280411949283,0.8000367300272204,0.9941406250000001,0.08674415821227567,0.38780470592307953,FLAT,0.0,-1,0.08034371304703984,0.05746706708414622,0.8428501797617514,UNLOADING,0.17989302133897248,0.02670013667323491,0.04044237231485266,0.18739109304810997,0.9941406250000001,0.06572336405347336,0,ok,0.0,0.0225212788881812,FLAT,0.0,-1,0.11558668544666018,0.0034966798814065935,0.13608612326871788,LOADING,0.00609253162435253,0.0283076262820293,0.0508441756930296,-2.500000000000002,-0.004000183650136102,0.6139650795384781,1,staged_v3,0.2807113256892922,2,0.9192818232658461,0.2822680880588657,2,1,0,0
v3_torso_proxy:v3_left_forearm_proxy,57,0.0,0.0,0.0,0.08674415821227567,0.30202260865167024,FLAT,0.0,-1,0.16057631004105388,0.05746706708414631,0.8873972333482523,UNLOADING,0.15419401829054785,0.028927489352559857,0.04044237231485276,0.0,0.0,0.06572336405347322,0,ok,0.0,0.06552538040377538,FLAT,0.0,-1,0.09258909080365846,0.0034966798814068294,0.11262840744244873,LOADING,0.01650309753184953,0.027134740490715608,0.05084417569302981,10.000459125340255,0.0,0.6139650795384781,1,staged_v3,0.24331075803677907,2,0.9149350970306677,0.24331075803677907,2,1,1,1
v3_torso_proxy:v3_left_forearm_proxy,58,1.0000000000000002,0.20000000000000018,0.5852203061851464,0.05668929119714282,0.23521544412318926,FLAT,0.0,-1,0.3742590463283503,0.07539697704660403,0.9193165920367886,UNLOADING,0.13216630139189817,0.04697739800183992,0.023988431599999516,0.11031142887856954,0.5852203061851464,0.0657233535102306,0,ok,0.0,0.10630762568437535,FLAT,0.0,-1,0.08968892259295033,0.029262828347654833,0.09596061469993403,LOADING,0.032423734140762064,0.0005352023873418689,0.07137600754804253,2.500000000000002,0.0010000000000000009,0.6149650795384781,0,staged_v3,0.09778587701286812,2,0.9161959737480582,0.09778587701286812,2,1,1,1
v3_pelvis_proxy:v3_right_hand_proxy,59,0.25943905238878556,0.0,0.9999999999999999,0.05275397977796233,0.18318597207362808,FLAT,0.0,-1,0.4627753439607987,0.13130429187778797,0.9421878119505604,UNLOADING,0.11370375230195379,0.04115716667229551,0.03095222392523251,0.18849555921538758,0.9999999999999999,0.014013640503050581,0,ok,0.0,0.14497257803742492,FLAT,0.0,-1,0.08776437312372116,0.05919283919342955,0.08463071104823514,LOADING,0.05247967644773403,0.0,0.08338768204156796,-2.500000000000002,0.0,0.6149650795384781,0,staged_v3,0.20154138152250972,2,0.872757313145418,0.16959083201186154,2,0,0,0
v3_pelvis_proxy:v3_right_hand_proxy,60,0.6615540649652505,0.20000000000000018,1.0000000000000002,0.10767725620720099,0.14266537849863806,FLAT,0.0,-1,0.8355187965439825,0.1265996968571893,0.9585757571297967,UNLOADING,0.0977377049044767,0.04599623770671127,0.02693255014977858,0.18849555921538763,1.0000000000000002,0.028584092427235502,0,ok,0.0,0.16959562489658017,FLAT,0.0,-1,0.09673554835084722,0.008027622021366698,0.07676036458045112,LOADING,0.07329922173784108,0.02081039620765586,0.04699968617224845,-2.500000000000002,-0.0010000000000000009,0.6139650795384781,0,staged_v3,0.32016653753397295,2,0.8990542526004278,0.32016653753397295,2,1,0,0
v3_pelvis_proxy:v3_right_hand_proxy,61,0.24982992578450783,0.40000000000000036,0.9999905992144924,0.12042710644568373,0.11110790849191769,FLAT,0.0,1,0.9578499147631307,0.18899644494669154,0.922731219551645,UNLOADING,0.0837751756324086,0.023615203433390762,0.04752135754419149,0.1884937872090663,0.9999905992144924,0.016227455140237018,0,ok,0.0,0.18883902481788134,FLAT,0.0,-1,0.09837420151968188,0.0424937358253275,0.07096925206217272,LOADING,0.09372682948355411,0.0,0.07716996528027527,-2.500000000000002,-0.0020000000000000018,0.6119650795384781,0,staged_v3,0.35784621154506807,2,1.0174032332881622,0.34653780374386195,2,0,0,0
v3_pelvis_proxy:v3_right_hand_proxy,62,0.8248291015625,0.20000000000000018,0.8248291015625004,0.04686648976177301,0.0865309261389315,FLAT,0.0,1,1.292499244076527,0.20041877882498604,0.8385542614565568,UNLOADING,0.07180729339920738,0.004406670228161005,0.06252104284466684,0.15547662275614926,0.8248291015625004,0.027414153974590932,0,ok,0.0,0.19325637769714296,FLAT,0.0,-1,0.1066674362971824,0.003458804603978437,0.06607734028854245,LOADING,0.11107876563986685,0.024845062410448687,0.016382228892190077,2.500000000000002,-0.0010000000000000009,0.6109650795384781,1,staged_v3,0.3315949799741184,2,1.0084970855749893,0.3331940499503893,2,1,1,1
v3_pelvis_proxy:v3_right_hand_proxy,63,0.0,0.0,0.0,0.029155773738067783,0.06739035303689375,AIR,0.0,1,1.5224468592887686,0.20041877882498604,0.7365103996026748,UNLOADING,0.06260276166024087,0.0,0.06252104284466684,0.0,0.0,0.027414153974590932,0,ok,0.0,0.1998122979863607,FLAT,0.0,-1,0.10293850771566637,0.003458804603978437,0.061265829036134076,LOADING,0.12637713889161573,0.02460448684782827,0.016382228892190077,2.500000000000002,0.0,0.6109650795384781,1,staged_v3,0.20552065803920094,2,1.0100934879678283,0.20552065803920094,2,1,1,1
v3_pelvis_proxy:v3_right_hand_proxy,64,0.049316406249999944,0.20000000000000018,0.040863552404666104,0.0386807562363853,0.05248365971659128,AIR,0.0,1,1.6285711251794688,0.19854202625932446,0.6451697903551028,UNLOADING,0.05555305774296447,0.0,0.061828031285810894,0.007702598162044834,0.040863552404666104,0.027585413202749473,0,ok,0.0,0.20678678142405998,FLAT,0.0,-1,0.09818408761614551,0.0033362115055307487,0.057818230572605364,LOADING,0.14006785823655593,0.02455470002309952,0.017279558274563997,2.500000000000002,0.0010000000000000009,0.6119650795384781,1,staged_v3,0.11626214139416759,2,1.0169652262743394,0.11626214139416759,2,1,1,1
v3_pelvis_proxy:v3_right_hand_proxy,65,0.9999999999999996,0.40000000000000036,0.877773932060646,0.19121186330369588,0.04087431528573444,AIR,0.0,1,1.7873597690118999,0.13249356866189207,0.5614983967249324,UNLOADING,0.04902427219245563,0.03747431890531282,0.015600600930933812,0.16545648818846112,0.877773932060646,0.030036702830486206,0,ok,0.0,0.21646890202707567,FLAT,0.0,-1,0.09820728933505599,0.02885708802668665,0.054491062599362323,LOADING,0.15298894289642537,0.0,0.04228560718033791,2.500000000000002,0.0020000000000000018,0.6139650795384781,0,staged_v3,0.12790775497987159,2,1.0263386784675401,0.12790775497987159,2,1,1,1
v3_pelvis_proxy:v3_right_hand_proxy,66,1.0000000000000002,0.20000000000000018,0.8158191610676852,0.24896554470318194,0.031832948752037474,AIR,0.0,-1,1.8621117828910432,0.12829484071620595,0.501545223389571,UNLOADING,0.04202080473639054,0.021223947320107205,0.02885331384937135,0.1537782889840817,0.8158191610676852,0.0692616921132051,0,ok,0.0,0.23014097260173189,FLAT,0.0,-1,0.09216178406551068,0.014116316067256864,0.051201992052473715,LOADING,0.16606261358746618,0.013443783535366825,0.039432409495067766,-2.500000000000002,0.0010000000000000009,0.6149650795384781,0,staged_v3,0.1402029135212995,2,0.9179652562714677,0.12867520880318672,2,0,0,0
v3_pelvis_proxy:v3_right_hand_proxy,67,0.6538696289062498,0.40000000000000036,0.28826186316891833,0.26726025155667654,0.024791525415558686,AIR,0.0,-1,2.0251779767584774,0.14969268626850366,0.4585868975265269,UNLOADING,0.03601783263119189,0.0,0.056822636217155456,0.054336081098494804,0.28826186316891833,0.06716320333447973,0,ok,0.0,0.24841372165294573,FLAT,0.0,-1,0.08577624271804399,0.0002846338139145645,0.04767544384724362,LOADING,0.18016418831305211,0.02709913837844762,0.028604050765181212,2.500000000000002,0.0020000000000000018,0.6169650795384781,1,staged_v3,0.13446659504638372,2,0.903718081835046,0.13603995167362543,2,1,1,1
v3_pelvis_proxy:v3_right_hand_proxy,68,0.507753243494166,0.20000000000000018,0.3011502323706883,0.33819993313292,0.019307659407171742,AIR,0.0,-1,2.149902717724495,0.11100479784601136,0.4278059119958241,UNLOADING,0.03087242796959305,0.009385722234502639,0.03700457336528857,0.05676548145855681,0.3011502323706883,0.07558978422050787,0,ok,0.0,0.270566625647516,FLAT,0.0,-1,0.07752258918003753,0.00569368744229826,0.04477187829592119,SUPPORT,0.23413135065044172,0.0215449064724978,0.033134498302676514,-2.500000000000002,0.0010000000000000009,0.6179650795384781,0,staged_v3,0.11056955617515916,2,0.9039574329465826,0.11152796214383211,2,1,0,0
v3_torso_proxy:v3_left_forearm_proxy,69,0.2531198238638326,0.0,0.4996786514526087,0.0,0.015036820265581329,AIR,0.0,-1,2.2267141727718185,0.0971383198170556,0.423973359270156,UNLOADING,0.02646208111679404,0.008835278540293777,0.03736338942321402,0.09418720683355022,0.4996786514526087,0.07069555173949853,0,ok,0.0,0.2926441828638717,FLAT,0.0,-1,0.07419606562272567,0.014557863076478317,0.04282402109077468,SUPPORT,0.2773050805203534,0.012583337978060417,0.040763085953698375,-2.500000000000002,0.0,0.6179650795384781,0,staged_v3,0.13138558604263786,2,0.9238068453340932,0.10547930720435303,2,0,0,0
v3_torso_proxy:v3_left_forearm_proxy,70,0.9999999999999999,0.20000000000000018,0.6568332720518751,0.0,0.01171068739773871,AIR,0.0,-1,2.3374089682454993,0.05116605978877305,0.4394502024201892,UNLOADING,0.023619558593012447,0.02919360489207917,0.017778905228930292,0.12381015492669104,0.6568332720518751,0.06829216037921497,0,ok,0.0,0.30884673582486233,FLAT,0.0,-1,0.07045902524985644,0.03922107079601779,0.04142832041476046,SUPPORT,0.3118440644162827,0.0,0.03285629693365167,2.500000000000002,0.0010000000000000009,0.6189650795384781,0,staged_v3,0.11972885574877898,2,0.9298269066897548,0.11904649995479308,2,1,1,1
v3_torso_proxy:v3_left_forearm_proxy,71,0.7988444547020167,0.0,0.3300772472551796,0.0,0.009120292515663339,AIR,0.0,-1,2.3763162108589095,0.0642991216843243,0.48729509557153705,UNLOADING,0.02091333860866821,0.01158914075849566,0.03777561402008119,0.06221809530564085,0.3300772472551796,0.06829139515361389,0,ok,0.0,0.3209682224942408,FLAT,0.0,-1,0.07223428385226509,0.014210644470392362,0.04042825718020726,SUPPORT,0.33947525153302616,0.012810768388618003,0.03126143822759957,-2.500000000000002,0.0,0.6189650795384781,0,staged_v3,0.13940162201246845,2,0.9281405919858063,0.13940162201246845,2,1,0,0
v3_torso_proxy:v3_left_forearm_proxy,72,0.9999999999999999,0.20000000000000018,0.5343070179738205,0.0,0.007102890953038881,AIR,0.0,-1,2.4260780508376176,0.09637245431650424,0.5663932336905452,UNLOADING,0.018365699032800734,0.0,0.07408250731113712,0.10071450014568145,0.5343070179738205,0.06590131747422362,0,ok,0.0892660344071372,0.32507632417894045,FLAT,0.0,-1,0.07486491757059281,0.0038025593956065454,0.0397116805600962,SUPPORT,0.3615802012264209,0.023183024632398266,0.017348362699128164,2.500000000000002,0.0010000000000000009,0.6199650795384781,0,staged_v3,0.12327043454322274,2,0.9462644931006488,0.11990575032187221,2,0,1,1
v3_torso_proxy:v3_left_forearm_proxy,73,0.7453002929687499,0.0,0.7452939615904535,0.0,0.005531737036297478,AIR,0.0,-1,2.4198075016412393,0.04029812908767331,0.6622102942101145,UNLOADING,0.016008965431828906,0.027905358416964912,0.030205156293540814,0.14048460206984414,0.7452939615904535,0.06283800294947976,0,ok,0.10029364462104529,0.3383420855483448,FLAT,0.0,-1,0.06951823722754773,0.024517647673990686,0.039963093165138845,SUPPORT,0.37926416098113674,0.02534277376335475,0.0016553808949021963,-2.500000000000002,0.0,0.6199650795384781,1,staged_v3,0.3240019313760599,2,0.9373754240757657,0.15098932658914013,2,0,1,1
v3_torso_proxy:v3_left_forearm_proxy,74,1.0000000000000002,0.20000000000000018,0.5936989313782547,0.0,0.004308121135613569,FLAT,0.0,-1,2.416564767839557,0.08491900081885215,0.7579630994120385,UNLOADING,0.01387093098257069,0.0,0.11340437406340922,0.11190961207572214,0.5936989313782547,0.060125384483657895,0,ok,0.16112020570133656,0.35072096717015067,FLAT,0.0,-1,0.07237761445456274,0.035551924020339694,0.04250719867541282,SUPPORT,0.3934113287849094,0.0,0.03096300917391779,2.500000000000002,0.0010000000000000009,0.6209650795384781,0,staged_v3,0.14742210277105747,2,0.9528577806297467,0.13184777262790098,2,1,1,1
v3_torso_proxy:v3_left_forearm_proxy,75,1.0,0.0,0.29682528304071926,0.0,0.0033551681139823175,FLAT,0.0,-1,2.3485233336790077,0.017480919255775582,0.8265729824144901,UNLOADING,0.0119724946707043,0.048847729864948924,0.06355480137701572,0.05595024771602608,0.29682528304071926,0.05902128247819048,0,ok,0.014217494632044546,0.35426499607562884,FLAT,0.0,-1,0.06317187911532615,0.010274310586530968,0.04743429121497739,SUPPORT,0.40472906302792755,0.0170974039742179,0.022075128138986475,-2.500000000000002,0.0,0.6209650795384781,0,staged_v3,0.11488983267408248,2,0.9527855474188636,0.11453351670332211,2,0,0,0
v3_torso_proxy:v3_left_forearm_proxy,76,0.6686401367187499,0.20000000000000018,0.2708578734442926,0.0,0.0026130075545056372,FLAT,0.0,-1,2.288806465450553,0.04221247525527124,0.8755124432823511,UNLOADING,0.010308607850052994,0.02656314690884632,0.09282460139988856,0.051055506322772615,0.2708578734442926,0.059021021912324334,0,ok,0.039392934309394896,0.34913026505429107,FLAT,0.0,-1,0.075800741734792,0.0014588193540633872,0.05377703232769066,SUPPORT,0.41378325042234204,0.026230032262321148,0.015493056604890207,2.500000000000002,0.0010000000000000009,0.6219650795384781,1,staged_v3,0.09963299516097562,2,0.9607313164032476,0.09963299516097562,2,1,1,1
v3_torso_proxy:v3_left_forearm_proxy,77,0.27945293439812285,0.0,0.14695545660287704,0.0,0.002035012329620487,FLAT,0.0,-1,2.1757266183228046,0.02629314004847811,0.873222871675879,UNLOADING,0.008872805731367348,0.04236800353531584,0.08952173521146985,0.027700450972111934,0.14695545660287704,0.059021024976978906,0,ok,0.024960951356933252,0.3481977305820406,FLAT,0.0,-1,0.07125503880931955,0.0004158368745842767,0.0605783153325045,SUPPORT,0.42102660033787365,0.02761307889204095,0.01605589074900803,-2.500000000000002,0.0,0.6219650795384781,1,staged_v3,0.1010458696993052,2,0.9628775088997233,0.1010458696993052,2,1,0,0
v3_torso_proxy:v3_left_forearm_proxy,78,1.0000000000000002,0.20000000000000018,0.6044958924332866,0.0,0.001584869195868399,AIR,0.0,-1,2.0106632189699782,0.0932463139806971,0.8194579041901051,UNLOADING,0.007646138570630102,0.0,0.18538689322962315,0.11394479128761714,0.6044958924332866,0.060095545302881914,0,ok,0.12387279771632244,0.35917370253778924,FLAT,0.0,-1,0.06349448774525754,0.021739924258987926,0.0689657039051512,SUPPORT,0.4268212802702989,0.006708360936269635,0.03477330664101954,2.500000000000002,0.0010000000000000009,0.6229650795384781,0,staged_v3,0.09797159717207633,2,0.9723468858929346,0.09483668703923871,2,1,1,1
v3_torso_proxy:v3_left_forearm_proxy,79,0.9999999999999999,0.0,0.3988333097691822,0.0,0.0012342973708080569,AIR,0.0,-1,1.888760342606545,0.01926596632416813,0.7410502488807582,UNLOADING,0.006599493202965498,0.04278654611986979,0.12406920656556666,0.07517830775866591,0.3988333097691822,0.06494514217749024,0,ok,0.014010909283207274,0.37718485965220266,FLAT,0.0,-1,0.06094093928071764,0.014503455340320388,0.07757880395043984,SUPPORT,0.43145702421623916,0.014375484857201606,0.02151782248730906,-2.500000000000002,0.0,0.6229650795384781,0,staged_v3,0.1094080443620577,2,0.9736224404293653,0.11035544996059435,2,0,0,0
v3_torso_proxy:v3_left_forearm_proxy,80,0.1821245529345429,0.20000000000000018,0.312820563769684,0.0,0.0009612717589282909,AIR,0.0,-1,1.612632879885093,0.012118952172251594,0.6666457216855346,UNLOADING,0.005702486181607801,0.046213333912025145,0.12476597525897141,0.0589652871018394,0.312820563769684,0.0666304094440456,0,ok,0.041679851147362224,0.3957586225538528,FLAT,0.0,-1,0.04999236967334025,0.004137285771986733,0.09080407296425694,SUPPORT,0.4351656193729913,0.025402917876226117,0.018714661892649163,-2.500000000000002,-0.0010000000000000009,0.6219650795384781,0,staged_v3,0.09971358769884708,2,0.9756351578512562,0.1007293665904248,2,1,0,0
v3_torso_proxy:v3_left_forearm_proxy,81,0.11649211234403764,0.31276855468749254,0.32863862585958525,0.0,0.0007486391985977797,AIR,0.0,-1,1.453969460155717,0.005310696240878772,0.608874602466599,UNLOADING,0.004929675556258208,0.05013303388245118,0.12324978821484933,0.061946921561179064,0.32863862585958525,0.06736801436369265,0,ok,0.024704462625921277,0.4174753122752344,FLAT,0.0,-1,0.04667113999631975,0.018018430305379456,0.1073854715201149,SUPPORT,0.43813249549839306,0.012350843270626289,0.023167090291054685,-1.4096069335936545,-0.0015638427734374627,0.6204012367650407,1,staged_v3,0.09546964437918178,2,0.9790573700635238,0.09732488894801955,2,0,0,0
v3_torso_proxy:v3_left_forearm_proxy,82,0.17830483572502892,0.4972452878951872,0.3054865447649974,0.0,0.0005830407941058998,AIR,0.0,-1,1.2224619396017793,0.012026467544613551,0.562662952581434,UNLOADING,0.0042618626681383,0.041106680084458155,0.13482162376818463,0.057582857088254724,0.3054865447649974,0.06816791641155892,0,ok,0.040653257728964685,0.44016178355067714,FLAT,0.0,-1,0.03805315120059644,0.0022291555525945994,0.12474803257878411,SUPPORT,0.44050599639871446,0.02900824607634461,0.015811824734263187,-2.305959165096183,-0.002486226439475936,0.6179150103255647,1,staged_v3,0.09430492203811557,2,0.9753455467736636,0.096070431677298,2,1,0,0
v3_torso_proxy:v3_left_forearm_proxy,83,0.3631115533272571,0.6972452878951874,0.9999936788098609,0.0,0.0004540726270122485,AIR,0.0,-1,0.9327030932301956,0.06508080176824879,0.5364800346454821,UNLOADING,0.0036830925338815646,0.0,0.17661957762440422,0.18849436769911743,0.9999936788098609,0.05738017411415591,0,ok,0.07292865580729556,0.4605205500946689,FLAT,0.0,-1,0.04380405981666411,0.075543654007023,0.1668337782693313,SUPPORT,0.44240479711897157,0.0055697950468520975,0.02777189386661447,-2.500000000000002,-0.003486226439475937,0.6144287838860888,0,staged_v3,0.18024265074235657,2,0.9899230809114141,0.16743209297850012,2,0,0,0
v3_torso_proxy:v3_right_forearm_proxy,84,0.9999999999999999,0.4972452878951872,1.0000000000000002,0.0,0.0003536321174884291,AIR,0.0,-1,0.7953370747499833,0.10755221145552835,0.5214057429794863,UNLOADING,0.003181114500545336,0.0,0.2649946107454141,0.18849555921538763,1.0000000000000002,0.06209327244296238,0,ok,0.05706179807011488,0.4834324671392365,FLAT,0.0,-1,0.04886984309242886,0.036428226214039634,0.2289428463305443,SUPPORT,0.44392383769517724,0.026995491184282034,0.009451651132245182,2.500000000000002,-0.002486226439475936,0.6119425574466129,0,staged_v3,0.25857122744339156,2,1.0045225617511464,0.2580171802963655,2,0,1,1
v3_torso_proxy:v3_right_forearm_proxy,85,0.7201390084838911,0.297245287895187,0.8678240623184399,0.0,0.00027540897001918763,AIR,0.0,-1,0.4510545344209792,0.012250842032554176,0.5072814056440212,UNLOADING,0.002746055160550414,0.038113228249646885,0.13965554101437436,0.1635809819272837,0.8678240623184399,0.062081855237851716,0,ok,0.08437855944923782,0.4883165394086039,FLAT,0.0,-1,0.0431588691492506,0.004332580255031696,0.3012397776205952,SUPPORT,0.4451390701561418,0.03572940862599806,0.01767739550859221,2.500000000000002,-0.001486226439475935,0.6104563310071369,1,staged_v3,0.2713301796851618,2,0.9835976653882147,0.2713301796851618,2,1,1,1
v3_torso_proxy:v3_right_forearm_proxy,86,0.8975228357090071,0.09724528789518683,1.0000000000000002,0.0,0.0002144887215158324,AIR,0.0,-1,0.4827217515248351,0.12132369637854588,0.4928158097232028,UNLOADING,0.002369302321692571,0.0,0.24068317198358602,0.18849555921538763,1.0000000000000002,0.061014922614492414,0,ok,0.1186752801368209,0.5024946912316801,FLAT,0.0,-1,0.04734337077276397,0.05113488946363347,0.39866721415225975,UNLOADING,0.3815477744195501,0.03501441579741611,0.009918944910196879,2.500000000000002,-0.00048622643947593414,0.609970104567661,0,staged_v3,0.2191474427080059,2,1.002235664717047,0.21976567773795327,2,1,1,1
v3_torso_proxy:v3_right_forearm_proxy,87,0.9991968158923056,0.297245287895187,0.9999999999999999,0.0,0.00016704398427651475,AIR,0.0,-1,0.5731787397655274,0.008110808309099746,0.4255343015960881,UNLOADING,0.002044539281321001,0.038165906770704666,0.0898316718739233,0.18849555921538758,0.9999999999999999,0.062094187711899035,0,ok,0.010231644401357246,0.5016039669752216,FLAT,0.0,-1,0.06696359634453747,0.023196953494599108,0.5101612574225189,UNLOADING,0.32704094950247153,0.028605144344350058,0.02190291852677589,-2.500000000000002,-0.001486226439475935,0.608483878128185,0,staged_v3,0.3324417922107243,2,0.9727461769773711,0.3339985264866877,2,1,0,0
v3_pelvis_proxy:v3_left_hand_proxy,88,0.6577650850877647,0.4972452878951872,0.9999774774368418,0.0,0.00013009398576191712,AIR,0.0,-1,0.32436196969502673,0.053969884407013155,0.3614988414818538,UNLOADING,0.0017643286926501763,0.0,0.09853800479065891,0.18849131381225015,0.9999774774368418,0.06646602945633415,0,ok,0.05773259475729214,0.4912602765481826,FLAT,0.0,-1,0.07756658033334429,0.0649659702174233,0.6406410297265444,UNLOADING,0.304506375806014,0.007793153163413939,0.04923889832291328,-2.500000000000002,-0.002486226439475936,0.6059976516887091,0,staged_v3,0.3597279469979425,2,0.9564332353120689,0.32534466153347197,2,0,0,0
v3_pelvis_proxy:v3_left_hand_proxy,89,0.38106375056355873,0.6972452878951874,0.9528722482310051,0.0,0.00010131729798426125,FLAT,0.0,-1,0.2635515435634421,0.007734926999205444,0.291341627536914,LOADING,0.0015225387867704202,0.03183215437764026,0.0649755594760076,0.17961218729112693,0.9528722482310051,0.06288043116202197,0,ok,0.01746950037035511,0.4606522006487265,FLAT,0.0,-1,0.07381171259323753,0.027997373715343568,0.7425080460635134,UNLOADING,0.2654725914668741,0.03412802858783211,0.03185716944943238,-2.500000000000002,-0.003486226439475937,0.6025114252492332,0,staged_v3,0.28258375763135035,2,0.9440944664557595,0.277793197124061,2,0,0,0
v3_pelvis_proxy:v3_left_hand_proxy,90,0.9999999999999999,0.8972452878951875,0.9999899683790782,0.0,7.890599100882153e-05,FLAT,0.0,-1,0.15342279573036519,0.037362180989103745,0.2304557941631075,LOADING,0.0013137077669727398,0.0,0.0703279434260853,0.1884936682993921,0.9999899683790782,0.05360205997059228,0,ok,0.009656435295652679,0.40547086743481764,FLAT,0.0,-1,0.09471470392220623,0.07095872266316512,0.8154989527836835,UNLOADING,0.23700692317350772,0.04685571918944956,0.018919228449734624,-2.500000000000002,-0.004486226439475938,0.5980251988097572,0,staged_v3,0.27473803909931144,2,0.9271572897526323,0.2348961748179454,2,0,0,0
v3_pelvis_proxy:v3_left_hand_proxy,91,0.9999999999999999,0.6972452878951874,0.8314480970557627,0.0,0.00958721370030681,FLAT,0.0,-1,0.12700927926466574,0.05123969419962631,0.17929437352552055,LOADING,0.002624622258789194,0.0,0.0927240483215081,0.15672427401309585,0.8314480970557627,0.03247950409501635,0,ok,0.1593923827958299,0.3381262461907869,FLAT,0.0,-1,0.09268772150490862,0.11485507265147812,0.8677992228358561,UNLOADING,0.2093007899627328,0.0017373781170340746,0.06665258302475872,2.500000000000002,-0.003486226439475937,0.5945389723702813,0,staged_v3,0.20118511382280285,2,0.9123344831594076,0.20118511382280285,2,1,1,1
v3_pelvis_proxy:v3_left_hand_proxy,92,0.6859741210937499,0.4972452878951872,0.5857291438490971,0.0,0.07573252771528102,FLAT,0.0,-1,0.08205251121192599,0.005304997466739535,0.14314720775950984,LOADING,0.015078023374285127,0.02685236292123596,0.061194803119732855,0.11040734251858578,0.5857291438490971,0.05827420976703887,0,ok,0.145456964262459,0.26333298531037946,FLAT,0.0,-1,0.09922703497231516,0.10384438216440742,0.9052740038797025,UNLOADING,0.17940067711091384,0.0,0.07937297918124109,2.500000000000002,-0.002486226439475936,0.5920527459308054,1,staged_v3,0.19173935520361488,2,0.9373549337036937,0.19315435938425574,2,1,1,1
v3_pelvis_proxy:v3_left_hand_proxy,93,0.0,0.0,0.0,0.0,0.12917549124612102,FLAT,0.0,-1,0.08505907532225448,0.005304997466739535,0.11676968859407359,LOADING,0.0348807605712931,0.025533486962964147,0.061194803119732855,0.0,0.0,0.05827420976703887,0,ok,0.145456964262459,0.2050839351682543,FLAT,0.0,-1,0.23596968258230802,0.10384438216440742,0.9321258578545155,UNLOADING,0.15377200895221188,0.0,0.07937297918124109,6.215566098689839,0.0,0.5920527459308054,1,staged_v3,0.1366237888063292,2,0.9494195750996829,0.1366237888063292,2,1,1,1
v3_pelvis_proxy:v3_left_hand_proxy,94,0.048767089843750076,0.20000000000000018,0.02715739377213649,0.0,0.1645598080940217,FLAT,0.0,-1,0.08496311169316054,0.004911485717143935,0.0970656690348452,LOADING,0.05762194850206043,0.02494179773459833,0.060899524973780636,0.005119048125911352,0.02715739377213649,0.059232854346243674,0,ok,0.11172978190216017,0.15971952930440167,AIR,0.0,-1,0.3253940184205109,0.10159082501493591,0.9513660519744244,UNLOADING,0.1318045791018959,0.0,0.07656675892299633,2.500000000000002,0.0010000000000000009,0.5930527459308054,1,staged_v3,0.11726191052894566,2,0.9583293849396513,0.11744293144432609,2,1,1,1
v3_torso_proxy:v3_right_forearm_proxy,95,1.0,0.40000000000000036,1.0000000000000002,0.0,0.18355324610682694,FLAT,0.0,-1,0.094033751790965,0.023755168304983296,0.08270932028770836,LOADING,0.07977189517859411,0.005380297709402123,0.04992904336365344,0.18849555921538763,1.0000000000000002,0.06379635669386183,0,ok,0.0072789141486009935,0.12438969449406422,AIR,0.0,-1,0.7041283935144306,0.11526802558852424,0.9651522534828567,UNLOADING,0.11297535351591079,0.034221041514540855,0.039036571159601983,2.500000000000002,0.0020000000000000018,0.5950527459308054,0,staged_v3,0.14049059271327297,2,0.9550029471711301,0.14006864794419543,2,0,0,0
v3_torso_proxy:v3_right_forearm_proxy,96,0.40680010309931985,0.6000000000000005,0.5550682524531241,0.0,0.19802951673623923,FLAT,0.0,-1,0.09284079500338877,0.002750110294872426,0.07196298132792232,LOADING,0.10057326060706964,0.025848038771523692,0.04330779778535174,0.10462790064885957,0.5550682524531241,0.06685942131324013,0,ok,0.08485035874532204,0.09687479147799002,AIR,0.0,-1,0.759037201467439,0.13745519015841637,0.9315473705399046,UNLOADING,0.09776348513466525,0.03507271644782139,0.03650465207917384,2.500000000000002,0.0030000000000000027,0.5980527459308054,1,staged_v3,0.15190902194971145,2,0.9496303916016531,0.15136920263900147,2,1,1,1
v3_torso_proxy:v3_right_forearm_proxy,97,0.9999999999999999,0.8000000000000007,0.4962794805453832,0.0,0.21741645344189323,FLAT,0.0,-1,0.08959835169950257,0.032806481162479625,0.0638135904529392,LOADING,0.12116707427050005,0.0,0.07141937438068219,0.09354647821252407,0.4962794805453832,0.0668598971867326,0,ok,0.21515046551189193,0.07544616346293768,AIR,0.0,-1,0.993140228258646,0.09909108077529644,0.8413475159607711,UNLOADING,0.08379727297257021,0.06181729439190046,0.005250081406138103,2.500000000000002,0.0040000000000000036,0.6020527459308054,0,staged_v3,0.15071607221350725,2,0.9580976465905346,0.15071607221350725,2,1,1,1
v3_torso_proxy:v3_right_forearm_proxy,98,0.50933837890625,1.0000000000000009,0.12926174115068267,0.0,0.23525665775039872,FLAT,0.0,-1,0.08642831879627848,0.058653562806655235,0.05780781058558397,LOADING,0.14126505650443327,0.0,0.09765447413274111,0.02436526418335261,0.12926174115068267,0.06685989349449852,0,ok,0.2852418202695196,0.05875753118466909,AIR,0.0,-1,1.1714270484844638,0.09360141108344905,0.7385118539133456,UNLOADING,0.07182623397648875,0.05856969754427237,0.0033558951513949125,2.500000000000002,0.0050000000000000044,0.6070527459308054,1,staged_v3,0.15292615345178984,2,0.9697592366614706,0.15292615345178984,2,1,1,1
v3_torso_proxy:v3_right_forearm_proxy,99,1.0,0.8000000000000007,0.44025603191597873,0.0,0.25151945577818635,FLAT,0.0,-1,0.08354314272398475,0.008966915368275066,0.05350448126621024,SUPPORT,0.20301204520354663,0.01870830869503545,0.040970136909432665,0.08298630693394994,0.44025603191597873,0.07182245248120263,0,ok,0.14805607270580273,0.04576041129796278,AIR,0.0,-1,1.2459347044377342,0.1266335755336448,0.6466038950353813,UNLOADING,0.06156534340841893,0.029882195218891898,0.027447999532877167,-2.500000000000002,0.0040000000000000036,0.6110527459308054,0,staged_v3,0.16687740446481805,2,0.9736477373199997,0.15943132553945588,2,0,0,0
v3_pelvis_proxy:v3_left_hand_proxy,100,0.13569857701362897,0.6000000000000005,0.40189517089893556,0.0,0.25874178101503986,FLAT,0.0,-1,0.08525368364583204,0.02062640847772036,0.050091075280974506,SUPPORT,0.2524096361628373,0.0068781452863283694,0.039579582047299666,0.07575545498455863,0.40189517089893556,0.07345970513133476,0,ok,0.14409615549788518,0.03563824415252297,AIR,0.0,-1,1.538532640664185,0.1261838632963584,0.5625259776309923,UNLOADING,0.05277029435007337,0.02189634315320614,0.03122995572834348,-2.500000000000002,0.0030000000000000027,0.6140527459308054,0,staged_v3,0.18413526454985607,2,0.9836469607082277,0.1837090048390497,2,0,0,0
v3_torso_proxy:v3_right_forearm_proxy,101,0.22520300179646344,0.40000000000000036,0.37665914011469154,0.0,0.2686375198355433,FLAT,0.0,-1,0.08292583721692226,0.0048771954928373456,0.04757597745521431,SUPPORT,0.29192770893026987,0.022501603379923373,0.032599218958443366,0.07099857524950581,0.37665914011469154,0.07696027307620323,0,ok,0.16332581174110297,0.02775509245327481,AIR,0.0,-1,1.6192965646468074,0.13095349488500166,0.5022815172829107,UNLOADING,0.04523168087149146,0.008025768060563425,0.042088307803582116,-2.500000000000002,0.0020000000000000018,0.6160527459308054,0,staged_v3,0.2144000519528895,2,0.9907915530746384,0.2140558056986515,2,0,0,0
v3_torso_proxy:v3_right_forearm_proxy,102,0.12379898808698699,0.20000000000000018,0.32528374659711157,0.0,0.27398100680960263,FLAT,0.0,-1,0.08243699619692063,0.017652626287404376,0.04547078336200371,SUPPORT,0.3235421671442159,0.00962091288069581,0.03594293125932797,0.06131454171849898,0.32528374659711157,0.07790006921563505,0,ok,0.2002538723451323,0.02161568773682966,AIR,0.0,-1,1.8064393601569317,0.11815059963632585,0.4591144751548891,UNLOADING,0.03877001217556411,0.009290969089713906,0.03866475466803055,-2.500000000000002,0.0010000000000000009,0.6170527459308054,0,staged_v3,0.2384874337364317,2,0.9985906800849723,0.23772687800200543,2,0,0,0
v3_torso_proxy:v3_right_forearm_proxy,103,0.16120862105508316,0.0,0.39933724164092294,0.0,0.2801337599009802,FLAT,0.0,-1,0.08029885704292256,0.0018948019171176446,0.04366881890585414,SUPPORT,0.34883373371537274,0.025288639028175065,0.027614631881597483,0.07527329667863614,0.39933724164092294,0.07967857933021766,0,ok,0.23487181522881162,0.016834314536069903,AIR,0.0,-1,1.955916795560282,0.11302386149636982,0.42818393788530384,UNLOADING,0.03323143900762638,0.002477614666781286,0.04393158222748391,-2.500000000000002,0.0,0.6170527459308054,1,staged_v3,0.25864652448347647,2,1.0002909177018866,0.25835885365153954,2,0,0,0
v3_torso_proxy:v3_right_forearm_proxy,104,0.10026906409339105,0.20000000000000018,0.2404914025578731,0.01167084078187879,0.2899999363214713,FLAT,0.0,-1,0.07822789129271338,0.004616711280339765,0.04241449370207393,SUPPORT,0.36906698697229817,0.022504013404763934,0.026159899891395288,0.04533156141163919,0.2404914025578731,0.07921624585098293,0,ok,0.0,0.013110577343161574,AIR,0.0,-1,2.0539624413855564,0.09478507597940182,0.4242442266561757,UNLOADING,0.02848409057796547,0.007279088634956438,0.03893312269785235,-2.500000000000002,-0.0010000000000000009,0.6160527459308054,0,staged_v3,0.11756450785721753,2,1.0123734862863787,0.11875253659870298,2,1,0,0
v3_torso_proxy:v3_right_forearm_proxy,105,0.11938519443181929,0.40000000000000036,0.4383509421503554,0.02305477584414046,0.3023760502419807,FLAT,0.0,-1,0.07404502651869534,0.016722347938448564,0.042481746584389704,SUPPORT,0.38525358957783856,0.010401739390770923,0.0335776036280689,0.08262720597322326,0.4383509421503554,0.07836536862856396,0,ok,0.0,0.010210527901372453,AIR,0.0,-1,2.2166197979281796,0.07193314872090624,0.43964428738328554,UNLOADING,0.025232295872308463,0.013765251829558393,0.03321696253960588,-2.500000000000002,-0.0020000000000000018,0.6140527459308054,0,staged_v3,0.1545117524715819,2,1.0011790452432907,0.11886651920857393,2,0,0,0
v3_torso_proxy:v3_right_forearm_proxy,106,0.11043003712297957,0.6000000000000005,0.3468039821952233,0.029792495960512467,0.32100932617351596,FLAT,0.0,-1,0.0701164350993295,0.0020170805833068005,0.042762744338627354,SUPPORT,0.39820287166227086,0.02512105663362457,0.02237847732827054,0.06537101056201194,0.3468039821952233,0.07836523316944681,0,ok,0.0,0.007951967125161295,AIR,0.0,-1,2.2563887484238614,0.05889816446598667,0.4882485321521639,UNLOADING,0.022209029440347118,0.01420910654130586,0.035203320066302335,-2.500000000000002,-0.0030000000000000027,0.6110527459308054,0,staged_v3,0.11347232051447378,2,1.0082376485839755,0.11347232051447378,2,1,0,0
v3_torso_proxy:v3_right_forearm_proxy,107,0.7837682300053505,0.40000000000000036,1.0000000000000002,0.0908641462217585,0.3449572584152061,FLAT,0.0,-1,0.06401787045797483,0.0396782011238537,0.043199191268109866,SUPPORT,0.4085622973298167,0.0033470907492475013,0.023812868814157992,0.18849555921538763,1.0000000000000002,0.08302697371608918,0,ok,0.0,0.006192998224033685,AIR,0.0,-1,2.30454621123777,0.008571465516398934,0.575571872799689,UNLOADING,0.019411808468580597,0.045207128123585516,0.02394076950975801,2.500000000000002,-0.0020000000000000018,0.6090527459308054,0,staged_v3,0.2287625105152717,2,0.9913893338258266,0.16239764633526801,2,0,0,0
v3_torso_proxy:v3_right_forearm_proxy,108,0.4403686523437501,0.20000000000000018,0.4403683024189281,0.05909294798890631,0.36098453657370966,FLAT,0.0,-1,0.06331823849429646,0.031668843006261715,0.043892348402378906,SUPPORT,0.4168498378638534,0.021329422782605294,0.005865194637513654,0.08300746942518678,0.4403683024189281,0.07765722955144139,0,ok,0.0,0.004823111866437253,FLAT,0.0,-1,2.3509527594090223,0.01863635514344548,0.6786425686082149,UNLOADING,0.0168601133788853,0.040295773286965264,0.020652311600980584,2.500000000000002,-0.0010000000000000009,0.6080527459308054,1,staged_v3,0.2906643694968431,2,0.9784748858773394,0.28361047791258875,2,0,1,1
v3_torso_proxy:v3_right_forearm_proxy,109,1.0000000000000002,0.0,0.593846979735815,0.10149541030680043,0.37437654153695343,FLAT,0.0,-1,0.06443649564356571,0.0432296137932352,0.04480845794453247,SUPPORT,0.4234798702910827,0.020803013638520496,0.006437409258706131,0.1119375185336714,0.593846979735815,0.08096060696984879,0,ok,0.0,0.003756243298422318,FLAT,0.0,-1,2.3684508288631436,0.043065146688017274,0.7697373385222177,UNLOADING,0.014575086121766374,0.056396525535882994,0.007090341390227888,2.500000000000002,0.0,0.6080527459308054,0,staged_v3,0.12371682352273297,2,0.9869475003167208,0.1200934471982007,2,1,1,1
v3_torso_proxy:v3_left_forearm_proxy,110,1.0,0.20000000000000018,0.9999999999999999,0.20369777978702142,0.38366452817464863,FLAT,0.0,-1,0.06523382150711465,0.057054394834884656,0.04629969817848173,SUPPORT,0.42878389623286617,0.00907378023833394,0.01824120467059015,0.18849555921538758,0.9999999999999999,0.07967834623843627,0,ok,0.0,0.002925365222218018,FLAT,0.0,-1,2.3724181238535196,0.05019656020299416,0.8350095933951158,UNLOADING,0.012561881989725684,0.016553919466761637,0.07652938334549828,2.500000000000002,0.0010000000000000009,0.6090527459308054,0,staged_v3,0.3337776770962047,2,1.0087646355688322,0.1842404841067904,2,0,1,1
v3_torso_proxy:v3_left_forearm_proxy,111,0.9999999999999999,0.40000000000000036,0.9999999435948105,0.24350290694932733,0.39444165411544774,FLAT,0.0,-1,0.06469164939720894,0.05632153125058398,0.04825032406220778,SUPPORT,0.4330271169862929,0.0,0.05734052375534271,0.18849554858325987,0.9999999435948105,0.07967528200053124,0,ok,0.0,0.002278276725833247,FLAT,0.0,-1,2.3185035241804335,0.12025674001527765,0.841088170205568,UNLOADING,0.010819048151662047,0.0,0.16780032519913404,2.500000000000002,0.0020000000000000018,0.6110527459308054,0,staged_v3,0.2715127412370027,2,1.0119753533470999,0.2715127412370027,2,1,1,1
v3_torso_proxy:v3_left_forearm_proxy,112,0.9959199713191024,0.20000000000000018,0.8373959678053993,0.05892144701753934,0.4045373939260901,FLAT,0.0,-1,0.06208979548268325,0.006514584609663216,0.051415112486570824,SUPPORT,0.4364216935890343,0.021056171014665327,0.010642274639461767,0.15784542123618944,0.8373959678053993,0.08631492926035975,0,ok,0.0,0.0017743236981322891,FLAT,0.0,-1,2.2180531918611988,0.02626790516661534,0.7910064210216984,UNLOADING,0.009326444452844423,0.03828241588446958,0.10075193152829824,-2.500000000000002,0.0010000000000000009,0.6120527459308054,0,staged_v3,0.18314812084070992,2,1.0002973962659587,0.18471049150340269,2,1,0,0
v3_torso_proxy:v3_right_forearm_proxy,113,0.6568660035997397,0.0,0.5085336263619886,0.020958796431934015,0.4130305473855099,FLAT,0.0,-1,0.06087116727920603,0.006356288551806828,0.05669946090391574,SUPPORT,0.43913735487122746,0.021478684493388963,0.01484558341743463,0.09585633028093202,0.5085336263619886,0.0822458705055951,0,ok,0.0,0.0013818446855275778,AIR,0.0,-1,2.0009525485707496,0.0062007500486001114,0.7206638703583317,UNLOADING,0.008049237980469675,0.05483244346931647,0.10236042856814379,-2.500000000000002,0.0,0.6120527459308054,0,staged_v3,0.13024408084012387,2,0.9766977387464925,0.1215324884158233,2,0,0,0
v3_torso_proxy:v3_right_forearm_proxy,114,0.04089930455072789,0.20000000000000018,0.16996610271028265,0.03397463417536837,0.4227471460222977,FLAT,0.0,-1,0.06232409065644146,0.004312123377247686,0.0642200987584465,SUPPORT,0.44130988389698195,0.023898881560674642,0.012382938775717474,0.032037855578034735,0.16996610271028265,0.07992639234416661,0,ok,0.0,0.0010761817231719367,AIR,0.0,-1,1.8360011235898688,0.004082736020495331,0.6548812270320367,UNLOADING,0.006952405485515671,0.053661325331106506,0.10675229412382306,-2.500000000000002,-0.0010000000000000009,0.6110527459308054,1,staged_v3,0.11776112300456863,2,0.9726239709225432,0.11523422193419143,2,0,0,0
v3_torso_proxy:v3_right_forearm_proxy,115,0.05963964403181427,0.40000000000000036,0.3921998586497102,0.03141237531644941,0.41526014363206465,FLAT,0.0,-1,0.0670053143223671,0.0023666514263551925,0.07598869528704703,SUPPORT,0.44304790711758557,0.026432783337997163,0.008343745171837565,0.0739279316803731,0.3921998586497102,0.07513467858676197,0,ok,0.0,0.0008381311687334381,AIR,0.0,-1,1.3866391103908446,0.0035398400227682663,0.6042913056885525,UNLOADING,0.006006584100505037,0.05167472526165936,0.12197496143575956,-2.500000000000002,-0.0020000000000000018,0.6090527459308054,0,staged_v3,0.11231272575173926,2,0.9719052358118418,0.11168246123799594,2,0,0,0
v3_torso_proxy:v3_right_forearm_proxy,116,0.9999999999999999,0.20000000000000018,1.0000000000000002,0.1333842544225355,0.41381751189171634,FLAT,0.0,-1,0.06630912476693135,0.07307267837584855,0.11218886844806134,SUPPORT,0.44443832569406844,0.0,0.04917449607258597,0.18849555921538763,1.0000000000000002,0.07513396882700656,0,ok,0.0,0.0006527372105261534,AIR,0.0,-1,1.1373038369305704,0.0161161419557584,0.5607949458708092,UNLOADING,0.005189455726415928,0.036923605337782064,0.1062987150484461,2.500000000000002,-0.0010000000000000009,0.6080527459308054,0,staged_v3,0.20249953579089033,2,0.9726816814442061,0.20249953579089033,2,1,1,1
v3_torso_proxy:v3_right_forearm_proxy,117,0.8227623144157927,0.40000000000000036,0.43571605421018283,0.03987492758567454,0.414552704443721,FLAT,0.0,-1,0.06226986529582724,0.005097902089506283,0.1747896749550797,SUPPORT,0.4455506605552548,0.028641581658247702,0.00602970062699667,0.08213054129747055,0.43571605421018283,0.0751339845411829,0,ok,0.0,0.0005083522506976127,AIR,0.0,-1,0.7131896471432861,0.017663930500863106,0.5338478976300801,UNLOADING,0.0044819576898432485,0.0340284643806409,0.1349307282876466,-2.500000000000002,-0.0020000000000000018,0.6060527459308054,0,staged_v3,0.16892540621887658,2,0.9756052343910965,0.16892540621887658,2,1,0,0
v3_torso_proxy:v3_right_forearm_proxy,118,0.12872226352959082,0.5299119333300073,0.34813839198516494,0.040243349983637385,0.4132099523259798,FLAT,0.0,-1,0.06358085698657834,0.010760699846462454,0.2642768004865015,SUPPORT,0.44644052844420384,0.02745314017786262,0.014319961280401788,0.06562254088158948,0.34813839198516494,0.07387189027801949,0,ok,0.0,0.0003959051309194119,AIR,0.0,-1,0.4647098789531237,0.0005592169216618705,0.5110253785548272,UNLOADING,0.003869333385797002,0.04999205200607949,0.1166056443934337,-1.6238991666250868,-0.0026495596666500365,0.6034031862641553,1,staged_v3,0.12817220682371888,2,0.9670657243211305,0.1297978050434514,2,1,0,0
v3_torso_proxy:v3_right_forearm_proxy,119,1.0000000000000002,0.3299119333300071,0.1653348759189262,0.10264771353605233,0.41305819507844277,FLAT,0.0,-1,0.07206421892536437,0.005995962575802243,0.37898603527351216,SUPPORT,0.4471524227553631,0.03795333918787337,0.030108486176212014,0.031164889894144718,0.1653348759189262,0.07387166950997465,0,ok,0.0,0.0003083312259820251,AIR,0.0,-1,0.3048277794196041,0.023249227124831517,0.4881481244362573,UNLOADING,0.0033391171758708257,0.02615817909698135,0.14250394115508513,2.500000000000002,-0.0016495596666500356,0.6017536265975053,0,staged_v3,0.10937001272305917,2,0.9637953987892663,0.10937001272305917,2,1,1,1
v3_torso_proxy:v3_right_forearm_proxy,120,0.6354683107705527,0.5299119333300073,0.9999946147309743,0.09361528820947507,0.3950523020652181,FLAT,0.0,-1,0.08045550158507228,0.09697951034226467,0.521411174086544,UNLOADING,0.38327350521888265,0.017972701226889307,0.033097857477437896,0.18849454411609107,0.9999946147309743,0.07102090529709397,0,ok,0.0,0.00024012860024016745,AIR,0.0,-1,0.5750123002014211,0.034039807556367235,0.4608508501198673,UNLOADING,0.002880595455129478,0.01400273494962613,0.10380862026361025,-2.500000000000002,-0.0026495596666500365,0.5991040669308553,0,staged_v3,0.23200787689379868,2,0.9685090448439573,0.18864386319045418,2,0,0,0
v3_torso_proxy:v3_right_forearm_proxy,121,0.3864471776746417,0.7299119333300075,0.6263431244556916,0.01666553251720319,0.3989139735958955,FLAT,0.0,-1,0.08143094367911097,0.0325078923451969,0.6535816533586802,UNLOADING,0.32852014733047086,0.04724094957274462,0.010438133095189393,0.11806289750498872,0.6263431244556916,0.07077014175238541,0,ok,0.0,0.00018701234190488276,AIR,0.0,-1,0.46091380707115837,0.008463711047227908,0.38404709669146264,UNLOADING,0.00248553764653253,0.035738643787345224,0.07558213799443947,-2.500000000000002,-0.0036495596666500374,0.5954545072642052,0,staged_v3,0.2121990523994197,2,0.9658374125414688,0.2141813404367564,2,1,0,0
v3_torso_proxy:v3_right_forearm_proxy,122,0.5594149411204618,0.7299119333300075,0.8441142138715766,0.05049237461836539,0.39022023712942083,FLAT,0.0,-1,0.07173589577958238,0.033026269402637774,0.7517804080742899,UNLOADING,0.2939709437848987,0.05902191844051091,0.003567101963203587,0.15911178078538013,0.8441142138715766,0.06374691789472073,0,ok,0.0,0.00014564535831954,FLAT,0.0,-1,0.3011919874804154,0.06799392868875742,0.305499342510686,LOADING,0.0021449109537583382,0.0,0.11467446988449737,0.0,-0.0036495596666500374,0.5918049475975552,1,staged_v3,0.2456045686278272,2,0.9659927770486104,0.24465367646420186,2,1,0,0
v3_pelvis_proxy:v3_right_hand_proxy,123,0.24153506921448187,0.9299119333300077,0.664257433103539,0.01997864584795736,0.34593934656889996,FLAT,0.0,-1,0.08699832429843062,0.023069523925850335,0.8221428904873798,UNLOADING,0.2551452688987111,0.06187059491099319,0.0042365496133758085,0.12520957631582952,0.664257433103539,0.06178942471701973,0,ok,0.0,0.0001134287191099731,FLAT,0.0,-1,0.18831212930180719,0.018590155613431688,0.23704849486680088,LOADING,0.0018508580477886163,0.018262269129908356,0.058052226271823104,-2.500000000000002,-0.004649559666650038,0.5871553879309052,0,staged_v3,0.23527775468629672,2,0.9603299893296241,0.23527775468629672,2,1,0,0
v3_pelvis_proxy:v3_right_hand_proxy,124,0.1566162109375,0.11431604131622031,0.05541086030120911,0.01632664341927116,0.2699738802887193,FLAT,0.0,-1,0.10470212468063445,0.02151445136396106,0.8725598122260563,UNLOADING,0.22288572553740812,0.06806814812419554,0.0005598424871072769,0.010444701099082132,0.05541086030120911,0.06162968092880616,0,ok,0.0,0.019107218014173095,FLAT,0.0,-1,0.1280469503346143,0.018157328342359797,0.18719920137489532,LOADING,0.004586758850515669,0.01620263172638497,0.057972040671502065,10.194948650172341,-0.0005715802065811015,0.5865838077243241,1,staged_v3,0.14727510276337388,2,0.9591895564958319,0.14727510276337388,2,1,1,1
v3_pelvis_proxy:v3_right_hand_proxy,125,0.10309575252505003,0.08568395868377987,0.3135724199295411,0.010346768916875403,0.21025586937768032,FLAT,0.0,-1,0.16807842391864217,0.03391311583909677,0.9086851152345663,UNLOADING,0.19351029727850835,0.06232947869571788,0.00810477706601044,0.0591070086491412,0.3135724199295411,0.06044161184395597,0,ok,0.0,0.0640683960181749,FLAT,0.0,-1,0.10760331509102752,0.003015679972805577,0.15188051944690012,LOADING,0.014536938030573494,0.029578345999539433,0.04248319918025817,2.500000000000002,0.00042841979341889935,0.587012227517743,1,staged_v3,0.12720963956233797,2,0.9644336355481242,0.12720963956233797,2,1,1,1
v3_torso_proxy:v3_right_forearm_proxy,126,0.12972753340707824,0.08568395868377987,0.933669586713119,0.010403169387069526,0.16374743571669645,FLAT,0.0,-1,0.2818606126778213,0.06322460413978345,0.9345700259441293,UNLOADING,0.16733238022679628,0.049903706631983694,0.02182479466522277,0.17599257086988918,0.933669586713119,0.06222592973119789,0,ok,0.0,0.11114086178935297,FLAT,0.0,-1,0.09854889900137566,0.04761264837047659,0.12649876035983718,LOADING,0.03104588653399396,0.0,0.07321619804036594,0.0,0.00042841979341889935,0.5874406473111619,0,staged_v3,0.15945481382922733,2,0.9674057039889272,0.1561240504607462,2,1,0,0
v3_pelvis_proxy:v3_right_hand_proxy,127,0.17503635804166737,0.2046869053651923,0.7341028440934106,0.02050844003874235,0.12752663116209773,FLAT,0.0,-1,0.5215881217440171,0.07715603294651747,0.9531173749389379,UNLOADING,0.14424568045012726,0.05180621873537093,0.020849650011575977,0.13837512611899394,0.7341028440934106,0.06061795814838353,0,ok,0.0,0.12751316536066953,FLAT,0.0,-1,0.11268165270762824,0.018677990190273056,0.10781382898521105,LOADING,0.04758980577861744,0.011712701258987497,0.04664457993564566,1.4875368335176553,0.0010234345268259615,0.5884640818379878,0,staged_v3,0.16217321237915658,2,0.9714555685827211,0.15639051204295878,2,1,0,0
v3_pelvis_proxy:v3_right_hand_proxy,128,0.1668801527492311,0.4046869053651925,0.5980927974666131,0.04186838141249564,0.09931784021149993,AIR,0.0,-1,0.7764480258530452,0.09814999426984974,0.9664071312218576,UNLOADING,0.12404197491891586,0.055955265654364275,0.017365090906728605,0.1127378363211648,0.5980927974666131,0.060427004178768395,0,ok,0.0,0.14362893702642376,FLAT,0.0,-1,0.11029319559174577,0.004599148714415687,0.0936250935826515,LOADING,0.06410817749412356,0.02508210596471689,0.03664679721950648,2.500000000000002,0.0020234345268259624,0.5904875163648138,0,staged_v3,0.16460219077569732,2,0.9780806071674514,0.14975383827942407,2,0,0,0
v3_pelvis_proxy:v3_right_hand_proxy,129,0.2339700909053235,0.6046869053651927,0.5945538131135492,0.06637397101465356,0.07734881172967681,AIR,0.0,-1,0.8992605497129429,0.1159168216714396,0.9659314966799897,UNLOADING,0.10650841160260213,0.058846970946650146,0.014449603887349342,0.11207075348647949,0.5945538131135492,0.05728776984413296,0,ok,0.0,0.15579197492838978,FLAT,0.0,-1,0.10843525242375833,0.02509791283701021,0.08285817633501946,LOADING,0.07986320919493732,0.004044995979740763,0.049003836013088775,2.500000000000002,0.0030234345268259633,0.5935109508916397,0,staged_v3,0.1567211971000713,2,0.9835253696977175,0.14706301322015075,2,0,0,0
v3_pelvis_proxy:v3_right_hand_proxy,130,0.04918722126794552,0.8046869053651928,0.6167592027866805,0.10689995131206871,0.060239315144714964,AIR,0.0,-1,1.3582045581441997,0.12159662500345135,0.9097822430034073,UNLOADING,0.09142620257095045,0.05035901018531083,0.02013010196485954,0.11625637083051199,0.6167592027866805,0.0617118456975862,0,ok,0.0,0.16657527442197476,FLAT,0.0,-1,0.11128470914777577,0.003472717908507961,0.07413771694834385,LOADING,0.094735720131207,0.025234167938909233,0.03653946812578105,2.500000000000002,0.004023434526825964,0.5975343854184657,1,staged_v3,0.14966319237534936,2,0.9865124372054481,0.1384652243387744,2,0,0,0
v3_pelvis_proxy:v3_right_hand_proxy,131,0.33575439453125,1.0000000000000009,0.07414043335336466,0.09554463251195339,0.04691442580638915,AIR,0.0,-1,1.474982963078359,0.13557355567685234,0.813869352702096,UNLOADING,0.0783653164893861,0.027736764099831307,0.0379567035352735,0.013975142445413646,0.07414043335336466,0.061141230705457725,0,ok,0.0,0.18170904601960144,FLAT,0.0,-1,0.10418956179710473,0.001793340787816026,0.06631792203399751,LOADING,0.10972027203952589,0.026522555313883853,0.03416878106608411,2.4414136829351007,0.0050000000000000044,0.6025343854184657,1,staged_v3,0.1435671272583746,2,0.9861343084610861,0.1435671272583746,2,1,1,1
v3_pelvis_proxy:v3_right_hand_proxy,132,0.5849115810941401,1.0000000000000009,0.4575391731456522,0.14166603108416861,0.0365369915553612,AIR,0.0,-1,1.6970414086656116,0.1159366279532332,0.7188228895814467,UNLOADING,0.06717027127661666,0.041201751375513934,0.019739393103558402,0.08624410230503576,0.4575391731456522,0.0649078424876078,0,ok,0.0,0.20636120966105923,FLAT,0.0,-1,0.09310323882868957,0.0317036196216621,0.0598580167591894,LOADING,0.1265779850145649,0.0,0.04582513245617595,0.0,0.0050000000000000044,0.6075343854184657,0,staged_v3,0.1587364615733203,2,0.982651536209786,0.15345472795724477,2,0,0,0
v3_pelvis_proxy:v3_right_hand_proxy,133,0.1468483003719187,0.8000000000000007,0.5513164686028057,0.18841260701359505,0.02845503763438861,AIR,0.0,-1,1.8470146027997096,0.12256748147733625,0.6324961356188052,UNLOADING,0.0575745182371,0.024080575873894547,0.03254423090704572,0.10392070605393855,0.5513164686028057,0.06951104618818407,0,ok,0.0,0.2340484599428308,FLAT,0.0,-1,0.08705828636393907,0.01230309892105963,0.05514793270060317,LOADING,0.14549062225669668,0.01545429771397053,0.041951625533977695,-2.500000000000002,0.0040000000000000036,0.6115343854184657,0,staged_v3,0.15316934200851837,2,0.9742376278765966,0.14459682976097166,2,0,0,0
v3_torso_proxy:v3_right_forearm_proxy,134,0.06803446607767416,0.6000000000000005,0.36305449496982184,0.23388812618894556,0.022160805591988145,AIR,0.0,-1,1.9175138783847605,0.12485436866782762,0.5524173262869734,UNLOADING,0.04934958706037143,0.012574334482878952,0.04004653183146972,0.0684341600549967,0.36305449496982184,0.07206872754078009,0,ok,0.0,0.2613959736420949,FLAT,0.0,-1,0.07999302803554921,0.0032575893356680584,0.051773009997191664,SUPPORT,0.20639249780535734,0.024331061164191526,0.035888536497458344,-2.500000000000002,0.0030000000000000027,0.6145343854184657,0,staged_v3,0.18354507418744714,2,0.9648891467241474,0.1831875799188797,2,0,0,0
v3_torso_proxy:v3_right_forearm_proxy,135,0.15531861667872116,0.40000000000000036,0.3200917877054936,0.28318653307556896,0.017258852748533535,AIR,0.0,-1,2.101126230981438,0.1186166895616641,0.49503835208724734,UNLOADING,0.04229964605174694,0.008336338924799798,0.041415578679562574,0.06033588052380015,0.3200917877054936,0.07477600744457218,0,ok,0.0,0.2722234703085402,FLAT,0.0,-1,0.08648425706983874,0.010361887871933154,0.04910470475086009,SUPPORT,0.2551139982442859,0.017093347365609853,0.03760322317455671,-2.500000000000002,0.0020000000000000018,0.6165343854184657,0,staged_v3,0.22756507684429067,2,0.9521090904398372,0.2274788974335956,2,0,0,0
v3_torso_proxy:v3_right_forearm_proxy,136,0.07421269853730293,0.20000000000000018,0.31061896753854135,0.3289126083049832,0.013441208035471986,AIR,0.0,-1,2.154452895002439,0.11572346084377161,0.453924520504538,UNLOADING,0.036256839472925954,0.0017199043206367753,0.04597632170459013,0.05855029598908368,0.31061896753854135,0.07689949091150339,0,ok,0.0,0.2873603314411607,FLAT,0.0,-1,0.08382441201799859,0.0018038205068355339,0.048029619119879186,SUPPORT,0.2940911985954287,0.025597660449158427,0.032272707343728876,-2.500000000000002,0.0010000000000000009,0.6175343854184657,1,staged_v3,0.2637640919701553,2,0.9421224313937084,0.26330123289768864,2,0,0,0
v3_torso_proxy:v3_left_forearm_proxy,137,0.5378769833193197,0.40000000000000036,0.5940741748620533,0.369599132443173,0.010468023343451243,AIR,0.0,-1,2.271228482093873,0.09386745223670433,0.4244651728778692,UNLOADING,0.031077290976793674,0.012899260863612066,0.033323997780281396,0.11198034380604269,0.5940741748620533,0.07906297190978587,0,ok,0.0,0.2998694833088542,FLAT,0.0,-1,0.08471991788248742,0.03816803249599823,0.04870204340182453,SUPPORT,0.32527295887634294,0.0,0.03885479728536002,2.500000000000002,0.0020000000000000018,0.6195343854184657,0,staged_v3,0.29300909799506325,2,0.9346854295485265,0.28765176371447804,2,0,0,0
v3_torso_proxy:v3_left_forearm_proxy,138,0.3092773025071399,0.20000000000000018,0.5370659466482663,0.0,0.008152504777089575,AIR,0.0,-1,2.3541166399382294,0.09245466126235763,0.4215796150916827,UNLOADING,0.026637677980108864,0.0,0.04748865706731308,0.1012345459490065,0.5370659466482663,0.07795111411897307,0,ok,0.05648060605077266,0.3090667510061282,FLAT,0.0,-1,0.08436591184861861,0.01217564847609328,0.04918385645382847,SUPPORT,0.35021836710107435,0.015283544346598146,0.03781139143396288,-2.500000000000002,0.0010000000000000009,0.6205343854184657,0,staged_v3,0.11703370522273696,2,0.922719987266346,0.11445748815471415,2,1,0,0
v3_torso_proxy:v3_left_forearm_proxy,139,0.0844804761364636,0.0,0.3588822478107723,0.0,0.00634917710439073,AIR,0.0,-1,2.416142156356512,0.08659072580065143,0.43773500976680924,UNLOADING,0.02334228398332032,0.0,0.05363379618120131,0.06764770999356684,0.3588822478107723,0.07636730031266509,0,ok,0.06310479246363565,0.3182359957159244,FLAT,0.0,-1,0.08448345099467389,0.0014611568119657576,0.049529090591432415,SUPPORT,0.3701746936808595,0.026015297717605867,0.02958080015041723,-2.500000000000002,0.0,0.6205343854184657,1,staged_v3,0.11051527913175667,2,0.9261982089144082,0.11221261510444638,2,0,0,0
v3_torso_proxy:v3_left_forearm_proxy,140,0.3296478736262857,0.0,0.37852138546456077,0.0,0.004944744100758535,AIR,0.0,-1,2.4725464187540562,0.06462839376473715,0.4754124764535773,UNLOADING,0.02037823642318709,0.003258729692984852,0.04551189412969402,0.07134960022812567,0.37852138546456077,0.07509213621892366,0,ok,0.042811514062163936,0.32264780493113476,FLAT,0.0,-1,0.08156724280841944,0.021234318045436136,0.049776461660504576,SUPPORT,0.3861397549446876,0.0062545050375890955,0.0320770811430254,0.0,0.0,0.6205343854184657,0,staged_v3,0.1102302588918724,2,0.9233847667221183,0.11211416753093832,2,1,0,0
v3_torso_proxy:v3_left_forearm_proxy,141,0.09577277815738769,0.11045038413715069,0.20284936714624055,0.0,0.003850970577758457,AIR,0.0,-1,2.5047081161492235,0.05528294495173609,0.5436024087162908,UNLOADING,0.017718141747845133,0.0,0.05340728618007787,0.038236204896718085,0.20284936714624055,0.07340670828817146,0,ok,0.05777509761837381,0.33140782898224824,FLAT,0.0,-1,0.07860700451633086,0.01850198437587786,0.049953710776824894,SUPPORT,0.3989118039557501,0.008995701162963388,0.03214920671979958,1.3806298017143837,0.0005522519206857535,0.6210866373391515,0,staged_v3,0.10817070031938185,2,0.9310459244730515,0.10723581530431921,2,0,0,0
v3_torso_proxy:v3_left_forearm_proxy,142,0.08158840526553217,0.08954961586284949,0.2243106000385447,0.0,0.002999138901543227,AIR,0.0,-1,2.534418579367447,0.045426538210197015,0.63557472917876,UNLOADING,0.015343116070499457,0.011352198248740987,0.06006643633294641,0.042281551992204625,0.2243106000385447,0.07283923973107602,0,ok,0.06793450199436735,0.3432586676274474,FLAT,0.0,-1,0.07215820813038758,0.013585887635307006,0.05157639572623539,SUPPORT,0.4091294431646001,0.013992932151004764,0.02909549758711466,-2.500000000000002,-0.0004477480793142474,0.6206388892598372,0,staged_v3,0.10723384994429556,2,0.9368961208399645,0.10682351918474048,2,0,0,0
v3_torso_proxy:v3_left_forearm_proxy,143,0.09336905251750321,0.28954961586284966,0.22710867852569974,0.0,0.002335731725061778,AIR,0.0,-1,2.5312069679386875,0.03823820368855322,0.7315030790703694,UNLOADING,0.013240833314184785,0.023336950264965253,0.07049405475616033,0.04280897736136946,0.22710867852569974,0.07252559137452814,0,ok,0.08941911280580316,0.3325700486980735,FLAT,0.0,-1,0.09062419341907588,0.006965713531669183,0.056204767525239493,SUPPORT,0.41730355453168005,0.020844524844592795,0.027004501245978047,-2.500000000000002,-0.0014477480793142483,0.619191141180523,0,staged_v3,0.10654703645437077,2,0.9418158839983227,0.10821915329672045,2,0,0,0
v3_torso_proxy:v3_left_forearm_proxy,144,0.2645347163242948,0.28954961586284966,0.4821465771809459,0.0,0.0018190696965228361,AIR,0.0,-1,2.523228209971222,0.04817174969066598,0.8076135493612647,UNLOADING,0.011399280606783888,0.017208927777397257,0.08774694997424658,0.09088248868950743,0.4821465771809459,0.0734401095488418,0,ok,0.0970914642581371,0.3153694531201189,FLAT,0.0,-1,0.10080349612098292,0.0041190842179208995,0.06120193552932651,SUPPORT,0.423842843625344,0.02394101255854543,0.01897711552515281,0.0,-0.0014477480793142483,0.6177433931012087,0,staged_v3,0.10548717459813628,2,0.9416757587994717,0.1037265187545523,2,1,0,0
v3_torso_proxy:v3_right_forearm_proxy,145,0.1582404456303872,0.48954961586284984,0.9999847467448812,0.0,0.0014166929041134475,AIR,0.0,-1,2.4628984779709784,0.052553879173753745,0.8496781690260217,UNLOADING,0.009801234787425358,0.014930029277547344,0.10701668523775802,0.18849268404453415,0.9999847467448812,0.06777651182586593,0,ok,0.1308612550123747,0.308308532728476,FLAT,0.0,-1,0.08721694544000465,0.021643148088559834,0.06763024293120158,SUPPORT,0.4290742749002752,0.010006127466987307,0.018375384679572775,-2.500000000000002,-0.002447748079314249,0.6152956450218945,0,staged_v3,0.17695431698390038,2,0.9778478160953555,0.10693702460900538,2,0,0,0
v3_pelvis_proxy:v3_right_hand_proxy,146,0.4213300365884226,0.48954961586284984,0.6762953796540382,0.0,0.0011033215430952556,AIR,0.0,-1,2.3942297883352204,0.0696958094857284,0.8380034659743367,UNLOADING,0.00842659185577849,0.0,0.15061748288424925,0.1274786757826708,0.6762953796540382,0.0463064712276082,0,ok,0.09878854733642874,0.3171787141389797,FLAT,0.0,-1,0.08173915699481155,0.0230134892808513,0.07464044154984084,SUPPORT,0.43325941992022016,0.024963154453500214,0.00376886762399183,0.0,-0.002447748079314249,0.6128478969425802,0,staged_v3,0.1665038173057274,2,0.9776348653917666,0.13791636163946663,2,1,0,0
v3_pelvis_proxy:v3_right_hand_proxy,147,0.6478271484374999,0.28954961586284966,0.3992226602344499,0.0,0.0008592676817421359,AIR,0.0,-1,2.2693200832519773,0.03109210701433695,0.7793631125647872,UNLOADING,0.0072498767544920285,0.03287604861390241,0.13035723912919361,0.07525169859234732,0.3992226602344499,0.04625968631214944,0,ok,0.16102172515861105,0.3502756342640268,FLAT,0.0,-1,0.06921673242818645,0.0030903800245312392,0.08259517688867779,SUPPORT,0.4366075359361761,0.02603937881990265,0.012227521195278422,2.500000000000002,-0.0014477480793142483,0.611400148863266,1,staged_v3,0.1006859861221033,2,0.9729729098181252,0.1006859861221033,2,1,1,1
v3_pelvis_proxy:v3_right_hand_proxy,148,1.0,0.08954961586284949,0.49952390342110115,0.0,0.0006691983434087261,AIR,0.0,-1,2.054943500290402,0.02616831998312865,0.7123210752902862,UNLOADING,0.006241682112400216,0.034447733781385666,0.12206595485166842,0.09415803751681373,0.49952390342110115,0.04544964911988576,0,ok,0.11461294333373928,0.37397026957591223,FLAT,0.0,-1,0.060446847527225255,0.004311734073350619,0.0939871834610626,SUPPORT,0.4392860287489409,0.025387625099702514,0.007360390449308186,2.500000000000002,-0.0004477480793142474,0.6109524007839517,0,staged_v3,0.09959401823401512,2,0.974807276788987,0.09959401823401512,2,1,1,1
v3_torso_proxy:v3_right_forearm_proxy,149,1.0,0.28954961586284966,1.0000000000000002,0.0,0.0005211721938768028,AIR,0.0,-1,1.9008517105664546,0.10302337992680743,0.652608374261019,UNLOADING,0.005375877647160301,0.0,0.2340029185212873,0.18849555921538763,1.0000000000000002,0.07208565210925835,0,ok,0.025806166799031808,0.397050292549129,FLAT,0.0,-1,0.05679622074540071,0.08447065272138998,0.11000245252772954,SUPPORT,0.4414288229991527,0.00901410490405894,0.021486017722327538,-2.500000000000002,-0.0014477480793142483,0.6095046527046375,0,staged_v3,0.2927836698552843,2,0.9828644118782945,0.2155947276071991,2,0,0,0
v3_torso_proxy:v3_right_forearm_proxy,150,0.34309212271098627,0.48954961586284984,1.0,0.0,0.00040588931270629607,AIR,0.0,-1,1.4827503218435594,0.005213537767702881,0.6069810462941989,UNLOADING,0.004630684010851715,0.05013551454700707,0.12672628576193135,0.1884955592153876,1.0,0.073344654728358,0,ok,0.14259644353743436,0.4403510546250311,FLAT,0.0,-1,0.03163005643746664,0.00757512972041792,0.12710738255381723,SUPPORT,0.44314305839932217,0.023780239407272946,0.013856506353126852,-2.500000000000002,-0.002447748079314249,0.6070569046253232,0,staged_v3,0.3186538864138717,2,0.9804585158494625,0.32001766879120114,2,1,0,0
v3_torso_proxy:v3_left_forearm_proxy,151,0.43769606231571045,0.68954961586285,1.0000000000000002,0.0,0.0003161069145759777,AIR,0.0,-1,1.272351951683565,0.04092875814051913,0.5668097845839869,UNLOADING,0.00398871978393285,0.012411731088680218,0.1621482347740466,0.18849555921538763,1.0000000000000002,0.07296527766458906,0,ok,0.1385992978921414,0.48071893275046773,FLAT,0.0,-1,0.03398761038250816,0.003268905358083032,0.16635713937841307,SUPPORT,0.4445144467194577,0.030048951610837628,0.01433308207810462,-2.500000000000002,-0.00344774807931425,0.603609156546009,0,staged_v3,0.3070703406683304,2,0.9822899637100747,0.2771489860483315,2,0,0,0
v3_torso_proxy:v3_left_forearm_proxy,152,0.23377061753832967,0.8859119312764951,0.8128933855956151,0.0,0.00024618431260605713,AIR,0.0,-1,0.9379605282725261,0.0023448726699215926,0.5427648247862582,UNLOADING,0.0034349832615580577,0.049793368569391316,0.12880059251801768,0.15322679330033517,0.8128933855956151,0.07270952374235505,0,ok,0.14477725916631268,0.5145362725046971,FLAT,0.0,-1,0.0326866084481356,0.004785092965092026,0.23035197207858166,UNLOADING,0.38101238290239237,0.03173250563883706,0.013794490520349319,-2.454528942670564,-0.004429559656382476,0.5991795968896265,1,staged_v3,0.19237131143608166,2,0.9797555657004378,0.1937649722483656,2,1,0,0
v3_torso_proxy:v3_left_forearm_proxy,153,0.9999999999999999,0.685911931276495,0.4618087642981928,0.0,0.00019172853543749282,AIR,0.0,-1,0.6692153168117512,0.023313566378790725,0.4952883608967733,UNLOADING,0.0029580953132474093,0.02645085166604794,0.13816778472030897,0.08704890127695497,0.4618087642981928,0.0727572513564701,0,ok,0.16146812829641569,0.5312439349350555,FLAT,0.0,-1,0.03834242456044885,0.025808350768075427,0.30681906151952465,UNLOADING,0.3265820424877649,0.020472668530371777,0.01986828454560446,2.500000000000002,-0.003429559656382475,0.595750037233244,0,staged_v3,0.14035359140432055,2,0.9845963942818465,0.14107620475306987,2,1,1,1
v3_pelvis_proxy:v3_left_hand_proxy,154,0.9999999999999999,0.4859119312764948,1.0,0.0,0.000149318333535853,AIR,0.0,-1,0.5044573553501865,0.054142513455502375,0.45605798559127786,UNLOADING,0.0025471131992308715,0.0,0.15012384894764236,0.1884955592153876,1.0,0.07261065442237233,0,ok,0.15744010973717246,0.5534957410962065,FLAT,0.0,-1,0.04272555936066973,0.12996726683411863,0.3952686150519351,UNLOADING,0.27992746498951276,0.0,0.04972002777467491,2.500000000000002,-0.002429559656382474,0.5933204775768616,0,staged_v3,0.20127029964530288,2,0.9830563052459006,0.20127029964530288,2,1,1,1
v3_torso_proxy:v3_right_forearm_proxy,155,0.640511028733773,0.685911931276495,0.9999999999999999,0.0,0.00011628923508463954,AIR,0.0,-1,0.6206439990885926,0.011865509524790364,0.4178752308038578,UNLOADING,0.0021929105770741243,0.034028252015402535,0.09802317556378645,0.18849555921538758,0.9999999999999999,0.058512563744782475,0,ok,0.11975957119320359,0.5410344111074914,FLAT,0.0,-1,0.0643720735825027,0.027331215998019572,0.5111472485427231,UNLOADING,0.23993782713386808,0.030361559032173545,0.02019580339496261,-2.500000000000002,-0.003429559656382475,0.5898909179204791,0,staged_v3,0.3421927956693745,2,1.0026909185590864,0.33012667179758287,2,0,0,0
v3_torso_proxy:v3_right_forearm_proxy,156,0.7374352932550889,0.8859119312764951,1.0,0.0,9.056614734669196e-05,AIR,0.0,-1,0.4639767933825167,0.04199004561898439,0.36348565802205834,UNLOADING,0.0018878728734469433,0.0011842372821185346,0.09892817539088888,0.1884955592153876,1.0,0.060491580371463335,0,ok,0.0610538252428246,0.5098459152559224,FLAT,0.0,-1,0.08354636868857855,0.04933032409183864,0.640922669094319,UNLOADING,0.20566099468617263,0.03342062432500492,0.023625509129711036,-2.500000000000002,-0.004429559656382476,0.5854613582640966,0,staged_v3,0.40829220445947173,2,0.9831168040386642,0.3668596444391129,2,0,0,0
v3_torso_proxy:v3_right_forearm_proxy,157,1.0000000000000002,0.685911931276495,0.4943028508536864,0.0,7.053298647336394e-05,AIR,0.0,1,0.3195703904667877,0.0245928105709228,0.30119016153587025,UNLOADED,0.0016252180550807864,0.015466697505870718,0.0687504230038418,0.09317389229342596,0.4943028508536864,0.050271072174798884,0,Stage B: NoSolutionFound: QP solver proxqp failed to find a solution.,0.16625690466719273,0.4586433316667336,FLAT,0.0,-1,0.08920308839494281,0.11897653393008026,0.7427098494888142,UNLOADING,0.1800762306709052,0.0001042964160105006,0.062031196058430216,2.500000000000002,-0.003429559656382475,0.5820317986077141,0,staged_v3,0.2922767500376655,2,0.987151264768638,0.2395745047612006,2,0,1,1
v3_torso_proxy:v3_right_forearm_proxy,158,0.9999999999999999,0.4859119312764948,0.41334465961234196,0.0,5.4931145097820647e-05,FLAT,0.0,1,0.21531472815007774,0.015648186068345584,0.24586904005738452,UNLOADED,0.0013989619439525836,0.021645265934523646,0.05606910659883825,0.07791363276232244,0.41334465961234196,0.051258201993708535,0,ok,0.11115792243607306,0.39785479339787727,FLAT,0.0,-1,0.09356923699436832,0.026556270749490463,0.8156435512564926,UNLOADING,0.15435105486077588,0.05651309004462141,0.009269087518203219,2.500000000000002,-0.002429559656382474,0.5796022389513317,0,staged_v3,0.14232358898996958,2,0.9878599420463225,0.13721833586874327,2,0,0,0
v3_pelvis_proxy:v3_left_hand_proxy,159,0.32025558138348187,0.685911931276495,0.99997808776012,0.0,4.278041881719168e-05,FLAT,0.0,1,0.1844329227832565,0.04967457436237599,0.1903608185921451,UNLOADED,0.0012040583381409912,0.0,0.0910996038275083,0.18849142885547776,0.99997808776012,0.05164153506729352,0,ok,0.02135514060852679,0.31264555084977824,FLAT,0.0,1,0.12649320992536178,0.09209314476203158,0.867902832169085,UNLOADING,0.13230090416637932,0.022636533027450376,0.045758608581003876,-2.500000000000002,-0.003429559656382475,0.5761726792949492,0,staged_v3,0.18404094206567342,2,0.9319430015143101,0.17277608325196264,2,0,0,0
v3_pelvis_proxy:v3_left_hand_proxy,160,0.6860351562499999,0.4859119312764948,0.6860350404986185,0.0,0.07303653911226814,FLAT,0.0,1,0.08593345037958178,0.0007910867149817204,0.15003883088355402,UNLOADED,0.013378891104929286,0.03171085482919598,0.04494563850428657,0.12931455860013819,0.6860350404986185,0.05644994759442783,0,ok,0.08190348720126181,0.25504990798113064,FLAT,0.0,1,0.10454478312590726,0.09497734178259194,0.9053482432110287,UNLOADING,0.11627442052551012,0.020369240397486076,0.04989817176306536,2.500000000000002,-0.002429559656382474,0.5737431196385667,1,staged_v3,0.2302277844402919,2,0.9349429433581775,0.2234261975763455,2,1,1,1
v3_pelvis_proxy:v3_left_hand_proxy,161,0.8858067499189266,0.685911931276495,0.9999971649886594,0.0,0.13095568176178266,FLAT,0.0,1,0.07796687691790892,0.04457144059074347,0.12031083870728894,LOADING,0.03374317165505098,0.0,0.06428471170605307,0.18849502482833957,0.9999971649886594,0.06539064058903968,0,ok,0.037442814227087506,0.1986330680579943,FLAT,0.0,1,0.17829772991852158,0.1425430273964036,0.9321790526598869,UNLOADING,0.09966378902186582,0.026667240540180666,0.04494171209281369,-2.500000000000002,-0.003429559656382475,0.5703135599821842,0,staged_v3,0.21622616055691457,2,0.9433025917442361,0.20389529350122407,2,0,0,0
v3_torso_proxy:v3_right_forearm_proxy,162,0.6868896484375,0.4859119312764948,0.6868892954893006,0.0,0.17706838296694632,FLAT,0.0,1,0.07623797266036791,0.005065558626306959,0.09856760338660224,LOADING,0.058917572688511465,0.024862821543023154,0.023576319999170522,0.12947558187231933,0.6868892954893006,0.0674920675315816,0,ok,0.07812756462695498,0.15469558894744162,FLAT,0.0,1,0.3523967482607475,0.09378498750485811,0.9514041677180328,UNLOADING,0.08603906576491677,0.05471754305216009,0.017852665333741555,2.500000000000002,-0.002429559656382474,0.5678840003258018,1,staged_v3,0.2521590826289372,2,0.9589282419212101,0.2521590826289372,2,1,1,1
v3_pelvis_proxy:v3_left_hand_proxy,163,0.4409790039062501,0.1260811586592192,0.4409790039062499,0.0,0.20742199192459165,FLAT,0.0,1,0.08255350361273858,0.015518149968939205,0.0829878944861563,LOADING,0.08517575365973823,0.013631244755368612,0.05232065899545511,0.08312258394355317,0.4409790039062499,0.05768700858618481,0,ok,0.0679370075644095,0.1204770458099597,AIR,0.0,1,0.5012318675597718,0.08841073217360298,0.965179564606578,UNLOADING,0.07379992393126877,0.06970234024281223,0.0035566379875166714,4.497884657715945,-0.000630405793296096,0.5672535945325057,1,staged_v3,0.2459716756661517,2,0.9422723318603633,0.2400965397305003,2,1,1,1
v3_pelvis_proxy:v3_left_hand_proxy,164,0.015136718750000168,0.07391884134078097,0.015136718750000106,0.0,0.22241411672913253,FLAT,0.0,1,0.08721330370883469,0.01596377050451857,0.0709255527690819,LOADING,0.10946845743908493,0.012582507133935526,0.05276695904091242,0.002853204265467313,0.015136718750000106,0.05810727865703824,0,ok,0.07793573717904802,0.09382761761892613,AIR,0.0,1,0.5417824733377379,0.0882480481645368,0.9750500677928015,UNLOADING,0.0633098636235334,0.07035906004400234,0.003393443345637727,2.500000000000002,0.00036959420670390486,0.5676231887392096,1,staged_v3,0.28896613118906656,2,0.9610526538833926,0.18548429382889509,2,0,1,1
v3_pelvis_proxy:v3_left_hand_proxy,165,0.1179372241298508,0.27391884134078115,0.29449462890625,0.0,0.24770315623725284,FLAT,0.0,1,0.08087050456513062,0.0129166506838101,0.062180235923360555,LOADING,0.13403494905995983,0.01519236111235793,0.045648341905524505,0.05551092976161165,0.29449462890625,0.06413527242047448,0,ok,0.10594074558785258,0.07307302207534402,AIR,0.0,1,0.8310190329596648,0.09565684259542159,0.9399152096602044,UNLOADING,0.054320838874874294,0.06872298793784704,0.00327277254516319,2.500000000000002,0.0013695942067039057,0.5689927829459135,1,staged_v3,0.2147356683040769,2,0.9625198300135683,0.1776811224493553,2,0,0,0
v3_pelvis_proxy:v3_left_hand_proxy,166,0.9999999999999999,0.4739188413407813,1.0,0.0,0.2686411380132765,FLAT,0.0,1,0.08012539417911956,0.06443292096047294,0.055913942582512796,SUPPORT,0.19722795924796788,0.0,0.10080896575963004,0.1884955592153876,1.0,0.06374849021074436,0,ok,0.21204494205901828,0.05690932681367198,AIR,0.0,1,0.9720959486084516,0.11696515141052417,0.855382430977266,UNLOADING,0.04656071903560654,0.04921363303660241,0.0185554885122609,2.500000000000002,0.0023695942067039066,0.5713623771526174,0,staged_v3,0.26156900312091325,2,0.9457509746256479,0.26346861492420054,2,1,1,1
v3_torso_proxy:v3_left_forearm_proxy,167,1.0,0.6739188413407815,1.0000000000000002,0.0,0.2790844398402806,FLAT,0.0,1,0.08014893403256738,0.01874275920831139,0.05127229121510415,SUPPORT,0.2477823673983743,0.00882085535244382,0.10639459066649105,0.18849555921538763,1.0000000000000002,0.06411811437237994,0,ok,0.1167164622200609,0.04432102828655424,AIR,0.0,1,1.2699091961009836,0.24470026166794112,0.7513598081384576,UNLOADING,0.039909187744805605,0.0,0.1268081078461012,2.500000000000002,0.0033695942067039075,0.5747319713593213,0,staged_v3,0.3387484750209575,2,0.9233933332589377,0.3387484750209575,2,1,1,1
v3_torso_proxy:v3_left_forearm_proxy,168,0.9999999999999999,0.8739188413407817,0.9999984048441412,0.0,0.2955609010538096,FLAT,0.0,1,0.07530453898444761,0.022426965805179888,0.04794640267758821,SUPPORT,0.28822589391869946,0.0069412605614496865,0.020456059572429724,0.18849525853559196,0.9999984048441412,0.06814725208813595,0,ok,0.16536843664420367,0.034517251536098324,AIR,0.0,1,1.408235988134358,0.13946737498212136,0.6558098565144929,UNLOADING,0.03420787520983338,0.03243660047737948,0.025353892348345168,2.500000000000002,0.004369594206703908,0.5791015655660252,0,staged_v3,0.38599717629897146,2,0.9464673780654458,0.3809488248570512,2,0,0,0
v3_torso_proxy:v3_left_forearm_proxy,169,0.33953857421875006,1.0000000000000009,0.339537986479369,0.0,0.31649606868629493,FLAT,0.0,1,0.07159778706565476,0.03404738695106343,0.045563299404979565,SUPPORT,0.32058071513495956,0.0,0.05114272460931267,0.06400140263629538,0.339537986479369,0.06945409801066416,0,ok,0.0,0.026882062525786028,AIR,0.0,1,1.4701241008535708,0.1035449330280652,0.569122337274712,UNLOADING,0.029321035894142897,0.04478811657234745,0.008668000291388148,1.57601448324024,0.0050000000000000044,0.5841015655660252,1,staged_v3,0.42051186414417585,2,0.9375040543522707,0.41403272308075445,2,0,1,1
v3_torso_proxy:v3_left_forearm_proxy,170,0.9999999999999999,1.0000000000000009,1.0000000000000002,0.0,0.3182830487327534,FLAT,0.0,1,0.07525028187467594,0.040505316298894874,0.043855731293824605,SUPPORT,0.34646457210796766,0.0,0.10246567434743005,0.18849555921538763,1.0000000000000002,0.07050564984632506,0,ok,0.0,0.020935771345656627,AIR,0.0,1,1.69567719953678,0.09197456081186245,0.5070080155034412,UNLOADING,0.026606768975359834,0.022535161395918116,0.027815239379253946,0.0,0.0050000000000000044,0.5891015655660252,0,staged_v3,0.4484314235379422,2,0.9141778301885958,0.4496492336929517,2,1,1,1
v3_torso_proxy:v3_left_forearm_proxy,171,0.9854125976562501,1.0000000000000009,0.5341710621101184,0.10649769100573234,0.3234120274052941,FLAT,0.0,1,0.07608261552560876,0.0027119576335088826,0.042632205277244734,SUPPORT,0.3671716576863741,0.024419652630353356,0.056387726220586694,0.10068887306912433,0.5341710621101184,0.06904431326904839,0,ok,0.0,0.01630479511820126,AIR,0.0,1,1.7664983899672029,0.12004677436017659,0.4625011591192706,UNLOADING,0.024057774618427136,0.0,0.06560656631846908,0.0,0.0050000000000000044,0.5941015655660252,1,staged_v3,0.16091318291988754,2,0.9139277284232292,0.16272412610866208,2,1,1,1
v3_torso_proxy:v3_right_forearm_proxy,172,1.0,1.0000000000000009,0.8520159698695595,0.1394055791987295,0.3276130772762179,FLAT,0.0,1,0.0790789323490786,0.018084699355100434,0.04165932740174791,SUPPORT,0.3837373261490993,0.008998267014986964,0.04550927778987366,0.16060122670100346,0.8520159698695595,0.07374224694053298,0,ok,0.0,0.012698187205873962,AIR,0.0,1,1.9240868242551532,0.10751521851245358,0.43061060298480136,UNLOADING,0.021653837266700216,0.006147738045971421,0.04038279210326865,0.0,0.0050000000000000044,0.5991015655660252,0,staged_v3,0.16219457955817176,2,0.91744410286405,0.15792523207350015,2,0,0,0
v3_torso_proxy:v3_right_forearm_proxy,173,0.8341645506123211,1.0000000000000009,0.6398738595812873,0.17359701762898122,0.3305551972619781,FLAT,0.0,1,0.07840031648141142,0.014298963802807228,0.04086011526136421,SUPPORT,0.3969898609192794,0.012744041960260983,0.026635237978661484,0.12061338098908314,0.6398738595812873,0.07237641647005837,0,ok,0.0,0.009889358139521937,AIR,0.0,1,2.042120653102268,0.08697685567122401,0.40776002100284314,UNLOADING,0.019397128122435305,0.021787697413597665,0.023600303636544494,0.0,0.0050000000000000044,0.6041015655660252,0,staged_v3,0.1398423262829162,2,0.9172186755100519,0.14105105012191058,2,1,0,0
v3_torso_proxy:v3_right_forearm_proxy,174,0.4520486077408601,0.8000000000000007,0.49611957960603553,0.15468229931809663,0.337047363258054,FLAT,0.0,1,0.07767985115289551,0.01264056649602846,0.03896456404676497,SUPPORT,0.4075918887354235,0.014307661706309788,0.025332832897570684,0.09351633759554268,0.49611957960603553,0.06731042591239704,0,ok,0.0,0.007701839863133256,AIR,0.0,1,2.1256298508270275,0.07076656435782495,0.409609850725336,UNLOADING,0.01727569416015666,0.028377142637554427,0.01710334989871238,-2.500000000000002,0.0040000000000000036,0.6081015655660252,0,staged_v3,0.11846233102005477,2,0.9257143859719397,0.11978599404227733,2,0,0,0
v3_torso_proxy:v3_right_forearm_proxy,175,0.9434814453125002,1.0000000000000009,0.4609618239707851,0.23051782628542752,0.35157975472633163,FLAT,0.0,1,0.06834625812079463,0.009693442880659583,0.03787003353706493,SUPPORT,0.41607351098833883,0.026498503679011885,0.0003949979978413636,0.0868892567863182,0.4609618239707851,0.07020915943841714,0,ok,0.0,0.005998198916498741,AIR,0.0,1,2.2223075436020356,0.09549951871667758,0.4291582988181315,UNLOADING,0.015296883862065905,0.009293234139416566,0.03716468080149001,2.500000000000002,0.0050000000000000044,0.6131015655660252,1,staged_v3,0.10553557161305759,2,0.9200183165346654,0.10621794641483778,2,1,1,1
v3_torso_proxy:v3_right_forearm_proxy,176,0.8391929508982469,0.8000000000000007,0.45460200433698905,0.13520692441034882,0.3684084213593958,FLAT,0.0,1,0.06808876375325013,0.00106260170265566,0.03820392659383216,SUPPORT,0.42285880879067106,0.02584759462703595,0.021151752135856797,0.08569045902793682,0.45460200433698905,0.06831498730713927,0,ok,0.0,0.004671402013187272,AIR,0.0,-1,2.2633858020562863,0.0641840102445321,0.47346433825455914,UNLOADING,0.01346299470324114,0.007275570910817861,0.0413976460019101,-2.500000000000002,0.0040000000000000036,0.6171015655660252,0,staged_v3,0.12460987841469524,2,1.0021257899784426,0.10446477898703779,2,0,0,0
v3_torso_proxy:v3_right_forearm_proxy,177,0.08081392755477364,0.6000000000000005,0.29703885477592257,0.12834563264813206,0.3830117234899607,FLAT,0.0,1,0.06824726708345231,0.00037647701955073,0.03875998385899449,SUPPORT,0.42828704703253684,0.026561522173398997,0.018400054515387322,0.055990505039685834,0.29703885477592257,0.06749589951123632,0,ok,0.0,0.003638091545911585,AIR,0.0,-1,2.3080332442770213,0.05068020085449808,0.5546805576250566,UNLOADING,0.011771154445425883,0.008253312062789939,0.0444807158184629,-2.500000000000002,0.0030000000000000027,0.6201015655660252,0,staged_v3,0.10276542594010761,2,1.0065823701269223,0.1041215450351923,2,1,0,0
v3_torso_proxy:v3_right_forearm_proxy,178,0.047369189082678266,0.40000000000000036,0.22550572830383564,0.11948025266458802,0.39533866614887136,FLAT,0.0,1,0.06414915170079424,0.00012289176768197786,0.039803820280588646,SUPPORT,0.43262963762602946,0.026867299246347457,0.01630346871398202,0.04250682836290476,0.22550572830383564,0.0666200400351565,0,ok,0.0,0.0028333485448414,FLAT,0.0,-1,2.3439043561025645,0.04170051094679625,0.6578508935326308,UNLOADING,0.010228050620783344,0.016192033729835298,0.0520238492441548,-2.500000000000002,0.0020000000000000018,0.6221015655660252,0,staged_v3,0.10157718228695385,2,1.0055786259446222,0.10314933756161296,2,1,0,0
v3_torso_proxy:v3_right_forearm_proxy,179,0.07925152273740145,0.20000000000000018,0.45593059718853646,0.11274501097040943,0.4079653191568692,FLAT,0.0,-1,0.0632671677549568,0.0003839808563489257,0.04128096559462469,SUPPORT,0.43610371010082355,0.02668006742338231,0.014153131196342369,0.08594089288045881,0.45593059718853646,0.06677982963450581,0,ok,0.0,0.002206614065436708,FLAT,0.0,-1,2.3569974694162115,0.032706291010199534,0.754839452331285,UNLOADING,0.008844182633925146,0.030035681606364717,0.06017278735632857,-2.500000000000002,0.0010000000000000009,0.6231015655660253,0,staged_v3,0.1046245589092872,2,0.9720770734312005,0.10491709030523473,2,0,0,0
v3_torso_proxy:v3_right_forearm_proxy,180,0.06145926350200635,0.0,0.3590112151623415,0.10330358033737655,0.41360194783925536,FLAT,0.0,-1,0.0597809243924709,0.0019871691525146446,0.04287675161662595,SUPPORT,0.43888296808065885,0.025156668428316657,0.014559275188763737,0.0676720197666214,0.3590112151623415,0.06716668152389636,0,ok,0.0,0.0017185127620984845,FLAT,0.0,-1,2.338614714959882,0.022635536645439405,0.8243347914779477,UNLOADING,0.0076238541008932445,0.04358120292845799,0.06707253618896564,-2.500000000000002,0.0,0.6231015655660253,0,staged_v3,0.10342508141833541,2,0.9717294794402708,0.10528049977396774,2,1,0,0
v3_torso_proxy:v3_right_forearm_proxy,181,0.5279541015625,0.20000000000000018,0.22218894961801874,0.13294757219908698,0.4247936796019101,FLAT,0.0,-1,0.06054770459976845,0.014157388499602165,0.04535329738678292,SUPPORT,0.4411063744645271,0.013110276369736981,0.021782046777973234,0.041881630309728024,0.22218894961801874,0.0671668921393617,0,ok,0.0,0.0013383790848405027,FLAT,0.0,-1,2.293822244006832,0.0034290730608542265,0.8518927977265911,UNLOADING,0.006563049741028063,0.06416556682547532,0.0486800128050371,-2.500000000000002,-0.0010000000000000009,0.6221015655660252,1,staged_v3,0.1010919235127641,2,0.9781806304276263,0.1010919235127641,2,1,1,1
v3_torso_proxy:v3_right_forearm_proxy,182,0.520829198212654,0.40000000000000036,0.47055126438121464,0.10666647353788737,0.4392986035650029,FLAT,0.0,-1,0.061361073467131606,0.00972007677398461,0.04924205804865546,SUPPORT,0.4428850995716217,0.017742026128448166,0.017442815311857828,0.08869682371904475,0.47055126438121464,0.06837401133391233,0,ok,0.0,0.0010423306793201736,FLAT,0.0,-1,2.2160094405893696,0.023573185394990207,0.8271792494815655,UNLOADING,0.005651204973779554,0.042785777079088066,0.096776062451509,-2.500000000000002,-0.0020000000000000018,0.6201015655660252,0,staged_v3,0.13780204184669098,2,0.9608127185089215,0.11576674903250989,2,0,0,0
v3_torso_proxy:v3_right_forearm_proxy,183,0.09501376592825894,0.6000000000000005,0.7605397479523681,0.09845108641557802,0.4412827159222983,FLAT,0.0,-1,0.06418399502828293,0.0032293407005441832,0.05444950822054796,SUPPORT,0.44430807965729735,0.024493134710483217,0.009482766007458008,0.14335836509581157,0.7605397479523681,0.06837496085765633,0,ok,0.0,0.0008117679492739006,AIR,0.0,-1,2.037924176610798,0.004675125238836845,0.7571144100559186,UNLOADING,0.0048720566542763445,0.05818059526395909,0.09533970371007003,-2.500000000000002,-0.0030000000000000027,0.6171015655660252,0,staged_v3,0.1049057295514118,2,0.970374147102456,0.1049057295514118,2,1,0,0
v3_torso_proxy:v3_right_forearm_proxy,184,0.6756167268770994,0.8000000000000007,0.9999983310687026,0.10130194730605367,0.4421925835524012,FLAT,0.0,-1,0.06657990721013593,0.015369249375904712,0.06274028505805543,SUPPORT,0.4454464637258379,0.012767764876998062,0.022079463510814624,0.1884952446292494,0.9999983310687026,0.07318403924137777,0,ok,0.0,0.0006322055145667822,AIR,0.0,-1,1.8882709771959227,0.04106756668702907,0.6781561961456409,UNLOADING,0.004205115907611992,0.01784024312025298,0.13527068335730352,-2.500000000000002,-0.0040000000000000036,0.6131015655660252,0,staged_v3,0.16897456795484325,2,0.9554957104681205,0.15264579826122474,2,0,0,0
v3_torso_proxy:v3_right_forearm_proxy,185,0.8604125976562503,0.6000000000000005,0.8045014744996678,0.05971535406599006,0.43882725498053277,FLAT,0.0,-1,0.06240935638483655,0.00017270583176776187,0.07769642898054874,SUPPORT,0.44635717098067035,0.028712115617259677,0.01820096887397847,0.15164495532541877,0.8045014744996678,0.07318883308013581,0,ok,0.0,0.0004923621498066705,AIR,0.0,-1,1.4992517877055624,0.02065253370500111,0.6097582650382559,UNLOADING,0.003631833672177429,0.03483537954691168,0.1421127079318324,2.500000000000002,-0.0030000000000000027,0.6101015655660252,1,staged_v3,0.26317579476954844,2,0.9679820697796381,0.26317579476954844,2,1,1,1
v3_torso_proxy:v3_right_forearm_proxy,186,0.5005099151571973,0.8000000000000007,0.9999762147526388,0.17019751133671526,0.4419683065256616,FLAT,0.0,-1,0.06324760768864604,0.037339806574395604,0.09621934544789937,SUPPORT,0.4470857367845363,0.0055822462433398785,0.02422872102905509,0.18849107580188518,0.9999762147526388,0.07276510007579184,0,ok,0.0,0.00038345202782415536,AIR,0.0,-1,1.2636832999037073,0.0303603863823603,0.5547939545341238,UNLOADING,0.003137388170571148,0.022379311344345898,0.14204134153069778,-2.500000000000002,-0.0040000000000000036,0.6061015655660252,0,staged_v3,0.26207492528236764,2,0.9901032717446769,0.24772466936508394,2,0,0,0
v3_torso_proxy:v3_right_forearm_proxy,187,0.5453491210937501,0.6000000000000005,0.3510459562554845,0.11773512959059575,0.4475407283638152,FLAT,0.0,-1,0.06238868010053557,0.0022043888109120518,0.14217279714465433,SUPPORT,0.44766858942762905,0.029904251046320666,0.0034156156119359788,0.06617060383467804,0.3510459562554845,0.07217992790425735,0,ok,0.0,0.0002986327395397703,AIR,0.0,-1,0.9082114689362341,0.049209062210410145,0.5214655636346078,UNLOADING,0.002709605010446115,0.0018642159713202489,0.18287515612379965,2.500000000000002,-0.0030000000000000027,0.6031015655660252,1,staged_v3,0.23921239067725591,2,0.9754055617484524,0.240643938339661,2,1,1,1
v3_torso_proxy:v3_right_forearm_proxy,188,0.00018310546874999748,7.324218749271694e-05,4.9457385435226376e-05,0.11773678923590769,0.4487283377188291,FLAT,0.0,-1,0.06394614919246396,0.0022027094097804437,0.21121515974457317,UNLOADING,0.3837159337951106,0.033358048577448215,0.0034124894967731837,9.322497524943962e-06,4.9457385435226376e-05,0.07217992787634082,0,ok,0.0,0.00023257541140433202,AIR,0.0,-1,0.565067081545283,0.04920771438019181,0.5001624769724979,UNLOADING,0.0023391257114614475,0.0008004094684330929,0.18287437601686007,7.499084472656348,-3.662109374635847e-07,0.6031011993550878,1,staged_v3,0.12348615890832745,2,0.9819696305538816,0.12348615890832745,2,1,1,1
v3_torso_proxy:v3_right_forearm_proxy,189,0.08172607421874999,0.19992675781250746,0.08049985150116945,0.0963399596823499,0.4534316094847167,FLAT,0.0,-1,0.06864737528437602,0.003170213954297161,0.3073436101127574,UNLOADING,0.3288993718243805,0.037899710662130714,0.0024674698435071607,0.015173864525468594,0.08049985150116945,0.07237293278390448,0,ok,0.0,0.00018112991252484793,AIR,0.0,-1,0.3968376473555354,0.055484700641662055,0.45754203848902,UNLOADING,0.002019001375983654,0.0,0.18765878559497695,2.500000000000002,0.0009996337890625373,0.6041008331441503,1,staged_v3,0.23619189830448367,2,0.9730419378904089,0.23804535086767303,2,1,1,1
v3_torso_proxy:v3_right_forearm_proxy,190,0.3737742915375978,7.324218749271694e-05,0.9999945277238316,0.20940247222904343,0.46046132266652895,FLAT,0.0,1,0.0612069184077437,0.0827771355821916,0.42893383141190433,UNLOADING,0.2819137472780404,0.005111803793234886,0.04133488777736034,0.18849452771563105,0.9999945277238316,0.07060837298789682,0,ok,0.0,0.00014106411771200664,AIR,0.0,1,0.36662714425423076,0.03902093797193005,0.42312111943214276,UNLOADING,0.0017421978808879882,0.007135117999677094,0.11963717946897348,-2.500000000000002,-3.662109374635847e-07,0.6041004669332128,0,staged_v3,0.2269490209777959,2,0.9850855714904678,0.19720803680226887,2,0,0,0
v3_torso_proxy:v3_left_forearm_proxy,191,0.8158569335937497,0.19992675781250746,0.5893982013990199,0.1340847677123095,0.46381158270795925,FLAT,0.0,-1,0.07479345432369344,0.03170401131778545,0.5566416213690372,UNLOADING,0.24164035480974894,0.052699049929221815,0.0001330311392300403,0.1110989435732519,0.5893982013990199,0.06461514597768038,0,ok,0.0,0.00010986084533738761,AIR,0.0,1,0.3821689144792911,0.07541378754897596,0.3944957835491072,UNLOADING,0.0015028154986289396,0.0,0.1780937601940308,2.500000000000002,0.0009996337890625373,0.6051001007222754,1,staged_v3,0.21717217581938478,2,0.6693839456207908,0.21441572375799006,2,0,1,1
v3_torso_proxy:v3_left_forearm_proxy,192,0.42467683691219876,0.19992675781250746,0.5698766179319688,0.10242141427250197,0.42378238432532844,FLAT,0.0,-1,0.10113410900246966,0.021184790216455595,0.6742701589231337,UNLOADING,0.20712030412264196,0.0503809595110455,0.008332548435111189,0.10741921178086022,0.5698766179319688,0.06367787301872188,0,ok,0.0,8.555971237764397e-05,AIR,0.0,1,0.5007682586423599,0.04341246209775314,0.3459246026382366,UNLOADED,0.0012961222135207434,0.0,0.1250824474286844,0.0,0.0009996337890625373,0.6060997345113379,0,staged_v3,0.1757457272411421,2,0.6422796618983561,0.17135235956963013,2,1,0,0
v3_torso_proxy:v3_left_forearm_proxy,193,1.0000000000000002,0.39992675781250764,0.3854199859335473,0.17528359864729848,0.3820813206641331,FLAT,0.0,-1,0.09742733584551369,0.03355772083123635,0.7666043700802009,UNLOADING,0.17753168924797882,0.04773538174581855,0.0155948367581915,0.07264995578133082,0.3854199859335473,0.06367763342506183,0,ok,0.0,6.66339709990733e-05,FLAT,0.0,1,0.31934669205524546,0.057335493062046064,0.29317274324057835,UNLOADED,0.0011176902840075319,0.0,0.13794692314965717,2.500000000000002,0.001999633789062538,0.6080993683004005,0,staged_v3,0.09486523891066159,2,0.6355876428863994,0.09486523891066159,2,1,1,1
v3_torso_proxy:v3_left_forearm_proxy,194,0.9999999999999999,0.19992675781250746,0.2994277742441611,0.09385360973593233,0.31043298963785926,FLAT,0.0,-1,0.11495576916799893,0.052095653701786745,0.8327647234113712,UNLOADING,0.1521700193554104,0.030301269487113272,0.03633696668345529,0.05644080575077198,0.2994277742441611,0.07419882311390709,0,ok,0.0,5.189458879323557e-05,FLAT,0.0,-1,0.2275155732199784,0.006672342923408781,0.24031737485675078,UNLOADED,0.0009636521602129094,0.03034352581942876,0.06875913829596414,-2.500000000000002,0.0009996337890625373,0.609099002089463,0,staged_v3,0.10836254835983412,2,0.9408550925451876,0.10998776283532197,2,0,0,0
v3_pelvis_proxy:v3_right_hand_proxy,195,0.6897482096807716,7.324218749271694e-05,1.0,0.12886540737610508,0.2487770240795935,FLAT,0.0,-1,0.1381125272744706,0.05908654579729069,0.8801706880917797,UNLOADING,0.13043144516178035,0.054530830934839326,0.014477703469749657,0.1884955592153876,1.0,0.0444890285689965,0,ok,0.0,4.0415546389340414e-05,FLAT,0.0,-1,0.16507587729762774,0.07081127479335855,0.19570204925005383,UNLOADED,0.0008306313003452632,0.0,0.0935464494187162,-2.500000000000002,-3.662109374635847e-07,0.6090986358785255,0,staged_v3,0.19564032505337578,2,0.9380579109437008,0.18627581935475346,2,0,0,0
v3_torso_proxy:v3_left_forearm_proxy,196,0.7176741094465574,0.2000732421874929,1.0000000000000002,0.06616394244124188,0.1937477411633612,FLAT,0.0,-1,0.21700835226490922,0.06414654747911559,0.9141385460932475,UNLOADING,0.1117983815672403,0.03966143976946925,0.03104548753519313,0.18849555921538763,1.0000000000000002,0.06861958422510973,0,ok,0.0,3.1475659176277005e-05,FLAT,0.0,-1,0.15404852200519736,0.0045963607419789556,0.15922470838651126,LOADING,0.0007157502512277486,0.02836487467734661,0.051433844515944516,-2.500000000000002,-0.0010003662109374645,0.6080982696675881,0,staged_v3,0.36876063887464555,2,0.9337621178513217,0.37015895347130273,2,1,0,0
v3_torso_proxy:v3_left_forearm_proxy,197,0.4994614491735833,7.324218749271694e-05,0.9999689165477385,0.08922592791007036,0.15089089253634155,FLAT,0.0,-1,0.3979119195313571,0.09399756093994668,0.9384775799044236,UNLOADING,0.0960573918237696,0.051973433713888045,0.019950445281333138,0.18848970012267122,0.9999689165477385,0.06176579815812072,0,ok,0.0,0.021931187325958376,FLAT,0.0,-1,0.13105271429027893,0.007117080088915571,0.13109041603987193,LOADING,0.004383843972012225,0.02443744071307803,0.02074326304999978,2.500000000000002,-3.662109374635847e-07,0.6080979034566506,0,staged_v3,0.4197617620728109,2,0.9300830061150837,0.36471846148875536,2,0,1,1
v3_pelvis_proxy:v3_right_hand_proxy,198,0.44136188792045483,0.19992675781250746,0.9999999936765616,0.17128904819163382,0.117513945265646,AIR,0.0,-1,0.6745372097220593,0.16076892152295663,0.9559172596992455,UNLOADING,0.0823349072775168,0.035891220820072255,0.03690464216489001,0.18849555802344753,0.9999999936765616,0.0545041869330844,0,ok,0.0,0.059732932756954,FLAT,0.0,-1,0.11352893896564062,0.04139962906008975,0.11018840372969432,LOADING,0.014137286426884194,0.0,0.06364624809255003,2.500000000000002,0.0009996337890625373,0.6090975372457131,0,staged_v3,0.19495500206181124,2,0.9594819015154111,0.19495500206181124,2,1,1,1
v3_torso_proxy:v3_left_forearm_proxy,199,0.9409179687499998,0.39992675781250764,0.9409096246846976,0.09461218073169264,0.09151995259469532,AIR,0.0,-1,0.7655098808418387,0.15432280159178943,0.9633770929873271,UNLOADING,0.07057277766644297,0.030596598247277583,0.042572256402088775,0.17735728587608254,0.9409096246846976,0.06976345041243291,0,ok,0.0,0.09579024281581472,FLAT,0.0,1,0.10482954311237531,0.0009796780424082665,0.09461348054052485,LOADING,0.028655268049745053,0.02875099598461798,0.05244252842569287,2.500000000000002,0.001999633789062538,0.6110971710347757,1,staged_v3,0.19597377432989613,2,0.6766806457303741,0.1970905123957195,2,1,1,1
v3_torso_proxy:v3_left_forearm_proxy,200,0.9999999999999999,0.5999267578125078,0.40281007895602716,0.12873695212499126,0.07127581074740658,AIR,0.0,-1,1.1490822727835623,0.1415782841852592,0.9136659601537312,UNLOADING,0.06049095228552255,0.05071874831608569,0.019964549691600875,0.07592791109041078,0.40281007895602716,0.06976577873885277,0,ok,0.0,0.11979547075491369,FLAT,0.0,1,0.11009314851763204,0.013579626753290226,0.08305328199361808,LOADING,0.04489342718794557,0.015573037346390678,0.051290098061213305,2.500000000000002,0.002999633789062539,0.6140968048238382,0,staged_v3,0.2189673688052472,2,0.6690452888423047,0.2189673688052472,2,1,1,1
v3_torso_proxy:v3_left_forearm_proxy,201,0.5167072035872963,0.39992675781250764,0.793944468861725,0.03154438498729011,0.0555096572241295,AIR,0.0,-1,1.2938660757937446,0.15457074316252783,0.822062391220471,UNLOADING,0.05184938767330505,0.029436182219136194,0.036666937341887355,0.14965500664405473,0.793944468861725,0.06608371163493322,0,ok,0.0,0.1428917939776525,FLAT,0.0,-1,0.1076645241832986,0.030053664685073367,0.07446806770931064,LOADING,0.06236492538808042,0.0,0.052999179811103886,-2.500000000000002,0.001999633789062538,0.6160964386129008,0,staged_v3,0.14485081354263407,2,0.947990794366895,0.11312181623624538,2,0,0,0
v3_torso_proxy:v3_left_forearm_proxy,202,0.25468834636120025,0.19992675781250746,0.41340541754738735,0.011224491576580784,0.043230964514177316,AIR,0.0,-1,1.5694874183359655,0.16297605199075116,0.7246934582085994,UNLOADING,0.04558430528909699,0.012950813283539205,0.04828385962689077,0.07792508536326559,0.41340541754738735,0.06630739013770146,0,ok,0.0,0.16222503183297213,FLAT,0.0,-1,0.10553398857027994,0.009918788513609177,0.06710648475617692,LOADING,0.08015967635190482,0.01843653572419967,0.04122751233460482,-2.500000000000002,0.0009996337890625373,0.6170960724019633,0,staged_v3,0.12329541909963654,2,0.9448381116519021,0.12438103994175641,2,1,0,0
v3_torso_proxy:v3_left_forearm_proxy,203,0.42246908098443675,7.324218749271694e-05,0.4081645596871547,0.05662491803383084,0.03366830901657341,AIR,0.0,-1,1.729394241028096,0.1466022383611203,0.6367025818510323,UNLOADING,0.040733756560419936,0.02038342333134941,0.036451705761202206,0.07693720693013267,0.4081645596871547,0.06043395109694942,0,ok,0.0,0.18706194052929048,FLAT,0.0,-1,0.09699683328239721,0.026073619694453813,0.060928934581380635,LOADING,0.09926063223994691,0.0019728270346152203,0.04661738372422747,-2.500000000000002,-3.662109374635847e-07,0.6170957061910258,0,staged_v3,0.14547803786999985,2,0.9409500818403095,0.1462705043462344,2,0,0,0
v3_torso_proxy:v3_left_forearm_proxy,204,0.2302853028911781,0.2000732421874929,0.35892065983414445,0.10201055363429545,0.026220905426797413,AIR,0.0,-1,1.806958875103941,0.15536017067241495,0.5554313767186093,UNLOADING,0.03537647935404556,0.0031457131134221203,0.04962585572250835,0.06765495048939296,0.35892065983414445,0.06366554583278455,0,ok,0.0,0.21059165420367496,FLAT,0.0,-1,0.09062755493058322,0.01267115235532696,0.05528075791570283,LOADING,0.11919850338167237,0.015092885540458182,0.0384028983142022,-2.500000000000002,-0.0010003662109374645,0.6160953399800884,0,staged_v3,0.17589016071818764,2,0.9379565745309478,0.17613313648855972,2,0,0,0
v3_torso_proxy:v3_left_forearm_proxy,205,0.11879280683774951,0.40007324218749307,0.2541634030302845,0.15005079527740592,0.020420861679231076,AIR,0.0,-1,1.9926106240206285,0.14800213381789382,0.49719801359316296,UNLOADING,0.030322696589181908,0.0,0.04989722582600733,0.047908672786279416,0.2541634030302845,0.06682066334962034,0,ok,0.0,0.24097519222443298,FLAT,0.0,-1,0.08200742446560136,0.006305201544177845,0.050459411592840044,LOADING,0.14112194786860122,0.021217769035464157,0.03420571241709008,-2.500000000000002,-0.0020003662109374654,0.6140949737691509,0,staged_v3,0.21064704507069223,2,0.9338384443736668,0.2092551577103489,2,0,0,0
v3_pelvis_proxy:v3_right_hand_proxy,206,1.0,0.2000732421874929,0.9999782250383462,0.0,0.015903783066778004,AIR,0.0,-1,2.0534231122908557,0.1819085873239193,0.45547198559376745,UNLOADING,0.02599088279072735,0.0,0.10040028337967744,0.18849145473181378,0.9999782250383462,0.05649035660628088,0,ok,0.0,0.27081508830862744,FLAT,0.0,-1,0.07654473371256197,0.06918252223142078,0.04590823206433713,SUPPORT,0.202897558294881,0.0,0.04832034984932662,2.500000000000002,-0.0010003662109374645,0.6130946075582134,0,staged_v3,0.3048700776166629,2,0.9292141616296897,0.306086564195051,2,1,1,1
v3_torso_proxy:v3_left_forearm_proxy,207,0.9999999999999999,7.324218749271694e-05,0.7715313274649503,0.0,0.012385878706204459,AIR,0.0,-1,2.1781657348602383,0.0979347706495735,0.42557398006632197,UNLOADING,0.02329429539327863,0.031789243476739906,0.014489455526576201,0.14543022902269614,0.7715313274649503,0.05908332943918934,0,ok,0.0,0.29691662284707476,FLAT,0.0,-1,0.06880819017209908,0.017402600923437744,0.04251143637291416,SUPPORT,0.2523180466359048,0.010156137703877095,0.016969434114768613,2.500000000000002,-3.662109374635847e-07,0.613094241347276,0,staged_v3,0.3724903150485956,2,0.9240619600177146,0.369471793688483,2,0,0,0
v3_torso_proxy:v3_left_forearm_proxy,208,0.9520263671875002,0.19992675781250746,0.42324987988992646,0.0,0.009646132035419471,AIR,0.0,-1,2.25309889919952,0.1472473785041442,0.40415112298219913,UNLOADING,0.020787629900077417,0.0,0.06590707290178187,0.07978072279769732,0.42324987988992646,0.05907938899288338,0,ok,0.0,0.3188898095913535,FLAT,0.0,-1,0.06785053195959648,0.0029256403483567195,0.040030985202242714,SUPPORT,0.29185443730872385,0.025458185558949124,0.001543363701163013,2.500000000000002,0.0009996337890625373,0.6140938751363385,1,staged_v3,0.4308628953818091,2,0.9179888130503795,0.4308628953818091,2,1,1,1
v3_torso_proxy:v3_left_forearm_proxy,209,0.9431290071502899,0.29992675781249645,0.9969216221623706,0.0,0.007512415182794848,AIR,0.0,-1,2.302368348463578,0.06564846981747378,0.4070239622968768,UNLOADING,0.018454351655591283,0.033151969174704296,0.012199228940139549,0.1879152986634074,0.9969216221623706,0.0592741582310015,0,ok,0.0,0.343557354852522,FLAT,0.0,-1,0.06427769199245369,0.06175032688392937,0.038253664274107216,SUPPORT,0.3234835498469791,0.010595510196643815,0.016317173017061547,1.2499999999998623,0.0014996337890624822,0.615593508925401,1,staged_v3,0.4670158522042371,2,0.900793270563835,0.4687976195357252,2,1,0,0
v3_torso_proxy:v3_left_forearm_proxy,210,0.9999999999999999,0.4999267578124966,0.8734277520145347,0.0,0.005850674827118139,AIR,0.0,-1,2.3350346759942378,0.13774695069875598,0.42730542879349,UNLOADING,0.01629667994927612,0.0,0.06363150536401319,0.1646372525502186,0.8734277520145347,0.0633626582170927,0,ok,0.0,0.3681695880905753,FLAT,0.0,-1,0.06344842096908464,0.02370219146755912,0.03698015818016006,SUPPORT,0.34878683987758324,0.024902338073780374,0.0019466698352276325,2.500000000000002,0.002499633789062483,0.6180931427144635,0,staged_v3,0.5114056554320774,2,0.9306899833192608,0.510329604850203,2,0,1,1
v3_torso_proxy:v3_left_forearm_proxy,211,1.0000000000000002,0.29992675781249645,0.6923682711318163,0.0,0.0045565101368557626,AIR,0.0,-1,2.355577700403123,0.05848706237657143,0.47504479455784127,UNLOADING,0.014310291915807018,0.016293758583953454,0.032458481143938615,0.13050834444998283,0.6923682711318163,0.06372423458307565,0,ok,0.13315026757447493,0.3883384109445179,FLAT,0.0,-1,0.06376570020913058,0.021810895577214672,0.0360676511896404,SUPPORT,0.3690294719020666,0.00887260127352946,0.01793078128595256,-2.500000000000002,0.0014996337890624822,0.619592776503526,0,staged_v3,0.34903413972098263,2,0.9213271110000302,0.3141838370016508,2,0,0,0
v3_torso_proxy:v3_left_forearm_proxy,212,0.4056585393742144,0.09992675781249627,0.4255255671209647,0.0,0.003548613662656062,AIR,0.0,-1,2.378222839273194,0.04953833937626394,0.5474425907966594,UNLOADING,0.012495386128611044,0.009135953257225146,0.04323617628260783,0.0802096797349112,0.4255255671209647,0.06372427945162971,0,ok,0.17885905472801117,0.39993890257497383,FLAT,0.0,-1,0.0643907762617427,0.0059572938225170855,0.035413811359815604,SUPPORT,0.38522357752165326,0.020813396745473698,0.022979419966379644,-2.500000000000002,0.0004996337890624813,0.6200924102925884,0,staged_v3,0.21249827775087596,2,0.9280570326257975,0.21249827775087596,2,1,0,0
v3_torso_proxy:v3_left_forearm_proxy,213,0.1727766520606023,0.10007324218750391,0.3258922091673572,0.0,0.0027636630992944273,AIR,0.0,-1,2.365473048748933,0.04587887067528464,0.6355276185553698,UNLOADING,0.010854227948996679,0.010897510252483845,0.053991320461991205,0.06142923421093907,0.3258922091673572,0.0633845493407771,0,ok,0.17802968666151936,0.4156119798810788,FLAT,0.0,-1,0.06185202283277382,0.0023939623106968263,0.0349453146496459,SUPPORT,0.3981788620173226,0.02435330342178547,0.019946261552002832,-2.500000000000002,-0.0005003662109375195,0.6195920440816509,0,staged_v3,0.09623450450191352,2,0.9346961419217638,0.09737795866133396,2,1,0,0
v3_torso_proxy:v3_left_forearm_proxy,214,0.3598961753474771,0.3000732421875041,0.9999936076961367,0.0,0.0021523429858760455,FLAT,0.0,-1,2.3612236435755594,0.0422047332919046,0.7317474632214034,UNLOADING,0.00938610559427985,0.019382639869165573,0.05488862525975055,0.1884943542944962,0.9999936076961367,0.07320482256974101,0,ok,0.19826304351271443,0.4323473299747263,FLAT,0.0,-1,0.062395399042574295,0.038327321826846325,0.03460962208790849,SUPPORT,0.4085430896138581,0.0,0.04674929927330296,-2.500000000000002,-0.0015003662109375204,0.6180916778707134,0,staged_v3,0.1549412200601725,2,0.957049616534882,0.12805685477568754,2,0,0,0
v3_torso_proxy:v3_left_forearm_proxy,215,0.05943665038814433,0.40007324218749307,0.7135761096161546,0.0,0.0016762464028385099,FLAT,0.0,-1,2.298986273087827,0.021281951772174727,0.8077886582572885,UNLOADING,0.008091261019408583,0.04410748114068969,0.05886978642517267,0.13450592782483778,0.7135761096161546,0.07064090286917765,0,ok,0.17379465985266843,0.437475257578473,FLAT,0.0,-1,0.06752216622552583,0.014838891440091914,0.03490317921839816,SUPPORT,0.4168344716910865,0.011906267520827997,0.021651966543356535,-1.2499999999998623,-0.0020003662109374654,0.6160913116597759,0,staged_v3,0.21211481132348764,2,0.9554297013071357,0.21354921689676762,2,1,0,0
v3_torso_proxy:v3_left_forearm_proxy,216,0.2959610457783187,0.6000732421874932,0.31160264950240535,0.0,0.001305462011151257,FLAT,0.0,-1,2.257425544416803,0.017690631767837896,0.8622745553939485,UNLOADING,0.006961051636050516,0.050423096001859534,0.07050884299430676,0.058735715670952315,0.31160264950240535,0.0675379473725385,0,ok,0.1947068376413232,0.44465342788808193,FLAT,0.0,-1,0.06612826374568506,0.0020988869435273104,0.03849245724464943,SUPPORT,0.4234675773528692,0.024825735918705162,0.017840164699881086,-2.500000000000002,-0.0030003662109374662,0.6130909454488385,1,staged_v3,0.19579652754803778,2,0.9667165328875075,0.1665070174214832,2,0,0,0
v3_torso_proxy:v3_left_forearm_proxy,217,0.0,0.0,0.0,0.0,0.00101669483655457,FLAT,0.0,-1,2.169535345482418,0.017690631767837896,0.8925975518369762,UNLOADING,0.005982215047254823,0.05193924582401092,0.07050884299430676,0.0,0.0,0.0675379473725385,0,ok,0.1947068376413232,0.4528962135704749,FLAT,0.0,-1,0.06346125422232356,0.0020988869435273104,0.0438454625991139,SUPPORT,0.4287740618822954,0.025093386186428385,0.017840164699881086,7.500915527343666,0.0,0.6130909454488385,1,staged_v3,0.0969954537935542,2,0.9689284849845758,0.0969954537935542,2,1,1,1
v3_torso_proxy:v3_left_forearm_proxy,218,1.0,0.20000000000000018,0.6139097356805959,0.0,0.0007918027348533532,FLAT,0.0,-1,2.045667687146569,0.05118018318170163,0.8709615347387504,UNLOADING,0.005142209041889154,0.017367893555235894,0.12348970054120925,0.11571925893488472,0.6139097356805959,0.06753797924264786,0,ok,0.1678814908185631,0.46431419727321,FLAT,0.0,-1,0.05576383242420462,0.0024267610648836405,0.05021181274426709,SUPPORT,0.4330192495058363,0.025083829572329717,0.010652591136460481,2.500000000000002,0.0010000000000000009,0.6140909454488385,0,staged_v3,0.09681299236736488,2,0.9730270041966939,0.09681299236736488,2,1,1,1
v3_torso_proxy:v3_left_forearm_proxy,219,0.9744502990664318,0.0,0.9999968271598091,0.0,0.0006166565899418714,AIR,0.0,-1,1.9455053372684528,0.03455346657600646,0.807162826013225,UNLOADING,0.004424595509351376,0.03080467472465479,0.12454342669349101,0.18849496114910153,0.9999968271598091,0.0680871344817111,0,ok,0.1716286365530007,0.4700489606381175,FLAT,0.0,-1,0.05914973942750826,0.027487803666818997,0.05636121376356046,SUPPORT,0.4364153996046691,0.0003302570213590261,0.03245773809372167,-2.500000000000002,0.0,0.6140909454488385,0,staged_v3,0.1684868226992838,2,0.9834644882738942,0.11872052712690519,2,0,0,0
v3_torso_proxy:v3_left_forearm_proxy,220,0.1625065424001312,0.20000000000000018,0.5260005792769041,0.0,0.00048025263513287167,AIR,0.0,-1,1.7119118437180614,0.017241311062308622,0.732240440401071,UNLOADING,0.0038108807557410943,0.04437071095774493,0.12156124512866913,0.09914877333841787,0.5260005792769041,0.0680872911978431,0,ok,0.1844844797431027,0.4779822231353313,FLAT,0.0,-1,0.05050963456656477,0.011620244847375175,0.06361449472933131,SUPPORT,0.4391323196837353,0.01656047988909139,0.02306112464153939,-2.500000000000002,-0.0010000000000000009,0.6130909454488385,0,staged_v3,0.1430612563920496,2,0.9805138145989427,0.1430612563920496,2,1,0,0
v3_torso_proxy:v3_left_forearm_proxy,221,0.052211600211949726,0.40000000000000036,0.453963675353224,0.0,0.00037402112831358614,AIR,0.0,-1,1.557874790648839,0.010376572170538067,0.6603332180696803,UNLOADING,0.0032846181553535412,0.04764008873294595,0.12504493916644666,0.08557013684917864,0.453963675353224,0.06794233734163754,0,ok,0.19389983129693575,0.4886089451680737,FLAT,0.0,-1,0.04752509959088878,0.0023186200608969866,0.07361319283730855,SUPPORT,0.4413058557469882,0.026362039580968444,0.013932573645522308,-2.500000000000002,-0.0020000000000000018,0.6110909454488385,1,staged_v3,0.09403089405493979,2,0.9820603594157629,0.09510302874659937,2,1,0,0
v3_torso_proxy:v3_left_forearm_proxy,222,1.0000000000000002,0.20000000000000018,1.0000000000000002,0.0,0.0002912879476158713,AIR,0.0,-1,1.3434309597257241,0.08472698844593209,0.6009790969855813,UNLOADING,0.0028319912731451643,0.0,0.21510314365261488,0.18849555921538763,1.0000000000000002,0.06794227302034825,0,ok,0.2805531209100426,0.5000082279006313,FLAT,0.0,-1,0.0391140227730025,0.007629515725488988,0.086044384674261,SUPPORT,0.44304468459759055,0.021672703508224065,0.03247736076635324,2.500000000000002,-0.0010000000000000009,0.6100909454488385,0,staged_v3,0.13651881676658248,2,0.9818993041396057,0.13651881676658248,2,1,1,1
v3_torso_proxy:v3_left_forearm_proxy,223,0.6370320862891727,0.20000000000000018,0.5209374220717173,0.0,0.0002268552817025029,AIR,0.0,-1,1.0835393492726328,0.06999408340698875,0.550691599227532,UNLOADING,0.002441982231814218,0.0,0.20158378333351057,0.09819439068963076,0.5209374220717173,0.06702263386040476,0,ok,0.1813794132655963,0.5196808778024761,FLAT,0.0,-1,0.03257487132887875,0.01766217817065228,0.1003319772889234,SUPPORT,0.4444357476780724,0.01930327511047618,0.010713323753969994,0.0,-0.0010000000000000009,0.6090909454488385,0,staged_v3,0.14845474285353097,2,0.9965273899131402,0.1473437682746912,2,1,0,0
v3_torso_proxy:v3_left_forearm_proxy,224,0.6353663571416275,0.40000000000000036,0.6797534835191836,0.0,0.00017667507103379343,AIR,0.0,-1,0.9649142673498337,0.006364618606152454,0.5225346411901207,UNLOADING,0.0021051785167241744,0.04476211345335358,0.1315705427654309,0.12813051300455627,0.6797534835191836,0.06694821949278192,0,ok,0.19021324541792525,0.5470224276831016,FLAT,0.0,-1,0.03118350829172345,0.002110612349733595,0.1174232935887741,SUPPORT,0.44554859814245795,0.028760552329705112,0.011793748698328563,-2.500000000000002,-0.0020000000000000018,0.6070909454488385,0,staged_v3,0.11996721522772019,2,0.9856134671777897,0.11763726424531623,2,0,0,0
v3_torso_proxy:v3_left_forearm_proxy,225,0.6415402721992274,0.6000000000000005,0.9999951321099931,0.0,0.0001375946836703144,AIR,0.0,-1,0.5624486982652629,0.06704898535311932,0.5028335481478033,UNLOADING,0.0018142112230027346,0.0,0.17642192573035456,0.18849464163973856,0.9999951321099931,0.06651347270369136,0,ok,0.07258012817054153,0.5519049948339332,FLAT,0.0,-1,0.04360370430187877,0.0824503913134724,0.16435641853689922,SUPPORT,0.44643887851396635,0.0,0.0395668093006582,-2.500000000000002,-0.0030000000000000027,0.6040909454488385,0,staged_v3,0.20296182305460764,2,0.9926685783125163,0.19267819747395462,2,0,0,0
v3_torso_proxy:v3_right_forearm_proxy,226,1.0,0.40000000000000036,0.999989924174237,0.0,0.0001071588473889031,AIR,0.0,-1,0.5293929062015255,0.018805067659738765,0.4856292650829637,UNLOADING,0.0015629123875858142,0.03047639559440942,0.1273352521004128,0.18849365996697587,0.999989924174237,0.06805431337281982,0,ok,0.27556114892350747,0.5674724341510192,FLAT,0.0,-1,0.0379457543543481,0.06315952643661323,0.2309447851697362,SUPPORT,0.4471511028111731,0.0,0.04668649886368116,2.500000000000002,-0.0020000000000000018,0.6020909454488385,0,staged_v3,0.3231647428887802,2,0.989943440420838,0.3063599416175366,2,0,1,1
v3_torso_proxy:v3_right_forearm_proxy,227,0.9645385742187498,0.20000000000000018,0.4432277010128978,0.0,8.34553942595069e-05,AIR,0.0,-1,0.4416149618584531,0.006538197520049253,0.4693356246591044,UNLOADING,0.0013459658757397765,0.041928583712905976,0.1143649453217761,0.0835464533621768,0.4432277010128978,0.06805255071017305,0,ok,0.3217287076493017,0.5733587929246209,FLAT,0.0,-1,0.04220225943412061,0.07897103882674088,0.3153199232079662,UNLOADING,0.3832723738381484,0.0,0.08568332916238244,2.500000000000002,-0.0010000000000000009,0.6010909454488385,1,staged_v3,0.22279488023007687,2,0.9849664128691039,0.22279488023007687,2,1,1,1
v3_torso_proxy:v3_right_forearm_proxy,228,0.9971814654845488,0.40000000000000036,0.5121882755155912,0.0,6.49951264008368e-05,AIR,0.0,-1,0.4936277896636304,0.005193653087532773,0.42132789011028987,UNLOADING,0.0011590580173379398,0.04087274141798172,0.09804121233437044,0.09654521541687638,0.5121882755155912,0.06911058878182158,0,ok,0.21084507493440027,0.5671080506703663,FLAT,0.0,-1,0.05561514188103996,0.03618545341462872,0.40762784350636505,UNLOADING,0.32851917757555577,0.009195938760689533,0.0383665422595383,-2.500000000000002,-0.0020000000000000018,0.5990909454488385,0,staged_v3,0.12588476297396076,2,0.9977750702010593,0.12672183373727985,2,1,0,0
v3_torso_proxy:v3_right_forearm_proxy,229,1.0000000000000002,0.6000000000000005,1.0,0.0,5.0618255336796644e-05,AIR,0.0,-1,0.47597501351298294,0.042382655186647,0.35143171199319956,UNLOADING,0.000998168214176188,0.0001889304130129818,0.08742137713911295,0.1884955592153876,1.0,0.06959383162146822,0,ok,0.12191847694486513,0.5521018926936829,FLAT,0.0,-1,0.07005099195032577,0.08970566424511629,0.5132688927035791,UNLOADING,0.2815878664933335,0.011361802322875467,0.03930164231230349,-2.500000000000002,-0.0030000000000000027,0.5960909454488384,0,staged_v3,0.22874971861772844,2,0.9776675059683831,0.17048966160404025,2,0,0,0
v3_pelvis_proxy:v3_left_hand_proxy,230,1.0000000000000002,0.40000000000000036,0.8113791485523026,0.0,3.9421536894005546e-05,AIR,0.0,-1,0.26083509484022327,0.07972624147328941,0.28559627554691885,UNLOADED,0.0008595960254054101,0.0,0.1680455517300966,0.15294136634207134,0.8113791485523026,0.06696740279943741,0,ok,0.3098155766301757,0.5277678144463964,FLAT,0.0,-1,0.07421943061971284,0.07971135412814795,0.6385992952932873,UNLOADING,0.24136102842285728,0.0,0.06929664740271911,2.500000000000002,-0.0020000000000000018,0.5940909454488384,0,staged_v3,0.22874019660353512,2,0.9593164939375686,0.19423502097097783,2,0,1,1
v3_torso_proxy:v3_right_forearm_proxy,231,0.9721078656345546,0.550000000000006,0.6368206544567224,0.0,3.07015238029298e-05,FLAT,0.0,-1,0.2101082423985798,0.00734464565419038,0.2253992830608218,UNLOADED,0.0007401939392544765,0.028925318498850716,0.0692721809979453,0.120037865381729,0.6368206544567224,0.07164999111838555,0,ok,0.22932235432208106,0.4767977716005525,FLAT,0.0,-1,0.081668103870957,0.023820833444794985,0.741045079414208,UNLOADING,0.20688088150530626,0.03823142052591542,0.02647937234707494,-1.875000000000071,-0.00275000000000003,0.5913409454488384,0,staged_v3,0.18056861258621273,2,0.9534217682683738,0.1824798259213121,2,1,0,0
v3_torso_proxy:v3_right_forearm_proxy,232,1.0000000000000002,0.7500000000000062,0.9999895066331564,0.0,0.0018275775197825448,FLAT,0.0,-1,0.14647550309854698,0.03573860084459385,0.1775106721649238,UNLOADED,0.0008927877525660694,0.0,0.06441396722717929,0.18849358126233637,0.9999895066331564,0.0676810659528716,0,ok,0.14612292263177581,0.39174243711802864,FLAT,0.0,-1,0.11251050718036179,0.08718856415899626,0.814450691373131,UNLOADING,0.1773264698616911,0.03421619000762993,0.03150634456102662,-2.500000000000002,-0.003750000000000031,0.5875909454488384,0,staged_v3,0.23020807153695,2,0.9222970724347989,0.19785961035644295,2,0,0,0
v3_pelvis_proxy:v3_left_hand_proxy,233,0.7529296875000001,0.550000000000006,0.696255150705142,0.0,0.039663443715711774,FLAT,0.0,-1,0.10628099053332885,0.037466266871243686,0.14097725917883586,UNLOADED,0.007528590228268196,0.0,0.09328990646407406,0.1312410039887597,0.696255150705142,0.0705727392672191,0,ok,0.25226564739249285,0.3198564387798357,FLAT,0.0,-1,0.11432029722975676,0.008543434638054893,0.867048110713529,UNLOADING,0.15199411702430665,0.06770405349202688,0.0006483520436495758,2.500000000000002,-0.00275000000000003,0.5848409454488384,1,staged_v3,0.26764759425895346,2,0.9105144887533894,0.26756433353334014,2,1,1,1
v3_pelvis_proxy:v3_left_hand_proxy,234,0.246899058690146,0.7500000000000062,0.9999988938090263,0.0,0.10940018014464777,FLAT,0.0,-1,0.07215578909088136,0.06044874665542666,0.11434248889795891,LOADING,0.025401090434819293,0.0,0.11025127899342578,0.18849535070330142,0.9999988938090263,0.022510001284874848,0,ok,0.10557974197922475,0.24910444499216694,FLAT,0.0,-1,0.16453082619870574,0.14967812534968963,0.9047358085263036,UNLOADING,0.13028067173511998,0.017062457165747037,0.05317433326056815,-2.500000000000002,-0.003750000000000031,0.5810909454488383,0,staged_v3,0.2831491018428133,2,0.9396286251325309,0.2798383860352201,2,0,0,0
v3_pelvis_proxy:v3_left_hand_proxy,235,0.9999999999999999,0.550000000000006,1.0000000000000002,0.0,0.144283142860281,FLAT,0.0,1,0.08758990974026683,0.01704571000489391,0.09444360664628401,LOADING,0.04645217684191444,0.012676470327420291,0.040173129023444214,0.18849555921538763,1.0000000000000002,0.05991722690667295,0,Stage B: NoSolutionFound: QP solver proxqp failed to find a solution.,0.2653916238566802,0.19400273682646732,FLAT,0.0,1,0.2163933461573062,0.06389464685493029,0.9317402240325999,UNLOADING,0.11166914720153141,0.045549850408359495,0.0260371607932705,2.500000000000002,-0.00275000000000003,0.5783409454488383,0,staged_v3,0.3573735142473794,2,0.9940051796458418,0.3292563477462831,2,0,1,1
v3_pelvis_proxy:v3_left_hand_proxy,236,0.9999999999999999,0.35000000000000586,0.8759482147852248,0.0,0.16941136549175462,FLAT,0.0,1,0.08677287327753269,0.07456127954421148,0.07981847502379989,LOADING,0.06833958320283218,0.0,0.12209350630801388,0.1651123485896614,0.8759482147852248,0.06168460997767394,0,ok,0.34396374334857005,0.15108948335844843,AIR,0.0,1,0.30667852538013146,0.0757198383197751,0.9510897332666056,UNLOADING,0.09571641188702693,0.0288528488379357,0.04370163782539458,2.500000000000002,-0.0017500000000000293,0.5765909454488383,0,staged_v3,0.2879791044010966,2,0.9806172696192886,0.28828930522196144,2,1,1,1
v3_pelvis_proxy:v3_left_hand_proxy,237,1.0000000000000002,0.15000000000000568,0.7084007555566012,0.0,0.19341535299808577,FLAT,0.0,1,0.08570028529647869,0.07104210049514811,0.06822147503688586,LOADING,0.09071572102662101,0.0,0.13802029264142265,0.13353039656724464,0.7084007555566012,0.0671795555189369,0,ok,0.42113988748114417,0.11766860795341363,AIR,0.0,1,0.4708945129532356,0.09075028556402978,0.9649542624770073,UNLOADING,0.08204263876030879,0.017936846579993185,0.05531086654385718,2.500000000000002,-0.0007500000000000284,0.5758409454488382,0,staged_v3,0.18792496071716402,2,0.977519192721833,0.18915530686848303,2,1,1,1
v3_torso_proxy:v3_right_forearm_proxy,238,0.9999999999999999,0.04999999999999449,0.521906300219455,0.0,0.2214056657219176,FLAT,0.0,1,0.07781486232152075,0.014151685601538812,0.06797683448466187,LOADING,0.1138436187071313,0.014247156122694282,0.07230645187729862,0.09837701991790015,0.521906300219455,0.07213317300459039,0,ok,0.2772487388841007,0.09164040401704068,AIR,0.0,1,0.640062583068452,0.08881332569461359,0.9477147011297298,UNLOADING,0.0703222617945504,0.0647283528785684,0.007657382177918084,2.500000000000002,0.00024999999999997247,0.5760909454488382,0,staged_v3,0.20169665975864556,2,0.9727728563226165,0.2003750197687664,2,1,1,1
v3_torso_proxy:v3_left_forearm_proxy,239,0.639391047889771,0.20182137371977937,0.9999938328096551,0.0,0.24706919746910405,FLAT,0.0,1,0.07292368799526948,0.051909236008647414,0.06919035328468691,LOADING,0.13706977344779558,0.0,0.05974704325316275,0.18849439672739476,0.9999938328096551,0.055082517264539665,0,ok,0.12297915188671232,0.0713696184094512,AIR,0.0,1,0.7199653218237985,0.19158414199939833,0.8870158779470613,UNLOADING,0.06027622439532891,0.01722634001795386,0.052124453879399214,1.897767171497311,0.0010091068685988969,0.5771000523174371,0,staged_v3,0.28093482032782,2,1.0040099741883035,0.24440160865322058,2,0,0,0
v3_torso_proxy:v3_left_forearm_proxy,240,0.7381591796875001,0.40182137371977955,0.7381591796874998,0.0,0.26548520803272996,FLAT,0.0,1,0.07111233658636094,0.006224660248769557,0.06867106608534518,SUPPORT,0.19965581875823646,0.022208893055497704,0.02885381301834732,0.13913972736516705,0.7381591796874998,0.061186242268917335,0,ok,0.19729930682853292,0.05558271470478795,AIR,0.0,1,1.0657696761137656,0.1600298938452702,0.7836136090430933,UNLOADING,0.05166533519599621,0.016448931851511202,0.04773174860064346,2.500000000000002,0.0020091068685988978,0.579109159186036,1,staged_v3,0.35367957883071555,2,1.0045365282149856,0.3533993599102276,2,0,1,1
v3_torso_proxy:v3_left_forearm_proxy,241,0.655362004430835,0.6018213737197797,0.99999640814087,0.0,0.29078792952708665,FLAT,0.0,1,0.06312345397598716,0.013446445410668733,0.06854411896831297,SUPPORT,0.24972465500658916,0.014980760537746916,0.030107316909599245,0.18849488216589227,0.99999640814087,0.054517665562183265,0,ok,0.16173766301029516,0.043287861737323345,AIR,0.0,1,1.1195885203338092,0.17685345348554043,0.6789207147476776,UNLOADING,0.04428457302513961,0.0,0.06331340444914575,2.500000000000002,0.0030091068685988986,0.5821182660546349,0,staged_v3,0.4361197890364087,2,0.9836612295024711,0.43562253659063066,2,0,0,0
v3_torso_proxy:v3_left_forearm_proxy,242,0.6502143598285668,0.8018213737197799,0.9496727751569254,0.0,0.3250819955592982,FLAT,0.0,1,0.04922675540164471,0.032077689373667895,0.06985369411184916,SUPPORT,0.28977972400527136,0.0,0.03925588141320728,0.1790091008248337,0.9496727751569254,0.05917402631146991,0,ok,0.2473816451935993,0.03371262061851413,AIR,0.0,1,1.2369780695419528,0.1109194138645841,0.5856819908130209,UNLOADING,0.03795820545011967,0.042080908118423466,0.012203191422227578,2.500000000000002,0.0040091068685988995,0.5861273729232338,0,staged_v3,0.5098870916659438,2,0.9890270823501753,0.5055509130746386,2,0,0,0
v3_torso_proxy:v3_left_forearm_proxy,243,0.28054246139636224,1.0000000000000009,0.8061750337371615,0.0,0.35380964238526474,FLAT,0.0,1,0.045181477230477135,0.0012152675918073218,0.07126205189921646,SUPPORT,0.32182377920421706,0.027347835003153503,0.027574260425156275,0.1519604138097702,0.8061750337371615,0.06187038380315557,0,ok,0.28714558162738,0.026255415337087994,AIR,0.0,1,1.3921821733702278,0.11347348266383231,0.5188735257558936,UNLOADING,0.032535604671531146,0.038274192752500866,0.012669483535293822,2.4772328285027623,0.0050000000000000044,0.5911273729232338,1,staged_v3,0.5679443411226661,2,1.0320394244586206,0.567426509271363,2,0,0,0
v3_torso_proxy:v3_left_forearm_proxy,244,0.14926842189282882,1.0000000000000009,0.8796872289321982,0.0,0.38139588451272,FLAT,0.0,-1,0.04366869720121087,0.013461630188480418,0.07222018214496591,SUPPORT,0.34745902336337364,0.01514937891876788,0.03153333974263658,0.1658171361522094,0.8796872289321982,0.07123505602832998,0,ok,0.0,0.020447738024389102,AIR,0.0,1,1.4672117655214676,0.11191207647980056,0.47100316873108705,UNLOADING,0.027887661147026697,0.03771497981320568,0.010835178623348683,0.0,0.0050000000000000044,0.5961273729232338,0,staged_v3,0.6151990054952929,2,0.8761041874560159,0.6114157496566789,2,0,0,0
v3_torso_proxy:v3_left_forearm_proxy,245,0.2513880495872874,1.0000000000000009,0.4694520250402223,0.037448352058117244,0.3070440564889379,FLAT,0.0,-1,0.134716900168795,0.005039491426704426,0.06867960616626537,SUPPORT,0.3679672186906989,0.023394488881608843,0.03233371729979372,0.08848962198475285,0.4694520250402223,0.07382889217890541,0,ok,0.0,0.015924714385433174,AIR,0.0,1,1.6472681502263011,0.09945035106473497,0.4367025590744672,UNLOADING,0.025185188248992102,0.03667817125635253,0.010156956697370833,0.0,0.0050000000000000044,0.6011273729232338,0,staged_v3,0.15720649005214574,2,0.5090319718700472,0.1588301743338932,2,1,0,0
v3_torso_proxy:v3_left_forearm_proxy,246,0.9999999999999997,0.8626834421213703,0.41226891727082415,0.1067307816030507,0.2667501362438471,FLAT,0.0,-1,0.11240032675651945,0.022712047888970403,0.06614267262006099,SUPPORT,0.38437377495255914,0.005595085742032647,0.039568081657969364,0.07771086010808637,0.41226891727082415,0.07382925331008196,0,ok,0.0,0.012402180033563822,AIR,0.0,1,1.7514355233827699,0.09751762183164889,0.41212509828372934,UNLOADING,0.02262886569460735,0.04147419650793065,0.004132058406255819,-1.7164569734828827,0.004313417210606851,0.6054407901338407,0,staged_v3,0.14417662879893078,2,0.692403467864387,0.14417662879893078,2,1,1,1
v3_torso_proxy:v3_left_forearm_proxy,247,0.9999999999999999,0.6626834421213701,0.3637576151478319,0.16105205943195944,0.23037745717261465,FLAT,0.0,-1,0.1194599970693596,0.060972215599632645,0.05931918932435379,LOADING,0.32978823688706504,0.0,0.07064600854930489,0.06856669508614632,0.3637576151478319,0.07382924659901181,0,ok,0.0,0.009658827521932048,AIR,0.0,1,1.9591626382504574,0.09148180153275265,0.4127375652701653,UNLOADING,0.020206494390687064,0.04301022419519506,0.0026266540683132058,-2.500000000000002,0.0033134172106068505,0.6087542073444475,0,staged_v3,0.14523957320350603,2,0.8631337154868274,0.14523957320350603,2,1,1,1
v3_torso_proxy:v3_right_forearm_proxy,248,1.0,0.8626834421213703,0.43539501390304763,0.04638477347320061,0.2491626477111462,FLAT,0.0,-1,0.07607457682580115,0.014980020651284221,0.05365917163500469,LOADING,0.28267668256503536,0.012702937930466014,0.0343660119634248,0.08207002662524643,0.43539501390304763,0.08657870295783764,0,ok,0.0,0.007522302437632316,AIR,0.0,1,1.9700532334189267,0.06849469230222242,0.43139940422003875,UNLOADING,0.017930878855971027,0.03657544137741703,0.009994528833584915,2.500000000000002,0.004313417210606851,0.6130676245550544,0,staged_v3,0.16568863190355518,2,0.8371940731533433,0.1606868856523051,2,0,0,0
v3_torso_proxy:v3_right_forearm_proxy,249,0.6263268126158342,0.6626834421213701,0.3149400387828354,0.015946949898217423,0.2879953116052938,FLAT,0.0,-1,0.06335691257985034,0.0023782278080216332,0.04874329454290459,LOADING,0.25884525505182093,0.0250589369191236,0.023452053572325483,0.05936479872968642,0.3149400387828354,0.08034373154330211,0,ok,0.0,0.005858375028927985,AIR,0.0,1,2.009211246930052,0.07337775171016458,0.46299418331790776,UNLOADING,0.01581875065752366,0.01394948047267254,0.03420022869322285,-2.500000000000002,0.0033134172106068505,0.6163810417656612,1,staged_v3,0.12873802737404744,2,0.7944328949079187,0.12557121986010455,2,0,0,0
v3_torso_proxy:v3_right_forearm_proxy,250,0.08066116420525284,0.4626834421213699,0.17492886699003815,0.033481048430472476,0.3302462195648116,FLAT,0.0,-1,0.0578964368103263,0.0023913470713183673,0.04638746566141636,SUPPORT,0.29707620404145674,0.02492802621175245,0.021720401780994388,0.0329733146062014,0.17492886699003815,0.07674199073590375,0,ok,0.0,0.0045625070600550785,AIR,0.0,1,2.039077787901459,0.06922076027037621,0.5224800010781007,UNLOADING,0.013870170330220088,0.011329872755781664,0.03979412729812337,-2.500000000000002,0.0023134172106068496,0.6186944589762681,1,staged_v3,0.12790243651224423,2,0.7551271687702341,0.1243529203330599,2,0,0,0
v3_torso_proxy:v3_right_forearm_proxy,251,0.04922345937841541,0.26268344212136974,0.13817358464340296,0.05036211790084139,0.3663633248834989,FLAT,0.0,-1,0.0576588126808061,0.0024557952377724903,0.04435289114017539,SUPPORT,0.3276609632331654,0.024761849319236282,0.020325769604107213,0.02604510710615293,0.13817358464340296,0.07398057184351527,0,ok,0.0,0.0035532840711397086,AIR,0.0,1,2.0679007753190386,0.06261831247508245,0.6092506793689509,UNLOADING,0.012087066474018214,0.01179460422127717,0.04366792974717038,-2.500000000000002,0.0013134172106068487,0.6200078761868749,1,staged_v3,0.12767218862446075,2,0.72935195139072,0.12386542617040568,2,0,0,0
v3_torso_proxy:v3_right_forearm_proxy,252,0.056580531225757076,0.08816842879566522,0.31224173939469996,0.05880905331765437,0.39951696599683545,FLAT,0.0,-1,0.05319028888620976,0.0065625257283874645,0.04236621733982343,SUPPORT,0.3521287705865323,0.02055578513860371,0.018443685964631105,0.05885618127758929,0.31224173939469996,0.07328637577369222,0,ok,0.0,0.0027673004170787547,FLAT,0.0,1,2.0843390312593457,0.04705499349940391,0.7157854819023344,UNLOADING,0.010472700828368684,0.013734280595712814,0.0522195231103874,-2.1814376665713064,0.0004408421439783261,0.6204487183308532,0,staged_v3,0.12748965423972783,2,0.7411893415386602,0.12933660979064784,2,1,0,0
v3_torso_proxy:v3_right_forearm_proxy,253,0.0685750646154775,0.11183157120433496,0.2563873585035428,0.07399937121807686,0.42594650257469335,FLAT,0.0,-1,0.05463831341812865,0.00353583755051162,0.040551012914626726,SUPPORT,0.3717030164692258,0.02349171309521972,0.015416140155231243,0.04832787851688136,0.2563873585035428,0.0722904480967602,0,ok,0.0,0.0021551757318147595,FLAT,0.0,1,2.087217816412142,0.03669145024537378,0.7963513988633817,UNLOADING,0.009039300499028539,0.028126119697795313,0.05859422881200581,-2.500000000000002,-0.0005591578560216748,0.6198895604748316,0,staged_v3,0.12499544667636228,2,0.7345709666296161,0.12613067413959375,2,1,0,0
v3_torso_proxy:v3_right_forearm_proxy,254,0.07155508773929889,0.31183157120433513,0.44707031674363706,0.08015300504383387,0.4497408365288755,FLAT,0.0,-1,0.05518383761795843,0.012675143032987994,0.03912922971952092,SUPPORT,0.38736241317538067,0.014281318452988054,0.020545647751745198,0.08427076936319233,0.44707031674363706,0.06810319554408657,0,ok,0.0,0.0016784525475938227,FLAT,0.0,-1,2.067090537740145,0.037064446758236745,0.85407940093106,UNLOADING,0.007782960542203559,0.03063952328831627,0.06694271475577727,-2.500000000000002,-0.0015591578560216757,0.6183304026188099,0,staged_v3,0.17809696252160936,2,0.987761824197368,0.1358895494414142,2,0,0,0
v3_torso_proxy:v3_right_forearm_proxy,255,0.12054048658770412,0.5118315712043353,0.3638862016494868,0.10185793951799035,0.4617700485339157,FLAT,0.0,-1,0.05322299391751936,0.002925243274784624,0.03890098159275075,SUPPORT,0.39988993054030453,0.024019805804852915,0.01235838465030115,0.06859093307068331,0.3638862016494868,0.06810203880859668,0,ok,0.0,0.0013071801584142635,FLAT,0.0,-1,2.0241063694538184,0.021468111237629484,0.89544332190942,UNLOADING,0.006690633952607296,0.04830405485784152,0.0687814269879731,-2.500000000000002,-0.0025591578560216766,0.6157712447627882,1,staged_v3,0.12663659558512758,2,0.9977586570044755,0.12663659558512758,2,1,0,0
v3_torso_proxy:v3_right_forearm_proxy,256,0.3853149414062502,0.12015336358721651,0.19343254075246014,0.08010732222458901,0.46813010424957524,FLAT,0.0,-1,0.05750285365785106,0.007645190733300281,0.03995732132931166,SUPPORT,0.4099119444322436,0.02325247070151979,0.0037453953649457953,0.036461174939588226,0.19343254075246014,0.0681020592459504,0,ok,0.0,0.0010180329309884314,FLAT,0.0,-1,1.942796033277027,0.01305928719681181,0.9001694905175712,UNLOADING,0.005749347780259177,0.05694918732906676,0.057598733447110986,4.895977595213985,-0.0006007668179360826,0.6151704779448521,1,staged_v3,0.12251225981487336,2,1.0021659993601304,0.12251225981487336,2,1,1,1
v3_torso_proxy:v3_right_forearm_proxy,257,0.02362060546875016,0.07984663641278367,0.014609156873900117,0.09644226939711326,0.4586931437754199,FLAT,0.0,-1,0.06741965076338688,0.008450958602209744,0.0418628874991724,SUPPORT,0.41792955554579486,0.02330630488838279,0.0037868394865758328,0.0027537611946111262,0.014609156873900117,0.06810205924651576,0,ok,0.0,0.0007928448438462678,AIR,0.0,-1,1.83076491337283,0.013129537044738456,0.8589389207194382,UNLOADING,0.004943989461561435,0.054817408991233454,0.05767426325079227,2.500000000000002,0.00039923318206391833,0.615569711126916,1,staged_v3,0.11975294960366807,2,1.0054062484928898,0.11975294960366807,2,1,1,1
v3_torso_proxy:v3_right_forearm_proxy,258,0.3763874419443808,0.11588522042267346,0.8785616785687185,0.13306078003644237,0.4573156616403128,FLAT,0.0,-1,0.06410974868001505,0.003259625281312473,0.04355227606056396,SUPPORT,0.4243436444366359,0.023917988521715727,0.006897226511204953,0.1656049749070202,0.8785616785687185,0.06765176696934487,0,ok,0.0,0.0006174681852415991,AIR,0.0,-1,1.6597536089498883,0.00908597558823293,0.7753785382948466,UNLOADING,0.004257519053670573,0.05468295132650941,0.09990676397228235,-2.446648210443214,-0.0005794261021133673,0.6149902850248027,1,staged_v3,0.11625453628309336,2,0.9999555330288923,0.11789646608796187,2,1,0,0
v3_torso_proxy:v3_right_forearm_proxy,259,0.5467369436982128,0.31588522042267364,0.999996145067883,0.14998243629977648,0.4630586209951663,FLAT,0.0,1,0.0630457210208264,0.011030724589532456,0.045820860983101744,SUPPORT,0.4294749155493087,0.026614918058579184,0.0006761249905759036,0.18849483257780247,0.999996145067883,0.054406916000634645,0,ok,0.0,0.00048088470618783667,AIR,0.0,1,1.5419981590211076,0.05037777390420455,0.6912430158891677,UNLOADING,0.0036705129762301452,0.009184376890253837,0.13263623527199486,-2.500000000000002,-0.0015794261021133682,0.6134108589226893,0,staged_v3,0.1900063345555511,2,0.9446905175013091,0.13158960009307374,2,0,0,0
v3_torso_proxy:v3_right_forearm_proxy,260,0.7227449524851253,0.5158852204226738,1.0000000000000002,0.09519395640048271,0.47511317676098663,FLAT,0.0,1,0.05924829645181358,0.04816632254619201,0.05065040969777285,SUPPORT,0.433579932439447,0.016760692561937955,0.01077182792295069,0.18849555921538763,1.0000000000000002,0.06016101760594979,0,ok,0.0,0.00037451338574614963,AIR,0.0,1,1.2263316650323375,0.06708439638953757,0.6230851728540086,UNLOADING,0.00316631964363332,0.0,0.20590793098125765,-2.500000000000002,-0.002579426102113369,0.610831432820576,0,staged_v3,0.27224856108863876,2,0.9634565384896214,0.2727228314835484,2,0,0,0
v3_torso_proxy:v3_right_forearm_proxy,261,0.29510498046875017,0.31588522042267364,0.29510498046875017,0.12678033497157537,0.48824244674007683,FLAT,0.0,1,0.05723331445952989,0.027889613772027283,0.05743050173196065,SUPPORT,0.4368639459515576,0.027784572314080876,8.695277251716e-05,0.055625978320703096,0.29510498046875017,0.059924382672743345,0,ok,0.0,0.00029167131808982447,AIR,0.0,1,1.0609550355226025,0.06972492074214659,0.5654034928043239,UNLOADING,0.0027320967425558456,0.0,0.20201634715067,2.500000000000002,-0.0015794261021133682,0.6092520067184626,1,staged_v3,0.37807987742979804,2,0.9726628516494553,0.3799374837672337,2,1,1,1
v3_torso_proxy:v3_right_forearm_proxy,262,0.00018310546874992421,9.446140509794532e-05,0.00013879694771145137,0.12676733085342132,0.49868976086564626,FLAT,0.0,1,0.05128853004517491,0.02787768711069861,0.06654115937303853,SUPPORT,0.43949115676124606,0.028242288912166628,8.476905648530184e-05,2.6162608276258936e-05,0.00013879694771145137,0.05992494573231126,0,ok,0.0,0.00022715385092782412,AIR,0.0,1,0.7920522710365706,0.0697313754193486,0.5283935154721345,UNLOADING,0.0023571010977740158,0.0,0.2020254863722482,3.947384487719696,-4.723070254897266e-07,0.6092515344114371,1,staged_v3,0.17385710270149346,2,0.6429738201845725,0.17326442584659557,2,1,1,1
v3_torso_proxy:v3_right_forearm_proxy,263,0.09778030653738724,0.02973816000497731,0.10563967154675873,0.1294224760995973,0.5029102325415244,FLAT,0.0,1,0.05426989400199439,0.024903820197934953,0.08117983219457484,SUPPORT,0.44159292540899686,0.028568226762412448,0.0004907648473162956,0.019912608963536155,0.10563967154675873,0.059924946248525665,0,ok,0.0,0.0001769075969802746,AIR,0.0,1,0.5422888723831546,0.05814144406965424,0.5020390985092331,UNLOADING,0.0020329570933024224,0.0,0.18870536609172173,-0.37054623249849206,-0.00014869080002488655,0.6091028436114122,1,staged_v3,0.11461850425053279,2,0.9497475385072228,0.11461850425053279,2,1,0,0
v3_torso_proxy:v3_right_forearm_proxy,264,0.06414794921874994,0.17026183999502287,0.06414794921874997,0.1033660242237188,0.509648306581358,FLAT,0.0,1,0.05676511214403729,0.02530856163282174,0.10103500955900979,SUPPORT,0.4432743403271975,0.029448285657429497,0.0006034648205209938,0.012091603560508563,0.06414794921874997,0.06000865071410476,0,ok,0.0,0.00013777577505951836,AIR,0.0,1,0.4133235858213979,0.05991532112470449,0.4860368159368132,UNLOADING,0.001752650605121557,0.0,0.18849267149898458,2.500000000000002,0.0008513091999751143,0.6099541528113873,1,staged_v3,0.19734413302240417,2,0.949387160154532,0.198885425842034,2,1,1,1
v3_torso_proxy:v3_right_forearm_proxy,265,0.0,0.0,0.0,0.1033660242237188,0.5034438190438641,FLAT,0.0,1,0.058387494877835316,0.02530856163282174,0.15049316127938062,SUPPORT,0.44461947226175796,0.03192119324344804,0.0006034648205209938,0.0,0.0,0.06000865071410476,0,ok,0.0,0.00010729988150462264,AIR,0.0,1,0.2548238125487639,0.05991532112470449,0.4729308015742074,UNLOADING,0.0015103511561807379,0.0,0.18849267149898458,-2.128272999937786,0.0,0.6099541528113873,1,staged_v3,0.14536836715980414,2,0.949929613255357,0.14536836715980414,2,1,1,1
v3_torso_proxy:v3_right_forearm_proxy,266,0.36685190298139175,0.20000000000000018,0.999999157077118,0.11842530493207327,0.4961624137316223,FLAT,0.0,1,0.06525030624549033,0.03635008981096224,0.23815624925071022,UNLOADING,0.38110240479579255,0.012295668896676468,0.024612143565859047,0.18849540032816758,0.999999157077118,0.052078439931264986,0,ok,0.0,8.356523173926907e-05,AIR,0.0,1,0.3192453166854975,0.04306487048222092,0.4615463962460664,UNLOADING,0.0013010147053232814,0.005012449330082401,0.11120496486467232,-2.500000000000002,-0.0010000000000000009,0.6089541528113873,0,staged_v3,0.193025322563967,2,0.9320056186308253,0.14138650597008828,2,0,0,0
v3_torso_proxy:v3_right_forearm_proxy,267,0.56314041716131,0.20000000000000018,0.6925223989103725,0.1363813777719212,0.47592652096283805,FLAT,0.0,1,0.08022363804663549,0.02484102442469027,0.3369937140019698,UNLOADING,0.32665920411067934,0.02787111484103845,0.013978570859060041,0.1305373968517924,0.6925223989103725,0.05611479801265824,0,ok,0.0,6.508066791608616e-05,AIR,0.0,1,0.4741249213353545,0.02875705873809633,0.40928038656103827,UNLOADING,0.0011206475227047755,0.016706960589955584,0.11197131277093866,0.0,-0.0010000000000000009,0.6079541528113873,0,staged_v3,0.20998780821102672,2,0.9423608625334058,0.20985082047035633,2,1,0,0
v3_torso_proxy:v3_right_forearm_proxy,268,0.2320455502132137,0.0,0.42541876621660474,0.16039945350925108,0.4695059672800019,FLAT,0.0,1,0.07484224580290565,0.02223895019712359,0.47082525101217365,UNLOADING,0.27999360352343944,0.031185010716530234,0.017356251834078452,0.08018954823871915,0.42541876621660474,0.056116916755473936,0,ok,0.0,5.068487513585796e-05,AIR,0.0,1,0.36549174013675273,0.01524845181739867,0.3578187518479916,UNLOADING,0.0009652048589436896,0.02764248577500091,0.09445985589810926,2.500000000000002,0.0,0.6079541528113873,0,staged_v3,0.16079639274469465,2,0.9377568835331869,0.16079639274469465,2,1,1,1
v3_torso_proxy:v3_right_forearm_proxy,269,0.9222412109374999,0.20000000000000018,0.9222412109374999,0.1847339591186872,0.46483022387882134,FLAT,0.0,1,0.07725998057096671,0.03408995273338701,0.5998787036083688,UNLOADING,0.23999451730580523,0.054481172011979224,0.0005127631684392177,0.1738383727871403,0.9222412109374999,0.06463923222594732,0,ok,0.0,3.9473420445682555e-05,FLAT,0.0,1,0.2913147388551764,0.038244403337104105,0.30201929590400517,LOADING,0.0008312544056368417,0.0018565614580961579,0.07494115693087496,-2.500000000000002,-0.0010000000000000009,0.6069541528113873,1,staged_v3,0.19127264679190964,2,0.9498706775157062,0.13429508417920843,2,0,0,0
v3_torso_proxy:v3_left_forearm_proxy,270,0.9999999999999999,0.40000000000000036,0.9608610164704469,0.29981224938060663,0.4726529113690574,FLAT,0.0,1,0.06972928211219129,0.0929234493187277,0.7133005631080209,UNLOADING,0.20570958626211877,0.0023407646636973284,0.05832426349170372,0.18111803462786263,0.9608610164704469,0.05151806202204599,0,ok,0.0,3.074193075360438e-05,FLAT,0.0,1,0.1900971640394179,0.04443603261593798,0.24962667284095025,LOADING,0.0007157991940977037,0.0,0.08333482076850153,-2.500000000000002,-0.0020000000000000018,0.6049541528113873,0,staged_v3,0.2626173333861537,2,0.9694420415631907,0.2288374488240664,2,0,1,1
v3_torso_proxy:v3_left_forearm_proxy,271,0.9417724609374999,0.20000000000000018,0.7303849435149855,0.3529035939222628,0.4432946598094175,FLAT,0.0,1,0.07851890721442446,0.08570634579986505,0.7945708767430228,UNLOADING,0.17632250251038753,0.0,0.09256212683311621,0.13767431837035649,0.7303849435149855,0.0519330109098429,0,ok,0.0,0.0008346909689930162,FLAT,0.0,1,0.14479336615930707,0.002881309790423077,0.1986321366717555,LOADING,0.0007090985261353625,0.0320502970431647,0.05018761369398089,2.500000000000002,-0.0010000000000000009,0.6039541528113873,1,staged_v3,0.18303148746111556,2,0.9705882650277458,0.18401827634066326,2,1,1,1
v3_torso_proxy:v3_left_forearm_proxy,272,6.10351562500141e-05,0.0,1.4463683228677009e-05,0.33207166367605284,0.39070946103751464,FLAT,0.0,1,0.08924610438311777,0.08570388294654904,0.8528036010826536,UNLOADING,0.15113357358033216,0.0,0.09255869615019585,2.7263400585036957e-06,1.4463683228677009e-05,0.05193301093641034,0,ok,0.0,0.05132089893705618,FLAT,0.0,1,0.09102918479637863,0.0028797390562733194,0.15665876787833907,LOADING,0.00922348484954193,0.029953199337643635,0.05018603373438204,2.500000000000002,0.0,0.6039541528113873,1,staged_v3,0.13402649907893024,2,0.9835396497074722,0.13402649907893024,2,1,1,1
v3_torso_proxy:v3_left_forearm_proxy,273,0.054992675781250076,0.20000000000000018,0.0137655655629945,0.3069015510600494,0.3042848342094229,FLAT,0.0,1,0.20280776038323547,0.08508934917374333,0.8945291713720115,UNLOADING,0.12954306306885616,0.0,0.09060980731221868,0.0025947479787127303,0.0137655655629945,0.051933010660511134,0,ok,0.0,0.09828843901536899,FLAT,0.0,1,0.09037717383033293,0.0025714475911616215,0.12485729182429403,LOADING,0.024582070020088092,0.028671417000053084,0.04984133774663221,2.500000000000002,0.0010000000000000009,0.6049541528113873,1,staged_v3,0.10498977048211712,2,0.9848993058149124,0.10498977048211712,2,1,1,1
v3_torso_proxy:v3_left_forearm_proxy,274,0.13623046874999992,0.40000000000000036,0.059618556587039566,0.27654017419499116,0.23697726715905118,FLAT,0.0,1,0.26470398268726336,0.08470778795487724,0.9244268489358839,UNLOADING,0.11103691120187671,0.0,0.08548329794878365,0.011237833163488253,0.059618556587039566,0.05193301066049143,0,ok,0.0,0.14121275734278926,FLAT,0.0,1,0.08848845353504282,0.0018493596787496668,0.10207053850910816,LOADING,0.04502547504736142,0.028254167246705743,0.04893696937201571,2.500000000000002,0.0020000000000000018,0.6069541528113873,1,staged_v3,0.10593189734044835,2,0.984829780691062,0.10593189734044835,2,1,1,1
v3_torso_proxy:v3_left_forearm_proxy,275,0.9885103498944032,0.20000000000000018,0.8814722385871376,0.22604279937247218,0.18455808123359058,FLAT,0.0,-1,0.5912136982070034,0.11540261523259376,0.945849471023838,UNLOADING,0.09517449531589432,0.01815635940807058,0.05413611414312131,0.16615360254532208,0.8814722385871376,0.054926286502654534,0,ok,0.0,0.17352614122322585,FLAT,0.0,1,0.08894371783402365,0.006153721988324281,0.08561958783450557,LOADING,0.06775416094452534,0.023127257403401,0.035764780409082764,-2.500000000000002,0.0010000000000000009,0.6079541528113873,0,staged_v3,0.12710364458873885,2,0.6804456201031333,0.12844452280967225,2,1,0,0
v3_torso_proxy:v3_left_forearm_proxy,276,0.9999999999999999,0.0,0.9999871905203428,0.23191371676685335,0.1437339781868763,AIR,0.0,-1,0.655107336481561,0.09147849080780707,0.9611994505044467,UNLOADING,0.08157813884219514,0.06753464670356188,0.005525325821660463,0.18849314468535636,0.9999871905203428,0.06743225781641814,0,ok,0.0,0.20392365937543722,FLAT,0.0,1,0.0875278165868627,0.008847305762031271,0.07387400535098884,LOADING,0.09197512912992886,0.019846394505518172,0.03725475336998164,-2.500000000000002,0.0,0.6079541528113873,0,staged_v3,0.1971746214492695,2,0.6542635059290038,0.17173662183386912,2,0,0,0
v3_pelvis_proxy:v3_right_hand_proxy,277,0.6686209531278319,0.20000000000000018,1.0,0.17931313441653401,0.11194013476590749,AIR,0.0,-1,0.8057916551624059,0.1710944615262242,0.972198191418968,UNLOADING,0.06992411900759583,0.006320182580125705,0.0672897269908227,0.1884955592153876,1.0,0.0560458603732058,0,ok,0.0,0.23043816904167508,FLAT,0.0,-1,0.08716512797820136,0.03989005086788832,0.06274717369338392,LOADING,0.11677586834858944,0.0,0.06496140763908548,-2.500000000000002,-0.0010000000000000009,0.6069541528113873,0,staged_v3,0.22698967171861104,2,0.953118392517091,0.22341392365058485,2,0,0,0
v3_torso_proxy:v3_right_forearm_proxy,278,1.0000000000000002,0.0,1.0000000000000002,0.12080103774202654,0.08717906461280735,AIR,0.0,-1,0.8881958399370733,0.1699937717626189,0.9800791336611115,UNLOADING,0.05993495914936786,0.010722435048258719,0.06328152163479686,0.18849555921538763,1.0000000000000002,0.07862782106687506,0,ok,0.0,0.27129582452788437,FLAT,0.0,-1,0.06924317350018629,0.015021608536674504,0.061178500786664335,SUPPORT,0.18342069467887157,0.013037316502658715,0.017444378310491348,2.500000000000002,0.0,0.6069541528113873,0,staged_v3,0.3442254759519958,2,0.9380804175086437,0.34265635350054147,2,0,1,1
v3_torso_proxy:v3_right_forearm_proxy,279,0.2780761718749997,0.20000000000000018,0.2780761718750001,0.13576875682573897,0.06789512378788697,AIR,0.0,-1,0.9272935255357266,0.1839061737284861,0.9632244099462437,UNLOADING,0.0513728221280296,0.0039000883194625774,0.06926113217784961,0.05241612352205238,0.2780761718750001,0.07841221857895565,0,ok,0.0,0.31727634510826813,FLAT,0.0,-1,0.05761720128260739,0.02079510359835402,0.060586034754647994,SUPPORT,0.23673655574309727,0.021407329200300203,0.0066219725374322,2.500000000000002,0.0010000000000000009,0.6079541528113873,1,staged_v3,0.4418889829135856,2,0.9289950190790887,0.4430236031380741,2,1,1,1
v3_torso_proxy:v3_left_forearm_proxy,280,0.9639385350924105,0.0,0.7725546603956914,0.236669865428693,0.05287677557273634,AIR,0.0,-1,1.029766179980089,0.127983491484588,0.9043196839449239,UNLOADING,0.044033847538311084,0.027192996589083022,0.04302298760816318,0.1456231227357397,0.7725546603956914,0.07249020717767098,0,ok,0.0,0.3635565156484296,FLAT,0.0,-1,0.04536425845673631,0.009037154222661839,0.06608637814524079,SUPPORT,0.27938924459447784,0.019267164684600203,0.028800102571253296,-2.500000000000002,0.0,0.6079541528113873,0,staged_v3,0.5128300113911965,2,0.9290132213561173,0.5146072083657769,2,1,0,0
v3_torso_proxy:v3_left_forearm_proxy,281,0.5027424660993953,0.20000000000000018,0.8763335359541662,0.28750577744222094,0.041180474222338,AIR,0.0,-1,1.060093112415958,0.11836401671297501,0.809998241960717,UNLOADING,0.03774329788998093,0.03024747621722678,0.03525243588080907,0.16518497991887854,0.8763335359541662,0.0686517784184317,0,ok,0.0,0.4095109941021989,FLAT,0.0,-1,0.03566722522772642,0.010101222371240181,0.07002754640350813,SUPPORT,0.3135113956755823,0.018400154948935227,0.02937920793487172,-2.500000000000002,-0.0010000000000000009,0.6069541528113873,0,staged_v3,0.59211393367303,2,0.9324537133594956,0.5797240648322839,2,0,0,0
v3_pelvis_proxy:v3_right_hand_proxy,282,0.4684979946078485,0.40000000000000036,0.9999867367805588,0.2575453516915932,0.032071385571608636,AIR,0.0,-1,1.1220133911123342,0.13752709948799613,0.71604911752855,UNLOADING,0.03235139819141223,0.010025150429062643,0.05077730544736486,0.18849305915742204,0.9999867367805588,0.07956294743156163,0,ok,0.0,0.46357740281545673,FLAT,0.0,-1,0.020820952490387304,0.025810264824613592,0.07285151686079624,SUPPORT,0.3408091165404658,0.002832311018426223,0.0425536777845442,-2.500000000000002,-0.0020000000000000018,0.6049541528113873,0,staged_v3,0.6484611728566065,2,0.9251451053637965,0.648373835880797,2,0,0,0
v3_pelvis_proxy:v3_right_hand_proxy,283,0.8390625656890595,0.20000000000000018,1.0,0.0,0.024977220197353763,AIR,0.0,-1,1.1596856529244035,0.09006084909121483,0.6305086410945102,UNLOADING,0.02772976987835334,0.04913067021522362,0.007394761839501895,0.1884955592153876,1.0,0.06149769696268781,0,ok,0.025251092172881982,0.5134885257609363,FLAT,0.0,-1,0.01346760678383593,0.03980803408441036,0.07487498011357856,SUPPORT,0.36765550975357975,0.0,0.054758860750502236,2.500000000000002,-0.0010000000000000009,0.6039541528113873,0,staged_v3,0.3040759266252171,2,0.9319086583479991,0.30574199546766206,2,1,0,0
v3_pelvis_proxy:v3_right_hand_proxy,284,0.9999999999999996,0.0,0.839998427034109,0.0,0.019452278648646022,AIR,0.0,-1,1.174270524472951,0.09896838634146501,0.5509932242307221,UNLOADING,0.02501611774107345,0.04773070763740698,0.004818953574129124,0.15833597324384033,0.839998427034109,0.04575309897033042,0,ok,0.06851580286657383,0.5479807527978557,FLAT,0.0,-1,0.015191057379313117,0.045456818822943196,0.07632485488999256,SUPPORT,0.3841244078028638,0.001016995097269307,0.027799247647230324,2.500000000000002,0.0,0.6039541528113873,0,staged_v3,0.3097974579633184,2,0.9107762233404889,0.3097974579633184,2,1,1,1
v3_pelvis_proxy:v3_right_hand_proxy,285,0.7335815429687503,0.20000000000000018,0.7335810308809239,0.0,0.015149449844088692,AIR,0.0,-1,1.2177323153893538,0.12593588632082214,0.4940179383744908,UNLOADING,0.022537436615863563,0.010429724412860539,0.039271172505864003,0.13827676664570027,0.7335810308809239,0.06374704390377901,0,ok,0.08479601750933843,0.46809456297345975,FLAT,0.0,-1,0.1136466250703239,0.005849396892405219,0.07774717860707833,SUPPORT,0.39729952624229103,0.0230379620379487,0.006562414325944855,2.500000000000002,0.0010000000000000009,0.6049541528113873,1,staged_v3,0.2339141216762768,2,0.9126427242418375,0.23568747511020852,2,1,1,1
v3_pelvis_proxy:v3_right_hand_proxy,286,0.44403326314243063,0.27966939834063176,0.9999863356257964,0.0,0.011798403401677246,AIR,0.0,-1,1.2510350073094103,0.10087090152900907,0.45319336212960915,UNLOADING,0.0202394378559273,0.013118090399143113,0.034541577707337345,0.18849298354153077,0.9999863356257964,0.0607566565281754,0,ok,0.030198822143103054,0.40062136319751535,FLAT,0.0,-1,0.11802290601078641,0.03206013088476498,0.07965336247406529,SUPPORT,0.4078396209938328,0.0,0.043560468831790156,0.9958674792578948,0.0013983469917031588,0.6063524998030905,0,staged_v3,0.252594687615199,2,0.8987968174975013,0.23173339697112186,2,0,0,0
v3_torso_proxy:v3_left_forearm_proxy,287,0.6509927273256371,0.07966939834063158,1.0000000000000002,0.0,0.009188605808218566,AIR,0.0,-1,1.3068992532284383,0.09120489234351936,0.4239412750092445,UNLOADING,0.018104257668841262,0.004269669113417161,0.04192739463704507,0.18849555921538763,1.0000000000000002,0.06846546946704472,0,ok,0.04052747246715365,0.31200423137335864,FLAT,0.0,-1,0.15997948349019406,0.013077389314450391,0.08575550748373753,SUPPORT,0.41627169679506626,0.016210386059736487,0.027672502678430258,-2.500000000000002,0.0003983469917031579,0.6067508467947936,0,staged_v3,0.3198885796044706,2,0.952362189038742,0.31413271303572177,2,0,0,0
v3_torso_proxy:v3_left_forearm_proxy,288,0.7867119386187406,0.27966939834063176,0.9999901322899742,0.0,0.007156093398775078,AIR,0.0,-1,1.2976924682221058,0.053516306446818956,0.40298123868787095,UNLOADING,0.016128266861402597,0.03756466969294653,0.007584392241447028,0.18849369919586811,0.9999901322899742,0.07464430158650594,0,ok,0.06430283823127886,0.3416111396554449,FLAT,0.0,-1,0.058029773972818,0.03576293889861046,0.09209670233953544,SUPPORT,0.423017357436053,0.0,0.054698075244867875,2.500000000000002,0.0013983469917031588,0.6081491937864968,0,staged_v3,0.35346707757882895,2,0.9367894082808913,0.3548983763119176,2,1,0,0
v3_torso_proxy:v3_left_forearm_proxy,289,0.555562459671206,0.47966939834063194,0.9985557473680053,0.0,0.0055731711426981415,AIR,0.0,-1,1.3091516098063054,0.04041017985408658,0.38796271639284285,UNLOADING,0.014311512813667193,0.030614043072440093,0.013784092747202051,0.18822332400787148,0.9985557473680053,0.07465581681612384,0,ok,0.03402376176248436,0.4302870260182452,FLAT,0.0,-1,0.0018636041044201045,0.04365722755558718,0.09797504730926668,SUPPORT,0.4284138859488424,0.0,0.0370419893911472,2.500000000000002,0.0023983469917031597,0.6105475407782,0,staged_v3,0.30682961000068304,2,0.9454816366199343,0.30682961000068304,2,1,0,0
v3_torso_proxy:v3_left_forearm_proxy,290,1.0,0.6796693983406321,0.9999997934852735,0.0,0.004340390050124269,AIR,0.0,-1,1.2818566116084282,0.033064166095273816,0.37720147492990475,UNLOADING,0.012653180771921353,0.010795907651221424,0.048272525637338706,0.18849552028827873,0.9999997934852735,0.07375456942318996,0,ok,0.24574918539900503,0.4660350257462077,FLAT,0.0,-1,0.028492945528221313,0.07621811950036449,0.10099456984458137,SUPPORT,0.4327311087590739,0.0,0.11812781618189663,2.500000000000002,0.0033983469917031606,0.6139458877699031,0,staged_v3,0.2010468932851541,2,0.9492950917365265,0.20246587997780774,2,1,1,1
v3_torso_proxy:v3_left_forearm_proxy,291,0.9998783214223459,0.47966939834063194,0.5000307079907532,0.0,0.003380299169872115,AIR,0.0,-1,1.2770044766284532,0.0373509249818382,0.3694907084810647,UNLOADING,0.01115005638089232,0.00612361044221503,0.04716573351653968,0.09425356792758322,0.5000307079907532,0.06853073781433604,0,ok,0.11432557123263001,0.46181179065972944,FLAT,0.0,-1,0.054297338745162536,0.02115169465208711,0.10201695785825281,SUPPORT,0.4361848870072591,0.008949153240825534,0.05475535882057736,-2.500000000000002,0.0023983469917031597,0.6163442347616063,0,staged_v3,0.20847552256234958,2,0.9903096857404433,0.20960444535646286,2,1,0,0
v3_torso_proxy:v3_left_forearm_proxy,292,0.4504768109389364,0.27966939834063176,1.0000000000000002,0.0,0.002632579640512023,AIR,0.0,1,1.2525204769630762,0.018270361491609724,0.36396570289194896,UNLOADING,0.00979639274665542,0.024927923652987724,0.03090990116647792,0.18849555921538763,1.0000000000000002,0.0812503259013743,0,ok,0.012356778517593252,0.4063376304318965,FLAT,0.0,-1,0.1014544003251164,0.05753603402073766,0.10123683501963399,SUPPORT,0.43894790960580726,0.0,0.04850629697462469,-2.500000000000002,0.0013983469917031588,0.6177425817533094,0,staged_v3,0.18705340718571348,2,1.0206231553101073,0.11925005716969031,2,0,0,0
v3_torso_proxy:v3_left_forearm_proxy,293,0.9190502904406979,0.27966939834063176,0.977294921875,0.0,0.002050255085528601,AIR,0.0,1,1.2241822760317689,0.04507325065111341,0.3600068633962523,UNLOADING,0.00858435795185111,0.015957027646434793,0.027043315523377826,0.18421575281718666,0.977294921875,0.07588776444449004,0,ok,0.040689546782818095,0.31645606477174015,FLAT,0.0,-1,0.15015923105114382,0.005246400393583869,0.09989664366340285,SUPPORT,0.4411583276846458,0.024748431789586276,0.03415577997359942,0.0,0.0013983469917031588,0.6191409287450126,1,staged_v3,0.3280851279292846,2,1.007885915754893,0.3252354982866163,2,1,0,0
v3_torso_proxy:v3_left_forearm_proxy,294,0.109375,0.47966939834063194,0.07310283143119121,0.0,0.0015967402661058046,AIR,0.0,1,1.205854509207173,0.04700523217172954,0.35717023094404954,UNLOADING,0.007504654269658541,0.009504720470087213,0.033353791077115266,0.013779559090850602,0.07310283143119121,0.07588662497940153,0,ok,0.056171340073342534,0.24645623105192646,FLAT,0.0,-1,0.18614923844629594,0.0049316871464860496,0.07972718867092306,LOADING,0.39484447493137614,0.024054672287060104,0.032364397530924245,2.500000000000002,0.0023983469917031597,0.6215392757367157,1,staged_v3,0.31134025425764245,2,1.010485397883137,0.31134025425764245,2,1,1,1
v3_torso_proxy:v3_left_forearm_proxy,295,0.3148803710937499,0.6796693983406321,0.21530506968345633,0.0,0.001243542569604844,AIR,0.0,1,1.0833739105522808,0.04843106423633888,0.35513769497545655,UNLOADING,0.006547119906540395,0.0028684177203994327,0.0398884670283734,0.040584049511891096,0.21530506968345633,0.07542673188193964,0,ok,0.06505964969932261,0.30098362953531915,FLAT,0.0,-1,0.045796410925562143,0.004394710883341035,0.06484246267586505,LOADING,0.3498199451104232,0.02384741225045222,0.023475369996300455,2.500000000000002,0.0033983469917031606,0.6249376227284189,1,staged_v3,0.11664907643838454,2,0.9427573668231165,0.1128762884716935,2,1,1,1
v3_torso_proxy:v3_left_forearm_proxy,296,0.4720074057534921,0.47966939834063194,0.9088275262568898,0.0,0.0009684719269908795,FLAT,0.0,-1,1.0284986365387765,0.004220117498780961,0.3536813193140922,LOADING,0.0057012372767680656,0.03846394846692364,0.06131740713392459,0.1713099527921298,0.9088275262568898,0.07503381360241103,0,ok,0.05731868994722226,0.3627688064008522,FLAT,0.0,-1,0.025671680317525484,0.008461035165712224,0.05417709045109439,LOADING,0.30886213314537186,0.019247819356842496,0.03205779290888268,-2.500000000000002,0.0023983469917031597,0.6273359697201221,0,staged_v3,0.08706247330080798,2,0.9636545258722423,0.08906062022168347,2,1,0,0
v3_torso_proxy:v3_left_forearm_proxy,297,0.15277099609375003,0.6796693983406321,0.15277099609375003,0.0,0.0007542466951231694,FLAT,0.0,-1,0.9269106294454085,0.013580427738938944,0.35263778055276707,LOADING,0.004956527782167724,0.029051461288699412,0.06642906188243644,0.028796654340583205,0.15277099609375003,0.07488344036714255,0,ok,0.08339528751450681,0.3785381588488459,FLAT,0.0,-1,0.054435893464933674,0.005305624208514964,0.07037777116681448,SUPPORT,0.3370897065162975,0.023213264349825763,0.025076411039062607,2.500000000000002,0.0033983469917031606,0.6307343167118252,1,staged_v3,0.143953642798163,2,0.9682862810603562,0.14514838710638778,2,1,1,1
v3_torso_proxy:v3_left_forearm_proxy,298,0.25750732421875006,0.8796693983406323,0.2545767012077846,0.0,0.0005874079167909435,FLAT,0.0,-1,0.6869552653773318,0.02781589524506602,0.3518900523564802,LOADING,0.004302838801029016,0.014778607372757987,0.08011691982938626,0.047986577657369994,0.2545767012077846,0.0742373543112103,0,ok,0.07920186980524846,0.4302890571790681,FLAT,0.0,-1,0.02263943271633966,0.0048675839124459885,0.08263673815644813,UNLOADING,0.28893403415682645,0.02426425299537642,0.01686781221585683,2.500000000000002,0.0043983469917031615,0.6351326637035284,1,staged_v3,0.11292563342753996,2,0.9809996839868552,0.10364587045841783,2,1,1,1
v3_torso_proxy:v3_left_forearm_proxy,299,0.9999999999999999,1.0000000000000009,0.878926191763848,0.0,0.00045747374557912943,FLAT,0.0,-1,0.5568916079850788,0.06815776749939216,0.2626046811194887,LOADING,0.003736338829239269,0.0,0.12146876162546799,0.16567368402557753,0.878926191763848,0.06939791076916427,0,ok,0.12146368412803475,0.4612472932743946,FLAT,0.0,-1,0.02265732139021276,0.01640567666932202,0.09148899716723934,UNLOADING,0.2525268061220207,0.013168773189039949,0.024609649631629187,1.5041325207421075,0.0050000000000000044,0.6401326637035284,0,staged_v3,0.08315466184112048,2,0.9771522433264125,0.07839787804963191,2,1,1,1
v3_torso_proxy:v3_left_forearm_proxy,300,0.99733765030651,0.8000000000000007,0.3871882721159209,0.0,0.08955750484278786,FLAT,0.0,-1,0.0564242445835766,0.0063215696498796735,0.19862891705197988,LOADING,0.01734282999178891,0.028609876202719323,0.05866965256308691,0.07298326987413017,0.3871882721159209,0.07248380626286692,0,ok,0.042518047666984915,0.5113509022296644,FLAT,0.0,-1,0.006640546914692563,0.01799390355726043,0.09972175796220568,UNLOADING,0.2164515481045892,0.011992184340849855,0.04093567509038226,-2.500000000000002,0.0040000000000000036,0.6441326637035284,0,staged_v3,0.10050752537697005,2,0.9705565032156412,0.10119428830441554,2,1,0,0
v3_pelvis_proxy:v3_left_hand_proxy,301,0.9243164062500003,1.0000000000000009,0.9243164062500001,0.0,0.1628835405847983,FLAT,0.0,-1,0.052562560661668215,0.031538916480796965,0.15347393169803655,LOADING,0.041451296633901645,0.002649342708221529,0.0300243538766803,0.17422953788805115,0.9243164062500001,0.05370821001288448,0,ok,0.15634394445806354,0.5414366744729548,FLAT,0.0,-1,0.018022649711292443,0.023746932030872976,0.1330636668757224,SUPPORT,0.26316123848367134,0.023535968444778833,0.008117214899007293,2.500000000000002,0.0050000000000000044,0.6491326637035284,1,staged_v3,0.10943208872743733,2,0.9786215140183536,0.10850601286275663,2,1,1,1
v3_torso_proxy:v3_left_forearm_proxy,302,0.8510076974763527,0.8000000000000007,0.7504242342894146,0.0,0.2005393881839328,FLAT,0.0,-1,0.07383136915616631,0.009830342112745957,0.16361791408753526,LOADING,0.06670654766649875,0.02335055359163081,0.054696378657473094,0.14145163569116226,0.7504242342894146,0.06703976126650964,0,ok,0.04363414305338557,0.5737097450197921,FLAT,0.0,-1,0.007491773678104316,0.026436774629836866,0.17855285969485163,UNLOADING,0.22556677584314688,0.007490868354905721,0.05236616592192499,-2.500000000000002,0.0040000000000000036,0.6531326637035284,0,staged_v3,0.2564049050025296,2,0.9701023484427954,0.2564049050025296,2,1,0,0
v3_torso_proxy:v3_right_forearm_proxy,303,0.2450053241772079,0.6000000000000005,0.40104782095757496,0.0,0.23900387895623115,FLAT,0.0,-1,0.06561180965470115,0.004323505378171278,0.14327517034569626,LOADING,0.09431734963029799,0.027840253139113535,0.048887080302977046,0.07559573328351074,0.40104782095757496,0.06837170179402342,0,ok,0.040995414910548075,0.5977810421269792,FLAT,0.0,-1,0.011650946110353671,0.030172792780287117,0.2311053750412139,UNLOADING,0.2240023004488881,0.006382475971773577,0.05671363089968609,-2.500000000000002,0.0030000000000000027,0.6561326637035284,0,staged_v3,0.2243608163679435,2,0.9658678538490846,0.22392633722075567,2,0,0,0
v3_torso_proxy:v3_right_forearm_proxy,304,0.03305062937380722,0.40000000000000036,0.19305298822989758,0.0,0.27694487602118106,FLAT,0.0,-1,0.06150460004330513,0.004965564804055228,0.1300313809760983,SUPPORT,0.16545387970423842,0.02653600424474969,0.047589674197960355,0.03638963097459619,0.19305298822989758,0.06754177945299565,0,ok,0.041200559564009066,0.6182952594792359,FLAT,0.0,-1,0.011769542762462257,0.031060400923441485,0.2701411897523045,UNLOADING,0.2252816278869756,0.007446658564173744,0.05813026200836007,-2.500000000000002,0.0020000000000000018,0.6581326637035284,0,staged_v3,0.3428437435986959,2,0.9572992448580758,0.342831375325248,2,0,0,0
v3_torso_proxy:v3_right_forearm_proxy,305,0.1134944262794784,0.20000000000000018,0.5493458671400792,0.0,0.3296120808805675,FLAT,0.0,-1,0.047437317797363134,0.006162360480721541,0.12093959373127988,SUPPORT,0.22236310376339075,0.024884619205842454,0.04723435458018263,0.10354925642923124,0.5493458671400792,0.0678793724074572,0,ok,0.03835160583145995,0.616337608905448,FLAT,0.0,-1,0.027248107099408926,0.017753815263117426,0.29818636286437455,SUPPORT,0.2702253023095805,0.0221555028801013,0.04894297908906108,-2.500000000000002,0.0010000000000000009,0.6591326637035284,0,staged_v3,0.4605318218061094,2,0.9481137007984295,0.4604355844125436,2,0,0,0
v3_pelvis_proxy:v3_right_hand_proxy,306,0.03171263449935295,0.0,0.2096551029064689,0.0,0.38174177525108055,FLAT,0.0,-1,0.040564726900829025,0.004699451001038549,0.14299572653848786,SUPPORT,0.2678904830107126,0.02745033532588585,0.04454710259160321,0.03951905586471449,0.2096551029064689,0.06646505561176548,0,ok,0.037099074997168545,0.6141046419837141,FLAT,0.0,-1,0.02773017323212003,0.013283090160133095,0.3183090038089763,SUPPORT,0.3061802418476644,0.02763236003031572,0.045270779184924934,-2.500000000000002,0.0,0.6591326637035284,0,staged_v3,0.5543224567564244,2,0.9385949196529647,0.5542551095736586,2,0,0,0
v3_pelvis_proxy:v3_right_hand_proxy,307,0.013709404471152294,0.20000000000000018,0.26346824418570314,0.0,0.43423011164684816,FLAT,0.0,-1,0.029128632949139924,0.007931912967550782,0.15903926938473809,SUPPORT,0.3043123864085701,0.025020050501686125,0.046710945802218705,0.04966259402328041,0.26346824418570314,0.06314262746745491,0,ok,0.03748012540816296,0.5948134386233248,FLAT,0.0,-1,0.0410638507416245,0.014046456320984013,0.3328499823781114,SUPPORT,0.33494419347813154,0.02759604279792156,0.045567614789642996,-2.500000000000002,-0.0010000000000000009,0.6581326637035284,0,staged_v3,0.63005218393728,2,0.9284217878842392,0.6289548174136096,2,0,0,0
v3_pelvis_proxy:v3_left_hand_proxy,308,0.4486083246431758,0.40000000000000036,0.6819216759571305,0.0,0.41901689883459065,FLAT,0.0,-1,0.07866895964770301,0.01953631738840417,0.17011330598565327,SUPPORT,0.33344990912685607,0.013969347910878494,0.050977674968667515,0.12853920765063365,0.6819216759571305,0.043851699271392625,0,ok,0.09541157546854112,0.46324117178124036,FLAT,0.0,-1,0.23468578540402454,0.017283308419708963,0.3436395397439798,SUPPORT,0.35795535478250523,0.02489866856749003,0.025685537444092715,-2.500000000000002,-0.0020000000000000018,0.6561326637035284,0,staged_v3,0.6903347290023414,2,0.9187910285257289,0.6882759304026597,2,0,0,0
v3_pelvis_proxy:v3_left_hand_proxy,309,1.0000000000000002,0.20000000000000018,0.9999999999999999,0.04948739035955804,0.3263306889325308,FLAT,0.0,-1,0.17851825383342176,0.03973466450363261,0.16060184481008652,SUPPORT,0.35675992730148487,0.0,0.06839792905743679,0.18849555921538758,0.9999999999999999,0.030355668206119207,0,ok,0.05358602413986346,0.3607725873341452,FLAT,0.0,-1,0.3870741932526276,0.014017236989354842,0.3001181115394491,UNLOADING,0.30681887552786163,0.02612978762984864,0.013876117947123817,2.500000000000002,-0.0010000000000000009,0.6551326637035284,0,staged_v3,0.19995215858203302,2,0.8909564884113566,0.19995215858203302,2,1,0,0
v3_pelvis_proxy:v3_left_hand_proxy,310,0.9999999999999999,0.0,0.923788743075743,0.1282701153797859,0.3355924736773261,FLAT,0.0,-1,0.06257971233719216,0.012073686445881755,0.1233451986932961,SUPPORT,0.3754079418411879,0.01909357348878305,0.038134109141603624,0.1741300757229422,0.923788743075743,0.04773703933395876,0,ok,0.11862604895176565,0.3640182469491514,FLAT,0.0,-1,0.01801461270471771,0.022697002928049277,0.24850617677597583,UNLOADING,0.27537918207197776,0.014728305910749515,0.028696904345610452,2.500000000000002,0.0,0.6551326637035284,0,staged_v3,0.22626750958261208,2,0.894097893832799,0.22758873784964107,2,1,1,1
v3_pelvis_proxy:v3_left_hand_proxy,311,1.0,0.20000000000000018,1.0,0.03647663845191524,0.3547082629027495,FLAT,0.0,-1,0.05396444710734795,0.007381949288065681,0.09448150258804959,SUPPORT,0.39032635347295036,0.0223421258413368,0.03943161319691229,0.1884955592153876,1.0,0.02814335850110969,0,ok,0.16312483379182305,0.3952334859252997,FLAT,0.0,-1,0.004623657348989216,0.038964447287226985,0.21038111896186132,UNLOADING,0.23603929891883807,0.0,0.04013462224898881,-2.500000000000002,-0.0010000000000000009,0.6541326637035284,0,staged_v3,0.2761753321831459,2,0.9588262167894588,0.25525237554686386,2,0,1,1
v3_pelvis_proxy:v3_left_hand_proxy,312,0.12426757812500006,0.0,0.12426757235824151,0.018382497396766607,0.3927672332370309,FLAT,0.0,-1,0.042662516930967634,0.0014713045099572402,0.07178124558538206,SUPPORT,0.4022610827783603,0.027117757769311867,0.03290666071417129,0.023423885544005377,0.12426757235824151,0.03362017730496872,0,ok,0.14381991397744803,0.4304660744766083,FLAT,0.0,-1,0.02802280206895595,0.04418415330577696,0.18238738819633632,UNLOADING,0.20231939907328977,0.0,0.03496585795682123,2.500000000000002,0.0,0.6541326637035284,1,staged_v3,0.3456020135361678,2,0.9218254511814066,0.343697046453898,2,1,1,1
v3_pelvis_proxy:v3_left_hand_proxy,313,0.5119018554687501,0.20000000000000018,0.51190185546875,0.17292498411260593,0.4384928301390226,FLAT,0.0,-1,0.02861363443537444,0.01946076247320158,0.05525580536004175,SUPPORT,0.41180886622268825,0.008302027794800507,0.06567794745327372,0.09649122650997655,0.51190185546875,0.044937615389086555,0,ok,0.06010409889011823,0.46695394436497795,FLAT,0.0,-1,0.021241432807184036,0.017956119053368337,0.1627940301086542,UNLOADING,0.17341662777710554,0.02745163865715735,0.00568806284827536,2.500000000000002,0.0010000000000000009,0.6551326637035284,1,staged_v3,0.2256370555096767,2,0.9393403574206172,0.2256370555096767,2,1,1,1
v3_pelvis_proxy:v3_left_hand_proxy,314,0.9999999999999999,0.40000000000000036,0.9999999999999999,0.024863136367583243,0.4828196713918533,FLAT,0.0,-1,0.02184050852267804,0.03442366886748251,0.043248860878752945,SUPPORT,0.4194470929781506,0.0,0.04288047794991574,0.18849555921538758,0.9999999999999999,0.030560006368494597,0,ok,0.12962111580679564,0.49674495896509896,FLAT,0.0,1,0.018672944875051455,0.03110872342140234,0.14869238656838712,SUPPORT,0.22873330222168442,0.01740982622104843,0.01502479310737093,2.500000000000002,0.0020000000000000018,0.6571326637035284,0,staged_v3,0.18347274842558606,2,0.7209945866186952,0.17154838254150404,2,0,1,1
v3_pelvis_proxy:v3_left_hand_proxy,315,0.7757568359375001,0.6000000000000005,0.7757568359375,0.08759336723888285,0.5184892570499676,FLAT,0.0,-1,0.01639324697869315,0.0023445067804852534,0.06267687136111516,SUPPORT,0.42555767438252046,0.02578933678757051,0.025708915363790486,0.14622671860519876,0.7757568359375,0.057411779139199814,0,ok,0.21254563308190652,0.5283446983469582,FLAT,0.0,-1,0.00884592142804019,0.0806653034658728,0.13983478582381625,UNLOADING,0.19605711619001523,0.007188067954167026,0.024803671337023787,2.500000000000002,0.0030000000000000027,0.6601326637035284,1,staged_v3,0.33273660866815813,2,0.8932875206430811,0.33423757418958006,2,1,1,1
v3_torso_proxy:v3_left_forearm_proxy,316,0.9367400752654073,0.44999999999999485,0.6705057522922222,0.1076533105136714,0.5520914880109272,FLAT,0.0,-1,0.013714286238000327,0.016590831014525496,0.048704662452132556,SUPPORT,0.43044613950601635,0.010844402108081134,0.04408552405990081,0.1263873567354566,0.6705057522922222,0.06004592964855532,0,ok,0.061819172676046634,0.5552119805452533,FLAT,0.0,-1,0.008517141285428818,0.006423566691556571,0.13435963950195728,UNLOADING,0.16804895673429876,0.0252944152835413,0.031092269963188972,-1.875000000000071,0.0022499999999999742,0.6623826637035284,1,staged_v3,0.2804669833126785,2,0.904922740936755,0.28232289678333106,2,1,0,0
v3_torso_proxy:v3_left_forearm_proxy,317,0.5646751009741963,0.24999999999999467,0.820088582639166,0.0952960529887172,0.5830130426484463,FLAT,0.0,-1,0.01059346199738197,0.0067798463053270405,0.03880798840648343,SUPPORT,0.4343569116048131,0.02016055311499713,0.05277638307451764,0.1545830559907242,0.820088582639166,0.06721526055623515,0,ok,0.04123765821151963,0.577141673939829,FLAT,0.0,-1,0.009670095953748766,0.014388471056709661,0.13126583754321608,UNLOADING,0.15957261253155355,0.01717482082045115,0.05154395532654705,-2.500000000000002,0.0012499999999999734,0.6636326637035284,0,staged_v3,0.16855961254205926,2,0.9046108081902723,0.16853052759115741,2,0,0,0
v3_torso_proxy:v3_left_forearm_proxy,318,0.19766276043182496,0.04999999999999449,0.19337453897301127,0.08236389319993638,0.6130280208047098,FLAT,0.0,-1,0.0036772284524249307,0.009374040965225705,0.03169121499885749,SUPPORT,0.4374855292838505,0.01721051978471717,0.05617612087145123,0.036450241861735524,0.19337453897301127,0.06721801145487148,0,ok,0.031410938549616456,0.5934846242640647,FLAT,0.0,-1,0.007032221791929862,0.006533863355748088,0.13010280397424337,SUPPORT,0.21765809002524283,0.024971276842964085,0.047687446482581,-2.500000000000002,0.00024999999999997247,0.6638826637035283,1,staged_v3,0.122851396741759,2,0.9128458742120962,0.122851396741759,2,1,0,0
v3_torso_proxy:v3_left_forearm_proxy,319,0.3387854755295305,0.15000000000000568,0.9998818782428875,0.061156102172715686,0.6366810348957207,FLAT,0.0,-1,0.003957494903136474,0.04497051194740435,0.05494139894968099,UNLOADING,0.3749875965290147,0.0,0.05675014073966143,0.18847329378872518,0.9998818782428875,0.07800489707659691,0,ok,0.03790241601385129,0.6025812811938072,FLAT,0.0,-1,0.010042187784760367,0.01689599636073899,0.12988026799466884,SUPPORT,0.2641264720201943,0.014598017038994451,0.055695785752618174,-2.500000000000002,-0.0007500000000000284,0.6631326637035283,0,staged_v3,0.16316604810135107,2,0.9070942400036355,0.11273775529151737,2,0,0,0
v3_torso_proxy:v3_right_forearm_proxy,320,1.0000000000000002,0.04999999999999449,0.9999948032630676,0.1555689532799748,0.6477568306629957,FLAT,0.0,-1,0.009240199520958737,0.04510595249730409,0.07163367141336795,UNLOADING,0.34066289219622153,0.0,0.059881352127177545,0.18849457965355343,0.9999948032630676,0.07908827385938035,0,ok,0.11117500448965256,0.6075215213669075,FLAT,0.0,-1,0.01242503921255089,0.005297413089937503,0.10143529375483448,SUPPORT,0.30130117761615544,0.024774351597804223,0.02327643465409012,2.500000000000002,0.00024999999999997247,0.6633826637035283,0,staged_v3,0.23653622609515165,2,0.9083132680612028,0.23843319868567184,2,1,1,1
v3_torso_proxy:v3_left_forearm_proxy,321,0.9742569802921086,0.15000000000000568,0.21965427052141598,0.06111513234848456,0.6541525064205602,FLAT,0.0,-1,0.010426875395251911,0.009869874886192155,0.08380715695769933,UNLOADING,0.29199676473961844,0.019320482961692812,0.054435103937686816,0.04140385455598233,0.21965427052141598,0.07928328473838779,0,ok,0.04606106182242609,0.6120519823972168,FLAT,0.0,-1,0.011830475756769283,0.012955914027157702,0.08159970142031374,SUPPORT,0.33104094209292434,0.016124071043857987,0.05021839366406383,-2.500000000000002,-0.0007500000000000284,0.6626326637035282,0,staged_v3,0.2065599751817161,2,0.9101716986359324,0.2084060741525216,2,1,0,0
v3_pelvis_proxy:v3_left_hand_proxy,322,1.0,0.04999999999999449,0.9207937303625312,0.14578897121086654,0.6548984194761998,FLAT,0.0,-1,0.012926396463206032,0.04117523436052047,0.09224715916417266,SUPPORT,0.32359741179169477,0.0,0.09011331693526779,0.17356552912670814,0.9207937303625312,0.06543588012192839,0,ok,0.1801116681820468,0.6144896396009678,FLAT,0.0,-1,0.013724504783278971,0.032590936305267444,0.06638740252498869,SUPPORT,0.3548327536743395,0.0,0.08262629749494058,2.500000000000002,0.00024999999999997247,0.6628826637035282,0,staged_v3,0.128633943856265,2,0.9152934630634165,0.12451638942982807,2,1,1,1
v3_pelvis_proxy:v3_right_hand_proxy,323,0.17222059676629858,0.15000000000000568,0.95343017578125,0.04459588189120339,0.6536222414261532,FLAT,0.0,-1,0.017834206166346473,0.006298818411329635,0.09824479230963148,UNLOADING,0.277369210107167,0.02361342120415194,0.044967066593347885,0.17971735415671203,0.95343017578125,0.06668527320768453,0,ok,0.04478301121015435,0.6145912911838307,FLAT,0.0,-1,0.013691725099519964,0.0409862633093046,0.08284225761741235,UNLOADING,0.30414236029229097,0.0019406501606222815,0.027201462720248336,-2.500000000000002,-0.0007500000000000284,0.6621326637035282,1,staged_v3,0.29581803730266276,2,0.9146959306371609,0.294472914506722,2,0,0,0
v3_pelvis_proxy:v3_right_hand_proxy,324,1.0,0.04999999999999449,0.8009029238507013,0.22643274547076828,0.6512656538946588,FLAT,0.0,-1,0.019986881906883407,0.0732059106554622,0.07420981083038339,UNLOADING,0.2766212575274294,0.0,0.12410052615808112,0.15096664450847694,0.8009029238507013,0.05793080524018798,0,ok,0.16914950155108,0.6131744687365042,FLAT,0.0,-1,0.013521780294174687,0.015457498659155161,0.06528494235074747,UNLOADING,0.2974023275964371,0.012806748458382214,0.03650220008066745,2.500000000000002,0.00024999999999997247,0.6623826637035282,0,staged_v3,0.3150618270173346,2,0.9209927335157719,0.3168557907808759,2,1,1,1
v3_pelvis_proxy:v3_right_hand_proxy,325,0.9993893801103817,0.15000000000000568,0.6124735670061486,0.06976379224434398,0.6463541787317892,FLAT,0.0,-1,0.02110517127463453,0.01196848097191337,0.05691153505196729,UNLOADING,0.2371039351314312,0.015877095780684997,0.06069872182543959,0.11544854751746716,0.6124735670061486,0.07140097975829851,0,ok,0.022077776397370786,0.6115963891253178,FLAT,0.0,-1,0.017187957856442573,0.005598754458963261,0.051986853189241754,UNLOADING,0.25491716763689054,0.022000588200498827,0.04899704378658275,-2.500000000000002,-0.0007500000000000284,0.6616326637035281,0,staged_v3,0.17755828288763478,2,0.9248666670049598,0.17905560682591812,2,1,0,0
v3_torso_proxy:v3_left_forearm_proxy,326,0.9399360439071561,0.35000000000000586,1.0000000000000002,0.06718291588322081,0.6413206425751347,FLAT,0.0,-1,0.021532266724000583,0.006021848071621244,0.04450976486313905,SUPPORT,0.27968314810514494,0.02120364017153571,0.024306781518446362,0.18849555921538763,1.0000000000000002,0.06445655558287747,0,ok,0.03494206229991899,0.611042016886185,FLAT,0.0,-1,0.017001398633763324,0.03844064442368597,0.04174287240210635,SUPPORT,0.3002962600431478,0.0,0.042337103319703626,-2.500000000000002,-0.0017500000000000293,0.6598826637035281,0,staged_v3,0.22760853163083342,2,0.9336894899555126,0.14587145643837454,2,0,0,0
v3_pelvis_proxy:v3_left_hand_proxy,327,0.9080978795766508,0.15000000000000568,0.9999997308827172,0.10713089418619719,0.6346548421698978,FLAT,0.0,-1,0.023000972029691123,0.034905369619505036,0.06403381810315714,SUPPORT,0.31374651848411594,0.0,0.03430315241563424,0.1884955084879749,0.9999997308827172,0.06018562881821804,0,ok,0.11403798091630027,0.6106608717387938,FLAT,0.0,-1,0.01754579951303893,0.01673067848580694,0.06206872076149511,SUPPORT,0.3302370080345182,0.011372757552267819,0.058811886987806816,2.500000000000002,-0.0007500000000000284,0.6591326637035281,0,staged_v3,0.24991307518952338,2,0.9608754961062695,0.25182050909158016,2,1,0,0
v3_torso_proxy:v3_left_forearm_proxy,328,0.566620404945277,0.04999999999999449,0.7994795241041646,0.07559340069372879,0.630630496508466,FLAT,0.0,-1,0.024823788436370862,0.007599749311549418,0.07422910454911989,UNLOADING,0.26892558727209936,0.021111705915906578,0.05110980872634063,0.15069833997726645,0.7994795241041646,0.06521431052236595,0,ok,0.0411677188058117,0.6041745963628493,FLAT,0.0,-1,0.021406600697013445,0.006841194205683576,0.07282105077549372,UNLOADING,0.2830602926010156,0.021799858333091112,0.044010131815793864,2.500000000000002,0.00024999999999997247,0.659382663703528,0,staged_v3,0.22791398791547968,2,0.9420176539288091,0.22791398791547968,2,1,1,1
