active_collision_pair,frame_idx,frame_root_angular_budget_usage,frame_root_z_budget_usage,frame_velocity_budget_usage_max,left_anchor_error_xy,left_contact_confidence,left_contact_phase,left_contact_slack,left_elbow_branch_sign,left_foot_vxy,left_heel_height,left_liftoff_probability,left_load_phase,left_lock_weight,left_swing_clearance_error,left_toe_height,max_joint_delta,max_joint_velocity_ratio,min_self_collision_distance,qp_resolve_count,qp_status,right_anchor_error_xy,right_contact_confidence,right_contact_phase,right_contact_slack,right_elbow_branch_sign,right_foot_vxy,right_heel_height,right_liftoff_probability,right_load_phase,right_lock_weight,right_swing_clearance_error,right_toe_height,root_ddz,root_dz,root_z,safety_backtracked,solver_mode,stage_a_high_priority_error,stage_a_iterations,stage_b_detail_error,stage_b_high_priority_error,stage_b_iterations,stage_b_rejected,stage_c_iterations,stage_c_triggered
v3_pelvis_proxy:v3_left_hand_proxy,0,1.0000000000000002,1.0000000000000009,1.0,0.0,0.15839379798315506,AIR,0.0,-1,0.0,0.08525770565072524,0.0023940436302478324,UNLOADED,0.03160291926400454,0.0,0.12036389072584788,0.1884955592153876,1.0,0.04330809947503031,0,ok,0.0,0.20512518323593512,AIR,0.0,1,0.0,0.10417705615031606,0.012506182869824124,UNLOADED,0.04051197003663607,0.0,0.086688539237835,0.0,-0.0050000000000000044,0.745,0,staged_v3,0.5757745003609105,2,1.1353950966028095,0.5756265363931398,2,0,0,0
v3_pelvis_proxy:v3_left_hand_proxy,1,0.9999999999999999,1.0000000000000009,1.0,0.0,0.26841704847663117,AIR,0.0,-1,0.01178070089014354,0.08401572549208804,0.0037428855858611864,UNLOADED,0.07876481424618136,0.0,0.12653859827929914,0.1884955592153876,1.0,0.04473537834584396,0,ok,0.0,0.33655301080940886,AIR,0.0,1,0.017709768631056676,0.09306144567971479,0.020411806357989976,UNLOADED,0.09834624721402259,0.0,0.0913037714729252,0.0,-0.0050000000000000044,0.74,0,staged_v3,0.49921991567491136,2,1.0836413567424916,0.49946184873879307,2,0,0,0
v3_pelvis_proxy:v3_right_hand_proxy,2,1.0000000000000002,1.0000000000000009,0.9999999999999999,0.0,0.35513431445694643,FLAT,0.0,-1,0.009369548868183678,0.08219367589220618,0.004675844764442428,UNLOADED,0.13370660370334891,0.0,0.11968080541442096,0.18849555921538758,0.9999999999999999,0.049382631122118825,0,ok,0.0,0.4383197083155007,FLAT,0.0,-1,0.01856746270813404,0.0759624423377105,0.024551578697081286,UNLOADED,0.16418865127168028,0.0,0.09397845370709049,0.0,-0.0050000000000000044,0.735,0,staged_v3,0.4235411131084292,2,0.9880277855239525,0.42385401724394,2,0,0,0
v3_torso_proxy:v3_left_forearm_proxy,3,0.9999999999999999,1.0000000000000009,0.3923309242556805,0.0,0.42633484762424023,FLAT,0.0,-1,0.005811600165089751,0.07876753557427862,0.0052113141991118805,UNLOADED,0.1917878995185271,0.0,0.11130907602174489,0.07395263696506438,0.3923309242556805,0.049261732034053776,0,ok,0.0,0.5186198432984841,FLAT,0.0,-1,0.017664468019979764,0.06453941833463961,0.025764101276683157,UNLOADED,0.23240253484367313,0.0,0.09381529837614187,0.0,-0.0050000000000000044,0.73,0,staged_v3,0.3485850297497721,2,0.89214374986772,0.34875465513630666,2,0,0,0
v3_torso_proxy:v3_left_forearm_proxy,4,0.9999999999999996,1.0000000000000009,0.43892194000489043,0.0,0.47805541893909514,FLAT,0.0,-1,0.007553496844822445,0.07393162680644755,0.005517160140920206,UNLOADED,0.24851390174213636,0.0,0.1044194444214305,0.08273483653312463,0.43892194000489043,0.048828261544822074,0,ok,0.0,0.5818367471680671,FLAT,0.0,-1,0.017640086783158433,0.056780590834252395,0.0245135035177398,UNLOADED,0.29943680587886096,0.0,0.09189341331909423,0.0,-0.0050000000000000044,0.725,0,staged_v3,0.2787139148388824,2,0.817350112393572,0.27728299736397916,2,0,0,0
v3_torso_proxy:v3_left_forearm_proxy,5,1.0000000000000002,1.0000000000000009,0.6395819298052534,0.0,0.519593753213559,FLAT,0.0,-1,0.009006699552346016,0.06879069986995301,0.006044387290395158,SUPPORT,0.3021017468608024,0.0,0.09929659212058164,0.12055835352269803,0.6395819298052534,0.04854609555624842,0,ok,0.010920767239327648,0.6298359476946884,FLAT,0.0,-1,0.012357770570807055,0.05081646524299337,0.02201791832778699,SUPPORT,0.3627430989507773,0.0,0.0886786784775397,0.0,-0.0050000000000000044,0.72,0,staged_v3,0.2156063584339082,2,0.8094339321579459,0.20915193454730704,2,0,0,0
v3_torso_proxy:v3_left_forearm_proxy,6,0.8675039061388891,1.0000000000000009,0.7412660525630471,0.0,0.554600231926289,FLAT,0.0,-1,0.006524089987195336,0.06387485942984975,0.03553798919334411,SUPPORT,0.3486595684641352,0.0,0.09589440472923472,0.13972535910525447,0.7412660525630471,0.04824244152529571,0,ok,0.01797269279717899,0.6756841955118597,FLAT,0.0,-1,0.009181457822829205,0.0462362712036657,0.047561683982761956,SUPPORT,0.4129080185433351,0.0,0.08474849257259234,0.0,-0.0050000000000000044,0.715,0,staged_v3,0.16865849125602966,2,0.8358376822792224,0.1495788474927688,2,0,0,0
v3_torso_proxy:v3_left_forearm_proxy,7,0.5440522808184558,1.0000000000000009,0.683278376534431,0.016133501502578595,0.5734251058329074,FLAT,0.0,-1,0.01057461434994889,0.05961976483742967,0.05784159872023728,SUPPORT,0.38697911096435034,0.0,0.09312154931791997,0.12879493968463976,0.683278376534431,0.04783788036591889,0,ok,0.03359217285013823,0.7224514886505192,FLAT,0.0,-1,0.005017373329287211,0.04331173324611483,0.06547190246407236,SUPPORT,0.44898990830286456,0.0,0.08133556751564124,0.0,-0.0050000000000000044,0.71,0,staged_v3,0.12431829057930138,2,0.8797918154365091,0.10823738005644357,2,0,0,0
v3_torso_proxy:v3_left_forearm_proxy,8,0.33207506242123264,1.0000000000000009,0.3669181633125842,0.03081806819725709,0.5984934224935644,FLAT,0.0,-1,0.005513031220707264,0.05559355318641,0.07546196448032766,SUPPORT,0.4093067120470418,0.0,0.08969304843505096,0.06916244437988847,0.3669181633125842,0.04771616658199522,0,ok,0.04901025183925722,0.761341260322734,FLAT,0.0,-1,0.005313604511593667,0.04028229588348772,0.07906106466020343,SUPPORT,0.44919192664229163,0.0,0.07790008542990023,0.0,-0.0050000000000000044,0.705,0,staged_v3,0.10217201242681796,2,0.8862058937730429,0.10321015458860187,2,1,0,0
v3_torso_proxy:v3_left_forearm_proxy,9,0.25943535950035645,1.0000000000000009,0.32093204120723967,0.04839752468380498,0.6195799045633055,FLAT,0.0,-1,0.004773725548742399,0.05168598513995924,0.09029702004914517,SUPPORT,0.4174453696376334,0.0,0.08669687206072674,0.06049426457749446,0.32093204120723967,0.047441849982170395,0,ok,0.0691794971367953,0.788861848817987,FLAT,0.0,-1,0.008542253139170243,0.038926896386622174,0.08882757727744786,SUPPORT,0.4493535413138333,0.0,0.07579519271513672,0.0,-0.0050000000000000044,0.7,0,staged_v3,0.10366655908554467,2,0.9089670742979831,0.10552788716794369,2,1,0,0
v3_torso_proxy:v3_left_forearm_proxy,10,0.18597342281357307,1.0000000000000009,0.2542592615295043,0.06563905131303739,0.6236294115041853,FLAT,0.0,-1,0.008163482264881101,0.0478706709413053,0.10410956221793652,SUPPORT,0.42395629571010673,0.0,0.08324540442630853,0.047926741687695396,0.2542592615295043,0.04714605426511738,0,ok,0.08752911957896865,0.8048203401729617,FLAT,0.0,-1,0.014762972437372469,0.03796728911301945,0.09594736690933597,SUPPORT,0.4494828330510667,0.0,0.07407793646857588,0.0,-0.0050000000000000044,0.695,0,staged_v3,0.10595973719137701,2,0.9283319164906831,0.10744343981017312,2,1,0,0
v3_torso_proxy:v3_left_forearm_proxy,11,0.11446313313165106,1.0000000000000009,0.2238738272898421,0.06924264528054651,0.6285536198069009,FLAT,0.0,-1,0.009023194644847896,0.04476161346733719,0.11795137175596773,SUPPORT,0.4291650365680854,0.0,0.08037699093084397,0.042199222268687886,0.2238738272898421,0.04690642413197603,0,ok,0.0932814902974893,0.8167946064168257,FLAT,0.0,-1,0.01489717942072658,0.03398994668680725,0.10120247113901248,UNLOADING,0.3852709997580572,0.0,0.06981444166083839,0.0,-0.0050000000000000044,0.69,0,staged_v3,0.10822775532375678,2,0.943727880115073,0.10927364163833124,2,1,0,0
v3_torso_proxy:v3_left_forearm_proxy,12,0.09292608549545102,1.0000000000000009,0.3921920048876195,0.0690723993882078,0.6343654960671161,FLAT,0.0,-1,0.010518776721587648,0.04035793999048042,0.10397530549566619,SUPPORT,0.43333202925446834,0.0,0.07622468524439671,0.07392645128109587,0.3921920048876195,0.04675873968108929,0,ok,0.09348263916563625,0.8230639091588844,FLAT,0.0,-1,0.015756523993802275,0.032534645118853275,0.10495913683228447,UNLOADING,0.33023228550690614,0.0,0.06758573490530981,0.0,-0.0050000000000000044,0.6849999999999999,0,staged_v3,0.1088399450213677,2,0.9693176660629365,0.11036036814926088,2,0,0,0
v3_pelvis_proxy:v3_right_hand_proxy,13,0.07736063345626597,1.0000000000000009,0.2899888591343407,0.06900112380141844,0.6380461843276937,FLAT,0.0,-1,0.011513998169232114,0.0348996773627524,0.10204372322511596,SUPPORT,0.4366656234035747,0.0,0.07098361411691534,0.05466161216875981,0.2899888591343407,0.04682195372572008,0,ok,0.09101388780445953,0.8207452465224436,FLAT,0.0,-1,0.020145576229677033,0.03327841841311592,0.10763449132192554,UNLOADING,0.2830562447202053,0.0,0.06660674140923623,0.0,-0.0050000000000000044,0.6799999999999999,0,staged_v3,0.10822818357370803,2,0.9835746360680501,0.10927271989789994,2,0,0,0
v3_pelvis_proxy:v3_right_hand_proxy,14,0.05412680865689384,1.0000000000000009,0.296135204752329,0.06914655220422097,0.6412025411460962,FLAT,0.0,-1,0.012537380292587394,0.029921403330717578,0.1078072592695371,SUPPORT,0.43933249872285973,0.00046895963275928043,0.06622226990173916,0.055820171023153564,0.296135204752329,0.04455963819973366,0,ok,0.08994574933890309,0.8159959034560588,FLAT,0.0,-1,0.021163911609822665,0.03262065978049374,0.10955146658063752,UNLOADING,0.24261963833160455,0.0,0.0653589082142921,0.0,-0.0050000000000000044,0.6749999999999999,0,staged_v3,0.10686054832122432,2,0.9919585813853294,0.10759164730953544,2,0,0,0
v3_pelvis_proxy:v3_right_hand_proxy,15,0.04245718245207866,1.0000000000000009,0.29484649343353025,0.06947271457589713,0.641465338820193,FLAT,0.0,-1,0.01365896034564931,0.025326753406244316,0.12119542208352567,SUPPORT,0.4414659989782878,0.005733017697931969,0.062076666408940356,0.055577254662449393,0.29484649343353025,0.04281394695941104,0,ok,0.08915854164521311,0.805345074567235,FLAT,0.0,-1,0.026428028107010684,0.030769068078232757,0.11092503937509995,UNLOADING,0.2079596899985182,0.0,0.06326020037262575,0.0,-0.0050000000000000044,0.6699999999999999,0,staged_v3,0.10499578107220599,2,0.9974012603828504,0.10570641415881872,2,0,0,0
v3_pelvis_proxy:v3_right_hand_proxy,16,0.06328419265407258,1.0000000000000009,0.28187873222427345,0.06994877402741428,0.6389332074903483,FLAT,0.0,-1,0.01565311959356309,0.020208829460373966,0.14112663316517804,SUPPORT,0.44317279918263025,0.01184750219788494,0.05746204237851352,0.05313288926153892,0.28187873222427345,0.041344755851945136,0,ok,0.08755582904025365,0.7991352005793424,FLAT,0.0,-1,0.026363292331170626,0.03005545387678868,0.11190924728968463,UNLOADING,0.17825116285587272,0.0005400084876955522,0.06106579180879261,0.0,-0.0050000000000000044,0.6649999999999999,0,staged_v3,0.10289383532010274,2,1.0006861686540378,0.10334771222082144,2,0,0,0
v3_pelvis_proxy:v3_right_hand_proxy,17,0.06128351523044044,1.0000000000000009,0.26312982842479427,0.07059712345817998,0.6310107121089582,FLAT,0.0,-1,0.01915492341088283,0.015652636692432626,0.16206746750608347,SUPPORT,0.4445382393461042,0.01745073668287155,0.05358106664715716,0.04959880415518059,0.26312982842479427,0.04022772061830919,0,ok,0.0870110157239216,0.7951116909048033,FLAT,0.0,-1,0.02712379262747093,0.028219073483182797,0.11261446307659909,UNLOADING,0.15278671101931948,0.0024116496706471577,0.058666297354616426,0.0,-0.0050000000000000044,0.6599999999999999,0,staged_v3,0.10012175747008634,2,1.0026434515936031,0.10049276196444105,2,0,0,0
v3_pelvis_proxy:v3_right_hand_proxy,18,0.055579729708457835,1.0000000000000009,0.23896360772992017,0.07143126909360772,0.6200162179868184,FLAT,0.0,-1,0.017881826256399228,0.012218861854367935,0.21005078830165344,SUPPORT,0.4456305914768834,0.02328367756071474,0.04998836979849012,0.045043578871177825,0.23896360772992017,0.03922890301501632,0,ok,0.08684940776702108,0.7902060919717941,FLAT,0.0,-1,0.02841100641491938,0.025369326978125592,0.11311977226863423,UNLOADING,0.13096003801655956,0.005286661635306122,0.05547417018990045,0.0,-0.0050000000000000044,0.6549999999999999,0,staged_v3,0.09832916342384973,2,1.0038262986580335,0.09867061104529991,2,0,0,0
v3_pelvis_proxy:v3_right_hand_proxy,19,0.0548129399482191,1.0000000000000009,0.21088599332885327,0.07233816924491208,0.6165946034368374,FLAT,0.0,-1,0.018911776467268496,0.009339696233600796,0.2745182346280445,SUPPORT,0.4465044731815067,0.02938621549780143,0.046556897220580276,0.039751073243214696,0.21088599332885327,0.03830993349740158,0,ok,0.08709981901829086,0.7861315684193592,FLAT,0.0,-1,0.028794111380942185,0.021316301397976932,0.11344935490827673,UNLOADING,0.11225146115705105,0.009356166347436905,0.05106333347259392,0.0,-0.0050000000000000044,0.6499999999999999,0,staged_v3,0.09725435284826087,2,1.0045182778516633,0.09740436757821776,2,0,0,0
v3_pelvis_proxy:v3_right_hand_proxy,20,0.051649141056672294,1.0000000000000009,0.17846892991981286,0.07363793916338532,0.5839579821658909,FLAT,0.0,-1,0.03383261744382401,0.007922304622464415,0.35612010762580804,SUPPORT,0.44720357854520537,0.03488370075882599,0.04295460214170957,0.03364060074780695,0.17846892991981286,0.03765123092280512,0,ok,0.08762039445141868,0.7812017974131493,FLAT,0.0,-1,0.02856489934318806,0.016667866301000454,0.11322852897891461,UNLOADING,0.09621553813461518,0.01399356014794528,0.046393069698429525,0.0,-0.0050000000000000044,0.6449999999999999,0,staged_v3,0.09624032775548287,2,1.0048003666330292,0.09619697420869171,2,0,0,0
v3_pelvis_proxy:v3_right_hand_proxy,21,0.03237387901589909,1.0000000000000009,0.7595484979477622,0.07008327998214195,0.5633494103717533,FLAT,0.0,-1,0.03982661006228864,0.023300936193454167,0.45345347316268925,UNLOADING,0.3883444146276176,0.024371737464680295,0.052817205906406144,0.14317151887187113,0.7595484979477622,0.03688317973217167,0,ok,0.08815278667663475,0.7833014152322525,FLAT,0.0,-1,0.025340682862612856,0.01064700620404795,0.11227995066264544,UNLOADING,0.08247046125824159,0.019966991329084326,0.04039731571383517,0.0,-0.0050000000000000044,0.6399999999999999,0,staged_v3,0.106001703130768,2,1.004934882366419,0.10434999938433331,2,0,0,0
v3_pelvis_proxy:v3_right_hand_proxy,22,0.3165450180845496,1.0000000000000009,0.4910278320312499,0.0432113580101211,0.5324576191517156,FLAT,0.0,-1,0.058079911819536374,0.018651861274307013,0.5509825103752616,UNLOADING,0.33765521798509457,0.03389726424445607,0.03624070078916655,0.09255656578904986,0.4910278320312499,0.00999316993189326,0,ok,0.06527088886651243,0.7937607744180105,FLAT,0.0,-1,0.019764408281498034,0.013300127360519304,0.08322070249196654,SUPPORT,0.15597636900659329,0.015860907764079026,0.030688775351041128,0.0,-0.0050000000000000044,0.6349999999999999,1,staged_v3,0.21669884665737413,2,0.979827548770829,0.12896390432721425,2,0,1,1
v3_pelvis_proxy:v3_right_hand_proxy,23,0.0003515456510268815,1.0000000000000009,0.0009765625000000497,0.06488783707282793,0.4886314644278035,FLAT,0.0,-1,0.08533945267579748,0.013670950338157177,0.6479814533313586,UNLOADING,0.30106214557149924,0.04372812232841076,0.03125085062643755,0.0001840776945462863,0.0009765625000000497,0.009990051247840685,0,ok,0.0846231188147896,0.8016775709972918,FLAT,0.0,-1,0.018500627330378612,0.00829608663217293,0.0629425003509072,SUPPORT,0.21478109520527464,0.019851038385372433,0.025678987038969495,0.0,-0.0050000000000000044,0.6299999999999999,1,staged_v3,0.2474144571315121,2,0.9682073446706735,0.12506783296009494,2,0,1,1
v3_pelvis_proxy:v3_right_hand_proxy,24,0.0,1.0000000000000009,0.0,0.08098205236051839,0.44444568583531185,FLAT,0.0,-1,0.09185321042682357,0.008670950338157173,0.707809907069806,UNLOADING,0.2614964441844497,0.05171954501533313,0.026250850626437547,0.0,0.0,0.009990051247840664,0,ok,0.1018160569432416,0.8074858529371396,FLAT,0.0,-1,0.01834549118518647,0.003296086632172815,0.04853026936011945,SUPPORT,0.26182487616421973,0.02413042683583316,0.02067898703896938,0.0,-0.0050000000000000044,0.6249999999999999,1,staged_v3,0.2517127211605919,2,0.9640594205221449,0.1588458258881494,2,0,1,1
v3_pelvis_proxy:v3_right_hand_proxy,25,0.0,0.0,0.0,0.08098205236051839,0.34613464816124845,FLAT,0.0,-1,0.17012758270657619,0.008670950338157173,0.7162994237667778,UNLOADING,0.22413980930095687,0.05214402085018172,0.026250850626437547,0.0,0.0,0.009990051247840664,0,ok,0.1018160569432416,0.8183731869279299,FLAT,0.0,-1,0.014599923144040345,0.003296086632172815,0.03824717369158566,SUPPORT,0.2994599009313758,0.02361627205240647,0.02067898703896938,12.50000000000001,0.0,0.6249999999999999,1,staged_v3,0.25155375730479923,2,0.9738984279478122,0.1513200405034797,2,0,1,1
v3_pelvis_proxy:v3_right_hand_proxy,26,0.38044450961468557,0.20000000000000018,0.9999999999999999,0.12154643858769058,0.26956993503612553,FLAT,0.0,-1,0.2040163401978955,0.016657876275676258,0.6848333018384738,UNLOADING,0.1921198365436773,0.04258378881624743,0.04536305747864859,0.18849555921538758,0.9999999999999999,0.029431689510210482,0,ok,0.03584453827027472,0.8317383962503693,FLAT,0.0,-1,0.010725962605297224,0.0043585429678451,0.031061602796822088,SUPPORT,0.32956792074510066,0.022194537171996008,0.029676981781396737,-2.500000000000002,-0.0010000000000000009,0.6239999999999999,0,staged_v3,0.24915736314238862,2,1.0071340046713415,0.11188349910519331,2,0,0,0
v3_pelvis_proxy:v3_right_hand_proxy,27,0.6036924434734295,0.20000000000000018,0.9999998309848832,0.10792119165374592,0.2099412764986423,FLAT,0.0,-1,0.2814561961479059,0.03231993888313834,0.6302642748007293,UNLOADING,0.16467414560886628,0.02419327485689813,0.042080891193597966,0.18849552735678865,0.9999998309848832,0.032358127267235956,0,ok,0.010659470881284484,0.8423311241080362,FLAT,0.0,-1,0.009498870146019838,0.05231182550292318,0.02647308187454904,SUPPORT,0.3617529380693252,0.0020430987967920526,0.024280555296935402,0.0,-0.0010000000000000009,0.6229999999999999,0,staged_v3,0.23318982570686556,2,1.0040466250686324,0.2241222957311632,2,1,0,0
v3_pelvis_proxy:v3_right_hand_proxy,28,1.0000000000000002,0.0,0.7582157116749033,0.27001130154851805,0.16350243053615296,FLAT,0.0,-1,0.40463280411627206,0.025794854471080375,0.5690411153073784,UNLOADING,0.14114926766474253,0.030198697441677247,0.02325335832369168,0.142920294578054,0.7582157116749033,0.03950451642300777,0,ok,0.2565288368025457,0.846020209082464,FLAT,0.0,-1,0.015397326122140944,0.05448538314890554,0.023577565260257116,SUPPORT,0.4472760973280123,0.0,0.08664465759845016,2.500000000000002,0.0,0.6229999999999999,0,staged_v3,0.24533857401739068,2,1.003114442895244,0.24558213089490186,2,1,1,1
v3_torso_proxy:v3_left_forearm_proxy,29,1.0000000000000002,0.20000000000000018,0.4563353047581541,0.13608340874080127,0.1273358209356339,FLAT,0.0,-1,0.4644111650706926,0.04048531115348947,0.5069498174207404,UNLOADING,0.12098508656977931,0.030159041007497986,0.020188449863539036,0.08601717846011259,0.4563353047581541,0.04054701845930536,0,ok,0.14295004720289212,0.8445118061518426,FLAT,0.0,-1,0.019533743201797207,0.007838012705544333,0.021922905448293596,SUPPORT,0.44782087786240987,0.01825813256687035,0.041294855296342525,-2.500000000000002,-0.0010000000000000009,0.6219999999999999,0,staged_v3,0.1960325337090051,2,1.022494140946662,0.19460157345363005,2,0,0,0
v3_pelvis_proxy:v3_right_hand_proxy,30,0.7506713867187502,0.0,0.75067138671875,0.21819618660631201,0.09916923705771187,FLAT,0.0,-1,0.7393613310891208,0.0514463757470366,0.46245945837080005,UNLOADING,0.10370150277409655,0.0,0.10859999666059955,0.14149822282654126,0.75067138671875,0.009992058042752147,0,ok,0.06901470025785429,0.8320802456188272,FLAT,0.0,-1,0.02336950394183993,0.024430151927163662,0.02127980767632388,SUPPORT,0.4482567022899279,0.009746205182107972,0.016317785201708224,2.500000000000002,0.0,0.6219999999999999,1,staged_v3,0.28447900491885825,2,0.9598783442060163,0.21219384284456563,2,0,1,1
v3_pelvis_proxy:v3_left_hand_proxy,31,1.0000000000000002,0.20000000000000018,0.8233413968485255,0.2521520412888528,0.07723307947713978,FLAT,0.0,-1,0.8157319648169604,0.02957154829465078,0.4305807230928479,UNLOADING,0.08888700237779705,0.01695748785999162,0.040178895308941615,0.15519619702414117,0.8233413968485255,0.021407340091171526,0,ok,0.21965980532359689,0.822168805520672,FLAT,0.0,-1,0.024200183094899262,0.00721483191277553,0.021685822481877996,SUPPORT,0.44860536183194233,0.01886945921131837,0.057675151924317006,2.500000000000002,0.0010000000000000009,0.6229999999999999,0,staged_v3,0.30814615947425816,2,0.9931827976904648,0.2952759143491617,2,0,1,1
v3_pelvis_proxy:v3_right_hand_proxy,32,0.30363322092676903,0.0,0.7698364257812501,0.2256855121297242,0.060149182775812514,FLAT,0.0,-1,0.9739008144748049,0.04465052106446461,0.4259615983021012,UNLOADING,0.0761888591809689,0.0016475588506404473,0.048743920588400706,0.14511074758201198,0.7698364257812501,0.009991784122712448,0,ok,0.05905790377003616,0.8188407273318045,FLAT,0.0,-1,0.023161454802129774,0.030249720691719585,0.02315233687161686,SUPPORT,0.44888428946555387,0.0,0.03044589319865644,-2.500000000000002,0.0,0.6229999999999999,1,staged_v3,0.3713839923794378,2,1.0045917831207287,0.33636994443719537,2,0,1,1
v3_pelvis_proxy:v3_left_hand_proxy,33,1.0000000000000002,0.20000000000000018,0.905138151717849,0.4173505174752424,0.04684423064690785,FLAT,0.0,-1,1.0694864660238,0.07017135552336684,0.4226518507620835,UNLOADING,0.06530473644083049,0.0,0.16540825917419977,0.17061452207523828,0.905138151717849,0.0325316619964833,0,ok,0.22442082334567795,0.8149300917933691,FLAT,0.0,-1,0.024818243162379607,0.023289360985894837,0.02491601534011214,SUPPORT,0.4491074315724431,0.0029564397811107715,0.08301531793839631,2.500000000000002,0.0010000000000000009,0.6239999999999999,0,staged_v3,0.26886098864320473,2,1.0023631758509393,0.2640576377112147,2,0,1,1
v3_pelvis_proxy:v3_left_hand_proxy,34,0.9143723684138694,0.0,0.6081850340127339,0.27144215515962483,0.03648232351018933,FLAT,0.0,-1,1.1195086540516932,0.03852778309521271,0.4214545971018791,UNLOADING,0.0559754883778547,0.007544946759881252,0.06969539106470528,0.1146401780926598,0.6081850340127339,0.03193992033582739,0,ok,0.17463432301332782,0.8074932292509448,FLAT,0.0,-1,0.027627593046870357,0.0022783376394299075,0.026718774348942664,SUPPORT,0.44928594525795446,0.02405760107801723,0.05843184225950555,-2.500000000000002,0.0,0.6239999999999999,1,staged_v3,0.22918731435479356,2,1.0052151757307883,0.2302094782353367,2,1,0,0
v3_pelvis_proxy:v3_left_hand_proxy,35,0.9999999999999999,0.20000000000000018,0.4007898076949528,0.3980458021141297,0.028412462117999776,FLAT,0.0,-1,1.1909899932807604,0.029047335455623588,0.4203592647636904,UNLOADING,0.047978990038161175,0.016970627782560935,0.06986256801439544,0.07554709892928779,0.4007898076949528,0.026152437545468817,0,ok,0.3183912004255448,0.7924976348234912,FLAT,0.0,-1,0.031200745633590987,0.052476766716617024,0.028963536991064298,SUPPORT,0.4494287562063636,0.0,0.12146661385006265,2.500000000000002,0.0010000000000000009,0.6249999999999999,0,staged_v3,0.14887241864441844,2,1.0046431271326777,0.14887241864441844,2,1,1,1
v3_torso_proxy:v3_left_forearm_proxy,36,0.9999999999999996,0.0,0.6816153256754076,0.306492290634976,0.022127647746484853,FLAT,0.0,-1,1.194466815793845,0.01930444125769302,0.41863760336953454,UNLOADING,0.04112484860413815,0.02662743891078371,0.04578066905562318,0.1284814619829645,0.6816153256754076,0.048208567483080125,0,ok,0.19106681895235134,0.7770103304794416,FLAT,0.0,-1,0.03508593879400312,0.00716629684861517,0.031145689105427424,SUPPORT,0.44954300496509086,0.019390987606656203,0.057551204066850783,-2.500000000000002,0.0,0.6249999999999999,0,staged_v3,0.16672386421044155,2,1.0213002380395575,0.16643353444558362,2,0,0,0
v3_pelvis_proxy:v3_right_hand_proxy,37,0.4274563469632387,0.20000000000000018,0.9852294921875,0.42442930818581664,0.01723302939249061,FLAT,0.0,-1,1.1995843587995185,0.03488262564450533,0.4174039790744158,UNLOADING,0.03524987023211841,0.01098757330921546,0.09687285138507742,0.18571138408537516,0.9852294921875,0.009991964092943444,0,ok,0.028515500626256112,0.7599493528016579,FLAT,0.0,-1,0.03930846482657533,0.05291014784605823,0.03308476066584498,SUPPORT,0.4496344039720727,0.0,0.03363785574904549,-2.500000000000002,-0.0010000000000000009,0.6239999999999999,1,staged_v3,0.2516864549646194,2,1.0173603749463336,0.2037379344715457,2,0,1,1
v3_pelvis_proxy:v3_right_hand_proxy,38,0.8020629882812499,0.0,0.8020629882812501,0.45654718403703076,0.013421096785564223,FLAT,0.0,-1,1.1676385876991493,0.05511787572056083,0.4165200486414787,UNLOADING,0.030214174484672923,0.0,0.13278563166045645,0.15118531150203912,0.8020629882812501,0.038893759808072095,0,ok,0.12210430801194426,0.7370934836261924,FLAT,0.0,-1,0.04542423370874175,0.0019977724028068184,0.034813938739820124,SUPPORT,0.4624873316558489,0.02474292453418419,0.024266392216073376,2.500000000000002,0.0,0.6239999999999999,1,staged_v3,0.3716235717684876,2,1.0408635821269847,0.362498513029953,2,0,1,1
v3_pelvis_proxy:v3_right_hand_proxy,39,1.0000000000000007,0.20000000000000018,0.9066742464571546,0.0,0.010452360686274533,FLAT,0.0,-1,1.1365305180075522,0.025226776906305728,0.39766369763251097,UNLOADING,0.025897863844005362,0.019656407975319822,0.09622045644041848,0.17090406911213152,0.9066742464571546,0.04267748157629088,0,ok,0.3224248888014604,0.7120938816681692,FLAT,0.0,-1,0.05145132811673503,0.03536764161204869,0.035755212870791614,SUPPORT,0.46070342713358475,0.0,0.10280497992257952,2.500000000000002,0.0010000000000000009,0.6249999999999999,0,staged_v3,0.2885100084549659,2,1.0228445259215522,0.2885100084549659,2,1,1,1
v3_pelvis_proxy:v3_right_hand_proxy,40,0.9999999999999999,0.0,0.3097881894883605,0.0,0.008140306687415373,FLAT,0.0,-1,1.0444125218699485,0.0031103630863976136,0.38415253173141595,LOADING,0.022914338618343823,0.04109726350017318,0.05897201634459212,0.05839369801593097,0.3097881894883605,0.041359560679541524,0,ok,0.17884345866631043,0.7008744595066667,FLAT,0.0,-1,0.046851499308664696,0.004559414367771537,0.03693264880282579,SUPPORT,0.45917436611450124,0.022287218072369754,0.049972289277917074,-2.500000000000002,0.0,0.6249999999999999,0,staged_v3,0.15068924056786417,2,1.0393687227537696,0.15068924056786417,2,1,0,0
v3_pelvis_proxy:v3_left_hand_proxy,41,0.8655535693588526,0.0,0.9999994764256521,0.0,0.006339677222600486,FLAT,0.0,-1,0.977246908778354,0.05731148348565699,0.3744713583209244,LOADING,0.020207383055971428,0.0,0.0888075950819221,0.1884954605239481,0.9999994764256521,0.05260816420114771,0,ok,0.1401261004730992,0.6889055968718178,FLAT,0.0,-1,0.04980901628825827,0.015874158721948337,0.06751516795776305,UNLOADING,0.3935780280981439,0.012501599675939817,0.018286233242592074,0.0,0.0,0.6249999999999999,0,staged_v3,0.13627063091197902,2,1.0264042193796525,0.13126601446102037,2,1,0,0
v3_pelvis_proxy:v3_right_hand_proxy,42,0.5276046577220468,0.20000000000000018,1.0000000000000002,0.0,0.004937345585381208,FLAT,0.0,-1,0.8720497850740861,0.03641543283913978,0.341566457927072,LOADING,0.017785030325435606,0.005662890057213821,0.11239809663799866,0.18849555921538763,1.0000000000000002,0.05966494939958794,0,ok,0.017567783200671122,0.6715567454165581,FLAT,0.0,-1,0.054763954553604485,0.049541175999418006,0.09037683418029044,UNLOADING,0.3373525955126948,0.005335555690115856,0.02418328601889867,2.500000000000002,0.0010000000000000009,0.6259999999999999,0,staged_v3,0.29647363381322367,2,1.0211424481532108,0.29791206628536276,2,1,0,0
v3_pelvis_proxy:v3_right_hand_proxy,43,0.5535888671875,0.40000000000000036,0.5535888431781932,0.0,0.003845208608189029,FLAT,0.0,-1,0.5262485678937625,0.04483433753312044,0.29974136929496215,LOADING,0.01562897463819419,0.0,0.11376405088632083,0.10434903857027304,0.5535888431781932,0.06214823998491219,0,ok,0.09292989816501589,0.6545017832005726,FLAT,0.0,-1,0.056522061487377054,0.002371015907857891,0.10796261640518676,UNLOADING,0.3730892495066109,0.02802711491240145,0.020343549373578827,2.500000000000002,0.0020000000000000018,0.6279999999999999,1,staged_v3,0.354550546040462,2,1.020440849587732,0.354550546040462,2,1,1,1
v3_pelvis_proxy:v3_right_hand_proxy,44,0.33343101133567493,0.20000000000000018,0.6237792968750003,0.0,0.0029946514751305227,FLAT,0.0,-1,0.3464015468080074,0.04442570510463173,0.23496258368801076,LOADING,0.01372355260806484,0.0,0.08704027294073372,0.11757962739143446,0.6237792968750003,0.07098383785046848,0,ok,0.09553797654242879,0.6420219406913796,FLAT,0.0,-1,0.05713144445939921,0.0002114882207255456,0.12171470338846085,UNLOADING,0.3197907852913808,0.0308742469486975,0.024055980590865524,-2.500000000000002,0.0010000000000000009,0.6289999999999999,1,staged_v3,0.13688933010829976,2,1.0235906696198493,0.13688933010829976,2,1,0,0
v3_pelvis_proxy:v3_right_hand_proxy,45,0.08709716796875006,0.40000000000000036,0.07867553741780002,0.0,0.0625983988234255,FLAT,0.0,-1,0.08299595413749682,0.04702419886167061,0.18559167685772002,LOADING,0.021174973489887398,0.0,0.08989510481883767,0.014829989422139367,0.07867553741780002,0.07134743855786546,0,ok,0.12390175385424428,0.6258630858889511,FLAT,0.0,-1,0.061560084866465296,0.00012942536643309552,0.13269863559276496,UNLOADING,0.2741063873926121,0.03150550641320515,0.024228131005819633,2.500000000000002,0.0020000000000000018,0.6309999999999999,1,staged_v3,0.10635758663181509,2,1.027556727304608,0.10410753986866983,2,1,1,1
v3_torso_proxy:v3_left_forearm_proxy,46,0.8575439453124999,0.6000000000000005,0.6961854148234654,0.0,0.11055597232969176,FLAT,0.0,-1,0.08533600295328558,0.00043579584519237453,0.14737333931253835,LOADING,0.03579257269321402,0.03193287112043454,0.049939538600145,0.1312278590847457,0.6961854148234654,0.07547190788982015,0,ok,0.11241093264162942,0.6123428014679181,FLAT,0.0,-1,0.061696550175884816,0.04453650070895671,0.14136836873688957,UNLOADING,0.2349483320508104,0.0,0.05511636659074515,2.500000000000002,0.0030000000000000027,0.6339999999999999,1,staged_v3,0.10399686052076,2,1.0311380261150336,0.10577304249842981,2,1,1,1
v3_torso_proxy:v3_left_forearm_proxy,47,0.12009647415737326,0.8000000000000007,0.16406250000000008,0.0,0.14498888131022064,FLAT,0.0,-1,0.0897311021834406,0.0006815006995330624,0.11737970132562012,LOADING,0.054228084099869456,0.030187484366747945,0.04532903060206071,0.030925052683774545,0.16406250000000008,0.08219336900406966,0,ok,0.09079865595782498,0.5979498509394537,FLAT,0.0,-1,0.06537593062780048,0.04742426212593574,0.14802337504795976,UNLOADING,0.20138428461498034,0.0,0.056206396203459214,2.500000000000002,0.0040000000000000036,0.6379999999999999,1,staged_v3,0.11058051003644317,2,1.0195332397037578,0.11050718111307224,2,0,1,1
v3_pelvis_proxy:v3_right_hand_proxy,48,0.5610247113214887,0.6000000000000005,1.0000000000000002,0.0,0.18230265329935375,FLAT,0.0,-1,0.08312797711959125,0.005748157743428354,0.09526139038700707,LOADING,0.07636971709485893,0.024014911775922,0.04339044904028558,0.18849555921538763,1.0000000000000002,0.10802475506268841,0,ok,0.09342631570214482,0.575293029189312,FLAT,0.0,-1,0.07148416226625856,0.025279624075759642,0.15229159011035015,UNLOADING,0.17261510109855457,0.007334955429757865,0.03987562410885408,-2.500000000000002,0.0030000000000000027,0.6409999999999999,0,staged_v3,0.1151334846648764,2,1.0203667844190527,0.10932735191286352,2,0,0,0
v3_pelvis_proxy:v3_right_hand_proxy,49,0.1447453511169621,0.40000000000000036,0.9232177734375003,0.0,0.21921490984692188,FLAT,0.0,-1,0.07870470057190782,0.00200277425751248,0.07925667808991854,LOADING,0.10146390653682191,0.02696005964698345,0.038963916631721336,0.17402245048168663,0.9232177734375003,0.11601275550345849,0,ok,0.09468778033873919,0.568385870924807,FLAT,0.0,-1,0.06421492547328735,0.026712287889134895,0.1546608317991075,UNLOADING,0.1479558009416182,0.006020753700820485,0.03707617935602635,-2.500000000000002,0.0020000000000000018,0.6429999999999999,1,staged_v3,0.1607570287047086,2,1.018642703180597,0.11045853875877715,2,0,0,0
v3_pelvis_proxy:v3_right_hand_proxy,50,0.11998703348609488,0.20000000000000018,1.0000000000000002,0.0,0.2497399136371808,FLAT,0.0,-1,0.07503140933243671,0.006608742451439626,0.06778880061232927,LOADING,0.12773319411479545,0.02178069757917684,0.04385302979990628,0.18849555921538763,1.0000000000000002,0.11662193161052103,0,ok,0.09407257526293829,0.5500003351064822,FLAT,0.0,-1,0.07001577861585084,0.030435859463107492,0.15350857450946775,UNLOADING,0.12681925794995846,0.0022395692623658967,0.036417042461279754,-2.500000000000002,0.0010000000000000009,0.6439999999999999,0,staged_v3,0.12314193520446273,2,1.0140979281398528,0.10964646011983217,2,0,0,0
v3_pelvis_proxy:v3_right_hand_proxy,51,0.1438662093886491,0.0,1.0000000000000002,0.0,0.27168105205561277,FLAT,0.0,-1,0.07750101181073289,0.0024151103989934137,0.05957170733381259,SUPPORT,0.19218655529183637,0.025563474967697217,0.03787289048819929,0.18849555921538763,1.0000000000000002,0.11414119674386089,0,ok,0.09448976082258548,0.5572619439774188,FLAT,0.0,-1,0.05648234395777131,0.02989056561347767,0.15101537878939358,UNLOADING,0.1087022210999644,0.0026602033259920145,0.03186383192158109,-2.500000000000002,0.0,0.6439999999999999,0,staged_v3,0.11797188344599006,2,1.0082114902551684,0.11292037911758393,2,0,0,0
v3_pelvis_proxy:v3_right_hand_proxy,52,0.2888126310640865,0.20000000000000018,0.36627970313205704,0.0,0.2863276591006752,FLAT,0.0,-1,0.07760228624260894,0.012395108474743746,0.05218110346115535,SUPPORT,0.2437492442334691,0.015213946698314024,0.04300991704125269,0.06904209747112325,0.36627970313205704,0.1171818408188868,0,ok,0.09717733773191997,0.5693776968622222,FLAT,0.0,-1,0.0529538361217025,0.023139328196078605,0.1470591603084257,UNLOADING,0.09317333237139806,0.009213629819342685,0.023872025711902785,-2.500000000000002,-0.0010000000000000009,0.6429999999999999,0,staged_v3,0.1216394251860147,2,1.001791658155999,0.12273369254198915,2,1,0,0
v3_pelvis_proxy:v3_right_hand_proxy,53,0.14687609300312574,0.40000000000000036,1.0000000000000002,0.0,0.3141256443644407,FLAT,0.0,-1,0.0669993567992441,0.0019918950663024406,0.046255659928171405,SUPPORT,0.2849993953867753,0.02532088793010613,0.03569826214622399,0.18849555921538763,1.0000000000000002,0.11004445695411927,0,ok,0.09139023393105136,0.5955968108462206,FLAT,0.0,-1,0.04312845362491301,0.03148519675309015,0.1431498798057741,UNLOADING,0.0798628563183412,0.003109090191188022,0.029048403799100685,-2.500000000000002,-0.0020000000000000018,0.6409999999999999,0,staged_v3,0.13556682213213125,2,1.003969894750922,0.12012694077393289,2,0,0,0
v3_pelvis_proxy:v3_right_hand_proxy,54,0.5691525648844297,0.6000000000000005,1.0000000000000002,0.0,0.345713412173625,FLAT,0.0,-1,0.061339804240052635,0.03692186725339394,0.04068859126976719,SUPPORT,0.31799951630942025,0.0,0.06248796165214181,0.18849555921538763,1.0000000000000002,0.10220154471088949,0,ok,0.08934810361934159,0.6255099704070637,FLAT,0.0,-1,0.03816091570385517,0.024521124416772788,0.1400274313192692,UNLOADING,0.06845387684429245,0.012490909874924992,0.019510461691038473,-2.500000000000002,-0.0030000000000000027,0.6379999999999999,0,staged_v3,0.1616602576391362,2,1.0021449820104904,0.14866616672636013,2,0,0,0
v3_pelvis_proxy:v3_right_hand_proxy,55,1.0,0.40000000000000036,0.9999993885728552,0.0,0.3831203578800911,FLAT,0.0,-1,0.04910211652565404,0.0162332933359663,0.0363395125170333,SUPPORT,0.3443996130475362,0.010583682289885366,0.028245920324592347,0.18849544396408602,0.9999993885728552,0.08961261245475009,0,ok,0.0764055631007407,0.6570351950503224,FLAT,0.0,-1,0.02886122048860119,0.036705831747030224,0.13884540635793352,UNLOADING,0.0586747515808221,0.020834484001407506,0.01110778631648917,2.500000000000002,-0.0020000000000000018,0.6359999999999999,0,staged_v3,0.20803582722100372,2,1.0015581024862596,0.20803582722100372,2,1,1,1
v3_torso_proxy:v3_right_forearm_proxy,56,1.0,0.6000000000000005,0.999997893799191,0.1010648314374714,0.42147407394074254,FLAT,0.0,-1,0.043159669973852156,0.03135265577159353,0.03203327691738238,SUPPORT,0.36551969043802895,0.015507377798089392,0.011094286047779726,0.1884951622058883,0.999997893799191,0.13177921215590363,0,ok,0.05891591475560674,0.6858720903105462,FLAT,0.0,-1,0.030142111630902444,0.09812136044667713,0.13865209941281118,SUPPORT,0.13693980126465768,0.012205532148251607,0.01972707282238895,-2.500000000000002,-0.0030000000000000027,0.6329999999999999,0,staged_v3,0.26524994849622535,2,1.03021638493896,0.2613741609115055,2,0,0,0
v3_torso_proxy:v3_right_forearm_proxy,57,0.9999999999999999,0.40000000000000036,1.0000000000000002,0.06748949266677895,0.46770976160130157,FLAT,0.0,-1,0.030447407061379616,0.012137267073360958,0.05666824736835152,UNLOADING,0.3133025918040248,0.01569614529505662,0.027667699128988546,0.18849555921538763,1.0000000000000002,0.1304187641073773,0,ok,0.13619526895663492,0.6974610764752673,FLAT,0.0,-1,0.035402260795880304,0.019273568063923698,0.13895387778397683,SUPPORT,0.19955184101172613,0.024768261234067758,0.007179432655131088,2.500000000000002,-0.0020000000000000018,0.6309999999999999,0,staged_v3,0.3955608676370319,2,1.0363699752685978,0.39744713288364925,2,1,1,1
v3_torso_proxy:v3_right_forearm_proxy,58,0.21936035156249997,0.20000000000000018,0.21936035156250006,0.06928930493061292,0.5115213761339514,FLAT,0.0,-1,0.02118107423356288,0.013717305926844638,0.07367874550370226,UNLOADING,0.27949149801927353,0.021822426797876902,0.0068615104773082115,0.04134845213745747,0.21936035156250006,0.13131069821457658,0,ok,0.10317821753420223,0.7022393046384455,FLAT,0.0,-1,0.0360882031615256,0.03197747504375009,0.11114532382620963,SUPPORT,0.2496414728093809,0.019814497391672264,0.01074276879963822,2.500000000000002,-0.0010000000000000009,0.6299999999999999,1,staged_v3,0.46164369327015786,2,1.0408503054791884,0.46240835275537195,2,1,1,1
v3_torso_proxy:v3_right_forearm_proxy,59,0.9999999999999999,0.0,1.0000000000000002,0.13804333402702504,0.5477566973368633,FLAT,0.0,-1,0.01601135268135025,0.04727284983778007,0.0852672587895866,UNLOADING,0.2500538493352562,0.005249157698139953,0.02401420524133938,0.18849555921538763,1.0000000000000002,0.14991104439827882,0,ok,0.22570512222675382,0.7026922064821198,FLAT,0.0,-1,0.036096512085154166,0.04393977293562431,0.0915557853062069,SUPPORT,0.28971317824750475,0.008036375362114361,0.021541413903195986,2.500000000000002,0.0,0.6299999999999999,0,staged_v3,0.27624497051610425,2,1.0323098093801792,0.2380664671236137,2,0,0,0
v3_torso_proxy:v3_right_forearm_proxy,60,1.0,0.20000000000000018,1.0000000000000002,0.12232476726301086,0.5866522018918048,FLAT,0.0,-1,0.004789047830758439,0.006269162290798717,0.09385853177310638,UNLOADING,0.21433187085879105,0.023423764297856604,0.04798613310750437,0.18849555921538763,1.0000000000000002,0.14599913895093794,0,ok,0.30040261885535036,0.7144787849462977,FLAT,0.0,-1,0.030246451493510525,0.016381931996338726,0.0779015953038417,SUPPORT,0.3217705425980038,0.012513147768853362,0.04387323963151013,2.500000000000002,0.0010000000000000009,0.6309999999999999,0,staged_v3,0.33481749256230253,2,1.00731451367076,0.33304453678684415,2,1,1,1
v3_torso_proxy:v3_right_forearm_proxy,61,0.6121826171875001,0.40000000000000036,0.6121826171875,0.1744312331061184,0.6132133876217741,FLAT,0.0,-1,0.006761283588090358,0.01882849059186195,0.10004638988990415,UNLOADING,0.18371303216467805,0.02641151066828039,0.0035908088262148205,0.11539370476869737,0.6121826171875,0.1479087417382746,0,ok,0.24758071407486631,0.716471286318121,FLAT,0.0,-1,0.0307009336220229,0.07041567760504411,0.06812141688296719,SUPPORT,0.34741643407840306,0.0,0.051048945677882304,2.500000000000002,0.0020000000000000018,0.6329999999999999,1,staged_v3,0.4656451451476206,2,1.014383072363551,0.4666683236529219,2,1,1,1
v3_torso_proxy:v3_right_forearm_proxy,62,1.0,0.6000000000000005,0.6883051170447999,0.09071714150334423,0.6304930355779017,FLAT,0.0,-1,0.009200006268658004,0.015668651041159717,0.10448827135274746,UNLOADING,0.15746831328400976,0.025146625651887248,0.005077787915750125,0.12974245794817238,0.6883051170447999,0.14360347246938396,0,ok,0.13476492146225294,0.6992455424791101,FLAT,0.0,-1,0.03775099877141498,0.058813829947589547,0.06061057972135564,SUPPORT,0.36793314726272247,0.014866821854117817,0.013163707131949965,2.500000000000002,0.0030000000000000027,0.6359999999999999,0,staged_v3,0.29864098411805373,2,1.0188479397287655,0.29955635229786154,2,1,1,1
v3_torso_proxy:v3_right_forearm_proxy,63,0.8241886218591158,0.40000000000000036,1.0000000000000002,0.15895342195249418,0.6344156961390326,FLAT,0.0,-1,0.010358570515565033,0.008287149521932071,0.10740354563097865,UNLOADING,0.13497283995772266,0.022083027759616864,0.028485995390791646,0.18849555921538763,1.0000000000000002,0.1295973109253641,0,ok,0.1845146168631173,0.6866798970433565,FLAT,0.0,-1,0.03830124705207649,0.089797608326356,0.05540719880034862,SUPPORT,0.384346517810178,0.0,0.05537631301421945,-2.500000000000002,0.0020000000000000018,0.6379999999999999,0,staged_v3,0.1967936605668739,2,1.0098140207158175,0.16839901655218253,2,0,0,0
v3_torso_proxy:v3_right_forearm_proxy,64,0.24504037308190124,0.6000000000000005,1.0000000000000002,0.14985659908269722,0.6305716130795492,FLAT,0.0,-1,0.011314804309361716,0.01498271974439155,0.10901526924709193,UNLOADING,0.11569100567804799,0.015468043717963047,0.03406433725628621,0.18849555921538763,1.0000000000000002,0.10837010327576316,0,ok,0.12458748407260069,0.6759623026425411,FLAT,0.0,-1,0.03878561580810107,0.050110009688251266,0.05155724420702974,SUPPORT,0.39747721424814236,0.01252380751345833,0.015054054696893159,2.500000000000002,0.0030000000000000027,0.6409999999999999,0,staged_v3,0.17567599768016892,2,1.0100334773209358,0.14944998365249856,2,0,0,0
v3_pelvis_proxy:v3_right_hand_proxy,65,0.3846410687731787,0.40000000000000036,0.9803466796875006,0.12994321761929442,0.6409784063399901,FLAT,0.0,-1,0.009279311039642859,0.0004951837290826247,0.11097103964869481,UNLOADING,0.09916371915261257,0.030053368253352118,0.029816500746609596,0.1847909956126439,0.9803466796875006,0.09120404000262466,0,ok,0.11598533334293364,0.6851698143770716,FLAT,0.0,-1,0.03072718792698153,0.052409387313924014,0.050540576244168633,SUPPORT,0.4079817713985139,0.013401009698810681,0.014126019113397753,-2.500000000000002,0.0020000000000000018,0.6429999999999999,1,staged_v3,0.1485301108100829,2,1.0023897189897482,0.134502497406354,2,0,0,0
v3_pelvis_proxy:v3_right_hand_proxy,66,0.11195601475311967,0.20000000000000018,1.0000000000000002,0.11197507368540509,0.644502912857618,FLAT,0.0,-1,0.010524714581317053,0.004249810695748768,0.11457592183439202,UNLOADING,0.08499747355938221,0.026478985395970836,0.03394178308271752,0.18849555921538763,1.0000000000000002,0.08400242417599317,0,ok,0.11186826657887602,0.6922619618653874,FLAT,0.0,-1,0.029520754771730072,0.05219705915437732,0.05103029738684697,SUPPORT,0.4163854171188111,0.016091506149744063,0.011460008719598288,-2.500000000000002,0.0010000000000000009,0.6439999999999999,0,staged_v3,0.13646813292391363,2,1.0005110905749042,0.13270043102497164,2,0,0,0
v3_pelvis_proxy:v3_right_hand_proxy,67,0.05130471010600439,0.0,1.0000000000000002,0.09669676505754632,0.6410917771930633,FLAT,0.0,-1,0.012339582152332766,0.0014123084698863747,0.11828599875748715,UNLOADING,0.07285497733661332,0.029501991467987987,0.031226387047683248,0.18849555921538763,1.0000000000000002,0.0836240748698432,0,ok,0.10986481004991398,0.6996407707813658,FLAT,0.0,-1,0.027047408780339958,0.053181282410236244,0.05207828984131483,SUPPORT,0.4231083336950489,0.01685916375425978,0.010744750737805963,-2.500000000000002,0.0,0.6439999999999999,0,staged_v3,0.13352045929827325,2,1.001156643429216,0.13130835334439786,2,0,0,0
v3_pelvis_proxy:v3_right_hand_proxy,68,0.04093982503863693,0.20000000000000018,1.0000000000000002,0.08427273090911064,0.6473897240519977,FLAT,0.0,1,0.005040335920162389,0.0008198091690497103,0.12284124891259675,UNLOADING,0.062447123431382846,0.03032225327658013,0.031122474470347033,0.18849555921538763,1.0000000000000002,0.08497693407577701,0,ok,0.1096771698700412,0.7122751201224659,FLAT,0.0,-1,0.022521955567871715,0.05361937588399422,0.05406137931194302,SUPPORT,0.42848666695603915,0.01736096677229692,0.010342102193300232,-2.500000000000002,-0.0010000000000000009,0.6429999999999999,0,staged_v3,0.13394459764712882,2,1.0035870618501077,0.1300794341152089,2,0,0,0
v3_pelvis_proxy:v3_right_hand_proxy,69,0.03435345868355212,0.40000000000000036,1.0000000000000002,0.08385307912643665,0.654910020077698,FLAT,0.0,1,0.002366708973163083,0.001171137088530721,0.12720191423340257,UNLOADING,0.05352610579832816,0.03018895862313941,0.03133477705312771,0.18849555921538763,1.0000000000000002,0.08522569376656952,0,ok,0.11018960635665856,0.7229180311405858,FLAT,0.0,-1,0.021518710360398128,0.05247640122397322,0.05618032668991664,SUPPORT,0.43278933356483135,0.019125358965724603,0.00868365736877123,-2.500000000000002,-0.0020000000000000018,0.6409999999999999,0,staged_v3,0.13443860616456005,2,1.0046379884561045,0.12954667478069096,2,0,0,0
v3_pelvis_proxy:v3_right_hand_proxy,70,0.17785012982045528,0.6000000000000005,0.5010031497645776,0.08448047533244292,0.6526559417264663,FLAT,0.0,1,0.0108347065934731,0.011981068877678136,0.13075233835139638,UNLOADING,0.04587951925570985,0.019556548039891687,0.038207198852268406,0.09443686888354463,0.5010031497645776,0.08615399115950169,0,ok,0.11085378806361204,0.7079201929990746,FLAT,0.0,-1,0.03169598944268512,0.04641435183134905,0.05885393013537206,SUPPORT,0.4362314668518651,0.025039669377779808,0.0029030271289887987,-2.500000000000002,-0.0030000000000000027,0.6379999999999999,0,staged_v3,0.1358417498105688,2,1.0031163547834938,0.13698290291299867,2,1,0,0
v3_torso_proxy:v3_right_forearm_proxy,71,0.20784521543154683,0.8000000000000007,0.9999980893519599,0.05721862316354973,0.652094715669049,FLAT,0.0,1,0.011055210311742128,0.009924816853797258,0.13333999665770963,UNLOADING,0.039325302219179875,0.021742182979088226,0.046492743587481664,0.18849519906671683,0.9999980893519599,0.11475359068999827,0,ok,0.11612084161618069,0.6856457731420099,FLAT,0.0,-1,0.03597192746284585,0.09809890111106984,0.059680150955218184,SUPPORT,0.4389851734814921,0.0,0.053985138840020507,-2.500000000000002,-0.0040000000000000036,0.6339999999999999,0,staged_v3,0.1546356899699869,2,1.0122783509247668,0.15606369517096594,2,0,0,0
v3_torso_proxy:v3_right_forearm_proxy,72,0.6905517578125,0.6000000000000005,0.6905517578125002,0.09705530570192117,0.6493010127255292,FLAT,0.0,1,0.017434584529866525,0.013260021965585473,0.13483924636933176,SUPPORT,0.1214602417753439,0.02271993107685621,0.00902203124161038,0.13016593975603613,0.6905517578125002,0.12429423022702737,0,ok,0.05232829698952058,0.6510959915573322,FLAT,0.0,-1,0.0436421859267106,0.07491006366399634,0.05883727463613254,SUPPORT,0.44118813878519364,0.025522447468223224,0.002419416263583403,2.500000000000002,-0.0030000000000000027,0.6309999999999999,1,staged_v3,0.23594930216941395,2,1.0428009538386478,0.22960808821762652,2,0,1,1
v3_torso_proxy:v3_right_forearm_proxy,73,0.9999999999999999,0.8000000000000007,1.0000000000000002,0.0898823344327938,0.6382121811947414,FLAT,0.0,1,0.021942581592210957,0.03196578817283994,0.13489327325213596,UNLOADING,0.10410877866458049,0.020633460997508454,0.011111202665098349,0.18849555921538763,1.0000000000000002,0.12134346657491443,0,ok,0.19031124328730495,0.619544436327601,FLAT,0.0,-1,0.0500942793146938,0.0845015014969486,0.08543191884887359,SUPPORT,0.4429505110281549,0.0,0.06317898722935579,-2.500000000000002,-0.0040000000000000036,0.6269999999999999,0,staged_v3,0.3030412748428055,2,1.050336413708341,0.27692408301290905,2,0,0,0
v3_torso_proxy:v3_right_forearm_proxy,74,0.3673095703125002,0.6000000000000005,0.3673087982627966,0.10731135901063656,0.6269760972118621,FLAT,0.0,1,0.023005745977989156,0.03782491704531074,0.13383265338302866,UNLOADING,0.08923609599821185,0.021496830595264933,0.0101948020738865,0.06923607733327784,0.3673087982627966,0.11557976833592268,0,ok,0.16566950677373388,0.5912481710397056,FLAT,0.0,-1,0.053303250480959616,0.027882829563121048,0.07552398842930085,SUPPORT,0.4443604088225239,0.022953963766184634,0.005822235655280412,2.500000000000002,-0.0030000000000000027,0.6239999999999999,1,staged_v3,0.32246101291511736,2,1.0530928596974536,0.3172291843458002,2,1,1,1
v3_torso_proxy:v3_right_forearm_proxy,75,6.1035156249962676e-05,2.44140625049738e-05,6.103508974564465e-05,0.10731279950414205,0.6129056851449365,FLAT,0.0,1,0.030559895291647647,0.03782501146126216,0.13118823896344478,UNLOADING,0.07648808228418158,0.021365568230881732,0.010193843717290513,1.1504843373366658e-05,6.103508974564465e-05,0.11558040813574968,0,ok,0.16566300728353303,0.5588919121198023,FLAT,0.0,-1,0.06114291742686379,0.027878217673537174,0.06762195679632015,SUPPORT,0.44548832705801916,0.0225638321043016,0.005817265735514408,7.499694824218694,-1.22070312524869e-07,0.6239998779296874,1,staged_v3,0.2414019861574705,2,1.050770119916664,0.24054789014787994,2,1,1,1
v3_torso_proxy:v3_right_forearm_proxy,76,0.28179931640625006,0.1999755859374952,0.2817986680904832,0.08236617996028663,0.6067120915025186,FLAT,0.0,1,0.02604119187619383,0.026252190418487312,0.12830737305124773,UNLOADING,0.06556121338644136,0.03089133065989048,0.0005240379926719123,0.053117797527867036,0.2817986680904832,0.12145332667640288,0,ok,0.1886196434890627,0.5271507129645563,FLAT,0.0,-1,0.06520863223106836,0.03311217427903236,0.060601606891340164,SUPPORT,0.44639066164641533,0.013948280353327226,0.014081799991239784,2.500000000000002,0.000999877929687476,0.6249997558593748,1,staged_v3,0.24010215918664335,2,1.0400622556018813,0.24167908948995862,2,1,1,1
v3_torso_proxy:v3_right_forearm_proxy,77,1.0000000000000002,0.3999755859374954,1.0000000000000002,0.08119993339284744,0.6043922846037879,FLAT,0.0,1,0.02325740828634114,0.0026032234905281485,0.12552231629521132,UNLOADING,0.05619532575980688,0.028672892324232424,0.02046922384566345,0.18849555921538763,1.0000000000000002,0.1031482470641196,0,ok,0.1245063325910167,0.488106664032463,FLAT,0.0,-1,0.07726668638332501,0.13500856904054112,0.052282127671166835,SUPPORT,0.44711252931713225,0.0,0.10381899126897232,2.500000000000002,0.001999877929687477,0.6269996337890623,0,staged_v3,0.16435239149351813,2,1.072931926363821,0.16288288259114483,2,0,0,0
v3_torso_proxy:v3_right_forearm_proxy,78,0.9416503906250001,0.5999755859374956,0.9416354528021403,0.04292192094558741,0.6047715802708321,FLAT,0.0,1,0.02375591269956369,0.004980372730498149,0.12400414908719387,UNLOADING,0.048167422079834474,0.026219834723861548,0.030905927368964387,0.17749410125297416,0.9416354528021403,0.10346424884442981,0,ok,0.10686704278760466,0.4759980058915165,FLAT,0.0,-1,0.0625055196069082,0.036278566669410414,0.05003381020426388,SUPPORT,0.4476900234537058,0.026321612752897204,0.0011800777573159936,2.500000000000002,0.002999877929687478,0.6299995117187498,1,staged_v3,0.3108793810989319,2,1.060764983664009,0.3123649907229335,2,1,1,1
v3_torso_proxy:v3_right_forearm_proxy,79,0.9999999999999999,0.7999755859374957,1.0,0.2837582353166446,0.6064616239012177,FLAT,0.0,1,0.024085656567674165,0.07349916022313072,0.12398336623216856,SUPPORT,0.1285339376638676,0.018431303813304663,0.012767864498303767,0.1884955592153876,1.0,0.10958843767062607,0,ok,0.15975209881767724,0.47532674465629987,FLAT,0.0,-1,0.055030662753500215,0.12757923917440028,0.04842282034311797,SUPPORT,0.4481520187629646,0.0,0.05804751363114205,2.500000000000002,0.003999877929687479,0.6339993896484373,0,staged_v3,0.24407135189142362,2,1.065508475317618,0.21879511328457565,2,1,1,1
v3_pelvis_proxy:v3_right_hand_proxy,80,1.0000000000000002,0.9999755859374959,1.0000000000000002,0.2466562217171159,0.6093633825020637,FLAT,0.0,1,0.01897166078507432,0.06216286736293826,0.12534971401616152,UNLOADING,0.11017194656902936,0.0016651049466300874,0.02960238075417799,0.18849555921538763,1.0000000000000002,0.05513709953405435,0,ok,0.1672557586062901,0.5015917670736538,FLAT,0.0,-1,0.03799415618737704,0.0600565498908349,0.07561536460921109,UNLOADING,0.38413030179682683,0.0,0.03174239865526693,2.500000000000002,0.00499987792968748,0.6389992675781248,0,staged_v3,0.30425807143620737,2,1.0498587236022294,0.2969137153062936,2,0,0,0
v3_torso_proxy:v3_right_forearm_proxy,81,0.5575623465945314,0.8999877929687594,0.9999994500548737,0.16534855492382539,0.6147542264248107,FLAT,0.0,1,0.019277176480017158,0.038076596687127845,0.098783435145355,UNLOADING,0.09443309706130384,0.02172874729666966,0.008210424460598092,0.18849545555317349,0.9999994500548737,0.07311503955534819,0,ok,0.0820470837577713,0.5287359273624244,FLAT,0.0,-1,0.03375788965855598,0.07181333608316119,0.06675280504740949,UNLOADING,0.3292555182001028,0.0,0.03743632699988991,-1.2498474121092062,0.004499938964843797,0.6434992065429685,0,staged_v3,0.4471302335138515,2,1.033316304724839,0.4463395932629943,2,1,0,0
v3_torso_proxy:v3_right_forearm_proxy,82,0.9360539568010169,1.0000000000000009,0.9999994276990241,0.10884057385056606,0.6200107270362175,FLAT,0.0,1,0.02300211301981558,0.04818855305808631,0.08039307806663715,UNLOADING,0.08094410484373582,0.0036011038538570316,0.02541855004947483,0.1884954513391951,0.9999994276990241,0.07097612891145332,0,ok,0.11196386238765405,0.5501999004608419,FLAT,0.0,-1,0.032578668548728325,0.059843941854231544,0.06040250362955352,UNLOADING,0.28721871727925885,0.006971857944615918,0.02104826723686176,1.2501525878905184,0.0050000000000000044,0.6484992065429686,0,staged_v3,0.34464144056269425,2,1.0426213156744502,0.3462821950558465,2,1,0,0
v3_torso_proxy:v3_right_forearm_proxy,83,0.9996853732171305,0.8000000000000007,1.0000000000000002,0.07891105306752202,0.6178139958260744,FLAT,0.0,1,0.028518359691762578,0.0010850878577513589,0.0680908402899002,SUPPORT,0.15475528387498866,0.027319454156743653,0.03299209890999734,0.18849555921538763,1.0000000000000002,0.07381526485652601,0,ok,0.10519629059935566,0.537857374442913,FLAT,0.0,-1,0.04853709009453486,0.055849204404497255,0.05585231383207858,SUPPORT,0.3197749738234071,0.0061954640522790955,0.021597151639324835,-2.500000000000002,0.0040000000000000036,0.6524992065429686,0,staged_v3,0.2659678270515639,2,1.0106003987027694,0.26676538900992897,2,1,0,0
v3_pelvis_proxy:v3_right_hand_proxy,84,0.4102086077412151,0.6000000000000005,0.4480415088170971,0.08480191753705471,0.609640998851379,FLAT,0.0,1,0.032482758894453324,0.000822330446315256,0.08852445822528934,SUPPORT,0.21380422709999092,0.028603892464949213,0.033724200765238785,0.08445383475618473,0.4480415088170971,0.07290574526960097,0,ok,0.10206051630848807,0.5140126780265863,FLAT,0.0,-1,0.05900401359020065,0.06450728675691225,0.08093882931575547,UNLOADING,0.2740928347057775,0.0,0.032884836024378555,-2.500000000000002,0.0030000000000000027,0.6554992065429686,1,staged_v3,0.2386195891574584,2,1.0019339141481214,0.2396785610403341,2,1,0,0
v3_pelvis_proxy:v3_right_hand_proxy,85,0.42853367567021833,0.40000000000000036,1.0000000000000002,0.07952789162488803,0.584395162096547,FLAT,0.0,1,0.04033327528961823,0.015267053941281028,0.07546793507299529,SUPPORT,0.26104338167999275,0.01350634281236874,0.048066173263588766,0.18849555921538763,1.0000000000000002,0.08674504047218015,0,ok,0.10532032258160218,0.4537928537328584,FLAT,0.0,-1,0.08870135724622344,0.06967149376101284,0.09863826900904796,UNLOADING,0.234936715462095,0.0,0.03699176476161056,-2.500000000000002,0.0020000000000000018,0.6574992065429686,0,staged_v3,0.15393298777055617,2,0.9915574579283062,0.1559266660821018,2,0,0,0
v3_pelvis_proxy:v3_right_hand_proxy,86,0.16186018656055992,0.20000000000000018,1.0000000000000002,0.08165586010335177,0.5598620240846416,FLAT,0.0,1,0.04359593922477816,0.0019532584136465166,0.06662827013126082,SUPPORT,0.2988347053439942,0.026378155092916526,0.03688082613838989,0.18849555921538763,1.0000000000000002,0.08960475575199786,0,ok,0.10658983667308222,0.4152001809586503,FLAT,0.0,-1,0.08675522256366294,0.06521317438322141,0.11098273057008284,UNLOADING,0.20137432753893858,0.0,0.03181327882936749,-2.500000000000002,0.0010000000000000009,0.6584992065429686,0,staged_v3,0.18817474132167586,2,0.9958086795891639,0.1482162327314405,2,0,0,0
v3_pelvis_proxy:v3_right_hand_proxy,87,0.17117179191915144,0.0,1.0000000000000002,0.0818213017422357,0.5355933110467865,FLAT,0.0,1,0.04694136459860295,0.0011910404176360802,0.05984799349730282,SUPPORT,0.32906776427519535,0.026801359257229065,0.03686011965324394,0.18849555921538763,1.0000000000000002,0.08630112975098242,0,ok,0.10355053726688043,0.40048294265206275,FLAT,0.0,-1,0.0820207400329468,0.06505249907917546,0.11735298745551653,UNLOADING,0.17260656646194736,0.0,0.031470734412260816,-2.500000000000002,0.0,0.6584992065429686,0,staged_v3,0.13242493445356893,2,1.00317190922573,0.13416286014212433,2,0,0,0
v3_pelvis_proxy:v3_right_hand_proxy,88,0.13204857463737119,0.20000000000000018,0.999999999999999,0.08167804524936009,0.5213880575579111,FLAT,0.0,1,0.04077053384222867,0.00121925266728841,0.05492509394258924,SUPPORT,0.3532542114201563,0.026527002029841054,0.037810926036660426,0.1884955592153874,0.999999999999999,0.08121693398459212,0,ok,0.1010177033580422,0.4316575910920025,FLAT,0.0,-1,0.05653602166825096,0.06551254281924139,0.12146569194670195,UNLOADING,0.147948485538812,0.0,0.03140277728222996,-2.500000000000002,-0.0010000000000000009,0.6574992065429686,0,staged_v3,0.12844761522585002,2,1.004744595441242,0.12968467087971952,2,0,0,0
v3_pelvis_proxy:v3_right_hand_proxy,89,0.07763928680962529,0.40000000000000036,0.1418851963015414,0.08220855147695014,0.5124424386082469,FLAT,0.0,1,0.036287148171992196,0.0027512882058959827,0.05115720031612829,SUPPORT,0.372603369136125,0.024806571809910433,0.04069051527094991,0.02674472942124409,0.1418851963015414,0.07849147285518462,0,ok,0.09818307111466124,0.47920851279112586,FLAT,0.0,-1,0.04342007660685693,0.06504698080055572,0.12413681343603615,UNLOADING,0.126812987604696,0.0009769150445861317,0.030229925627215676,-2.500000000000002,-0.0020000000000000018,0.6554992065429686,0,staged_v3,0.12354861204556383,2,0.9998922718686324,0.1249823383281286,2,1,0,0
v3_torso_proxy:v3_right_forearm_proxy,90,0.8024065675415223,0.40000000000000036,0.9999995437314289,0.10643332166779629,0.5030951267794603,FLAT,0.0,1,0.027891120906220583,0.042388267487282985,0.04752849823477025,SUPPORT,0.3880826953089,0.0,0.03677038563152753,0.18849547321078813,0.9999995437314289,0.10741475321010424,0,ok,0.08607581947189459,0.5473094127910296,FLAT,0.0,-1,0.006744463368432435,0.07731906727976243,0.12731821865777299,UNLOADING,0.10869684651831087,0.020871566290897998,0.010494344641990654,0.0,-0.0020000000000000018,0.6534992065429686,0,staged_v3,0.1652730755568181,2,0.995044463349078,0.15479749910787216,2,1,0,0
v3_torso_proxy:v3_right_forearm_proxy,91,0.7939453125000001,0.20000000000000018,0.7687886992611984,0.03382883298929448,0.4875219283848279,FLAT,0.0,1,0.03224502430657617,0.0018726272199939666,0.043515744455784364,SUPPORT,0.40046615624712,0.025303160002795255,0.013307408956078928,0.14491325578571004,0.7687886992611984,0.10472554469274578,0,ok,0.11378818459833909,0.607485535332914,FLAT,0.0,-1,0.0021863370019164045,0.06200820601518828,0.12968291110034746,UNLOADING,0.09316872558712361,0.005800061099039924,0.025684084455977453,2.500000000000002,-0.0010000000000000009,0.6524992065429686,1,staged_v3,0.31792973300852456,2,0.9639822355004046,0.31795403925926774,2,1,1,1
v3_torso_proxy:v3_right_forearm_proxy,92,0.32730791241068874,0.40000000000000036,0.7230279564120382,0.07950147420942974,0.4631965384261678,FLAT,0.0,1,0.04053633664435235,0.003412445590277581,0.038020450534919994,SUPPORT,0.410372924997696,0.02348857693646842,0.04235523942074641,0.13628755897224604,0.7230279564120382,0.10472143136357626,0,ok,0.09612064731856308,0.6460693639430465,FLAT,0.0,-1,0.012411897331657918,0.06157365827610839,0.13181861531976047,UNLOADING,0.07985890764610595,0.007629242992456431,0.023961687773531595,-2.500000000000002,-0.0020000000000000018,0.6504992065429686,0,staged_v3,0.2550810138115955,2,0.9794302589820576,0.2550810138115955,2,1,0,0
v3_torso_proxy:v3_right_forearm_proxy,93,1.0,0.20000000000000018,0.9999968679918585,0.2763674653385271,0.4495922679702468,FLAT,0.0,1,0.03353835878569089,0.05210895135202634,0.03361193863077144,SUPPORT,0.4182983399981568,0.0,0.08844000955512288,0.1884949688457615,0.9999968679918585,0.11470497446939779,0,ok,0.1899427847746226,0.6692904846049115,FLAT,0.0,-1,0.016623582997917125,0.077707822866072,0.13294043277085565,UNLOADING,0.06845049226809082,0.0008931276022568144,0.03075389403628597,2.500000000000002,-0.0010000000000000009,0.6494992065429686,0,staged_v3,0.15606888973441746,2,0.9747991707347821,0.1500256553983332,2,1,1,1
v3_torso_proxy:v3_right_forearm_proxy,94,0.37565363895777115,0.0,0.5647583007812503,0.200971016023426,0.44035056405174555,FLAT,0.0,1,0.03023464189393848,0.003585835505450383,0.0308209445334032,SUPPORT,0.42463867199852545,0.022955211721219778,0.05379113719211893,0.10645443172729385,0.5647583007812503,0.10712590090636268,0,ok,0.2112222165014623,0.6791244217787338,FLAT,0.0,-1,0.02183770116361763,0.07556242295208992,0.13310209333841513,UNLOADING,0.05867185051550641,0.0,0.04995034798668855,2.500000000000002,0.0,0.6494992065429686,1,staged_v3,0.3646037450356872,2,1.00385064460897,0.3658394865043097,2,1,1,1
v3_torso_proxy:v3_right_forearm_proxy,95,0.04565429687500001,0.20000000000000018,0.020978354064368657,0.20145790235902958,0.44477301620689486,FLAT,0.0,1,0.025810295518420904,0.0036030408630486873,0.029450827661141103,SUPPORT,0.42971093759882034,0.02286950052000837,0.053013528359296305,0.00395432658078157,0.020978354064368657,0.10712565305301011,0,ok,0.2179545875705445,0.6796067011522979,FLAT,0.0,-1,0.029938314504805517,0.0781188802307951,0.13184181873401035,UNLOADING,0.05029015758471978,0.0,0.05174118174721006,2.500000000000002,0.0010000000000000009,0.6504992065429686,1,staged_v3,0.23762049693477,2,1.001163053652553,0.23762049693477,2,1,1,1
v3_torso_proxy:v3_right_forearm_proxy,96,0.6757329130189353,0.0,0.42320059309014546,0.11350957587424425,0.45433373064149324,FLAT,0.0,1,0.0217410792274313,0.001579055175193589,0.028943371836019187,SUPPORT,0.4337687500790563,0.024868113416607374,0.041683883166196145,0.07977143245481066,0.42320059309014546,0.10520892542315566,0,ok,0.139218843846971,0.6801382859110594,FLAT,0.0,-1,0.03119239567899921,0.05398397628494149,0.12952868708549486,UNLOADING,0.04310584935833124,0.012389334643904494,0.019087099710370252,-2.500000000000002,0.0,0.6504992065429686,0,staged_v3,0.12478136692660079,2,1.0077561665959567,0.12616978889034713,2,1,0,0
v3_torso_proxy:v3_right_forearm_proxy,97,0.9624403416485233,0.15000000000000568,0.9633242359223042,0.13826198574413265,0.47587726712665446,FLAT,0.0,1,0.014341772148485248,0.06352281918872346,0.029132546580548153,SUPPORT,0.43701500006324506,0.0,0.06223501271517257,0.18158234055591072,0.9633242359223042,0.10353331229466231,0,ok,0.10663771451270615,0.6775296054359571,FLAT,0.0,-1,0.03535335628978487,0.047256118263480064,0.1262265416732852,UNLOADING,0.036947870878569634,0.02844339124261504,0.0028679358410492227,1.875000000000071,0.0007500000000000284,0.6512492065429686,0,staged_v3,0.165683199769377,2,1.01359223101374,0.1671786125242884,2,1,0,0
v3_torso_proxy:v3_right_forearm_proxy,98,0.6836476363631665,0.1280300111025756,1.0000000000000002,0.09195878864293666,0.4832653328023981,FLAT,0.0,1,0.01662495112550618,0.008616842427563613,0.029482241403669975,SUPPORT,0.43961200005059603,0.017857269642619886,0.05079453478500986,0.18849555921538763,1.0000000000000002,0.08207197642462254,0,ok,0.11291771215076056,0.681131953326152,FLAT,0.0,-1,0.027135222303663904,0.04782216278148284,0.12358522555130805,UNLOADING,0.031669603610202546,0.014406037692604443,0.016773223584960962,-0.2746248612178759,0.0006401500555128781,0.6518893565984815,0,staged_v3,0.2845945800132304,2,1.020979360955573,0.2810139035767224,2,0,0,0
v3_torso_proxy:v3_right_forearm_proxy,99,0.29055902559479474,0.07196998889742456,0.9999902462172728,0.10504283679881846,0.48512255593451303,FLAT,0.0,1,0.01848808000105702,0.007311040222820198,0.02982811077619537,SUPPORT,0.4416896000404768,0.019180365315989573,0.03486353585459247,0.18849372067065798,0.9999902462172728,0.10356252414728592,0,ok,0.0,0.6865552012988427,FLAT,0.0,-1,0.023121355309415073,0.046989122128278805,0.12194322512380802,UNLOADING,0.027145374523030754,0.008488369503881633,0.02260879175230877,-2.500000000000002,-0.0003598499444871228,0.6515295066539943,0,staged_v3,0.3507344633285745,2,0.989286452959168,0.2900629422734258,2,0,0,0
v3_torso_proxy:v3_right_forearm_proxy,100,1.0,0.1280300111025756,0.9999921743393648,0.26200873682598713,0.4943092778650195,FLAT,0.0,1,0.01444768424651613,0.054932902979181505,0.029724193781338788,SUPPORT,0.44335168003238146,0.0,0.09583331718190223,0.18849408411310994,0.9999921743393648,0.10428508007890622,0,ok,0.0,0.7044261590368126,FLAT,0.0,-1,0.022255589237175244,0.08260361932537005,0.12147329863716483,SUPPORT,0.14548773758888517,0.0,0.04735061171706228,2.500000000000002,0.0006401500555128781,0.6521696567095072,0,staged_v3,0.20189887752900146,2,1.009376326672614,0.20350764549168987,2,1,1,1
v3_pelvis_proxy:v3_right_hand_proxy,101,0.9999999999999999,0.3280300111025758,1.0000000000000002,0.25544352699810596,0.5028782017707226,FLAT,0.0,1,0.015458228490753652,0.04395292604471522,0.05726872066795491,UNLOADING,0.38001572574204123,0.0,0.13332873731405476,0.18849555921538763,1.0000000000000002,0.07588424423078505,0,ok,0.0,0.7174248900515636,FLAT,0.0,-1,0.022095792893398143,0.047152741491853375,0.12101457987982925,SUPPORT,0.24251139374843633,0.0,0.07020466515374896,2.500000000000002,0.001640150055512879,0.6538098067650201,0,staged_v3,0.2939820374813741,2,1.0391401398657707,0.29397880102133495,2,0,1,1
v3_torso_proxy:v3_right_forearm_proxy,102,0.9999410155524515,0.1280300111025756,0.5851566317079978,0.16402690604923725,0.509301477472977,FLAT,0.0,1,0.018698907112893386,0.015143490623260768,0.07504484794257951,UNLOADING,0.32572776492174965,0.013608751773868208,0.07750960190149149,0.11029942652239166,0.5851566317079978,0.07659233956767832,0,ok,0.0,0.7185834436564729,FLAT,0.0,-1,0.023484471665789087,0.03966883781259675,0.09214835344322517,SUPPORT,0.32448254750114236,0.0,0.04000785035092541,-2.500000000000002,0.0006401500555128781,0.654449956820533,0,staged_v3,0.3703971255223151,2,1.0221849271104864,0.3714554682611017,2,1,0,0
v3_torso_proxy:v3_right_forearm_proxy,103,0.9064816782543937,0.07196998889742456,0.5000215500623799,0.08425840243832472,0.5234115763502011,FLAT,0.0,1,0.010953283644353473,0.00728994921757466,0.08671004155326408,UNLOADING,0.2791952270757854,0.022045552860088545,0.04850459806390353,0.09425184169875322,0.5000215500623799,0.07543253114719065,0,ok,0.08446905156787606,0.7131257663602601,FLAT,0.0,-1,0.03037715138535439,0.04851588651092328,0.07146479838328548,SUPPORT,0.39201851344999356,0.0,0.02903102257820684,-2.500000000000002,-0.0003598499444871228,0.6540901068760459,0,staged_v3,0.19021386748403366,2,1.0200373786866057,0.1908519734414136,2,1,0,0
v3_pelvis_proxy:v3_right_hand_proxy,104,0.047182557906356164,0.27196998889742474,1.0000000000000002,0.08270142506260372,0.5385150193343897,FLAT,0.0,1,0.00814117671445973,0.010528106118212113,0.09385116493040613,UNLOADING,0.2393101946363875,0.019164452128308196,0.05177962243584362,0.18849555921538763,1.0000000000000002,0.07293168681159955,0,ok,0.08297291157223383,0.7052327893236114,FLAT,0.0,-1,0.03381740173161922,0.04416650457734343,0.05664438356886176,SUPPORT,0.40361481075999484,0.0011403490539502459,0.026691870124492843,-2.500000000000002,-0.0013598499444871237,0.6527302569315587,0,staged_v3,0.13150129359330337,2,1.020887522752488,0.1307705278750827,2,0,0,0
v3_pelvis_proxy:v3_right_hand_proxy,105,0.045167847631532074,0.4719699888974249,1.0000000000000002,0.08208077047032052,0.5562730439882484,FLAT,0.0,1,0.003652146888840305,0.009510821887995926,0.09821750490341219,UNLOADING,0.20512302397404644,0.020400053357174684,0.05074895819397923,0.18849555921538763,1.0000000000000002,0.06882337602822206,0,ok,0.08320498547756663,0.7005124783136832,FLAT,0.0,-1,0.031282012214086476,0.03952172919725498,0.04602509231863554,SUPPORT,0.4128918486079959,0.0028779560941346732,0.024423298521797105,-2.500000000000002,-0.0023598499444871246,0.6503704069870716,0,staged_v3,0.13637644173278818,2,1.0162231021807135,0.13457923313851497,2,0,0,0
v3_pelvis_proxy:v3_right_hand_proxy,106,0.041587113463463395,0.6719699888974251,1.0000000000000002,0.08193719910548901,0.5719015856336835,FLAT,0.0,1,0.0011269775528002942,0.006312654379624635,0.101004123737195,UNLOADING,0.17581973483489696,0.023737551807235118,0.047469876128273684,0.18849555921538763,1.0000000000000002,0.0655059462635097,0,ok,0.08358672181797783,0.6978144987157626,FLAT,0.0,-1,0.03272063401333961,0.03408618382544324,0.038653641950139705,SUPPORT,0.4203134788863967,0.0054324851904097235,0.021500196907097265,-2.500000000000002,-0.0033598499444871255,0.6470105570425845,0,staged_v3,0.13915238938341595,2,1.0147746791804582,0.13689716358109702,2,0,0,0
v3_pelvis_proxy:v3_right_hand_proxy,107,0.5386960465131647,0.8719699888974253,0.9999807531049173,0.08228723878261784,0.5787690269301763,FLAT,0.0,1,0.004666222201467157,0.04152900599161359,0.10300082338223501,UNLOADING,0.15070262985848312,0.0,0.07043916502093764,0.18849193126113584,0.9999807531049173,0.0690427739756467,0,ok,0.08442840874152145,0.6908585494174324,FLAT,0.0,-1,0.03836485739854568,0.016050417881713908,0.03408687990814202,SUPPORT,0.42625078310911735,0.02047970764959728,0.006224636345809825,-2.500000000000002,-0.004359849944487126,0.6426507070980974,0,staged_v3,0.16107098081926657,2,0.9917899149975478,0.1625405754498185,2,1,0,0
v3_pelvis_proxy:v3_right_hand_proxy,108,0.14471435546875006,0.6719699888974251,0.09852354743467368,0.0977275259261749,0.5840982129731365,FLAT,0.0,1,0.002631902300699169,0.03887777906780569,0.10577093185779005,UNLOADING,0.12917368273584268,0.0,0.07016055296817363,0.01857125116958258,0.09852354743467368,0.0697096105700148,0,ok,0.08647346209921897,0.6938401220174525,FLAT,0.0,-1,0.031486864490640566,0.006892484064092098,0.03203174174351009,SUPPORT,0.43100062648729387,0.026040516193650637,0.0005610708935248699,2.500000000000002,-0.0033598499444871255,0.6392908571536102,1,staged_v3,0.14442553376828035,2,0.9804274396349456,0.14442553376828035,2,1,1,1
v3_torso_proxy:v3_right_forearm_proxy,109,0.4643025602358239,0.8719699888974253,1.0000000000000002,0.04991919688909317,0.587080025082201,FLAT,0.0,1,0.0044476172110875485,0.003964376312668557,0.10806964412027255,UNLOADING,0.11072029948786516,0.026439105893345072,0.010153750622487984,0.18849555921538763,1.0000000000000002,0.0909652034515369,0,ok,0.039334204425916355,0.6996738428578858,FLAT,0.0,-1,0.028295614621708882,0.01540937285731625,0.03181031626270744,SUPPORT,0.4348005011898351,0.011181142955819123,0.0214384743122013,-2.500000000000002,-0.004359849944487126,0.6349310072091231,0,staged_v3,0.18988272470326495,2,0.966540803380667,0.16988127744750128,2,0,0,0
v3_torso_proxy:v3_right_forearm_proxy,110,0.24337665853672183,0.6719699888974251,0.9999997504668703,0.2058155636347557,0.590779241716758,FLAT,0.0,1,0.012624427392119768,0.017539110855848646,0.11054269890940593,SUPPORT,0.17857623959029212,0.012988024089621651,0.04537958372348396,0.18849551217950078,0.9999997504668703,0.09856723132642134,0,ok,0.20742652401775924,0.7039069543718149,FLAT,0.0,-1,0.02566696116683272,0.08672140304475959,0.032213808179601455,SUPPORT,0.4378404009518681,0.005088027690799905,0.02152266271818017,2.500000000000002,-0.0033598499444871255,0.631571157264636,0,staged_v3,0.24175509816201485,2,0.9895893870437632,0.23699139057499102,2,1,0,0
v3_torso_proxy:v3_right_forearm_proxy,111,0.31427001953125,0.4719699888974249,0.18647027939986102,0.1694163986544657,0.5940011720919478,FLAT,0.0,1,0.012798865543478795,0.0035333788159654213,0.11302751661660347,UNLOADING,0.1530653482202504,0.027117997014864757,0.024323725433743466,0.03514881959252637,0.18647027939986102,0.0985675467090402,0,Stage B: NoSolutionFound: QP solver proxqp failed to find a solution.,0.20195092398744624,0.7080766044649923,FLAT,0.0,-1,0.02617121502447739,0.07510581801436021,0.06054275585242121,UNLOADING,0.37529177224445837,0.010881302860282202,0.01714583493233886,2.500000000000002,-0.0023598499444871246,0.6292113073201488,1,staged_v3,0.274170534190722,2,0.9723861451773395,0.274170534190722,1,0,1,1
v3_torso_proxy:v3_right_forearm_proxy,112,0.0,0.0,0.0,0.1694163986544657,0.5927015619420565,FLAT,0.0,1,0.016095867867892164,0.0035333788159654213,0.08658111849884668,UNLOADING,0.1311996685861771,0.025795677108976917,0.024323725433743466,0.0,0.0,0.0985675467090402,0,ok,0.20195092398744624,0.7116341669112309,FLAT,0.0,-1,0.027295486600877217,0.07510581801436021,0.05209297894650871,UNLOADING,0.3216786698486068,0.010458814014986575,0.01714583493233886,5.899624861217811,0.0,0.6292113073201488,1,staged_v3,0.15569653335574832,2,0.978528355531657,0.15569653335574832,2,1,1,1
v3_torso_proxy:v3_right_forearm_proxy,113,0.02197265625000002,0.20000000000000018,0.02197265625000001,0.14739704591979907,0.5952588921282049,FLAT,0.0,1,0.015306854145936714,0.0033168301639115655,0.06925905400380399,UNLOADING,0.1124576761289042,0.025146122536278636,0.02400643082514916,0.004141748127291234,0.02197265625000001,0.09856754670885451,0,ok,0.19597679956159977,0.7315349932543069,FLAT,0.0,-1,0.005625455319844417,0.07566701477031228,0.044885587985830616,UNLOADING,0.2757245823642914,0.008333541489785785,0.01891073790950575,2.500000000000002,0.0010000000000000009,0.6302113073201489,1,staged_v3,0.15277095745661776,2,0.9726064424326097,0.15277095745661776,2,1,1,1
v3_torso_proxy:v3_right_forearm_proxy,114,1.0000000000000002,0.40000000000000036,1.0000000000000002,0.12547611419519702,0.6000903749339355,FLAT,0.0,1,0.014838136990176007,0.018651175603931574,0.05684725242932734,SUPPORT,0.17996614090312335,0.015145448082376278,0.012696914539090089,0.18849555921538763,1.0000000000000002,0.09856754670885412,0,ok,0.07520907694422162,0.7457184821741166,FLAT,0.0,-1,0.0044616620946353654,0.0039880863912314666,0.03894014260689668,SUPPORT,0.31057966589143315,0.02295892073911337,0.018779713179115864,2.500000000000002,0.0020000000000000018,0.6322113073201489,0,staged_v3,0.1581877392974174,2,0.9728689870826536,0.1581877392974174,2,1,1,1
v3_torso_proxy:v3_right_forearm_proxy,115,0.8909336449368734,0.40000000000000036,0.999999895279455,0.09407369504912862,0.5900470318338161,FLAT,0.0,1,0.0255460167699349,0.04260413871437373,0.07651320888390216,UNLOADING,0.15425669220267715,0.0,0.031135518930679236,0.1884955394760299,0.999999895279455,0.09521757612805444,0,ok,0.11482035724960704,0.7726950133563185,FLAT,0.0,-1,0.005151315976402591,0.042184761892147496,0.06309947823799537,SUPPORT,0.3384637327131465,0.02085484052147831,0.007300133390421459,0.0,0.0020000000000000018,0.6342113073201489,0,staged_v3,0.3572113019554932,2,0.9915943275272086,0.35716624082080345,2,1,0,0
v3_torso_proxy:v3_right_forearm_proxy,116,0.9999999999999999,0.6000000000000005,1.0000000000000002,0.07494143983593692,0.5811607260908592,FLAT,0.0,-1,0.02776031992064096,0.017320100714507514,0.09217555764677268,UNLOADING,0.132220021888009,0.012288677167831122,0.036867208555887314,0.18849555921538763,1.0000000000000002,0.0858520184197334,0,ok,0.2798170143463975,0.7954057232201859,FLAT,0.0,-1,0.005835081540933993,0.08289229035340853,0.05206352971771749,SUPPORT,0.3607709861705172,0.019508458605149222,0.008094717880736655,2.500000000000002,0.0030000000000000027,0.6372113073201489,0,staged_v3,0.4403740713702394,2,1.0012229568866442,0.4031660535158192,2,0,1,1
v3_pelvis_proxy:v3_right_hand_proxy,117,1.0,0.40000000000000036,1.0000000000000002,0.0039297213884001625,0.5683686562163021,FLAT,0.0,-1,0.033587809938932775,0.011320966119847984,0.10436628263997802,UNLOADING,0.12102319938484962,0.018897348012150917,0.032587598132621236,0.18849555921538763,1.0000000000000002,0.048544152104201,0,ok,0.14982357198683785,0.8106775274874418,FLAT,0.0,-1,0.008451564427912249,0.012585316595078028,0.0441559270610579,SUPPORT,0.37861678893641376,0.018816959437724236,0.008390836915328659,-2.500000000000002,0.0020000000000000018,0.6392113073201489,0,staged_v3,0.30612673852123995,2,0.9911183598507238,0.29186048619647426,2,0,0,0
v3_torso_proxy:v3_right_forearm_proxy,118,0.7478027343750006,0.6000000000000005,0.747802734375,0.07898064519274813,0.556064762630907,FLAT,0.0,-1,0.038616912232112555,0.05062727861968945,0.11393780996313829,SUPPORT,0.19475332821282754,0.011873193664383993,0.018823696833772923,0.14095749459881157,0.747802734375,0.06795134299212832,0,ok,0.1871748993669068,0.8139175859703096,FLAT,0.0,-1,0.01610061474879172,0.04711072848722623,0.04167014059802389,SUPPORT,0.392893431149131,0.02632657669384284,0.000756930336058355,2.500000000000002,0.0030000000000000027,0.6422113073201489,1,staged_v3,0.2686544188092737,2,0.962423007955844,0.26936404874452097,2,1,1,1
v3_pelvis_proxy:v3_right_hand_proxy,119,0.9999999999999999,0.40000000000000036,0.8593495061142395,0.056725385100166587,0.5486042108584043,FLAT,0.0,-1,0.039463715713880035,0.006748316895815055,0.12122147773214748,SUPPORT,0.24580266257026204,0.02431275699079232,0.03905362671870396,0.16198356571647074,0.8593495061142395,0.06529858132740284,0,ok,0.10617713278778475,0.7976857869355369,FLAT,0.0,-1,0.03207194557735877,0.022811258545835166,0.06884409507961277,UNLOADING,0.3367657981278266,0.005630946208145474,0.031956026600062595,-2.500000000000002,0.0020000000000000018,0.6442113073201489,0,staged_v3,0.29653447169761266,2,0.9530318142956107,0.29653447169761266,2,1,0,0
v3_pelvis_proxy:v3_right_hand_proxy,120,0.6668448324933958,0.20000000000000018,1.0000000000000002,0.08630637391555712,0.527226546092863,FLAT,0.0,-1,0.05094722601989874,0.031231605644344816,0.09943775633181752,SUPPORT,0.28664213005620964,0.0,0.04603182516842499,0.18849555921538763,1.0000000000000002,0.04037622589210496,0,ok,0.09385537016984172,0.7719653212191881,FLAT,0.0,-1,0.04086637625084678,0.019901842943518953,0.08915225885707044,UNLOADING,0.28865639839527996,0.009555769999334572,0.035361321058185444,-2.500000000000002,0.0010000000000000009,0.6452113073201489,0,staged_v3,0.32432842912278215,2,0.9934544244838425,0.28839378619926964,2,0,0,0
v3_pelvis_proxy:v3_right_hand_proxy,121,0.7421874999999999,0.40000000000000036,0.7421874994536685,0.18007686932215383,0.5129112012565075,FLAT,0.0,-1,0.05003235199786133,0.07298628902820703,0.08400083490073537,SUPPORT,0.3193137040449677,0.0,0.12430067539857523,0.13989904775218942,0.7421874994536685,0.054548762661799546,0,ok,0.15434853527249145,0.7434994359115227,FLAT,0.0,-1,0.04782336585571131,0.012109981102706044,0.10373528959527217,UNLOADING,0.24741977005309712,0.027299581360409015,0.0028871831193545945,2.500000000000002,0.0020000000000000018,0.6472113073201489,1,staged_v3,0.2688284945905456,2,0.9937996699342145,0.2599488206738089,2,0,1,1
v3_pelvis_proxy:v3_right_hand_proxy,122,0.9999999999999997,0.20000000000000018,1.0000000000000002,0.0768587477315432,0.4989149200956149,FLAT,0.0,-1,0.05244673526817251,0.01363219781880539,0.07366094863058732,SUPPORT,0.3454509632359742,0.015050849612723977,0.055450051127744045,0.18849555921538763,1.0000000000000002,0.03992173794944184,0,ok,0.07985239209830439,0.7151805560809452,FLAT,0.0,-1,0.04833534097322364,0.014486627334290264,0.11445280406080315,UNLOADING,0.21207408861694038,0.016236012868749896,0.038086802495580274,-2.500000000000002,0.0010000000000000009,0.6482113073201489,0,staged_v3,0.20893265228381763,2,0.9930125017611968,0.2085171116978503,2,0,0,0
v3_pelvis_proxy:v3_right_hand_proxy,123,0.3016836468662356,0.0,0.6984462125665002,0.08210297276795923,0.4782022535128595,FLAT,0.0,-1,0.06353138249300064,0.004239128347574999,0.08837194495979594,SUPPORT,0.36636077058877936,0.025179468900414802,0.043721030082837155,0.13165400941959193,0.6984462125665002,0.03719616115879608,0,ok,0.08713787161373167,0.7173664744682322,FLAT,0.0,-1,0.03499206940557112,0.013351086015730734,0.12196801547162814,SUPPORT,0.25965927089355234,0.017747314757850675,0.03549209178218851,-2.500000000000002,0.0,0.6482113073201489,0,staged_v3,0.1467392882269723,2,1.0003260546736625,0.1394392199305799,2,0,0,0
v3_pelvis_proxy:v3_right_hand_proxy,124,0.1175535686528023,0.20000000000000018,0.40327632418120546,0.08047198860390245,0.45708036312731626,FLAT,0.0,-1,0.0703622018645628,0.012777382115595419,0.15660115770391236,UNLOADING,0.3140235176475252,0.020052675769600202,0.05011330127616273,0.07601579624486227,0.40327632418120546,0.03671461215597552,0,ok,0.0923663560221218,0.7075605978470175,FLAT,0.0,-1,0.037848101718851834,0.019306663994689922,0.12712331348807526,UNLOADING,0.22256508933733057,0.012049501679713845,0.03914091129032622,-2.500000000000002,-0.0010000000000000009,0.6472113073201489,0,staged_v3,0.09926405346688162,2,1.0053306894282972,0.09620198584261416,2,0,0,0
v3_pelvis_proxy:v3_right_hand_proxy,125,0.09594968899624153,0.40000000000000036,0.17197733800727918,0.08030576830841893,0.43465667382571693,FLAT,0.0,-1,0.07626402593287468,0.014046808257315743,0.22332064138200325,UNLOADING,0.26916301512645013,0.02211922381178442,0.05168256825815885,0.03241696450005582,0.17197733800727918,0.03665055131772109,0,ok,0.09382506009148212,0.6613607952868676,FLAT,0.0,-1,0.0703873211715081,0.019366036889958818,0.10258411596171287,UNLOADING,0.19356424907643596,0.010763168908126827,0.04023625258397154,-2.500000000000002,-0.0020000000000000018,0.6452113073201489,0,staged_v3,0.09191067150352568,2,1.0078697616689292,0.09277600100487227,2,1,0,0
v3_pelvis_proxy:v3_right_hand_proxy,126,0.12507533227163461,0.6000000000000005,0.17770699213467758,0.07976247830045784,0.416587038555451,FLAT,0.0,-1,0.0792651951471066,0.013308700797808156,0.31575646103411936,UNLOADING,0.23071115582267154,0.027479122253897818,0.051000427616437215,0.03349697885891054,0.17770699213467758,0.03694380703023657,0,ok,0.09445116760858781,0.6179639164260469,FLAT,0.0,-1,0.07319888386637818,0.016738831020328845,0.08485101966830269,UNLOADING,0.16830054438901015,0.012503719963086291,0.038562155908645104,-2.500000000000002,-0.0030000000000000027,0.6422113073201489,0,staged_v3,0.09316238957372733,2,1.0114490478576554,0.09463912016800236,2,1,0,0
v3_pelvis_proxy:v3_right_hand_proxy,127,0.12366030878208059,0.8000000000000007,0.38965803316963926,0.07951721719202279,0.3925527054809297,FLAT,0.0,-1,0.08874893412864794,0.013753381035567277,0.4197439572277207,UNLOADING,0.2003064011569594,0.03223381682581876,0.051397425694980806,0.07344880886507921,0.38965803316963926,0.03773738956979515,0,ok,0.09043248916636702,0.5765834715904362,FLAT,0.0,-1,0.07765895044819146,0.002870249932629393,0.07086409462468508,SUPPORT,0.22464043551120813,0.025672954798604864,0.028376100765160547,-2.500000000000002,-0.0040000000000000036,0.6382113073201489,0,staged_v3,0.09477920024454849,2,1.013983198390988,0.09576421728062412,2,1,0,0
v3_pelvis_proxy:v3_right_hand_proxy,128,0.746901582738188,0.8000000000000007,1.0000000000000002,0.0764454145499092,0.36702883849617285,FLAT,0.0,-1,0.08996103987068475,0.015534452706680881,0.5258689377077707,UNLOADING,0.17367311619213105,0.03575899417870765,0.04993630789650859,0.18849555921538763,1.0000000000000002,0.02303078368428936,0,ok,0.11579196499216081,0.5582813567850966,FLAT,0.0,-1,0.07047372105027859,0.046692598288063686,0.06022799791873082,SUPPORT,0.2697123484089665,0.0,0.04104080994932045,0.0,-0.0040000000000000036,0.6342113073201489,0,staged_v3,0.11913416224823395,2,1.0114442057993773,0.1173355135553509,2,1,0,0
v3_pelvis_proxy:v3_right_hand_proxy,129,0.5394222428259176,1.0000000000000009,0.7829891570805889,0.07723485766460778,0.3395913407840637,FLAT,0.0,-1,0.09316532310921924,0.008682967510631856,0.6069398268835023,UNLOADING,0.15070398544667332,0.04666402383354326,0.04724430434458269,0.14758997902349058,0.7829891570805889,0.03389831576828585,0,ok,0.09479348709585289,0.5502199142190497,FLAT,0.0,-1,0.0658160462033098,0.005176907176013633,0.05172887867597971,SUPPORT,0.3057698787271732,0.022409536757785356,0.027630777279753677,-2.500000000000002,-0.0050000000000000044,0.6292113073201488,0,staged_v3,0.26633285843236876,2,1.0183868050596647,0.26774607376983595,2,1,0,0
v3_pelvis_proxy:v3_right_hand_proxy,130,0.9999999999999999,0.8000000000000007,1.0,0.18430039099493678,0.29057379864888866,FLAT,0.0,-1,0.09894562164163132,0.03761366856959265,0.6493012847257392,UNLOADING,0.1305139883346673,0.01985139566669432,0.13579477136987375,0.1884955592153876,1.0,0.026989993547906592,0,ok,0.210983926984738,0.5493472031725206,FLAT,0.0,-1,0.05967763658749834,0.05906732920772839,0.04537668119085619,SUPPORT,0.33461590298173854,0.007275743298927866,0.019993090760614944,2.500000000000002,-0.0040000000000000036,0.6252113073201488,0,staged_v3,0.3139761274726963,2,1.0057113450429078,0.3157710467900811,2,1,1,1
v3_pelvis_proxy:v3_right_hand_proxy,131,0.9999999999999999,0.6000000000000005,1.0,0.23515050031853327,0.22725183193583234,FLAT,0.0,-1,0.14451343122606444,0.0007202838321928489,0.6596411746367994,UNLOADING,0.11186913285828626,0.05726177489964712,0.047908122771430015,0.1884955592153876,1.0,0.04268417217909787,0,ok,0.28923195311294675,0.5557472281625226,FLAT,0.0,-1,0.05710277967763941,0.10029449487356974,0.0408254544115372,SUPPORT,0.35769272238539085,0.0,0.07166883891198492,2.500000000000002,-0.0030000000000000027,0.6222113073201488,0,staged_v3,0.3660517828421226,2,1.0310277600744828,0.3660517828421226,2,1,1,1
v3_pelvis_proxy:v3_right_hand_proxy,132,1.0,0.8000000000000007,0.9999782990517705,0.16773792621461134,0.17698390466603753,FLAT,0.0,-1,0.2862113638331185,0.012001089267760282,0.6417991888602954,UNLOADING,0.09588782816424536,0.045088870175254495,0.04750519355229073,0.18849146868301558,0.9999782990517705,0.029610887548549097,0,ok,0.1395134936755955,0.5587460198507224,FLAT,0.0,-1,0.05635106923568223,0.007994116578138189,0.03665718569101129,SUPPORT,0.3761541779083127,0.018838742706412375,0.0249278148184505,-2.500000000000002,-0.0040000000000000036,0.6182113073201488,0,staged_v3,0.3573135155299107,2,1.0329731646120115,0.33054030768431497,2,0,0,0
v3_pelvis_proxy:v3_right_hand_proxy,133,0.9999999999999999,0.6000000000000005,1.0,0.25707537030395844,0.13783520354494488,FLAT,0.0,-1,0.41133623573144956,0.06988334416241984,0.6010765315202856,UNLOADING,0.0821895669979246,0.0,0.19586963956004907,0.1884955592153876,1.0,0.014671287106429336,0,ok,0.15940532488540377,0.5735014281102631,FLAT,0.0,-1,0.04899049758234318,0.04426002149530798,0.03296292948571959,SUPPORT,0.39092334232665016,0.009095630893766388,0.017552515580519592,2.500000000000002,-0.0030000000000000027,0.6152113073201488,0,staged_v3,0.261111868796113,2,0.9748887781707879,0.261111868796113,2,1,1,1
v3_pelvis_proxy:v3_right_hand_proxy,134,0.982132727036871,0.40000000000000036,1.0000000000000002,0.20534607526159934,0.10734616445560956,AIR,0.0,-1,0.4862029483070929,0.0825912489179648,0.5526336957302233,UNLOADING,0.07044820028393536,0.0,0.15390487679670228,0.18849555921538763,1.0000000000000002,0.02671194999789224,0,ok,0.10907844113725793,0.5953207930685283,FLAT,0.0,-1,0.04204638263691665,0.006469153048190325,0.02812626127584823,SUPPORT,0.4027386738613201,0.019937160015602088,0.009420531441222162,2.500000000000002,-0.0020000000000000018,0.6132113073201488,0,staged_v3,0.39500537283504655,2,0.992450201277425,0.39689160405456325,2,1,0,0
v3_pelvis_proxy:v3_right_hand_proxy,135,0.9999999999999999,0.20000000000000018,1.0000000000000002,0.23738810404194566,0.08360127693774053,AIR,0.0,-1,0.6820711328358758,0.1747598279993512,0.5192245221276377,UNLOADING,0.0603841716719446,0.0,0.3028776599239837,0.18849555921538763,1.0000000000000002,0.015261989123862119,0,ok,0.17165038989112205,0.6339126680424833,FLAT,0.0,-1,0.024694562637053153,0.020486628767603265,0.02467894109257235,SUPPORT,0.4121909390890561,0.005747318287025353,0.03389290762255735,2.500000000000002,-0.0010000000000000009,0.6122113073201488,0,staged_v3,0.4772318225641646,2,0.9603549405930898,0.47851129222297134,2,0,0,0
v3_pelvis_proxy:v3_right_hand_proxy,136,0.5741577148437502,0.40000000000000036,0.57415771484375,0.18445304917081853,0.0651087399448817,AIR,0.0,-1,0.6591354742992495,0.09762644001547918,0.4965423412386484,UNLOADING,0.05175786143309537,0.0,0.21659846163234986,0.10822617953730171,0.57415771484375,0.009990035886920594,0,ok,0.11066939229702162,0.6830965593864523,FLAT,0.0,-1,0.01178364074563606,0.027506634022925816,0.022238945955741125,SUPPORT,0.41975275127124484,0.0,0.03285278776743609,-2.500000000000002,-0.0020000000000000018,0.6102113073201488,1,staged_v3,0.3628390896523707,2,0.9882152120465583,0.3628390896523707,2,1,1,1
v3_pelvis_proxy:v3_left_hand_proxy,137,0.9999999999999999,0.20000000000000018,1.0000000000000002,0.16716187802434837,0.050706737653866324,FLAT,0.0,-1,0.6317527588297724,0.11623935325313473,0.4818334261279361,UNLOADING,0.04436388122836746,0.0,0.2066579764385106,0.18849555921538763,1.0000000000000002,0.05508389989573728,0,ok,0.11857627086185676,0.7024465350858687,FLAT,0.0,-1,0.024541296582473417,0.03609990378178607,0.02037636684105433,SUPPORT,0.4258022010169959,0.0,0.07885352428195558,2.500000000000002,-0.0010000000000000009,0.6092113073201488,0,staged_v3,0.2738887967671168,2,1.02535351711982,0.22059403527821828,2,0,1,1
v3_pelvis_proxy:v3_left_hand_proxy,138,0.9999999999999999,0.0,0.8727025492166759,0.332480420343356,0.03949044699182738,FLAT,0.0,-1,0.6673896018394058,0.10104810578040019,0.4718875560411623,UNLOADING,0.03802618391002925,0.0,0.21316154591749142,0.16450055504329164,0.8727025492166759,0.05244027525094433,0,ok,0.23676040267542112,0.7379176931425724,FLAT,0.0,-1,0.007778588001370473,0.051798006907758334,0.018805906008603504,SUPPORT,0.43064176081359673,0.0,0.14289579945742084,2.500000000000002,0.0,0.6092113073201488,0,staged_v3,0.32099759586308024,2,1.004394623115833,0.32099759586308024,2,1,1,1
v3_torso_proxy:v3_left_forearm_proxy,139,0.9830322265625009,0.20000000000000018,0.8031518089045802,0.20352463514907573,0.03075519104107497,FLAT,0.0,-1,0.6916186760311382,0.031406061231212486,0.4647999962626712,UNLOADING,0.03259387192288222,0.01683393858192108,0.12040227361684575,0.15139054935431895,0.8031518089045802,0.05759807927118289,0,ok,0.10799718674153731,0.7476778355292876,FLAT,0.0,-1,0.016866668200830156,0.003732188966455112,0.017355688832077217,SUPPORT,0.4345134086508774,0.02213559547514875,0.07009688036221323,2.500000000000002,0.0010000000000000009,0.6102113073201488,1,staged_v3,0.2550568726185428,2,0.9964062591353391,0.25457654862619195,2,0,0,0
v3_torso_proxy:v3_left_forearm_proxy,140,0.9999999999999999,0.0,0.9999766731097375,0.0,0.023952166866299845,FLAT,0.0,-1,0.7698280311876889,0.042073016159230994,0.45833613500596837,UNLOADING,0.027937604505327618,0.005843790591067426,0.062239563007660266,0.18849116220016282,0.9999766731097375,0.05168629972688328,0,ok,0.08720387405161954,0.7561679853811307,FLAT,0.0,-1,0.014406985483295139,0.021449329693085446,0.01605830787735196,SUPPORT,0.4376107269207019,0.012808817199956808,0.012994098193910793,-2.500000000000002,0.0,0.6102113073201488,0,staged_v3,0.2768414350918843,2,1.0354801635068094,0.19902701649800564,2,0,0,0
v3_torso_proxy:v3_left_forearm_proxy,141,0.9910074579730105,0.13260481736554475,1.0,0.0,0.018653966311731277,FLAT,0.0,-1,0.7887199522758799,0.006937615121546847,0.4513886817108887,UNLOADING,0.02540848629736647,0.04063181896399759,0.0827977234400106,0.1884955592153876,1.0,0.05222616348774581,0,ok,0.11604450793112174,0.7665792626281467,FLAT,0.0,-1,0.012273671551196916,0.025521000101519375,0.014950626368295212,SUPPORT,0.44008858153656155,0.00022653121689538563,0.03207808930556688,1.6575602170693093,0.0006630240868277237,0.6108743314069766,0,staged_v3,0.30752605119295373,2,0.9926379437159123,0.3088458243412979,2,1,0,0
v3_pelvis_proxy:v3_left_hand_proxy,142,0.6709594726562501,0.3326048173655449,0.6709594726562499,0.0,0.014527723570963925,FLAT,0.0,-1,0.8206410480004663,0.022129581662321252,0.44358879146892094,LOADING,0.022933472287646327,0.0250498579111248,0.041094425975142804,0.1264728810092014,0.6709594726562499,0.04775736830858805,0,ok,0.10373698224684404,0.7774737583055702,FLAT,0.0,-1,0.013634290736574907,0.00024162034852859716,0.01432842053993581,SUPPORT,0.44207086522924927,0.025474800678468197,0.006659782648497558,2.500000000000002,0.0016630240868277246,0.6125373554938043,1,staged_v3,0.43281928932267416,2,1.030307083266173,0.4269169474573453,2,0,1,1
v3_pelvis_proxy:v3_left_hand_proxy,143,0.13201904296875017,0.5326048173655451,0.13201904296874997,0.0,0.011314202493311611,FLAT,0.0,-1,0.8448704827052277,0.029968447928817157,0.43378528837344354,LOADING,0.02057244308970184,0.016720816489855024,0.05162533024873992,0.02488500333147481,0.13201904296874997,0.046238590111477976,0,ok,0.1249998855931632,0.7801658949960191,FLAT,0.0,-1,0.019291337717631456,0.0002622820704088697,0.04239624134927846,UNLOADING,0.37891788448221364,0.026857529997055055,0.004685439463134774,2.500000000000002,0.0026630240868277255,0.615200379580632,1,staged_v3,0.246679003968159,2,0.9784621866285541,0.246679003968159,2,1,1,1
v3_pelvis_proxy:v3_left_hand_proxy,144,0.12042236328124993,0.7326048173655453,0.1077701545676533,0.0,0.008811509761619525,FLAT,0.0,-1,0.8569000141855954,0.03977979588238675,0.3938357649693032,LOADING,0.018396554373189808,0.0049119923660784146,0.06384885542921388,0.02031419555195857,0.1077701545676533,0.045521083370068785,0,ok,0.1441170507988341,0.7782072141254319,FLAT,0.0,-1,0.022970824145809313,0.00037446963875549955,0.06213690812541395,UNLOADING,0.3247867581276117,0.0277323757675152,0.00449903631928729,2.500000000000002,0.0036630240868277264,0.6188634036674597,1,staged_v3,0.1286757733920144,2,0.9817118156233585,0.11825752439949737,2,1,1,1
v3_pelvis_proxy:v3_left_hand_proxy,145,0.38238525390625006,0.9326048173655455,0.2976599506466334,0.0,0.006862410702390614,FLAT,0.0,-1,0.8903750035359241,0.04760357949766292,0.3601066640432553,LOADING,0.016395791016599548,0.0,0.0815537512377803,0.05610757885316184,0.2976599506466334,0.04738706469625906,0,ok,0.15850445070824817,0.7790484508414639,FLAT,0.0,-1,0.019655637408920776,0.001090592436748001,0.07598950777962821,UNLOADING,0.2783886498236672,0.02770888295223341,0.007733451364679764,2.500000000000002,0.004663024086827727,0.6235264277542875,1,staged_v3,0.10530455287642401,2,0.9965082510390594,0.09631253770625574,2,1,1,1
v3_pelvis_proxy:v3_left_hand_proxy,146,0.6222452414214203,1.0000000000000009,0.5077500764444887,0.0,0.0053444508287794,FLAT,0.0,-1,0.8820653691725775,0.0054244000532706685,0.33043368794888417,LOADING,0.01456474433299452,0.03609728434417354,0.04183757273943746,0.09570863460105969,0.5077500764444887,0.04845975867573776,0,ok,0.16354246600075004,0.782261444111295,FLAT,0.0,-1,0.01915797957175291,0.010566683212558398,0.0853410095435786,UNLOADING,0.23861884270600045,0.018700367264620533,0.015583659528003377,0.8424397829306929,0.0050000000000000044,0.6285264277542875,0,staged_v3,0.10261284009090585,2,0.9937362130162162,0.09215622096140118,2,1,1,1
v3_pelvis_proxy:v3_left_hand_proxy,147,0.3755471819532694,1.0000000000000009,0.510180725227129,0.0,0.004162262490540016,FLAT,0.0,-1,0.8685015615652486,0.009036522100395687,0.3076332558402972,LOADING,0.012895754018125767,0.03134514069161917,0.043557989498532096,0.09616680110259967,0.510180725227129,0.046815618388838146,0,ok,0.1152562250958105,0.786927863400607,FLAT,0.0,-1,0.017182254425677168,0.010984620058902682,0.09177559937577755,UNLOADING,0.20453043660514325,0.018604159909886196,0.029327587939837595,0.0,0.0050000000000000044,0.6335264277542875,0,staged_v3,0.10152066329005212,2,1.0004495943807121,0.10300211163736545,2,1,1,1
v3_pelvis_proxy:v3_left_hand_proxy,148,0.06941034970444637,0.8000000000000007,0.21021719638509898,0.0,0.0032415732869813,FLAT,0.0,-1,0.8088208108320404,0.011099479842811136,0.29129603233988266,LOADING,0.011381691422671328,0.028465321774182997,0.04353637016147943,0.03962500798930019,0.21021719638509898,0.04361626038597097,0,ok,0.09730715494929312,0.7939773996417016,FLAT,0.0,-1,0.013799142949499438,0.007613399278223534,0.09638618446124785,UNLOADING,0.1753118028044085,0.02220590994483886,0.037558436116261994,-2.500000000000002,0.0040000000000000036,0.6375264277542875,0,staged_v3,0.10095036397737239,2,1.0015234157475763,0.10205449793155746,2,1,0,0
v3_pelvis_proxy:v3_left_hand_proxy,149,0.11915368565854909,0.6000000000000005,0.382755838377747,0.0,0.0025245398142843844,FLAT,0.0,-1,0.7799042266782992,0.011805081033579665,0.2795899001739937,LOADING,0.010015550359378757,0.027174413975120024,0.04385056119387836,0.07214777579796794,0.382755838377747,0.04422989991460401,0,ok,0.09673261325867753,0.8017624399623302,FLAT,0.0,-1,0.011459905137246007,0.007750502498350766,0.09968981303505184,UNLOADING,0.15026725954663586,0.022233988153401826,0.03812717350831792,-2.500000000000002,0.0030000000000000027,0.6405264277542875,0,staged_v3,0.10323693257834057,2,1.0028542540005603,0.10467573716553087,2,1,0,0
v3_torso_proxy:v3_left_forearm_proxy,150,0.044495484277131646,0.40000000000000036,0.32380080348057166,0.0,0.0019661135842596175,FLAT,0.0,-1,0.6347584661657353,0.012393143848568908,0.2712020899514193,LOADING,0.008789457375342726,0.02616696064900206,0.04440812648577029,0.06103501352646218,0.32380080348057166,0.04392352530192671,0,ok,0.0969385548096399,0.802446864683795,FLAT,0.0,-1,0.016080964877069028,0.009068014403430118,0.10190097138064305,UNLOADING,0.12880050818283073,0.021027034165602036,0.03945776333330285,-2.500000000000002,0.0020000000000000018,0.6425264277542875,0,staged_v3,0.10348274596616808,2,1.0041707369636395,0.10393125157523272,2,1,0,0
v3_torso_proxy:v3_left_forearm_proxy,151,0.03730902553698674,0.20000000000000018,0.27939026182825705,0.0,0.0015312107990287168,FLAT,0.0,-1,0.5924430595444021,0.012229108436203635,0.26519196129979383,LOADING,0.007694555750875318,0.02603048962878606,0.044643602852590544,0.052663823642650875,0.27939026182825705,0.04304910381396422,0,ok,0.09711724693834593,0.807239167496099,FLAT,0.0,-1,0.012817072267335885,0.009759732957435516,0.10404235729358603,UNLOADING,0.11040043558528348,0.020442384907243788,0.040239901195224116,-2.500000000000002,0.0010000000000000009,0.6435264277542875,0,staged_v3,0.10419001843967444,2,1.0059872821024776,0.10363684872829457,2,1,0,0
v3_pelvis_proxy:v3_left_hand_proxy,152,0.030788594212266304,0.0,0.24806392473285732,0.0,0.0011925081693309563,FLAT,0.0,-1,0.5072231542749809,0.010526930437744692,0.253057326034307,LOADING,0.006722581392282558,0.027125935863970663,0.04424796823794254,0.04675894821368376,0.24806392473285732,0.04060120947863477,0,ok,0.09714369674489308,0.8192184780667945,FLAT,0.0,-1,0.006354635569507544,0.009370338550540702,0.10621387339192306,UNLOADING,0.09462894478738584,0.020940355119055454,0.04011006411966182,-2.500000000000002,0.0,0.6435264277542875,0,staged_v3,0.1051146414553031,2,1.008247272010554,0.10459551048061291,2,1,0,0
v3_pelvis_proxy:v3_left_hand_proxy,153,0.11427248772011735,0.20000000000000018,0.4479411439185313,0.0,0.0009287262960939963,FLAT,0.0,-1,0.4447685744632597,0.007197568620418763,0.24013048590749034,LOADING,0.005863028450433318,0.029808955674955753,0.041982520118540353,0.08443491641850398,0.4479411439185313,0.035624356383458,0,ok,0.09678436797683171,0.830183604048061,FLAT,0.0,-1,0.005742676860409946,0.006546573012157372,0.10835791839772099,UNLOADING,0.08111052410347358,0.023871322907728677,0.03735681097477757,-2.500000000000002,-0.0010000000000000009,0.6425264277542875,0,staged_v3,0.1068424388362581,2,1.006844559996615,0.10700873671287886,2,0,0,0
v3_pelvis_proxy:v3_left_hand_proxy,154,0.17582182422674986,0.40000000000000036,0.9800415039062498,0.0,0.0007232927666570097,FLAT,0.0,-1,0.4149099398093321,0.030440953050269573,0.2030240248866586,LOADING,0.005107802522942687,0.004710248194063363,0.06807283141355511,0.18473347133309803,0.9800415039062498,0.009990165108581174,0,ok,0.13799025610031115,0.8371491304471144,FLAT,0.0,-1,0.007408957022627638,0.01647474103782913,0.11029552963962727,UNLOADING,0.06952330637440593,0.014040035444152235,0.023253990442203568,-2.500000000000002,-0.0020000000000000018,0.6405264277542875,1,staged_v3,0.12963448174296058,2,1.0328621648474683,0.11707312426340101,2,0,1,1
v3_pelvis_proxy:v3_left_hand_proxy,155,0.15409432435970674,0.6000000000000005,0.7542985377458029,0.0,0.0005633009730623621,FLAT,0.0,-1,0.2184580820782584,0.005353171178020411,0.1684165445769089,LOADING,0.004445035272468359,0.02806765605082504,0.04420336723129581,0.14218192468774427,0.7542985377458029,0.017729135495447072,0,ok,0.09871967921024452,0.8409352875685119,FLAT,0.0,-1,0.00925725797472533,0.005626588108464275,0.11186880540382352,UNLOADING,0.05959140546377651,0.024966852161726904,0.036788680844361904,-2.500000000000002,-0.0030000000000000027,0.6375264277542875,0,staged_v3,0.2051706108931635,2,1.0190218787499474,0.2051706108931635,2,1,0,0
v3_pelvis_proxy:v3_left_hand_proxy,156,0.10137939453124999,0.04055175781250142,0.10137939453125,0.0,0.00043869923892585194,FLAT,0.0,-1,0.1561043859766411,0.011501010835364023,0.12623780772709747,LOADING,0.0038647900633660653,0.01981087955099085,0.040443055251419974,0.019109565665085378,0.10137939453125,0.01575911726146395,0,ok,0.10419236657806624,0.8421639812437025,FLAT,0.0,-1,0.010541445519488359,0.0018348772026747446,0.11300313238631994,UNLOADING,0.05107834754037987,0.028815279416641255,0.03059277989147391,6.9931030273437385,-0.0002027587890625071,0.637323668965225,1,staged_v3,0.22709284290730392,2,1.022133979468514,0.22709284290730392,2,1,1,1
v3_pelvis_proxy:v3_left_hand_proxy,157,1.0000000000000002,0.15944824218749876,1.0,0.0,0.12392245458481328,FLAT,0.0,-1,0.02861747788686713,0.06857910796038261,0.09597473460584185,LOADING,0.025497638029559122,0.0,0.03842674001995252,0.1884955592153876,1.0,0.07316145213731609,0,ok,0.07116772651399139,0.8374958808768127,FLAT,0.0,-1,0.014980349734272503,0.01060663228164108,0.11381092218431882,UNLOADING,0.04378144074889703,0.02019895943039987,0.010491586678816068,2.500000000000002,0.0007972412109374938,0.6381209101761625,0,staged_v3,0.21584831602248095,2,1.0538557070099885,0.19134219137781908,2,0,0,0
v3_pelvis_proxy:v3_right_hand_proxy,158,0.7583888040612259,0.04055175781250142,1.0,0.0,0.2192133024878521,FLAT,0.0,-1,0.025814232770833393,0.010823105286165827,0.07365924520231709,LOADING,0.06101135364130524,0.01785985697395003,0.042199290987736775,0.1884955592153876,1.0,0.04942472510430443,0,ok,0.07996558794318351,0.8266488890299056,FLAT,0.0,-1,0.018910390309955522,0.018757729080906,0.11445170529049034,SUPPORT,0.12502515259911762,0.011964856183618516,0.05198724108104875,-2.500000000000002,-0.0002027587890625071,0.6379181513871,0,staged_v3,0.3358792140595711,2,1.0030020347574617,0.3320705215301437,2,0,0,0
v3_pelvis_proxy:v3_right_hand_proxy,159,0.9999999999999999,0.15944824218749876,1.0,0.0,0.2856182420285234,FLAT,0.0,-1,0.02275063026538467,0.07411232641532021,0.08461869642272427,SUPPORT,0.1388090829130442,0.023611142754242347,0.005619792066893867,0.1884955592153876,1.0,0.07001698391318242,0,ok,0.24372376046410685,0.8124934422841297,FLAT,0.0,-1,0.022087299709838693,0.02787584368314238,0.11491729093585436,SUPPORT,0.19002012207929408,0.0028700208636503396,0.04293016880286413,2.500000000000002,0.0007972412109374938,0.6387153925980374,0,staged_v3,0.4057253131754871,2,0.9979680132528609,0.4057253131754871,2,1,1,1
v3_pelvis_proxy:v3_right_hand_proxy,160,0.9999999999999999,0.35944824218749893,1.0,0.0,0.35521494022145084,FLAT,0.0,-1,0.017194930268680613,0.026869684941154208,0.09222572238374388,SUPPORT,0.20104726633043535,0.0027416011780329874,0.054171019022703396,0.1884955592153876,1.0,0.031288250710589216,0,ok,0.25086552653425837,0.7926617730804206,FLAT,0.0,-1,0.02320242801510513,0.05625316096888834,0.1145756895370077,UNLOADING,0.16287439035368065,0.022885007394927177,0.007843777081923211,2.500000000000002,0.0017972412109374947,0.6405126338089749,0,staged_v3,0.4080065491269205,2,0.9822611152432567,0.40936457422204103,2,1,1,1
v3_torso_proxy:v3_left_forearm_proxy,161,0.9999999999999999,0.5594482421874991,1.0,0.0,0.40629293125330074,FLAT,0.0,-1,0.01682955292570375,0.03154232911476355,0.068388404267845,SUPPORT,0.25083781306434827,0.014446627098130601,0.013972793115261652,0.1884955592153876,1.0,0.06593943906320633,0,ok,0.17133206153381006,0.7791451977886124,FLAT,0.0,-1,0.021426902638843275,0.028605772423392732,0.11370431116533154,UNLOADING,0.13960662030315485,0.0020794431348738485,0.059129225502477956,2.500000000000002,0.0027972412109374956,0.6433098750199124,0,staged_v3,0.46986061218339464,2,1.0394783998859987,0.4717145018979457,2,0,0,0
v3_torso_proxy:v3_left_forearm_proxy,162,0.43774414062499994,0.7594482421874993,0.43774414062499994,0.0,0.451909549325627,FLAT,0.0,-1,0.01206958119332544,0.002190324839710223,0.05118152865395887,SUPPORT,0.29067025045147865,0.025368751592987723,0.004069678867723122,0.08251282658036864,0.43774414062499994,0.06884840587316035,0,ok,0.14462322372076314,0.7746442759279273,FLAT,0.0,-1,0.017631558348935192,0.048405499743420094,0.11292654478600084,UNLOADING,0.11966281740270415,0.0,0.058212431831904984,2.500000000000002,0.0037972412109374964,0.6471071162308499,1,staged_v3,0.5208945265696985,2,0.989512924364766,0.521294567423762,2,1,1,1
v3_torso_proxy:v3_left_forearm_proxy,163,1.0,0.5594482421874991,0.6281098222536302,0.0,0.49035140250311693,FLAT,0.0,-1,0.008438510700201962,0.004538104907755567,0.038720089070836974,SUPPORT,0.3268091908656202,0.022397899545786283,0.04457147040424432,0.11839591219437573,0.6281098222536302,0.06885080265691182,0,ok,0.09693322076804621,0.775216814772325,FLAT,0.0,-1,0.01888714537573903,0.010889829106448687,0.11212571869827644,UNLOADING,0.10256812920231785,0.019716456828465137,0.04263244715375465,-2.500000000000002,0.0027972412109374956,0.6499043574417874,0,staged_v3,0.23429324420414144,2,1.0030790967534635,0.23429324420414144,2,1,0,0
v3_torso_proxy:v3_left_forearm_proxy,164,0.38628631962323157,0.35944824218749893,0.585161454712621,0.012255542436470623,0.5210683186082756,FLAT,0.0,-1,0.006818894374956838,0.0036832093768612477,0.029610239937569668,SUPPORT,0.3625752248265799,0.022797302620017237,0.04519175006768436,0.1103003356373452,0.585161454712621,0.05515127331370026,0,ok,0.09779459014379197,0.7853761496429286,FLAT,0.0,-1,0.0120531389576588,0.008572801871553837,0.11161445901339388,UNLOADING,0.08791553931627244,0.02200792107911586,0.04212617777993698,-2.500000000000002,0.0017972412109374947,0.6517015986527249,1,staged_v3,0.10922804929801752,2,1.001786381251766,0.10495841311049142,2,0,0,0
v3_pelvis_proxy:v3_right_hand_proxy,165,0.09522642802533651,0.15944824218749876,0.5306758961517543,0.013039331159323923,0.5478808202200651,FLAT,0.0,-1,0.005808827646192679,0.010688570750575634,0.02354265137288881,SUPPORT,0.3908176490478419,0.015488561818068809,0.05233854674338243,0.10003004980725189,0.5306758961517543,0.04900647160143916,0,ok,0.09823255408623685,0.7830187965456875,FLAT,0.0,-1,0.016590912895298418,0.009702944665532592,0.11066638982082593,UNLOADING,0.07535617655680495,0.020830374825508705,0.04394182500769682,-2.500000000000002,0.0007972412109374938,0.6524988398636624,0,staged_v3,0.12734862602185698,2,1.0035775131145466,0.11154529246466846,2,0,0,0
v3_pelvis_proxy:v3_right_hand_proxy,166,0.06370045097800045,0.04055175781250142,0.4432672443568226,0.015684677724872777,0.5681204126131847,FLAT,0.0,-1,0.0074709353428175935,0.0063209064095827855,0.019704885549364344,SUPPORT,0.41671584079055257,0.019664337867885434,0.046476313321410376,0.08355390710690314,0.4432672443568226,0.044902290319918645,0,ok,0.09795686180153747,0.7924907163600206,FLAT,0.0,-1,0.008003897562154985,0.007190381792775782,0.11011513473690769,UNLOADING,0.06459100847726139,0.023315374944069604,0.04181535296327784,-2.500000000000002,-0.0002027587890625071,0.6522960810745999,0,staged_v3,0.10815358728148158,2,1.005058039451016,0.10447865258574661,2,0,0,0
v3_pelvis_proxy:v3_left_hand_proxy,167,1.0,0.15944824218749876,0.9999550339572627,0.06201024609374523,0.5806786728813541,FLAT,0.0,-1,0.010697516797082382,0.027570489365742967,0.017231511237203293,SUPPORT,0.4368108676758943,0.013167706966858223,0.012693868595001944,0.18848708331601613,0.9999550339572627,0.020375391430428463,0,ok,0.23949682461337798,0.7941142368615487,FLAT,0.0,-1,0.01370495984659593,0.03897936531686067,0.10964635741015154,UNLOADING,0.05536372155193833,0.014665055395637363,0.015817262474870215,2.500000000000002,0.0007972412109374938,0.6530933222855374,0,staged_v3,0.15844367669825077,2,1.013030147457965,0.11568983766333119,2,0,1,1
v3_pelvis_proxy:v3_left_hand_proxy,168,0.4955444335937502,0.35944824218749893,0.49554443359375,0.006667248644793947,0.5893895110573435,FLAT,0.0,-1,0.012242720662331048,0.00025957451435481855,0.015459261099770992,SUPPORT,0.4394486941407154,0.025513388540633734,0.013392342737162544,0.09340792512632641,0.49554443359375,0.03162752827523192,0,ok,0.2590077838525292,0.8059799011831557,FLAT,0.0,-1,0.007255805969537341,0.06958293697435373,0.10954067430988743,UNLOADING,0.04745461847309,0.0037062220062969824,0.02677081170919739,2.500000000000002,0.0017972412109374947,0.6548905634964749,1,staged_v3,0.2996027940601597,2,0.9898342962056241,0.3007997201078738,2,1,1,1
v3_pelvis_proxy:v3_right_hand_proxy,169,1.0,0.15944824218749876,0.8419911335542632,0.023606448455183435,0.5959688810081368,FLAT,0.0,-1,0.012843664394522556,0.007156441332613669,0.014189388386132047,SUPPORT,0.46699061203025993,0.018553028086692933,0.03784117859082925,0.15871158957370896,0.8419911335542632,0.03956922476055302,0,ok,0.11215033328791998,0.813474555723623,FLAT,0.0,-1,0.008214477051227393,0.017258492929119417,0.10966583824630616,UNLOADING,0.04067538726264858,0.013224798983195892,0.04229776380638297,-2.500000000000002,0.0007972412109374938,0.6556878047074124,0,staged_v3,0.1682407490050285,2,0.9972558398184269,0.16801053499143426,2,0,0,0
v3_pelvis_proxy:v3_right_hand_proxy,170,0.3737758340060853,0.04055175781250142,0.39568089377301835,0.016174133342445655,0.604746407945533,FLAT,0.0,-1,0.008923497988263506,0.005150041527646369,0.01327948482636644,SUPPORT,0.46908970495341473,0.020513932713671953,0.045491939786890416,0.07458409134258948,0.39568089377301835,0.03931652775885701,0,ok,0.0960145039381741,0.8098069688963313,FLAT,0.0,-1,0.010008344921794398,0.01075786681770547,0.10999420193799397,UNLOADING,0.03486461765369878,0.01974184327919423,0.045635086538585015,-2.500000000000002,-0.0002027587890625071,0.6554850459183499,0,staged_v3,0.1529284419865659,2,1.0042534179521299,0.1463328706718441,2,0,0,0
v3_pelvis_proxy:v3_right_hand_proxy,171,0.025293988335753415,0.2405517578125016,0.27297387374764437,0.015990730944608518,0.6104311811593053,FLAT,0.0,-1,0.011150585126178678,0.004244853617582124,0.012627510436191832,SUPPORT,0.4838399804281762,0.02138652190422747,0.04416693636815806,0.051454362983252844,0.27297387374764437,0.03893424387292781,0,ok,0.0,0.8116273425590147,FLAT,0.0,-1,0.009405145832775682,0.00890528975129495,0.11032768164186971,UNLOADING,0.02988395798888467,0.021611094330798535,0.04382148977113249,-2.500000000000002,-0.001202758789062508,0.6542822871292874,0,staged_v3,0.10225310148158649,2,1.0053962747302103,0.10084870579004945,2,0,0,0
v3_pelvis_proxy:v3_right_hand_proxy,172,0.52099609375,0.04055175781250142,0.5209809692475563,0.06279291629495,0.6075416152628681,FLAT,0.0,-1,0.016410894259439066,0.01103063227544811,0.012160350371939474,SUPPORT,0.49543279302511867,0.014577385243148864,0.024852956199830273,0.09820259913889279,0.5209809692475563,0.009993286653110084,0,ok,0.0,0.8130801567607184,FLAT,0.0,-1,0.008415308879742086,0.015718788773836437,0.11047214392954655,SUPPORT,0.1685586561224658,0.014804818422640892,0.028428982516311742,2.500000000000002,-0.0002027587890625071,0.6540795283402249,1,staged_v3,0.15597927965184505,2,1.0047374392875674,0.11138808608472,2,0,1,1
v3_pelvis_proxy:v3_left_hand_proxy,173,1.0,0.15944824218749876,1.0,0.2084307735080631,0.6009819745387776,FLAT,0.0,-1,0.020008126558927745,0.03149857189605617,0.04017248450147407,SUPPORT,0.4889423940215303,0.0,0.027675603968696956,0.1884955592153876,1.0,0.01822974514053674,0,ok,0.0,0.8088926458112986,FLAT,0.0,-1,0.011391701330695343,0.07353521175842133,0.1107186705540322,SUPPORT,0.27871355038720025,0.0,0.06845545758542355,2.500000000000002,0.0007972412109374938,0.6548767695511624,0,staged_v3,0.22947731441552074,2,1.0402098122463577,0.20601538629954097,2,0,1,1
v3_pelvis_proxy:v3_left_hand_proxy,174,0.39196777343750017,0.35944824218749893,0.3919677734375,0.21371853539980484,0.5940088980765528,FLAT,0.0,-1,0.021958995020654005,0.006508109507496491,0.06012385564916624,UNLOADING,0.4190934805898831,0.021498083274961822,0.01763697802293848,0.07388418464851192,0.3919677734375,0.02457299034439237,0,ok,0.06771791630602575,0.8041272500348469,FLAT,0.0,-1,0.011052822613115956,0.08798379385672123,0.11066502409917106,SUPPORT,0.3659985380159483,0.0,0.06528685352795746,2.500000000000002,0.0017972412109374947,0.6566740107620999,1,staged_v3,0.3908997483999701,2,1.023449268326469,0.3920062054287452,2,1,1,1
v3_pelvis_proxy:v3_right_hand_proxy,175,1.0000000000000002,0.15944824218749876,0.9262933982022062,0.03106942189825954,0.592825943788094,FLAT,0.0,-1,0.01499288582745275,0.008136891523750085,0.07498037718528558,UNLOADING,0.35922298336275693,0.020612127335514194,0.03957628637844794,0.17460219209164657,0.9262933982022062,0.044014979691000225,0,ok,0.19327063819788667,0.8104633585886033,FLAT,0.0,-1,0.009953479143319715,0.007879832491359314,0.0821211517476162,SUPPORT,0.38279883041275864,0.021226225096021498,0.04067984541320448,-2.500000000000002,0.0007972412109374938,0.6574712519730374,0,staged_v3,0.2019116919860102,2,1.014495947899056,0.18491253147375367,2,0,0,0
v3_pelvis_proxy:v3_right_hand_proxy,176,0.1704101562500001,0.35944824218749893,0.17040992480109904,0.043806047157158676,0.6008852216823106,FLAT,0.0,-1,0.00926161434657219,0.002300035250884497,0.08597248899975138,UNLOADING,0.36203863696757466,0.026998589199103074,0.035532471035501605,0.03212151407123531,0.17040992480109904,0.04010008185901892,0,ok,0.18636593837438903,0.8172514033384202,FLAT,0.0,-1,0.008646212572787498,0.017184414405964906,0.06156544054297491,SUPPORT,0.3962390643302069,0.01089385762118384,0.04379479152195188,2.500000000000002,0.0017972412109374947,0.6592684931839748,1,staged_v3,0.18288778827545565,2,1.0149067147496087,0.1832282520479923,2,1,1,1
v3_pelvis_proxy:v3_right_hand_proxy,177,0.31597468681856183,0.35944824218749893,0.8513074950007761,0.01932725399431793,0.6006309753306969,FLAT,0.0,-1,0.015970287526607254,0.018720967881825912,0.09342115753856257,SUPPORT,0.3796309095740597,0.010950089995102219,0.04456409818362564,0.16046768233442207,0.8513074950007761,0.02962786546812024,0,ok,0.21294298666608244,0.8268657879352752,FLAT,0.0,-1,0.0074392191026172476,0.043840193860415516,0.04724191234757022,SUPPORT,0.40699125146416554,0.0,0.050376124103950856,0.0,0.0017972412109374947,0.6610657343949123,0,staged_v3,0.1336463748800053,2,1.0170386452623397,0.1345151667497073,2,1,0,0
v3_pelvis_proxy:v3_right_hand_proxy,178,0.5843066019482328,0.15944824218749876,0.7369288226791405,0.01849557704966143,0.6148028319412394,FLAT,0.0,-1,0.003851516401548339,0.017445785680289046,0.09875838934359905,SUPPORT,0.39914157150448604,0.012492133786890909,0.05573278282266978,0.1389078105328418,0.7369288226791405,0.03304633893427948,0,ok,0.2417633724115258,0.8345576318217398,FLAT,0.0,-1,0.007069164234337458,0.01827805906923877,0.06481902644826157,UNLOADING,0.3488496441121419,0.009962892253174309,0.05097416708889754,-2.500000000000002,0.0007972412109374938,0.6618629756058498,0,staged_v3,0.16551625146506443,2,1.0135627998400865,0.16551625146506443,2,1,0,0
v3_pelvis_proxy:v3_right_hand_proxy,179,0.28811487090605375,0.04055175781250142,0.4825182209642376,0.017344520238740092,0.6221653134180501,FLAT,0.0,-1,0.006831454993339998,0.011991671372150754,0.07412364015644454,SUPPORT,0.41978924786774013,0.016714510635671476,0.049811308109213505,0.09095254189226792,0.4825182209642376,0.04819812863343964,0,ok,0.2410999759550135,0.8338621675103829,FLAT,0.0,-1,0.0103985334964338,0.01757973717894295,0.07739294477899708,UNLOADING,0.29901398066755025,0.011289910060006906,0.050623660292775534,-2.500000000000002,-0.0002027587890625071,0.6616602168167873,0,staged_v3,0.1498791891227012,2,1.0105722580117402,0.14415387309885166,2,0,0,0
v3_pelvis_proxy:v3_right_hand_proxy,180,0.041742494696345896,0.2405517578125016,0.17578599698760042,0.017536922388664104,0.6238164154810546,FLAT,0.0,-1,0.009470766785420914,0.008498369598712825,0.055974278355167564,SUPPORT,0.4402578892513219,0.019300344319045554,0.04629850915508771,0.03313487980441218,0.17578599698760042,0.050682063501851574,0,ok,0.2406472173376569,0.827603207481509,FLAT,0.0,-1,0.014110134180923689,0.016829621403959726,0.0864698358692571,UNLOADING,0.25629769771504307,0.012493870389503132,0.050089602564235856,-2.500000000000002,-0.001202758789062508,0.6604574580277248,0,staged_v3,0.10608480164079748,2,1.0079489937330601,0.10459302920089862,2,0,0,0
v3_pelvis_proxy:v3_right_hand_proxy,181,0.01711052854827632,0.4405517578125018,0.11988939141986167,0.017537814131412963,0.6344862389755498,FLAT,0.0,-1,0.003377968854881935,0.0057727290649476105,0.04272837750918102,SUPPORT,0.4596204832220992,0.02136368981051144,0.04349632087113579,0.022598617879679317,0.11988939141986167,0.05141607441158991,0,ok,0.24079832037949864,0.8262389141607691,FLAT,0.0,-1,0.012092885635094894,0.014802869396520153,0.09311548112109125,UNLOADING,0.21968374089860834,0.01485290465953441,0.04804507896088313,-2.500000000000002,-0.002202758789062509,0.6582546992386623,0,staged_v3,0.10607807504283542,2,1.0061796995146552,0.10534954085269044,2,0,0,0
v3_pelvis_proxy:v3_left_hand_proxy,182,0.46302148723112185,0.640551757812502,1.0,0.032468464565461486,0.6328385697751384,FLAT,0.0,-1,0.012540577720476374,0.027913488533827312,0.03309942934007269,SUPPORT,0.47590791109957464,0.0,0.06854518920653077,0.1884955592153876,1.0,0.03238291527126051,0,ok,0.2044625688987903,0.8292084581874634,FLAT,0.0,-1,0.007755310694898852,0.01860849743323109,0.09800106621157416,UNLOADING,0.18830034934166429,0.01129155587734762,0.029626987961357546,-2.500000000000002,-0.0032027587890625098,0.6550519404495998,0,staged_v3,0.12885434486367328,2,1.019508968913409,0.1117665590152707,2,0,0,0
v3_pelvis_proxy:v3_left_hand_proxy,183,0.36139026590492607,0.8405517578125021,0.6565959681702929,0.016648663182763167,0.6436523286631352,FLAT,0.0,-1,0.0028394606200082455,0.008556609095298578,0.026318035497510286,SUPPORT,0.4722067809424926,0.01775929267957694,0.045919219609458745,0.12376542419882819,0.6565959681702929,0.03366459636523665,0,ok,0.23876254299234462,0.8265206802571545,FLAT,0.0,-1,0.014504728264269875,0.008751819359182244,0.10152900622639999,UNLOADING,0.16140029943571224,0.021324630952137758,0.04216026038544351,-2.500000000000002,-0.004202758789062511,0.6508491816605373,0,staged_v3,0.23584701646585823,2,1.0073687581256843,0.23584701646585823,2,1,0,0
v3_pelvis_proxy:v3_left_hand_proxy,184,0.5438232421875,0.640551757812502,0.5438232421875001,0.06731914071052413,0.6415777802479268,FLAT,0.0,-1,0.010095001905602474,0.01107775384136929,0.022646662161963864,SUPPORT,0.4900138256975643,0.015054579266728905,0.013308142489798124,0.102508266150458,0.5438232421875001,0.009991069594859035,0,ok,0.17377469212844746,0.8159541351508771,FLAT,0.0,-1,0.01835274202982593,0.02339302080409797,0.1043027911408631,UNLOADING,0.13834311380203906,0.006822118752945187,0.024897310994774102,2.500000000000002,-0.0032027587890625098,0.6476464228714748,1,staged_v3,0.24273789357997408,2,1.020562991520271,0.24371810946639444,2,0,1,1
v3_pelvis_proxy:v3_right_hand_proxy,185,1.0,0.4405517578125018,1.0,0.24017102775266558,0.6378682487049373,FLAT,0.0,-1,0.013639876100999265,0.040541944787315404,0.021951448529822698,SUPPORT,0.4842975648836265,0.0,0.07174157689251709,0.1884955592153876,1.0,0.04977040486632116,0,ok,0.46829911556097886,0.8156881922189676,FLAT,0.0,-1,0.013712663149611075,0.03989578725596521,0.1071913274996602,UNLOADING,0.1185798118303192,0.008989607739703784,0.021369958635279226,2.500000000000002,-0.002202758789062509,0.6454436640824123,0,staged_v3,0.2575834095922917,2,0.9475395435523983,0.2577622571465766,2,0,1,1
v3_pelvis_proxy:v3_right_hand_proxy,186,0.5184936523437498,0.2405517578125016,0.51849365234375,0.12921838366572463,0.635032672101777,FLAT,0.0,-1,0.013022599789314767,0.01548666758140095,0.021927970651924783,SUPPORT,0.4793979127573942,0.019844279108914453,0.006252119423681788,0.09773375094816392,0.51849365234375,0.06452625711719809,0,ok,0.3521606427695874,0.8193020711179785,FLAT,0.0,-1,0.012007806089249867,0.010474421635420533,0.10923148958756998,UNLOADING,0.10163983871170217,0.026322857332000116,0.004138717147378385,2.500000000000002,-0.001202758789062508,0.6442409052933498,1,staged_v3,0.4343418284759535,2,0.9749198717936114,0.43525377936270265,2,1,1,1
v3_pelvis_proxy:v3_left_hand_proxy,187,0.18701171875000003,0.007583653926857004,0.18701171875,0.10886421170477907,0.6327455838840881,FLAT,0.0,-1,0.012309109463982702,0.012433108092039048,0.021959767298810717,SUPPORT,0.4751982109349093,0.01366488027290149,0.013448109411635312,0.03525087850561204,0.18701171875,0.06500563063091526,0,ok,0.34694069173630976,0.819341293283158,FLAT,0.0,-1,0.009043196216593346,0.001136271714504704,0.11053388301102536,UNLOADING,0.08711986175288758,0.029390422436046566,0.003102071337635828,2.9121012985705574,-3.791826963428502e-05,0.6442029870237155,1,staged_v3,0.226005271658234,2,1.021139343940876,0.161991464756035,2,0,1,1
v3_pelvis_proxy:v3_left_hand_proxy,188,0.9999999999999999,0.19241634607314317,1.0000000000000002,0.07216872933276494,0.6345140482843374,FLAT,0.0,-1,0.010100825001773965,0.04010617097553367,0.021930580449277485,SUPPORT,0.4715984665156366,0.009444391233144469,0.016652137789319406,0.18849555921538763,1.0000000000000002,0.056583237704775746,0,ok,0.2215081921792204,0.8233089157245419,FLAT,0.0,-1,0.009447845629980417,0.04108886663724338,0.11167548050687842,UNLOADING,0.07467416721676079,0.005846055526845265,0.024737718498498658,2.500000000000002,0.0009620817303657159,0.6451650687540812,0,staged_v3,0.23181724841096035,2,1.0159404939215366,0.22704786800793839,2,0,1,1
v3_pelvis_proxy:v3_left_hand_proxy,189,0.16278076171874997,0.39241634607314335,0.16278076171874997,0.062296958995219774,0.6364389519314142,FLAT,0.0,-1,0.009615907415558083,0.0302585849964319,0.021792337889219623,SUPPORT,0.46851297129911706,0.006809059502487724,0.01928055739197326,0.030683450709682536,0.16278076171874997,0.06585417929438458,0,ok,0.2750087139368753,0.8285942613755364,FLAT,0.0,-1,0.008886569513838231,0.028242853143505796,0.11332402784817827,UNLOADING,0.06400642904293782,0.01949897593631671,0.011167225456092205,2.500000000000002,0.0019620817303657168,0.6471271504844469,1,staged_v3,0.33830693321652855,2,1.0190159385312472,0.34003006933773267,2,0,1,1
v3_torso_proxy:v3_left_forearm_proxy,190,0.5686035156249999,0.5924163460731435,0.5686021441475538,0.0855936124014922,0.6441260169080008,FLAT,0.0,-1,0.004238218472535573,0.0008402420774552355,0.02158783374204771,SUPPORT,0.4658682611135289,0.02523914960964715,0.012506851443488565,0.1071789791321616,0.5686021441475538,0.07992028873119454,0,ok,0.31875270628677277,0.8308949596712268,FLAT,0.0,-1,0.009225927288229812,0.04671373562052347,0.11492448126453836,UNLOADING,0.05486265346537528,0.0,0.04954847088380637,2.500000000000002,0.0029620817303657176,0.6500892322148126,1,staged_v3,0.12223796970872368,2,0.9872771258269067,0.12187993524147206,2,1,1,1
v3_pelvis_proxy:v3_left_hand_proxy,191,0.41405103930973813,0.39241634607314335,0.47772216796875,0.07784913235396383,0.6286593754476696,FLAT,0.0,-1,0.020806025124456114,0.0011359621051524752,0.020948997100099287,SUPPORT,0.4636013666687391,0.024911487749852492,0.02355051373017833,0.09004850720085686,0.47772216796875,0.06773566369142955,0,ok,0.3106102045373917,0.8171423038927845,FLAT,0.0,-1,0.021266164558486532,0.02364972773347877,0.11619583536227954,UNLOADING,0.04702513154175024,0.007160064034635209,0.03785425246836958,-2.500000000000002,0.0019620817303657168,0.6520513139451783,1,staged_v3,0.125384349328217,2,0.9828995349683478,0.12456937111391797,2,0,0,0
v3_pelvis_proxy:v3_left_hand_proxy,192,0.39821824372218567,0.19241634607314317,0.9196853523555317,0.08834468621595844,0.6059269642022298,FLAT,0.0,-1,0.032179048257741184,0.00509794293736272,0.018484991339765076,SUPPORT,0.46165831428749066,0.020826306629625535,0.03977240223284855,0.17335660479445675,0.9196853523555317,0.048942643638599626,0,ok,0.31181463372465956,0.7989862978784043,FLAT,0.0,-1,0.026796629432997827,0.007866791745617396,0.11610733866855763,UNLOADING,0.040307255607214494,0.02293857518781049,0.03861372438882907,-2.500000000000002,0.0009620817303657159,0.6530133956755441,0,staged_v3,0.1251455735014061,2,0.9871749807395082,0.12459104698775464,2,0,0,0
v3_pelvis_proxy:v3_left_hand_proxy,193,1.0000000000000002,0.39241634607314335,0.4514370479736924,0.25485617758757756,0.5981886354779984,FLAT,0.0,-1,0.020177714911374395,0.051259226338529425,0.014955701034105946,SUPPORT,0.45999284081784914,0.0,0.10287463471324707,0.0850938788083449,0.4514370479736924,0.04158461017502399,0,ok,0.47261076223200454,0.793016046274547,FLAT,0.0,-1,0.021566615988928485,0.009916005911298393,0.11506944824716447,UNLOADING,0.03454907623475528,0.02083746650105983,0.014852409857599582,2.500000000000002,0.0019620817303657168,0.6549754774059098,0,staged_v3,0.12173085240810516,2,0.9768884364580585,0.11781448395833703,2,1,1,1
v3_pelvis_proxy:v3_left_hand_proxy,194,0.999050495293369,0.19241634607314317,0.35551819156464953,0.09088594712283783,0.6126498378216543,FLAT,0.0,-1,0.004641303233141204,0.010964577767722427,0.01235090723143973,SUPPORT,0.45856529212958497,0.01465296759384956,0.04662547576083443,0.06701360033022191,0.35551819156464953,0.039655466959737956,0,ok,0.0,0.801860371299145,FLAT,0.0,-1,0.010629521043058176,0.010294950947263785,0.1138509559012936,UNLOADING,0.029613493915504528,0.020397596847800896,0.042210059735353384,-2.500000000000002,0.0009620817303657159,0.6559375591362755,0,staged_v3,0.12214908292238734,2,0.9845898263283211,0.12318677257297526,2,1,0,0
v3_pelvis_proxy:v3_left_hand_proxy,195,0.07843133882379437,0.007583653926857004,0.4369524649483308,0.06423458710891511,0.6214365439910287,FLAT,0.0,-1,0.007526693514436568,0.007617673842759607,0.010386716334962758,SUPPORT,0.4573416789682157,0.01790166197398853,0.043707671808530274,0.08236359923097766,0.4369524649483308,0.04576207383469108,0,ok,0.0,0.8146344147212031,FLAT,0.0,-1,0.004876040919693331,0.0031688227179054495,0.11277453653914742,SUPPORT,0.1682436743628396,0.027469904109051924,0.0387100283460947,-2.500000000000002,-3.791826963428502e-05,0.6558996408666412,0,staged_v3,0.12185318896229311,2,0.9967859491207741,0.1218163301773542,2,0,0,0
v3_pelvis_proxy:v3_left_hand_proxy,196,0.03608566511213127,0.20758365392685718,0.03458238080009893,0.044172658291799574,0.6283770703978493,FLAT,0.0,-1,0.005747262065750607,0.007265478160958863,0.03735979466197961,SUPPORT,0.456292867687042,0.01960251157214012,0.04304356371321791,0.0065186252079141305,0.03458238080009893,0.04575969542402422,0,ok,0.0,0.8221979135313138,FLAT,0.0,-1,0.005870341415594421,0.001662971643722558,0.1119179782680988,SUPPORT,0.28063077655279967,0.028932927269682385,0.03728429310048024,-2.500000000000002,-0.001037918269634286,0.6548617225970069,1,staged_v3,0.12281325505244897,2,0.9934461496655168,0.12281325505244897,2,1,0,0
v3_pelvis_proxy:v3_right_hand_proxy,197,0.8878409207844646,0.40758365392685736,1.0000000000000002,0.05314853785548421,0.6325316597089549,FLAT,0.0,-1,0.00693816229463718,0.03056537934923414,0.05661595518521681,SUPPORT,0.4553938865888932,0.0057224229652922814,0.02210837479396856,0.18849555921538763,1.0000000000000002,0.04509211352514979,0,ok,0.024195286217436114,0.831212245229406,FLAT,0.0,-1,0.005473517384736058,0.022602289715415218,0.11105686671274201,SUPPORT,0.3722847047824327,0.007950553620221883,0.037690547598930126,-2.500000000000002,-0.002037918269634287,0.6528238043273726,0,staged_v3,0.23745088358211827,2,1.0044441499611156,0.15557463478785685,2,0,0,0
v3_pelvis_proxy:v3_left_hand_proxy,198,0.9999999999999999,0.20758365392685718,0.9816815934300589,0.005856125542622229,0.6392292478064918,FLAT,0.0,-1,0.00450528898480756,0.014239615109774638,0.07045159398575018,SUPPORT,0.45462333136190847,0.014282964589512871,0.031956778044474006,0.18504262092505172,0.9816815934300589,0.04508308696525182,0,ok,0.04907808223533557,0.8412903199852313,FLAT,0.0,-1,0.0040040077504293285,0.009664342379485404,0.11047070896354616,SUPPORT,0.4162517518326769,0.020859193068691904,0.03515822357089789,2.500000000000002,-0.001037918269634286,0.6517858860577384,0,staged_v3,0.23843238833387784,2,1.0046123483330558,0.23843238833387784,2,1,1,1
v3_pelvis_proxy:v3_right_hand_proxy,199,0.9999999999999999,0.007583653926857004,1.0,0.17935695311994534,0.6389228334847131,FLAT,0.0,-1,0.010156364796422955,0.036396395597656346,0.07954352294779952,SUPPORT,0.47971633768356714,0.0,0.03234712931137209,0.1884955592153876,1.0,0.026038907652295315,0,ok,0.16595739830994669,0.832103230255338,FLAT,0.0,-1,0.015873218283206734,0.06284904764868914,0.10998760935939034,SUPPORT,0.4230014014661415,0.018360774464894633,0.012138606003074884,2.500000000000002,-3.791826963428502e-05,0.6517479677881041,0,staged_v3,0.26978779583985296,2,0.9916209153905936,0.2710323548758481,2,1,1,1
v3_pelvis_proxy:v3_left_hand_proxy,200,0.9999999999999999,0.19241634607314317,1.0,0.23204722924052057,0.6413056502441623,FLAT,0.0,-1,0.004554294523201726,0.07971191814565913,0.08580433270777989,UNLOADING,0.41118543230020044,0.023551743943543535,0.005738472691845461,0.1884955592153876,1.0,0.04665745333395806,0,ok,0.19936421340380264,0.824787580927985,FLAT,0.0,-1,0.016301790823975416,0.0480677612578422,0.10966327446621077,UNLOADING,0.36257262982812133,0.0,0.08745807018553539,2.500000000000002,0.0009620817303657159,0.6527100495184698,0,staged_v3,0.37607529942768037,2,0.9763066825618566,0.37770421961298767,2,1,1,1
v3_pelvis_proxy:v3_right_hand_proxy,201,0.9999999999999999,0.007583653926857004,1.0000000000000002,0.040665685140005466,0.6467356188347889,FLAT,0.0,-1,0.003015016080762831,0.013752390913639716,0.06194352998773071,UNLOADING,0.35244465629567334,0.014344785585746821,0.02203191854753715,0.18849555921538763,1.0000000000000002,0.03408500335002178,0,ok,0.08343899385428583,0.8198779823930733,FLAT,0.0,-1,0.010263394701429776,0.024407710023342622,0.08085311664326597,UNLOADING,0.3107765532628104,0.0046349458088206785,0.03994199274098659,-2.500000000000002,-3.791826963428502e-05,0.6526721312488355,0,staged_v3,0.4084128965614397,2,0.9874884548425988,0.40753329935216237,2,0,0,0
v3_pelvis_proxy:v3_right_hand_proxy,202,0.8442276475082158,0.20758365392685718,0.30941071992266994,0.02496543500621701,0.6506658216280911,FLAT,0.0,-1,0.003259894562965517,0.010391128367987178,0.044801286420795464,UNLOADING,0.34791772408427135,0.016848935953052598,0.044393034623121747,0.05832254667905934,0.30941071992266994,0.0315607657808953,0,ok,0.031202948749394523,0.8135736758681038,FLAT,0.0,-1,0.016057836036746827,0.005265704283342537,0.058785767174363936,UNLOADING,0.27313377203818506,0.02267358407537566,0.03841303762709,-2.500000000000002,-0.001037918269634286,0.6516342129792012,0,staged_v3,0.23513053401524386,2,1.0000614025438876,0.2321714377059927,2,0,0,0
v3_pelvis_proxy:v3_right_hand_proxy,203,0.3300170898437502,0.007583653926857004,0.33001708984374994,0.11753093363092847,0.6543992599832567,FLAT,0.0,-1,0.002940767094691494,0.011008175155805107,0.032101524474484285,SUPPORT,0.3770596017093789,0.015596901067919108,0.05012507584587397,0.06220675590073246,0.33001708984374994,0.009991915211932413,0,ok,0.11717647260842433,0.8227394517304494,FLAT,0.0,-1,0.005361386620870253,0.007163228993553532,0.04212184279653263,SUPPORT,0.3252813278579799,0.019942863146273103,0.04536728591783828,2.500000000000002,-3.791826963428502e-05,0.6515962947095669,1,staged_v3,0.1631079529416028,2,1.0028806543266082,0.15144822455076226,2,0,1,1
