active_collision_pair,frame_idx,frame_root_angular_budget_usage,frame_root_z_budget_usage,frame_velocity_budget_usage_max,left_anchor_error_xy,left_contact_confidence,left_contact_phase,left_contact_slack,left_elbow_branch_sign,left_foot_vxy,left_heel_height,left_liftoff_probability,left_load_phase,left_lock_weight,left_swing_clearance_error,left_toe_height,max_joint_delta,max_joint_velocity_ratio,min_self_collision_distance,qp_resolve_count,qp_status,right_anchor_error_xy,right_contact_confidence,right_contact_phase,right_contact_slack,right_elbow_branch_sign,right_foot_vxy,right_heel_height,right_liftoff_probability,right_load_phase,right_lock_weight,right_swing_clearance_error,right_toe_height,root_ddz,root_dz,root_z,safety_backtracked,solver_mode,stage_a_high_priority_error,stage_a_iterations,stage_b_detail_error,stage_b_high_priority_error,stage_b_iterations,stage_b_rejected,stage_c_iterations,stage_c_triggered
v3_pelvis_proxy:v3_left_hand_proxy,0,1.0,1.0000000000000009,1.0,0.0,0.13245378470803454,AIR,0.0,-1,0.0,0.0869675023670098,0.07302573017133823,UNLOADED,0.02455625007315462,0.0,0.12137520243168028,0.1884955592153876,1.0,0.04288498732716198,0,ok,0.0,0.12567076857216494,AIR,0.0,1,0.0,0.10670362438031912,0.06055980577329202,UNLOADED,0.023612034247210863,0.0,0.08855620544112613,0.0,-0.0050000000000000044,0.745,0,staged_v3,0.6088949135120613,2,1.1406503903739498,0.5837543240281602,2,0,0,0
v3_pelvis_proxy:v3_left_hand_proxy,1,0.9999999999999999,1.0000000000000009,1.0,0.0,0.21600397253270195,AIR,0.0,-1,0.012381757029021535,0.08751343839349517,0.125146517141406,UNLOADED,0.05743936559482897,0.0,0.12913087696272707,0.1884955592153876,1.0,0.04746172131094582,0,ok,0.0,0.20014367131969113,AIR,0.0,1,0.02158289542569204,0.09591207547723102,0.11237749326241582,UNLOADED,0.05442003284665817,0.0,0.09678168188348389,0.0,-0.0050000000000000044,0.74,0,staged_v3,0.50197393219345,2,1.0932895479019014,0.49791071429076855,2,0,0,0
v3_torso_proxy:v3_left_forearm_proxy,2,1.0000000000000002,1.0000000000000009,0.9999999999999999,0.0,0.24756424787788434,FLAT,0.0,-1,0.034799789976748985,0.08735441708039407,0.16249269293720597,UNLOADED,0.08741886578890977,0.0,0.12340824241796343,0.18849555921538758,0.9999999999999999,0.049688457305077316,0,ok,0.0,0.23521807930162447,FLAT,0.0,-1,0.05032081219868993,0.07725039682440149,0.1512670739320727,UNLOADED,0.08346349201927564,0.0,0.10169957074554577,0.0,-0.0050000000000000044,0.735,0,staged_v3,0.42400543435336546,2,0.995236419455132,0.4230692268256893,2,0,0,0
v3_torso_proxy:v3_left_forearm_proxy,3,1.0000000000000007,1.0000000000000009,0.40325209431555026,0.0,0.2607208553353237,FLAT,0.0,-1,0.06197204177837024,0.08458496816671529,0.18925239722508963,UNLOADED,0.11221085432243538,0.0,0.11620938062954625,0.07601122902278587,0.40325209431555026,0.05085327023186992,0,ok,0.0,0.2475641889636872,FLAT,0.0,-1,0.06822323474041987,0.06549934905973205,0.17872760349657346,UNLOADED,0.10743432056714741,0.0,0.10280732604598028,0.0,-0.0050000000000000044,0.73,0,staged_v3,0.35403503392142555,2,0.8883125298471686,0.3546293111524398,2,0,0,0
v3_torso_proxy:v3_left_forearm_proxy,4,1.0000000000000004,1.0000000000000009,0.5131156477346068,0.0,0.2584535884282257,FLAT,0.0,-1,0.056355148809426846,0.07963180038790284,0.20842656320905398,UNLOADED,0.13068568250656495,0.0,0.11134319153213161,0.09672002096190055,0.5131156477346068,0.05259672341611178,0,ok,0.0,0.2504522574103698,FLAT,0.0,-1,0.07937406197607229,0.058101088471268894,0.19381250294772898,UNLOADED,0.12632975216026937,0.0,0.1024372322178693,0.0,-0.0050000000000000044,0.725,0,staged_v3,0.28925777802001384,2,0.8186181862536682,0.2904194658529642,2,0,0,0
v3_torso_proxy:v3_left_forearm_proxy,5,0.9999999999999999,1.0000000000000009,0.5856000200651937,0.0,0.25533587543562225,FLAT,0.0,-1,0.06734791280327633,0.07520345026830534,0.2225398163613364,SUPPORT,0.19454854600525195,0.0,0.10793546123876062,0.1103830032587309,0.5856000200651937,0.05410185849227997,0,ok,0.0,0.2505628108569743,FLAT,0.0,-1,0.046663715989709725,0.05340195124800797,0.19530237888151664,SUPPORT,0.19106380172821552,0.0,0.10067475513712079,0.0,-0.0050000000000000044,0.72,0,staged_v3,0.23724875287189146,2,0.8400839812121165,0.2264173062653283,2,0,0,0
v3_torso_proxy:v3_left_forearm_proxy,6,0.46162743432308523,1.0000000000000009,0.5985010775772018,0.0,0.274840364599976,FLAT,0.0,-1,0.0544367763592727,0.07277900190563291,0.27415864828791436,SUPPORT,0.24563883680420157,0.0,0.10671408350911535,0.11281479530892674,0.5985010775772018,0.05477160401012893,0,ok,0.0,0.25254134647201365,FLAT,0.0,-1,0.05382688109312609,0.05124870225468435,0.21403694936550055,SUPPORT,0.2428510413825724,0.0,0.09877406179140776,0.0,-0.0050000000000000044,0.715,0,staged_v3,0.20917572870224013,2,0.8920142040958647,0.20005540880976155,2,0,0,0
v3_torso_proxy:v3_left_forearm_proxy,7,0.2859493756904409,1.0000000000000009,0.48041398858673917,0.0,0.2365897932891117,FLAT,0.0,-1,0.11378722033485904,0.07365408861035966,0.3055715286312052,SUPPORT,0.28651106944336124,0.0,0.1059609871818152,0.09055590343355224,0.48041398858673917,0.05498355785784324,0,ok,0.0,0.22136148591500518,FLAT,0.0,-1,0.07801607742068992,0.05183882070297039,0.2172028677074767,SUPPORT,0.28428083310605795,0.0,0.09797124070671051,0.0,-0.0050000000000000044,0.71,0,staged_v3,0.19052474685131512,2,0.9345988902994411,0.18352012356428732,2,0,0,0
v3_torso_proxy:v3_left_forearm_proxy,8,0.15710836546946805,1.0000000000000009,0.401226001871965,0.0,0.2269575636146686,FLAT,0.0,-1,0.08655506034587322,0.07514530504008111,0.366580761424376,LOADING,0.2661179576848499,0.0,0.10725621701515073,0.0756293195946102,0.401226001871965,0.05627226832327388,0,ok,0.0,0.18853473454226563,FLAT,0.0,-1,0.09913859304148831,0.05398764241125182,0.20402694007817365,LOADING,0.2651076525987863,0.0,0.09970754569876453,0.0,-0.0050000000000000044,0.705,0,staged_v3,0.17316335739772912,2,0.9643226204220172,0.16867209444654518,2,0,0,0
v3_torso_proxy:v3_left_forearm_proxy,9,0.08816527637588237,1.0000000000000009,0.37758941574274574,0.0,0.20550740381751478,FLAT,0.0,-1,0.1082089697247532,0.07648933192979801,0.419228425022122,LOADING,0.24515151495625892,0.0,0.10937174510938534,0.07117392807424033,0.37758941574274574,0.05871215056582649,0,ok,0.0,0.17013729527509125,FLAT,0.0,-1,0.08444015300153856,0.05691414269749377,0.2051488227594484,LOADING,0.24655424929066394,0.0,0.10309773676531361,0.0,-0.0050000000000000044,0.7,0,staged_v3,0.16029582951711047,2,0.9833058706308301,0.15770785923934094,2,0,0,0
v3_torso_proxy:v3_left_forearm_proxy,10,0.10064145868162104,1.0000000000000009,0.3288589603092768,0.0,0.20728960514788547,FLAT,0.0,-1,0.07478104617289781,0.07608036746344213,0.48770793064659,LOADING,0.22530027293060215,0.0,0.1121042168627158,0.06198845362648808,0.3288589603092768,0.06527891362944628,0,ok,0.0,0.1876353385829675,FLAT,0.0,-1,0.07358605689130766,0.06023364561707363,0.23055766082836437,LOADING,0.23195715279636056,0.0,0.10630264346049371,0.0,-0.0050000000000000044,0.695,0,staged_v3,0.14546140275458677,2,0.9965323411144298,0.14410520858085754,2,0,0,0
v3_torso_proxy:v3_left_forearm_proxy,11,0.12859363465001467,1.0000000000000009,0.34730703407835234,0.0,0.2241401419227794,FLAT,0.0,-1,0.06022348864206241,0.0751384964269511,0.5613127294642366,UNLOADING,0.20716129495160224,0.0,0.11275003844277992,0.0654658336080367,0.34730703407835234,0.07455172028462252,0,ok,0.0,0.23813555547822612,FLAT,0.0,-1,0.053180872520335126,0.06337032037133579,0.27141440609863743,LOADING,0.2236064359850425,0.0,0.1090084583814643,0.0,-0.0050000000000000044,0.69,0,staged_v3,0.13892584666702532,2,1.0080817696737812,0.13734390704264032,2,0,0,0
v3_torso_proxy:v3_left_forearm_proxy,12,0.13613525314593894,1.0000000000000009,0.4142245300373312,0.0,0.20135507692748675,FLAT,0.0,-1,0.1164285199534582,0.07588214635181635,0.6445659570379414,UNLOADING,0.18779088839612662,0.0,0.11168343785591936,0.07807948443011786,0.4142245300373312,0.08738543216429107,0,ok,0.0,0.3175616203237637,FLAT,0.0,-1,0.04443444756878474,0.06611108714650676,0.29655384900112447,SUPPORT,0.26888514878803405,0.0,0.11063625033733063,0.0,-0.0050000000000000044,0.6849999999999999,0,staged_v3,0.13878727882781808,2,1.0209205660984009,0.1358230722209102,2,0,0,0
v3_torso_proxy:v3_left_forearm_proxy,13,0.1616904315852497,1.0000000000000009,0.5126049374912923,0.0,0.15681549158652966,FLAT,0.0,-1,0.2674916735966344,0.0773689731726967,0.7087494866253622,UNLOADING,0.16748827468663324,0.0,0.10851312276609584,0.09662375434898995,0.5126049374912923,0.10425881967540512,0,ok,0.0,0.3751275387069268,FLAT,0.0,-1,0.045676499530166524,0.06747124390719747,0.3353708981911341,SUPPORT,0.3051081190304272,0.0,0.11087310950286225,0.0,-0.0050000000000000044,0.6799999999999999,0,staged_v3,0.14289210511477413,2,1.032262917386557,0.13748980543067613,2,0,0,0
v3_torso_proxy:v3_left_forearm_proxy,14,0.16887390355288176,1.0000000000000009,0.7178260546390047,0.0,0.1221280276453166,FLAT,0.0,-1,0.2881092261564372,0.07914649829630545,0.7568021435777336,UNLOADING,0.14780441752174567,0.0,0.10456318683909745,0.13530702358855456,0.7178260546390047,0.12451689621480458,0,ok,0.0,0.40176012025144353,FLAT,0.0,-1,0.05089478232495943,0.06691008005926548,0.3836259792789316,SUPPORT,0.3340864952243418,0.0,0.1093457499139369,0.0,-0.0050000000000000044,0.6749999999999999,0,staged_v3,0.14842326131260636,2,1.0426227630478073,0.14186815932577448,2,0,0,0
v3_torso_proxy:v3_left_forearm_proxy,15,0.15137429672529887,1.0000000000000009,0.6186690786438027,0.0,0.09511340356513875,FLAT,0.0,-1,0.7594567576696595,0.07941649400503435,0.7595570482674132,UNLOADING,0.1299565503761441,0.0,0.10004835882038027,0.11661637394823221,0.6186690786438027,0.14768556524331125,0,ok,0.0018107362158228217,0.37854289902120264,FLAT,0.0,-1,0.07888627397222983,0.06398703869593668,0.43694520452845664,SUPPORT,0.35726919617947345,0.0,0.104591598251607,0.0,-0.0050000000000000044,0.6699999999999999,0,staged_v3,0.1400898075041928,2,1.051359293498066,0.13635471035768748,2,0,0,0
v3_torso_proxy:v3_left_forearm_proxy,16,0.12217036951104954,1.0000000000000009,0.7103950728723093,0.0,0.07407439317711662,FLAT,0.0,-1,0.9812511677412802,0.07804736290066074,0.7211018565247409,UNLOADING,0.1143426447132884,0.0,0.09665119429028296,0.13390631652492196,0.7103950728723093,0.1725122359637146,0,ok,0.004254628338751931,0.3458683837037797,FLAT,0.0,-1,0.08509590044111397,0.05562782284559773,0.45602694701053725,UNLOADING,0.3330730955145902,0.0,0.09441261144544055,0.0,-0.0050000000000000044,0.6649999999999999,0,staged_v3,0.13066157586712185,2,1.0590795069884709,0.1279311329274008,2,0,0,0
v3_torso_proxy:v3_left_forearm_proxy,17,0.08711456481681142,1.0000000000000009,0.7917684530038153,0.0,0.05768919541187755,FLAT,0.0,-1,1.46564488884314,0.07360061829156406,0.6240052050242163,UNLOADING,0.10110667221156246,0.0,0.09721652016543672,0.1492448373180565,0.7917684530038153,0.1974152240289551,0,ok,0.004176075479288084,0.30261313315920896,FLAT,0.0,-1,0.09557059227382511,0.051771809125436385,0.44982502385440126,UNLOADING,0.30910394105983247,0.0,0.0863610999803126,0.0,-0.0050000000000000044,0.6599999999999999,0,staged_v3,0.13393200817997802,2,1.0643386301260087,0.13232675181360182,2,0,0,0
v3_right_forearm_proxy:v3_left_forearm_proxy,18,0.021260946917087742,1.0000000000000009,0.8386658652765274,0.0,0.04492839056152954,AIR,0.0,-1,1.5503438766323006,0.06732973569969425,0.5362094268948197,UNLOADING,0.08963962818237142,0.0,0.09583656215850582,0.15808479127015596,0.8386658652765274,0.2,0,ok,0.005208436832225071,0.26552311692614716,FLAT,0.0,-1,0.08967649163548416,0.04747991668839635,0.42390694826618636,UNLOADING,0.2866466164869634,0.0,0.07798797868144704,0.0,-0.0050000000000000044,0.6549999999999999,0,staged_v3,0.14521613787503337,2,1.067223782821306,0.14176914276223385,2,0,0,0
v3_right_forearm_proxy:v3_left_forearm_proxy,19,0.09560421341710057,1.0000000000000009,0.9292407594528845,0.0,0.03499026575145712,AIR,0.0,-1,1.5297592563782014,0.06175928407791466,0.4550780157515183,UNLOADING,0.07955781916241346,0.0,0.09502232006688671,0.17515775659880295,0.9292407594528845,0.2,0,ok,0.007521354476696228,0.21812061080502917,FLAT,0.0,-1,0.10815679849004453,0.029059192512831254,0.3821203136713892,LOADING,0.2647424954698963,0.015046823170738209,0.05921744729559163,0.0,-0.0050000000000000044,0.6499999999999999,0,staged_v3,0.15050433546224648,2,1.0667873755380617,0.14686452628059377,2,0,0,0
v3_right_forearm_proxy:v3_left_forearm_proxy,20,0.08220475387335237,1.0000000000000009,1.0000000000000002,0.0,0.027250446367111363,AIR,0.0,-1,1.545329094372222,0.053964395485020696,0.4252916883389287,UNLOADING,0.07042971042830484,0.0,0.08546692121238753,0.18849555921538763,1.0000000000000002,0.2,0,ok,0.006816179527140966,0.19615547805889744,FLAT,0.0,-1,0.08687923305549552,0.01921563580774852,0.3332844945553464,LOADING,0.2451869678133119,0.0224485889200188,0.04475813592552273,0.0,-0.0050000000000000044,0.6449999999999999,0,staged_v3,0.1503371638685532,2,1.059940824772962,0.14760237058523476,2,0,0,0
v3_right_forearm_proxy:v3_left_forearm_proxy,21,0.11729373985652813,1.0000000000000009,1.0000000000000002,0.0,0.02122266896975165,AIR,0.0,1,1.4245748457045857,0.05001073088818864,0.4039488521208059,UNLOADING,0.062175436967187095,0.0,0.07756836242589328,0.18849555921538763,1.0000000000000002,0.2,0,ok,0.006232323130392166,0.1706055228185748,FLAT,0.0,-1,0.1020900682648019,0.011581070647064082,0.2761915580029274,LOADING,0.22747626337225757,0.02722850725308229,0.03243867968720278,0.0,-0.0050000000000000044,0.6399999999999999,0,staged_v3,0.14722335558127284,2,1.0488497828598373,0.14526753552739977,2,0,0,0
v3_right_forearm_proxy:v3_left_forearm_proxy,22,0.1583077503348261,1.0000000000000009,0.9614168589285761,0.0,0.01652823121250779,AIR,0.0,1,1.3319390027308162,0.04340666162369852,0.38865604171407253,UNLOADING,0.05473672229943458,0.0010261404620051096,0.06498147719629088,0.18122280846284336,0.9614168589285761,0.2,0,ok,0.005001281258102002,0.1630494180759431,FLAT,0.0,-1,0.08953085356550296,0.0071516060448296795,0.22854291927409798,LOADING,0.21267200186173407,0.029275539918875222,0.023183087265849944,0.0,-0.0050000000000000044,0.6349999999999999,0,staged_v3,0.14209762964302464,2,1.0343955450795832,0.14227921471458152,2,0,0,0
v3_right_forearm_proxy:v3_left_forearm_proxy,23,0.18114760299686597,1.0000000000000009,1.0,0.0,0.012872199411086303,AIR,0.0,1,1.1043537885506758,0.036544821119532965,0.3847037908852724,UNLOADING,0.04804864989960253,0.007690368424730656,0.05454533514600302,0.1884955592153876,1.0,0.2,0,ok,0.0035203610558966394,0.1730330620657117,FLAT,0.0,-1,0.07530448045697467,0.006040667388235041,0.20852694233961314,LOADING,0.20165994823044575,0.029385679728745617,0.017733952180267083,0.0,-0.0050000000000000044,0.6299999999999999,0,staged_v3,0.16959824058222822,2,1.0215130030091457,0.17025390495353096,2,0,0,0
v3_right_forearm_proxy:v3_left_forearm_proxy,24,0.20900761516013192,1.0000000000000009,0.9999999999999999,0.0,0.01002487898120529,FLAT,0.0,1,0.8585775588746005,0.019820374972617325,0.36773168647568527,LOADING,0.04209004467490674,0.023566209351166944,0.03726867010606364,0.18849555921538758,0.9999999999999999,0.2,0,ok,0.003934219540470115,0.18624739059474565,FLAT,0.0,-1,0.06606147749465854,0.004388349161676961,0.23395313882217403,LOADING,0.19313262958448119,0.03230930777943174,0.013473664165910667,0.0,-0.0050000000000000044,0.6249999999999999,0,staged_v3,0.2012391866481861,2,1.0103563519419365,0.1992172763537152,2,0,0,0
v3_right_forearm_proxy:v3_left_forearm_proxy,25,0.13293617838068716,1.0000000000000009,0.9903066862763449,0.0,0.007807383600758748,FLAT,0.0,1,0.2552014515889339,0.0058225017563820446,0.354826664099428,LOADING,0.03679676911025677,0.03691883144858936,0.03720674645875137,0.18666841262439704,0.9903066862763449,0.2,0,ok,0.00444490673221004,0.19382814555488123,FLAT,0.0,-1,0.08000864627031885,0.004542265320807111,0.33993810848896455,LOADING,0.1837063856158278,0.037454640103641114,0.014816881720201795,0.0,-0.0050000000000000044,0.6199999999999999,0,staged_v3,0.209312729619905,2,1.0052663438370526,0.20849829603516504,2,0,0,0
v3_right_forearm_proxy:v3_left_forearm_proxy,26,0.38653901748339653,1.0000000000000009,0.9999874941240218,0.0,0.006080396462009757,FLAT,0.0,1,0.1842034197908703,0.06153764133130313,0.34344124407455473,LOADING,0.03211039317116732,0.0,0.06332074421027224,0.1884932019133016,0.9999874941240218,0.2,0,ok,0.144901349994111,0.187266580275549,FLAT,0.0,-1,0.09941666366871903,0.0732074890174519,0.4736307719711882,UNLOADING,0.17143339307866218,0.0,0.08669643813956443,0.0,-0.0050000000000000044,0.6149999999999999,0,staged_v3,0.2833341041303047,2,1.0361543366285146,0.2204486222982234,2,0,0,0
v3_right_forearm_proxy:v3_left_forearm_proxy,27,1.0,0.8000000000000007,0.8833255559929427,0.0,0.02246498967893881,FLAT,0.0,1,0.1216211021394009,0.064739886909485,0.3059027242428076,LOADING,0.02975074959472411,0.0,0.06873060441978535,0.1665029446461329,0.8833255559929427,0.2,0,ok,0.22953977823987448,0.163046604180843,FLAT,0.0,-1,0.12365913377367693,0.1128651990141446,0.6045947694342889,UNLOADING,0.146942908353139,0.0,0.08144302449819889,2.500000000000002,-0.0040000000000000036,0.6109999999999999,0,staged_v3,0.25194800189550454,2,1.0219728033168338,0.2413247806657642,2,1,1,1
v3_right_forearm_proxy:v3_left_forearm_proxy,28,0.6889038085937509,0.6000000000000005,0.6889038085937503,0.0,0.04891577197345237,FLAT,0.0,1,0.09144777603559488,0.08062174688064205,0.2751867209643176,LOADING,0.030891559891907238,0.0,0.08831844332870806,0.1298553086464893,0.6889038085937503,0.2,0,ok,0.14969227786974312,0.14225244881854246,FLAT,0.0,-1,0.1255817675347337,0.02518719495345129,0.7166797719350197,UNLOADING,0.12595106430269057,0.054049325157095485,0.006784663439655506,2.500000000000002,-0.0030000000000000027,0.6079999999999999,1,staged_v3,0.22571359483868386,2,1.0539702148897594,0.21952442075046621,2,0,1,1
v3_right_forearm_proxy:v3_left_forearm_proxy,29,0.12944026742807754,0.40000000000000036,0.8456207556897845,0.0,0.09823735785134538,FLAT,0.0,1,0.07526500668862497,0.14649424542112055,0.24648065112995773,LOADING,0.03951799789809761,0.0,0.15045126023816602,0.15939575722788457,0.8456207556897845,0.2,0,ok,0.1639552736893958,0.12242352448029534,FLAT,0.0,-1,0.13394284416308302,0.03909870996858695,0.7969921856725348,UNLOADING,0.10795805511659191,0.025750899315039787,0.04925009468025644,2.500000000000002,-0.0020000000000000018,0.6059999999999999,0,staged_v3,0.2791941009521177,2,1.080236340171575,0.2795074274258609,2,1,0,0
v3_right_forearm_proxy:v3_left_forearm_proxy,30,0.22875976562500017,0.20000000000000018,0.22875976562500017,0.0,0.14162127947713118,FLAT,0.0,1,0.07195085628158612,0.13962315902573588,0.2199882904446992,LOADING,0.05370764958135131,0.0,0.14927098644602554,0.04312019994746541,0.22875976562500017,0.2,0,ok,0.0951893948603874,0.12618176714125476,FLAT,0.0,-1,0.10696243723616637,0.007204193150427337,0.8545385447432209,UNLOADING,0.09253547581422164,0.06052273408673371,0.020462360298098267,2.500000000000002,-0.0010000000000000009,0.6049999999999999,1,staged_v3,0.2984305521771621,2,1.1005145158056417,0.2984853218409182,2,1,1,1
v3_right_forearm_proxy:v3_left_forearm_proxy,31,0.8987426757812501,0.0,0.8987426757812502,0.0,0.18307181364509534,FLAT,0.0,1,0.08268513228311043,0.0010081704745499307,0.19603041828749954,LOADING,0.07240295355300028,0.03379335043982505,0.028460006397011673,0.16940900326212055,0.8987426757812502,0.2,0,ok,0.10387667742215972,0.09827045905894287,FLAT,0.0,-1,0.18753634870687363,0.05903434743515858,0.8893587557065149,UNLOADING,0.0793161221264757,0.017573611861715896,0.05189432592360986,2.500000000000002,0.0,0.6049999999999999,1,staged_v3,0.152146292783298,2,1.106290579762866,0.15267733015721424,2,1,1,1
v3_right_forearm_proxy:v3_left_forearm_proxy,32,0.00030867527587472916,7.324218749271694e-05,0.00025033664382788666,0.0,0.19434539538399773,FLAT,0.0,1,0.09612570899139761,0.0010056938477183463,0.17646279759808398,LOADING,0.08993249548524657,0.03281744603218585,0.028468663203499552,4.7187345670440806e-05,0.00025033664382788666,0.2,0,ok,0.10385554232688769,0.07653311046789114,FLAT,0.0,-1,0.3404026251325339,0.05902920739537192,0.8793789656686583,UNLOADING,0.06798524753697917,0.01707656330319364,0.05189238498023928,-0.0009155273436589617,-3.662109374635847e-07,0.6049996337890624,1,staged_v3,0.1558131481761466,2,1.0996165618643239,0.15695791978409276,2,1,0,0
v3_right_forearm_proxy:v3_left_forearm_proxy,33,0.0,0.0,0.0,0.0,0.20661124331341701,FLAT,0.0,1,0.099167322703105,0.0010056938477183463,0.1589071748258967,LOADING,0.10670184325844045,0.03193966489357649,0.028468663203499552,0.0,0.0,0.2,0,ok,0.10385554232688769,0.05960404636328396,FLAT,0.0,-1,0.7389019371709205,0.05902920739537192,0.8406793034782006,UNLOADING,0.05827306931741072,0.015141580193670748,0.05189238498023928,0.0009155273436589617,0.0,0.6049996337890624,1,staged_v3,0.17568291436057934,2,1.0851569990001064,0.1767609674848157,2,1,0,0
v3_right_forearm_proxy:v3_left_forearm_proxy,34,0.0,0.0,0.0,0.0,0.23659120000941475,FLAT,0.0,1,0.08598330128323338,0.0010056938477183463,0.1440266696371536,LOADING,0.12586462608807258,0.03119563963413934,0.028468663203499552,0.0,0.0,0.2,0,ok,0.10385554232688769,0.04641967798194987,AIR,0.0,-1,0.9627647611593136,0.05902920739537192,0.7889814638848431,UNLOADING,0.04994834512920919,0.012556688214002881,0.05189238498023928,0.0,0.0,0.6049996337890624,1,staged_v3,0.19875107444142046,2,1.0626734198521965,0.2000265518243991,2,1,0,0
v3_right_forearm_proxy:v3_left_forearm_proxy,35,0.8376107037509024,0.20000000000000018,1.0,0.0,0.28650096113557455,FLAT,0.0,1,0.05429764284121029,0.004605935945225151,0.13469554514803506,SUPPORT,0.19069170087045806,0.027128841312176608,0.054154249991089476,0.1884955592153876,1.0,0.2,0,ok,0.06479277020728492,0.03615168156226501,AIR,0.0,-1,1.5871672202147094,0.05957205108780818,0.7220907078227414,UNLOADING,0.042812867253607875,0.006337216209670059,0.05476731918146702,-2.500000000000002,-0.0010000000000000009,0.6039996337890624,0,staged_v3,0.20608142529101028,2,1.0538471100215694,0.20803263638661273,2,1,0,0
v3_right_forearm_proxy:v3_left_forearm_proxy,36,0.581822047664248,0.40000000000000036,1.0000000000000002,0.0,0.33639442822375293,FLAT,0.0,1,0.056421445106864844,0.04073507576722287,0.12898744875638452,SUPPORT,0.24255336069636646,0.0,0.07346534242007757,0.18849555921538763,1.0000000000000002,0.2,0,ok,0.005560002527398913,0.02815495791004006,AIR,0.0,-1,1.7053915605994618,0.05054784716542558,0.6465171086918273,UNLOADING,0.03696192291784687,0.018054309754988382,0.03927154567960299,-2.500000000000002,-0.0020000000000000018,0.6019996337890624,0,staged_v3,0.22860221354050375,2,1.1041698118797025,0.18893803009840038,2,0,0,0
v3_torso_proxy:v3_left_hand_proxy,37,0.1683356329163898,0.6000000000000005,1.0000000000000002,0.0,0.3963878819240275,FLAT,0.0,1,0.04153113299974469,0.009242305749994163,0.12584738194678743,SUPPORT,0.2840426885570932,0.02205006334734521,0.061748054447883644,0.18849555921538763,1.0000000000000002,0.19420065512260515,0,ok,0.08235721843726232,0.021927103267681644,AIR,0.0,-1,1.93485595407216,0.06201658413162146,0.6062791349316119,UNLOADING,0.03289979999866964,0.008072679522784655,0.047241277223795945,-2.500000000000002,-0.0030000000000000027,0.5989996337890624,0,staged_v3,0.20078383817030146,2,1.1296132244630135,0.16448098571336167,2,0,0,0
v3_torso_proxy:v3_left_hand_proxy,38,0.11158154437832742,0.8000000000000007,1.0000000000000002,0.0,0.4390422933828147,FLAT,0.0,-1,0.045868231629846455,0.005337046681916408,0.1227180721212541,SUPPORT,0.3172341508456746,0.0257988569241463,0.05598102932774323,0.18849555921538763,1.0000000000000002,0.1742669334886248,0,ok,0.0,0.017076845195358025,AIR,0.0,-1,2.064319678687168,0.07349178573390051,0.5722879431869461,UNLOADING,0.028199828570288264,0.0,0.05513222173073319,-2.500000000000002,-0.0040000000000000036,0.5949996337890624,0,staged_v3,0.1620063931065333,2,1.1417892088314987,0.14822024421542138,2,0,0,0
v3_torso_proxy:v3_left_hand_proxy,39,0.3167405549482909,1.0000000000000009,0.4009039820355119,0.0,0.469058063175664,FLAT,0.0,-1,0.039920256981095394,0.012999528850225383,0.11923046615446059,SUPPORT,0.34378732067653966,0.01796199445749765,0.05721856682679374,0.07556862028545952,0.4009039820355119,0.16976071084452155,0,ok,0.0,0.013299460410533988,AIR,0.0,-1,2.1338411930629717,0.0717364887818419,0.5436108984611502,UNLOADING,0.025038385744206384,0.0010755975126965633,0.05110494741036095,-2.500000000000002,-0.0050000000000000044,0.5899996337890624,0,staged_v3,0.1400384285924736,2,1.146799851077599,0.14075307239881252,2,1,0,0
v3_torso_proxy:v3_left_hand_proxy,40,0.18218886005821924,1.0000000000000009,1.0000000000000002,0.015216194373612147,0.460462098040897,FLAT,0.0,-1,0.07179330070161631,0.022169973584244183,0.11442282652943761,SUPPORT,0.3650298565412317,0.008551167742227698,0.05843185224841625,0.18849555921538763,1.0000000000000002,0.15010804057240948,0,ok,0.0,0.010357630182151018,FLAT,0.0,-1,2.2048021847696435,0.07090009817704825,0.5208365743406105,UNLOADING,0.02217047314643298,0.003272082228297356,0.047769746488733174,0.0,-0.0050000000000000044,0.5849996337890624,0,staged_v3,0.13648021297182558,2,1.1486599251817002,0.13284729939409023,2,0,0,0
v3_torso_proxy:v3_left_hand_proxy,41,0.2859153386822132,1.0000000000000009,1.0000000000000002,0.01200951193353326,0.4482755571090168,FLAT,0.0,-1,0.07909512872200442,0.00419601321237205,0.10799746001102371,SUPPORT,0.38202388523298536,0.02620385978817914,0.04527264547262508,0.18849555921538763,1.0000000000000002,0.1332139943146244,0,ok,0.0,0.008066530496623231,FLAT,0.0,-1,2.1669772169550074,0.07106424752476698,0.5019655437383995,UNLOADING,0.019577178429771608,0.0010564349138723061,0.04904184227304767,0.0,-0.0050000000000000044,0.5799996337890624,0,staged_v3,0.1425181880428306,2,1.1480743585259958,0.13296827591257165,2,0,0,0
v3_torso_proxy:v3_left_hand_proxy,42,0.385441101607846,1.0000000000000009,1.0000000000000002,0.02399493515582665,0.41618472172695564,FLAT,0.0,-1,0.09251005592880683,0.00586262428139401,0.10023709882225681,SUPPORT,0.3956191081863883,0.024149230659718832,0.0414755684073082,0.18849555921538763,1.0000000000000002,0.12129170870739295,0,ok,0.0,0.006282220267439541,FLAT,0.0,-1,2.084329350224473,0.06187589498812495,0.48820840157197204,UNLOADING,0.0172397511615685,0.0048555297656110025,0.0445548903129876,0.0,-0.0050000000000000044,0.5749996337890624,0,staged_v3,0.11970440764129205,2,1.1438411278142708,0.12089200847872719,2,0,0,0
v3_torso_proxy:v3_left_hand_proxy,43,0.3734637872026074,1.0000000000000009,1.0000000000000002,0.02376359606997212,0.37206149677722344,FLAT,0.0,-1,0.10530725239694302,0.005559308224721283,0.0894225148671917,SUPPORT,0.40649528654911066,0.023911817518638304,0.03738502274944428,0.18849555921538763,1.0000000000000002,0.10905703988896065,0,ok,0.0,0.004892598063708965,FLAT,0.0,-1,1.205066987901831,0.05460551537093826,0.47332828760842155,UNLOADING,0.01514504285280976,0.0057019677871001165,0.042964446593320965,0.0,-0.0050000000000000044,0.5699996337890624,0,staged_v3,0.11385880880732908,2,1.1363099717896312,0.11274898279033638,2,0,0,0
v3_torso_proxy:v3_left_hand_proxy,44,0.33240186893403356,1.0000000000000009,1.0000000000000002,0.023735147289704748,0.3284391550745932,FLAT,0.0,-1,0.11610696849983417,0.005121427936850561,0.07573884178166397,SUPPORT,0.4151962292392885,0.023665514152232642,0.03328080696878948,0.18849555921538763,1.0000000000000002,0.0950180421272599,0,ok,0.0,0.003810359203270181,FLAT,0.0,-1,0.9633531947426432,0.030594061966649447,0.4383685795508835,LOADING,0.013287182081230364,0.021321362320969924,0.02559706665657425,0.0,-0.0050000000000000044,0.5649996337890624,0,staged_v3,0.1388730143577605,2,1.1295370918612482,0.1375392426664336,2,0,0,0
v3_torso_proxy:v3_left_hand_proxy,45,0.645636138301841,0.9298706054687411,0.8439597308008359,0.0378032863239112,0.32673102490956285,FLAT,0.0,-1,0.08230051814669564,0.05040626931135428,0.09218111285195332,SUPPORT,0.4221569833914308,0.0,0.060912197159885724,0.15908266141257155,0.8439597308008359,0.09148791288871103,0,ok,0.0,0.0029675107312901517,FLAT,0.0,-1,0.6977963392089236,0.005262190336913393,0.4133188541191387,LOADING,0.011637725011947035,0.04151409516755195,0.0041518475384049874,0.8766174316407471,-0.004649353027343706,0.5603502807617187,1,staged_v3,0.18055381939310008,2,1.1211911111929294,0.18157564314812802,2,1,0,0
v3_right_hand_proxy:v3_left_hand_proxy,46,0.2752519743952699,0.6375732421874947,0.6375732421875001,0.03683060615048341,0.36103753866671257,FLAT,0.0,-1,0.0599019301189219,0.03150922263629388,0.10444330238644792,SUPPORT,0.42772558671314465,0.0,0.04555875489881691,0.12017972482690059,0.6375732421875001,0.07633128965966093,0,ok,0.0,0.0023110996813015673,FLAT,0.0,-1,0.5661715075741852,0.0034470428567536003,0.4139782293863029,LOADING,0.010168672114140473,0.04225186861256155,0.007245203118306695,3.6537170410155806,-0.0031878662109374734,0.5571624145507812,1,staged_v3,0.18131881261443886,2,1.1037374535725422,0.18254763694755288,2,0,0,0
v3_right_hand_proxy:v3_left_hand_proxy,47,0.2708183552224221,0.7375732421874837,0.3022617178134479,0.030493947637613563,0.42645066696371325,FLAT,0.0,-1,0.03934740154274621,0.012798811481015152,0.11515498230834237,SUPPORT,0.43218046937051574,0.01795893763440197,0.034637637891293,0.05697499152864954,0.3022617178134479,0.058504878167439905,0,ok,0.0,0.06931407049110964,FLAT,0.0,-1,0.07540585798058055,0.0070536325061138945,0.44543686997640625,LOADING,0.015822743268557538,0.04021821099270642,0.011482142385079306,-1.2499999999998623,-0.0036878662109374183,0.5534745483398438,0,staged_v3,0.16865705214743829,2,1.089270604956797,0.1697284579152508,2,1,0,0
v3_right_hand_proxy:v3_left_hand_proxy,48,0.24371337890624986,0.22849914282558892,0.24371337890624994,0.03287440910943971,0.47695919575715084,FLAT,0.0,-1,0.04438566781545385,0.0030086157922161886,0.12371130811468405,SUPPORT,0.4357443754964126,0.028176949613518017,0.014847422590682741,0.04593888964520523,0.24371337890624994,0.052059338523345516,0,ok,0.0,0.053981852376342745,FLAT,0.0,-1,0.23897023655035765,0.015314019497789821,0.4955389799226789,UNLOADING,0.018104542677932673,0.034462929498344126,0.018400504403670873,6.363426242023684,-0.0011424957141279446,0.5523320526257158,1,staged_v3,0.24724905415047624,2,1.0799668610579838,0.15276630681824083,2,0,1,1
v3_right_hand_proxy:v3_left_hand_proxy,49,0.6164814094172302,0.4284991428255891,0.9999999868545721,0.023386589046662902,0.49375779533853564,FLAT,0.0,-1,0.05165847780418575,0.016905165436753335,0.12091078552528585,SUPPORT,0.4385955003971301,0.014140373839510958,0.032706996483899166,0.18849555673753282,0.9999999868545721,0.05103277304216708,0,ok,0.0,0.04204110890234071,FLAT,0.0,-1,0.30156765437671623,0.036343674848669655,0.5581636238470327,UNLOADING,0.018198692383718632,0.025781946340779675,0.027126234851571958,-2.500000000000002,-0.0021424957141279455,0.5501895569115879,0,staged_v3,0.11652536203978928,2,1.0008539442478914,0.11068808195407796,2,0,0,0
v3_right_hand_proxy:v3_left_hand_proxy,50,0.5467083147700699,0.22849914282558892,0.5930174441770173,0.10264971474542957,0.5258129089671373,FLAT,0.0,-1,0.04598595989885207,0.04651255388712569,0.1389299714129401,SUPPORT,0.4408764003177041,0.0023274949326909204,0.029619003637956085,0.11178115476462677,0.5930174441770173,0.05104025628414019,0,ok,0.0,0.03274164853433315,FLAT,0.0,-1,0.44982519433835405,0.0012288220554292637,0.6261871798992211,UNLOADING,0.017347343182239915,0.0550805369395318,0.024826369300923766,2.500000000000002,-0.0011424957141279446,0.5490470611974599,1,staged_v3,0.23328621692884777,2,0.893871287608806,0.23328621692884777,2,1,1,1
v3_right_hand_proxy:v3_left_hand_proxy,51,0.9999999999999997,0.02849914282558874,0.871326879413346,0.050910039052407166,0.5415021859712568,FLAT,0.0,-1,0.047804906090389364,0.02650507813787234,0.17177199199453272,SUPPORT,0.44270112025416325,0.0070835214618543,0.02660359450145479,0.16424124739441726,0.871326879413346,0.04430809317660972,0,ok,0.0,0.025499221517587375,FLAT,0.0,-1,0.42382865898205474,0.01517604155197512,0.6964818564061018,UNLOADING,0.0159747907816496,0.04464805126832998,0.043538116364862024,2.500000000000002,-0.0001424957141279437,0.548904565483332,0,staged_v3,0.18471365491223396,2,0.8424850876780985,0.18364486514508796,2,1,1,1
v3_right_hand_proxy:v3_left_hand_proxy,52,1.0000000000000007,0.17150085717441144,0.9999618028130424,0.10221294745834647,0.535864244850058,FLAT,0.0,-1,0.05041841241292196,0.04082017725847968,0.21433149352068967,SUPPORT,0.4441608962033306,0.0,0.08283870194226664,0.18848835921527157,0.9999618028130424,0.046731899770864616,0,ok,0.0,0.019858813685608264,FLAT,0.0,-1,0.61091292492097,0.0197953993096439,0.7704695713636689,UNLOADING,0.01434384952962347,0.04372807925853954,0.020407004094386144,2.500000000000002,0.0008575042858720572,0.549762069769204,0,staged_v3,0.16729235444087567,2,0.8758123974960504,0.16815522402188948,2,1,1,1
v3_torso_proxy:v3_right_forearm_proxy,53,0.9999999999999999,0.3715008571744116,1.0000000000000002,0.11253425387947052,0.5439013842071734,FLAT,0.0,-1,0.043438515042385294,0.001833186372651699,0.24448113137655253,UNLOADING,0.3807093396028548,0.03539087019617593,0.058377174865036845,0.18849555921538763,1.0000000000000002,0.09611087424696878,0,ok,0.0,0.015466059649220848,FLAT,0.0,-1,1.0154913786737998,0.03550376808185309,0.8266178313731829,UNLOADING,0.012677805162833492,0.05483340351196425,0.011497488056694902,2.500000000000002,0.001857504285872058,0.5516195740550761,0,staged_v3,0.15900955947643972,2,0.8133721295456945,0.1601743828764058,2,0,1,1
v3_torso_proxy:v3_right_forearm_proxy,54,0.6356811523437507,0.5715008571744118,0.6356811523437499,0.0647646781206284,0.5321361385478958,FLAT,0.0,-1,0.039142222053739247,0.03440205358807488,0.2664442334286512,UNLOADING,0.32632229108816124,0.017998230846343877,0.020323980825088687,0.11982307429371714,0.6356811523437499,0.09612862554180071,0,ok,0.0,0.012044979365842253,FLAT,0.0,-1,1.2934446379415505,0.002249383534808834,0.8364896210366239,UNLOADING,0.011148044302530838,0.06457509751702237,0.016778751632731723,2.500000000000002,0.002857504285872059,0.5544770783409482,1,staged_v3,0.27381404886498834,2,0.7608980889772275,0.27381404886498834,2,1,1,1
v3_torso_proxy:v3_right_forearm_proxy,55,0.09014892578125003,0.771500857174412,0.09014891675206291,0.059613122141850265,0.5488627267801671,FLAT,0.0,-1,0.01950022606197751,0.03774742966010027,0.2810624030844698,UNLOADING,0.2902342287779437,0.015829550300863183,0.02322356985336031,0.01699267047584152,0.09014891675206291,0.0950677164578867,0,ok,0.0,0.00938063936219686,AIR,0.0,-1,1.7439309902896427,0.001970226128654,0.8392337304337762,UNLOADING,0.009770908030227357,0.06499146039303483,0.01691943819916426,2.500000000000002,0.00385750428587206,0.5583345826268202,1,staged_v3,0.19110094982265588,2,0.8186701864911544,0.18663907409371308,2,1,1,1
v3_torso_proxy:v3_right_forearm_proxy,56,0.12274169921875014,0.9715008571744121,0.12274169921874986,0.020654748139371126,0.529855733000097,FLAT,0.0,-1,0.01868793105560835,0.03458472237047273,0.2708818195689122,SUPPORT,0.32218738302235495,0.011123239989954861,0.02742085098849075,0.023136265233285158,0.12274169921874986,0.09471549433899633,0,ok,0.0,0.007305649280989359,AIR,0.0,-1,1.7940584639580672,0.0018816380938945542,0.8066354150589221,UNLOADING,0.008576871717472534,0.06345013265905156,0.023611286693853963,2.500000000000002,0.004857504285872061,0.5631920869126923,1,staged_v3,0.17363987473163303,2,0.7772392085524132,0.1746253226233134,2,1,1,1
v3_torso_proxy:v3_right_forearm_proxy,57,0.20935058593749994,1.0000000000000009,0.20935044212798892,0.03570707583380701,0.51803492377895,FLAT,0.0,-1,0.01022110210919269,0.029483462294508267,0.24322772091223244,SUPPORT,0.34774990641788395,0.007677923751103356,0.03195101740308986,0.039461628660903914,0.20935044212798892,0.09372602947039968,0,ok,0.0,0.005689645380879559,AIR,0.0,-1,1.8119343088330158,0.0008156680772529049,0.7717224684274763,UNLOADING,0.007537149786843629,0.06277045534412092,0.031712942499902474,0.35623928531985927,0.0050000000000000044,0.5681920869126923,1,staged_v3,0.1912288989952231,2,0.7760103668168047,0.1891103703335844,2,1,1,1
v3_torso_proxy:v3_right_forearm_proxy,58,0.11676025390625024,1.0000000000000009,0.11676025390625012,0.06196940366682559,0.49639048585450324,FLAT,0.0,-1,0.0162104614185436,0.031449689453274234,0.2045058013894296,SUPPORT,0.36819992513430716,0.00377560061619725,0.04044537010807851,0.022008789354189262,0.11676025390625012,0.0937259941344005,0,ok,0.0,0.004431100278027602,AIR,0.0,-1,1.8165353542943155,0.0013274554665702399,0.7250693017103501,UNLOADING,0.006634449173527338,0.05992600961894727,0.02757807729455652,0.0,0.0050000000000000044,0.5731920869126923,1,staged_v3,0.117684563384976,2,0.7844358544087486,0.117684563384976,2,1,1,1
v3_torso_proxy:v3_right_forearm_proxy,59,0.14221191406250017,1.0000000000000009,0.14221181170598418,0.12424293363443449,0.4558807789426602,FLAT,0.0,-1,0.02162785028960534,0.03221482734844541,0.16065246725234378,SUPPORT,0.3845599401074457,0.0008177960141717774,0.050721336577090964,0.02680629497455289,0.14221181170598418,0.09408821962005016,0,ok,0.0,0.0034509443663958165,AIR,0.0,-1,1.686133428336135,0.0013522216971625966,0.673417859842711,UNLOADING,0.005847673119700759,0.05731867129497295,0.02809434957729624,0.0,0.0050000000000000044,0.5781920869126923,1,staged_v3,0.1483530920606868,2,0.7764962543420668,0.13470907419633274,2,1,1,1
v3_torso_proxy:v3_right_forearm_proxy,60,0.9822387695312497,1.0000000000000009,0.7683346161102816,0.11619284604193146,0.45938688848567166,FLAT,0.0,-1,0.042493144692001765,0.0013358360960404716,0.13882737044953572,SUPPORT,0.39764795208595655,0.030605532426436318,0.03900573328149545,0.14482766312824769,0.7683346161102816,0.09408828263715649,0,ok,0.0,0.002687598174884915,AIR,0.0,-1,1.6685848475481313,0.008938319496390925,0.6181849973308663,UNLOADING,0.0051588862889316855,0.04697093037015239,0.029211695443275024,0.0,0.0050000000000000044,0.5831920869126923,1,staged_v3,0.19510658461093616,2,0.8193362832282034,0.19510658461093616,2,1,0,0
v3_torso_proxy:v3_right_forearm_proxy,61,0.26538085937500033,1.0000000000000009,0.2653808593749999,0.1264797672823283,0.45113552540781887,FLAT,0.0,-1,0.05118249745430584,0.020949489686120922,0.1264364770908031,SUPPORT,0.40811836166876525,0.010372334168419237,0.04120950127761214,0.050023113492950744,0.2653808593749999,0.0904429930928748,0,ok,0.0,0.0020931035631816504,AIR,0.0,-1,1.4124634967352416,0.0060277341884195645,0.5603859347911131,UNLOADING,0.004553353642843372,0.046991562551136096,0.03165899662258084,0.0,0.0050000000000000044,0.5881920869126923,1,staged_v3,0.30958132140387334,2,0.9722342816591257,0.27771771596907896,2,0,1,1
v3_torso_proxy:v3_right_forearm_proxy,62,0.09265394350181583,1.0000000000000009,0.2956542968750001,0.20965638642823078,0.445518182047811,FLAT,0.0,-1,0.05418253718244407,0.029365106733927122,0.1505664939669862,SUPPORT,0.4164946893350122,0.003163217964422191,0.052775907081750145,0.05572952202388537,0.2956542968750001,0.09201832486421219,0,ok,0.0,0.001630110694055417,AIR,0.0,-1,1.2160870885005446,0.006220743978560091,0.5079823134362262,UNLOADING,0.004017452164227464,0.04417837169325123,0.023786223036205145,0.0,0.0050000000000000044,0.5931920869126923,1,staged_v3,0.25821372106980167,2,0.9348821310489046,0.2436407675111557,2,0,1,1
v3_torso_proxy:v3_right_forearm_proxy,63,0.7921812611843154,1.0000000000000009,0.581496716106821,0.11960117903923347,0.45429976148719753,FLAT,0.0,-1,0.0423541668557064,0.005136774317033949,0.17867298012937752,SUPPORT,0.42319575146800975,0.02879687468943493,0.028474393762861726,0.1096095486844667,0.581496716106821,0.0920185262914063,0,ok,0.0,0.00126953148502343,AIR,0.0,-1,0.877007950046308,0.02519030364369053,0.4866952604401779,UNLOADING,0.0035366242162353898,0.02414445937831837,0.040945671493311145,0.0,0.0050000000000000044,0.5981920869126923,0,staged_v3,0.30575684650209645,2,1.0008174083627295,0.30575684650209645,2,1,0,0
v3_torso_proxy:v3_right_forearm_proxy,64,0.19052048606252683,1.0000000000000009,0.6398720188595999,0.1172417860385723,0.4628085253973181,FLAT,0.0,-1,0.046516349760499516,0.006449397581701027,0.21038450551129026,UNLOADING,0.36273921554400834,0.02906982769386349,0.0304908374298414,0.12061303402121931,0.6398720188595999,0.09895509166500929,0,ok,0.0,0.000988712114670051,AIR,0.0,-1,0.5953023643225084,0.015874612358535614,0.4496982606271386,UNLOADING,0.0031091193276934696,0.03161030067282132,0.0251605197895046,0.0,0.0050000000000000044,0.6031920869126923,0,staged_v3,0.32640747391480757,2,1.0228699895651976,0.32755251339203045,2,1,1,1
v3_torso_proxy:v3_right_forearm_proxy,65,0.24566650390625,0.8000000000000007,0.14516711389379727,0.1281628896882735,0.4417743502950577,FLAT,0.0,-1,0.06791366691146382,0.024769560909242417,0.2641699484755277,UNLOADING,0.31091932760915003,0.013438936514533973,0.04804250560527698,0.02736335631309518,0.14516711389379727,0.10269307604465625,0,ok,0.0,0.0007700097691372203,FLAT,0.0,-1,0.24418547766764573,0.004694984930670634,0.39972769614534914,LOADING,0.002730990214895915,0.04029139987659683,0.013575027074062522,-2.500000000000002,0.0040000000000000036,0.6071920869126923,1,staged_v3,0.3083761070496838,2,1.0185215451426926,0.30758684516921286,2,1,1,1
v3_torso_proxy:v3_right_forearm_proxy,66,0.6130392996687235,0.6000000000000005,0.6925270690979634,0.07752058996877548,0.39496748733587234,FLAT,0.0,-1,0.09953707883258481,0.0035903275545885434,0.37273437942218657,UNLOADING,0.2665022808078429,0.040046391416520784,0.035694048496996686,0.13053827716141397,0.6925270690979634,0.10269413329379423,0,ok,0.0,0.0005996842111766988,FLAT,0.0,-1,0.25181916237626306,0.005872273355517661,0.35995459756570947,LOADING,0.0023956809159502244,0.03712545652276781,0.03636382374594656,-2.500000000000002,0.0030000000000000027,0.6101920869126923,0,staged_v3,0.28977016177575293,2,1.0986500542713438,0.28977016177575293,2,1,0,0
v3_torso_proxy:v3_right_forearm_proxy,67,0.7648587052929017,0.8000000000000007,0.9616088867187502,0.22457060166822465,0.30760098842492256,FLAT,0.0,-1,0.1605447034786103,0.0850220731557223,0.49322067452740587,UNLOADING,0.23044314554691298,0.0,0.10413704805731691,0.18125900484853713,0.9616088867187502,0.10269408870645508,0,ok,0.0,0.00046703453325997075,FLAT,0.0,-1,0.20122644416050894,0.012060808890841128,0.32316312583044926,LOADING,0.0020985988127603227,0.03921261763358554,0.0019455386579369143,2.500000000000002,0.0040000000000000036,0.6141920869126923,1,staged_v3,0.22765801240688976,2,1.129493217802868,0.22765801240688976,2,1,1,1
v3_torso_proxy:v3_right_hand_proxy,68,0.9999999999999996,1.0000000000000009,1.0000000000000002,0.09139152681112862,0.23955989065886785,FLAT,0.0,-1,0.17335260840665873,0.027980524342163603,0.6312318935081902,UNLOADING,0.19752269618306828,0.02858107033324591,0.05735748852028752,0.18849555921538763,1.0000000000000002,0.13752236198300705,0,ok,0.0,0.003683662523491275,FLAT,0.0,-1,0.140246085279964,0.006365501683841944,0.2908437302983985,LOADING,0.0022013375250079905,0.03317668483107798,0.02733357808826865,2.500000000000002,0.0050000000000000044,0.6191920869126923,0,staged_v3,0.21997382968668483,2,1.0220191737598925,0.21506893117642495,2,0,0,0
v3_torso_proxy:v3_right_hand_proxy,69,0.6633575105796896,0.8000000000000007,1.0000000000000002,0.036788862988623015,0.18656943043762642,FLAT,0.0,-1,0.16169438157898136,0.013318584505860306,0.7357661053576088,UNLOADING,0.16930516815691568,0.048469720762020135,0.0570977643505641,0.18849555921538763,1.0000000000000002,0.17011787556202776,0,ok,0.0,0.051491391378587145,FLAT,0.0,-1,0.04149381605456869,0.015914761004609475,0.2611831101234392,LOADING,0.009369611946755294,0.022144394501562487,0.05155966152457888,-2.500000000000002,0.0040000000000000036,0.6231920869126923,0,staged_v3,0.2354483086493578,2,0.9242342245639359,0.19079817748449815,2,0,0,0
v3_torso_proxy:v3_right_hand_proxy,70,0.17088495854067126,0.6000000000000005,1.0000000000000002,0.03153067160495134,0.17222747160221513,FLAT,0.0,-1,0.12105172017461724,0.024337446690354286,0.8106681411738709,UNLOADING,0.14782962414959366,0.04119596036833925,0.06444496854565634,0.18849555921538763,1.0000000000000002,0.19672047622383945,0,ok,0.0,0.04789404218519254,FLAT,0.0,-1,0.13195541963865987,0.014265913160266389,0.23432689781234708,LOADING,0.014829925528652773,0.022450431730350967,0.04912279102684771,-2.500000000000002,0.0030000000000000027,0.6261920869126923,0,staged_v3,0.18018193217670156,2,0.990601204993891,0.17873983688272718,2,0,0,0
v3_right_forearm_proxy:v3_left_forearm_proxy,71,0.22973412131802481,0.40000000000000036,1.0000000000000002,0.024843990288918014,0.14506983177043634,FLAT,0.0,-1,0.13579092298899645,0.03549322079124856,0.8643377950619421,UNLOADING,0.128600100589035,0.03272366896184856,0.07093784983430518,0.18849555921538763,1.0000000000000002,0.2,0,ok,0.0,0.06119258537950987,FLAT,0.0,-1,0.10056601957708197,0.012321007567295272,0.2132861968298954,LOADING,0.02149215073686733,0.023343302274199503,0.04793276323023539,-2.500000000000002,0.0020000000000000018,0.6281920869126923,0,staged_v3,0.17184893683827507,2,1.0479600092061037,0.1723291497132246,2,0,0,0
v3_right_forearm_proxy:v3_left_forearm_proxy,72,0.43698356288820445,0.20000000000000018,0.48708848333726784,0.017757817069930515,0.11298049858285279,FLAT,0.0,-1,0.1847684096977996,0.04562940726991046,0.9027937825004033,UNLOADING,0.11145433659233477,0.024510281855109707,0.07459690751282547,0.0918140160540333,0.48708848333726784,0.2,0,ok,0.0,0.06889457347660728,FLAT,0.0,-1,0.1078053458085738,0.010260880150954409,0.1970608773490558,LOADING,0.028257350266037477,0.02459216371649838,0.04734849074772422,-2.500000000000002,0.0010000000000000009,0.6291920869126923,0,staged_v3,0.16597541450049974,2,1.0560443319640116,0.16690059688088565,2,1,0,0
v3_right_forearm_proxy:v3_left_forearm_proxy,73,0.16771715256634134,0.0,0.3800037004204475,0.011241413781687845,0.0879893007681235,FLAT,0.0,-1,0.24410080112250357,0.058654366875606254,0.9277021959120204,UNLOADING,0.09633337010046782,0.012730742919994778,0.07958025695933545,0.07162901001466887,0.3800037004204475,0.2,0,ok,0.0,0.08534286166564636,FLAT,0.0,-1,0.09963544466051463,0.011545219721737342,0.18545073362230327,LOADING,0.03650907328489508,0.02272731695937782,0.0485970052293348,-2.500000000000002,0.0,0.6291920869126923,0,staged_v3,0.16028918846577186,2,1.066058175625263,0.1612865470400867,2,1,0,0
v3_right_forearm_proxy:v3_left_forearm_proxy,74,0.20316105039452143,0.20000000000000018,0.39941053186406944,0.009212141816144472,0.06852613634011995,FLAT,0.0,-1,0.35035459845511935,0.06361770404939066,0.9038712120950034,UNLOADING,0.08346612223113554,0.006575856555359527,0.07549272981856806,0.07528711156023316,0.39941053186406944,0.2,0,ok,0.0,0.10025623322465092,FLAT,0.0,-1,0.1073148711710179,0.013853581681807663,0.17738402576507772,LOADING,0.045701734421360024,0.020015619606446225,0.050051625022152074,-2.500000000000002,-0.0010000000000000009,0.6281920869126923,0,staged_v3,0.1510496097827401,2,1.0746960787742985,0.15302958990613807,2,1,0,0
v3_right_forearm_proxy:v3_left_forearm_proxy,75,0.13454464135986752,0.40000000000000036,0.5001744165979215,0.020379486541832227,0.05336820864254327,FLAT,0.0,-1,0.6228966143776146,0.07134182003075695,0.8582287649089659,UNLOADING,0.07258718383121193,0.0,0.08063186056581581,0.09428065636185545,0.5001744165979215,0.2,0,ok,0.0,0.10979462955751304,FLAT,0.0,-1,0.10287007095704989,0.013455904044519892,0.17706710694695296,LOADING,0.05463210996577838,0.02039745130282776,0.04972477341043117,-2.500000000000002,-0.0020000000000000018,0.6261920869126923,0,staged_v3,0.1386857188601517,2,1.0888563590288967,0.14047836516219375,2,1,0,0
v3_right_forearm_proxy:v3_left_forearm_proxy,76,0.1697010557122137,0.6000000000000005,0.34971283405183495,0.04019409563046852,0.04156320268193082,AIR,0.0,-1,0.8398562921893006,0.06915642145426003,0.8055273539176904,UNLOADING,0.06319554460938213,0.0,0.07621258793813279,0.06591931621939867,0.34971283405183495,0.2,0,ok,0.0,0.13006335137269417,FLAT,0.0,-1,0.0919048267638773,0.013722093391045395,0.18064342618797946,LOADING,0.06501934036447063,0.020310077918353583,0.05028957605508354,-2.500000000000002,-0.0030000000000000027,0.6231920869126923,0,staged_v3,0.12443485553808045,2,1.1014533968047318,0.1257595536016144,2,1,0,0
v3_torso_proxy:v3_right_hand_proxy,77,0.120233302068728,0.8000000000000007,0.4538382849039306,0.06358724416085888,0.03236945479564324,AIR,0.0,-1,1.1029092676950305,0.07489703237587778,0.7573236876128295,UNLOADING,0.05475565700468789,0.0,0.07776083054308296,0.0855465013063188,0.4538382849039306,0.1988388484967317,0,ok,0.0,0.1542937289507578,FLAT,0.0,-1,0.08525569640074188,0.011902940230793916,0.1857665341013273,LOADING,0.07714169582957768,0.02238538647427245,0.049549844827285985,-2.500000000000002,-0.0040000000000000036,0.6191920869126923,0,staged_v3,0.11460292686299973,2,1.118128707023537,0.11584950122430296,2,1,0,0
v3_torso_proxy:v3_right_hand_proxy,78,0.11594149568003248,1.0000000000000009,0.50011008270881,0.09195361480657206,0.025209356742441395,AIR,0.0,-1,1.33423637742533,0.07942258923274112,0.6928644236132939,UNLOADING,0.047152899890865005,0.0,0.07588279147050628,0.09426852970945088,0.50011008270881,0.19146565650394343,0,ok,0.0,0.1776678296566173,FLAT,0.0,-1,0.07429359792626285,0.009387815099789292,0.18771536631628596,LOADING,0.09057672624966331,0.02499795321602501,0.04763485532013701,-2.500000000000002,-0.0050000000000000044,0.6141920869126923,0,staged_v3,0.11025518346622841,2,1.1263553056352547,0.11082619436768705,2,1,0,0
v3_torso_proxy:v3_right_hand_proxy,79,0.13267149954442398,1.0000000000000009,1.0000000000000002,0.12253982968827598,0.01963306677173976,AIR,0.0,-1,1.4577412241799104,0.08632638875805798,0.6360844505681444,UNLOADING,0.04041677133502715,0.0,0.07496843884778526,0.18849555921538763,1.0000000000000002,0.1737011856488263,0,ok,0.0,0.19741247311396415,FLAT,0.0,-1,0.0791945598538103,0.0071601506251414565,0.18678157725228373,LOADING,0.10456927300302343,0.027178928237472734,0.04567547751253012,0.0,-0.0050000000000000044,0.6091920869126923,0,staged_v3,0.10809793451048498,2,1.1179193071570748,0.10778817118048528,2,0,0,0
v3_torso_proxy:v3_left_hand_proxy,80,0.2129906218646136,1.0000000000000009,1.0000000000000002,0.15439514198557905,0.015290247775924104,AIR,0.0,-1,1.6601489846807513,0.08768883573270375,0.5864264969845648,UNLOADING,0.0346429468585947,0.0,0.06715811316533618,0.18849555921538763,1.0000000000000002,0.14381762690663993,0,ok,0.0,0.2040427450036695,FLAT,0.0,-1,0.0902926249187868,0.007760921622436474,0.18217965121718246,LOADING,0.11702948017951964,0.02634806093842265,0.04556072797117408,0.0,-0.0050000000000000044,0.6041920869126923,0,staged_v3,0.11633089493056445,2,1.102777574369686,0.10465330252212628,2,0,0,0
v3_torso_proxy:v3_left_hand_proxy,81,0.2146980112359406,1.0000000000000009,1.0000000000000002,0.0,0.0119080569412455,AIR,0.0,-1,1.7003877203231783,0.08699752686196713,0.543914142310229,UNLOADING,0.029693954450224033,0.0,0.0579898165832062,0.18849555921538763,1.0000000000000002,0.1178577990592998,0,ok,0.0,0.1994590558518401,FLAT,0.0,-1,0.10608186459187517,0.008835068805394437,0.17432852006197047,LOADING,0.1265611149100619,0.024881357197704092,0.04548972000455379,0.0,-0.0050000000000000044,0.5991920869126923,0,staged_v3,0.10520824347621995,2,1.084883952376705,0.10193597181423458,2,0,0,0
v3_torso_proxy:v3_left_forearm_proxy,82,0.2319906491274964,1.0000000000000009,1.0,0.0,0.009274004070700875,AIR,0.0,-1,1.7629530369965596,0.08661541318190316,0.510381778080515,UNLOADING,0.026100635440644976,0.0,0.05058323541975505,0.1884955592153876,1.0,0.09734516579753688,0,ok,0.0,0.16739091771653508,FLAT,0.0,-1,0.13664653051454712,0.011017692768076737,0.16372916860066367,LOADING,0.12924572031355044,0.022168765661956448,0.04563597703483031,0.0,-0.0050000000000000044,0.5941920869126923,0,staged_v3,0.10288021941402137,2,1.070216991193643,0.10172788668033159,2,0,0,0
v3_right_hand_proxy:v3_left_hand_proxy,83,0.28083571988500167,1.0000000000000009,0.9454016600102446,0.0,0.007222601632469238,FLAT,0.0,-1,1.2637339232719322,0.07558029598195437,0.4831415528175853,UNLOADING,0.02290526790117787,0.0009092498468963525,0.048247827793982914,0.1782040145867868,0.9454016600102446,0.040167278834429845,0,ok,0.0,0.1303641777966786,FLAT,0.0,-1,0.1612505957809129,0.013288614763305614,0.1473802506882633,LOADING,0.12666077063907677,0.019080397771107555,0.04532969301578139,0.0,-0.0050000000000000044,0.5891920869126923,0,staged_v3,0.10819688094654502,2,1.0619334690109217,0.10598098995887784,2,0,0,0
v3_right_hand_proxy:v3_left_hand_proxy,84,0.2613673177927213,1.0000000000000009,0.6978775977433015,0.0,0.00562496780717985,FLAT,0.0,-1,1.1007160361048147,0.06395942964517669,0.4454000913322138,UNLOADING,0.0200787448627412,0.0,0.054106546442823415,0.13154682805051493,0.6978775977433015,0.01722819268832665,0,ok,0.0,0.10152772375251315,FLAT,0.0,-1,0.18044954908490002,0.014012759223094036,0.12587780017152275,LOADING,0.1212446087235122,0.0172811307854821,0.04317294434314553,0.0,-0.0050000000000000044,0.5841920869126923,0,staged_v3,0.10974059458962299,2,1.070038090299789,0.11152899518479374,2,1,0,0
v3_right_hand_proxy:v3_left_hand_proxy,85,0.05969243705007427,1.0000000000000009,0.20621943701813555,0.0,0.00438072933298311,FLAT,0.0,-1,0.5363684258149967,0.05878355533380519,0.41835715247113037,UNLOADING,0.017574355579990965,0.0,0.05066945167986665,0.038871448101815864,0.20621943701813555,0.00999052672117863,0,ok,0.0,0.08675059563074093,FLAT,0.0,-1,0.14305097352521287,0.010291089062779014,0.1271976935317649,LOADING,0.11474053889929672,0.021068795613809234,0.03646547349435259,0.0,-0.0050000000000000044,0.5791920869126923,1,staged_v3,0.1226189294929374,2,1.0621918739426535,0.1223660552309424,2,0,1,1
v3_right_hand_proxy:v3_left_hand_proxy,86,0.0,1.0000000000000009,0.0,0.0,0.003411715434951119,FLAT,0.0,-1,0.5154654771194488,0.05378355533380508,0.41827209093165013,LOADING,0.01534726050946516,0.00024415286671597425,0.04566945167986654,0.0,0.0,0.00999052672117863,0,ok,0.0,0.11314136942915447,FLAT,0.0,-1,0.11419207839494419,0.005291089062779011,0.1426318702195814,LOADING,0.11220671967200713,0.02684050444820006,0.03146547349435259,0.0,-0.0050000000000000044,0.5741920869126923,1,staged_v3,0.14090703864272594,2,1.058790319227262,0.13858607821737165,2,0,1,1
v3_right_hand_proxy:v3_left_hand_proxy,87,0.0,0.0,0.0,0.0,0.00265704665235673,FLAT,0.0,-1,0.2211274458777051,0.05378355533380508,0.45644554915550395,LOADING,0.013361116084397277,0.002152825777908665,0.04566945167986654,0.0,0.0,0.00999052672117863,0,ok,0.0,0.19411008284890496,FLAT,0.0,-1,0.06519852408430464,0.005291089062779011,0.20717507212873015,LOADING,0.12054443822435956,0.030067664543657502,0.03146547349435259,12.50000000000001,0.0,0.5741920869126923,1,staged_v3,0.14961747533071337,2,1.0466064540966118,0.14733855003719964,2,0,1,1
v3_right_hand_proxy:v3_left_hand_proxy,88,0.7271520449081845,0.20000000000000018,0.9024180762198045,0.0,0.03242649307755174,FLAT,0.0,-1,0.09055785849270259,0.01756369173051167,0.5179159288080257,LOADING,0.013815352026978724,0.03333210470988962,0.03789258414094207,0.17010179992312632,0.9024180762198045,0.018653619620067008,0,ok,0.0,0.34199848172011305,FLAT,0.0,-1,0.01429385469571927,0.01903287075951926,0.2749809484793635,SUPPORT,0.18643555057948766,0.019716176664448914,0.03745570673248753,-2.500000000000002,-0.0010000000000000009,0.5731920869126923,0,staged_v3,0.13827850955863077,2,1.0234561474512354,0.1364723034859226,2,0,0,0
v3_right_hand_proxy:v3_left_hand_proxy,89,0.23342815418976526,0.40000000000000036,0.9999999999999999,0.0,0.025253778201056783,FLAT,0.0,-1,0.20611894835952546,0.043041881064536526,0.5952130752243292,UNLOADING,0.013302073054120712,0.011718772696679938,0.05581534856331072,0.18849555921538758,0.9999999999999999,0.052713871130345646,0,ok,0.0,0.4591657888225327,FLAT,0.0,-1,0.015596209301347003,0.01422340249804159,0.3462005801388373,SUPPORT,0.23914844046359013,0.028086626508900273,0.03218707689381393,-2.500000000000002,-0.0020000000000000018,0.5711920869126923,0,staged_v3,0.18158471201542092,2,1.0052068729835653,0.14564983265156226,2,0,0,0
v3_torso_proxy:v3_left_hand_proxy,90,0.1765198687984982,0.6000000000000005,0.5004647063282642,0.0,0.019667662238494598,FLAT,0.0,-1,0.31960319859624176,0.04968397635501845,0.6791392893108805,UNLOADING,0.01230328834402303,0.009272988110525578,0.05858199939704504,0.09433537468691089,0.5004647063282642,0.0754719165707987,0,ok,0.0,0.5095260026492042,FLAT,0.0,-1,0.025925224412634302,0.009402281259009139,0.389661142858167,SUPPORT,0.2813187523708721,0.03508077588389921,0.026516634169302833,-2.500000000000002,-0.0030000000000000027,0.5681920869126923,0,staged_v3,0.11102601987109595,2,0.9561706854437787,0.10788141858362023,2,1,0,0
v3_torso_proxy:v3_left_hand_proxy,91,0.2143627053581469,0.8000000000000007,0.5677140036072779,0.0,0.015317190752523493,FLAT,0.0,-1,0.389212957943437,0.05433489409621643,0.7414645219027113,UNLOADING,0.011111395328349887,0.007738331998919136,0.05977403107553289,0.10701156858436041,0.5677140036072779,0.0754772060107503,0,ok,0.0,0.5234173481794477,FLAT,0.0,-1,0.03453524280638936,0.0085198227517851,0.44058702124422,SUPPORT,0.3150550018966977,0.03850952831042591,0.023325055195798187,-2.500000000000002,-0.0040000000000000036,0.5641920869126923,0,staged_v3,0.09817964628666666,2,0.891757548935181,0.09817964628666666,2,1,0,0
v3_torso_proxy:v3_left_hand_proxy,92,0.0912588505546363,1.0000000000000009,0.7357258722253187,0.0,0.011929040152519377,FLAT,0.0,-1,0.6479974966297484,0.046324438367188345,0.786546719073898,UNLOADING,0.009887809246993399,0.01994485179050738,0.04438248416318752,0.13868105971434025,0.7357258722253187,0.07547702509688718,0,ok,0.0,0.4848363802087881,FLAT,0.0,-1,0.06086455050002944,0.015701964337387644,0.47825475001387713,UNLOADING,0.30618444139636963,0.033210773163306215,0.02897163612075084,-2.500000000000002,-0.0050000000000000044,0.5591920869126923,0,staged_v3,0.10010993525714837,2,0.8694333596283841,0.10010993525714837,2,1,0,0
v3_torso_proxy:v3_left_hand_proxy,93,0.11126017003468233,0.8000000000000007,0.30663514006536846,0.0,0.009290345812072323,FLAT,0.0,-1,0.8961512707905553,0.03022319268254913,0.7495262455142179,UNLOADING,0.008807691896854488,0.032253119593161766,0.03158227147544023,0.057799362201710336,0.30663514006536846,0.0754770242540141,0,ok,0.0,0.44549683273677904,FLAT,0.0,-1,0.056245053913953826,0.0028383781253371017,0.5045827465639304,UNLOADING,0.293973352238163,0.04739075920285942,0.015664817503983484,2.500000000000002,-0.0040000000000000036,0.5551920869126923,0,staged_v3,0.10232160649578954,2,0.8798663715510256,0.10232160649578954,2,1,0,0
v3_torso_proxy:v3_left_hand_proxy,94,0.3426513671874999,0.20559082031250675,0.34265136718750017,0.0,0.007235328593446072,FLAT,0.0,-1,1.0771863135321424,0.0033453204180389573,0.6742370302928434,UNLOADING,0.007886164787219289,0.055366531096603215,0.033937676893683585,0.06458826107392496,0.34265136718750017,0.07547702425714643,0,ok,0.0,0.37790569183429484,FLAT,0.0,-1,0.08426181382265775,0.025783569666059755,0.5219263501954392,UNLOADING,0.2777866952580167,0.03485250953258741,0.016243807977184554,7.4301147460936745,-0.0010279541015625338,0.5541641328111298,1,staged_v3,0.2438577682704228,2,0.8748407841085681,0.2438577682704228,2,1,1,1
v3_torso_proxy:v3_left_hand_proxy,95,0.0,0.0,0.0,0.0,0.005634879574354728,AIR,0.0,-1,1.3298708956026752,0.0033453204180389573,0.5904250896644619,UNLOADING,0.0070892705742476615,0.05117593406518414,0.033937676893683585,0.0,0.0,0.07547702425714643,0,ok,0.0,0.3415064921532939,FLAT,0.0,-1,0.05679194432305685,0.025783569666059755,0.513748886058682,UNLOADING,0.2618254405394045,0.034443636325749545,0.016243807977184554,2.5698852539063344,0.0,0.5541641328111298,1,staged_v3,0.21334040233574583,2,0.8345049875473146,0.14718241086554895,2,0,1,1
v3_torso_proxy:v3_left_hand_proxy,96,0.03472900390625008,0.20000000000000018,0.03472900390625008,0.0,0.004388448625020526,AIR,0.0,-1,1.3811951126896704,0.0031249236884055122,0.5121482228268759,UNLOADING,0.006382362272319312,0.04748248745293828,0.034488840243104,0.006546263012301989,0.03472900390625008,0.07569845541136082,0,ok,0.0,0.28782155084959826,FLAT,0.0,-1,0.09126881747372545,0.02834307957430621,0.48543252335321335,UNLOADING,0.2455794646259528,0.03195883356588074,0.017312792601779935,2.500000000000002,0.0010000000000000009,0.5551641328111298,1,staged_v3,0.24027753829652718,2,0.8458486941371446,0.19946491802108868,2,0,1,1
v3_torso_proxy:v3_left_forearm_proxy,97,1.0000000000000002,0.40000000000000036,1.0000000000000002,0.0,0.0034177272256346158,AIR,0.0,-1,1.422187769949315,0.022425396795393914,0.4378374096667311,UNLOADING,0.005745070289161595,0.024466473687942646,0.11815141276089822,0.18849555921538763,1.0000000000000002,0.07285023128074103,0,ok,0.0,0.24831460830625518,FLAT,0.0,-1,0.08293593017922667,0.021666357426123977,0.4434724508035589,LOADING,0.23023867259229588,0.04106101181796939,0.006112610722208561,2.500000000000002,0.0020000000000000018,0.5571641328111298,0,staged_v3,0.2342629621637111,2,0.8829360250018784,0.21993239959736438,2,0,1,1
v3_right_hand_proxy:v3_left_hand_proxy,98,0.2442016601562501,0.6000000000000005,0.24420166015625006,0.0,0.002661728639648699,AIR,0.0,-1,1.4134011508238005,0.029448313988164387,0.4129382542659097,UNLOADING,0.005147574399547452,0.016198598725131103,0.12882816352012144,0.04603092849247839,0.24420166015625006,0.06754387921917035,0,ok,0.0,0.22195053400675874,FLAT,0.0,-1,0.08474124975098155,0.0009605589375459274,0.39208613295102845,LOADING,0.21662269185362976,0.043643747710005495,0.00990610685161192,2.500000000000002,0.0030000000000000027,0.5601641328111298,1,staged_v3,0.3265666191359773,2,1.01619440738119,0.30128670387986245,2,0,1,1
v3_right_hand_proxy:v3_left_hand_proxy,99,0.47198486328125,0.8000000000000007,0.42959307306324834,0.0,0.002072956348881992,AIR,0.0,-1,1.392500858391607,0.004481404580767411,0.39509722981437867,UNLOADING,0.004591340490742471,0.04027345690995153,0.10404962499228809,0.08097638654211387,0.42959307306324834,0.06573731318521922,0,ok,0.0,0.19568917881643252,FLAT,0.0,-1,0.08342726904065649,0.03205090055219506,0.33344480824156736,LOADING,0.2043105413189737,0.037324770247252406,0.004347470164825962,2.500000000000002,0.0040000000000000036,0.5641641328111298,1,staged_v3,0.19493636354427624,2,1.0234178737078685,0.19633837067330173,2,1,1,1
v3_right_hand_proxy:v3_left_hand_proxy,100,0.3547401133199979,1.0000000000000009,0.5282592773437503,0.0,0.0016144200277821356,AIR,0.0,-1,1.2802265743721488,0.0404501086433711,0.3823135771821441,UNLOADING,0.004077892610905868,0.0036655702157361095,0.11563407877437584,0.09957452789362675,0.5282592773437503,0.06573699211204465,0,ok,0.0,0.20658653613785405,FLAT,0.0,-1,0.048187605643562934,0.003535943713476164,0.2719375293678233,LOADING,0.19661016454481595,0.035060932754915,0.006471857493730217,2.500000000000002,0.0050000000000000044,0.5691641328111298,1,staged_v3,0.16913693395613372,2,1.1265219476904436,0.16913693395613372,2,1,1,1
v3_torso_proxy:v3_left_forearm_proxy,101,0.12005615234374994,1.0000000000000009,0.12005615234374997,0.0,0.0012573115818428865,AIR,0.0,-1,1.163011528874326,0.04282837713317411,0.3745708159835432,UNLOADING,0.0036076735745888067,0.0009001636660030538,0.11999473869360017,0.02263005157328292,0.12005615234374997,0.06534887578289779,0,ok,0.0,0.21266251538780484,FLAT,0.0,-1,0.04531806425917076,0.01119523665169523,0.23782822735244655,LOADING,0.19167805051395806,0.03360349097396358,0.003287920393658745,0.0,0.0050000000000000044,0.5741641328111298,1,staged_v3,0.21821318291779002,2,1.2061181127011744,0.21887177595955126,2,1,1,1
v3_torso_proxy:v3_left_forearm_proxy,102,0.6035766601562502,1.0000000000000009,0.3924754319047055,0.0,0.0009791952445039867,AIR,0.0,-1,0.9664882664602192,0.0004961070873542662,0.36699528021426053,UNLOADING,0.0031808395226993738,0.04285365692335876,0.0738208693043417,0.07397987601517825,0.3924754319047055,0.0653488260485303,0,ok,0.0,0.2303512212154517,FLAT,0.0,-1,0.048816527155538164,0.024693657242365285,0.24747912206916567,LOADING,0.18905891518646284,0.012680298861092999,0.04748208410122312,0.0,0.0050000000000000044,0.5791641328111298,1,staged_v3,0.14540287546186909,2,1.2937241189842263,0.14540287546186909,2,1,1,1
v3_torso_proxy:v3_left_forearm_proxy,103,0.4305419921875,1.0000000000000009,0.1914241948589566,0.0,0.0007625980231995006,FLAT,0.0,-1,0.3753966810066478,0.017287037155712007,0.33781006177217265,LOADING,0.002798574553438769,0.024603465932896623,0.09429774911962571,0.036082610657294345,0.1914241948589566,0.0682460573084805,0,ok,0.0,0.2461489277376184,FLAT,0.0,-1,0.053747879864179546,0.003089593931795709,0.3237064788579951,LOADING,0.18583177374054,0.03809573001110404,0.02910655447599054,0.0,0.0050000000000000044,0.5841641328111298,1,staged_v3,0.15293733932422993,2,1.2409805251752,0.1548890772674616,2,1,1,1
v3_torso_proxy:v3_left_forearm_proxy,104,0.8300749861422524,1.0000000000000009,0.36820741651496197,0.0,0.0005939119376364764,FLAT,0.0,-1,0.1669555381105143,0.0010470872800160446,0.3141001700757371,LOADING,0.0024569730596639234,0.03965792122377081,0.06445384655237767,0.0694054628832409,0.36820741651496197,0.06824630298515658,0,ok,0.0,0.2538345863577584,FLAT,0.0,-1,0.06424106627145407,0.009442215168181313,0.4523555573409832,UNLOADING,0.17914310614524523,0.03817556269886785,0.01938075423106518,0.0,0.0050000000000000044,0.5891641328111298,0,staged_v3,0.1564883907246123,2,1.2056684019301025,0.1564883907246123,2,1,0,0
v3_torso_proxy:v3_right_hand_proxy,105,0.5696649265260438,1.0000000000000009,1.0000000000000002,0.0,0.008376483410228917,FLAT,0.0,-1,0.13418985681253973,0.05127724842933133,0.2618947041865235,LOADING,0.0032021238008078773,0.0,0.1027049192243645,0.18849555921538763,1.0000000000000002,0.08716572909436451,0,ok,0.0,0.24855886417253042,FLAT,0.0,-1,0.07952831247747728,0.01482881288734815,0.5815823258041568,UNLOADING,0.16840857981704316,0.03925030340285969,0.01586778231453265,0.0,0.0050000000000000044,0.5941641328111298,0,staged_v3,0.15828724488437623,2,1.1566518113916953,0.1579903959905317,2,0,0,0
v3_torso_proxy:v3_right_hand_proxy,106,0.11983212914787905,1.0000000000000009,1.0000000000000002,0.0,0.04322612432812901,FLAT,0.0,-1,0.09947378746244841,0.026327420460513663,0.21968179226652865,LOADING,0.009307725413244268,0.009656669152812773,0.08978665139879838,0.18849555921538763,1.0000000000000002,0.11418714375425529,0,ok,0.0,0.2434111268598705,FLAT,0.0,-1,0.07881045153629002,0.006585696952633557,0.7001906355412157,UNLOADING,0.1547754877354733,0.05342383482442723,0.02588194525293734,0.0,0.0050000000000000044,0.5991641328111298,0,staged_v3,0.1748966154305046,2,1.2182406263290133,0.15485453398672824,2,0,0,0
v3_torso_proxy:v3_right_hand_proxy,107,0.36855057968060057,0.9000000000000119,0.5000624186937789,0.0,0.15813148896368287,FLAT,0.0,-1,0.03611457482923045,0.009243491071211918,0.1876507500697294,LOADING,0.033137779620596344,0.025139046432274555,0.07147142733204345,0.09425954525428315,0.5000624186937789,0.12898770356571965,0,ok,0.0,0.23777381002447368,FLAT,0.0,-1,0.07460124518004074,0.016547170884597815,0.7851772031620525,UNLOADING,0.13996173732815886,0.04771168927350482,0.034302598303646084,-1.2499999999998623,0.0045000000000000595,0.6036641328111298,0,staged_v3,0.15033056709304107,2,1.2703150863057964,0.15013950918103225,2,1,0,0
v3_torso_proxy:v3_right_hand_proxy,108,0.38427734374999994,0.7000000000000117,0.123494597226979,0.0,0.2044038334588899,FLAT,0.0,-1,0.07288205859436679,0.026227617994490988,0.1645197944735197,LOADING,0.06066529505420383,0.006998371729184997,0.09255018079601919,0.023278183164378463,0.123494597226979,0.12898853688552817,0,ok,0.0,0.19085175565025886,FLAT,0.0,-1,0.13691112197841585,0.0020580154251745838,0.8343055947184875,UNLOADING,0.12448478458833648,0.06465726431074979,0.0192725198604781,-2.500000000000002,0.0035000000000000586,0.6071641328111299,1,staged_v3,0.14338948071102256,2,1.2792842252319647,0.14338948071102256,2,1,1,1
v3_torso_proxy:v3_right_hand_proxy,109,0.3639299425618896,0.5000000000000115,0.2731127488153146,0.0,0.22366248184243886,FLAT,0.0,-1,0.08991748635627984,0.008281232894233142,0.14914252502915298,LOADING,0.08659321495259716,0.024175893357224507,0.06742028574557568,0.051480540316794415,0.2731127488153146,0.13591885967886572,0,ok,0.0,0.148635496750974,FLAT,0.0,-1,0.18487941009297112,0.02720860699499223,0.8411043662792078,UNLOADING,0.11007517699709567,0.039846611318968155,0.04712993390045669,-2.500000000000002,0.0025000000000000577,0.60966413281113,0,staged_v3,0.14023865582161052,2,1.2047653632822262,0.14118474111966875,2,1,0,0
v3_torso_proxy:v3_right_hand_proxy,110,0.1538457249497624,0.30000000000001137,0.4611827575461769,0.0,0.18671441500028463,FLAT,0.0,-1,0.13816300538248477,0.015200922941823698,0.13958981688832145,LOADING,0.10140476876207469,0.01677856790259238,0.07284913831320804,0.08693090178416113,0.4611827575461769,0.1493579000841807,0,ok,0.0,0.11575744126186581,FLAT,0.0,-1,0.4284309065158778,0.028598434079823133,0.8132543546159909,UNLOADING,0.09743832286557466,0.03706428365097641,0.05095583983450968,-2.500000000000002,0.0015000000000000568,0.61116413281113,0,staged_v3,0.13013876357215057,2,1.0696310153845783,0.13089616263883544,2,1,0,0
v3_torso_proxy:v3_right_hand_proxy,111,0.0629335389018503,0.10000000000001119,0.43264070399298843,0.0,0.17967799476390964,FLAT,0.0,-1,0.11869582136301597,0.011578149997173787,0.135280893467493,LOADING,0.11219801402881983,0.020185894676200865,0.06980680031462691,0.08155085143849733,0.43264070399298843,0.1607902074932126,0,ok,0.0,0.09015198590108324,FLAT,0.0,-1,0.5412917931950757,0.032777287865211266,0.7750759620820515,UNLOADING,0.08641532655552023,0.030976510238891322,0.056034121813936875,-2.500000000000002,0.000500000000000056,0.6116641328111301,0,staged_v3,0.12082958152270468,2,1.0087658066584417,0.12123841045555567,2,1,0,0
v3_torso_proxy:v3_right_hand_proxy,112,0.3594140144975745,0.09999999999998899,0.7842905407880916,0.0,0.19804437438258077,FLAT,0.0,-1,0.09243143548382293,0.02852496020264625,0.15856743468959972,LOADING,0.12308660841946152,0.00440341153183374,0.08104574561156966,0.14783528407319008,0.7842905407880916,0.17877445440298265,0,ok,0.0,0.07021043721520588,AIR,0.0,-1,0.7429582905769849,0.022000865780619466,0.724095159728545,UNLOADING,0.07683762268548168,0.039203892205807785,0.05074685343775766,-2.500000000000002,-0.0004999999999999449,0.6111641328111301,0,staged_v3,0.12318524367090619,2,1.0313074761016379,0.12447217650677338,2,0,0,0
v3_torso_proxy:v3_right_hand_proxy,113,0.0862835512906922,0.29999999999998916,0.6546539782639892,0.0,0.25891197188766213,FLAT,0.0,-1,0.039731998651742886,0.008065076327224915,0.18418434778477766,SUPPORT,0.18846928673556923,0.02614414106201397,0.06666813401689904,0.12339936772544885,0.6546539782639892,0.19312906388446463,0,ok,0.0,0.05467994348298805,AIR,0.0,-1,1.016547444888582,0.023825804005782505,0.6630324008177297,UNLOADING,0.06849301505596783,0.034325816035103984,0.05259822153463771,-2.500000000000002,-0.0014999999999999458,0.6096641328111302,0,staged_v3,0.12311854005598069,2,1.0547067692746326,0.12037016187024822,2,0,0,0
v3_torso_proxy:v3_right_hand_proxy,114,1.0,0.09999999999998899,0.9243011147674449,0.0,0.3103954800436863,FLAT,0.0,-1,0.02290909793873617,0.022802118796846932,0.21019429094017025,SUPPORT,0.2407754293884554,0.01270759575016158,0.030327195008211565,0.1742266555114957,0.9243011147674449,0.19292523115525853,0,ok,0.0,0.04258478280285125,AIR,0.0,-1,1.194481501326036,0.13587848900105354,0.6134987532527121,UNLOADING,0.06105959456879592,0.0,0.17958143026697196,2.500000000000002,-0.0004999999999999449,0.6091641328111302,0,staged_v3,0.13682047536676792,2,1.061266687489513,0.13753106612537846,2,1,1,1
v3_torso_proxy:v3_right_hand_proxy,115,1.0,0.29999999999998916,0.8292480215345401,0.0,0.33134127546483166,FLAT,0.0,-1,0.055267758694338524,0.013555564998177842,0.23370428449269287,SUPPORT,0.2826203435107643,0.023129649226456803,0.05818510954630828,0.15630956954740693,0.8292480215345401,0.19292516049274228,0,ok,0.0,0.03316506219378625,AIR,0.0,-1,1.603263480345363,0.021360982840213198,0.5754241621656596,UNLOADING,0.05434837878293291,0.03241022526806978,0.047305790143114285,-2.500000000000002,-0.0014999999999999458,0.6076641328111303,0,staged_v3,0.21095665173794292,2,1.0945942548254897,0.21095665173794292,2,1,0,0
v3_torso_proxy:v3_right_hand_proxy,116,0.29675292968750006,0.49999999999998934,0.14033458912916566,0.0,0.35144353782662896,FLAT,0.0,-1,0.04403163843820066,0.01471535954818632,0.2515575037972796,SUPPORT,0.31609627480861147,0.022862515641677662,0.058688636560451625,0.026452446855163736,0.14033458912916566,0.19292516079288535,0,ok,0.0,0.025828976407132578,AIR,0.0,-1,1.7470733496594728,0.008687392351710628,0.5450683997466279,UNLOADING,0.04826295575248584,0.04356602763562077,0.02728051044048542,-2.500000000000002,-0.0024999999999999467,0.6051641328111304,1,staged_v3,0.1462137709633332,2,1.1060127257547798,0.1462137709633332,2,1,1,1
v3_torso_proxy:v3_right_hand_proxy,117,0.6464951899835502,0.6999999999999895,0.9999916149476369,0.0,0.3485939431911915,FLAT,0.0,-1,0.05951297115493596,0.01502622614642965,0.2657287301500937,SUPPORT,0.3428770198468892,0.023260210361075034,0.062036169750429894,0.18849397867025336,0.9999916149476369,0.18689166583967698,0,ok,0.0,0.020115627051807694,FLAT,0.0,-1,1.9634616388994042,0.05043053370830752,0.5195246959633981,UNLOADING,0.042748970934074176,0.008453075212346464,0.04252315958582344,-2.500000000000002,-0.0034999999999999476,0.6016641328111304,0,staged_v3,0.11348054580451666,2,1.106400827307216,0.1074530132756304,2,0,0,0
v3_torso_proxy:v3_right_hand_proxy,118,0.3394731163381759,0.8999999999999897,0.8441868708911543,0.005313169014212575,0.3171574201894527,FLAT,0.0,-1,0.09599601589838097,0.0008734263086690426,0.2725822906089256,SUPPORT,0.36430161587751136,0.03775568822177724,0.049466902189698236,0.15912547631091634,0.8441868708911543,0.17276649722079404,0,ok,0.0,0.01566606609992017,FLAT,0.0,-1,2.06852177834787,0.021415562987126047,0.4963702803598482,UNLOADING,0.037769103154601705,0.028402951030866368,0.03714253329181734,-2.500000000000002,-0.0044999999999999485,0.5971641328111305,0,staged_v3,0.18068075539133654,2,1.1011532371599086,0.17427097253628518,2,0,0,0
v3_torso_proxy:v3_right_forearm_proxy,119,0.326950157554248,1.0000000000000009,0.9999872300934062,0.010087276192693815,0.29689100523404366,FLAT,0.0,-1,0.07230702526726372,0.036772607192553715,0.25417818068122666,SUPPORT,0.3814412927020091,0.000936301841507621,0.07414471020734167,0.18849315214470308,0.9999872300934062,0.1522802410500785,0,ok,0.0,0.012200744546266218,FLAT,0.0,-1,2.1075539895432605,0.01593648141028682,0.47383398666682597,UNLOADING,0.03329060514931651,0.03275521792305448,0.03236040008732803,-1.2500000000001399,-0.0050000000000000044,0.5921641328111305,0,staged_v3,0.16354609407487244,2,1.0951638310553502,0.1562953694281129,2,0,0,0
v3_torso_proxy:v3_right_forearm_proxy,120,0.19639125689190945,1.0000000000000009,0.8730205780878042,0.018797922152128912,0.27176165431895327,FLAT,0.0,-1,0.10046747316026314,0.002831397501570865,0.2328184150354163,SUPPORT,0.3951530341616073,0.03380952325019995,0.04702747150319835,0.1645605020732016,0.8730205780878042,0.12762290305915006,0,ok,0.0,0.009501949406686302,FLAT,0.0,-1,1.7887832923509674,0.02346260077260338,0.4500642404813516,UNLOADING,0.029281298951396126,0.024040611251464204,0.04040211269717284,0.0,-0.0050000000000000044,0.5871641328111304,1,staged_v3,0.1534099356619461,2,1.0830399354180382,0.15467107768784222,2,0,0,0
v3_torso_proxy:v3_right_forearm_proxy,121,0.2096601561041069,1.0000000000000009,0.9117189165942223,0.0306470070210412,0.2764391644775984,FLAT,0.0,-1,0.0681010478094905,0.004249501473129493,0.2254038466463772,SUPPORT,0.40612242732928583,0.03202069085918936,0.045005202792474656,0.17185496703067527,0.9117189165942223,0.09982896888842907,0,ok,0.0,0.007400125638632163,FLAT,0.0,-1,1.2305734625541922,0.0050777984443098655,0.3801683694735958,LOADING,0.025753517949867195,0.03893062002936992,0.02529174594620195,0.0,-0.0050000000000000044,0.5821641328111304,0,staged_v3,0.15301881309773963,2,1.0724775517331724,0.14472099883291428,2,0,0,0
v3_torso_proxy:v3_right_forearm_proxy,122,0.013366699218749977,0.010693359375002487,0.013366642410969357,0.03069714938552638,0.26377239207888437,FLAT,0.0,-1,0.08062061472635382,0.00371937223090901,0.24266825093205335,SUPPORT,0.41489794186342865,0.03341404031569366,0.04396830390577719,0.0025195527360877858,0.013366642410969357,0.09939189739355739,0,ok,0.0,0.005763223642193509,FLAT,0.0,-1,0.17766044949706866,0.0058921800206044594,0.3126642416428439,LOADING,0.022640339627413162,0.03474103206153774,0.025542241037963292,12.36633300781248,-5.3466796875012434e-05,0.5821106660142554,1,staged_v3,0.2285229258905767,2,1.035271676171161,0.1818895759588083,2,0,1,1
v3_torso_proxy:v3_right_forearm_proxy,123,0.6666330140121594,0.21069335937500266,1.0000000000000002,0.046292635430424584,0.23754307701643956,FLAT,0.0,-1,0.08983650009744838,0.026163686827192594,0.2884320276894429,LOADING,0.37219075504957255,0.013257914557279555,0.051531400231096314,0.18849555921538763,1.0000000000000002,0.07565918362183408,0,ok,0.0,0.09643252239599541,FLAT,0.0,-1,0.05749535525033694,0.051780160244084855,0.2825184076365339,LOADING,0.031949983646791406,0.0,0.06453938602650117,-2.500000000000002,-0.0010534667968750133,0.5810571992173804,0,staged_v3,0.19523277635026112,2,1.0788088802505602,0.17460569310335747,2,0,0,0
v3_right_hand_proxy:v3_left_hand_proxy,124,0.34955021914222695,0.41069335937500284,1.0000000000000002,0.05718139209753007,0.20841417404835919,FLAT,0.0,-1,0.10013741060671892,0.016590500825805005,0.31492010761169553,LOADING,0.32767613992173755,0.02415550455477977,0.04990723483197639,0.18849555921538763,1.0000000000000002,0.016478825103251674,0,ok,0.0,0.1264424486888725,FLAT,0.0,-1,0.08406454135533903,0.013144240295535754,0.27881556461878526,LOADING,0.04379765211061367,0.02579653793540351,0.04358361335906133,-2.500000000000002,-0.002053466796875014,0.5790037324205054,0,staged_v3,0.23508376764682537,2,1.081433926907677,0.221984991813561,2,0,0,0
v3_right_hand_proxy:v3_left_hand_proxy,125,0.07556752039853218,0.610693359375003,0.2045561831211478,0.0586648471168596,0.20060870327468222,FLAT,0.0,-1,0.08660434312504942,0.013451972965903544,0.34736921694187595,LOADING,0.28592248693492095,0.02891648788119025,0.04394512530021383,0.038557932128385985,0.2045561831211478,0.00999101086639638,0,ok,0.0,0.1742707295318575,FLAT,0.0,-1,0.06615189782648927,0.011066031803623068,0.29977431719701986,LOADING,0.05944388980429462,0.02892268405622793,0.03891476959027531,-2.500000000000002,-0.003053466796875015,0.5759502656236304,1,staged_v3,0.19063458577590545,2,1.078007425456259,0.1800303552296589,2,0,1,1
v3_right_hand_proxy:v3_left_hand_proxy,126,0.0,0.8106933593750032,0.0,0.0543617194297976,0.19886952632432447,FLAT,0.0,-1,0.09185569540541917,0.009398506169028435,0.395210326012436,LOADING,0.24941365897895912,0.035362010131593374,0.039891658503338714,0.0,0.0,0.009991010866396394,0,ok,0.0,0.2472890530144735,FLAT,0.0,-1,0.038708831273153554,0.007012565006747816,0.3371130869050445,LOADING,0.08034004724242352,0.034843089338504406,0.03486130279340008,-2.500000000000002,-0.004053466796875016,0.5718967988267554,1,staged_v3,0.13999871086116092,2,1.0716761271606001,0.1391654718867313,2,0,1,1
v3_right_hand_proxy:v3_left_hand_proxy,127,0.12067635456543936,1.0000000000000009,0.8955931680313886,0.0742396074578064,0.20823296907605537,FLAT,0.0,-1,0.09476265149810034,0.031008265019625364,0.46401922415303365,UNLOADING,0.2186722534273492,0.017192696188026324,0.055063217989514364,0.1688153350375572,0.8955931680313886,0.01264115087316764,0,ok,0.0,0.32132463929672,FLAT,0.0,-1,0.0418715216027141,0.023857888763854813,0.3863615767567232,UNLOADING,0.1037074667953896,0.020460190073981352,0.0486811959612837,-2.366333007812471,-0.0050000000000000044,0.5668967988267554,0,staged_v3,0.11593653944348237,2,1.0517112526881138,0.11519021316621104,2,0,0,0
v3_right_hand_proxy:v3_left_hand_proxy,128,0.05274810970116029,1.0000000000000009,1.0000000000000002,0.09743936240859043,0.16217199937771556,FLAT,0.0,-1,0.2100869571212403,0.03239168378271608,0.5151497308648565,UNLOADING,0.18867226079050284,0.018365802760526753,0.05067986153481406,0.18849555921538763,1.0000000000000002,0.045511599752053294,0,ok,0.0,0.41496751757061767,FLAT,0.0,-1,0.024067973784543468,0.019459539462160527,0.4133060481338158,UNLOADING,0.13165775999223286,0.026205762944530264,0.04437041747959202,0.0,-0.0050000000000000044,0.5618967988267554,0,staged_v3,0.15084008793043263,2,1.0385638122537748,0.11722618009526786,2,0,0,0
v3_right_hand_proxy:v3_left_hand_proxy,129,0.3355509166649843,1.0000000000000009,0.48629939160596664,0.1047132051926609,0.12629968010762027,FLAT,0.0,-1,0.16542778592450774,0.0360425485666962,0.580188193791974,UNLOADING,0.16171908067757387,0.0179668611229025,0.04765617812519489,0.09166527576686945,0.48629939160596664,0.05140764060290105,0,ok,0.0,0.46377481684381255,FLAT,0.0,-1,0.013791591998801813,0.01693600098521471,0.4525391109500361,UNLOADING,0.15610592270344587,0.030690954562287095,0.04117997808924808,0.0,-0.0050000000000000044,0.5568967988267554,0,staged_v3,0.09970706014166615,2,0.9756841078959502,0.10169478951836773,2,1,0,0
v3_right_hand_proxy:v3_left_hand_proxy,130,0.15714219252687825,1.0000000000000009,0.8286717623691158,0.11565936514533379,0.09836228976948261,FLAT,0.0,-1,0.5485638966770521,0.03437367745792844,0.6552512637731984,UNLOADING,0.1386163548664919,0.02490953845610843,0.03285302473255149,0.15620094725376726,0.8286717623691158,0.05141802124732231,0,ok,0.0,0.4400240191181287,FLAT,0.0,-1,0.048041365984446076,0.007841724580466947,0.4808808668895346,UNLOADING,0.17056971563323386,0.04120231876400979,0.030496780648998315,0.0,-0.0050000000000000044,0.5518967988267554,0,staged_v3,0.1010651702060832,2,0.9351114648991965,0.1010651702060832,2,1,0,0
v3_right_hand_proxy:v3_left_hand_proxy,131,0.48120117187500006,0.8000000000000007,0.48119445064174016,0.12650830658045992,0.07660462829716949,FLAT,0.0,-1,0.5892930171729408,0.0020663277917177337,0.7094585375810253,UNLOADING,0.11881401845699306,0.05840659908733353,0.0030906052042516128,0.09070301706505604,0.48119445064174016,0.0549544960920586,0,ok,0.0,0.4092357457837098,FLAT,0.0,-1,0.059147787039713344,0.021544704718429633,0.5009781785400274,UNLOADING,0.17729928596009054,0.030472148408222325,0.019576760518779043,2.500000000000002,-0.0040000000000000036,0.5478967988267553,1,staged_v3,0.23330600771427076,2,0.9136835557199038,0.16351930069992635,2,0,1,1
v3_right_hand_proxy:v3_left_hand_proxy,132,0.5183715820312502,0.3110229492187422,0.5183715820312501,0.21390640497888375,0.0596597445047295,FLAT,0.0,-1,0.8907776053891673,0.023005106282260948,0.723267385064321,UNLOADING,0.1018405872488512,0.038158262970955106,0.04066894681378945,0.09771074123634566,0.5183715820312501,0.044988375085956836,0,ok,0.0,0.36943801948743116,FLAT,0.0,-1,0.07149043517455979,0.02687209724834125,0.5154535341833799,UNLOADING,0.17764140610425772,0.0485646059484832,0.002208070760685796,6.112213134765732,-0.001555114746093711,0.5463416840806616,1,staged_v3,0.2343624103646025,2,0.8335726777107055,0.17026165492169915,2,0,1,1
v3_torso_proxy:v3_left_forearm_proxy,133,1.0,0.111022949218742,1.0000000000000002,0.3817620862545796,0.04646305573812328,FLAT,0.0,-1,1.2555457520185573,0.07754844689207986,0.6936997712658539,UNLOADING,0.08729193192758675,0.022509728696853533,0.037175259866439166,0.18849555921538763,1.0000000000000002,0.045854446724601386,0,ok,0.0,0.3440088698088075,FLAT,0.0,-1,0.06662124131305418,0.08074956288613744,0.5058627862981628,UNLOADING,0.1765480030059412,0.025090119486375524,0.025203019828532618,2.500000000000002,-0.00055511474609371,0.5457865693345679,0,staged_v3,0.22779097801634798,2,0.9530978237168715,0.21514890096747658,2,0,1,1
v3_torso_proxy:v3_left_forearm_proxy,134,0.781092366530971,0.08897705078125817,0.9917602539062501,0.2487739961436023,0.03618546419274074,AIR,0.0,-1,1.4299734549221228,0.026429535144141952,0.6270402186803264,UNLOADING,0.0748216559379315,0.02992247578987437,0.04455378592646633,0.1869424036676534,0.9917602539062501,0.03625635335947239,0,ok,0.0,0.30537809674486105,FLAT,0.0,-1,0.06777075425913084,0.052300365292326,0.4779447728659113,UNLOADING,0.17410174995622305,0.04444273258520194,0.004454506058093624,2.500000000000002,0.00044488525390629086,0.5462314545884742,1,staged_v3,0.3676072807034226,2,1.0245263310982726,0.3545856345836732,2,0,0,0
v3_torso_proxy:v3_left_forearm_proxy,135,0.06134033203124999,0.28897705078125835,0.06134030869085821,0.27577287605373,0.02818126784910877,AIR,0.0,-1,1.618258559812679,0.02624094659202527,0.556607096384841,UNLOADING,0.06413284794679842,0.026589408227216782,0.04630523911913438,0.011562375789127818,0.06134030869085821,0.03625595230874433,0,ok,0.0,0.2855145513446741,FLAT,0.0,-1,0.06947134204704578,0.05274172594262899,0.4369049574325708,UNLOADING,0.17219747545434114,0.04313511379447139,0.00371013407715715,2.500000000000002,0.0014448852539062917,0.5476763398423805,1,staged_v3,0.387148523129311,2,1.0463219631623697,0.387148523129311,2,1,1,1
v3_torso_proxy:v3_left_forearm_proxy,136,0.043212890624999965,0.4889770507812585,0.043212890624999875,0.29918151045460667,0.021947593468830916,AIR,0.0,-1,1.5752741221192652,0.027071828666627842,0.48791657178125347,UNLOADING,0.05497101252582722,0.022323999922434834,0.0497893677246421,0.008145437983672732,0.043212890624999875,0.03604658870834117,0,ok,0.0,0.25489978105162214,FLAT,0.0,-1,0.0724191466447935,0.05010548792225293,0.3854690063955467,LOADING,0.16997552406360825,0.04095302320767805,0.0033204271120992794,2.500000000000002,0.0024448852539062926,0.5501212250962868,1,staged_v3,0.223632831703437,2,1.1400310126684317,0.20579080641839995,2,1,1,1
v3_torso_proxy:v3_left_forearm_proxy,137,0.13940429687500003,0.6889770507812587,0.1394040162711326,0.2968109342329449,0.01709280298005837,AIR,0.0,-1,1.541314704806079,0.028184587067994253,0.4488215419282656,UNLOADING,0.047118010736423334,0.019256490028419032,0.0565746011910394,0.026277038003898134,0.1394040162711326,0.03604657034241261,0,ok,0.0,0.2361248702712353,FLAT,0.0,-1,0.07298282645443711,0.05214378730740259,0.32739289124252335,LOADING,0.1683817729543599,0.03934537895843312,0.0020242656036930486,2.500000000000002,0.0034448852539062935,0.5535661103501931,1,staged_v3,0.22409598971052747,2,1.1122820789123398,0.22409598971052747,2,1,1,1
v3_torso_proxy:v3_left_forearm_proxy,138,0.1389770507812499,0.8889770507812589,0.13897705078125003,0.2915855886418271,0.0133118883457547,AIR,0.0,-1,1.4327314915103062,0.029790454046898993,0.4208087289507828,UNLOADING,0.040386866345505715,0.01624998240064015,0.05635900500246626,0.026196556905117047,0.13897705078125003,0.0344385685902517,0,ok,0.0,0.2243542412609371,FLAT,0.0,-1,0.07091593060230036,0.05014584541836507,0.272202687372363,LOADING,0.167653578798926,0.03741891584713998,0.0011912185214781714,2.500000000000002,0.004444885253906294,0.5580109956040994,1,staged_v3,0.23185080658439444,2,1.195259578239192,0.1511992412468062,2,0,1,1
v3_torso_proxy:v3_left_forearm_proxy,139,0.0700683593749999,1.0000000000000009,0.07006835937499999,0.29176599605294895,0.01036730906783287,AIR,0.0,-1,1.3184695667128783,0.0367658116816766,0.40073667135516866,UNLOADING,0.03461731401043347,0.008271021886081836,0.07052742811074156,0.01320757458369537,0.07006835937499999,0.033637498837861254,0,ok,0.0,0.21020226224254673,FLAT,0.0,-1,0.07675554602821934,0.045181726845303,0.22342687660633892,LOADING,0.1670227000182377,0.03565254933895659,0.0005187944913603556,1.387786865234275,0.0050000000000000044,0.5630109956040994,1,staged_v3,0.24333490670787916,2,1.2860312923482726,0.17119347885485348,2,0,1,1
v3_torso_proxy:v3_left_forearm_proxy,140,0.09729003906250007,1.0000000000000009,0.097290025504313,0.0,0.008074068420371516,AIR,0.0,-1,1.1241675282634187,0.04373794645834159,0.3863544136202707,UNLOADING,0.029671983437514402,0.0005797742226719485,0.07913060136809603,0.0183387377635148,0.097290025504313,0.03362487588263399,0,ok,0.0,0.21690941185247636,FLAT,0.0,-1,0.07406837148589764,0.041299559907097924,0.19597426229665238,LOADING,0.16849830999048748,0.03446558872420812,0.0003331243906244995,0.0,0.0050000000000000044,0.5680109956040994,1,staged_v3,0.12285150171893362,2,1.2678361370305822,0.12114481920932027,2,1,1,1
v3_torso_proxy:v3_left_forearm_proxy,141,0.09790039062499999,1.0000000000000009,0.09308915860497703,0.0,0.006288090808357437,AIR,0.0,-1,0.9178291923724575,0.05186208587317997,0.3920269973227682,UNLOADING,0.025979270010707226,0.0,0.08849482680830834,0.017546893008135056,0.09308915860497703,0.03388825738632657,0,ok,0.0,0.22522623620506696,FLAT,0.0,-1,0.07239637706615093,0.037329431364286125,0.18686477056111503,LOADING,0.1714265254428427,0.03418299591639144,0.00016024261166430482,0.0,0.0050000000000000044,0.5730109956040994,1,staged_v3,0.1472503112727144,2,1.285424374492905,0.1467522973678958,2,1,1,1
v3_torso_proxy:v3_left_forearm_proxy,142,0.4751557217421266,1.0000000000000009,0.7742286234114361,0.0,0.0048971700455728755,FLAT,0.0,-1,0.6872345280137646,0.0057310363184820004,0.3674716342420513,LOADING,0.022710459861429763,0.037642545393620566,0.05325327681444768,0.14593865733049838,0.7742286234114361,0.0380970383091523,0,ok,0.0,0.24032484204909108,FLAT,0.0,-1,0.06136789073360892,0.013068518241727726,0.2125050146067649,LOADING,0.17499214195009027,0.02255673248861052,0.01573301738430189,0.0,0.0050000000000000044,0.5780109956040994,0,staged_v3,0.17878581031096297,2,1.2831136813321067,0.18068849120712147,2,1,0,0
v3_torso_proxy:v3_left_forearm_proxy,143,0.4111328125000002,1.0000000000000009,0.2476369021989978,0.0,0.003813919866325983,FLAT,0.0,-1,0.2016074886987035,0.02160862934201164,0.34650762719308004,LOADING,0.01982216095881706,0.020716752017642365,0.0651032952003115,0.04667845636236634,0.2476369021989978,0.038097286493366786,0,ok,0.0,0.24716898814791327,FLAT,0.0,-1,0.06516931196563598,0.0032564650739176923,0.33293314291865417,LOADING,0.17354729882747807,0.03839019207201502,0.004118557187603216,0.0,0.0050000000000000044,0.5830109956040994,1,staged_v3,0.17496748841404092,2,1.277756156687675,0.17496748841404092,2,1,1,1
v3_torso_proxy:v3_left_forearm_proxy,144,0.3464355468749999,1.0000000000000009,0.1662288399647395,0.0,0.0029702837784662635,FLAT,0.0,-1,0.16004127448341823,0.0006463662520173894,0.32358773856112455,LOADING,0.017277443160087134,0.04053302067603884,0.04907405783440962,0.031333398146878744,0.1662288399647395,0.03809728300195449,0,ok,0.0,0.2479562647990356,FLAT,0.0,-1,0.07638540249936854,0.02167038948050479,0.4695278259402677,UNLOADING,0.16754538454636336,0.026806001816508596,0.024372317625203695,0.0,0.0050000000000000044,0.5880109956040994,1,staged_v3,0.17937091531477012,2,1.260420186208317,0.17937091531477012,2,1,1,1
v3_torso_proxy:v3_left_forearm_proxy,145,0.09020996093750004,1.0000000000000009,0.023057674054522654,0.0,0.015079713316684704,FLAT,0.0,-1,0.123106502291444,0.00019737092812904204,0.2664978075700856,LOADING,0.016389380248503657,0.03812751945037524,0.04923417577470152,0.004346269165113381,0.023057674054522654,0.038097283001867155,0,ok,0.0,0.2107933700377639,FLAT,0.0,-1,0.12607773393504032,0.03080749492235845,0.600713223953184,UNLOADING,0.15563418748751462,0.024228166275300757,0.033975590064866376,0.0,0.0050000000000000044,0.5930109956040994,1,staged_v3,0.1727406898936939,2,1.260797566841656,0.1727406898936939,2,1,1,1
v3_torso_proxy:v3_left_forearm_proxy,146,0.8358733339954646,1.0000000000000009,1.0,0.0,0.05563134686391392,FLAT,0.0,-1,0.0990049671106688,0.011955605162151849,0.21777653284457857,LOADING,0.02181473320408625,0.02393322148007708,0.07514304897007347,0.1884955592153876,1.0,0.07997873898149753,0,ok,0.0,0.19279618156214257,FLAT,0.0,-1,0.11461239595534874,0.012922592583193483,0.7138985230643919,UNLOADING,0.14128062817393747,0.04777233357002612,0.03857432228123663,0.0,0.0050000000000000044,0.5980109956040994,0,staged_v3,0.16795411432017462,2,1.251790223942297,0.16141569712840542,2,0,0,0
v3_torso_proxy:v3_right_hand_proxy,147,0.11136109739415045,0.9000000000000119,0.5000562107382107,0.0,0.11670688665292703,FLAT,0.0,-1,0.07961498230847876,0.008553773673604662,0.18111476938179377,LOADING,0.036565695721572,0.02550196479548503,0.06597740588810373,0.09425837508222673,0.5000562107382107,0.09980598326744386,0,ok,0.0,0.19837450527419098,FLAT,0.0,-1,0.090625604221306,0.02647367875545944,0.794999333774232,UNLOADING,0.12690723925529157,0.03827628793325217,0.04633444601878677,-1.2499999999998623,0.0045000000000000595,0.6025109956040995,0,staged_v3,0.16009907700494316,2,1.2881082234431886,0.15350576415134884,2,1,0,0
v3_torso_proxy:v3_right_hand_proxy,148,0.20727750370462378,0.7000000000000117,0.212443581301054,0.0,0.16937920024422043,FLAT,0.0,-1,0.08218860566094081,0.0017483495918166067,0.15433203936872839,LOADING,0.05790026914603473,0.030968252376619813,0.05905371713587677,0.04004467165906184,0.212443581301054,0.10504999338656226,0,ok,0.0,0.16140118583902444,FLAT,0.0,-1,0.1375989698891376,0.041598398675790904,0.8531106039607506,UNLOADING,0.11216450831995177,0.026057131522246618,0.05562059601254149,-2.500000000000002,0.0035000000000000586,0.6060109956040995,0,staged_v3,0.15656731600395296,2,1.2512260273632272,0.15838229524212594,2,1,0,0
v3_torso_proxy:v3_right_hand_proxy,149,0.09308318804576514,0.5000000000000115,0.22767350043219478,0.0,0.21413847930190555,FLAT,0.0,-1,0.07637995681447417,0.0027416037530733637,0.13507710530456946,LOADING,0.08336286999352413,0.029012251512155113,0.05918604294553371,0.04291544378249135,0.22767350043219478,0.11022124339908926,0,ok,0.0,0.1257567532648309,FLAT,0.0,-1,0.14967209857330183,0.05155137003743985,0.879148866653884,UNLOADING,0.09831212801109904,0.017406073295254364,0.060508468387662225,-2.500000000000002,0.0025000000000000577,0.6085109956040996,0,staged_v3,0.17107618737154429,2,1.217396264125773,0.1728763240782722,2,1,0,0
v3_torso_proxy:v3_right_hand_proxy,150,0.11618472783906011,0.30000000000001137,0.25424456933364675,0.0,0.23849386341376566,FLAT,0.0,-1,0.08894660059108801,0.005129579920121291,0.1204827754885886,LOADING,0.10864218815735506,0.02589455885430814,0.05989077125400754,0.04792397227402113,0.25424456933364675,0.1151024826792513,0,ok,0.0,0.09793945791916776,FLAT,0.0,-1,0.41023556266721517,0.05982201033146206,0.8535108284687705,UNLOADING,0.08631711973105584,0.007853531091976465,0.06117396097409067,-2.500000000000002,0.0015000000000000568,0.6100109956040997,0,staged_v3,0.1888977533042491,2,1.193582427412055,0.1904458048983086,2,1,0,0
v3_torso_proxy:v3_right_hand_proxy,151,0.10892716771145058,0.10000000000001119,0.4139444371141861,0.0,0.27524070498056735,FLAT,0.0,-1,0.07052023471404223,0.006101707646136562,0.11009635070633798,SUPPORT,0.17691375052588404,0.02440310988918034,0.058970934712514425,0.07802668815793735,0.4139444371141861,0.11962568452525155,0,ok,0.0,0.07627532652103676,FLAT,0.0,-1,0.5875713412634082,0.06717243799354827,0.8065657825830204,UNLOADING,0.07609385378287949,0.0037516305892090485,0.06157665853994197,-2.500000000000002,0.000500000000000056,0.6105109956040997,0,staged_v3,0.20313597705393482,2,1.1695391103905064,0.20435619193023283,2,1,0,0
v3_torso_proxy:v3_right_hand_proxy,152,0.16275742672013818,0.09999999999998899,0.5433143857717601,0.0,0.3147647168621738,FLAT,0.0,-1,0.0588038814508119,0.007161325202185032,0.10607328510674606,SUPPORT,0.23153100042070723,0.023142339053152272,0.05748227040416515,0.10241234897581275,0.5433143857717601,0.12775812992442379,0,ok,0.0,0.059403284023610524,AIR,0.0,-1,0.9708911370562562,0.07008110542599234,0.7439610226018407,UNLOADING,0.06739609697039636,0.00196130815933665,0.06023674297075539,-2.500000000000002,-0.0004999999999999449,0.6100109956040998,0,staged_v3,0.20873436840130083,2,1.128914582809876,0.2105291139140971,2,1,0,0
v3_torso_proxy:v3_right_hand_proxy,153,0.12094837975402792,0.29999999999998916,0.3003006902502871,0.0,0.3705732532217356,FLAT,0.0,-1,0.037507898664795605,0.004747319484059845,0.10811439132017325,SUPPORT,0.2752248003365658,0.02565840008194882,0.0531777619004129,0.056605346541494767,0.3003006902502871,0.13458593249413187,0,ok,0.0,0.04626332411460095,AIR,0.0,-1,1.38198099423195,0.06676451093108203,0.6754443349766168,UNLOADING,0.0599130865352264,0.00163068615043796,0.05714153059839289,-2.500000000000002,-0.0014999999999999458,0.6085109956040998,0,staged_v3,0.2007055821110966,2,1.071876616016647,0.20198795707115955,2,1,0,0
v3_torso_proxy:v3_right_hand_proxy,154,0.19644836804631557,0.49999999999998934,0.4880788268663459,0.0,0.4276817053398223,FLAT,0.0,-1,0.01923606460281672,0.004581277392553201,0.1111409301175762,SUPPORT,0.31017984026925266,0.025975769113325612,0.0497477438504849,0.09200069141136222,0.4880788268663459,0.14423946933732545,0,ok,0.0,0.03602991304793743,AIR,0.0,-1,1.6262977820916595,0.06097207102729549,0.6237202758030045,UNLOADING,0.05329083499369686,0.0011160976482108842,0.055069916141939346,-2.500000000000002,-0.0024999999999999467,0.6060109956040999,0,staged_v3,0.18677002652826125,2,1.005071500739078,0.18858474946262976,2,1,0,0
v3_torso_proxy:v3_right_hand_proxy,155,0.21645177418828745,0.6999999999999895,0.6591737097971826,0.0,0.45199393900902324,FLAT,0.0,-1,0.044783000879759345,0.010596040215158753,0.11319091305691345,SUPPORT,0.33814387221540215,0.02006350543768692,0.05179725122378466,0.12425131704830156,0.6591737097971826,0.14799512697863584,0,ok,0.0,0.028060124495728297,AIR,0.0,-1,1.8696162761268318,0.05903220023385965,0.5877785451054859,UNLOADING,0.04733028504376164,0.002558907903973319,0.05183001935130098,-2.500000000000002,-0.0034999999999999476,0.6025109956040999,0,staged_v3,0.1810349989383328,2,1.0421164346939555,0.17845972569629012,2,0,0,0
v3_torso_proxy:v3_right_hand_proxy,156,0.07694355629477945,0.8999999999999897,0.3218645973032613,0.016399716549784085,0.49613717983689964,FLAT,0.0,-1,0.019741157768265315,0.0023793536586097725,0.11383990324355323,SUPPORT,0.3605150977723217,0.028312641503567892,0.04260764188705374,0.060670047260313775,0.3218645973032613,0.14628682206268495,0,ok,0.0,0.021853246930354307,AIR,0.0,-1,1.9605773989744186,0.0574575413512418,0.5626766268018246,UNLOADING,0.04193409227506929,0.003937044106670014,0.04919678723342122,-2.500000000000002,-0.0044999999999999485,0.5980109956041,0,staged_v3,0.15305768247651638,2,1.0580500435153273,0.154680964292214,2,1,0,0
v3_torso_proxy:v3_right_forearm_proxy,157,0.0973459803768387,1.0000000000000009,0.37239008645439275,0.030043099801657192,0.5201632649279803,FLAT,0.0,-1,0.02860788537487074,0.0005946013013531934,0.11301109600921261,SUPPORT,0.3784120782178574,0.03005595349910744,0.03826607597259253,0.0701938775924873,0.37239008645439275,0.13957866457845172,0,ok,0.0,0.01701932582201271,AIR,0.0,-1,2.080634913871735,0.05478235864723855,0.5459593057084078,UNLOADING,0.037047431451859604,0.006102211699452076,0.046195753585968315,-1.2500000000001399,-0.0050000000000000044,0.5930109956041,0,staged_v3,0.13773761663374923,2,1.068751174262968,0.13956241455833432,2,1,0,0
v3_torso_proxy:v3_left_forearm_proxy,158,0.10320148829554597,0.48223876953124023,0.4528603797216559,0.03699463533457974,0.5068551327910877,FLAT,0.0,-1,0.05172874344510525,1.968696498488246e-05,0.11014336263997271,SUPPORT,0.39272966257428593,0.030487481167013754,0.036505252148762726,0.0853621705221263,0.4528603797216559,0.12729180045138153,0,ok,0.0,0.01325466427753088,FLAT,0.0,-1,2.0521801166937332,0.052284499263074866,0.5370194190688231,UNLOADING,0.0326316058397738,0.008499597004174006,0.04335137394926715,6.472015380859508,-0.002411193847656201,0.5905998017564438,1,staged_v3,0.12929429337109827,2,1.057784962200556,0.12768146675489092,2,0,0,0
v3_torso_proxy:v3_left_forearm_proxy,159,0.2003388727891152,0.6822387695312404,1.0,0.048307421624744065,0.48638853528985715,FLAT,0.0,-1,0.06321855733045942,0.003546110856166026,0.10575481020071832,SUPPORT,0.40418373005942876,0.02674162965386989,0.03686113429530362,0.1884955592153876,1.0,0.09749096352970324,0,ok,0.0,0.010322742918689625,FLAT,0.0,-1,2.062304678327305,0.04902813862549572,0.5341100869104881,UNLOADING,0.0286569852628395,0.011916685410676232,0.039788818934848175,-2.500000000000002,-0.003411193847656202,0.5871886079087876,0,staged_v3,0.12178175442908404,2,1.0632716359363459,0.12064314408239411,2,0,0,0
v3_torso_proxy:v3_right_forearm_proxy,160,0.14445010791869223,0.8822387695312406,0.9528218844156692,0.062151587185678515,0.4376199614522402,FLAT,0.0,-1,0.0824985318071414,0.005727888548609645,0.10059617317737211,SUPPORT,0.413346984047543,0.024301920110258963,0.037247569408788164,0.17960269393559097,0.9528218844156692,0.07571233686204244,0,ok,0.0,0.00803936026852028,FLAT,0.0,-1,1.125069430096971,0.04603116472801462,0.5525044802203104,UNLOADING,0.025077069897013523,0.008115459878711477,0.04450976413230404,-2.500000000000002,-0.004411193847656203,0.5827774140611314,0,staged_v3,0.14371084689278418,2,1.0618794928845394,0.11147002211405609,2,0,0,0
v3_right_hand_proxy:v3_left_hand_proxy,161,0.11027533531151806,1.0000000000000009,0.8443554275274069,0.07056402298863598,0.4060895702648075,FLAT,0.0,-1,0.08005982822341767,0.0014696044057831573,0.09377963624818932,SUPPORT,0.4206775872380344,0.028219377406626313,0.03151004808197987,0.15915724848832624,0.8443554275274069,0.03760800534658794,0,ok,0.0,0.006261060072516734,FLAT,0.0,-1,0.9183617018627759,0.040214512781212824,0.5687127184118292,UNLOADING,0.02188039070865959,0.013221123139378642,0.04625704924694562,-1.4720153808595038,-0.0050000000000000044,0.5777774140611314,0,staged_v3,0.10965976790901702,2,1.0681306571221467,0.11037067907508442,2,0,0,0
v3_right_hand_proxy:v3_left_hand_proxy,162,0.08079379157316192,1.0000000000000009,0.7434577936966617,0.07102373374154684,0.3855641704231644,FLAT,0.0,-1,0.07413859910262915,0.00354365657162285,0.08453262702546369,SUPPORT,0.4265420697904275,0.025682974779650338,0.03155767559729625,0.1401384925758905,0.7434577936966617,0.011146396087575797,0,ok,0.0,0.00487611848733314,FLAT,0.0,-1,0.6692711089447371,0.030579080694290044,0.6049320738428743,UNLOADING,0.019029820324349238,0.024667522997853672,0.03889024867763603,0.0,-0.0050000000000000044,0.5727774140611314,0,staged_v3,0.13983823921854097,2,1.0780238537635691,0.14047286994153121,2,0,0,0
v3_right_hand_proxy:v3_left_hand_proxy,163,0.4065157246115807,0.3377441406249959,0.42218017578125006,0.06257557900959416,0.4030745367302142,FLAT,0.0,-1,0.05346425706571632,0.026088959857079725,0.07466347796652334,SUPPORT,0.431233655832342,0.0026442140412464427,0.03861133651710813,0.07957908832353737,0.42218017578125006,0.011136922868902194,0,ok,0.0,0.0037975248962840032,FLAT,0.0,-1,0.40038126474897023,0.003705949207654332,0.6730793846367121,UNLOADING,0.016488630160292287,0.054948020024181275,0.020205260764241798,8.278198242187562,-0.0016887207031249796,0.5710886933580064,1,staged_v3,0.18957515185015925,2,1.0889677966789868,0.18957515185015925,2,1,1,1
v3_right_hand_proxy:v3_left_hand_proxy,164,0.02202074645094079,0.025075471401203586,0.04013079608378319,0.06143460806524922,0.43861474288668906,FLAT,0.0,-1,0.040552851253007074,0.025462484761488963,0.06440512633665021,SUPPORT,0.43498692466587363,0.002757771555343548,0.03807390597628986,0.0075644768495714,0.04013079608378319,0.009991147507330295,0,ok,0.0,0.002957515362959137,FLAT,0.0,-1,0.22995824602201265,0.004831658748072034,0.7653015154673802,UNLOADING,0.014232272190774596,0.058433417025296974,0.020364014223325844,3.908358365297404,-0.00012537735700601793,0.5709633160010004,1,staged_v3,0.17951811050426567,2,1.0772377731651746,0.18031498313435337,2,0,1,1
v3_right_hand_proxy:v3_left_hand_proxy,165,3.2748327618513155e-05,1.3737516568745889e-05,5.642812686399166e-05,0.06143326005176848,0.5143245228473493,FLAT,0.0,-1,0.01628488461680209,0.02546123523980319,0.05855826526849642,SUPPORT,0.4379895397326989,0.0024666780236216324,0.03807287530616592,1.0636451328704943e-05,5.642812686399166e-05,0.00999040884313962,0,ok,0.0,0.002303315280618286,FLAT,0.0,-1,0.3929912953535234,0.004834471658821792,0.8318311872881597,UNLOADING,0.012254425562955742,0.0617570877055862,0.02036511532980586,0.3132716735579355,-6.868758284372944e-08,0.5709632473134175,1,staged_v3,0.15120121898123937,2,1.0732086842243014,0.15126949387800365,2,0,1,1
v3_right_hand_proxy:v3_left_hand_proxy,166,0.35988337014864247,0.20001373751656892,1.0000000000000002,0.07307700333824027,0.5691723671116972,FLAT,0.0,-1,0.024032446273039593,0.0011141125465578697,0.05557404448380454,SUPPORT,0.4403916317861591,0.02666458967763236,0.030752642634423163,0.18849555921538763,1.0000000000000002,0.014753464278197695,0,ok,0.0,0.001793823744205854,FLAT,0.0,-1,0.42976228816773476,0.056327117204456455,0.879501780229947,UNLOADING,0.010534672277927502,0.024359761699438695,0.04461532731205865,-2.500000000000002,-0.0010000686875828446,0.5699631786258347,0,staged_v3,0.135995669620942,2,1.0648988024287778,0.132427261306707,2,0,0,0
v3_torso_proxy:v3_right_hand_proxy,167,0.03877134472766033,0.4000137375165691,0.9961664205859455,0.07297295384296433,0.571130977845373,FLAT,0.0,-1,0.04689743886580277,0.0012338067107727961,0.07305794801867567,SUPPORT,0.4423133054289273,0.02741909069016099,0.03307675728017157,0.1877729465199388,0.9961664205859455,0.05339250972156738,0,ok,0.0,0.0013970313366795987,FLAT,0.0,-1,0.5546876707889651,0.07601273912900319,0.9136592526663554,UNLOADING,0.009046950628174635,0.027920001285502538,0.04276296134781524,-2.500000000000002,-0.0020000686875828455,0.5679631099382518,0,staged_v3,0.162022002836127,2,1.0581355260720307,0.1261918634526541,2,0,0,0
v3_torso_proxy:v3_right_hand_proxy,168,0.2706291538583145,0.6000137375165693,0.8640328012866318,0.07105184897337724,0.5676552006134591,FLAT,0.0,-1,0.05363213855415438,0.004360440376603635,0.08674942620808859,SUPPORT,0.4438506443431418,0.024977030933800798,0.03777979230321698,0.16286634605896155,0.8640328012866318,0.05506539994751118,0,ok,0.0,0.0010880090989813628,FLAT,0.0,-1,0.5541310081192163,0.0909238702150707,0.9381341511571032,UNLOADING,0.007764144910786442,0.031088316395892247,0.04081839116196292,-2.500000000000002,-0.0030000686875828464,0.564963041250669,0,staged_v3,0.11140518739837248,2,1.0186737621774615,0.11264291730160099,2,1,0,0
v3_torso_proxy:v3_left_forearm_proxy,169,0.3596065864513816,0.8000137375165695,1.0,0.029133132016513002,0.5597489980480612,FLAT,0.0,-1,0.05859411793223319,0.03398263836307261,0.11667687128858227,SUPPORT,0.44508051547451344,0.0,0.0332094655607213,0.1884955592153876,1.0,0.06240819151827656,0,ok,0.0,0.000847342338275499,FLAT,0.0,-1,0.5413989442426109,0.0913916206232342,0.9556711822488392,UNLOADING,0.00666034730697213,0.04546278128902405,0.027320777823417925,-2.500000000000002,-0.004000068687582847,0.5609629725630861,0,staged_v3,0.18633708284503694,2,1.008764446907458,0.13228179839357387,2,0,0,0
v3_torso_proxy:v3_left_forearm_proxy,170,0.9999999999999999,0.6000137375165693,1.0000000000000002,0.05343987315355104,0.5371930361517967,FLAT,0.0,-1,0.06397444418811708,0.015567941866345813,0.1574506320429293,SUPPORT,0.44606441237961075,0.017304589735800655,0.06343340359010634,0.18849555921538763,1.0000000000000002,0.06018308277947956,0,ok,0.0,0.0006599108765785139,AIR,0.0,-1,1.1367616376277732,0.10079311867326167,0.9682370141205741,UNLOADING,0.005711863511669603,0.0,0.07567129361490293,2.500000000000002,-0.0030000686875828464,0.5579629038755033,0,staged_v3,0.23123524861519376,2,0.9608333682737976,0.2315381177261839,2,1,1,1
v3_torso_proxy:v3_left_forearm_proxy,171,0.9647900527973272,0.4000137375165691,0.9999950351332588,0.0805404688613104,0.5174209272008427,FLAT,0.0,-1,0.0606059555670571,0.039616945450787686,0.18569480609309183,SUPPORT,0.4468515299036886,0.0,0.07383384824904995,0.1884946233600548,0.9999950351332588,0.06883209160179492,0,ok,0.0,0.0005139391074366838,AIR,0.0,-1,1.224687159318425,0.06369285863369419,0.9167744962759569,UNLOADING,0.004901993415873931,0.0517042349089243,0.019134489904873552,2.500000000000002,-0.0020000686875828455,0.5559628351879204,0,staged_v3,0.2489680460643529,2,1.0035386071261483,0.24943567226597876,2,1,0,0
v3_torso_proxy:v3_left_forearm_proxy,172,0.7474923899848175,0.20001373751656892,0.7521524598547474,0.09730951493443793,0.4994220472271434,FLAT,0.0,-1,0.049086262072543255,0.030196872604802555,0.20530771745934823,UNLOADING,0.3830155970603045,0.005068513268164862,0.059177977117941136,0.14177739853555,0.7521524598547474,0.07840784494748929,0,ok,0.0,0.00040025617932270825,AIR,0.0,-1,1.496923672069363,0.08538569968165757,0.8186964941978385,UNLOADING,0.004212075477681968,0.05479965638918946,0.011135168320702469,2.500000000000002,-0.0010000686875828446,0.5549627665003376,0,staged_v3,0.19077004617871107,2,0.9493053527971527,0.18378088140631715,2,1,0,0
v3_torso_proxy:v3_left_forearm_proxy,173,0.5785124075640286,1.3737516568745889e-05,0.9999996111737878,0.11741480391323238,0.4922187708895714,FLAT,0.0,-1,0.042194374779072084,0.03998662664430601,0.21732188425108664,UNLOADING,0.32829908319454676,0.02047669910695442,0.015389395105599918,0.18849548592337328,0.9999996111737878,0.06794594145745307,0,ok,0.0,0.00031171982588569383,AIR,0.0,-1,1.451430195844264,0.06739635731990612,0.6939348186610951,UNLOADING,0.003623979921589778,0.006794760650686085,0.05290198028236867,2.500000000000002,-6.868758284372944e-08,0.5549626978127548,0,staged_v3,0.2319203092606885,2,0.9671813116264963,0.1956609438615455,2,0,0,0
v3_torso_proxy:v3_left_forearm_proxy,174,0.9999999999999997,0.19998626248343143,0.9999999131878489,0.05906574868105379,0.4749780839708979,FLAT,0.0,-1,0.035236260237299796,0.02011719840756318,0.20582389194683276,UNLOADING,0.2813992141667544,0.015173996189778459,0.03072038224016765,0.18849554285168263,0.9999999131878489,0.06793161293326642,0,ok,0.0,0.00024276764449866035,AIR,0.0,-1,1.4202649681637691,0.04978768042000714,0.5863161846019712,UNLOADING,0.003120615510710009,0.027321179653009953,0.026994629577088612,2.500000000000002,0.0009999313124171572,0.5559626291251719,0,staged_v3,0.26657791235654427,2,0.9960114660591459,0.26657791235654427,2,1,0,0
v3_torso_proxy:v3_left_forearm_proxy,175,0.9999999999999999,0.3999862624834316,0.987739562695738,0.18010073586525738,0.47155474672420195,FLAT,0.0,-1,0.03176480130741492,0.041331679290064066,0.1955052964674266,SUPPORT,0.3151193713334035,0.02773625918857325,0.00703900563479808,0.18618452122949555,0.987739562695738,0.06793193729477522,0,ok,0.0,0.00018906763163995712,AIR,0.0,-1,1.1807674570968478,0.03771050446416505,0.49098107652002687,UNLOADING,0.0026885617237974763,0.033362440331565296,0.01618661349443605,2.500000000000002,0.001999931312417158,0.5579625604375891,0,staged_v3,0.2718490664046311,2,0.9923689815566116,0.2718490664046311,2,1,1,1
v3_torso_proxy:v3_left_forearm_proxy,176,0.11224365234375006,0.5999862624834318,0.08144273831070238,0.1844995522914033,0.4514387496232996,FLAT,0.0,-1,0.027533787792041745,0.03645771267165759,0.1671555209075669,SUPPORT,0.3420954970667228,0.027065405140540018,0.006292370904838328,0.015351594501908317,0.08144273831070238,0.0676642555799794,0,ok,0.0,0.00014724601957465453,AIR,0.0,-1,1.0847895890655719,0.03986452698157884,0.45101735552499855,UNLOADING,0.0023160294074284814,0.021844200626849518,0.02570666714940041,2.500000000000002,0.002999931312417159,0.5609624917500062,1,staged_v3,0.29354538570167255,2,1.0331942471406745,0.29485688459782283,2,1,1,1
v3_torso_proxy:v3_left_forearm_proxy,177,0.0726928710937499,0.3999862624834316,0.06209473450891563,0.16919419355676443,0.430069173966136,FLAT,0.0,-1,0.026695270108252428,0.03788781619153739,0.1253156119347511,SUPPORT,0.3636763976533783,0.02525342476398913,0.006012355832748426,0.011704581705589079,0.06209473450891563,0.06734221491383782,0,ok,0.0,0.00011467531534888836,AIR,0.0,-1,0.9320950430796556,0.04295581857721841,0.4223820981450256,UNLOADING,0.001994630708516753,0.01533580529430184,0.03078329961294944,-2.500000000000002,0.001999931312417158,0.5629624230624234,1,staged_v3,0.2805052615055968,2,1.039794070441824,0.2807331869960728,2,1,1,1
v3_torso_proxy:v3_left_forearm_proxy,178,1.0000000000000002,0.5999862624834318,1.0000000000000002,0.19774784593980468,0.43709557333574983,FLAT,0.0,-1,0.013024432087683358,0.03554513272093913,0.09391476793398498,SUPPORT,0.38094111812270265,0.021077521794367934,0.008618216602331315,0.18849555921538763,1.0000000000000002,0.054036783421443205,0,ok,0.0,8.930922539267454e-05,AIR,0.0,-1,0.8963464754337548,0.036866549792046795,0.40186403964593587,UNLOADING,0.0017173147586284632,0.008226652190250004,0.040777919883415926,2.500000000000002,0.002999931312417159,0.5659623543748405,0,staged_v3,0.2710256305751677,2,1.0594757039422775,0.25526342491917575,2,0,0,0
v3_torso_proxy:v3_left_forearm_proxy,179,1.0000000000000002,0.799986262483432,1.0000000000000002,0.19143089699393462,0.42583126724488957,FLAT,0.0,-1,0.023382863874024797,0.04785503903533674,0.07169920425561387,SUPPORT,0.39475289449816214,0.0,0.028697677436032527,0.18849555921538763,1.0000000000000002,0.039586250070465095,0,ok,0.0,6.955409467131554e-05,AIR,0.0,-1,0.8462728718880038,0.04333702246194017,0.3871622082991534,UNLOADING,0.001478073418507557,0.024485654321689077,0.019872456093268594,2.500000000000002,0.00399993131241716,0.5699622856872577,0,staged_v3,0.29665236272256007,2,1.1227878059346756,0.27183684260682567,2,0,1,1
v3_torso_proxy:v3_left_forearm_proxy,180,0.9421997070312497,0.9999862624834321,0.9421993665381122,0.1832356371315826,0.45208541849860306,FLAT,0.0,-1,0.02200719633199297,0.07250823440978074,0.05578105729801514,SUPPORT,0.4058023155985297,0.01316112946707924,0.014627923397821516,0.17760039648798542,0.9421993665381122,0.009990113009676966,0,ok,0.0,5.416878339584317e-05,AIR,0.0,-1,0.8107519958414436,0.029914287682501824,0.3766278858164085,UNLOADING,0.0012717439742962232,0.013917106608318602,0.04307721324621548,2.500000000000002,0.004999931312417161,0.5749622169996749,1,staged_v3,0.34348206698105127,2,1.1227570521005101,0.3224476555588834,2,0,1,1
v3_torso_proxy:v3_left_forearm_proxy,181,0.0,0.799986262483432,0.0,0.19060047309977016,0.46566226164165975,FLAT,0.0,-1,0.022417143875936744,0.0765081657221979,0.045883664949333366,SUPPORT,0.41464185247882374,0.008666328537227992,0.018627854710238676,0.0,0.0,0.009990113009676945,0,ok,0.0,4.2186690926707976e-05,AIR,0.0,-1,0.6426002622161521,0.03391421899491898,0.3505868989726849,UNLOADING,0.001093980062222019,0.008615125953715268,0.04707714455863264,-2.500000000000002,0.00399993131241716,0.578962148312092,1,staged_v3,0.30756177969581183,2,1.0856758374326871,0.3014258554430294,2,0,1,1
v3_torso_proxy:v3_left_forearm_proxy,182,0.7450283186199306,0.691762923025907,1.0000000000000002,0.052061997088722764,0.48441503719300427,FLAT,0.0,-1,0.02062484842786984,0.0025282349953534263,0.04136737532194054,SUPPORT,0.42171348198305897,0.024540133770743603,0.014788887364286995,0.18849555921538763,1.0000000000000002,0.00999036002920314,0,ok,0.0,3.2855027928911506e-05,AIR,0.0,-1,0.3695248142813364,0.028738565093510547,0.301663855891649,UNLOADED,0.0009409748895500803,0.017361452460007948,0.022721740334574504,-1.3527917432190617,0.003458814615129535,0.5824209629272216,0,staged_v3,0.25989543638255475,2,1.1544965774242943,0.25989543638255475,2,1,1,1
v3_torso_proxy:v3_left_forearm_proxy,183,0.2532958984374994,0.8917629230259072,0.2532958984375001,0.13086044552214113,0.49301242265349837,FLAT,0.0,-1,0.017136403523763794,0.01877348991285138,0.039494016224571174,SUPPORT,0.4273707855864472,0.008201210898377182,0.019311822079704364,0.04774515202294061,0.2532958984375001,0.010266531481141896,0,ok,0.0,2.5587521478869158e-05,FLAT,0.0,-1,0.039255608984506155,0.022741937295668122,0.2666089637155364,UNLOADED,0.0008092307137419744,0.0316332888117043,0.006697159374072517,2.500000000000002,0.004458814615129536,0.5868797775423511,1,staged_v3,0.283055639723057,2,1.20229013373369,0.2574126975971778,2,0,1,1
v3_torso_proxy:v3_left_forearm_proxy,184,0.7676391601562504,1.0000000000000009,0.767638511358716,0.18749071150003696,0.49820660411954876,FLAT,0.0,-1,0.01771933897220075,0.04096305283392038,0.039369003351860464,SUPPORT,0.4318966284691578,0.01023792571628952,0.016730524451303505,0.14469645047382884,0.767638511358716,0.010266416193284073,0,ok,0.0,1.992758176459969e-05,FLAT,0.0,-1,0.1559995694966156,0.0050311717887605995,0.23663404088967022,UNLOADED,0.0006957994742883328,0.031800530255722916,0.012380998294503395,1.352963462176171,0.0050000000000000044,0.5918797775423511,1,staged_v3,0.27340081376306896,2,1.2220548646417477,0.27340081376306896,2,1,1,1
v3_torso_proxy:v3_left_forearm_proxy,185,0.2530517578125,1.0000000000000009,0.25305175781250006,0.18090316621277333,0.5076841436989086,FLAT,0.0,-1,0.024962529187956134,0.029546819741911607,0.03941229592345508,SUPPORT,0.43551730277532624,0.010572195749118229,0.016398419047054528,0.04769913259930403,0.25305175781250006,0.00999006103486785,0,ok,0.0,0.012338639522634906,FLAT,0.0,-1,0.12173126986377288,0.006824797066446238,0.21152042786929198,UNLOADED,0.002502392621727109,0.028751224327018363,0.019049791393447507,0.0,0.0050000000000000044,0.5968797775423511,1,staged_v3,0.19220559633808051,2,1.1422318218920322,0.19321548022750148,2,1,1,1
v3_torso_proxy:v3_left_forearm_proxy,186,0.12731933593750014,1.0000000000000009,0.12731928669045045,0.16596711964055,0.5097150912415016,FLAT,0.0,-1,0.031088671659374473,0.036324884534557206,0.038525807309158736,SUPPORT,0.438413842220261,0.0025279966226530864,0.02439829374280485,0.02399912014362071,0.12731928669045045,0.009990060856331456,0,ok,0.0,0.052707872058975494,FLAT,0.0,-1,0.09227761623420051,0.0036312218543162024,0.19428011235097942,LOADING,0.010495470248097025,0.031082783763232775,0.013889307331117276,0.0,0.0050000000000000044,0.6018797775423511,1,staged_v3,0.19297443677799217,2,1.101570714283101,0.19297443677799217,2,1,1,1
v3_torso_proxy:v3_left_forearm_proxy,187,0.5503540039062501,1.0000000000000009,0.5503540039062501,0.14228973378997473,0.5018278558051044,FLAT,0.0,-1,0.02961770991633709,0.017850254046294218,0.06456744878580964,UNLOADING,0.3757832933316523,0.010378118392996266,0.018285019366425456,0.10373928573273622,0.5503540039062501,0.013582691231420491,0,ok,0.0,0.12330240742420218,FLAT,0.0,-1,0.023659352952824914,0.002834613162959754,0.1797951406210085,LOADING,0.028623022946969393,0.031155143868090675,0.018254598475555765,0.0,0.0050000000000000044,0.6068797775423511,1,staged_v3,0.19762380060870097,2,1.0632673701257283,0.19927238580861548,2,1,1,1
v3_torso_proxy:v3_left_forearm_proxy,188,0.06022755995868451,0.8000000000000007,0.347412109375,0.13736493807781036,0.47576491911645646,FLAT,0.0,-1,0.04047000756304885,0.02957722337038193,0.08162584664029951,UNLOADING,0.3220999657128448,0.0,0.02917298057330593,0.06548563983483803,0.347412109375,0.009990530803529487,0,ok,0.0,0.18913911578012016,FLAT,0.0,-1,0.03302347483794378,0.009565805125007439,0.14004946696858916,LOADING,0.05542847504401632,0.022436668223422024,0.0179013294790483,-2.500000000000002,0.0040000000000000036,0.6108797775423511,1,staged_v3,0.2033578419836348,2,0.9394716625107008,0.19480549583258244,2,0,1,1
v3_torso_proxy:v3_left_forearm_proxy,189,0.9999999999999999,1.0000000000000009,1.0000000000000002,0.17793455580737344,0.4430159938131924,FLAT,0.0,-1,0.04948962097348072,0.01009611970783146,0.09149781764434409,UNLOADING,0.27608568489672414,0.019478771174385744,0.01048109724437139,0.18849555921538763,1.0000000000000002,0.05112137531088036,0,ok,0.0,0.2270203085776889,FLAT,0.0,-1,0.02054863706432247,0.07085339922653584,0.11054250141158149,LOADING,0.08472776319446947,0.0,0.03262292988477425,2.500000000000002,0.0050000000000000044,0.6158797775423511,0,staged_v3,0.23904942168468915,2,0.9158133160506955,0.22229389024309135,2,0,0,0
v3_torso_proxy:v3_left_forearm_proxy,190,0.10772705078124996,1.0000000000000009,0.10772705078125007,0.13773725221446936,0.43552656821609337,FLAT,0.0,-1,0.03290292018701433,0.008973997013178053,0.09853519356084464,UNLOADING,0.2366448727686207,0.022408190017030753,0.007518569661011483,0.02030607067963619,0.10772705078125007,0.052688808267725235,0,ok,0.0,0.26929526612665056,FLAT,0.0,-1,0.025487877016457234,0.08658294684499956,0.08939983670996313,SUPPORT,0.15778221055557556,0.0,0.050613090876067246,0.0,0.0050000000000000044,0.6208797775423511,1,staged_v3,0.35764424183870197,2,1.0353383368361684,0.35611463401199034,2,0,1,1
v3_torso_proxy:v3_left_forearm_proxy,191,0.7576904296875002,1.0000000000000009,0.7576904296875,0.1102653004456827,0.43472280018098314,FLAT,0.0,-1,0.03154344461956482,0.04183702420230921,0.10357769374929521,UNLOADING,0.20283846237310346,0.012479019589041854,0.017699865098422907,0.14282128125609264,0.7576904296875,0.05268888008096391,0,ok,0.0,0.31707692259915293,FLAT,0.0,-1,0.00672445985627292,0.005080671531611876,0.07425045546229032,SUPPORT,0.21622576844446045,0.02363185124150264,0.012062245904408004,0.0,0.0050000000000000044,0.6258797775423511,1,staged_v3,0.1526250634126142,2,0.9895666974702363,0.1526250634126142,2,1,1,1
v3_torso_proxy:v3_left_forearm_proxy,192,0.4385375976562499,1.0000000000000009,0.4385375976562502,0.14083041681587485,0.4417526088839006,FLAT,0.0,-1,0.03264750993308293,0.03945217821147729,0.10696341965000666,UNLOADING,0.17386153917694583,0.010255057191403641,0.020093113791096694,0.08266238970718753,0.4385375976562502,0.05268885707421307,0,ok,0.0,0.3269058685000359,FLAT,0.0,-1,0.04628441784360693,0.0047792844301522,0.06339544946251334,SUPPORT,0.2629806147555684,0.02441788329534033,0.0037518891777853407,0.0,0.0050000000000000044,0.6308797775423511,1,staged_v3,0.1801294878012223,2,1.0025757476293748,0.1801294878012223,2,1,1,1
v3_torso_proxy:v3_right_hand_proxy,193,0.9999999999999999,0.8000000000000007,1.0000000000000002,0.10288635826108732,0.44335089696883884,FLAT,0.0,-1,0.02371542865340464,0.006583700855674498,0.1103610557249807,UNLOADING,0.14902417643738214,0.023934351930574537,0.032836652745028366,0.18849555921538763,1.0000000000000002,0.08633236090399807,0,ok,0.0,0.3187592731475726,FLAT,0.0,-1,0.061239211801187826,0.005973555160431369,0.05588652514246749,SUPPORT,0.3003844918044547,0.021820771096692008,0.029026264654957282,-2.500000000000002,0.0040000000000000036,0.6348797775423511,0,staged_v3,0.19635106559721888,2,1.0096049098127466,0.16378495078436872,2,0,0,0
v3_pelvis_proxy:v3_right_hand_proxy,194,0.906396030850754,1.0000000000000009,0.9017075991946806,0.15096564009728894,0.44214159559547705,FLAT,0.0,-1,0.021326545720242285,0.01794278600474156,0.11371586976964873,UNLOADING,0.12773500837489898,0.022491623754299035,0.008194169734183403,0.1699678781589659,0.9017075991946806,0.08267448981214015,0,ok,0.0,0.3035900714068673,FLAT,0.0,-1,0.07191392686119515,0.05715251128943978,0.04645264911179301,SUPPORT,0.33030759344356375,0.0,0.029809397651125766,2.500000000000002,0.0050000000000000044,0.6398797775423511,0,staged_v3,0.17770004581254875,2,1.0155388030365027,0.17879467833132814,2,1,0,0
v3_pelvis_proxy:v3_left_hand_proxy,195,0.7432635056663832,0.8000000000000007,0.8208819387729948,0.07245173464590694,0.441603995362606,FLAT,0.0,-1,0.030107043042750654,0.009834124405984749,0.11553531960353139,UNLOADING,0.1094871500356277,0.02094264157419182,0.03963565837848763,0.15473260009882722,0.8208819387729948,0.08951686864486334,0,ok,0.09534324862346454,0.3417968202356467,FLAT,0.0,-1,0.013359203095440773,0.003666965363945008,0.03902746553393198,SUPPORT,0.354246074754851,0.023284407912751593,0.029014804338507602,-2.500000000000002,0.0040000000000000036,0.6438797775423512,0,staged_v3,0.2118598179266216,2,0.9955481651840424,0.21368408927787141,2,1,0,0
v3_pelvis_proxy:v3_right_hand_proxy,196,0.056004584131915953,0.6000000000000005,0.50020006710733,0.06423260006258481,0.4509902376349467,FLAT,0.0,-1,0.027858657789723493,0.004190166685979294,0.11622795271132938,SUPPORT,0.17758972002850215,0.02662123094958718,0.03627527851544965,0.09428549136897058,0.50020006710733,0.08425429212496122,0,ok,0.09565141502866636,0.37063730407814127,FLAT,0.0,-1,0.018812672840353012,0.005035954344335095,0.033363024453191926,SUPPORT,0.37339685980388077,0.021632196878324503,0.031294279096730444,-2.500000000000002,0.0030000000000000027,0.6468797775423512,0,staged_v3,0.20604825313890274,2,0.9895220488444177,0.20762285202125014,2,1,0,0
v3_pelvis_proxy:v3_right_hand_proxy,197,0.053310784539190616,0.40000000000000036,1.0000000000000002,0.06407346720385491,0.4701028649041623,FLAT,0.0,-1,0.02584129191830263,0.0038494657901794503,0.11543632846601637,SUPPORT,0.2320717760228017,0.02692235063312137,0.0351315599040243,0.18849555921538763,1.0000000000000002,0.07906672995520242,0,ok,0.093544257981303,0.37709615390052853,FLAT,0.0,-1,0.03416761056380627,0.012769895926927843,0.05585812247914057,UNLOADING,0.3200544512604692,0.015023010197029188,0.037507775235253046,-2.500000000000002,0.0020000000000000018,0.6488797775423512,0,staged_v3,0.14998270816295092,2,0.9949310112505075,0.15008561644904084,2,0,0,0
v3_pelvis_proxy:v3_right_hand_proxy,198,0.05596275999472923,0.20000000000000018,0.8625431238755952,0.06393932117145032,0.4865080798714334,FLAT,0.0,-1,0.019218326167369022,0.004588107144890716,0.08592857886996164,SUPPORT,0.2756574208182414,0.02470832179860737,0.03550715934387325,0.16258554848231765,0.8625431238755952,0.08255507965864989,0,ok,0.09310082480851305,0.3947953560883388,FLAT,0.0,-1,0.022445109759414186,0.014387090990224817,0.07183816034755067,UNLOADING,0.2743323867946879,0.014204817027152719,0.03931463244841615,-2.500000000000002,0.0010000000000000009,0.6498797775423512,0,staged_v3,0.14993299241410937,2,0.999489327492743,0.1491490237543948,2,0,0,0
v3_pelvis_proxy:v3_right_hand_proxy,199,0.048665332962833534,0.0,0.5870438266001409,0.06381434126872704,0.4990356533715792,FLAT,0.0,-1,0.016155600823682486,0.004543909446599604,0.06469415094012775,SUPPORT,0.3105259366545931,0.023690798100406786,0.035329272861003,0.11065515437893458,0.5870438266001409,0.08593030574654971,0,ok,0.09292133010182989,0.4105046389749349,FLAT,0.0,-1,0.01740069505624755,0.013992211076776485,0.08383497169407941,UNLOADING,0.2351420458240182,0.015199537507927487,0.0391619712929509,-2.500000000000002,0.0,0.6498797775423512,0,staged_v3,0.14717726420839217,2,1.0031544254031193,0.1459600326514843,2,0,0,0
v3_pelvis_proxy:v3_right_hand_proxy,200,0.014571025999266983,0.20000000000000018,0.4099185886780712,0.06420603094904229,0.5145097357351458,FLAT,0.0,-1,0.008846381312697625,0.0037044564082744794,0.04974552923945057,SUPPORT,0.3384207493236745,0.023782820053698053,0.03445824208496294,0.07726783360565548,0.4099185886780712,0.09020956173706729,0,ok,0.09290517041579356,0.4238324965857196,FLAT,0.0,-1,0.014854825808001734,0.01263104155778378,0.09276941095497068,UNLOADING,0.2015503249920156,0.017007428989964754,0.038356465818301204,-2.500000000000002,-0.0010000000000000009,0.6488797775423512,0,staged_v3,0.14214630982969664,2,1.006907183203264,0.1407578224243333,2,0,0,0
v3_pelvis_proxy:v3_right_hand_proxy,201,0.011572263283823919,0.40000000000000036,0.27966180947276054,0.06435167970380985,0.5325761243077516,FLAT,0.0,-1,0.007424388183235994,0.0025880517797066587,0.039248262671046585,SUPPORT,0.3607365994589396,0.024374361353845672,0.03345950449281595,0.05271500916775518,0.27966180947276054,0.09397814479637717,0,ok,0.09294068966172699,0.4355058713661072,FLAT,0.0,-1,0.013508651348596412,0.010214419441239454,0.09908832049633126,UNLOADING,0.17275742142172767,0.01973999658357711,0.03638892003238457,-2.500000000000002,-0.0020000000000000018,0.6468797775423512,0,staged_v3,0.13815491760670348,2,1.0084594271020277,0.13672490240201637,2,0,0,0
v3_pelvis_proxy:v3_left_hand_proxy,202,0.8858442606819422,0.40000000000000036,0.8937988281249999,0.09747916926713822,0.5523819097065594,FLAT,0.0,-1,0.00811527594632027,0.05089871508504486,0.031687844951373674,SUPPORT,0.37858927956715166,0.0,0.07023585961003409,0.16847710993347997,0.8937988281249999,0.07471136081820404,0,ok,0.07569725690351357,0.44945138506304055,FLAT,0.0,-1,0.009644245891512464,0.0023484204440426025,0.10310223231958565,UNLOADING,0.1480777897900523,0.02780669117193668,0.005578897900181894,0.0,-0.0020000000000000018,0.6448797775423512,1,staged_v3,0.13673534907706286,2,0.992598250020788,0.12786413790575796,2,1,0,0
v3_pelvis_proxy:v3_left_hand_proxy,203,0.7660345413898213,0.6000000000000005,0.6698109686076572,0.06481543567469955,0.568716296479617,FLAT,0.0,-1,0.0066264509325424815,0.004842512634878238,0.026238775403560313,SUPPORT,0.39287142365372135,0.02146942613529978,0.03606354387256615,0.12625639309630077,0.6698109686076572,0.09288334355898462,0,ok,0.09224499665320098,0.45536618901423676,FLAT,0.0,-1,0.0128664853790428,0.00590795169873955,0.10575712507514634,SUPPORT,0.20846223183204182,0.02437990455501777,0.033232966189897406,-2.500000000000002,-0.0030000000000000027,0.6418797775423511,0,staged_v3,0.2108562276624731,2,0.9997636026147051,0.21258723542221783,2,1,0,0
v3_pelvis_proxy:v3_left_hand_proxy,204,0.5099487304687501,0.40000000000000036,0.5099486689167086,0.053558637282668665,0.5816545573826606,FLAT,0.0,-1,0.006187246972281121,0.010630999966505263,0.050551619977771654,SUPPORT,0.4042971389229771,0.023512055075512697,0.004015525923375889,0.09612305951859754,0.5099486689167086,0.0841454472132505,0,ok,0.0947096875594228,0.45403010737282656,FLAT,0.0,-1,0.021339844076927492,0.027422539381260123,0.10707057455744574,UNLOADING,0.178681912998893,0.0029309893466121645,0.040034186506162917,2.500000000000002,-0.0020000000000000018,0.6398797775423511,1,staged_v3,0.2727112388899465,2,0.9961492913439929,0.2727112388899465,2,1,1,1
v3_pelvis_proxy:v3_left_hand_proxy,205,0.53582763671875,0.1071655273437555,0.5358276367187501,0.17518203905076501,0.5768445871325127,FLAT,0.0,-1,0.016627828499433197,0.023001376839409473,0.03895370165267929,SUPPORT,0.4134377111383817,0.003946308243224492,0.04891364470982132,0.10100113002636035,0.5358276367187501,0.09452089241534067,0,ok,0.045325333353138667,0.4612980071327833,FLAT,0.0,-1,0.012708475020986059,0.023729993103025093,0.10864754981972775,UNLOADING,0.15315592542762257,0.028205324879220776,0.002227052611765615,3.6604309082030606,-0.0005358276367187775,0.6393439499056324,1,staged_v3,0.295777018634658,2,0.9730607237805932,0.295777018634658,2,1,1,1
v3_pelvis_proxy:v3_left_hand_proxy,206,1.0000000000000002,0.09283447265624467,1.0,0.11324621477049819,0.5818467651813415,FLAT,0.0,-1,0.011755181466015226,0.013877245042213056,0.030090021433479244,SUPPORT,0.4207501689107053,0.01262725602946091,0.03510162302886645,0.1884955592153876,1.0,0.05625526827071012,0,ok,0.2383062426356962,0.4647001632220571,FLAT,0.0,-1,0.014386171222725846,0.08763310107862125,0.10977750197115312,UNLOADING,0.15890099756612885,0.0,0.10977014416833,2.500000000000002,0.00046417236328122335,0.6398081222689136,0,staged_v3,0.25383314769133164,2,1.0058714345672428,0.254278413668064,2,0,1,1
v3_pelvis_proxy:v3_right_hand_proxy,207,0.9344570429314922,0.1071655273437555,1.0,0.11116786228292175,0.5878011827461872,FLAT,0.0,-1,0.0028247442253953167,0.007227903517270322,0.02484243202624069,SUPPORT,0.42660013512856426,0.019014218084041714,0.030697233173534205,0.1884955592153876,1.0,0.08721190836706216,0,ok,0.12427305149793201,0.4742399869961852,FLAT,0.0,-1,0.0067046556193183894,0.025914130310805788,0.11058714806709961,UNLOADING,0.1362008550566819,0.0046152270925491935,0.046030479462020005,-2.500000000000002,-0.0005358276367187775,0.6392722946321948,0,staged_v3,0.34313603264352466,2,0.9921874740533165,0.33946669384409794,2,0,0,0
v3_pelvis_proxy:v3_right_hand_proxy,208,0.1783447265625002,0.09283447265624467,0.17834472656250003,0.09094241045831357,0.5978411971086033,FLAT,0.0,-1,0.005306973889005893,0.0014685724648811115,0.021543468946222468,SUPPORT,0.4312801081028514,0.024608600982430014,0.01709694388611321,0.033617188966513833,0.17834472656250003,0.09071523681764526,0,ok,0.13673248300705398,0.4803365927800109,FLAT,0.0,-1,0.0067119799897212085,0.036025847564721714,0.11121148717677051,UNLOADING,0.11674359004858448,0.0,0.057122206611795755,2.500000000000002,0.00046417236328122335,0.639736466995476,1,staged_v3,0.40493912992394987,2,1.0009735367714914,0.40493912992394987,2,1,1,1
v3_pelvis_proxy:v3_right_hand_proxy,209,0.06781005859375004,0.29283447265624485,0.04723300815040722,0.10494288864960404,0.6073303476111264,FLAT,0.0,-1,0.0020932935589951436,0.0017119553216110419,0.01892451206390498,SUPPORT,0.43502408648228114,0.02423427028158421,0.016584566133681915,0.00890321228473597,0.04723300815040722,0.09147279241454168,0,ok,0.14779996219160613,0.4793123311875892,FLAT,0.0,-1,0.01723722603008957,0.03886075082343135,0.11167477338243637,UNLOADING,0.10006593432735812,0.0,0.05898746239246411,2.500000000000002,0.0014641723632812242,0.6412006393587573,1,staged_v3,0.15293131065774673,2,1.0045768260177743,0.142414940832053,2,0,1,1
v3_pelvis_proxy:v3_right_hand_proxy,210,0.24835645022771136,0.09283447265624467,0.6025448361889665,0.10974062790664275,0.6092509047677769,FLAT,0.0,-1,0.007743379036409493,0.002397262880305018,0.01705303751889322,SUPPORT,0.4380192691858249,0.023455388995639644,0.03390719031573592,0.11357702584978335,0.6025448361889665,0.10265970774895944,0,ok,0.12125773346846044,0.4747583334326225,FLAT,0.0,-1,0.02074439473013452,0.007885190976766005,0.11200097309631118,UNLOADING,0.08577080085202125,0.022714857678049555,0.03570770288256696,-2.500000000000002,0.00046417236328122335,0.6416648117220385,0,staged_v3,0.14083861627539002,2,1.0038996108996867,0.14004454829378826,2,0,0,0
v3_torso_proxy:v3_left_forearm_proxy,211,0.09252737476589547,0.1071655273437555,0.24933688109273558,0.0887154836264219,0.6138749505758784,FLAT,0.0,-1,0.00498492733974359,7.023942160044611e-05,0.015682994299876227,SUPPORT,0.4404154153486599,0.025713910293393368,0.031169100754582704,0.046998894834595795,0.24933688109273558,0.10195671573032711,0,ok,0.09713692371626459,0.476406937536069,FLAT,0.0,-1,0.008465606949365732,0.00478354002769978,0.1121803347464321,UNLOADING,0.0735178293017325,0.025825476709621827,0.03290339609568659,-2.500000000000002,-0.0005358276367187775,0.6411289840853197,0,staged_v3,0.1390583288961211,2,1.0063712376053477,0.13664510162382912,2,0,0,0
v3_pelvis_proxy:v3_right_hand_proxy,212,1.0,0.09283447265624467,1.0,0.26791517315871494,0.6122371671969762,FLAT,0.0,-1,0.006268279895550894,0.05270172202827169,0.01480795527144516,SUPPORT,0.44233233227892793,0.0,0.10368365954240062,0.1884955592153876,1.0,0.08920084671048552,0,ok,0.2232902387922035,0.4649126118966074,FLAT,0.0,-1,0.025267423875423713,0.016756457726886453,0.11165278197142414,UNLOADING,0.06301528225862786,0.013826181371684756,0.03495850256131447,2.500000000000002,0.00046417236328122335,0.6415931564486009,0,staged_v3,0.15857819265909923,2,1.011456806192612,0.15857819265909923,2,1,1,1
v3_pelvis_proxy:v3_right_hand_proxy,213,1.0,0.1071655273437555,0.7020759961693525,0.09727493720398253,0.6176191982938681,FLAT,0.0,-1,0.004764293596943269,0.002374212586414703,0.014121134197300456,SUPPORT,0.44386586582314236,0.023331844123450324,0.032558398045343044,0.13233820750964242,0.7020759961693525,0.10034239682048296,0,ok,0.09794074136895008,0.4679281091577007,FLAT,0.0,-1,0.015402008176150703,0.013056118212655222,0.11221922810539212,UNLOADING,0.05401309907882388,0.017554843192614387,0.04049695936554797,-2.500000000000002,-0.0005358276367187775,0.6410573288118822,0,staged_v3,0.2029407572178238,2,1.006440369880448,0.2029407572178238,2,1,0,0
v3_pelvis_proxy:v3_right_hand_proxy,214,0.06652832031250026,0.09283447265624467,0.06652832031250001,0.10426800569653477,0.6031583339182495,FLAT,0.0,-1,0.014475612654060206,0.0005522810828395607,0.013715800444365898,SUPPORT,0.44509269265851387,0.025133508939378737,0.028069553857283325,0.01254029294096512,0.06652832031250001,0.1018895259392665,0,ok,0.11563025107689091,0.47582918932380813,FLAT,0.0,-1,0.007419666645281454,0.017938987349060933,0.11258084800036125,UNLOADING,0.046296942067563324,0.01269005505095713,0.044915627236269635,2.500000000000002,0.00046417236328122335,0.6415215011751634,1,staged_v3,0.1520241299062397,2,1.003490618607393,0.1520241299062397,2,1,1,1
v3_pelvis_proxy:v3_left_hand_proxy,215,0.20617434786389735,0.1071655273437555,0.27640871944551587,0.09138818618887622,0.5925396344059097,FLAT,0.0,-1,0.019089709626068072,0.0035602360863485486,0.01442031173962248,SUPPORT,0.4460741541268111,0.02216077950063258,0.03318442293018033,0.0521018161438917,0.27640871944551587,0.09880478182976984,0,ok,0.09694464002040266,0.48030868961538403,FLAT,0.0,-1,0.009395987699719822,0.0039324129804242354,0.11283995997763305,UNLOADING,0.039683093200768564,0.02670958501845742,0.03229386728395196,-2.500000000000002,-0.0005358276367187775,0.6409856735384446,0,staged_v3,0.13734164196696885,2,1.0043452122587457,0.13462137717436917,2,0,0,0
v3_pelvis_proxy:v3_left_hand_proxy,216,0.9999999999999999,0.09283447265624467,1.0,0.11978962242399328,0.6017172943551212,FLAT,0.0,-1,0.005264878102183462,0.017748034868605638,0.014852643164296974,SUPPORT,0.4468593233014489,0.00799459728960921,0.04249612293949882,0.1884955592153876,1.0,0.05524229993571898,0,ok,0.24037895951274402,0.48839692648245925,FLAT,0.0,-1,0.005051776097361686,0.115215107436385,0.11302562182229298,UNLOADING,0.034014079886373054,0.0,0.13844960331009215,2.500000000000002,0.00046417236328122335,0.6414498459017258,0,staged_v3,0.12987764949333752,2,0.9932314856915936,0.12356575650059248,2,0,1,1
v3_pelvis_proxy:v3_left_hand_proxy,217,1.0000000000000002,0.1071655273437555,1.0,0.07099159880585369,0.6077286417617931,FLAT,0.0,-1,0.0038024482683096466,0.006875406113079065,0.014998121514793333,SUPPORT,0.44748745864115913,0.018874499962660603,0.036589828637013225,0.1884955592153876,1.0,0.07612283049378411,0,ok,0.0,0.48518849612094617,FLAT,0.0,-1,0.016386035149713814,0.006931902407875577,0.1131586543471707,UNLOADING,0.02915492561689119,0.02372603030948296,0.03640021596792863,-2.500000000000002,-0.0005358276367187775,0.640914018265007,0,staged_v3,0.32370917474674776,2,1.007211155341033,0.32370917474674776,2,1,0,0
v3_torso_proxy:v3_left_forearm_proxy,218,1.0,0.09283447265624467,1.0,0.18762857009159561,0.6086664088348198,FLAT,0.0,-1,0.007354632569435165,0.019320382914929587,0.014999755408268933,SUPPORT,0.4479899669129273,0.016881821246649033,0.008868166523764414,0.1884955592153876,1.0,0.09204838077010284,0,ok,0.0,0.4874979131225685,FLAT,0.0,-1,0.010479475606813145,0.11358929203001189,0.11325397631657028,SUPPORT,0.11332394049351295,0.0,0.031177670092502517,2.500000000000002,0.00046417236328122335,0.6413781906282883,0,staged_v3,0.30341413174714565,2,1.0033853541560167,0.30341413174714565,2,1,1,1
v3_pelvis_proxy:v3_left_hand_proxy,219,0.6836547851562503,0.29283447265624485,0.68365478515625,0.2241580776442731,0.6068514986061561,FLAT,0.0,-1,0.011126624923256627,0.08089187817977295,0.04330272751204131,UNLOADING,0.3839914002110806,0.003643085472294867,0.0235220509033072,0.128865891038303,0.68365478515625,0.09016116521633596,0,ok,0.0,0.48056915425048036,FLAT,0.0,-1,0.020638545712098114,0.03813521612661984,0.11354422478047584,SUPPORT,0.18065915239481037,0.02752173212502556,0.0031554791139982346,2.500000000000002,0.0014641723632812242,0.6428423629915695,1,staged_v3,0.3126109540233978,2,1.009205405252539,0.3138824038182351,2,1,1,1
v3_pelvis_proxy:v3_left_hand_proxy,220,1.0,0.492834472656245,0.9999892093427775,0.26146148853597906,0.5998649384033721,FLAT,0.0,-1,0.019500410292691478,0.08530130551308257,0.0652270656513648,UNLOADING,0.3291354858952119,0.0,0.028428406159267745,0.18849352522442014,0.9999892093427775,0.09139636898263659,0,ok,0.0,0.46935970008358063,FLAT,0.0,-1,0.026989848364190095,0.1113478841853561,0.08698279653753649,SUPPORT,0.2345273219158483,0.0,0.08544522180252306,2.500000000000002,0.002464172363281225,0.6453065353548507,0,staged_v3,0.24372422458086984,2,0.9737522818010917,0.242808211591082,2,0,1,1
v3_pelvis_proxy:v3_left_hand_proxy,221,0.9998481292080379,0.29283447265624485,0.8261817280252544,0.0868589097165802,0.5954029949326125,FLAT,0.0,-1,0.015103179642378178,0.012138517841263734,0.08077265530448682,UNLOADING,0.2821161307673245,0.01690011492396061,0.022980584814728415,0.1557315868376556,0.8261817280252544,0.09189284582444354,0,ok,0.0,0.47266623717368905,FLAT,0.0,-1,0.011043605306710062,0.02321139751109196,0.06794966395121065,SUPPORT,0.27762185753267865,0.005186085686468576,0.03458884994588664,-2.500000000000002,0.0014641723632812242,0.6467707077181319,0,staged_v3,0.17832241238090688,2,0.9937103595289192,0.18006823572422534,2,1,0,0
v3_pelvis_proxy:v3_right_hand_proxy,222,0.8341478680114558,0.09283447265624467,0.6940081783322848,0.08174276141995922,0.5826221461022187,FLAT,0.0,-1,0.026847329438000223,0.031608037191436886,0.09177387296782095,UNLOADING,0.24181382637199245,0.0,0.045628124180599215,0.13081745967479647,0.6940081783322848,0.09672862253657907,0,ok,0.0,0.4751004902832276,FLAT,0.0,-1,0.013905707873093105,0.016138122179139812,0.05435107296641483,SUPPORT,0.3120974860261429,0.011579431469180931,0.04331187440718179,-2.500000000000002,0.00046417236328122335,0.6472348800814132,0,staged_v3,0.14794989671910547,2,0.9930715470789659,0.14009638879971617,2,0,0,0
v3_torso_proxy:v3_left_forearm_proxy,223,0.2618816847154975,0.1071655273437555,0.5310969158738883,0.0671411822231039,0.586718901988751,FLAT,0.0,-1,0.013057453657558723,0.009457394315661085,0.0995591559710029,UNLOADING,0.2072689940331364,0.02052056348288906,0.03835941715571684,0.10010941015521624,0.5310969158738883,0.09842087717056855,0,ok,0.0,0.481877393802676,FLAT,0.0,-1,0.005367971032069397,0.015888306499278224,0.04476681252412754,SUPPORT,0.3417390445918536,0.011350034126928154,0.041260369867427135,-2.500000000000002,-0.0005358276367187775,0.6466990524446944,0,staged_v3,0.14033749008471516,2,0.9995113414964704,0.1399764658880869,2,0,0,0
v3_pelvis_proxy:v3_left_hand_proxy,224,1.0000000000000002,0.09283447265624467,0.367576365039861,0.10632763693495141,0.5919186836825485,FLAT,0.0,-1,0.010526463878159888,0.029457167714966665,0.10521807357963608,SUPPORT,0.25581519522650914,0.007416325298305711,0.022844578380676096,0.06928651248254805,0.367576365039861,0.0975628496594376,0,ok,0.08759638360014167,0.4789243573435433,FLAT,0.0,-1,0.01507837446198577,0.02733472143066245,0.037836862896163816,SUPPORT,0.36555190809290333,0.0,0.027872232723462315,2.500000000000002,0.00046417236328122335,0.6471632248079756,0,staged_v3,0.12355651521165381,2,0.9982495349615103,0.12288672463135415,2,1,1,1
v3_pelvis_proxy:v3_left_hand_proxy,225,0.9927573407320749,0.1071655273437555,0.2522446784500494,0.06835339399922863,0.5867433377826414,FLAT,0.0,-1,0.015605620160049143,0.01129024733556228,0.1091584544813054,UNLOADING,0.21927016733700783,0.019167675388502992,0.040383634122467045,0.04754700172354769,0.2522446784500494,0.09723567037243316,0,ok,0.008159855483406349,0.4776852874420281,FLAT,0.0,-1,0.014734418111008066,0.007848944644772038,0.06124810870099065,UNLOADING,0.31333020693677427,0.020213460790277495,0.03635642336310873,-2.500000000000002,-0.0005358276367187775,0.6466273971712568,0,staged_v3,0.1256853914272728,2,1.0007137284779002,0.12484219567334287,2,0,0,0
v3_pelvis_proxy:v3_left_hand_proxy,226,0.014099618270673893,0.3071655273437557,0.15745344386857535,0.06820651529501805,0.5812236493717846,FLAT,0.0,-1,0.022688155235906476,0.009361691731546683,0.08363499183031736,UNLOADING,0.19968595816968776,0.019820057859969188,0.038699392290489215,0.02967927495239575,0.15745344386857535,0.09648974132356519,0,ok,0.008422218893049225,0.4791598675453103,FLAT,0.0,-1,0.012850989696713458,0.006909634528168205,0.049456645214825,UNLOADING,0.33936254151996265,0.020563197732573046,0.035684470656988355,-2.500000000000002,-0.0015358276367187784,0.6450915695345381,0,staged_v3,0.1264716626540396,2,1.0014015203630846,0.1247281576837823,2,0,0,0
v3_pelvis_proxy:v3_left_hand_proxy,227,0.001586740475708889,0.5071655273437559,0.1087037183536813,0.06837175696974623,0.5566563977477967,FLAT,0.0,-1,0.03823731920155537,0.006616680964548539,0.06315308127429828,UNLOADING,0.18274717330085277,0.021540973099166378,0.03581506007672758,0.02049016817986915,0.1087037183536813,0.09618196752629973,0,ok,0.008157834747267662,0.4612298877311218,FLAT,0.0,-1,0.037578624719281896,0.004232482408862239,0.03798191421823332,UNLOADING,0.3577497873906849,0.02266661330204943,0.03305863275907767,-2.500000000000002,-0.0025358276367187793,0.6425557418978193,0,staged_v3,0.12651076046683998,2,1.001980204725243,0.1246057289562225,2,0,0,0
v3_torso_proxy:v3_right_forearm_proxy,228,0.7148340564794081,0.707165527343756,0.9999991429130439,0.06497325080194125,0.5602816419136674,FLAT,0.0,-1,0.021514798786783616,0.01587898221110311,0.046856979362660665,SUPPORT,0.23619773864068222,0.011463866757029924,0.04313176761655284,0.18849539765830253,0.9999991429130439,0.0939832048443639,0,ok,0.008856189139901514,0.46547954933753444,FLAT,0.0,-1,0.016702164300247284,0.007582150249454141,0.028144019904235137,SUPPORT,0.3761998299125479,0.01882505074575762,0.03484857400279942,-2.500000000000002,-0.00353582763671878,0.6390199142611005,0,staged_v3,0.14231269595615292,2,1.0024763039544686,0.13950527853959557,2,0,0,0
v3_pelvis_proxy:v3_right_hand_proxy,229,0.9999999999999999,0.5071655273437559,1.0,0.1257020793086547,0.5722657670200335,FLAT,0.0,-1,0.008733082487113157,0.02097646239062434,0.06340223225900667,SUPPORT,0.2789581909125458,0.008001324775365914,0.02016878683758442,0.1884955592153876,1.0,0.08246855317898624,0,ok,0.09301208800540639,0.4789742154797699,FLAT,0.0,-1,0.003920997242360007,0.07544308732366625,0.049454676453120086,SUPPORT,0.39095986393003834,0.0,0.04763708855478235,2.500000000000002,-0.0025358276367187793,0.6364840866243817,0,staged_v3,0.23764011889161626,2,0.9982189149904872,0.23764011889161626,2,1,0,0
v3_pelvis_proxy:v3_left_hand_proxy,230,0.9999999999999997,0.3071655273437557,0.6859127505480873,0.19292621502896945,0.5821324810756033,FLAT,0.0,-1,0.010133805201144718,0.03054258141433871,0.0737765535164709,UNLOADING,0.23910702078218213,0.007135864905727228,0.02155296277009632,0.12929150748752638,0.6859127505480873,0.0883102293727137,0,Stage B: NoSolutionFound: QP solver proxqp failed to find a solution.,0.16081622824119746,0.4847248416693634,FLAT,0.0,-1,0.005584700399082651,0.059755327530953944,0.06378269307557793,UNLOADING,0.3351084547971757,0.0025845744321851723,0.025604560221593724,2.500000000000002,-0.0015358276367187784,0.6349482589876629,0,staged_v3,0.2925178920953269,2,1.0102500296465122,0.25889920550279405,2,0,1,1
