active_collision_pair,frame_idx,frame_root_angular_budget_usage,frame_root_z_budget_usage,frame_velocity_budget_usage_max,left_anchor_error_xy,left_contact_confidence,left_contact_phase,left_contact_slack,left_elbow_branch_sign,left_foot_vxy,left_heel_height,left_liftoff_probability,left_load_phase,left_lock_weight,left_swing_clearance_error,left_toe_height,max_joint_delta,max_joint_velocity_ratio,min_self_collision_distance,qp_resolve_count,qp_status,right_anchor_error_xy,right_contact_confidence,right_contact_phase,right_contact_slack,right_elbow_branch_sign,right_foot_vxy,right_heel_height,right_liftoff_probability,right_load_phase,right_lock_weight,right_swing_clearance_error,right_toe_height,root_ddz,root_dz,root_z,safety_backtracked,solver_mode,stage_a_high_priority_error,stage_a_iterations,stage_b_detail_error,stage_b_high_priority_error,stage_b_iterations,stage_b_rejected,stage_c_iterations,stage_c_triggered
v3_pelvis_proxy:v3_left_hand_proxy,0,1.0,1.0000000000000009,1.0,0.0,0.1695829091245758,AIR,0.0,-1,0.0,0.08549976929669603,0.014939484741994608,UNLOADED,0.033409885568241225,0.0,0.12249611957306888,0.1884955592153876,1.0,0.044774751769561666,0,ok,0.0,0.15851491009727595,AIR,0.0,1,0.0,0.10896984436730642,0.028948397824602932,UNLOADED,0.03078523148372977,0.0,0.08655129707051087,0.0,-0.0050000000000000044,0.745,0,staged_v3,0.6498074780780217,2,1.118585203101492,0.6456080071482732,2,0,0,0
v3_pelvis_proxy:v3_right_hand_proxy,1,0.9999999999999997,1.0000000000000009,1.0,0.0,0.2868879386598303,AIR,0.0,-1,0.0029228317211137745,0.08450102384513539,0.028021704529024395,UNLOADED,0.0824976783765457,0.0,0.13015058419987768,0.1884955592153876,1.0,0.043320064030762606,0,ok,0.0,0.2504064588653113,AIR,0.0,1,0.01569103444162328,0.10081470009121625,0.051448100661553975,UNLOADED,0.07213288961964492,0.0,0.09192507695711255,0.0,-0.0050000000000000044,0.74,0,staged_v3,0.5604120141164615,2,1.0408986152044948,0.5580029530471851,2,0,0,0
v3_pelvis_proxy:v3_right_hand_proxy,2,1.0,1.0000000000000009,0.9999999999999999,0.0,0.36889704429426806,FLAT,0.0,-1,0.002958308542219308,0.08233963618265375,0.03989079037602175,UNLOADED,0.13683443262723485,0.0,0.12341264635837898,0.18849555921538758,0.9999999999999999,0.05119391328981704,0,ok,0.0,0.3191376340749537,FLAT,0.0,1,0.020664290524140455,0.0837376573956476,0.06910451840147482,UNLOADED,0.11712306800939953,0.0,0.09418920218800717,0.0,-0.0050000000000000044,0.735,0,staged_v3,0.4768095303844871,2,0.931610603485846,0.47576686031929255,2,0,0,0
v3_torso_proxy:v3_left_forearm_proxy,3,1.0000000000000002,1.0000000000000009,1.0000000000000002,0.0,0.43441157716010825,FLAT,0.0,-1,0.003243825361204848,0.07833484381020994,0.05576902260149668,UNLOADED,0.19150451972081076,0.0,0.11518652484080426,0.18849555921538763,1.0000000000000002,0.05713276942738596,0,ok,0.0,0.3646026764780882,FLAT,0.0,-1,0.02448583420667424,0.0695402314660315,0.08159521425418617,UNLOADED,0.1606690230021614,0.0,0.0925495971981142,0.0,-0.0050000000000000044,0.73,0,staged_v3,0.4004921750223504,2,0.9757819870011333,0.40198023109549597,2,0,0,0
v3_torso_proxy:v3_left_forearm_proxy,4,0.9999999999999999,1.0000000000000009,0.4093786070403866,0.0,0.4839773871630804,FLAT,0.0,-1,0.004585992905141214,0.07282811588417143,0.09280779418888468,UNLOADED,0.2410157184612836,0.0,0.10827683982898656,0.07716604946489408,0.4093786070403866,0.06275110781423972,0,ok,0.0,0.39526675525608185,FLAT,0.0,-1,0.02429506465723677,0.062041838788295375,0.08987214208060373,UNLOADED,0.20048387545532273,0.0,0.09112467226147344,0.0,-0.0050000000000000044,0.725,0,staged_v3,0.33306863932167863,2,0.9458884326403989,0.33251349361666066,2,0,0,0
v3_torso_proxy:v3_left_forearm_proxy,5,1.0000000000000002,1.0000000000000009,0.5814060835777024,0.0,0.5177452072550005,FLAT,0.0,-1,0.00505774018928907,0.06724006171798863,0.14921572597495425,SUPPORT,0.2828125747690269,0.0,0.1028849454116735,0.1095924648552074,0.5814060835777024,0.06766867495176869,0,ok,0.0,0.40644651763568296,FLAT,0.0,-1,0.04073089206975641,0.057229450398599224,0.09415405777202551,SUPPORT,0.2503871003642582,0.0,0.08977368607313951,0.0,-0.0050000000000000044,0.72,0,staged_v3,0.26818139574728955,2,0.9339094354182305,0.26177957550521835,2,0,0,0
v3_torso_proxy:v3_left_forearm_proxy,6,0.9204069595779485,1.0000000000000009,0.671084070672229,0.0,0.539318772744214,FLAT,0.0,-1,0.005752862830834358,0.06226288219693796,0.24664614755210745,SUPPORT,0.31625005981522153,0.0,0.09936876613420785,0.1264963671819005,0.671084070672229,0.07159527941119057,0,ok,0.0,0.4158666025525533,FLAT,0.0,-1,0.0390325041008217,0.05416498795178231,0.1252440928382029,SUPPORT,0.2903096802914066,0.0,0.08820194694230347,0.0,-0.0050000000000000044,0.715,0,staged_v3,0.21732024989642823,2,0.9326014223500934,0.19721499752692548,2,0,0,0
v3_torso_proxy:v3_left_forearm_proxy,7,0.5152027352839675,1.0000000000000009,0.6635047582053251,0.0,0.5456815717885104,FLAT,0.0,-1,0.010461477598287623,0.0586972999684201,0.3441485627145923,SUPPORT,0.34300004785217725,0.0,0.09747490679122439,0.12506770043998328,0.6635047582053251,0.07461561877383506,0,ok,0.0,0.4241467885108662,FLAT,0.0,-1,0.04220003399882623,0.0527830467688154,0.1451581498348487,SUPPORT,0.32224774423312524,0.0,0.08661961156582682,0.0,-0.0050000000000000044,0.71,0,staged_v3,0.1708449399517891,2,0.9533926629402054,0.15398339509235076,2,0,0,0
v3_torso_proxy:v3_left_forearm_proxy,8,0.38872323418864657,1.0000000000000009,0.504355836767663,0.016943244123510077,0.5514193428040385,FLAT,0.0,-1,0.003423945401123922,0.0563516132048238,0.4197860800072335,SUPPORT,0.3644000382817418,0.0,0.09651630973191243,0.0950688354950654,0.504355836767663,0.07694272431150659,0,ok,0.0,0.44182976222780335,FLAT,0.0,-1,0.03279009358340893,0.053138309746223564,0.15640767670754988,SUPPORT,0.3477981953865002,0.0,0.08607470392724711,0.0,-0.0050000000000000044,0.705,0,staged_v3,0.13434375050070868,2,0.9720834288170178,0.12146499155883526,2,0,0,0
v3_torso_proxy:v3_left_forearm_proxy,9,0.25914557168043495,1.0000000000000009,0.33080488898145755,0.03488648013879033,0.5482911151714374,FLAT,0.0,-1,0.0036163595608000214,0.05302974361763223,0.4803516952733524,UNLOADING,0.34863004369090683,0.0,0.0944209366849375,0.062355252539744055,0.33080488898145755,0.07860032434491751,0,ok,0.020570746570591842,0.4616938088343403,FLAT,0.0,-1,0.02478109226509261,0.05493970254044223,0.1615174315854953,SUPPORT,0.36823855630920016,0.0,0.08712716864066526,0.0,-0.0050000000000000044,0.7,0,staged_v3,0.10893671247823648,2,0.9868332947949576,0.10079697559251746,2,0,0,0
v3_torso_proxy:v3_left_forearm_proxy,10,0.14646908061736938,1.0000000000000009,0.32709914182897537,0.05243135386202931,0.5159653100777551,FLAT,0.0,-1,0.02648728283772081,0.05459475466504214,0.5528506478935566,UNLOADING,0.31908153139052725,0.0,0.09661075698614206,0.06165673565792609,0.32709914182897537,0.0809284477080104,0,ok,0.039499522733150515,0.48453081312936314,FLAT,0.0,-1,0.016616820603516283,0.055617424230431325,0.13484153925740486,SUPPORT,0.38459084504736013,0.0,0.08708100637555892,0.0,-0.0050000000000000044,0.695,0,staged_v3,0.10397098422328671,2,0.9961994994393385,0.10125208075528597,2,0,0,0
v3_torso_proxy:v3_left_forearm_proxy,11,0.0749636052981414,1.0000000000000009,0.3615732243556098,0.058370546748086616,0.47416303168106,FLAT,0.0,-1,0.035121296358124596,0.057355408883142195,0.6129064426576163,UNLOADING,0.2822299229418754,0.0,0.09948236601352087,0.06815494712222148,0.3615732243556098,0.08304273062507807,0,ok,0.047610685972237374,0.503171654874907,FLAT,0.0,-1,0.01993146870406056,0.05598640644186018,0.11426351532364225,SUPPORT,0.3976726760378881,0.0,0.08647735121385462,0.0,-0.0050000000000000044,0.69,0,staged_v3,0.10691440124201274,2,1.001841980308845,0.10513636965693234,2,0,0,0
v3_torso_proxy:v3_left_forearm_proxy,12,0.05812450469942746,1.0000000000000009,0.38028714476991615,0.05764289158124774,0.4133853829634161,FLAT,0.0,-1,0.06104067438830094,0.059708602941589015,0.6662048019775523,UNLOADING,0.24695634507071906,0.0,0.10294781833370586,0.07168243801582841,0.38028714476991615,0.08514177193886184,0,ok,0.0473079567718805,0.4874167023024091,FLAT,0.0,-1,0.04475231621060537,0.05682485828015545,0.09889293191114991,SUPPORT,0.40813814083031047,0.0,0.08580579880874624,0.0,-0.0050000000000000044,0.6849999999999999,0,staged_v3,0.1128307056355579,2,1.0060236030327763,0.11136914460431728,2,0,0,0
v3_torso_proxy:v3_left_forearm_proxy,13,0.10453731386635645,1.0000000000000009,0.3360784254174819,0.057871513181187106,0.3602494635242389,FLAT,0.0,-1,0.08090688284797716,0.06048416835115961,0.7150663225286858,UNLOADING,0.21555869677009856,0.0002691477752746821,0.10469644323740031,0.06334929073929518,0.3360784254174819,0.08678538454568667,0,ok,0.04716587984723668,0.462013928654657,FLAT,0.0,-1,0.06291891826273428,0.05784728715204586,0.08750836840723077,SUPPORT,0.4165105126642484,0.0,0.0853535985108772,0.0,-0.0050000000000000044,0.6799999999999999,0,staged_v3,0.11858993797361089,2,1.0108738386700387,0.11727369984269181,2,0,0,0
v3_torso_proxy:v3_left_forearm_proxy,14,0.13346748224852067,1.0000000000000009,0.31976620366072894,0.05845047440388517,0.30655635682419996,FLAT,0.0,-1,0.09272805591209432,0.060894925313101575,0.7602529098087412,UNLOADING,0.18751480357899625,0.002117720177335483,0.1057262045264338,0.06027450937721063,0.31976620366072894,0.08794799326743509,0,ok,0.04687873100353223,0.4371069272485526,FLAT,0.0,-1,0.06805980581726494,0.05853466306704613,0.07967756362639046,SUPPORT,0.4232084101313987,0.0,0.08456028550777905,0.0,-0.0050000000000000044,0.6749999999999999,0,staged_v3,0.12425218027359812,2,1.0155912916006242,0.1229282507534852,2,0,0,0
v3_torso_proxy:v3_left_forearm_proxy,15,0.13475305509940266,1.0000000000000009,0.32893747497679976,0.05925511096355042,0.3018051699613813,FLAT,0.0,-1,0.06268473821826913,0.06261972827210201,0.8219814469602094,UNLOADING,0.1626839904505221,0.0034793440759084554,0.10470011524224315,0.06200325329264944,0.32893747497679976,0.08944971980914741,0,ok,0.04686960139068705,0.40490060613071616,FLAT,0.0,-1,0.07300317884700325,0.05792929685282467,0.07452979221774687,SUPPORT,0.428566728105119,0.0,0.08346787031412195,0.0,-0.0050000000000000044,0.6699999999999999,0,staged_v3,0.1232747673279529,2,1.022217019929913,0.12213059706441182,2,0,0,0
v3_torso_proxy:v3_left_forearm_proxy,16,0.11850837667753264,1.0000000000000009,0.36160351378441685,0.06008755656664567,0.2691142509743982,FLAT,0.0,-1,0.08264970718972503,0.06599296003231862,0.8724441328839492,UNLOADING,0.14064731011840018,0.002629246611878841,0.10331991336880744,0.06816065654504277,0.36160351378441685,0.09154697902339869,0,ok,0.04679385526287741,0.3954600695354534,FLAT,0.0,-1,0.05837147464417861,0.056360394992839805,0.07676014314404091,SUPPORT,0.43285338248409516,0.0,0.08158334431509036,0.0,-0.0050000000000000044,0.6649999999999999,0,staged_v3,0.1209954054191985,2,1.0276346267565053,0.11971639154766761,2,0,0,0
v3_torso_proxy:v3_left_forearm_proxy,17,0.08569504996269352,1.0000000000000009,0.4070984501860059,0.061464051369961414,0.21257013759611032,FLAT,0.0,-1,0.14088415774439292,0.07050463450561223,0.90860222736396,UNLOADING,0.12120966823396097,0.0,0.09943240529992177,0.0767362500235288,0.4070984501860059,0.0947463181485065,0,ok,0.046739110351008105,0.4128400160720149,FLAT,0.0,-1,0.032076746766325374,0.05361418399346127,0.1046565782963859,SUPPORT,0.43628270598727614,0.0,0.07882927967580469,0.0,-0.0050000000000000044,0.6599999999999999,0,staged_v3,0.11573366915279035,2,1.032097116979026,0.11416539977752614,2,0,0,0
v3_torso_proxy:v3_left_forearm_proxy,18,0.04119074920072833,1.0000000000000009,0.4614612901897068,0.06400062194935308,0.165549789617447,FLAT,0.0,-1,0.1616925726539428,0.07521032741137296,0.9199568262620734,UNLOADING,0.10431171499786711,0.0,0.09767507944762366,0.08698340395056303,0.4614612901897068,0.09926259284959041,0,ok,0.04674992388090975,0.45573337170838635,FLAT,0.0,-1,0.0043447350877765635,0.049673880749246384,0.16124090167475646,SUPPORT,0.4390261647898209,0.0,0.07473668574522203,0.0,-0.0050000000000000044,0.6549999999999999,0,staged_v3,0.1111585667055945,2,1.035484635764683,0.10939151282266418,2,0,0,0
v3_torso_proxy:v3_left_forearm_proxy,19,0.025560728956762976,1.0000000000000009,0.5262155075341031,0.06787379367203439,0.12893030579137407,FLAT,0.0,-1,0.18446154597179018,0.07514006950629401,0.8768583291101805,UNLOADING,0.08985069785104262,0.0,0.09273999946369897,0.09918928636044977,0.5262155075341031,0.10456261630439476,0,ok,0.046789649969446845,0.4800982612389649,FLAT,0.0,-1,0.017371204931900603,0.045301337676751124,0.25248752489425075,SUPPORT,0.44122093183185673,0.0,0.07009807300829267,0.0,-0.0050000000000000044,0.6499999999999999,0,staged_v3,0.10703727238633251,2,1.0380661921720977,0.1051020617615936,2,0,0,0
v3_torso_proxy:v3_left_forearm_proxy,20,0.020154846793924135,1.0000000000000009,0.5959071709987983,0.07255693287899821,0.10041102311195782,AIR,0.0,-1,0.16382587604565954,0.07118337003175837,0.7733008350458499,UNLOADING,0.07752992408020579,0.0,0.0861056385242421,0.1123258554378781,0.5959071709987983,0.11040599644569493,0,ok,0.04700756676796671,0.48750391598208126,FLAT,0.0,-1,0.03480306314684235,0.04035166491387721,0.3887181435393928,SUPPORT,0.4429767454654854,0.004084242263092432,0.06436772576430883,0.0,-0.0050000000000000044,0.6449999999999999,0,staged_v3,0.10698790262466944,2,1.0404625741193088,0.10500903501037788,2,0,0,0
v3_torso_proxy:v3_left_forearm_proxy,21,0.028675396800560263,1.0000000000000009,0.6916506991881786,0.07466119023874421,0.07820018342859368,AIR,0.0,-1,0.14512069550157028,0.0741551097822604,0.6608123944104713,UNLOADING,0.06691554980133134,0.0,0.08480532704357502,0.13037308532518954,0.6916506991881786,0.11457506334308123,0,ok,0.04519072598745913,0.4758215999411468,FLAT,0.0,-1,0.04415829839221781,0.044008246945583286,0.515264243431721,UNLOADING,0.3933083296786637,0.006754965226002767,0.06507316744180841,0.0,-0.0050000000000000044,0.6399999999999999,0,staged_v3,0.11078447886161312,2,1.0424127989368555,0.1078563183266767,2,0,0,0
v3_torso_proxy:v3_left_forearm_proxy,22,0.06897746726166057,1.0000000000000009,0.7800820572788767,0.07583580444559748,0.060902364090516255,AIR,0.0,-1,0.0858625392697117,0.07855600666776814,0.537077761981971,UNLOADING,0.05778938731379284,0.0,0.0853598156017298,0.14704200362067188,0.7800820572788767,0.11544341712877723,0,ok,0.04385786280059669,0.43355316793915594,FLAT,0.0,-1,0.06585089673982074,0.04560422255187313,0.6303043817514149,UNLOADING,0.3472377289993628,0.010910996535697617,0.06327788396000711,0.0,-0.0050000000000000044,0.6349999999999999,0,staged_v3,0.11583810193641161,2,1.0438913412405453,0.11366407447102524,2,0,0,0
v3_torso_proxy:v3_left_forearm_proxy,23,0.11146008105175448,1.0000000000000009,0.8036460223115713,0.07643961073535108,0.047430808844593865,AIR,0.0,-1,0.05837810199218373,0.08199758372873682,0.43933494178026344,UNLOADING,0.04991447813178499,0.0,0.08496649138676397,0.1514837063868415,0.8036460223115713,0.1126884961919368,0,ok,0.04422264175610829,0.39965967063439595,FLAT,0.0,-1,0.05732126052286271,0.045661557818391485,0.6865822997459547,UNLOADING,0.30592258717504706,0.013667557168906254,0.06042416973461122,0.0,-0.0050000000000000044,0.6299999999999999,0,staged_v3,0.12352097929622383,2,1.0445315659522922,0.12049999195801189,2,0,0,0
v3_torso_proxy:v3_left_hand_proxy,24,0.142811535706049,1.0000000000000009,0.7534456268342475,0.07663939638648659,0.03693915106987982,AIR,0.0,-1,0.04092107044141377,0.08450485161041561,0.35527054606572517,UNLOADING,0.0431124863055753,0.0,0.08360021384215807,0.14202115476850974,0.7534456268342475,0.10682347062479303,0,ok,0.04549927531746252,0.3550005011459032,FLAT,0.0,-1,0.06080660054621495,0.04248517089100866,0.6851831252035109,UNLOADING,0.2695216510045479,0.01677398536916689,0.052793544669888205,0.0,-0.0050000000000000044,0.6249999999999999,0,staged_v3,0.12914288476709287,2,1.0448093115206263,0.12640263414241648,2,0,0,0
v3_torso_proxy:v3_left_hand_proxy,25,0.14468764823503888,1.0000000000000009,0.5821944992082897,0.0769888529182954,0.02876823977921533,AIR,0.0,-1,0.09890532679639316,0.08158624762670488,0.2950357744317934,UNLOADING,0.03723002077569669,0.0,0.07552776300646599,0.1097410777003891,0.5821944992082897,0.09756130296172924,0,ok,0.048604553115325445,0.29450721968437815,FLAT,0.0,-1,0.10673132655574888,0.043854932086310285,0.6807765996364472,UNLOADING,0.2368862163792518,0.015183897895512076,0.044251927163379404,0.0,-0.0050000000000000044,0.6199999999999999,0,staged_v3,0.13858582705765846,2,1.0439012545969986,0.13605803773863764,2,0,0,0
v3_torso_proxy:v3_left_hand_proxy,26,0.13406604699232924,1.0000000000000009,0.37831811370123997,0.07699670628878244,0.02240472766763884,AIR,0.0,-1,0.09127355855293674,0.07640018835416398,0.2518756745708194,UNLOADING,0.0321350819093494,0.0,0.06356065856671095,0.07131128440342582,0.37831811370123997,0.09155630995189504,0,ok,0.05248041350331965,0.22936245331037597,FLAT,0.0,-1,0.23136750706999404,0.04655629972827688,0.6742705260267791,UNLOADING,0.2071938176870804,0.024128138010343844,0.03458538829099511,0.0,-0.0050000000000000044,0.6149999999999999,0,staged_v3,0.1472131314304427,2,1.0429179058963756,0.14497527600364624,2,0,0,0
v3_torso_proxy:v3_left_hand_proxy,27,0.11583792410154689,0.8000000000000007,0.5471094142685586,0.0,0.0174488194520587,AIR,0.0,-1,0.11084120231814715,0.06835960747674759,0.22095011165294004,UNLOADING,0.027725635382169874,0.0,0.04576989810977351,0.10312769499455512,0.5471094142685586,0.08739864823419376,0,ok,0.05263677554367191,0.17862765824529933,FLAT,0.0,-1,0.4923190633506866,0.055398185575641745,0.6412562287315372,UNLOADING,0.18063686447776117,0.0312750419209423,0.025787769515634565,2.500000000000002,-0.0040000000000000036,0.6109999999999999,0,staged_v3,0.15085711284547992,2,1.04204895715901,0.1486760342973189,2,0,0,0
v3_torso_proxy:v3_left_hand_proxy,28,0.06423553201040315,0.6000000000000005,0.351118245389483,0.0,0.013589154252934877,AIR,0.0,-1,0.16723048447023625,0.05552415986117037,0.19879097752515978,UNLOADED,0.02532022361261043,0.0030090808940500882,0.0319304679822079,0.06618423001541629,0.351118245389483,0.08569797285825752,0,ok,0.06651652950722939,0.13911536011965042,FLAT,0.0,-1,0.9684738564697714,0.056290155370037814,0.5925019500740185,UNLOADING,0.1575051882376691,0.027559990677211134,0.027065106826489792,2.500000000000002,-0.0030000000000000027,0.6079999999999999,0,staged_v3,0.14762315823591565,2,1.0415181513550118,0.1462376028598543,2,0,0,0
v3_torso_proxy:v3_left_hand_proxy,29,0.04528821467060027,0.5910196411712976,0.2994992624874302,0.0,0.010583243973463795,AIR,0.0,-1,0.1914780547493109,0.04281462932252521,0.182913264107401,UNLOADED,0.02293839570701359,0.01132967448764418,0.022815988717725874,0.056454280967164316,0.2994992624874302,0.08568854316599175,0,ok,0.08619860333861487,0.10834315139844423,AIR,0.0,-1,1.196233609042901,0.05209829921092773,0.5522546162559604,UNLOADING,0.1361851185576852,0.019996758304319934,0.032615972508478086,0.11225448535878702,-0.002955098205856488,0.6050449017941434,0,staged_v3,0.14346179025821648,2,1.0407430056055034,0.142625075139474,2,0,0,0
v3_torso_proxy:v3_left_hand_proxy,30,0.09041794012142977,0.7910196411712977,0.8126941625664702,0.0,0.00824223869396933,FLAT,0.0,-1,0.2559642266193113,0.024664493724852736,0.17228853217044712,UNLOADED,0.020636081389952633,0.008949932883669624,0.029750566766598766,0.15318924064404793,0.8126941625664702,0.08888172456329577,0,ok,0.13331866245448115,0.08437773114953215,AIR,0.0,-1,2.186657273216436,0.033879040326899666,0.5555062288430965,UNLOADING,0.11673010162087302,0.018896271115255166,0.04192469865461079,-2.500000000000002,-0.003955098205856489,0.6010898035882869,0,staged_v3,0.13038174926898843,2,1.039160545097033,0.12948773866586544,2,0,0,0
v3_torso_proxy:v3_left_forearm_proxy,31,0.09534380119179271,0.9910196411712979,0.6730632778335317,0.0,0.006419061949124748,FLAT,0.0,-1,0.28555749513626,0.011973835207163507,0.15139485715843307,UNLOADED,0.018466248188851668,0.02059590765075815,0.03632268207891965,0.12686943894257335,0.6730632778335317,0.09163772741448309,0,ok,0.18447169307965572,0.06571344309304411,AIR,0.0,-1,2.261476380990219,0.0184478575174197,0.6001561218515764,UNLOADING,0.10005437281789116,0.036559948575159124,0.05390833702266877,-2.500000000000002,-0.00495509820585649,0.5961347053824304,0,staged_v3,0.11628912431342082,2,1.0368164391969328,0.1148236987814801,2,0,0,0
v3_torso_proxy:v3_left_forearm_proxy,32,0.08747885564159553,1.0000000000000009,0.5245620614440879,0.0,0.004999170472562212,FLAT,0.0,-1,0.1651779288698802,0.007582702659639229,0.12771559669486832,UNLOADED,0.016451169652255654,0.023803077175104187,0.04030206328279633,0.09887761911507986,0.5245620614440879,0.0937344831134628,0,ok,0.2416958887111666,0.05117768093918096,FLAT,0.0,-1,2.469806872496463,0.007271367916315906,0.6599708641525763,UNLOADING,0.08576089098676386,0.05072717529131291,0.06923563096248155,-0.11225448535878702,-0.0050000000000000044,0.5911347053824304,0,staged_v3,0.10108906945076684,2,1.0334384000416803,0.09929384155516861,2,0,0,0
v3_torso_proxy:v3_left_forearm_proxy,33,0.9999999999999999,0.8000000000000007,1.0000000000000002,0.0,0.04077182709662191,FLAT,0.0,-1,0.10918230867881068,0.1210402164943319,0.10282231050013013,LOADING,0.020476850448051608,0.0,0.0496395003542743,0.18849555921538763,1.0000000000000002,0.07417717670940756,0,ok,0.2304282278216244,0.03985721799121264,FLAT,0.0,-1,1.6454710315460728,0.012562633328635026,0.7182164051062379,UNLOADING,0.07350933513151188,0.04834818692667687,0.06721143934937014,2.500000000000002,-0.0040000000000000036,0.5871347053824304,0,staged_v3,0.264745130084003,2,0.9701362503892024,0.20090933286891463,2,0,1,1
v3_torso_proxy:v3_left_forearm_proxy,34,0.89697265625,0.6000000000000005,0.89697265625,0.0,0.10580485414377509,FLAT,0.0,-1,0.06987152932285735,0.052232183507110355,0.07966307682020939,LOADING,0.03585670314247499,0.026177638120316843,0.0028055157206936287,0.16907536244075538,0.89697265625,0.07416896384656352,0,ok,0.22403214367587518,0.03104083258260409,FLAT,0.0,-1,1.3242729960812811,0.06335132149865574,0.7980932314525789,UNLOADING,0.0630080015412959,0.0015533400739732028,0.09219641924283295,2.500000000000002,-0.0030000000000000027,0.5841347053824304,1,staged_v3,0.32514175530940015,2,0.9816820313297729,0.32514175530940015,2,1,1,1
v3_torso_proxy:v3_left_forearm_proxy,35,1.0,0.40000000000000036,1.0,0.0,0.20439711564522034,FLAT,0.0,-1,0.012145025389258692,0.022211444980605465,0.06588082782976455,LOADING,0.06687161540607942,0.0060825964108827645,0.036986742832670096,0.1884955592153876,1.0,0.07416915835639266,0,ok,0.2889400938811498,0.024174624722520445,FLAT,0.0,-1,0.49955572035815904,0.11942847100329754,0.8553274785189976,UNLOADING,0.05400685846396792,0.0,0.17010144052536655,2.500000000000002,-0.0020000000000000018,0.5821347053824304,0,staged_v3,0.3114535572143587,2,0.9943101545384038,0.3114535572143587,2,1,1,1
v3_torso_proxy:v3_left_forearm_proxy,36,1.0,0.6000000000000005,0.9999688302452288,0.0,0.27877013401071027,FLAT,0.0,-1,0.021990072386707468,0.012460755957612563,0.0624242797579917,SUPPORT,0.14349729232486355,0.015660458030287025,0.024529826879213266,0.1884896838550314,0.9999688302452288,0.0759495482036011,0,ok,0.28828218037356595,0.018827216664356265,FLAT,0.0,-1,0.6926230423683997,0.028782311784786394,0.8963376085792026,UNLOADING,0.04629159296911536,0.04103456864417375,0.12988409575544013,-2.500000000000002,-0.0030000000000000027,0.5791347053824304,0,staged_v3,0.3764651616905213,2,1.0002105992488575,0.21239323760133658,2,0,0,0
v3_torso_proxy:v3_left_forearm_proxy,37,0.53076171875,0.40000000000000036,0.5307501324627392,0.0,0.3441262908745196,FLAT,0.0,-1,0.010795771457778072,0.012676326427532499,0.07989374634539183,SUPPORT,0.20479783385989084,0.026088030871457543,0.002906656445812052,0.10004404302220507,0.5307501324627392,0.08879419583103387,0,ok,0.2631156014945375,0.014662651081255662,FLAT,0.0,-1,1.0429229781483975,0.0268435009780744,0.925722650818043,UNLOADING,0.03967850825924173,0.04444263156282776,0.10915852028169534,2.500000000000002,-0.0020000000000000018,0.5771347053824304,1,staged_v3,0.313163799710198,2,1.0276515791026724,0.23115252023972546,2,0,1,1
v3_torso_proxy:v3_left_forearm_proxy,38,1.0,0.6000000000000005,0.9616414079893594,0.0,0.393214521311407,FLAT,0.0,-1,0.007202436065125127,0.006458177588209612,0.14238447488700112,SUPPORT,0.2538382670879127,0.025661046156140444,0.036638762557991214,0.181265134963627,0.9616414079893594,0.0916559748365313,0,ok,0.27476249249618995,0.01141928414398469,FLAT,0.0,-1,0.8593495964888934,0.02122668966547156,0.9357262336580401,UNLOADING,0.034010149936492914,0.050559622017430444,0.08428720727478292,-2.500000000000002,-0.0030000000000000027,0.5741347053824304,0,staged_v3,0.2945908514369772,2,1.0178411180798748,0.17611444503318582,2,0,0,0
v3_torso_proxy:v3_left_forearm_proxy,39,0.912116181353224,0.40000000000000036,1.0000000000000002,0.0,0.42185870269296144,FLAT,0.0,-1,0.00889566816570658,0.03654564982853131,0.22798326926484946,SUPPORT,0.29307061367033016,0.016263440716735796,0.02013572274650668,0.18849555921538763,1.0000000000000002,0.08814249490652509,0,ok,0.0,0.008893347433450154,AIR,0.0,-1,0.7741078883150905,0.01177504750746134,0.9035146798736878,UNLOADING,0.0291515570884225,0.05840068648622306,0.0737892974593968,2.500000000000002,-0.0020000000000000018,0.5721347053824304,0,staged_v3,0.2795299334550389,2,1.026665987400906,0.23738865502691406,2,0,0,0
v3_torso_proxy:v3_right_forearm_proxy,40,0.8832114873901684,0.20000000000000018,1.0000000000000002,0.0,0.4324049917026648,FLAT,0.0,-1,0.018533423887401465,0.10772462897854192,0.35417698178937207,SUPPORT,0.3244564909362641,0.0,0.05293377342706995,0.18849555921538763,1.0000000000000002,0.066443324955591,0,ok,0.0,0.006926145945297049,AIR,0.0,-1,0.5353311867938745,0.05234422955872496,0.8365283113406959,UNLOADING,0.025148795900587644,0.014482186008309847,0.10580715303891933,2.500000000000002,-0.0010000000000000009,0.5711347053824304,0,staged_v3,0.2731288823635411,2,1.0075299329986989,0.2708665681597805,2,0,0,0
v3_pelvis_proxy:v3_right_hand_proxy,41,0.8457767385073107,0.0,1.0000000000000002,0.0,0.42763342524219883,FLAT,0.0,-1,0.026479494737417206,0.0103878244001732,0.48593797035289704,UNLOADING,0.3095098645917903,0.03890907411747166,0.039801467797421344,0.18849555921538763,1.0000000000000002,0.07003670271918175,0,ok,0.0,0.005394087885864178,AIR,0.0,-1,0.5962458583317757,0.03099275057454602,0.7632522897744453,UNLOADING,0.021738544765608516,0.03216986391417624,0.06475963470917498,2.500000000000002,0.0,0.5711347053824304,0,staged_v3,0.2697318669729355,2,1.0183846107841543,0.2716752832303205,2,1,0,0
v3_torso_proxy:v3_left_forearm_proxy,42,0.29072946703391805,0.20000000000000018,0.998391966005672,0.0,0.41696327021516055,FLAT,0.0,-1,0.03931013919890153,0.0031469667061448563,0.62232029706129,UNLOADING,0.28779110736885094,0.054990566596991364,0.001125448256073137,0.1881924519483894,0.998391966005672,0.07992577419431458,0,ok,0.0,0.004200919869467,AIR,0.0,-1,0.7009354435875456,0.009973251047446511,0.6569401908071961,UNLOADING,0.018838919337500672,0.047873758492913296,0.04684117018514133,2.500000000000002,0.0010000000000000009,0.5721347053824304,1,staged_v3,0.3020469799106163,2,1.0182099252933172,0.28088386695986456,2,0,0,0
v3_torso_proxy:v3_left_forearm_proxy,43,1.0000000000000002,0.40000000000000036,1.0000000000000002,0.0,0.37439393745079885,FLAT,0.0,-1,0.07697658480331003,0.06025846562733398,0.697847114676936,UNLOADING,0.26283869323733244,0.04860679710789151,0.011285558625955299,0.18849555921538763,1.0000000000000002,0.08008398701572599,0,ok,0.0,0.003271679683961124,AIR,0.0,-1,0.8824056626540042,0.06038286017494341,0.5598083754216274,UNLOADING,0.01635338314574099,0.0,0.14730714381254367,2.500000000000002,0.0020000000000000018,0.5741347053824304,0,staged_v3,0.26677523229306466,2,1.0763874166755325,0.26767392899987846,2,1,1,1
v3_torso_proxy:v3_left_forearm_proxy,44,0.37121582031249967,0.6000000000000005,0.3208110013305694,0.0,0.3412816537979496,FLAT,0.0,-1,0.053878343402383504,0.03444496252681707,0.7114340399806318,UNLOADING,0.23935920392702825,0.052113385330449805,0.008458316668581791,0.06047144909825414,0.3208110013305694,0.08276543877784545,0,ok,0.0,0.0025479866998277295,AIR,0.0,-1,0.9866889911245106,0.0711308932920998,0.4719874012675952,UNLOADING,0.014209381136193942,0.0,0.13568098752658983,2.500000000000002,0.0030000000000000027,0.5771347053824304,1,staged_v3,0.31070885427650874,2,1.0573242011968298,0.3118128619733987,2,1,1,1
v3_torso_proxy:v3_left_forearm_proxy,45,0.9278232401626697,0.8000000000000007,0.8859232892449895,0.0,0.26579041922574725,FLAT,0.0,-1,0.2890998594082552,0.006368797964621434,0.725544975112403,UNLOADING,0.21558610566937955,0.05635601512614624,0.004921233629473915,0.16699260582816988,0.8859232892449895,0.08807787256120916,0,ok,0.0,0.0019843740370813602,AIR,0.0,-1,1.1100776987366332,0.03812514525527337,0.40906092356113966,UNLOADING,0.012346990139706537,0.01996647981030511,0.025486566367751873,2.500000000000002,0.0040000000000000036,0.5811347053824304,0,staged_v3,0.12492894602560847,2,1.0618088705880073,0.12529998810797352,2,1,0,0
v3_torso_proxy:v3_left_forearm_proxy,46,0.21188616142074965,1.0000000000000009,0.5550458284013357,0.0,0.20699778662588894,FLAT,0.0,-1,0.33152965304324483,0.02027785317236349,0.750468287101863,UNLOADING,0.19216702089702264,0.057904844303373136,0.004618570051720013,0.10462367381467783,0.5550458284013357,0.08808434652554391,0,ok,0.0,0.0015454320539855283,AIR,0.0,-1,1.1267722579567432,0.05309624419660577,0.36397213202034073,UNLOADING,0.010723554098949008,0.019042572966813675,0.024156033634203367,2.500000000000002,0.0050000000000000044,0.5861347053824304,0,staged_v3,0.1247920082524701,2,1.0677536678500024,0.1247920082524701,2,1,1,1
v3_torso_proxy:v3_left_forearm_proxy,47,0.36691789024621374,1.0000000000000009,0.999963459272214,0.0,0.1612100383182899,FLAT,0.0,-1,0.5544820204441565,0.06034301960048537,0.7860825230649435,UNLOADING,0.16964111000511262,0.0431133965625958,0.021190729590651377,0.18848867145046944,0.999963459272214,0.09066497908936982,0,ok,0.0,0.0012035836938275792,AIR,0.0,-1,1.1426083474499815,0.08791537727302857,0.33166460112542373,UNLOADED,0.00930653174025532,0.001483604433219779,0.04009962562305141,0.0,0.0050000000000000044,0.5911347053824304,0,staged_v3,0.1372741233484694,2,1.0581488442856046,0.13245353271602264,2,0,0,0
v3_torso_proxy:v3_left_forearm_proxy,48,0.1978684307183669,1.0000000000000009,0.586298591217346,0.0,0.12555050408125534,AIR,0.0,-1,1.0493194648360822,0.04965986857492578,0.8010564271978139,UNLOADING,0.14897487512567373,0.04304781946823402,0.02200500189165668,0.11051468081870756,0.586298591217346,0.09218545760609714,0,ok,0.0,0.0009373519232448927,AIR,0.0,-1,1.2389592493066854,0.07926599410227655,0.30851524367188565,UNLOADED,0.008069622143967229,0.024424938273633654,0.01600082390996063,0.0,0.0050000000000000044,0.5961347053824304,0,staged_v3,0.1477761993920747,2,1.0758501236896976,0.1488153999437692,2,1,0,0
v3_torso_proxy:v3_left_forearm_proxy,49,0.08295524766562419,1.0000000000000009,0.6063972389988725,0.0,0.09777883089349128,AIR,0.0,-1,1.2295087819895232,0.04248014799615969,0.7945721448954375,UNLOADING,0.13056224946558914,0.030151089649243755,0.03457751759552812,0.11430318667175954,0.6063972389988725,0.10418296913912073,0,ok,0.0,0.0007300104118366097,AIR,0.0,-1,1.3241317191437223,0.07746397206234275,0.2885057703839646,UNLOADED,0.00699101872276925,0.035931264251131294,0.0034940242680669325,0.0,0.0050000000000000044,0.6011347053824304,0,staged_v3,0.12604404495911903,2,1.0538385615663857,0.12663285194969753,2,0,0,0
v3_torso_proxy:v3_left_forearm_proxy,50,0.04779053534318544,1.0000000000000009,0.9615035519753196,0.0,0.07615023006765748,AIR,0.0,-1,2.253560140728139,0.0361004956785434,0.793320064138906,UNLOADING,0.11415888877996083,0.028565507528401896,0.05792100196703423,0.18123914971716937,0.9615035519753196,0.10675445210540419,0,ok,0.0,0.0005685326803886305,FLAT,0.0,-1,0.475854590080312,0.052175327459245524,0.26524710224153214,LOADING,0.006051977624428776,0.028720577701684572,0.009541777410392038,0.0,0.0050000000000000044,0.6061347053824304,0,staged_v3,0.12269617868204949,2,1.0450913946903602,0.12250531402856273,2,0,0,0
v3_torso_proxy:v3_left_forearm_proxy,51,0.026364942024609456,0.8000000000000007,0.872092463174523,0.0,0.059305858807759286,AIR,0.0,-1,2.3694927278641775,0.033999122362775996,0.8176260240712377,UNLOADING,0.09939559684948655,0.031882178840785896,0.08632719704467973,0.16438555653360654,0.872092463174523,0.10726716224035804,0,ok,0.0,0.00044277369668835017,FLAT,0.0,-1,0.41291110209505877,0.03976875891431054,0.22827369243928913,LOADING,0.005236223693800423,0.011907167119060397,0.024506517502904064,-2.500000000000002,0.0040000000000000036,0.6101347053824304,0,staged_v3,0.1182539260001797,2,1.0501933036315898,0.11882322050570787,2,1,0,0
v3_torso_proxy:v3_left_forearm_proxy,52,0.051668380051283526,0.6000000000000005,0.5317977281944823,0.0,0.04618744928020511,AIR,0.0,-1,2.6361123541197506,0.03361367831148327,0.8207312416470354,UNLOADING,0.08637907825441032,0.0324228837708685,0.11959186354524845,0.10024151016549165,0.5317977281944823,0.10827142380418561,0,ok,0.0,0.0003448325017043078,FLAT,0.0,-1,0.16608222521231752,0.03521631454660744,0.20365171159824658,LOADING,0.004527421276474294,0.0,0.03617591804976583,-2.500000000000002,0.0030000000000000027,0.6131347053824304,0,staged_v3,0.11083500844466089,2,1.0512305696736002,0.11200590083726296,2,1,0,0
v3_torso_proxy:v3_left_forearm_proxy,53,0.056700506321980516,0.40000000000000036,0.5261663753189765,0.0,0.03597082166749453,AIR,0.0,-1,2.072099542579633,0.03700702461566168,0.8333439915642564,UNLOADING,0.07489560329796008,0.02966017496255114,0.1478215506249217,0.09918002515608398,0.5261663753189765,0.11200658608359007,0,ok,0.0,0.00026855582235578646,FLAT,0.0,-1,0.2444464078888905,0.033681172187267294,0.20429057695246292,LOADING,0.003911174293901221,0.001533356660355853,0.04511912596898253,-2.500000000000002,0.0020000000000000018,0.6151347053824304,0,staged_v3,0.10733270349288769,2,1.039111379117715,0.10673848768151988,2,0,0,0
v3_torso_proxy:v3_left_forearm_proxy,54,0.11457402813733758,0.20000000000000018,0.4236009861283919,0.0,0.028014104082366598,AIR,0.0,-1,1.7587060049378334,0.047370048057565096,0.8359339888416513,UNLOADING,0.06485282601438988,0.01942665138451747,0.17662154663759405,0.07984690476446088,0.4236009861283919,0.11553860005108357,0,ok,0.0,0.0002091514847490716,FLAT,0.0,-1,0.2696300513585443,0.035237895977285084,0.208866188930026,LOADING,0.003376073224946829,0.000205413469216216,0.05405617066656379,-2.500000000000002,0.0010000000000000009,0.6161347053824304,0,staged_v3,0.10824407978436952,2,1.033004538456991,0.10738622055528971,2,0,0,0
v3_torso_proxy:v3_left_forearm_proxy,55,0.11751321253580523,0.0,0.373950658318025,0.0,0.021817406196390946,AIR,0.0,-1,0.7685869971993392,0.05799123530287813,0.8386336662700183,UNLOADING,0.056091078705106955,0.008940448010622784,0.18945432120326397,0.07048803845861845,0.373950658318025,0.11752762552595108,0,ok,0.0,0.00016288734010312395,FLAT,0.0,-1,0.16285442323517063,0.03582392524245859,0.2262026281085539,LOADING,0.002911783020766737,0.00048620616296911334,0.06019432641378777,-2.500000000000002,0.0,0.6161347053824304,0,staged_v3,0.1237815548706776,2,1.0272818094473593,0.1251941510082402,2,1,0,0
v3_torso_proxy:v3_left_forearm_proxy,56,0.10471508020605756,0.20000000000000018,0.32953195175608696,0.0,0.01699141303033619,AIR,0.0,-1,0.4784479149801666,0.06338576520608465,0.8405908969481021,UNLOADING,0.04846500830591314,0.0036437796413204687,0.19406820032349784,0.062115309525601736,0.32953195175608696,0.12060087151264337,0,ok,0.0,0.05042161091789808,FLAT,0.0,-1,0.10433036726384176,0.035603886230422224,0.27251363041179644,LOADING,0.009665633351703512,0.003021795290167599,0.06383593554070419,-2.500000000000002,-0.0010000000000000009,0.6151347053824304,0,staged_v3,0.14371065683002002,2,1.0233270154198257,0.14494538947817423,2,1,0,0
v3_torso_proxy:v3_left_forearm_proxy,57,0.052789495079384546,0.40000000000000036,0.24056339915735211,0.0,0.013232925773515496,AIR,0.0,-1,0.10556215851128432,0.06362894260658007,0.8641622723926681,UNLOADING,0.04179822577173567,0.004579171013053343,0.18901550777975673,0.04534513245091959,0.24056339915735211,0.12492669921975982,0,ok,0.0,0.15774559347155373,FLAT,0.0,-1,0.03935089355101709,0.0353589148101891,0.33938219096868066,LOADING,0.02857441635006741,0.006610194738244937,0.06412895388029344,-2.500000000000002,-0.0020000000000000018,0.6131347053824304,0,staged_v3,0.13710789146090088,2,1.0247131482559315,0.1384271077905961,2,1,0,0
v3_torso_proxy:v3_right_forearm_proxy,58,0.08089446388287465,0.6000000000000005,0.3866130190602725,0.0,0.010305812954739644,AIR,0.0,-1,0.35308526908468096,0.05892224868110496,0.8666808261949134,UNLOADING,0.03602333101413281,0.009411792628640711,0.17640010923329597,0.07287483722771537,0.3866130190602725,0.12554157883389713,0,ok,0.0,0.24955313397541867,FLAT,0.0,-1,0.050124701231067194,0.04587433872024258,0.4555443150953876,UNLOADING,0.050033657575789744,0.0019028770345268023,0.07124901444942665,-2.500000000000002,-0.0030000000000000027,0.6101347053824304,0,staged_v3,0.1353782120133743,2,1.025195222311551,0.13692557882267353,2,0,0,0
v3_torso_proxy:v3_right_forearm_proxy,59,0.08351498055453824,0.8000000000000007,0.4585941388341881,0.0,0.008026175199338664,AIR,0.0,-1,0.5536823338678571,0.056347371837792315,0.8396476026945003,UNLOADING,0.031061000359886397,0.010635008296932702,0.16452631764021047,0.08644295865244939,0.4585941388341881,0.12517260902013147,0,ok,0.0,0.28249755858885406,FLAT,0.0,-1,0.06906803022095206,0.05070507597271813,0.5857464783081787,UNLOADING,0.06343204776358669,0.003582247942690811,0.0733632979695065,-2.500000000000002,-0.0040000000000000036,0.6061347053824304,0,staged_v3,0.13564608706779946,2,1.0270830160499944,0.1366683832476759,2,0,0,0
v3_torso_proxy:v3_right_forearm_proxy,60,0.08298795693995865,1.0000000000000009,0.4401135332271331,0.0,0.006250791530313241,AIR,0.0,-1,0.7374150131625461,0.05350367433532026,0.7893756139926071,UNLOADING,0.02681179589820726,0.010965106364310098,0.15130439656206587,0.08295944656390852,0.4401135332271331,0.12554293652052564,0,ok,0.0,0.286415305395271,FLAT,0.0,-1,0.0633778751949208,0.046916966118081715,0.6999063943539519,UNLOADING,0.06793591855252552,0.013078353599615879,0.06679336708722117,-2.500000000000002,-0.0050000000000000044,0.6011347053824304,0,staged_v3,0.12186503796196642,2,1.0267757413953893,0.12240738511075838,2,0,0,0
v3_torso_proxy:v3_right_forearm_proxy,61,0.06706850469235064,1.0000000000000009,0.36441548707963106,0.0,0.004868121338624057,AIR,0.0,-1,0.8654940469402393,0.050469235013515655,0.7213530876333243,UNLOADING,0.02317532319561107,0.010598419368150563,0.1368704545299046,0.06869070102382291,0.36441548707963106,0.12681194002483473,0,ok,0.0,0.28364180333764283,FLAT,0.0,-1,0.054810773924233655,0.04417503403580542,0.7849735354516232,UNLOADING,0.06694371506928178,0.020073642736775747,0.06083433308555493,0.0,-0.0050000000000000044,0.5961347053824304,0,staged_v3,0.1147422610620058,2,1.0266054482821851,0.11451966777713554,2,0,0,0
v3_torso_proxy:v3_right_forearm_proxy,62,0.050735947722884873,1.0000000000000009,0.26611339519996996,0.0,0.0037912967106070315,AIR,0.0,-1,1.0335855513164052,0.04621323466563615,0.6409299321847735,UNLOADING,0.020059040048664534,0.010833261943602526,0.1206921106855609,0.050161193242923785,0.26611339519996996,0.12871880292535018,0,ok,0.0,0.2649129194876137,FLAT,0.0,-1,0.041363475029772265,0.04032554951267224,0.8459268055491032,UNLOADING,0.06321118145320864,0.026970790764782912,0.049935019587482435,0.0,-0.0050000000000000044,0.5911347053824304,0,staged_v3,0.11635136865312797,2,1.0247683559602796,0.11598895563233327,2,0,0,0
v3_torso_proxy:v3_right_forearm_proxy,63,0.08717944629539494,0.859288440549566,0.4921404201588732,0.0,0.002952664847076798,AIR,0.0,-1,1.150332404204608,0.04221256305556585,0.5483365238282776,UNLOADING,0.017383978737255425,0.010204263135848032,0.10215170179962225,0.09276628371034262,0.4921404201588732,0.13107213816585342,0,ok,0.0,0.20631438914268557,FLAT,0.0,-1,0.15571577735904327,0.036318766265436536,0.8444640234033904,UNLOADING,0.0587651998172132,0.03423919259665962,0.03298400857350991,1.7588944931304362,-0.00429644220274783,0.5868382631796826,0,staged_v3,0.1190232714495996,2,1.0218742053631493,0.11820638603655462,2,0,0,0
v3_torso_proxy:v3_right_forearm_proxy,64,0.1086420205345297,0.6592884405495658,0.5638974876124703,0.0,0.0022995376950508202,AIR,0.0,-1,1.2564699158371917,0.04086301672528579,0.46376746041070427,UNLOADING,0.015076708480232995,0.007325356295249427,0.08452523387128791,0.10629217226766469,0.5638974876124703,0.133859110121496,0,ok,0.0,0.16067780782322208,FLAT,0.0,-1,0.17157064599695862,0.03567314503598999,0.799380831855667,UNLOADING,0.05497517814971843,0.04817127355210286,0.0167977680406805,2.500000000000002,-0.003296442202747829,0.5835418209769347,0,staged_v3,0.12164958908246862,2,1.0188513749311041,0.12052720714597392,2,0,0,0
v3_torso_proxy:v3_left_forearm_proxy,65,0.9641730034162473,0.45928844054956564,0.8746914859482721,0.0,0.0017908817576077923,AIR,0.0,-1,1.2714267228123257,0.006205123178873284,0.40317107856611256,UNLOADING,0.013075585844172379,0.03895343074943235,0.024059092812026787,0.1648754607847579,0.8746914859482721,0.12298876184844859,0,ok,0.0,0.12513600255492205,FLAT,0.0,-1,0.42471110337062207,0.087876909455545,0.7649463337170683,UNLOADING,0.05132353501183362,0.0008606139899513116,0.062386702695902116,2.500000000000002,-0.002296442202747828,0.5812453787741869,0,staged_v3,0.12403610248961743,2,1.02366499629541,0.12580936627914427,2,0,0,0
v3_torso_proxy:v3_left_forearm_proxy,66,0.34564208984375,0.25928844054956546,0.27152021096326917,0.0,0.0013947401152132426,AIR,0.0,-1,1.3786682408116142,0.0030483809697098617,0.3597518736669775,UNLOADING,0.011335213544360151,0.03993921271363901,0.004164983902897773,0.05118035400380144,0.27152021096326917,0.12201307279227444,0,ok,0.0,0.0974560167801986,FLAT,0.0,-1,0.5791990842887742,0.08981794272044916,0.7417989081149353,UNLOADING,0.04758635143063117,0.013096200069677093,0.04899374533606968,2.500000000000002,-0.0012964422027478273,0.5799489365714391,1,staged_v3,0.1991925188125269,2,1.0261669834271585,0.15066570546940167,2,0,1,1
v3_torso_proxy:v3_left_forearm_proxy,67,0.7736999151044451,0.05928844054956528,0.886367043806334,0.0,0.0010862246939091747,AIR,0.0,-1,1.4733776033629682,0.04952025443673553,0.3286406538765283,UNLOADED,0.009820075480915277,0.028898425561692385,0.012533607132134035,0.1670762515923649,0.886367043806334,0.12395657078761577,0,ok,0.0,0.07589882218343864,FLAT,0.0,-1,0.9814557448673723,0.07583533483178574,0.7302426348717728,UNLOADING,0.043713196410332465,0.04820565549439795,0.01330647624919069,2.500000000000002,-0.0002964422027478264,0.5796524943686913,0,staged_v3,0.14015840016861786,2,1.0032652051684574,0.14179907614346163,2,1,0,0
v3_torso_proxy:v3_left_forearm_proxy,68,0.2538718393726726,0.1407115594504349,0.45226840154639814,0.0,0.0008459526422079623,AIR,0.0,-1,1.5072018838777406,0.058495607599527585,0.3063484907865286,UNLOADED,0.008501035601783192,0.02754413704212579,0.012773287497200646,0.08525058526493778,0.45226840154639814,0.12585085392883844,0,ok,0.0,0.05911006215065933,AIR,0.0,-1,1.5539030538175451,0.0677765502280149,0.7303137229864602,UNLOADING,0.03974576443677787,0.04566388317164569,0.01585180297767732,2.500000000000002,0.0007035577972521745,0.5803560521659434,0,staged_v3,0.13815536220115926,2,0.990280944449639,0.13944155997945612,2,1,0,0
v3_torso_proxy:v3_left_forearm_proxy,69,0.08589579189821697,0.3407115594504351,0.43480112242459795,0.0,0.000658828580192885,AIR,0.0,-1,1.5150643865861568,0.05231236664830867,0.2555008962912219,UNLOADED,0.007356672985450069,0.025538355915880794,0.012236688898680306,0.0819580807189028,0.43480112242459795,0.1273389874597585,0,ok,0.0,0.046034962690332894,AIR,0.0,-1,1.8099695088255499,0.06124863275095864,0.7386854789172778,UNLOADING,0.03578631297845036,0.03334889088362164,0.028585383062242252,2.500000000000002,0.0017035577972521754,0.5820596099631956,0,staged_v3,0.1268869845157987,2,0.978815399217461,0.128298614577194,2,1,0,0
v3_torso_proxy:v3_left_forearm_proxy,70,0.06964863548932412,0.34285188333027516,0.8840894798116643,0.0,0.0005130962141640408,FLAT,0.0,-1,0.17734740977472668,0.02088204274611399,0.21906700276797525,LOADING,0.006362961668156563,0.0220214448838706,0.013931905254528167,0.1666469408935408,0.8840894798116643,0.13044694989696493,0,ok,0.0,0.03585206499189417,AIR,0.0,-1,2.3475530475576596,0.0474015623665483,0.7813311703710515,UNLOADING,0.03179394385175152,0.021143411760321765,0.04292314675823082,0.026754048498001115,0.0017142594166513758,0.583773869379847,0,staged_v3,0.11898267250751307,2,0.9948355888116105,0.11715561729688471,2,0,0,0
v3_torso_proxy:v3_left_forearm_proxy,71,0.12038989557949514,0.142851883330275,0.7848932759901842,0.0,0.0003995997333819282,FLAT,0.0,-1,0.2539441711781532,0.0062964144412562964,0.18059249646311606,LOADING,0.005500743575554839,0.027733210381899506,0.024558041117744442,0.14794889698216734,0.7848932759901842,0.1276416738215622,0,ok,0.0,0.027921616290414078,AIR,0.0,-1,2.3641462659794144,0.03846550702382648,0.8433169369243328,UNLOADING,0.027876929639559237,0.028700339822390175,0.06336854290440945,-2.500000000000002,0.0007142594166513749,0.5844881287964984,0,staged_v3,0.11671686487489537,2,0.9935169927187875,0.11401704581725342,2,0,0,0
v3_torso_proxy:v3_left_forearm_proxy,72,0.12836490211281823,0.05714811666972519,0.49217802980342595,0.0,0.00031120858527297027,FLAT,0.0,-1,0.16667893666934508,0.0050666578605891065,0.1500528101654848,LOADING,0.004752710330833453,0.027435982647685136,0.03150646488383325,0.09277337296132449,0.49217802980342595,0.12346021339261873,0,ok,0.0,0.021745376631593778,AIR,0.0,-1,2.4134471366659116,0.027139078268042422,0.8877316794696766,UNLOADING,0.024243270678726257,0.042247505705441404,0.08338649732630592,-2.500000000000002,-0.00028574058334862595,0.5842023882131497,0,staged_v3,0.11681391413511666,2,0.9903120356290002,0.11399183587733576,2,0,0,0
v3_torso_proxy:v3_left_forearm_proxy,73,0.13833993530677216,0.25714811666972537,0.48307993907730745,0.0,0.004688681562952612,FLAT,0.0,-1,0.1457136732580965,0.004432375906628657,0.12209642403425698,LOADING,0.004661781756525924,0.026672445295084196,0.036390989592152576,0.09105842326211244,0.48307993907730745,0.12041598513587268,0,ok,0.0,0.016935316348867864,AIR,0.0,-1,2.191045853257288,0.022131624213682016,0.9195562331544891,UNLOADING,0.020974566387454405,0.04884618744404244,0.10404365529474824,-2.500000000000002,-0.0012857405833486268,0.5829166476298011,0,staged_v3,0.1181581009116183,2,0.9905834320857819,0.11551549625622078,2,0,0,0
v3_torso_proxy:v3_left_forearm_proxy,74,0.16977159581879167,0.45714811666972555,0.5261752880741717,0.0,0.0527492836790582,FLAT,0.0,-1,0.10286065343309914,0.004939603014187989,0.09516880716167161,LOADING,0.013275264859758659,0.024818837343895592,0.04103769930611015,0.09918170517085867,0.5261752880741717,0.11864628468039487,0,ok,0.0,0.013189237634060259,AIR,0.0,-1,2.04623972242766,0.02180240753503434,0.9423595223146938,UNLOADING,0.01808680461175124,0.05031556858070036,0.1249383161563538,-2.500000000000002,-0.0022857405833486277,0.5806309070464525,0,staged_v3,0.12054872681140265,2,0.9926121193447539,0.11809946697951265,2,0,0,0
v3_torso_proxy:v3_left_forearm_proxy,75,0.136576641571331,0.6571481166697257,0.30038943598806617,0.0,0.14909054871960278,FLAT,0.0,-1,0.020124046387727707,0.003633645767844658,0.103439734249342,LOADING,0.03735394428399862,0.026538340944622443,0.04182421551073708,0.05662207471896541,0.30038943598806617,0.11691028115141203,0,ok,0.0,0.010271788597520972,AIR,0.0,-1,1.2295547159740274,0.026872062045471674,0.9586987929820483,UNLOADING,0.015563580705402614,0.046062877603630745,0.13705892395535357,-2.500000000000002,-0.0032857405833486286,0.5773451664631039,0,staged_v3,0.12166714628982755,2,1.00117241976703,0.11927850661416313,2,0,0,0
v3_torso_proxy:v3_left_forearm_proxy,76,0.39109774366712863,0.8571481166697259,0.9998917957614497,0.0,0.24820740079369302,FLAT,0.0,-1,0.014192010756383463,0.04171944367731409,0.1371393060577094,LOADING,0.07271683744529053,0.0,0.0759869219597783,0.18847516319693258,0.9998917957614497,0.12254094266907326,0,ok,0.0,0.007999677003293262,AIR,0.0,-1,0.9127733196652381,0.027164203165563,0.9704063920071477,UNLOADING,0.013374031933960083,0.04635611643479439,0.14150709512123955,-2.500000000000002,-0.0042857405833486295,0.5730594258797552,0,staged_v3,0.1264670555190065,2,1.0075068650998147,0.12222674282570192,2,0,0,0
v3_torso_proxy:v3_left_forearm_proxy,77,0.24240463338363855,1.0000000000000009,0.6979242077731841,0.0,0.3543586540682431,FLAT,0.0,-1,0.005663334297690791,0.006441392438910121,0.1933547185605852,SUPPORT,0.14817346995623243,0.028226343489119142,0.04613875212782414,0.1315556138341627,0.6979242077731841,0.12155542956774826,0,ok,0.0,0.006230154714483102,AIR,0.0,-1,0.39978110447133497,0.035476356627958776,0.9787952532802746,UNLOADING,0.011482328636643687,0.03846340603605495,0.14802160446219123,-1.7856485416284373,-0.0050000000000000044,0.5680594258797552,0,staged_v3,0.14318015073193466,2,1.0057275159253596,0.14450155123183986,2,1,0,0
v3_torso_proxy:v3_left_forearm_proxy,78,1.0,0.8000000000000007,1.0,0.0,0.43294165064652007,FLAT,0.0,-1,0.01090232446040312,0.06037649838550945,0.2916088881440721,SUPPORT,0.20853877596498593,0.0,0.04864623729306623,0.1884955592153876,1.0,0.12155420038244893,0,ok,0.0,0.004852049370295444,AIR,0.0,-1,0.18357099979886046,0.046735957114169877,0.9826531742096023,UNLOADING,0.00985401992500215,0.027396701596310233,0.19251064234321547,2.500000000000002,-0.0040000000000000036,0.5640594258797552,0,staged_v3,0.22828181780017692,2,0.9988211026316446,0.22828181780017692,2,1,1,1
v3_torso_proxy:v3_right_forearm_proxy,79,0.62841796875,0.6000000000000005,0.6161723095787407,0.0,0.489449121432049,FLAT,0.0,-1,0.009248925162027587,0.007918436763265597,0.417824712390493,SUPPORT,0.25683102077198877,0.03797279885625906,0.029963370745735664,0.11614574406708167,0.6161723095787407,0.1199652700870992,0,ok,0.0,0.003778779849087209,AIR,0.0,-1,0.40489489833804665,0.06731121801394255,0.9511244818273126,UNLOADING,0.008472687053313936,0.005245006077423092,0.2002239517693992,2.500000000000002,-0.0030000000000000027,0.5610594258797552,1,staged_v3,0.33667226257994165,2,0.9931119601990043,0.33764815613512555,2,1,1,1
v3_torso_proxy:v3_left_forearm_proxy,80,1.0,0.45146882696815993,0.8863681532018974,0.0,0.4841921396060854,FLAT,0.0,-1,0.040112184332232466,0.011565396020305176,0.5501137888295254,UNLOADING,0.2512596416854057,0.0409402934211711,0.046412122185737176,0.16707646070850202,0.8863681532018974,0.11111529456999,0,ok,0.0,0.0029429167055235635,AIR,0.0,-1,0.8826696903906318,0.026764820997271857,0.905462384955136,UNLOADING,0.007302048378071357,0.04350829825048495,0.11547699373003338,1.8566396628980075,-0.0022573441348407997,0.5588020817449144,0,staged_v3,0.1857464123610882,2,1.009900122647976,0.18349662797608293,2,0,0,0
v3_torso_proxy:v3_left_forearm_proxy,81,0.12075138554669074,0.25146882696815975,0.45211397774177703,0.0,0.45584799642663937,FLAT,0.0,-1,0.05147213652023807,0.010426108553935831,0.6627820929762432,UNLOADING,0.23732542248405694,0.047712996094876337,0.04079968491905521,0.08522147706352956,0.45211397774177703,0.11255546024303961,0,ok,0.0,0.00229194583477567,AIR,0.0,-1,1.0538328055528285,0.021629559375655662,0.8102069211334885,UNLOADING,0.006321040817857928,0.04388078668101876,0.09614574826376693,2.500000000000002,-0.0012573441348407988,0.5575447376100736,0,staged_v3,0.13388095517635695,2,1.01433406741215,0.13153349604168957,2,0,0,0
v3_torso_proxy:v3_left_forearm_proxy,82,0.32513427734375006,0.051468826968159576,0.13614619742091782,0.0,0.39140620384878894,FLAT,0.0,-1,0.09324032471963017,0.000858928300396901,0.7349948692894008,UNLOADING,0.21823959815946134,0.06089081516407314,0.030611091668120143,0.025662953617904466,0.13614619742091782,0.11167787762211093,0,ok,0.0,0.0017849692108805367,AIR,0.0,-1,1.2824631473935963,0.02703022123490269,0.7084795354200419,UNLOADING,0.00549237142296634,0.03339375553609941,0.09993040885960577,2.500000000000002,-0.0002573441348407979,0.5572873934752328,1,staged_v3,0.13542655574623638,2,1.0229170784312631,0.13097665781065038,2,0,1,1
v3_torso_proxy:v3_left_forearm_proxy,83,0.8214597146774444,0.1485311730318406,0.9999993647906458,0.0,0.31045413735181654,FLAT,0.0,-1,0.12673972130223865,0.07107396014723037,0.7364690723235117,UNLOADING,0.19875026511058516,0.02659322882856017,0.035230224787615415,0.18849543948124517,0.9999993647906458,0.10222569212747973,0,ok,0.0,0.0013901354191921097,AIR,0.0,-1,1.3661678756531788,0.013252919035802738,0.6003337263155827,UNLOADING,0.004787116968671897,0.041763767279976396,0.05641516312007462,2.500000000000002,0.000742655865159203,0.558030049340392,0,staged_v3,0.18158966539684337,2,1.026352457088008,0.16581332039605623,2,1,0,0
v3_torso_proxy:v3_left_forearm_proxy,84,0.7390933331284743,0.3485311730318408,0.9785827672709171,0.0,0.2417819252773522,FLAT,0.0,-1,0.16070850217009025,0.006177604946770398,0.7316944738712479,UNLOADING,0.1796247167619248,0.055407118746791995,0.011273096379137348,0.18445850595527302,0.9785827672709171,0.10292168941840599,0,ok,0.0,0.0010826385530421107,AIR,0.0,-1,1.4525304875759208,0.034998685419086406,0.5010250840551037,UNLOADING,0.004180415899004896,0.015052568783668785,0.062362096981373905,2.500000000000002,0.001742655865159204,0.5597727052055512,0,staged_v3,0.2388075806431383,2,1.0481176893319437,0.2405920856974011,2,1,0,0
v3_torso_proxy:v3_left_forearm_proxy,85,0.4012141702370864,0.548531173031841,0.96064865026772,0.0,0.1882999527385138,FLAT,0.0,-1,0.3287862914050043,0.04093528066472693,0.7318178520678132,UNLOADING,0.16117814090749893,0.03779500204436845,0.023795890559022218,0.18107800454172118,0.96064865026772,0.1064088829585077,0,ok,0.0,0.0008431597528924885,AIR,0.0,-1,1.457358445834506,0.034637261282858135,0.42986733246489905,UNLOADING,0.0036518869018720298,0.011856105340386822,0.037517054807654826,2.500000000000002,0.002742655865159205,0.5625153610707104,0,staged_v3,0.23810983368050948,2,1.0393835025900264,0.23013118389171724,2,0,0,0
v3_torso_proxy:v3_left_forearm_proxy,86,0.3257868646532923,0.7485311730318411,0.8241929347474239,0.0,0.14664815064506306,FLAT,0.0,-1,0.46239242147947485,0.04158370798824952,0.7320475924452117,UNLOADING,0.14376622435339936,0.05141459135063674,0.010187788271623852,0.15535670813658714,0.8241929347474239,0.09996410207778231,0,ok,0.0,0.0006566534758069623,AIR,0.0,-1,1.554299733464699,0.05788455713780144,0.3788805754604856,UNLOADING,0.0031884545200353246,0.00031202697862559026,0.04363200179439869,2.500000000000002,0.0037426558651592057,0.5662580169358696,0,staged_v3,0.15778181795980475,2,1.0479022815771197,0.15015622453604124,2,1,0,0
v3_torso_proxy:v3_left_forearm_proxy,87,0.11756669118048123,0.9485311730318413,0.5658008229033641,0.0,0.11420969455834847,FLAT,0.0,-1,0.7690723135167397,0.03492582231611688,0.728998416629268,UNLOADING,0.12764976488314234,0.05007648112516715,0.01137343970629626,0.1066509425176961,0.5658008229033641,0.09995816037417721,0,ok,0.0,0.0005114022411650221,AIR,0.0,-1,1.640141938141166,0.07385591229376845,0.34234696764220585,UNLOADED,0.0027810074792669567,0.015680573520963883,0.02643677486114641,2.500000000000002,0.0047426558651592066,0.5710006728010288,0,staged_v3,0.1457164115476812,2,1.0617198011678062,0.1457164115476812,2,1,1,1
v3_torso_proxy:v3_left_forearm_proxy,88,0.6660156250000001,1.0000000000000009,0.5019415629274555,0.0,0.08894659955638776,FLAT,0.0,-1,1.479865480337917,0.04862572370617618,0.7024049202339935,UNLOADING,0.11319552281267889,0.01570290246218821,0.04441734354951147,0.09461375559745638,0.5019415629274555,0.10001659769069418,0,ok,0.0,0.0003982804658837906,AIR,0.0,-1,1.6417485859281966,0.06856220007535753,0.31616949375218506,UNLOADED,0.0024226287440308096,0.04020662437637514,0.0006018503112341133,0.6433603371019947,0.0050000000000000044,0.5760006728010288,1,staged_v3,0.14830805635408295,2,1.0348293296621736,0.14873216539085063,2,0,1,1
v3_torso_proxy:v3_left_forearm_proxy,89,0.9411425086901787,1.0000000000000009,0.5898999326593423,0.0,0.06927168138605345,FLAT,0.0,-1,1.7904109625047775,0.019260151455213724,0.662406686793362,UNLOADING,0.10036554190094082,0.03886018288445438,0.021203128044622897,0.1111935176877422,0.5898999326593423,0.0937683205560919,0,ok,0.0,0.0003101811387123401,AIR,0.0,-1,1.7133527806171915,0.10979787554279954,0.2974125140782573,UNLOADED,0.002107671692944729,0.025626013307406877,0.014244612396505988,0.0,0.0050000000000000044,0.5810006728010289,0,staged_v3,0.13972736735868374,2,1.0506234623245714,0.1408731996949792,2,1,0,0
v3_torso_proxy:v3_left_forearm_proxy,90,0.2203151777571222,0.8999999999999897,1.0,0.0,0.053948839708131295,FLAT,0.0,-1,2.375082049018861,0.018087624507073897,0.6622559502745239,UNLOADING,0.0886305930009514,0.0400251730066523,0.04583109221432316,0.1884955592153876,1.0,0.09299782264925595,0,ok,0.0,0.00024156931372315053,AIR,0.0,-1,0.9875280936488465,0.07989239452087726,0.28397255085009193,UNLOADED,0.0018312857738809222,0.02904350739924817,0.010155120143256428,-1.2500000000001399,0.0044999999999999485,0.5855006728010288,0,staged_v3,0.12282350965968993,2,1.0445855087768925,0.1216138608654038,2,1,0,0
v3_torso_proxy:v3_left_forearm_proxy,91,0.09432592819300138,0.6999999999999895,1.0,0.0,0.04201539861048635,FLAT,0.0,-1,2.230592080663232,0.018638573198629313,0.6884563847915869,UNLOADING,0.07783902674046313,0.04078424604095003,0.07395777957707508,0.1884955592153876,1.0,0.09197261000055912,0,ok,0.0,0.0001881343706936115,FLAT,0.0,-1,0.818563500199055,0.05386633349635966,0.25220483733771704,LOADING,0.001589771516517247,0.02233818792764644,0.015272053939239416,-2.500000000000002,0.0034999999999999476,0.5890006728010287,0,staged_v3,0.12677174853689682,2,1.0483121772291533,0.12830020170778436,2,1,0,0
v3_torso_proxy:v3_left_forearm_proxy,92,0.10008547720551465,0.49999999999998934,0.8349210095235587,0.0,0.032721625338903985,FLAT,0.0,-1,2.0555217221829563,0.022065012661203056,0.767016524674244,UNLOADING,0.06780825120464913,0.04128581357250914,0.10490413303955973,0.15737890259081916,0.8349210095235587,0.0906211663651582,0,ok,0.0,0.00014651919521883061,FLAT,0.0,-1,0.3194315757819054,0.04175463154121021,0.2294422759407624,LOADING,0.001378790085243185,0.008348201185820258,0.028123912611217865,-2.500000000000002,0.0024999999999999467,0.5915006728010287,0,staged_v3,0.1251878485692447,2,1.0493283128741877,0.12623282614703069,2,1,0,0
v3_torso_proxy:v3_left_forearm_proxy,93,0.08996621821381982,0.29999999999998916,0.5834747413034814,0.0,0.02548362743730755,FLAT,0.0,-1,1.3679764143730733,0.027667132657322364,0.8330600450828,UNLOADING,0.05872910612048652,0.03898586959681764,0.1218779057059127,0.10998239765005335,0.5834747413034814,0.08401424466944515,0,ok,0.0,0.00011410926397141732,FLAT,0.0,-1,0.28236138394709853,0.031058145228806774,0.21313218799098618,LOADING,0.0011946470597614656,0.004598464170742535,0.03619941829632094,-2.500000000000002,0.0014999999999999458,0.5930006728010286,0,staged_v3,0.1263142537067451,2,1.019108343545778,0.12672391507209668,2,0,0,0
v3_torso_proxy:v3_left_forearm_proxy,94,0.05306858618880995,0.09999999999998899,0.48275458144588507,0.0,0.019846669003675058,AIR,0.0,-1,1.083738734577979,0.038224419285602565,0.8803822953160494,UNLOADING,0.05067837853068012,0.030794695480199905,0.135432924227668,0.09099709479343249,0.48275458144588507,0.07955656823784325,0,ok,0.0,8.886838413664146e-05,FLAT,0.0,-1,0.34380949380163134,0.025399024888767614,0.19865209417934898,LOADING,0.0010341566931557653,0.009533579820199839,0.045856438741331065,-2.500000000000002,0.0004999999999999449,0.5935006728010286,0,staged_v3,0.13345856536791245,2,1.0087357959486307,0.13204659214588885,2,0,0,0
v3_torso_proxy:v3_left_forearm_proxy,95,0.13222033276930956,0.10000000000001119,0.22688272775627646,0.0,0.015456601361421114,AIR,0.0,-1,0.26663398278784983,0.0430269916292825,0.9142901692949804,UNLOADING,0.043627864838577585,0.027687516835466525,0.13975093182491607,0.042766386644731876,0.22688272775627646,0.07664666596987445,0,ok,0.0,6.921076715590679e-05,FLAT,0.0,-1,0.1955293268643212,0.024747310524433717,0.20020612973691257,LOADING,0.0008943277866088703,0.010262995962411915,0.051911928676972884,-2.500000000000002,-0.000500000000000056,0.5930006728010285,0,staged_v3,0.13620081565372602,2,0.9974115210681963,0.134537862404712,2,0,0,0
v3_torso_proxy:v3_left_forearm_proxy,96,0.13839547374580607,0.30000000000001137,0.2941285720868105,0.0,0.012037613243897306,AIR,0.0,-1,0.44761136975969146,0.04714900877329644,0.9385862226758747,UNLOADING,0.03750092347582002,0.024780302360497296,0.14247285263531612,0.05544192967672679,0.2941285720868105,0.07440221118426346,0,ok,0.0,0.02430446408002325,FLAT,0.0,-1,0.12877860780753286,0.02446811009329588,0.21497180982464195,LOADING,0.004531400119271627,0.011280480397936221,0.05559523983915032,-2.500000000000002,-0.0015000000000000568,0.5915006728010285,0,staged_v3,0.1379337656706553,2,0.9905950823113588,0.13618269046820436,2,0,0,0
v3_torso_proxy:v3_left_forearm_proxy,97,0.08158588343925997,0.5000000000000115,0.35514185947431215,0.0,0.009374902620657936,AIR,0.0,-1,0.8202021502657553,0.049900505761763074,0.9559951056466576,UNLOADING,0.032202583207759296,0.0228992495205698,0.1415488815065749,0.06694266340240307,0.35514185947431215,0.07324659342015931,0,ok,0.0,0.18626905642351183,FLAT,0.0,-1,0.013888791499798686,0.02564824055779269,0.2479804378007272,LOADING,0.031640714947993503,0.011750781332243672,0.05582877459872843,-2.500000000000002,-0.0025000000000000577,0.5890006728010284,0,staged_v3,0.1406651570530818,2,0.9920895649966299,0.14240816168717968,2,1,0,0
v3_torso_proxy:v3_left_forearm_proxy,98,0.07106276805579469,0.7000000000000117,0.4493241134710364,0.0,0.007301181502186566,AIR,0.0,-1,0.7973902567272059,0.05204299288683023,0.9572672870000227,UNLOADING,0.02764678550574992,0.02082037146317091,0.1373611361964035,0.08469560003768128,0.4493241134710364,0.07182165593658424,0,ok,0.0,0.31014592519411677,FLAT,0.0,-1,0.02284955684728774,0.023187509904350374,0.3108254506106476,SUPPORT,0.11531257195839481,0.01735376262618201,0.052892568744221144,-2.500000000000002,-0.0035000000000000586,0.5855006728010284,0,staged_v3,0.14260628448297805,2,0.9923930432743814,0.14384992195123075,2,1,0,0
v3_torso_proxy:v3_left_forearm_proxy,99,0.06270112604125973,0.9000000000000119,0.49232361839931515,0.0,0.005686165871249354,AIR,0.0,-1,0.8150839304401072,0.05457275414384988,0.8951260349660934,UNLOADING,0.023782434827893988,0.015183547604454797,0.13165452746903222,0.092800815765122,0.49232361839931515,0.06828227690874734,0,ok,0.0,0.40750458882838325,FLAT,0.0,-1,0.026782339689255072,0.016863510177944567,0.3943273637107715,SUPPORT,0.18225005756671586,0.02785285800759401,0.04638101525398117,-2.500000000000002,-0.0045000000000000595,0.5810006728010283,0,staged_v3,0.13950289852476047,2,0.9921842638511025,0.1412704847891511,2,0,0,0
v3_torso_proxy:v3_left_forearm_proxy,100,0.010962596255033326,1.0000000000000009,0.3415467210395172,0.0,0.004428390433202894,AIR,0.0,-1,0.9154898506196478,0.054945770572878104,0.8058415342606166,UNLOADING,0.020507774065652795,0.01034630614015273,0.12290015907820083,0.06438004018052579,0.3415467210395172,0.06547468504573938,0,ok,0.0,0.4258467715395222,FLAT,0.0,-1,0.03824276671286743,0.008439687635770892,0.5146579543546592,SUPPORT,0.23580004605337268,0.042293210081962074,0.03770658659687973,-1.2499999999998623,-0.0050000000000000044,0.5760006728010283,0,staged_v3,0.1367042716361353,2,0.9934424178136141,0.1354379421985547,2,0,0,0
v3_torso_proxy:v3_left_forearm_proxy,101,0.0645810014217799,1.0000000000000009,0.6184339036754327,0.0,0.0034488339371243314,AIR,0.0,-1,0.9681177612293175,0.052639819856112186,0.7130707063125249,UNLOADING,0.017719459411363037,0.008013715459514063,0.10987993652665481,0.11657204451105585,0.6184339036754327,0.061579327672406814,0,ok,0.0,0.4231499977535409,FLAT,0.0,-1,0.04683441119668775,0.0259943749862506,0.6210004552362955,UNLOADING,0.22502484754794153,0.030055647775564184,0.05238125963691982,0.0,-0.0050000000000000044,0.5710006728010283,0,staged_v3,0.14311418635668316,2,0.9969498142966905,0.14184007054322648,2,0,0,0
v3_torso_proxy:v3_left_forearm_proxy,102,0.11012018398932283,1.0000000000000009,0.25075377944627325,0.0,0.002685954570915666,AIR,0.0,-1,1.0552923897051225,0.050068702193127784,0.600027647259843,UNLOADING,0.015341580576751506,0.004932680169864367,0.09429771616735524,0.047265973882097245,0.25075377944627325,0.05964611175603095,0,ok,0.0,0.3992553177838008,FLAT,0.0,-1,0.06147907306136133,0.01591082905798443,0.7124608078581863,UNLOADING,0.2092786624030752,0.04471221133492489,0.04085004423551471,0.0,-0.0050000000000000044,0.5660006728010283,0,staged_v3,0.1510094148516988,2,0.9994584714243213,0.14891253836035445,2,0,0,0
v3_torso_proxy:v3_left_forearm_proxy,103,0.14385971669673664,0.8000000000000007,0.34790181728009434,0.0,0.00209182352312334,AIR,0.0,-1,1.0868861749021987,0.04764905359186574,0.5008057688281553,UNLOADING,0.013299101385125968,0.002391234849542026,0.07627263363196424,0.06557794760026098,0.34790181728009434,0.059124075037379736,0,ok,0.0,0.3565924817842758,FLAT,0.0,-1,0.06914416675460142,0.00401096482612387,0.7506549733853625,UNLOADING,0.19208379089707586,0.05852178384314426,0.024165812598161064,2.500000000000002,-0.0040000000000000036,0.5620006728010283,0,staged_v3,0.15457136193814022,2,1.0009466528774174,0.15271702566119247,2,0,0,0
v3_torso_proxy:v3_left_forearm_proxy,104,0.05053685209032588,0.6000000000000005,0.9030666542862386,0.0,0.001629113797855642,AIR,0.0,-1,1.1361444581273894,0.04493342694874927,0.4297101862379049,UNLOADING,0.011531953616447451,0.0015520823631459749,0.05686412789820221,0.17022405400845364,0.9030666542862386,0.0562050624544327,0,ok,0.0,0.31212013251299586,FLAT,0.0,-1,0.06368660626146602,0.03571769617194692,0.7469935929636721,UNLOADING,0.17592444838189583,0.026631983476236687,0.04330449041099706,2.500000000000002,-0.0030000000000000027,0.5590006728010283,0,staged_v3,0.1746087332506279,2,1.0031307186533147,0.16785331975977644,2,0,0,0
v3_torso_proxy:v3_left_forearm_proxy,105,0.14667336785440793,0.40000000000000036,0.7142224050557845,0.0,0.0012687551014824044,AIR,0.0,-1,1.0118438195511976,0.04989918153874372,0.3787679752685058,UNLOADING,0.00999713042846672,0.0004869136032732077,0.043451485160152084,0.13462775164514917,0.7142224050557845,0.05620241227052197,0,ok,0.0,0.24307940361347183,FLAT,0.0,-1,0.17475722990502865,0.007473854073919766,0.7072264623211976,UNLOADING,0.16095912960344924,0.05288746904214011,0.009242212864640411,2.500000000000002,-0.0020000000000000018,0.5570006728010283,0,staged_v3,0.15998020924548031,2,0.9946236854647484,0.15998020924548031,2,1,0,0
v3_torso_proxy:v3_left_forearm_proxy,106,0.9999999999999999,0.20000000000000018,0.9999922193641642,0.0,0.0009881074665603364,AIR,0.0,-1,1.008835039561487,0.09114219191647555,0.3422662860790757,UNLOADED,0.008661813452076292,0.008756878824008212,0.03335643547994558,0.18849409260008468,0.9999922193641642,0.06626799619209019,0,ok,0.0,0.18931042988270194,FLAT,0.0,-1,0.26542260564872855,0.06159983485733429,0.6550207214549153,UNLOADING,0.14729470759181282,0.029162119582647167,0.0285889164900986,2.500000000000002,-0.0010000000000000009,0.5560006728010283,0,staged_v3,0.19719975999952374,2,1.0204336937920298,0.18359476569684607,2,1,1,1
v3_pelvis_proxy:v3_left_hand_proxy,107,0.9999999999999996,0.0,1.0000000000000002,0.0,0.000769538868715892,AIR,0.0,-1,0.9556935174921214,0.08180514522806623,0.3161116828860163,UNLOADED,0.007499594193476809,0.0,0.059437495803494056,0.18849555921538763,1.0000000000000002,0.014590482747443907,0,ok,0.0,0.14743511103623255,AIR,0.0,-1,0.4697870467612793,0.11677524963529576,0.6182972993074157,UNLOADING,0.13429208937290255,0.031751299695754534,0.02416356526961626,2.500000000000002,0.0,0.5560006728010283,0,staged_v3,0.3336099420582723,2,0.9781119621050702,0.3242683874120612,2,0,0,0
v3_pelvis_proxy:v3_left_hand_proxy,108,0.1436743496648203,0.20000000000000018,0.9999999936192421,0.0,0.0005993174735598198,AIR,0.0,-1,1.0330709304718644,0.052723030427198815,0.297371090782556,UNLOADED,0.006488380420511878,0.030105408752778107,0.009763145786349698,0.18849555801264306,0.9999999936192421,0.014958339858774039,0,ok,0.0,0.11482257992723743,AIR,0.0,-1,0.9092348352345194,0.05142760062331288,0.5949061221557382,UNLOADING,0.12175235148631751,0.0413465418727868,0.013398764235000107,2.500000000000002,0.0010000000000000009,0.5570006728010283,0,staged_v3,0.4105066012614088,2,0.9568863157614912,0.4105066012614088,2,1,1,1
v3_pelvis_proxy:v3_left_hand_proxy,109,0.5331925220244688,0.40000000000000036,0.9999912645533285,0.0,0.0004667489177167636,AIR,0.0,-1,1.1214124232748994,0.05818389793770584,0.28394286976173483,UNLOADED,0.005609214487661907,0.03384753253320412,0.0053496109548826195,0.18849391262248227,0.9999912645533285,0.045767620669891804,0,ok,0.0,0.0894239151616115,AIR,0.0,-1,1.1260501355699832,0.08491108967782264,0.5797675399666545,UNLOADING,0.10972756296744032,0.014255003490162906,0.03973337350816982,2.500000000000002,0.0020000000000000018,0.5590006728010283,0,staged_v3,0.2859155845243063,2,0.9727291832553108,0.27372616528507815,2,0,0,0
v3_pelvis_proxy:v3_left_hand_proxy,110,0.6009521484375002,0.20000000000000018,0.6009520848501729,0.0,0.0003635044226155462,FLAT,0.0,-1,0.46871883915596485,0.04967428559486392,0.27432112895501126,LOADING,0.004845582057856422,0.020791565208192107,0.017924491239558457,0.1132767992954864,0.6009520848501729,0.040685719654052016,0,ok,0.0,0.0696434151531739,AIR,0.0,-1,1.8498465819596743,0.03853402157302599,0.5950529328520203,UNLOADING,0.09808103921672698,0.05062396863581371,0.004128678006787307,-2.500000000000002,0.0010000000000000009,0.5600006728010283,1,staged_v3,0.2635767710214919,2,0.9397328322803145,0.26511142892011835,2,1,1,1
v3_pelvis_proxy:v3_left_hand_proxy,111,0.9469604492187502,0.40000000000000036,0.9469602671302905,0.0,0.00028309752898290626,FLAT,0.0,-1,0.5142963424135284,0.0003662637364795886,0.24944065058705206,LOADING,0.0041837105491874796,0.037105768792873015,0.03746665336838839,0.17849780510747693,0.9469602671302905,0.037781938368767046,0,ok,0.0,0.054238346257058784,AIR,0.0,-1,1.9117422680097,0.027827546571393143,0.6607004293661334,UNLOADING,0.0866984689853247,0.030207474896913528,0.056361474447103425,2.500000000000002,0.0020000000000000018,0.5620006728010283,1,staged_v3,0.13757131436396988,2,0.9164889847024118,0.13757131436396988,2,1,1,1
v3_pelvis_proxy:v3_left_hand_proxy,112,0.60491943359375,0.6000000000000005,0.6049194335937499,0.0,0.00022047657725746714,FLAT,0.0,-1,0.30475296438297583,0.00953668519897078,0.22444488110134336,LOADING,0.00361046500474488,0.026685558856096393,0.024998952974670016,0.11402462691550941,0.6049194335937499,0.009991798694878616,0,ok,0.0,0.04224086653749538,FLAT,0.0,-1,2.087691360553832,0.016166166631870964,0.7373651476139015,UNLOADING,0.07589781966566916,0.045702090748824115,0.05846958908630069,2.500000000000002,0.0030000000000000027,0.5650006728010283,1,staged_v3,0.1648226709757335,2,0.9291602652850962,0.16320799779636597,2,0,1,1
v3_pelvis_proxy:v3_left_hand_proxy,113,0.9999999999999999,0.8000000000000007,1.0000000000000002,0.0,0.0001717073310170185,FLAT,0.0,-1,0.19341788854327366,0.024276051795261606,0.2004149679369706,LOADING,0.0031142978057494258,0.010744696601586924,0.04968256761615453,0.18849555921538763,1.0000000000000002,0.023453448974227423,0,ok,0.0,0.03289721993701611,FLAT,0.0,-1,2.094802551503888,0.03912692718422957,0.8114262081875379,UNLOADING,0.06594149592823238,0.02644438322514732,0.13207053934988366,2.500000000000002,0.0040000000000000036,0.5690006728010283,0,staged_v3,0.15529921387429826,2,0.939429154754502,0.1547473412856653,2,1,1,1
v3_torso_proxy:v3_left_forearm_proxy,114,1.0000000000000002,0.6000000000000005,1.0000000000000002,0.0,0.00013372580385515495,FLAT,0.0,-1,0.15569713837821206,0.024259549831266873,0.16168179552831308,LOADING,0.0026854130871822772,0.008824539945148785,0.030026638155497914,0.18849555921538763,1.0000000000000002,0.04826256050729895,0,ok,0.0,0.02562038064782038,FLAT,0.0,-1,2.012842908943278,0.05098618574015911,0.8648809738127476,UNLOADING,0.057015825207582076,0.01725786295047827,0.11238047345526148,-2.500000000000002,0.0030000000000000027,0.5720006728010283,0,staged_v3,0.22928518621918514,2,0.9814459291275479,0.2174940223450087,2,0,0,0
v3_torso_proxy:v3_left_forearm_proxy,115,0.7194665657081807,0.40000000000000036,0.9437453259883584,0.0,0.10458253139285267,FLAT,0.0,-1,0.04172740766028469,0.011189996938265466,0.1210514413816618,LOADING,0.020532863514626815,0.019862575130817624,0.05160204618027301,0.17789180297908389,0.9437453259883584,0.04740589854817319,0,ok,0.0,0.01995317251110998,FLAT,0.0,-1,1.5238622019054628,0.011532977515685165,0.9031829870825939,UNLOADING,0.04914667968660626,0.05862617183844454,0.10124549649463258,-2.500000000000002,0.0020000000000000018,0.5740006728010283,0,staged_v3,0.3922110408895471,2,0.9829160603022328,0.3938442055036735,2,1,0,0
v3_torso_proxy:v3_left_forearm_proxy,116,0.14452208190918697,0.20000000000000018,0.33712185612660434,0.0,0.19949519533097848,FLAT,0.0,-1,0.029618990066505053,0.002447139683728402,0.09405937608715381,LOADING,0.052572451156853814,0.02725582912062929,0.04649806558421254,0.06354597279431373,0.33712185612660434,0.04740541523700584,0,ok,0.0,0.015539546376411282,AIR,0.0,-1,1.2242531108984658,0.021163184089020518,0.9259813495986604,UNLOADING,0.04229004205289551,0.05013588339091252,0.11952457540346076,-2.500000000000002,0.0010000000000000009,0.5750006728010283,1,staged_v3,0.2594029638113513,2,0.9904648785890237,0.2594029638113513,2,1,0,0
v3_torso_proxy:v3_left_forearm_proxy,117,0.11778434877643748,0.0,0.4819956118244307,0.0,0.25607709093906106,FLAT,0.0,-1,0.0254860681665216,0.02071328568291667,0.09637557133160864,SUPPORT,0.13205796092548305,0.009105492883663763,0.06392495881637902,0.09085403239020895,0.4819956118244307,0.046714103411389735,0,ok,0.0,0.012102210886523518,AIR,0.0,-1,0.7147290621360615,0.030228022077884206,0.946963319421025,UNLOADING,0.03634030191578014,0.04212014389316705,0.13158472695381382,-2.500000000000002,0.0,0.5750006728010283,0,staged_v3,0.12889419934468163,2,1.001466621454628,0.12988502020519035,2,1,0,0
v3_torso_proxy:v3_left_forearm_proxy,118,0.07931877081461708,0.20000000000000018,0.36886072628533556,0.0,0.3266150227838219,FLAT,0.0,-1,0.01312742401871213,0.0071628209460908795,0.13543702737428429,SUPPORT,0.19564636874038643,0.024609030422623336,0.053036555635337164,0.06952860887374834,0.36886072628533556,0.04644438925290416,0,ok,0.0,0.009425211315319797,AIR,0.0,-1,0.3321668715492953,0.03571522342403491,0.943056470147766,UNLOADING,0.031225502328082622,0.036437600083353394,0.13642157387107678,-2.500000000000002,-0.0010000000000000009,0.5740006728010283,0,staged_v3,0.12763035258533822,2,1.0058010426525075,0.12883056475875873,2,1,0,0
v3_torso_proxy:v3_left_forearm_proxy,119,0.10200709044326554,0.40000000000000036,0.12508118548297734,0.0,0.38906003667202677,FLAT,0.0,-1,0.01430158119655933,0.007611044786477356,0.19128573726066503,SUPPORT,0.24651709499230914,0.0269532420765559,0.052627091431924865,0.023577248004937434,0.12508118548297734,0.04664693583671173,0,ok,0.0,0.007340361952984524,AIR,0.0,-1,0.1664460479038187,0.036630563789357126,0.9139592318319156,UNLOADING,0.026854940621366043,0.03406739780223865,0.13580246493133893,-2.500000000000002,-0.0020000000000000018,0.5720006728010283,0,staged_v3,0.12806944968521183,2,1.007410711613546,0.1291858700683508,2,1,0,0
v3_torso_proxy:v3_left_forearm_proxy,120,0.8418579101562502,0.20000000000000018,0.8418579101562499,0.0,0.44303568917878,FLAT,0.0,-1,0.015907818845458062,0.058033590673452304,0.2657322181749616,SUPPORT,0.28721367599384734,0.0,0.07303501767786648,0.15868647755479987,0.8418579101562499,0.05113657319075178,0,ok,0.0,0.005716679637011894,AIR,0.0,-1,0.4315127510317198,0.002651010232119424,0.8660795446863934,UNLOADING,0.023127889152580988,0.06565296700220023,0.0998341208927887,2.500000000000002,-0.0010000000000000009,0.5710006728010283,1,staged_v3,0.13220223571251938,2,1.0055157259067946,0.13056487304246436,2,1,1,1
v3_torso_proxy:v3_right_forearm_proxy,121,1.0,0.0,1.0000000000000002,0.0,0.48036748360189396,FLAT,0.0,-1,0.018749017911536662,0.0040884139712983845,0.3936032126997567,SUPPORT,0.3197709407950779,0.04059174666368945,0.0323245472620395,0.18849555921538763,1.0000000000000002,0.0723959525514637,0,ok,0.0,0.004452154577873218,AIR,0.0,-1,0.5773329262717241,0.0027608952591444665,0.8067903708416606,UNLOADING,0.019946790578633203,0.06257862328293856,0.11190049611053328,2.500000000000002,0.0,0.5710006728010283,0,staged_v3,0.22164840500045702,2,0.9822085599184974,0.20181817473933053,2,0,1,1
v3_torso_proxy:v3_left_forearm_proxy,122,0.3407336772952445,0.20000000000000018,0.6486741408131891,0.0,0.4938960411112254,FLAT,0.0,-1,0.029177813845549124,0.006012128798007683,0.5298866847398238,UNLOADING,0.30725896429302024,0.045482205438983514,0.04810436830118289,0.12227219492114316,0.6486741408131891,0.07549273755848518,0,ok,0.0,0.003467341471602602,AIR,0.0,-1,0.8584411632156388,0.024803455953574804,0.7368174172048602,UNLOADING,0.017227612479389757,0.0370374149066682,0.10403494350580622,-2.500000000000002,-0.0010000000000000009,0.5700006728010283,0,staged_v3,0.21735166371582468,2,1.0367855316057861,0.20712572190483144,2,0,0,0
v3_torso_proxy:v3_left_forearm_proxy,123,0.10711720024253142,0.40000000000000036,0.3649241513170904,0.0,0.4664345705444294,FLAT,0.0,-1,0.05166163615408039,0.0027001599792888633,0.6513538031524566,UNLOADING,0.2865963464080934,0.05486753017833397,0.04412677432257976,0.06878658197371568,0.3649241513170904,0.0744577606227501,0,ok,0.0,0.002700368253260064,AIR,0.0,-1,1.152842300018117,0.022607184188982794,0.6484507536732983,UNLOADING,0.014902141042939524,0.03481535349468212,0.09549670848352336,-2.500000000000002,-0.0020000000000000018,0.5680006728010283,1,staged_v3,0.16201026115964282,2,1.04545034890661,0.1595003732406018,2,0,0,0
v3_torso_proxy:v3_left_forearm_proxy,124,0.21000154519866157,0.20000000000000018,0.4329960112997159,0.0,0.4262229868607167,FLAT,0.0,-1,0.057078850076401004,0.004403638852432678,0.71803559580273,UNLOADING,0.26282254128484617,0.05649814093770382,0.04275093117451553,0.08161782528797223,0.4329960112997159,0.074456988955705,0,ok,0.0,0.0021030489102200995,AIR,0.0,-1,1.321847758555853,0.02479585564845994,0.5542404475126774,UNLOADING,0.012907185771245116,0.027916166727173935,0.077862189465218,2.500000000000002,-0.0010000000000000009,0.5670006728010283,0,staged_v3,0.12981337065755963,2,1.0334134536923674,0.12981337065755963,2,1,1,1
v3_torso_proxy:v3_left_forearm_proxy,125,0.6524256125417756,0.0,0.9999982532530062,0.0,0.3319427959301593,FLAT,0.0,-1,0.15236002418229638,0.05837698559208041,0.7227616524243263,UNLOADING,0.23842321713462905,0.010508035680912672,0.050630046940303645,0.1884952299613362,0.9999982532530062,0.06719375794720273,0,ok,0.0,0.0016378561381168782,AIR,0.0,-1,1.6235354925391776,0.028878802732314624,0.47019539858984694,UNLOADING,0.011187265477984697,0.019630967197177728,0.0584137692350934,2.500000000000002,0.0,0.5670006728010283,0,staged_v3,0.17416143158885838,2,1.0303208785329574,0.16062611703816693,2,0,0,0
v3_torso_proxy:v3_left_forearm_proxy,126,0.6429420301021511,0.20000000000000018,1.0000000000000002,0.0,0.2585173094053196,FLAT,0.0,-1,0.17628696307630082,0.006901086147086687,0.6902499064681005,UNLOADING,0.21580215193938387,0.05261140917631833,0.028542066620228214,0.18849555921538763,1.0000000000000002,0.06955591800671597,0,ok,0.0,0.0012755636429237318,AIR,0.0,-1,1.6788593713304323,0.027391410269420935,0.4077768975339009,UNLOADING,0.009697001589416205,0.017997434607274113,0.0456550421575309,2.500000000000002,0.0010000000000000009,0.5680006728010283,0,staged_v3,0.26544051690163345,2,1.0416223960554227,0.26736441868902067,2,1,0,0
v3_torso_proxy:v3_left_forearm_proxy,127,0.10485725403063981,0.40000000000000036,0.32268941969300186,0.0,0.20133348300237555,FLAT,0.0,-1,0.23326169786327502,0.0054421152892552525,0.6646060345260361,UNLOADING,0.1946198495547364,0.05278818643704655,0.019858003675495374,0.06082552261792129,0.32268941969300186,0.06955787107515617,0,ok,0.0,0.0009934099639664162,AIR,0.0,-1,1.7655842662740588,0.029498826838573466,0.36305208716823245,UNLOADING,0.00840210856280456,0.013653777519838158,0.033225685342829686,2.500000000000002,0.0020000000000000018,0.5700006728010283,1,staged_v3,0.23532723018258542,2,1.0403946350646778,0.23532723018258542,2,1,1,1
v3_torso_proxy:v3_left_forearm_proxy,128,0.6021118164062498,0.6000000000000005,0.46811112764391505,0.0,0.15679867422074345,AIR,0.0,-1,0.4832238960032602,0.031990963288435,0.6390053215741285,UNLOADING,0.17490322632947697,0.024959302790271427,0.05152737283570539,0.08823686878018545,0.46811112764391505,0.08166854947231401,0,ok,0.0,0.000773668457847981,AIR,0.0,-1,1.7733266673822123,0.021283896442492553,0.33100536018175586,UNLOADED,0.0072757473468748725,0.039172402624702556,0.002377865384385236,2.500000000000002,0.0030000000000000027,0.5730006728010283,1,staged_v3,0.15782432390407578,2,1.0292430448530834,0.15811441905143236,2,1,1,1
v3_pelvis_proxy:v3_right_hand_proxy,129,0.47297768184616645,0.8000000000000007,0.79840087890625,0.0,0.1221149302676731,AIR,0.0,-1,0.6441103543371585,0.025101901430174364,0.6114058279429299,UNLOADING,0.156696072600005,0.046543946764040486,0.009026344633106014,0.15049502014749055,0.79840087890625,0.06224511091586625,0,ok,0.0,0.0006025336008096538,AIR,0.0,-1,1.8938973382909692,0.07187342863497588,0.30804287689453536,UNLOADED,0.00629591592831998,0.023644191333459023,0.016757952511267746,2.500000000000002,0.0040000000000000036,0.5770006728010283,1,staged_v3,0.22187629156483327,2,1.0469678327002527,0.17290722765673155,2,0,1,1
v3_pelvis_proxy:v3_right_hand_proxy,130,0.9196275109663299,1.0000000000000009,0.8443175721192933,0.0,0.09510320331717381,AIR,0.0,-1,1.6698632672987967,0.009784155579523241,0.5653176674762824,UNLOADING,0.1402165882640595,0.044151725885321465,0.009114157488492662,0.15915011291200454,0.8443175721192933,0.09715345766475283,0,ok,0.0,0.00046925364013739165,AIR,0.0,-1,2.0008694788220587,0.09586362849313591,0.2915895386507145,UNLOADED,0.005443988536802777,0.005486821852708566,0.034092655079827165,2.500000000000002,0.0050000000000000044,0.5820006728010283,0,staged_v3,0.21283959841714242,2,1.0336585046973625,0.2058673275139258,2,0,1,1
v3_pelvis_proxy:v3_right_hand_proxy,131,0.2013916316926378,1.0000000000000009,0.8129050555098709,0.0,0.07406644921601399,AIR,0.0,-1,1.8355275204455634,0.01748508573004908,0.5306039430560487,UNLOADING,0.12515228982831333,0.034045111422753356,0.0269990826999074,0.15322899302734883,0.8129050555098709,0.11101449220938478,0,ok,0.0,0.00036545510239810783,AIR,0.0,-1,1.7075288118340606,0.07340342563194927,0.2798002066355557,UNLOADED,0.00470387598714968,0.034997365656108906,0.003992644675668889,0.0,0.0050000000000000044,0.5870006728010283,1,staged_v3,0.1708344208681776,2,1.0299645861958728,0.15315336932315513,2,0,0,0
v3_pelvis_proxy:v3_right_hand_proxy,132,0.1496344654626423,0.9000000000000119,0.9999982700183149,0.0,0.05768300864875014,AIR,0.0,-1,2.271341743661422,0.020768868541370982,0.5075694828898,UNLOADING,0.11133123039246517,0.02960960560311902,0.05214947611903646,0.18849523312152244,0.9999982700183149,0.11336487173980214,0,ok,0.0,0.00028461671992508684,FLAT,0.0,-1,0.9852239038246094,0.050893320446565256,0.2612481163251639,LOADING,0.0040619310086954415,0.026530582042844482,0.011531823773413719,-1.2499999999998623,0.0045000000000000595,0.5915006728010284,0,staged_v3,0.12863626238729592,2,1.0426154555667468,0.13043071387345867,2,1,0,0
v3_pelvis_proxy:v3_right_hand_proxy,133,0.13738098039142263,0.7000000000000117,0.7103686217013968,0.0,0.04492357230556123,AIR,0.0,-1,2.0995678696038143,0.022502508319808708,0.5423736998068411,UNLOADING,0.09836365579149213,0.02961617667053335,0.0787690079638189,0.13390133059666892,0.7103686217013968,0.11884416280352653,0,ok,0.0,0.00022165972435287236,FLAT,0.0,-1,0.4287070130303696,0.039786847331404064,0.2301517246857408,LOADING,0.00350603291552462,0.01347145587871668,0.023036130355570363,-2.500000000000002,0.0035000000000000586,0.5950006728010284,0,staged_v3,0.1262386401827735,2,1.0469479147342196,0.12759914080025225,2,1,0,0
v3_pelvis_proxy:v3_right_hand_proxy,134,0.13594816624444694,0.5000000000000115,0.6932060178831927,0.0,0.03498651328993596,AIR,0.0,-1,1.9138820119056088,0.02341033383240593,0.590629207013026,UNLOADING,0.08635777020547189,0.031121126518245373,0.10501158883967669,0.1306662559923644,0.6932060178831927,0.13763654954482973,0,ok,0.0,0.00017262876690140875,FLAT,0.0,-1,0.20021777893492587,0.030687479926564412,0.2133897608363663,LOADING,0.0030245698641095087,0.004982008115253907,0.03179902699758183,-2.500000000000002,0.0025000000000000577,0.5975006728010285,0,staged_v3,0.12212441570732965,2,1.0394567519518318,0.12393011413229196,2,0,0,0
v3_pelvis_proxy:v3_right_hand_proxy,135,0.09215356139211776,0.30000000000001137,0.5443939907765227,0.0,0.02724752394714024,AIR,0.0,-1,1.2303728758155972,0.02788538409579064,0.6492798769349508,UNLOADING,0.07538612516925575,0.029578609750956907,0.11929274313051669,0.10261584972491722,0.5443939907765227,0.14606873196389977,0,ok,0.0,0.00013444341884346817,FLAT,0.0,-1,0.2759671853472644,0.02762201433991683,0.1979750653671101,LOADING,0.002607892308409544,0.007276738928438678,0.04225775287217179,-2.500000000000002,0.0015000000000000568,0.5990006728010285,0,staged_v3,0.12828986795063385,2,1.0365228241497335,0.1269709291913543,2,0,0,0
v3_torso_proxy:v3_right_forearm_proxy,136,0.12806667976492556,0.10000000000001119,0.5209322995056651,0.0,0.021220392986789675,AIR,0.0,-1,0.958913121738738,0.033325753700212124,0.7104705243209313,UNLOADING,0.06549438289581479,0.02719777251583444,0.13013091777301677,0.09819342510867812,0.5209322995056651,0.1516859211133742,0,ok,0.0,0.00010470463987408988,FLAT,0.0,-1,0.26225184844228716,0.026675254458475326,0.1674793949970753,LOADING,0.0022477889457988365,0.00669871529137844,0.051771296436053486,-2.500000000000002,0.000500000000000056,0.5995006728010286,0,staged_v3,0.13253423496585942,2,1.0333847658554156,0.13413052721804816,2,0,0,0
v3_torso_proxy:v3_right_forearm_proxy,137,0.18497569567518707,0.09999999999998899,0.5207755905843926,0.0,0.016526458675194748,AIR,0.0,-1,0.5303136280750999,0.03840447926699546,0.7880638780571501,UNLOADING,0.05663840727656547,0.02599871463586205,0.13453982823988975,0.09816388617292882,0.5207755905843926,0.15450524076613076,0,ok,0.0,0.00010240101507418395,FLAT,0.0,-1,0.14997481914320063,0.028629569451311603,0.1507717352042384,LOADING,0.0019390993587339704,0.003909017308900319,0.05794496842731921,-2.500000000000002,-0.0004999999999999449,0.5990006728010286,0,staged_v3,0.14312365386191625,2,1.0293875248609252,0.14490372774783425,2,0,0,0
v3_torso_proxy:v3_right_forearm_proxy,138,0.17404103331331588,0.29999999999998916,0.2448311696698382,0.0,0.012870818957638882,AIR,0.0,-1,0.10037501247814803,0.043850754918361136,0.847736772434907,UNLOADING,0.048827170870755554,0.023536083703384218,0.14083314504250463,0.0461495882402736,0.2448311696698382,0.1554525388581375,0,ok,0.0,0.07714789514441232,FLAT,0.0,-1,0.06260350009017134,0.0311223406269944,0.1656524927212553,LOADING,0.014424910288095656,0.0021602840090683695,0.06136891894694399,-2.500000000000002,-0.0014999999999999458,0.5975006728010287,0,staged_v3,0.14462348553441867,2,1.0290412416188754,0.14584556640439134,2,1,0,0
v3_torso_proxy:v3_right_forearm_proxy,139,0.14357690506382217,0.49999999999998934,0.28663277207174476,0.0,0.010023803882979444,AIR,0.0,-1,0.13160609135099335,0.047621426517772465,0.88388173231011,UNLOADING,0.042018138852441156,0.02157266009773303,0.1459459512266993,0.05402900466112026,0.28663277207174476,0.15650698973603047,0,ok,0.0,0.16993725702427148,FLAT,0.0,-1,0.034684104353016075,0.033564062694634286,0.203054394404089,LOADING,0.03862607827297973,0.0015886570255701643,0.06275551579734985,-2.500000000000002,-0.0024999999999999467,0.5950006728010288,0,staged_v3,0.14294255263665703,2,1.029148616273774,0.14428488559439664,2,1,0,0
v3_torso_proxy:v3_right_forearm_proxy,140,0.08304052248978393,0.6999999999999895,0.34917760081140564,0.0,0.00780654631341858,AIR,0.0,-1,0.33278712919231485,0.047650753173785795,0.8687900361394694,UNLOADING,0.03616187568204374,0.02078874863318768,0.14122826096714752,0.06581842713043329,0.34917760081140564,0.15574547100379119,0,ok,0.0,0.271784096907032,FLAT,0.0,-1,0.027552513788415743,0.032427889089190774,0.2642010852960878,SUPPORT,0.12090086261838379,0.00578216517561362,0.06117008139691392,-2.500000000000002,-0.0034999999999999476,0.5915006728010288,0,staged_v3,0.14267149032895873,2,1.0374781351644191,0.14364473382275053,2,1,0,0
v3_torso_proxy:v3_right_forearm_proxy,141,0.07812741183897612,0.8999999999999897,0.5006480443277591,0.0,0.006079744381973579,AIR,0.0,-1,0.4446058962028495,0.04746092004626131,0.8078374536728887,UNLOADING,0.03116279332196006,0.017930952637383125,0.13601374350735307,0.09436993308565111,0.5006480443277591,0.1506406383307167,0,ok,0.0,0.37332718907707035,FLAT,0.0,-1,0.02689144382270763,0.029351524610366747,0.3676758355847184,SUPPORT,0.18672069009470704,0.01403226716886917,0.05730759544292127,-2.500000000000002,-0.0044999999999999485,0.5870006728010289,0,staged_v3,0.14010308688412276,2,1.0384790715514858,0.14168727395367198,2,0,0,0
v3_torso_proxy:v3_right_forearm_proxy,142,0.05729468484670988,1.0000000000000009,0.5118130964104756,0.0,0.004734909685554998,AIR,0.0,-1,0.6577318574125605,0.046564016064416416,0.7344885015615266,UNLOADING,0.02689056184247756,0.015160409013659913,0.1313205621248213,0.09647449582165168,0.5118130964104756,0.14165869377276852,0,ok,0.0,0.4133903624956765,FLAT,0.0,-1,0.053513035094459364,0.024567896648558765,0.4881255057054836,SUPPORT,0.23937655207576564,0.024838378636715414,0.05147892090496852,-1.2500000000001399,-0.0050000000000000044,0.5820006728010289,0,staged_v3,0.13460749521109153,2,1.040711039405468,0.13556850389522648,2,0,0,0
v3_torso_proxy:v3_right_forearm_proxy,143,0.0543340646877766,1.0000000000000009,0.6040813023811238,0.0,0.003687551370882612,AIR,0.0,-1,0.8281081211551337,0.04309145200551682,0.6518673099391443,UNLOADING,0.023232446890478334,0.0145019134914404,0.12253031625773946,0.11386664290388959,0.6040813023811238,0.13092047805590207,0,ok,0.0,0.4039523331139382,FLAT,0.0,-1,0.07099909299467257,0.041914715207065384,0.6124520248425002,UNLOADING,0.22754431731614977,0.013707886035059624,0.06314440451408428,0.0,-0.0050000000000000044,0.5770006728010288,0,staged_v3,0.12481663713114302,2,1.041524297792449,0.12537118831938665,2,0,0,0
v3_torso_proxy:v3_right_forearm_proxy,144,0.06872946946490076,1.0000000000000009,0.3383536501369675,0.0,0.0028718678952594106,AIR,0.0,-1,0.9295849764768133,0.040318273711830346,0.5379505102674582,UNLOADING,0.020103089491207697,0.011579251801542567,0.11297926659785665,0.0637781604951353,0.3383536501369675,0.11827948385958878,0,ok,0.0,0.3675577543277604,FLAT,0.0,-1,0.08850725391133465,0.03914813970418661,0.7070674829709367,UNLOADING,0.2104193602893828,0.021205234444360226,0.05976147221325352,0.0,-0.0050000000000000044,0.5720006728010288,0,staged_v3,0.11867506029314374,2,1.0400734417646038,0.12039663577657006,2,0,0,0
v3_torso_proxy:v3_right_forearm_proxy,145,0.12164855919697343,1.0000000000000009,0.4475530145584258,0.0,0.0022366129657056563,AIR,0.0,-1,1.04143731096162,0.0346590868271701,0.4563255565023332,UNLOADING,0.017404932322385123,0.013157190997946558,0.09630196707725765,0.08436175575772298,0.4475530145584258,0.1070060043040495,0,ok,0.0,0.2987728316439276,FLAT,0.0,-1,0.1184020843614772,0.03354702498856279,0.7425046240321633,UNLOADING,0.19134982633563216,0.028578206213045382,0.05018873106007595,0.0,-0.0050000000000000044,0.5670006728010288,0,staged_v3,0.12018992021673061,2,1.0354767117437216,0.12171827985500086,2,0,0,0
v3_torso_proxy:v3_right_forearm_proxy,146,0.1509742194346743,1.0000000000000009,0.5761910296910265,0.0,0.0017418759291192222,AIR,0.0,-1,1.0805977771564663,0.02660299470943501,0.39783872140548326,UNLOADING,0.015068354881563169,0.01828894136083916,0.07419161901311278,0.10860945035650005,0.5761910296910265,0.09705555852077499,0,ok,0.0,0.23556839019635833,FLAT,0.0,-1,0.13230981853529775,0.023143041795964332,0.7264851506241389,UNLOADING,0.1732186301108663,0.038181215735242614,0.03256210107480295,0.0,-0.0050000000000000044,0.5620006728010288,0,staged_v3,0.12280873925133956,2,1.0304301613723645,0.12416030994333946,2,0,0,0
v3_torso_proxy:v3_right_forearm_proxy,147,0.14241884032790297,0.8000000000000007,0.6713776976203149,0.0,0.0013565743376112813,AIR,0.0,-1,1.1224833155157024,0.019757615549619457,0.35593107280222425,UNLOADING,0.013040550952524049,0.02303893809049176,0.04849834572004691,0.12655171455768066,0.6713776976203149,0.08934153218372694,0,ok,0.0,0.18346084675179414,FLAT,0.0,-1,0.18878393703049712,0.01738638706498642,0.6802969194216235,UNLOADING,0.15685211121960912,0.044343156168278844,0.014671689802802337,2.500000000000002,-0.0040000000000000036,0.5580006728010288,0,staged_v3,0.1265101065867996,2,1.0266391704880964,0.12741353504679906,2,0,0,0
v3_torso_proxy:v3_right_forearm_proxy,148,0.3427734375000001,0.6000000000000005,0.33739272440340806,0.0,0.0010565011564262383,AIR,0.0,-1,1.1852396968288896,0.001441218176661434,0.32590293042546525,UNLOADED,0.011279355721241904,0.03985392834461183,0.012995539570033616,0.06359703026162355,0.33739272440340806,0.09107211789988277,0,ok,0.0,0.14287945111324027,FLAT,0.0,-1,0.3868252270842983,0.03305141242217106,0.642770597503383,UNLOADING,0.14173620118112604,0.03657137790493357,0.020567151970235585,2.500000000000002,-0.0030000000000000027,0.5550006728010288,1,staged_v3,0.13613409855674555,2,1.0307348965363023,0.13453531255693094,2,0,1,1
v3_torso_proxy:v3_right_forearm_proxy,149,0.35882072254076713,0.40000000000000036,0.9999999022718312,0.0,0.0008228039279405992,AIR,0.0,-1,1.3272677473533487,0.026679239534690098,0.30438682621414975,UNLOADED,0.009749783939881379,0.029267119068694527,0.010952222242012966,0.18849554079406178,0.9999999022718312,0.07737142914262078,0,ok,0.0,0.11127462841180404,AIR,0.0,-1,0.46668361075518056,0.07604889311719201,0.6164717288518383,UNLOADING,0.12758488184916994,0.021860641104370485,0.03396294533822143,2.500000000000002,-0.0020000000000000018,0.5530006728010288,0,staged_v3,0.146572958957319,2,1.0215458146338776,0.13906255320885616,2,1,0,0
v3_torso_proxy:v3_left_hand_proxy,150,0.557941058853675,0.20000000000000018,1.0,0.0,0.0006408003433943665,AIR,0.0,-1,1.1769582933396379,0.056428415846095425,0.28896986386517365,UNLOADED,0.00842204742781246,0.0,0.05687536090601925,0.1884955592153876,1.0,0.08645650231886452,0,ok,0.0,0.08666076774309259,AIR,0.0,-1,1.1031903952986224,0.05530791043950122,0.594466726067962,UNLOADING,0.11437901656562,0.025048500874064475,0.029674835429333628,2.500000000000002,-0.0010000000000000009,0.5520006728010288,0,staged_v3,0.2260305551305868,2,0.9843687669811014,0.2263374643002853,2,1,1,1
v3_torso_proxy:v3_right_forearm_proxy,151,0.5587768554687501,0.0,0.5587768554687506,0.0,0.0004990558092279577,FLAT,0.0,-1,0.953878996994425,0.030167858261961063,0.27276461484041803,LOADING,0.007270745087216397,0.03518709013949837,0.0034511406025225346,0.10532695584819796,0.5587768554687506,0.08640070838107829,0,ok,0.0,0.06749147377988965,AIR,0.0,-1,1.408064902060667,0.06582822376979865,0.5806022730757302,UNLOADING,0.10208283858339638,0.019915542891028655,0.03411457076275786,2.500000000000002,0.0,0.5520006728010288,1,staged_v3,0.35103913827116856,2,0.9467459313814031,0.3519404732031117,2,1,1,1
v3_torso_proxy:v3_right_forearm_proxy,152,0.8235431677661841,0.20000000000000018,0.878700526701726,0.0,0.0003886650550230671,FLAT,0.0,-1,0.4636043557528789,0.018438256973111432,0.23386614558308033,LOADING,0.006274605711425766,0.024269370825988595,0.012423936453165425,0.16563114716349747,0.878700526701726,0.07630783686784752,0,ok,0.0,0.052562412630421246,AIR,0.0,-1,2.0278536193664944,0.007660575933773478,0.6263221441926858,UNLOADING,0.0903054915925962,0.048655531275860815,0.013532986545282757,2.500000000000002,0.0010000000000000009,0.5530006728010288,0,staged_v3,0.26616312985684976,2,0.8859983073953636,0.2623894003725076,2,1,0,0
v3_torso_proxy:v3_right_forearm_proxy,153,0.07904052734375011,0.40000000000000036,0.07904052734375,0.0,0.00030269264920445535,FLAT,0.0,-1,0.2367623001915959,0.015728667393317824,0.20018832512925044,LOADING,0.0054128187690408395,0.019280748863144702,0.01690107551936053,0.01489878840233929,0.07904052734375,0.07703516753479299,0,ok,0.0,0.04093564811669437,FLAT,0.0,-1,2.2364152773480543,0.005582982892852837,0.6875371416086595,UNLOADING,0.07923197416803165,0.05379387418758014,0.014913405494814552,2.500000000000002,0.0020000000000000018,0.5550006728010288,1,staged_v3,0.20348734242783723,2,0.8479321511728514,0.18678492242381342,2,0,1,1
v3_torso_proxy:v3_right_forearm_proxy,154,0.04919433593750007,0.6000000000000005,0.04919433593749998,0.0,0.0002357372722303879,FLAT,0.0,-1,0.1659419124029828,0.01906964168011888,0.15831066134444324,LOADING,0.004667904309000728,0.013845891387103283,0.02071912612327859,0.009272913862768697,0.04919433593749998,0.07727869571103212,0,ok,0.0,0.03188071480881705,FLAT,0.0,-1,2.2888333270379015,0.0053552957311466635,0.7543100129804348,UNLOADING,0.06903208820224896,0.057360204917875066,0.018022421157045172,2.500000000000002,0.0030000000000000027,0.5580006728010288,1,staged_v3,0.16586326997533282,2,0.6615119579038359,0.15077204147306839,2,1,1,1
v3_torso_proxy:v3_left_forearm_proxy,155,1.0,0.8000000000000007,1.0,0.0,0.12063480091418839,FLAT,0.0,-1,0.034974122495708776,0.03564201202616727,0.12537285409240617,LOADING,0.02483641777134206,0.004208721220000648,0.027059921484619665,0.1884955592153876,1.0,0.07598488078897114,0,ok,0.0,0.024828725657982855,FLAT,0.0,-1,2.2053790612746393,0.013939296878250487,0.8026954522609298,UNLOADING,0.05987019281433993,0.05119547573479599,0.11469918880702829,2.500000000000002,0.0040000000000000036,0.5620006728010288,0,staged_v3,0.14909566074617203,2,0.6691553656555168,0.13642291363842846,2,0,1,1
v3_torso_proxy:v3_left_forearm_proxy,156,0.4752807617187501,1.0000000000000009,0.47527161209546775,0.0,0.20999198798370827,FLAT,0.0,-1,0.038752260473842795,0.01774236866120694,0.096209818313511,LOADING,0.057826873611574195,0.01206812225446861,0.020290281849520204,0.08958658830113397,0.47527161209546775,0.07737942470793477,0,ok,0.0,0.01933663098510213,FLAT,0.0,-1,1.9509432475574917,0.003321491040895093,0.8484599900737231,UNLOADING,0.051735918591066105,0.06410150846279107,0.08368550951428196,2.500000000000002,0.0050000000000000044,0.5670006728010288,1,staged_v3,0.2746000247415758,2,0.6829125348954749,0.27617156282489763,2,1,1,1
v3_torso_proxy:v3_left_forearm_proxy,157,0.6335508840926996,0.8250000000000091,0.5361375822426283,0.0,0.26986624461833386,FLAT,0.0,-1,0.03493677397785882,0.0033233674838137476,0.07382205289204556,SUPPORT,0.13626149888925937,0.025367735160788534,0.042867676433356657,0.10105955338121009,0.5361375822426283,0.0769344114977393,0,ok,0.0,0.015059383353160328,FLAT,0.0,-1,1.6242417683973134,0.03598187035622654,0.8896372714034293,UNLOADING,0.044582500883461884,0.03349999321394493,0.11540471154795062,-2.187499999999898,0.004125000000000045,0.5711256728010289,0,staged_v3,0.13954675604826614,2,0.6815171602874316,0.1412365463629795,2,1,0,0
v3_torso_proxy:v3_left_forearm_proxy,158,0.19884620902442787,0.6250000000000089,0.3379096147246847,0.0,0.33527615019496093,FLAT,0.0,-1,0.029164409824250902,0.004929396285700987,0.06265537721099315,SUPPORT,0.19900919911140752,0.023203372574848672,0.05391938154910435,0.06369446179178562,0.3379096147246847,0.07051062778563949,0,ok,0.0,0.011728259548013743,AIR,0.0,-1,0.727176516069343,0.030965067166730885,0.8995533095904756,UNLOADING,0.03838186716523331,0.03901259831279289,0.11279528525791077,-2.500000000000002,0.0031250000000000444,0.5742506728010289,0,staged_v3,0.13087586193149978,2,0.6762655677860416,0.13233298687482037,2,1,0,0
v3_torso_proxy:v3_left_forearm_proxy,159,0.13399917643095782,0.4250000000000087,0.5000711209983961,0.0,0.3962598004635658,FLAT,0.0,-1,0.025942230530072115,0.007839953699868188,0.07530710199617414,SUPPORT,0.24920735928912602,0.02092540139994052,0.05698226122919059,0.09426118560005843,0.5000711209983961,0.06220428605427521,0,ok,0.0,0.009133977720057784,AIR,0.0,-1,0.2824131311519063,0.03326362880556719,0.8841239820494011,UNLOADING,0.033049944565378526,0.035942570296902863,0.11999361386208915,-2.500000000000002,0.0021250000000000435,0.576375672801029,0,staged_v3,0.13793614438687124,2,0.7678379842688016,0.13773613467686346,2,1,0,0
v3_torso_proxy:v3_left_forearm_proxy,160,0.21461472388760475,0.22500000000000853,0.9999999999999999,0.0,0.447010483960916,FLAT,0.0,-1,0.01698781397956254,0.008654772228668357,0.10886930540253273,SUPPORT,0.2893658874313008,0.021788693041458283,0.05799922457718767,0.18849555921538758,0.9999999999999999,0.0533200786880597,0,ok,0.0,0.0071135490009377675,AIR,0.0,-1,0.20118336377010076,0.03157022287983501,0.8476399574113884,UNLOADING,0.028483355431572887,0.03581177499073441,0.11631426394392463,-2.500000000000002,0.0011250000000000426,0.577500672801029,0,staged_v3,0.14682306362388386,2,0.8952720949700624,0.14740159754551407,2,0,0,0
v3_torso_proxy:v3_left_forearm_proxy,161,0.1182482665562832,0.02500000000000835,0.9662023983533543,0.0,0.49594221382400444,FLAT,0.0,-1,0.012060839367884898,0.007402383586674024,0.1567618521129684,SUPPORT,0.32149270994504064,0.025435709018974396,0.056882398361021935,0.1821248613928642,0.9662023983533543,0.04875274895031939,0,ok,0.0,0.005540037532347143,AIR,0.0,-1,0.250208664680646,0.03268667643814409,0.7910227448783471,UNLOADING,0.024579696346602595,0.03186446080577328,0.11461380211873073,-2.500000000000002,0.00012500000000004174,0.577625672801029,0,staged_v3,0.15315646522731072,2,0.9624880566134024,0.1518638337036168,2,0,0,0
v3_torso_proxy:v3_left_forearm_proxy,162,0.0890381454181417,0.17499999999999183,0.6703427868668379,0.0,0.54641491663812,FLAT,0.0,-1,0.0032345423574802134,0.003850051537954741,0.2181222557424355,SUPPORT,0.34719416795603253,0.03205606124916703,0.05342932063102636,0.126356638476466,0.6703427868668379,0.04738164079457888,0,ok,0.0,0.004314585568436929,AIR,0.0,-1,0.39053624133886083,0.03175493789355255,0.726638220194199,UNLOADING,0.0212368029813897,0.029576973116157403,0.10920866099902929,-2.500000000000002,-0.0008749999999999591,0.5767506728010291,0,staged_v3,0.15158248672128144,2,1.003660156744836,0.14938680179000102,2,0,0,0
v3_torso_proxy:v3_left_forearm_proxy,163,0.07108109455767585,0.374999999999992,0.4984262222939657,7.024909154788869e-05,0.5634486710298667,FLAT,0.0,-1,0.011975119293805982,0.0035485930926232563,0.33295080099704405,SUPPORT,0.36775533436482605,0.038098946957228944,0.05215170918492602,0.09395112949891415,0.4984262222939657,0.04764408284211527,0,ok,0.0,0.0033602026193272627,AIR,0.0,-1,0.5973377812225179,0.02828328358564219,0.6539109283924336,UNLOADING,0.01836910675618207,0.029412262833979495,0.09981485531177897,-2.500000000000002,-0.00187499999999996,0.5748756728010291,0,staged_v3,0.14428664667928473,2,1.0304043449512237,0.1418286708556618,2,0,0,0
v3_torso_proxy:v3_left_forearm_proxy,164,0.07766887797360672,0.5749999999999922,0.25725508165278393,0.00319558249765946,0.5563203284050048,FLAT,0.0,-1,0.01713564037418066,0.009997534674587832,0.471822081871373,UNLOADING,0.3571953627191839,0.038593569418980816,0.05546678579964696,0.04849144047714171,0.25725508165278393,0.04804402548308283,0,ok,0.0,0.002616928431210658,AIR,0.0,-1,0.7204632729224998,0.024452116840917866,0.5754223689935478,UNLOADING,0.01590367568727561,0.029319001608759526,0.08890837644243649,-2.500000000000002,-0.002874999999999961,0.5720006728010292,0,staged_v3,0.13470600571402064,2,1.0393915115493966,0.13542169150455696,2,1,0,0
v3_torso_proxy:v3_left_forearm_proxy,165,0.09798092501364433,0.7749999999999924,0.15398314561046939,0.004917726036811229,0.5081786349175318,FLAT,0.0,-1,0.05054012616027773,0.006920413443015281,0.6145972719580817,UNLOADING,0.3340324625554539,0.0488094501548888,0.051170701325646925,0.029025139141589884,0.15398314561046939,0.048230561570136415,0,ok,0.0,0.0020380659114686834,AIR,0.0,-1,1.1039378607431296,0.01934797681266789,0.4839805340289486,UNLOADING,0.013781962258129077,0.029851049888779544,0.07224336235997895,-2.500000000000002,-0.003874999999999962,0.5681256728010292,0,staged_v3,0.12941100019725904,2,1.0471793430612184,0.13072088250225147,2,1,0,0
v3_torso_proxy:v3_left_forearm_proxy,166,0.9999999999999999,0.5749999999999922,0.8998476868631476,0.017010652413175842,0.45233663249422035,FLAT,0.0,-1,0.05234711721748481,0.0660081454303396,0.6938078202895187,UNLOADING,0.3059090514834809,0.0,0.08428191754023598,0.169617292943942,0.8998476868631476,0.05110445432042168,0,ok,0.0,0.0015872473278029473,AIR,0.0,-1,1.1923122263720138,0.004450826499192134,0.41765437869651767,UNLOADING,0.01194515715429231,0.04143189243563375,0.046085438886464776,2.500000000000002,-0.002874999999999961,0.5652506728010293,0,staged_v3,0.13959252425978586,2,1.0536863745476717,0.13729437448622686,2,1,1,1
v3_torso_proxy:v3_left_forearm_proxy,167,0.9296519277757144,0.374999999999992,0.9865112304687502,0.012126308554560096,0.38233377989531725,FLAT,0.0,-1,0.07206942790956886,0.0032227064231886574,0.7168591314987502,UNLOADING,0.27598238425632976,0.05762025015174886,0.035466708385051865,0.1859529860594672,0.9865112304687502,0.05159447360435625,0,ok,0.0,0.0012361494618209302,AIR,0.0,-1,1.3502926298585256,0.010798114442457447,0.37012961169085024,UNLOADING,0.010349936695325593,0.03270836614208507,0.03439968289719937,2.500000000000002,-0.00187499999999996,0.5633756728010293,1,staged_v3,0.18868462592217622,2,1.0692753721339494,0.1901784302262695,2,1,0,0
v3_torso_proxy:v3_left_forearm_proxy,168,1.0,0.17499999999999183,1.0000000000000002,0.2733911636076171,0.31002319430127856,FLAT,0.0,-1,0.08016142108394167,0.09588574007848266,0.7232746758630713,UNLOADING,0.24811213713362823,0.03152635222764285,0.02963738156551072,0.18849555921538763,1.0000000000000002,0.04682015043874245,0,ok,0.0,0.0009627141688594361,AIR,0.0,-1,1.3671011646136753,0.01851137250410161,0.3360766281035653,UNLOADED,0.008962684087016455,0.023292458901076656,0.03783949014164236,2.500000000000002,-0.0008749999999999591,0.5625006728010293,0,staged_v3,0.2613717271314908,2,1.0683875871578468,0.2627820647179207,2,1,1,1
v3_torso_proxy:v3_left_forearm_proxy,169,0.24499511718749994,0.02500000000000835,0.2449951171875002,0.20938886904676646,0.24144630649213406,FLAT,0.0,-1,0.10084242016990877,0.059146197038426884,0.7363830481178918,UNLOADING,0.21266754611453847,0.05492247265485198,0.006896679751042613,0.04618049161929727,0.2449951171875002,0.04879077501471611,0,ok,0.0,0.0007497625485816656,AIR,0.0,-1,1.4286843551657427,0.01159481336572117,0.3116765991448203,UNLOADED,0.007756026232767473,0.028989016591519846,0.022902952598642293,2.500000000000002,0.00012500000000004174,0.5626256728010294,1,staged_v3,0.35148585947704486,2,1.1074368986372227,0.35020922785803726,2,1,1,1
v3_pelvis_proxy:v3_right_hand_proxy,170,0.6147138099687941,0.22500000000000853,1.0000000000000002,0.04138567374795131,0.18803857256577242,FLAT,0.0,-1,0.38648117417740335,0.07428105657721853,0.7585766603294267,UNLOADING,0.18228646809817584,0.051730103630734395,0.01119872938573695,0.18849555921538763,1.0000000000000002,0.05315752569317736,0,ok,0.0,0.0005839156599530134,AIR,0.0,-1,1.3766783332551202,0.0413108688676416,0.2941932144169723,UNLOADED,0.006706898433086838,0.027724876994580476,0.011984783726268142,2.500000000000002,0.0011250000000000426,0.5637506728010294,0,staged_v3,0.21018593472643157,2,1.090049002155818,0.16653861356360872,2,0,0,0
v3_pelvis_proxy:v3_right_hand_proxy,171,0.1505126953125,0.4250000000000087,0.1505126496558811,0.047759785472594886,0.14644458756185275,AIR,0.0,-1,0.5825404101260683,0.06595712619477788,0.7770663588271194,UNLOADING,0.1585963218657755,0.057506640047216145,0.00634667789413983,0.028370966065875025,0.1505126496558811,0.0507397129630172,0,ok,0.0,0.000454753973219063,AIR,0.0,-1,1.496625741398147,0.050239046357408126,0.28166582184466166,UNLOADED,0.00579543656001946,0.014683358906831711,0.024399932185401377,2.500000000000002,0.0021250000000000435,0.5658756728010295,1,staged_v3,0.23134411285285802,2,1.101508170282593,0.23232267323124128,2,1,1,1
v3_pelvis_proxy:v3_right_hand_proxy,172,0.509916676175647,0.6250000000000089,0.9999994129226852,0.054954092440872696,0.11405115946973984,AIR,0.0,-1,0.9828659387811384,0.012420189235163855,0.782129604032278,UNLOADING,0.1373651482732992,0.051686290966450055,0.01891134660957873,0.18849544855392086,0.9999994129226852,0.06130005561206382,0,ok,0.0,0.00035416275044783895,FLAT,0.0,-1,1.5913142861657255,0.08417757836856257,0.27268955282675156,LOADING,0.005004315089788155,0.0,0.05167588943771069,2.500000000000002,0.0031250000000000444,0.5690006728010295,0,staged_v3,0.1504596823319248,2,1.0793167310393086,0.1489428676482218,2,1,0,0
v3_torso_proxy:v3_right_forearm_proxy,173,0.32874187114439196,0.8250000000000091,1.0000000000000002,0.08150270064888501,0.08882313230523506,AIR,0.0,-1,1.8023945826497716,0.011853889479999168,0.8093182892349154,UNLOADING,0.1184645212745889,0.053612024981746595,0.02487395300537553,0.18849555921538763,1.0000000000000002,0.07581807635817796,0,ok,0.0,0.0002758222273834995,FLAT,0.0,-1,0.9131736329028063,0.04495252943381684,0.27377773435840536,LOADING,0.004318028397373384,0.022978486542618793,0.015710400175301478,2.500000000000002,0.004125000000000045,0.5731256728010296,0,staged_v3,0.1944674694260906,2,1.065803487901585,0.19572488848313388,2,1,0,0
v3_torso_proxy:v3_right_forearm_proxy,174,0.22913683500240403,1.0000000000000009,1.0000000000000002,0.13275137102509763,0.06917552499417207,AIR,0.0,-1,2.1506170797151696,0.002695792606897775,0.8239428878450269,UNLOADING,0.10154101823536191,0.06350135178535359,0.038041069031745436,0.18849555921538763,1.0000000000000002,0.08657729633756348,0,ok,0.0,0.0002148105666747685,FLAT,0.0,-1,0.6095676207591191,0.012832974193276083,0.24595908109081108,LOADING,0.003724306620189593,0.03387072616812688,0.0034272278864136774,2.187499999999898,0.0050000000000000044,0.5781256728010296,0,staged_v3,0.14105583360993348,2,1.0727158089941995,0.14138155354642232,2,0,0,0
v3_torso_proxy:v3_right_forearm_proxy,175,0.15569492373131452,1.0000000000000009,1.0000000000000002,0.1950040499444616,0.05387395303483675,AIR,0.0,-1,2.6109109188066215,0.004642062751560789,0.8085842184665839,UNLOADING,0.08703515848745307,0.06078714817176842,0.06939072542079146,0.18849555921538763,1.0000000000000002,0.09893260057631936,0,ok,0.0,0.04427850424172539,FLAT,0.0,-1,0.08824126834695517,0.004874706448058417,0.22853490972048135,LOADING,0.009811309350608621,0.031552039037965655,0.008674855772559519,0.0,0.0050000000000000044,0.5831256728010296,0,staged_v3,0.15692754457562838,2,1.0664282135497503,0.13683968166246285,2,0,0,0
v3_torso_proxy:v3_right_forearm_proxy,176,0.26688361757236917,0.8000000000000007,0.5970433053943244,0.2467500181349596,0.04195707681068295,AIR,0.0,-1,2.2502149321811697,0.015238385606712531,0.7595188471386911,UNLOADING,0.07460156441781692,0.047737556750222024,0.10726713831466086,0.11254001172610661,0.5970433053943244,0.09963361300486506,0,ok,0.0,0.03448413377668626,FLAT,0.0,-1,0.1607554031549216,0.007570450371587413,0.21570038768601835,LOADING,0.013258226030894599,0.028214569012713506,0.02218338787520787,-2.500000000000002,0.0040000000000000036,0.5871256728010296,0,staged_v3,0.11718276096304127,2,1.0432999037135442,0.11759452848642746,2,1,0,0
v3_torso_proxy:v3_right_forearm_proxy,177,0.1772477114173232,0.6000000000000005,0.4607078937426574,0.28634355600304096,0.03267620427554696,AIR,0.0,-1,1.8027967001891059,0.024043321731597775,0.7050033296089088,UNLOADING,0.0639441980724145,0.036206844748847666,0.13826499487227478,0.08684139206596558,0.4607078937426574,0.10406829181350552,0,ok,0.0,0.02685627038882234,FLAT,0.0,-1,0.2230994183289961,0.012980554558994505,0.1878643826212575,LOADING,0.014968767571259013,0.021412664572068373,0.034974031450542106,-2.500000000000002,0.0030000000000000027,0.5901256728010296,0,staged_v3,0.12186646159229339,2,1.0329003864818112,0.1219252707411672,2,1,0,0
v3_torso_proxy:v3_right_forearm_proxy,178,0.12083276771967814,0.40000000000000036,0.39274452457986897,0.31510192105050805,0.02544825347759716,AIR,0.0,-1,1.0797394382340695,0.03707807319965087,0.664813305290184,UNLOADING,0.05480931263349814,0.021162592064858335,0.16224764274608272,0.07403059878946394,0.39274452457986897,0.10835856041747577,0,ok,0.0,0.04933550022955331,FLAT,0.0,-1,0.11726966075880525,0.018960952152329118,0.1567163886971245,LOADING,0.020295777816809524,0.013874867282527112,0.04405487345409387,-2.500000000000002,0.0020000000000000018,0.5921256728010296,0,staged_v3,0.12488089128239406,2,1.021506304459933,0.12491502992820053,2,1,0,0
v3_torso_proxy:v3_right_forearm_proxy,179,0.14180573952296163,0.20000000000000018,0.3627849517466734,0.33353752592499053,0.01981911973615227,AIR,0.0,-1,0.7562949652701266,0.04512184635930937,0.6310161373136739,UNLOADING,0.046979410828712695,0.011428960506374333,0.17531339270911964,0.06838335235441662,0.3627849517466734,0.11229390033466935,0,ok,0.0,0.08311320819439347,FLAT,0.0,-1,0.07800930462818843,0.02557219109656399,0.1465801215154877,LOADING,0.03042271506099107,0.006756814979210397,0.051349391243582135,-2.500000000000002,0.0010000000000000009,0.5931256728010296,0,staged_v3,0.12661433824555224,2,1.0119465502621183,0.12664969881737104,2,1,0,0
v3_torso_proxy:v3_right_forearm_proxy,180,0.1224516055839729,0.0,0.3556314980639056,0.3399465841537547,0.015435145970301324,AIR,0.0,-1,0.3404783639727556,0.04987687152956034,0.6080505990469929,UNLOADING,0.04026806642461088,0.005525658422789306,0.17710577520557416,0.06703495810216192,0.3556314980639056,0.11558905313733478,0,ok,0.0,0.16431167487141407,FLAT,0.0,-1,0.039346838219277785,0.03137379584677731,0.15951663549973222,LOADING,0.051958417913312904,0.0016020359282093027,0.055848356550721956,-2.500000000000002,0.0,0.5931256728010296,0,staged_v3,0.12388489595582416,2,1.006529758766555,0.12440360373009703,2,1,0,0
v3_torso_proxy:v3_right_forearm_proxy,181,0.11186149600203452,0.20000000000000018,0.1817155138548612,0.3424719407258687,0.012020903768492111,AIR,0.0,-1,0.18932243965894763,0.051011359028132815,0.5915950718147354,UNLOADING,0.03451548550680933,0.003568394562603959,0.17517978779985052,0.034252567402183576,0.1817155138548612,0.11692877044494235,0,ok,0.0,0.2778719881419367,FLAT,0.0,-1,0.009330197089389022,0.03511255917676248,0.19912572529731515,SUPPORT,0.13156673433065033,0.0,0.05830120443206698,-2.500000000000002,-0.0010000000000000009,0.5921256728010296,0,staged_v3,0.12255876459566324,2,0.9943285877330331,0.12161093465417047,2,1,0,0
v3_torso_proxy:v3_right_forearm_proxy,182,0.09043952566680474,0.40000000000000036,0.257238198301061,0.0,0.009361889268127659,AIR,0.0,-1,0.10919913537366294,0.051802419448213365,0.5798041713208232,UNLOADING,0.029584701862979425,0.0021877891178277986,0.17262656726508568,0.048488258040317256,0.257238198301061,0.11822533284643688,0,ok,0.0,0.3439282474352726,FLAT,0.0,-1,0.039561769100151634,0.036195133425681245,0.25552647096770037,SUPPORT,0.19525338746452026,0.001581190122703774,0.05774731534698727,-2.500000000000002,-0.0020000000000000018,0.5901256728010296,0,staged_v3,0.12335524460593864,2,0.9878406489001805,0.12245328029330861,2,1,0,0
v3_torso_proxy:v3_right_forearm_proxy,183,0.07263202600816118,0.6000000000000005,0.33013767370999236,0.0,0.0072910466930456025,AIR,0.0,-1,0.2910786165456465,0.047320157944356026,0.5713556219370752,UNLOADING,0.025804782479006406,0.006247623152497737,0.16395485893841616,0.06222948542403217,0.33013767370999236,0.11893416132187423,0,ok,0.0,0.40975682985340056,FLAT,0.0,-1,0.05034202837846783,0.03513414647828793,0.3614298368876707,SUPPORT,0.2462027099716162,0.00793734536609561,0.054916694086435555,-2.500000000000002,-0.0030000000000000027,0.5871256728010296,0,staged_v3,0.11871325824763704,2,0.9783166837938899,0.1189862839969442,2,1,0,0
v3_torso_proxy:v3_right_forearm_proxy,184,0.02277975220244304,0.8000000000000007,0.4849774234211179,0.0,0.005678272873954092,AIR,0.0,-1,0.4382091902767492,0.04266489284017039,0.5608401478050902,UNLOADING,0.022474623478583783,0.010377114550084124,0.15307022921176994,0.09141609063460143,0.4849774234211179,0.11893451387540951,0,ok,0.0,0.4352308953384354,FLAT,0.0,-1,0.05799180743393205,0.0486480952988515,0.4804477456975512,UNLOADING,0.24333449323497922,0.00037429198602606517,0.06227298403476211,-2.500000000000002,-0.0040000000000000036,0.5831256728010296,0,staged_v3,0.11614229031463705,2,0.9662305239789091,0.11614229031463705,2,1,0,0
v3_torso_proxy:v3_right_forearm_proxy,185,0.05755782605859746,1.0000000000000009,0.4826715481691267,0.0,0.0044222433607285635,AIR,0.0,-1,0.866421996472181,0.036374607684577696,0.5146425131295099,UNLOADING,0.019570587113627948,0.014357517971897805,0.13765521840148545,0.09098144338949643,0.4826715481691267,0.11893450248702114,0,ok,0.0,0.40613323402239,FLAT,0.0,-1,0.08240490718836284,0.05242335594763775,0.5982216153807985,UNLOADING,0.23188321630222333,0.002487724821402179,0.06419402765012021,-2.500000000000002,-0.0050000000000000044,0.5781256728010296,0,staged_v3,0.11451365918620837,2,0.9556487430380227,0.11451365918620837,2,1,0,0
v3_torso_proxy:v3_right_forearm_proxy,186,0.08766493128549839,1.0000000000000009,0.4770440888921452,0.0,0.0034440465922677263,AIR,0.0,-1,1.0472567668484263,0.030508647286413455,0.468678596579819,UNLOADING,0.017036202621516554,0.017925282542577498,0.12060023058899022,0.08992069230611999,0.4770440888921452,0.11893450246921042,0,ok,0.0,0.3679435362743864,FLAT,0.0,-1,0.0868235527938309,0.05094988576547567,0.688986935029268,UNLOADING,0.21510493496660094,0.008499460985987736,0.05975879394362566,0.0,-0.0050000000000000044,0.5731256728010296,0,staged_v3,0.11424071360272203,2,0.9466437940092833,0.11424071360272203,2,1,0,0
v3_torso_proxy:v3_right_forearm_proxy,187,0.10964349322284546,1.0000000000000009,0.39379711988173416,0.0,0.0026822261829925085,AIR,0.0,-1,1.3368978807376068,0.024811887548775616,0.42208639807010717,UNLOADING,0.014823901531957598,0.021292432354729742,0.10156750490752744,0.07422900832951651,0.39379711988173416,0.11893450246954251,0,ok,0.0,0.3164132928555323,FLAT,0.0,-1,0.09149149247534197,0.04564798708552309,0.7578121883317005,UNLOADING,0.19532300753986398,0.01724262233106194,0.04878337736668128,0.0,-0.0050000000000000044,0.5681256728010295,0,staged_v3,0.11544774157938816,2,0.9384982871245467,0.11544774157938816,2,1,0,0
v3_torso_proxy:v3_right_forearm_proxy,188,0.12509772581634046,1.0000000000000009,0.37489118315783787,0.0,0.002088919851689191,AIR,0.0,-1,1.3979568830715936,0.019179037663323132,0.37330529234109666,UNLOADING,0.012893217743931833,0.0244862269537317,0.07972003711049337,0.07066532321425495,0.37489118315783787,0.11893450246954407,0,ok,0.0,0.24905342791841134,FLAT,0.0,-1,0.13540152682504125,0.03937904416420775,0.7619881297195458,UNLOADING,0.17588795963111475,0.030582990771532904,0.03251641571444438,0.0,-0.0050000000000000044,0.5631256728010295,0,staged_v3,0.11808424796214816,2,0.9317251735437784,0.11808424796214816,2,1,0,0
v3_torso_proxy:v3_right_forearm_proxy,189,0.13585780197857958,0.8000000000000007,0.4868538364586412,0.0,0.0016268524162689447,AIR,0.0,-1,1.5025393408990873,0.015471306162933358,0.33835210272185023,UNLOADED,0.011205101420571031,0.02644629897315915,0.057593814068548764,0.09176978615942843,0.4868538364586412,0.1189345024695441,0,ok,0.0,0.19396300468947644,FLAT,0.0,-1,0.1466596297955681,0.03359244281120019,0.7373077772486655,UNLOADING,0.1580400472314421,0.04739030831454794,0.014475080547885336,2.500000000000002,-0.0040000000000000036,0.5591256728010295,0,staged_v3,0.12092628030230512,2,0.9252044315370671,0.12092628030230512,2,1,0,0
v3_torso_proxy:v3_right_forearm_proxy,190,0.9999999999999999,0.6000000000000005,1.0000000000000002,0.0,0.0012669939357318612,AIR,0.0,-1,1.4118581064451665,0.04092141987615368,0.3315300351326367,UNLOADED,0.009725365130733146,0.0006550818804781575,0.05166418632170114,0.18849555921538763,1.0000000000000002,0.10962007965381043,0,ok,0.0,0.15105853993904683,FLAT,0.0,-1,0.41240187526821487,0.08668073800935189,0.7206120516016421,UNLOADING,0.14149203127861062,0.020787452904592343,0.04024314967548977,2.500000000000002,-0.0030000000000000027,0.5561256728010295,0,staged_v3,0.15595293029831864,2,0.8879092771893392,0.13857705395066486,2,1,1,1
v3_torso_proxy:v3_right_forearm_proxy,191,0.49310302734375017,0.40000000000000036,0.4931030273437503,0.0,0.0009867358692946947,AIR,0.0,-1,1.5160010682994272,0.01782685491082356,0.32664181010211446,UNLOADED,0.008430945351893496,0.02515252210972585,0.016179568395379873,0.09294773088996078,0.4931030273437503,0.1161396427253798,0,ok,0.0,0.11764450919415276,FLAT,0.0,-1,0.5300376561552035,0.0682340911142097,0.7120845413340917,UNLOADING,0.12611769435654627,0.05959039473250202,0.001013832334202565,2.500000000000002,-0.0020000000000000018,0.5541256728010295,1,staged_v3,0.31822501299943873,2,0.9111492207281373,0.31827614115245806,2,0,1,1
v3_torso_proxy:v3_right_forearm_proxy,192,0.7826342039525649,0.20000000000000018,0.9999997797866146,0.0,0.0007684706676913517,AIR,0.0,-1,1.5885479915521927,0.068442630926552,0.3231392438146148,UNLOADED,0.0073008313926572616,0.0,0.07838133912561937,0.18849551770614237,0.9999997797866146,0.11892857445267177,0,ok,0.0,0.09162163588445726,FLAT,0.0,-1,0.8623241422368999,0.09925083889511671,0.7099717510154097,UNLOADING,0.11189700410913578,0.030804027890456408,0.029694559660314077,2.500000000000002,-0.0010000000000000009,0.5531256728010295,0,staged_v3,0.19112669808847746,2,0.937000516246849,0.19042678525170773,2,1,0,0
v3_torso_proxy:v3_right_forearm_proxy,193,0.655517578125,0.0,0.6555175781250002,0.0,0.00059848555776543,AIR,0.0,-1,1.4528264511026652,0.029712360161584135,0.3206295454022611,UNLOADED,0.00631594025162755,0.03568485516795411,0.00534662210215894,0.12356215246418845,0.6555175781250002,0.11892967145307434,0,ok,0.0,0.07135500177309845,AIR,0.0,-1,1.428899411254086,0.07983356701987382,0.7135175789684346,UNLOADING,0.09883199690221194,0.0423915056085125,0.018284373339909236,2.500000000000002,0.0,0.5531256728010295,1,staged_v3,0.23167524190289324,2,0.8923032608480979,0.23167524190289324,2,1,1,1
v3_torso_proxy:v3_right_forearm_proxy,194,0.7000461512495394,0.20000000000000018,1.0000000000000002,0.0,0.0004661010210446434,FLAT,0.0,-1,1.3846187972239157,0.06557785935219293,0.27542918448139,LOADING,0.0054619092438139534,6.427889266211878e-05,0.03870718033140738,0.18849555921538763,1.0000000000000002,0.10484723957339748,0,ok,0.0,0.05557133125695055,AIR,0.0,-1,1.649965667222081,0.03273282571385191,0.7182836798089414,UNLOADING,0.08694961890901401,0.03332581541626358,0.027588368574183487,2.500000000000002,0.0010000000000000009,0.5541256728010295,0,staged_v3,0.22035494904308736,2,0.9152979705314847,0.21453132534899053,2,0,0,0
v3_torso_proxy:v3_right_forearm_proxy,195,0.6915572741298764,0.40000000000000036,1.0000000000000002,0.0,0.00036299984017994967,FLAT,0.0,-1,0.15939647106565333,0.024023890992103572,0.251398288364294,LOADING,0.0047204568235094165,0.01354602342611113,0.02868488536497007,0.18849555921538763,1.0000000000000002,0.10483091699888739,0,ok,0.0,0.04327899629923353,AIR,0.0,-1,2.2215293049121096,0.0265155530804929,0.7832170672215897,UNLOADING,0.07586855159993398,0.049656997655003254,0.014503855706076239,2.500000000000002,0.0020000000000000018,0.5561256728010295,0,staged_v3,0.27885060809886547,2,0.9349303012958294,0.27885060809886547,2,1,0,0
v3_torso_proxy:v3_right_forearm_proxy,196,0.45477294921875,0.6000000000000005,0.45477294921874994,0.0,0.0002827045597869396,FLAT,0.0,-1,0.19377864259946567,0.012707199729206383,0.2392770440444718,LOADING,0.004076828684205675,0.028163693171549955,0.008800159030673636,0.08572268137901934,0.45477294921874994,0.10483120935747653,0,ok,0.0,0.033705716208387505,AIR,0.0,-1,2.2052578470728363,0.01990785577966754,0.8315640385814973,UNLOADING,0.06584122347349469,0.046670346149407335,0.040998567955066054,2.500000000000002,0.0030000000000000027,0.5591256728010295,1,staged_v3,0.27255738930730633,2,0.9400760181485459,0.27255738930730633,2,1,1,1
v3_torso_proxy:v3_right_forearm_proxy,197,0.47844207879746853,0.5000000000000115,0.5395752776869078,0.0,0.00022017053253992538,FLAT,0.0,-1,0.18550611056658045,0.003048170593911767,0.20183915904899494,LOADING,0.0035195290860912496,0.03204378735853798,0.022186788570683416,0.10170754370639173,0.5395752776869078,0.11226777792135287,0,ok,0.0,0.026250038177074733,FLAT,0.0,-1,2.1797380120764753,0.010271526863660323,0.8413636008571471,UNLOADING,0.057030221767820244,0.056796653179197035,0.045855635856092355,-1.2499999999998623,0.0025000000000000577,0.5616256728010296,1,staged_v3,0.16508900281035138,2,0.9221139663403495,0.16481075686868354,2,1,0,0
v3_torso_proxy:v3_right_forearm_proxy,198,1.0000000000000002,0.7000000000000117,0.6899398018500407,0.0,0.04032118289595901,FLAT,0.0,-1,0.11415916777347171,0.023057563706177803,0.16450610086908107,LOADING,0.009553243731936141,0.010167741337276253,0.064107597159919,0.13005058877467712,0.6899398018500407,0.11227758636935847,0,ok,0.0,0.020443550287960077,FLAT,0.0,-1,1.932991431724469,0.017895387425787095,0.8126537681565871,UNLOADING,0.04943019324555316,0.04773730098204225,0.07092001472628784,2.500000000000002,0.0035000000000000586,0.5651256728010297,0,staged_v3,0.10754402762241892,2,0.9476793182279913,0.10754402762241892,2,1,1,1
v3_right_hand_proxy:v3_left_hand_proxy,199,0.9859473313985104,0.702344792932541,1.0000000000000002,0.0,0.12437028411955442,FLAT,0.0,-1,0.06340820272118311,0.05669652156303178,0.1291352798080165,LOADING,0.029304533521543566,0.0,0.05029795204393819,0.18849555921538763,1.0000000000000002,0.09653767658792725,0,ok,0.0,0.015921452973022953,FLAT,0.0,-1,1.7248621709545326,0.019781566083696304,0.7751007309225041,UNLOADING,0.042880268944229076,0.043973470462428915,0.11007457080373609,0.02930991165661645,0.003511723964662705,0.5686373967656924,0,staged_v3,0.1533770838338841,2,0.9512769842269118,0.14780722781004083,2,0,0,0
v3_right_hand_proxy:v3_left_hand_proxy,200,0.9647350608455278,0.5023447929325409,1.0000000000000002,0.0,0.23370714513203633,FLAT,0.0,-1,0.009342175050071708,0.008532868476968481,0.10087264533747517,LOADING,0.06547012425089457,0.02151076378990528,0.044978515849547776,0.18849555921538763,1.0000000000000002,0.09652377648416474,0,ok,0.0,0.012399640043024823,AIR,0.0,-1,1.2465241935420783,0.01771286658743346,0.7306730914577528,UNLOADING,0.03723159576931414,0.04382078798545419,0.10475213296593773,-2.500000000000002,0.0025117239646627043,0.5711491207303551,0,staged_v3,0.31019592928931616,2,0.9846691845238461,0.31019592928931616,2,1,0,0
v3_right_hand_proxy:v3_left_hand_proxy,201,0.298522490880909,0.3023447929325407,0.6269099250622622,0.0,0.33178631946382353,FLAT,0.0,-1,0.015647040796576153,0.004263225411651071,0.08387597185884271,SUPPORT,0.14237609940071566,0.024930573181291067,0.04267635290528146,0.11816973690228784,0.6269099250622622,0.11198086239513666,0,ok,0.0,0.00965684937531128,AIR,0.0,-1,1.0117124480808135,0.027882415381903544,0.6937041762976028,UNLOADING,0.032335346749952254,0.0318027934329766,0.12119118171135691,-2.500000000000002,0.0015117239646627034,0.5726608446950178,0,staged_v3,0.24414645762006396,2,0.9121305979785329,0.24218819938325348,2,1,0,0
v3_right_hand_proxy:v3_left_hand_proxy,202,0.0875262989098202,0.10234479293254051,0.5002143680187987,0.0,0.42736776632334567,FLAT,0.0,-1,0.008852754203419605,0.005909754449987825,0.09216807463435597,SUPPORT,0.20390087952057254,0.023698649281729975,0.043999939605979546,0.09428818702727515,0.5002143680187987,0.12483764268819814,0,ok,0.0,0.007520761855495032,AIR,0.0,-1,0.6457117027906794,0.03394024308982754,0.6529685417774482,UNLOADING,0.02808886020762436,0.02370818399904487,0.1293726719818994,-2.500000000000002,0.0005117239646627025,0.5731725686596805,0,staged_v3,0.12136640420406344,2,0.880636231113375,0.12250128633639858,2,1,0,0
v3_right_hand_proxy:v3_left_hand_proxy,203,0.22813807842633974,0.09765520706745967,0.3151592574940956,0.0,0.48837622060443864,FLAT,0.0,-1,0.020060644205469692,0.006797981280433512,0.12474194967463617,SUPPORT,0.25312070361645805,0.0244391162032983,0.04526084183715739,0.059406120483255886,0.3151592574940956,0.12484846884989112,0,ok,0.0,0.005857175222353083,AIR,0.0,-1,0.20632500764427938,0.03801742260397464,0.623780184187667,UNLOADING,0.024390963804154342,0.018171586605408713,0.13191007966595925,-2.500000000000002,-0.00048827603533729835,0.5726842926243432,0,staged_v3,0.10426597858636065,2,0.8912717615099854,0.10426597858636065,2,1,0,0
v3_right_hand_proxy:v3_left_hand_proxy,204,0.08563937681466305,0.29765520706745985,0.17934568919635277,0.0,0.5256136532103842,FLAT,0.0,-1,0.026497622919252242,0.006425278549309296,0.17739748749612255,SUPPORT,0.29249656289316645,0.027444595825496836,0.044604298715166704,0.03380586597793561,0.17934568919635277,0.1273468825877859,0,ok,0.0,0.004561572649755011,AIR,0.0,-1,0.15569508640174037,0.037218233698497444,0.6008562535692202,UNLOADING,0.021166643717423637,0.01782457897996357,0.1268685528940869,-2.500000000000002,-0.0014882760353372992,0.5711960165890059,0,staged_v3,0.10736077037430762,2,0.8821644437143703,0.1072501888380725,2,1,0,0
v3_right_hand_proxy:v3_left_hand_proxy,205,0.11167548509811662,0.49765520706746,0.3010289703638823,0.0,0.5606527510402523,FLAT,0.0,-1,0.021887516656187107,0.002726847466421993,0.26118601976842404,SUPPORT,0.32399725031453314,0.03533245352199921,0.04013075186370542,0.056742624108772344,0.3010289703638823,0.13188382614772506,0,ok,0.0,0.003552556351666306,AIR,0.0,-1,0.7211691980734128,0.0315932096919189,0.574773789078203,UNLOADING,0.018358643197292437,0.02214547976199125,0.11203097473890225,-2.500000000000002,-0.0024882760353373,0.5687077405536686,0,staged_v3,0.11111431952168777,2,0.9140042210672429,0.11197391293713842,2,1,0,0
v3_right_hand_proxy:v3_left_hand_proxy,206,0.999999999999999,0.6976552070674602,0.9999999999999999,0.0,0.5703472969390582,FLAT,0.0,-1,0.02999815401629101,0.06453956958177381,0.39514301010395403,SUPPORT,0.3491978002516265,0.0068936290888181526,0.03786352141637955,0.18849555921538758,0.9999999999999999,0.10367487534794728,0,ok,0.0,0.0027667336685830123,AIR,0.0,-1,0.8683735396651487,0.018862620918953524,0.546436963434754,UNLOADING,0.015915249615406347,0.03345922725278418,0.08484636683273092,-2.500000000000002,-0.003488276035337301,0.5652194645183313,0,staged_v3,0.18550407722661355,2,0.9277045872235476,0.16865670609905759,2,0,0,0
v3_right_hand_proxy:v3_left_hand_proxy,207,0.7727157140381617,0.8976552070674604,1.0000000000000002,0.0,0.5409888232657796,FLAT,0.0,-1,0.053169857018577925,0.010471853494405867,0.5320716606011737,UNLOADING,0.3354758290305486,0.04113172953565282,0.042138177426648826,0.18849555921538763,1.0000000000000002,0.10364649723132158,0,ok,0.0,0.0021547343476424705,AIR,0.0,-1,1.0679945365202514,0.014175419861641433,0.5171251790889749,UNLOADING,0.013790280664952397,0.03668083909280732,0.07016199952953792,-2.500000000000002,-0.004488276035337302,0.560731188482994,0,staged_v3,0.32264452195596105,2,0.8858884396197484,0.32264452195596105,2,1,0,0
v3_right_hand_proxy:v3_left_hand_proxy,208,0.32994201110476795,0.8488276035337305,0.5465403048893774,0.0,0.4938209297505914,FLAT,0.0,-1,0.060995279596048155,0.001798296193831453,0.6485069452152047,UNLOADING,0.31234708589971355,0.05562705106692878,0.03208594083702544,0.10302042040387163,0.5465403048893774,0.11807836022417181,0,ok,0.0,0.0016781087972548088,AIR,0.0,-1,1.1426686293885446,0.012839424918220474,0.45531017914646454,UNLOADING,0.011950818967123408,0.03492608403910276,0.05358515709889296,0.6103450441716229,-0.004244138017668653,0.5564870504653253,0,staged_v3,0.2751591731367127,2,0.9425184637410612,0.2757240966712994,2,1,0,0
v3_right_hand_proxy:v3_left_hand_proxy,209,0.7238120755580126,0.6488276035337304,1.0,0.0,0.4440328986011356,FLAT,0.0,-1,0.06319245055851642,0.04443406370212157,0.7046360182403583,UNLOADING,0.286461977194484,0.03027218116801713,0.029959619744000784,0.1884955592153876,1.0,0.09058177396779155,0,ok,0.0,0.0013069124453810586,AIR,0.0,-1,1.2226446877848889,0.018130418510136588,0.3990522870901645,UNLOADING,0.010355757121109371,0.026822195844371642,0.041386590559472296,2.500000000000002,-0.003244138017668652,0.5532429124476567,0,staged_v3,0.18712599547911904,2,0.9390313845656492,0.17044660584460103,2,0,0,0
v3_right_hand_proxy:v3_left_hand_proxy,210,0.9999999999999999,0.4488276035337302,1.0000000000000002,0.0,0.3616733584616458,FLAT,0.0,-1,0.0936670554629697,0.03248523558124116,0.6955755135823792,UNLOADING,0.26126772708107526,0.03604416069064088,0.02373461498847808,0.18849555921538763,1.0000000000000002,0.055457739515011595,0,ok,0.0,0.001017824435868533,AIR,0.0,-1,1.27489253684074,0.07672011254326773,0.35680063061273626,UNLOADING,0.008969886680279116,0.0,0.08678307545748333,2.500000000000002,-0.002244138017668651,0.550998774429988,0,staged_v3,0.31159786441623444,2,0.967573737900094,0.30124655076781554,2,0,1,1
v3_right_hand_proxy:v3_left_hand_proxy,211,0.861289962363553,0.6488276035337304,1.0,0.0,0.28364506692615665,FLAT,0.0,-1,0.1395229931224147,0.05561755021225277,0.6614514298071232,UNLOADING,0.23766199919093783,0.002455021278103389,0.10872446970485707,0.1884955592153876,1.0,0.05771783889599938,0,ok,0.0,0.0007926824676836244,AIR,0.0,-1,1.3361646249852057,0.020064194556051653,0.3265259958230511,UNLOADED,0.00776473873103235,0.021262105235100904,0.028955956136683527,-2.500000000000002,-0.003244138017668652,0.5477546364123194,0,staged_v3,0.3847051102392279,2,0.9482100789422835,0.385799530563926,2,1,1,1
v3_right_hand_proxy:v3_left_hand_proxy,212,1.0,0.4488276035337302,1.0000000000000002,0.0,0.22090300023643183,FLAT,0.0,-1,0.2491914495265996,0.08424235128596896,0.6373198396278228,UNLOADING,0.21515559009972446,0.027382770756006695,0.029483221225384444,0.18849555921538763,1.0000000000000002,0.07121984681212606,0,ok,0.0,0.0006173417265589803,AIR,0.0,-1,1.3898688438197466,0.06513929552719959,0.3048332720800551,UNLOADED,0.006716798259179223,0.0,0.09101564444991567,2.500000000000002,-0.002244138017668651,0.5455104983946507,0,staged_v3,0.45893164223631827,2,1.0092834932025803,0.458583567924785,2,0,0,0
v3_right_hand_proxy:v3_left_hand_proxy,213,1.0000000000000002,0.24882760353373,1.0,0.0,0.17203942956695584,FLAT,0.0,-1,0.5414219372723981,0.07050118869322794,0.6173708150386711,UNLOADING,0.1938229781878233,0.025003669298356825,0.030864871453576734,0.1884955592153876,1.0,0.0712264101732484,0,ok,0.0,0.0004807862200667869,AIR,0.0,-1,1.580285471732184,0.08442151109598572,0.28928975630657106,UNLOADED,0.005806069892386206,0.0,0.09903989479394901,2.500000000000002,-0.00124413801766865,0.5442663603769821,0,staged_v3,0.34864086684460016,2,1.0452788170281448,0.34864086684460016,2,1,0,0
v3_right_hand_proxy:v3_left_hand_proxy,214,1.0,0.048827603533729835,1.0000000000000002,0.0,0.13398444246590302,FLAT,0.0,-1,0.6731540811591592,0.09190221193317877,0.6006256548820932,UNLOADING,0.17377825972753538,0.0,0.06755144413014748,0.18849555921538763,1.0000000000000002,0.07456993240779752,0,ok,0.0,0.00037443668467795443,FLAT,0.0,-1,1.7109975089564455,0.11282679557159332,0.27815234057847216,LOADING,0.005015243656964797,0.0,0.054507372802343065,2.500000000000002,-0.00024413801766864918,0.5440222223593134,0,staged_v3,0.2772785008993501,2,1.0093896964639621,0.21554004841047827,2,0,1,1
v3_right_hand_proxy:v3_left_hand_proxy,215,0.8339007684669352,0.15117239646627034,1.0,0.0,0.10434718871183087,FLAT,0.0,-1,1.596631353003523,0.055057815230561816,0.6242771324770717,UNLOADING,0.15455359761799678,0.03728140350835096,0.018932453115502627,0.1884955592153876,1.0,0.09940626950734935,0,ok,0.0,0.0002916115832378516,FLAT,0.0,-1,1.0207639920089235,0.10600882169999087,0.27397989035600934,LOADING,0.004329025402203512,0.0,0.0636319219338925,2.500000000000002,0.0007558619823313517,0.5447780843416448,0,staged_v3,0.47698578343496306,2,0.9695161656490294,0.46681414177710545,2,0,1,1
v3_right_hand_proxy:v3_left_hand_proxy,216,0.9992675781250004,0.3511723964662705,0.9992675781250006,0.0,0.08126567228007353,FLAT,0.0,-1,1.7904894988529805,0.002991312948197781,0.6692944089664274,UNLOADING,0.13631379969858615,0.0554734075001236,0.005420496447626237,0.188357500944478,0.9992675781250006,0.0994230473466482,0,ok,0.0,0.000227107329378331,FLAT,0.0,-1,0.7365792444376252,0.05035899076088167,0.24155430220389795,LOADING,0.003735200141446576,0.014584506367176429,0.02249320874301847,2.500000000000002,0.0017558619823313526,0.5465339463239761,1,staged_v3,0.41490232311232217,2,0.9227468404355095,0.41490232311232217,2,1,0,0
v3_right_hand_proxy:v3_left_hand_proxy,217,1.0000000000000004,0.5511723964662707,0.99999998957959,0.0,0.06328976920854543,FLAT,0.0,-1,2.2917613503104177,0.07399463806351311,0.7362923038606831,UNLOADING,0.11922468534552735,0.00853400645883122,0.05328060873420294,0.1884955572511866,0.99999998957959,0.09826939133359722,0,ok,0.0,0.00017687136596109966,FLAT,0.0,-1,0.1306092535471107,0.09291180542434074,0.22687772337729545,LOADING,0.0032211348631143812,0.0,0.04987841192429141,2.500000000000002,0.0027558619823313535,0.5492898083063075,0,staged_v3,0.18038646882494427,2,0.9430676276868515,0.1811696658844269,2,1,1,1
v3_right_hand_proxy:v3_left_hand_proxy,218,0.4058685806714366,0.7511723964662709,0.5906372070312502,0.0,0.049290121820023666,FLAT,0.0,-1,2.275109947354936,0.013638970610217994,0.787165506576887,UNLOADING,0.10369125002592748,0.059817392550253604,0.004540882778590757,0.11133249063277018,0.5906372070312502,0.10235328916685496,0,ok,0.0,0.0073104572852670125,FLAT,0.0,-1,0.14207818776370162,0.04753907376008713,0.21776198739817532,LOADING,0.0037206114060990645,0.0048092199192676585,0.03107887945064111,2.500000000000002,0.0037558619823313544,0.5530456702886388,1,staged_v3,0.32210118778230007,2,0.9573403532432398,0.3237988567879489,2,1,1,1
v3_right_hand_proxy:v3_left_hand_proxy,219,0.6890869140625,0.951172396466271,0.6890869140625002,0.0,0.03838718547111937,FLAT,0.0,-1,2.185111133241566,0.053536421343469955,0.7994139678710134,UNLOADING,0.08997820476768803,0.011434277050080717,0.11346259097199182,0.12988982321421672,0.6890869140625002,0.09785110921772883,0,ok,0.0,0.005693389858376006,FLAT,0.0,-1,0.2301519776889328,0.001022752017322018,0.18914839485686608,LOADING,0.0038997879859532167,0.03391841465091494,0.0005390050919283637,2.500000000000002,0.004755861982331355,0.5578015322709702,1,staged_v3,0.31058008082895733,2,0.9381969837907488,0.310670676581582,2,0,1,1
v3_right_hand_proxy:v3_left_hand_proxy,220,1.0000000000000002,1.0000000000000009,1.0,0.0,0.029895970104815022,FLAT,0.0,1,1.541818718778218,0.03907909386516033,0.7985224149911121,UNLOADING,0.07798465663776347,0.02584702688439529,0.1456261152723603,0.1884955592153876,1.0,0.10095641927212312,0,ok,0.0,0.06972466571330115,FLAT,0.0,-1,0.08787257190335515,0.06268040640036787,0.16243962557745076,LOADING,0.014799553813026493,0.0,0.0729580683317909,0.6103450441716229,0.0050000000000000044,0.5628015322709702,0,staged_v3,0.27596619667972183,2,0.9108748069581553,0.27729230204191335,2,1,1,1
v3_right_hand_proxy:v3_left_hand_proxy,221,0.9999999999999999,0.8000000000000007,1.0000000000000002,0.0,0.02328300492830925,AIR,0.0,1,1.2848808743042754,0.025822756835682664,0.7823031357761856,UNLOADING,0.0675680824270259,0.03829239995312661,0.12076023357921681,0.18849555921538763,1.0000000000000002,0.10095816643278577,0,ok,0.0,0.13103403105542438,FLAT,0.0,-1,0.07446022167326381,0.013844451565749424,0.1332220468517839,LOADING,0.0345551248966173,0.017816650776839773,0.039979146494529376,-2.500000000000002,0.0040000000000000036,0.5668015322709702,0,staged_v3,0.29676726943899223,2,0.9012814844289689,0.29676726943899223,2,1,0,0
v3_right_hand_proxy:v3_left_hand_proxy,222,0.29037232814682257,0.6000000000000005,0.5000007475687885,0.0,0.01813282247042262,AIR,0.0,-1,0.8779687953125122,0.02179987436135228,0.7511309309635162,UNLOADING,0.05856017045848191,0.04075667218682354,0.11814479221931658,0.09424792052109066,0.5000007475687885,0.10552581136716593,0,ok,0.0,0.1913674857985027,FLAT,0.0,-1,0.05207759244005761,0.008273832932620115,0.10299154308048455,LOADING,0.06197575054543028,0.021875744221404113,0.02759579385310714,-2.500000000000002,0.0030000000000000027,0.5698015322709702,0,staged_v3,0.19179056668087466,2,0.9549269920936428,0.19086067781610783,2,1,0,0
v3_right_hand_proxy:v3_left_hand_proxy,223,0.16848942363747474,0.40000000000000036,1.0000000000000002,0.0,0.014121856339259903,AIR,0.0,-1,0.5796214045278264,0.02640892653226598,0.7083070743076931,UNLOADING,0.05078289547752809,0.03400642718311868,0.12620980518591376,0.18849555921538763,1.0000000000000002,0.11537249431932436,0,ok,0.0,0.28863526224493774,FLAT,0.0,-1,0.02061846026917209,0.009980834492286497,0.10511466315377842,SUPPORT,0.13958060043634424,0.020274898665402427,0.030069437253191195,-2.500000000000002,0.0020000000000000018,0.5718015322709702,0,staged_v3,0.14747535481330662,2,1.0312014597246693,0.1474805062229445,2,0,0,0
v3_right_hand_proxy:v3_left_hand_proxy,224,0.15418388700894511,0.20000000000000018,1.0000000000000002,0.0,0.010998112775437496,AIR,0.0,-1,0.4409177145481366,0.033600841965330495,0.6634319754267936,UNLOADING,0.0440569979937187,0.024570756806009182,0.13598000111796288,0.18849555921538763,1.0000000000000002,0.1092044931750174,0,ok,0.0,0.385448397102756,FLAT,0.0,-1,0.008485640810836892,0.013590557376771912,0.1311291541556477,SUPPORT,0.2016644803490754,0.017965900331010472,0.035457457274743934,-2.500000000000002,0.0010000000000000009,0.5728015322709702,0,staged_v3,0.13841836669831162,2,1.0581915035542484,0.13788348525311248,2,0,0,0
v3_right_hand_proxy:v3_left_hand_proxy,225,0.11721444275591031,0.0,0.8123609269636434,0.0,0.008565338841818345,AIR,0.0,-1,0.2523279319554492,0.03729894221812171,0.6305764360109454,UNLOADING,0.03821517513771866,0.019229879582425564,0.1370735414514489,0.1531264272127426,0.8123609269636434,0.09415274600911999,0,ok,0.0,0.4640660572685101,FLAT,0.0,-1,0.023660706308671904,0.01627175641146103,0.17902495852663397,SUPPORT,0.25133158427926033,0.017679491514870672,0.03892951375481339,-2.500000000000002,0.0,0.5728015322709702,0,staged_v3,0.13499429914344854,2,1.0771054399723266,0.13471333046054293,2,0,0,0
v3_right_hand_proxy:v3_left_hand_proxy,226,0.034259178718098984,0.20000000000000018,0.4444949069892103,0.0,0.006670692597280047,AIR,0.0,-1,0.4162735666802781,0.03864081619512968,0.6015794118252172,UNLOADING,0.033135541727779064,0.016438154396131187,0.13469742373694904,0.08378531606132289,0.4444949069892103,0.0879044609614486,0,ok,0.0,0.5439890514287775,FLAT,0.0,-1,0.02008214801312565,0.016614558123924556,0.238156348385696,SUPPORT,0.29106526742340827,0.020293259295360248,0.0397711094456408,-2.500000000000002,-0.0010000000000000009,0.5718015322709702,0,staged_v3,0.13114161545280675,2,1.0857028211903623,0.1311942278680173,2,0,0,0
v3_right_hand_proxy:v3_left_hand_proxy,227,0.0408103218138236,0.40000000000000036,0.45454900542460086,0.0,0.005195140618390324,AIR,0.0,-1,0.7325937839983813,0.03680210530420898,0.5725842299149877,UNLOADING,0.02871910505639766,0.01682710619154041,0.1269143270535758,0.08568046896830839,0.45454900542460086,0.08651839876170925,0,ok,0.0,0.5885513703594355,FLAT,0.0,-1,0.028343295607849706,0.013935847854861065,0.3079558984503045,SUPPORT,0.3228522139387266,0.026461947067654167,0.03734277369154186,-2.500000000000002,-0.0020000000000000018,0.5698015322709702,0,staged_v3,0.12596681607226193,2,1.0894322049311465,0.1263218113857876,2,0,0,0
v3_right_hand_proxy:v3_left_hand_proxy,228,0.07147858763471,0.6000000000000005,0.471108290816873,0.0,0.004045979581768447,AIR,0.0,-1,1.0055396488335056,0.03257817141909778,0.5413478242662217,UNLOADING,0.02488147538236264,0.01948921979421331,0.11408769310356359,0.08880182072853193,0.471108290816873,0.08877321612821804,0,ok,0.0,0.5916219288983929,FLAT,0.0,-1,0.04307874031811884,0.008151769210998146,0.4175575095760352,SUPPORT,0.3482817711509813,0.037726106267803615,0.03156915483874735,-2.500000000000002,-0.0030000000000000027,0.5668015322709702,0,staged_v3,0.12026753983296927,2,1.0903292080703069,0.12086183168997,2,0,0,0
v3_right_hand_proxy:v3_left_hand_proxy,229,0.09915803393358914,0.8000000000000007,0.6693456676272226,0.0,0.0031510120665721813,AIR,0.0,-1,1.155886753972808,0.02593650541576108,0.5060781036868038,UNLOADING,0.02154931516420042,0.02436739976857911,0.09715742919531828,0.1261686859277903,0.6693456676272226,0.09348865309982807,0,ok,0.0,0.5711369256562586,FLAT,0.0,-1,0.05315419680178955,0.027615641542397353,0.5429438684631709,UNLOADING,0.33581889438916784,0.024531551880761192,0.04915671217124716,-2.500000000000002,-0.0040000000000000036,0.5628015322709702,0,staged_v3,0.11730698610171891,2,1.088890657450264,0.11804585901952608,2,0,0,0
v3_right_hand_proxy:v3_left_hand_proxy,230,0.08894798100970522,1.0000000000000009,0.46011749276384933,0.0,0.0024540106649138605,AIR,0.0,1,1.443428999736805,0.018082536016395794,0.4359751096689606,UNLOADING,0.01866857344019311,0.028716219467052235,0.07426130246772053,0.08673010410330384,0.46011749276384933,0.09997986926058389,0,ok,0.0,0.5046690588919037,FLAT,0.0,-1,0.07385568651125127,0.017841308466393778,0.639795301126773,UNLOADING,0.31381393324625717,0.039148456589944876,0.03822141019725166,-2.500000000000002,-0.0050000000000000044,0.5578015322709702,0,staged_v3,0.11977044192169314,2,1.088661905392185,0.12097605505925903,2,0,0,0
v3_right_hand_proxy:v3_left_hand_proxy,231,0.08449080578260476,0.8000000000000007,0.3938321928169501,0.0,0.0019111854275004935,AIR,0.0,1,1.5388820049236602,0.011732223749925153,0.38325698906520456,UNLOADING,0.016170021556595717,0.032430625703335075,0.050841527313928325,0.07423561942205337,0.3938321928169501,0.10662901514629847,0,ok,0.0,0.42757435598798776,FLAT,0.0,-1,0.0869223981303913,0.006824400635019167,0.6814596578172603,UNLOADING,0.2884404687346459,0.05224858225584385,0.0246613657266173,2.500000000000002,-0.0040000000000000036,0.5538015322709702,0,staged_v3,0.1220276006863942,2,1.0871951284655652,0.12400964501687543,2,0,0,0
v3_right_hand_proxy:v3_left_hand_proxy,232,0.9714965820312499,0.6000000000000005,0.9714965820312504,0.0,0.001488432707532042,AIR,0.0,1,1.6997165243679013,0.005719472135368926,0.3454828050180081,UNLOADED,0.01399919059146109,0.03842623428414499,0.003847905966755415,0.18312279150581823,0.9714965820312504,0.09562903044589108,0,ok,0.0,0.3371210951247487,FLAT,0.0,-1,0.12768055745279874,0.07255759612190786,0.6780052210969729,UNLOADING,0.26274200641373074,0.00289262594928847,0.05600763510556018,2.500000000000002,-0.0030000000000000027,0.5508015322709702,1,staged_v3,0.14542803776498078,2,1.1059086551674127,0.14732588280734238,2,0,0,0
v3_right_hand_proxy:v3_left_hand_proxy,233,0.9541764884293231,0.40000000000000036,0.9999984684099004,0.0,0.0011591925581750458,AIR,0.0,1,1.7689749428796533,0.0051233007098520295,0.3184164194168149,UNLOADED,0.012112175737593267,0.03943401464436184,0.001486806326478911,0.1884952705174553,0.9999984684099004,0.09844791529906799,0,ok,0.0,0.26295613960779823,FLAT,0.0,-1,0.13494022524106922,0.0063161611364437355,0.6485923492179462,UNLOADING,0.23840811968009695,0.05111345632445358,0.007175477388093127,2.500000000000002,-0.0020000000000000018,0.5488015322709702,0,staged_v3,0.2684826081292076,2,1.0905001864233272,0.26973662288721484,2,1,0,0
v3_right_hand_proxy:v3_left_hand_proxy,234,0.8650508057835076,0.20000000000000018,1.0,0.0,0.0009027800720372707,FLAT,0.0,1,1.8743346452680596,0.05357335009788067,0.2990225066694965,UNLOADED,0.010472268991069289,0.014984353177436346,0.024966772156038482,0.1884955592153876,1.0,0.11650207509808458,0,ok,0.0,0.20479044743998692,FLAT,0.0,-1,0.15693093259776508,0.021692042456403694,0.6246253390473262,UNLOADING,0.21533169469353045,0.03948325086311022,0.01674801608925609,2.500000000000002,-0.0010000000000000009,0.5478015322709702,0,staged_v3,0.24311541627817362,2,1.0915341512730061,0.23048819558188424,2,0,0,0
v3_right_hand_proxy:v3_left_hand_proxy,235,1.0,0.0,1.0,0.0,0.0007030858270438857,FLAT,0.0,1,1.7918458509436792,0.0875882169207546,0.28512616095150667,UNLOADED,0.009048033087253597,0.010323040922319629,0.028933267125255707,0.1884955592153876,1.0,0.13610664058143232,0,ok,0.0,0.1594909608318052,FLAT,0.0,-1,0.3804831313233741,0.06653963531849552,0.6083860926889568,UNLOADING,0.19349272093047407,0.032521328685762754,0.022897975948685093,2.500000000000002,0.0,0.5478015322709702,0,staged_v3,0.28265222313483107,2,1.0821564707686633,0.28398131510865726,2,1,1,1
v3_right_hand_proxy:v3_left_hand_proxy,236,0.28424072265625,0.20000000000000018,0.28424072265625033,0.0,0.0005475637926681845,FLAT,0.0,1,1.5066398850479108,0.07052150139563804,0.2751689941420089,UNLOADED,0.007812155676876097,0.0100537175476908,0.02870473215940965,0.053578113968875796,0.28424072265625033,0.13758365872126804,0,ok,0.0,0.12421168518862065,FLAT,0.0,-1,0.5688262590090141,0.04457844037369774,0.5983743324412982,UNLOADING,0.1729775609379022,0.05271792287648271,0.002200793745582197,2.500000000000002,0.0010000000000000009,0.5488015322709702,1,staged_v3,0.39520351972560663,2,1.0387925593068355,0.39590880768532094,2,1,1,1
v3_right_hand_proxy:v3_left_hand_proxy,237,0.027792828786782325,0.40000000000000036,0.03710937500000041,0.0,0.00042644311051153046,FLAT,0.0,1,0.8885370931609378,0.0712761908608097,0.24746749700725457,LOADING,0.00674197805179912,0.006509861263606108,0.030863513586756625,0.006994952392758602,0.03710937500000041,0.13843495643093637,0,ok,0.0,0.09673615769151658,FLAT,0.0,-1,0.9537145106516534,0.043667320895313326,0.5930820060513462,UNLOADING,0.15388986412250655,0.05257307076778452,0.00208102953478279,2.500000000000002,0.0020000000000000018,0.5508015322709702,1,staged_v3,0.21601296575360066,2,1.1048830322730547,0.17992721144389373,2,0,1,1
v3_torso_proxy:v3_left_forearm_proxy,238,1.0000000000000002,0.6000000000000005,1.0000000000000002,0.0,0.0003321142284017856,FLAT,0.0,1,0.35489137870729937,0.02666270461297243,0.19860210996525515,LOADING,0.00581686056466949,0.020099701528330027,0.014830403969932734,0.18849555921538763,1.0000000000000002,0.1282164514002468,0,ok,0.0,0.07533819536147202,FLAT,0.0,-1,1.4956622448386527,0.01920328681853767,0.6212401608387759,UNLOADING,0.1359820382132639,0.03685872122340113,0.03014790021834539,2.500000000000002,0.0030000000000000027,0.5538015322709702,0,staged_v3,0.21451421844472257,2,1.0935337438615005,0.15565923116351596,2,0,0,0
v3_torso_proxy:v3_left_forearm_proxy,239,0.3926391601562498,0.8000000000000007,0.3926391601562504,0.0,0.007719715740197421,FLAT,0.0,1,0.14245302028868137,0.017138678152415772,0.17043364624352275,LOADING,0.005934291739462004,0.01638300415976037,0.024107541549229956,0.07401073806351255,0.3926391601562504,0.12350108884250047,0,ok,0.0,0.05867344554270089,FLAT,0.0,-1,1.7341869727943218,0.002212547319661769,0.6421122320457171,UNLOADING,0.11955581967757827,0.05489306428262409,0.0348122405004641,2.500000000000002,0.0040000000000000036,0.5578015322709702,1,staged_v3,0.30140619240087063,2,1.081027707756843,0.2979563533934221,2,0,1,1
v3_torso_proxy:v3_left_forearm_proxy,240,0.17224121093749994,1.0000000000000009,0.17224121093750028,0.0,0.010439193243598644,FLAT,0.0,1,0.1454730140890311,0.016080510887897245,0.14597769274248187,LOADING,0.006530494171530645,0.016218373749226852,0.020651558643359588,0.03246670337559965,0.17224121093750028,0.12245006486922425,0,ok,0.0,0.04569492533415288,FLAT,0.0,-1,1.7370598999581475,0.003157298884039203,0.6570552528837419,UNLOADING,0.10471510752552671,0.05469546376014789,0.04479378191933191,2.500000000000002,0.0050000000000000044,0.5628015322709702,1,staged_v3,0.16486964103625903,2,1.1140731651454534,0.1664245148651936,2,0,1,1
v3_torso_proxy:v3_left_forearm_proxy,241,0.2940080778694475,0.8816900739593958,0.9999997155974552,0.0,0.03883595227669834,FLAT,0.0,1,0.11875571017044692,0.006019642319198712,0.11455911696525761,LOADING,0.012101783312699496,0.02470831352906417,0.024336619003357707,0.18849550560677086,0.9999997155974552,0.11650821372475725,0,ok,0.0,0.03558724363262764,FLAT,0.0,1,1.5397741342367466,0.0029342285327730493,0.6461608755200575,UNLOADING,0.09155468632611194,0.054373815243229824,0.09172165258295963,-1.4788740755075636,0.004408450369796979,0.5672099826407672,0,staged_v3,0.1584918194619381,2,1.113269391635235,0.15371683570953187,2,0,0,0
v3_torso_proxy:v3_left_forearm_proxy,242,0.9999999999999999,1.0000000000000009,0.9999999507384475,0.0,0.13184794035620342,FLAT,0.0,1,0.04014585612135433,0.02824187287222687,0.08681192593569158,LOADING,0.03376181999480504,0.013330309664071418,0.01601028663271316,0.18849554992980372,0.9999999507384475,0.11281956136193469,0,ok,0.0,0.027715373208443275,FLAT,0.0,1,1.3014041044277551,0.09213084607980643,0.6319210339884819,UNLOADING,0.07993279483855126,0.0,0.22433681975886918,1.4788740755075636,0.0050000000000000044,0.5722099826407672,0,staged_v3,0.2338683355264986,2,1.1185370946989606,0.2350566792769811,2,1,1,1
v3_torso_proxy:v3_left_forearm_proxy,243,0.9953395685478732,0.8499999999999952,0.9938537207714614,0.0,0.24901376212884194,FLAT,0.0,1,0.004635152060810222,0.008367330643360656,0.06796666372020617,LOADING,0.07342728149514954,0.020031002542649654,0.046097254808023444,0.1873370128751103,0.9938537207714614,0.11699882958098942,0,ok,0.0,0.021584754357851857,FLAT,0.0,1,0.9743786271148956,0.009571002935392457,0.6072954436078887,UNLOADING,0.06972474291660578,0.045793769245001975,0.08961270130878718,-1.875000000000071,0.004249999999999976,0.5764599826407671,0,staged_v3,0.27357924302822084,2,1.1152440524233862,0.2743914100843216,2,1,0,0
v3_torso_proxy:v3_left_forearm_proxy,244,0.4510024502862606,0.649999999999995,0.9999813158046841,0.0,0.3349303286902834,FLAT,0.0,1,0.01827335182017087,0.06318219259433282,0.05591891573233573,SUPPORT,0.14874182519611964,0.0,0.04659010273201226,0.18849203732754305,0.9999813158046841,0.10783650109585122,0,ok,0.0,0.016810223596298947,AIR,0.0,1,0.8214190850665006,0.04007464998480163,0.5733849722034543,UNLOADING,0.06078856450091942,0.013594598625371088,0.12305333650046917,-2.500000000000002,0.003249999999999975,0.5797099826407671,0,staged_v3,0.293457032054959,2,1.1128803112981869,0.2870019467456086,2,0,0,0
v3_torso_proxy:v3_left_forearm_proxy,245,0.7220957524581378,0.44999999999999485,1.0000000000000002,0.0,0.40049389188324036,FLAT,0.0,1,0.01457475335161229,0.011197418931721447,0.048604119358619836,SUPPORT,0.20899346015689574,0.016232787036209544,0.04854130534896002,0.18849555921538763,1.0000000000000002,0.10782973356736142,0,ok,0.0,0.013091815300403029,AIR,0.0,1,0.27205244756740427,0.015463609565668602,0.5485125893730984,UNLOADING,0.05294888239941445,0.03696201990298632,0.09085192321576012,-2.500000000000002,0.0022499999999999742,0.5819599826407671,0,staged_v3,0.2752047474281631,2,1.1173548020044681,0.2752047474281631,2,1,0,0
v3_torso_proxy:v3_left_forearm_proxy,246,0.22400791563618264,0.24999999999999467,0.5000044115146298,0.0,0.4567183578499951,FLAT,0.0,1,0.014489787864256547,0.004757833797804247,0.044222132848049836,SUPPORT,0.2571947681255166,0.02245327284459825,0.04716465527656305,0.09424861115861094,0.5000044115146298,0.11117334601758669,0,ok,0.0,0.010195916007780078,AIR,0.0,-1,0.3500086249055841,0.019898156530152433,0.527175194856678,UNLOADING,0.04607345377087471,0.03146060321268147,0.09360177940088124,-2.500000000000002,0.0012499999999999734,0.5832099826407671,0,staged_v3,0.20112957664786213,2,1.1072274096825236,0.2011184660699433,2,1,0,0
v3_torso_proxy:v3_left_forearm_proxy,247,0.9999999999999999,0.04999999999999449,1.0,0.0,0.5038842871789826,FLAT,0.0,1,0.011780781959648177,0.05703932154356607,0.04204572664421159,SUPPORT,0.3022954357364016,0.0,0.06477935093171369,0.1884955592153876,1.0,0.1011405311712007,0,ok,0.0,0.007940587370989396,AIR,0.0,-1,0.8350737080153176,0.03783245719181423,0.5035516820161543,UNLOADING,0.040054687695625674,0.01234512690899349,0.13025457127745532,-2.500000000000002,0.00024999999999997247,0.583459982640767,0,staged_v3,0.1684522235412738,2,1.1063880014365624,0.16953569242329236,2,1,1,1
v3_torso_proxy:v3_left_forearm_proxy,248,0.8643465489708885,0.04999999999999449,0.999988409146182,0.0,0.5198863200487941,FLAT,0.0,1,0.018510980382128065,0.012006871332892306,0.040784795168447796,SUPPORT,0.34157292118406646,0.015032368425530084,0.047729603959889656,0.1884933743909154,0.999988409146182,0.10166297800656399,0,ok,0.0,0.0061841356625734496,AIR,0.0,-1,1.105807374193065,0.0040592150173418004,0.47477075330361207,UNLOADING,0.034796602155610826,0.044679322647838804,0.062050508941483284,0.0,0.00024999999999997247,0.583709982640767,0,staged_v3,0.2931381158732633,2,1.0930690573082495,0.29503802094013126,2,1,0,0
v3_torso_proxy:v3_left_forearm_proxy,249,0.030212402343750066,0.24999999999999467,0.030212402343750052,0.033783133731857234,0.5119188762325042,FLAT,0.0,1,0.029243847161199665,0.015165021458783307,0.03944053507012985,SUPPORT,0.3716040413155321,0.011807005294723186,0.04781410432021802,0.005694903675025453,0.030212402343750052,0.10146045158138337,0,ok,0.0,0.004816209696632004,AIR,0.0,-1,1.24819438485452,0.003511297162511887,0.4419085897606649,UNLOADING,0.03020964259932381,0.04358413232552136,0.061608739046332,2.500000000000002,0.0012499999999999734,0.584959982640767,1,staged_v3,0.3311097840507419,2,1.0949657220477673,0.33209002216346145,2,1,1,1
v3_torso_proxy:v3_left_forearm_proxy,250,0.9999999999999999,0.44999999999999485,1.0000000000000002,0.30442294559532596,0.5124314523063983,FLAT,0.0,1,0.028162863266149234,0.11799996214310127,0.037952487753211715,SUPPORT,0.3872832330524257,0.0,0.043057383394683374,0.18849555921538763,1.0000000000000002,0.07456352621405081,0,ok,0.0,0.003750867883173098,AIR,0.0,-1,1.3271891405917402,0.027693072704519386,0.41585538227419794,UNLOADING,0.026206986411671285,0.018099696409190513,0.07772262854106467,2.500000000000002,0.0022499999999999742,0.587209982640767,0,staged_v3,0.23103277989756074,2,1.1080633086769711,0.22461211797992428,2,0,1,1
v3_torso_proxy:v3_left_forearm_proxy,251,0.7231445312499997,0.24999999999999467,0.7231445312500003,0.2390220893205493,0.5022818176968329,FLAT,0.0,1,0.03309008745915333,0.023684436151744023,0.035780797092578864,SUPPORT,0.3998265864419405,0.023798198696412413,0.002990841158216532,0.13630953281151814,0.7231445312500003,0.07123551910380009,0,ok,0.0,0.0029211788446125916,AIR,0.0,-1,1.3451375557999008,0.06722624162789476,0.3971874433692689,UNLOADING,0.02271469167967489,0.0,0.10267848102758996,-2.500000000000002,0.0012499999999999734,0.5884599826407669,1,staged_v3,0.3010017004631876,2,1.0586087496334098,0.30149674326440223,2,0,1,1
v3_torso_proxy:v3_left_forearm_proxy,252,1.0000000000000002,0.04999999999999449,0.8585588986904009,0.08395250527392677,0.4946691743083965,FLAT,0.0,-1,0.025404038047957517,0.0037291216633115994,0.03280689194010414,SUPPORT,0.4098612691535524,0.02291122293369361,0.02931292643045839,0.16183453972799444,0.8585588986904009,0.08509017233549478,0,ok,0.0,0.0022750163716759083,AIR,0.0,-1,1.360158841417574,0.03763472101536097,0.3838112806400087,UNLOADING,0.019669998500376477,0.006555843016639466,0.05088664760570817,-2.500000000000002,0.00024999999999997247,0.5887099826407669,0,staged_v3,0.29618220488611163,2,1.0797930349132756,0.24575651271819363,2,0,0,0
v3_torso_proxy:v3_left_forearm_proxy,253,1.0000000000000002,0.24999999999999467,1.0000000000000002,0.34878112104099657,0.48766959517672726,FLAT,0.0,-1,0.033316663053638715,0.11530586132540349,0.030142012552261763,SUPPORT,0.41788901532284195,0.0,0.03665482688505795,0.18849555921538763,1.0000000000000002,0.08309338542736087,0,ok,0.0,0.0017717845317614636,AIR,0.0,-1,1.2892970519911036,0.03135884738291329,0.3742268412291636,UNLOADING,0.01701838945790865,0.0123524946785449,0.09338642378325812,2.500000000000002,0.0012499999999999734,0.5899599826407669,0,staged_v3,0.2750870200797923,2,1.0849136719781474,0.2766715597736678,2,1,1,1
v3_torso_proxy:v3_left_forearm_proxy,254,0.46282958984375017,0.44999999999999485,0.4628295898437501,0.2664502513809155,0.4730502899239987,FLAT,0.0,-1,0.034898389669951284,0.04487984879220275,0.027834560565167456,SUPPORT,0.42431121225827356,0.0218912695541872,0.0045004584740711735,0.08724132235902615,0.4628295898437501,0.08663047183252301,0,ok,0.0,0.0013798671807696303,AIR,0.0,-1,1.2664634415523701,0.0877855907104399,0.36735929029699566,UNLOADING,0.014711899557141412,0.0,0.14021184808695436,2.500000000000002,0.0022499999999999742,0.5922099826407669,1,staged_v3,0.29951877637568736,2,1.0743421047984583,0.2972430443202124,2,0,1,1
v3_torso_proxy:v3_left_forearm_proxy,255,0.739990234375,0.649999999999995,0.6588680576025523,0.09092234301999347,0.4687080555491445,FLAT,0.0,-1,0.03886279448418019,9.898255906447447e-06,0.026670411078710342,SUPPORT,0.42944896980661884,0.02632362229802907,0.016868139492140596,0.12419370296694932,0.6588680576025523,0.08884468969735207,0,ok,0.0,0.00107464164091792,AIR,0.0,-1,0.9613571306918148,0.04476170891035345,0.3624384750271371,UNLOADING,0.01270807821517592,0.0,0.055090583816922986,2.500000000000002,0.003249999999999975,0.5954599826407668,1,staged_v3,0.1415913114036318,2,1.0717285422239387,0.14220223068669247,2,1,1,1
v3_torso_proxy:v3_left_forearm_proxy,256,0.9411621093750002,0.8499999999999952,0.9411621093750001,0.09739591994768171,0.46349081703499206,FLAT,0.0,-1,0.03635626696038858,0.025661236023100838,0.025909355062627225,SUPPORT,0.4335591758452951,0.0006342317300305246,0.07065181542882354,0.17740487811897443,0.9411621093750001,0.08889210895363833,0,ok,0.0,0.0008369317514680156,FLAT,0.0,-1,0.935999459808964,0.009628703707587428,0.35891255681273393,LOADING,0.01096928796110377,0.04042594678891301,0.002519681051723688,2.500000000000002,0.004249999999999976,0.5997099826407668,1,staged_v3,0.1298433474428838,2,1.0658853313438656,0.13130038460061222,2,1,1,1
v3_pelvis_proxy:v3_left_hand_proxy,257,0.13248712483321876,1.0000000000000009,0.26959228515625,0.03202246368210926,0.4767732373793504,FLAT,0.0,-1,0.02588359114626218,0.02317921744004932,0.05661160404512111,UNLOADING,0.37162215072453864,0.004651362762206738,0.04985840646087292,0.050816948550681584,0.26959228515625,0.08380479620467624,0,ok,0.0,0.000651803103420613,FLAT,0.0,-1,0.8616239837408085,0.0040427831123072445,0.3542138413264732,LOADING,0.009462379026998872,0.03866790895401642,0.010187679179048784,1.875000000000071,0.0050000000000000044,0.6047099826407668,1,staged_v3,0.23717392550758407,2,1.0710948361328578,0.1808026612624735,2,0,1,1
v3_pelvis_proxy:v3_left_hand_proxy,258,0.10815429687500007,1.0000000000000009,0.10815429687500001,0.04942226182858361,0.4900708174769641,FLAT,0.0,-1,0.018091785486817048,0.03126800029961975,0.10471023183388373,UNLOADING,0.3601231423477698,0.0,0.060901216752650894,0.020386604671000175,0.10815429687500001,0.07886009987132274,0,ok,0.0,0.0005076247673523452,FLAT,0.0,-1,0.4846735476040374,0.0031376892850021364,0.2988153727352918,LOADING,0.008161458977897074,0.036803079351762455,0.007970524739026753,0.0,0.0050000000000000044,0.6097099826407668,1,staged_v3,0.21894232927775972,2,1.0922458184634833,0.15208148351018452,2,0,1,1
v3_pelvis_proxy:v3_left_hand_proxy,259,0.09259033203125012,1.0000000000000009,0.09259033203124996,0.08763126148579828,0.5047344790359252,FLAT,0.0,-1,0.011092461623117885,0.03984421327097877,0.16673798776454468,UNLOADING,0.33129373920114646,0.0,0.07084944245553777,0.017452866414168877,0.09259033203124996,0.07464997123420353,0,ok,0.0,0.0003953385663204462,FLAT,0.0,-1,0.3175663942099975,0.002441495969854935,0.22794157118158373,LOADING,0.007039139762821019,0.03395558258922425,0.007547138952831118,0.0,0.0050000000000000044,0.6147099826407668,1,staged_v3,0.18961897201633843,2,1.098278873236096,0.13528103439604985,2,0,1,1
v3_pelvis_proxy:v3_left_hand_proxy,260,1.0000000000000002,0.8000000000000007,1.0000000000000002,0.032772496099986045,0.5132524916352756,FLAT,0.0,-1,0.023212465628685324,0.004559585849989233,0.24719128197624962,UNLOADING,0.28396606217241127,0.03279997824882325,0.04791093377130981,0.18849555921538763,1.0000000000000002,0.09409600247737684,0,ok,0.0,0.03391117854548609,FLAT,0.0,-1,0.09758397348198179,0.002268314551400784,0.17671674299880719,LOADING,0.011215012914592166,0.03156752259853957,0.019224467589636512,-2.500000000000002,0.0040000000000000036,0.6187099826407668,0,staged_v3,0.1151226461145636,2,1.0462434457754708,0.1121232865897823,2,0,0,0
v3_pelvis_proxy:v3_left_hand_proxy,261,0.18994140625000003,1.0000000000000009,0.09425078844265282,0.036189268845391274,0.509196496376996,FLAT,0.0,-1,0.023404495495799427,0.02284581377711743,0.3407176183350338,UNLOADING,0.2746084626980755,0.019190067139634257,0.05960795254433762,0.017765855073989034,0.09425078844265282,0.09833966332522254,0,ok,0.0,0.07746420528827602,FLAT,0.0,-1,0.09446877743655499,0.00011057091106773335,0.13435444867984225,LOADING,0.02238331927054325,0.031607151522924384,0.018532683699592562,2.500000000000002,0.0050000000000000044,0.6237099826407668,1,staged_v3,0.19501306166294602,2,1.0239814226670356,0.1870394161197044,2,1,1,1
v3_pelvis_proxy:v3_left_hand_proxy,262,0.49316986661663326,0.8000000000000007,0.437356170165014,0.010696190955647571,0.4830370629274385,FLAT,0.0,-1,0.030337665062300963,0.013018541599855393,0.43609708546110393,UNLOADING,0.25842358918454195,0.0337863126731998,0.05702219822053296,0.08243969587155453,0.437356170165014,0.10001873567991126,0,ok,0.0,0.16412414007111137,FLAT,0.0,-1,0.05454831173224161,0.007711133619944077,0.10319572950209349,LOADING,0.04734410135794845,0.022448652855160598,0.03933064932392093,-2.500000000000002,0.0040000000000000036,0.6277099826407668,0,staged_v3,0.10575628977409077,2,1.0575403114496098,0.10575628977409077,2,1,0,0
v3_pelvis_proxy:v3_left_hand_proxy,263,0.14900242433719077,0.6000000000000005,0.9058757901849733,0.011328401912357428,0.4608473163036559,FLAT,0.0,-1,0.02149299556643988,0.015585292077639826,0.5395702612323428,UNLOADING,0.2504625355968493,0.03639322098397731,0.06078301574187958,0.17075356365059768,0.9058757901849733,0.09848283296759089,0,ok,0.0,0.2388162773380984,FLAT,0.0,-1,0.04467614774068932,0.0018255591326112154,0.08118783785284038,LOADING,0.08176074111374954,0.027233832760030805,0.035710587065681976,-2.500000000000002,0.0030000000000000027,0.6307099826407668,1,staged_v3,0.1001876354498343,2,1.0178609204501656,0.10055600463733576,2,0,0,0
v3_pelvis_proxy:v3_left_hand_proxy,264,0.10962300150898739,0.40000000000000036,0.5330793674128862,0.010926328465843824,0.436399357016479,FLAT,0.0,-1,0.023573892019902065,0.020021853600272022,0.6364127106540082,UNLOADING,0.23621500193136485,0.03679878193242839,0.06660047062383617,0.10048309346667705,0.5330793674128862,0.0961556573289998,0,ok,0.0,0.2968302107737243,FLAT,0.0,-1,0.04257626416918932,0.006239210143034819,0.06484461594931341,SUPPORT,0.15540859289099962,0.022003020654430855,0.04194076614043692,-2.500000000000002,0.0020000000000000018,0.6327099826407668,0,staged_v3,0.14122535886925444,2,1.0024232785118634,0.09911337422128595,2,0,0,0
v3_pelvis_proxy:v3_left_hand_proxy,265,0.15376082080725656,0.20000000000000018,0.22095231057025527,0.010211691885206278,0.38502033521044204,FLAT,0.0,-1,0.007347768149743293,0.024297734315136592,0.7104285091466969,UNLOADING,0.2176545609334498,0.036223691142198255,0.0709569124657759,0.041648529340872265,0.22095231057025527,0.0941062937006728,0,ok,0.0,0.361108050497314,FLAT,0.0,-1,0.03288114288254408,0.004617440713579103,0.052014065343920765,SUPPORT,0.2143268743127997,0.022983262553616938,0.040520007130257524,-2.500000000000002,0.0010000000000000009,0.6337099826407668,0,staged_v3,0.0942311897109155,2,0.997122558765704,0.09419093373794743,2,1,0,0
v3_pelvis_proxy:v3_left_hand_proxy,266,0.07211014244093378,0.0,0.26101014087455543,0.0100097632254322,0.31417543788388896,FLAT,0.0,-1,0.036138963222273994,0.02652238253399534,0.7610518856658803,UNLOADING,0.19684743638638016,0.03653021174929867,0.07386703479416375,0.049199252465036425,0.26101014087455543,0.09170638589616503,0,ok,0.0,0.4175749565683693,FLAT,0.0,-1,0.02415377826307487,0.004259052461838203,0.04232395084960691,SUPPORT,0.2614614994502398,0.022857145080642145,0.0403845711559475,-2.500000000000002,0.0,0.6337099826407668,0,staged_v3,0.09401591390845565,2,0.9947824134703555,0.09432253439380356,2,1,0,0
v3_pelvis_proxy:v3_left_hand_proxy,267,0.044760871600304016,0.20000000000000018,0.276197773872265,0.010070355982422594,0.24468007704577424,FLAT,0.0,-1,0.10762732744420862,0.026332870036262414,0.793644492701873,UNLOADING,0.17565601791527374,0.03834935459883124,0.07555569881115115,0.052062053840097766,0.276197773872265,0.08907456150435741,0,ok,0.0,0.4629051493047394,FLAT,0.0,-1,0.021455786946636763,0.005697765282512019,0.03481646620733532,SUPPORT,0.29916919956019183,0.02104305802785475,0.04121979658420488,-2.500000000000002,-0.0010000000000000009,0.6327099826407668,0,staged_v3,0.09525577021026772,2,0.993232030675478,0.09462064068071434,2,1,0,0
v3_pelvis_proxy:v3_left_hand_proxy,268,0.12334436471699092,0.40000000000000036,0.4396890216427761,0.013279907948131529,0.19055703560522066,FLAT,0.0,-1,0.188603487256664,0.023174095071816097,0.7875778018931839,UNLOADING,0.1561150721019078,0.04120479502284309,0.07422144291023967,0.08287942801542175,0.4396890216427761,0.08331558092788693,0,ok,0.0,0.5023103032298051,FLAT,0.0,-1,0.013469817254197124,0.016498826859766256,0.028884520560513202,SUPPORT,0.3368956218378347,0.009945399168259407,0.05075979636554649,-2.500000000000002,-0.0020000000000000018,0.6307099826407668,0,staged_v3,0.10224336976292442,2,0.995696763019447,0.09808787518248105,2,0,0,0
v3_pelvis_proxy:v3_left_hand_proxy,269,0.18265956180323548,0.40000000000000036,0.21201743450733848,0.010408433147050368,0.14840596854911142,AIR,0.0,-1,0.23015862141086918,0.013792881824612333,0.7504507893342758,UNLOADING,0.13874321911175894,0.048729657642101465,0.0662048573752478,0.03996434488087258,0.21201743450733848,0.07824683744175434,0,ok,0.011593319356578511,0.5273797214596883,FLAT,0.0,-1,0.01508622873677339,0.024745071039515953,0.024021510671840468,SUPPORT,0.3724587502407742,0.001456004494076072,0.05122067119840293,0.0,-0.0020000000000000018,0.6287099826407668,0,staged_v3,0.09727476732944339,2,0.99511238733091,0.09627773238030066,2,1,0,0
v3_pelvis_proxy:v3_right_hand_proxy,270,0.9364013671875,0.20000000000000018,0.739312492659726,0.16952268932327755,0.11557868451851826,AIR,0.0,-1,0.33047823662479753,0.10390409598245097,0.6959699836705603,UNLOADING,0.12372978411270924,0.0,0.13499842306163712,0.1393571217388172,0.739312492659726,0.08870873231333494,0,ok,0.1494292671213846,0.5509428620229482,FLAT,0.0,-1,0.015894028468640433,0.030954502062203605,0.020485820800846977,SUPPORT,0.4002488877877751,0.01906417893301331,0.006960112107029039,2.500000000000002,-0.0010000000000000009,0.6277099826407668,1,staged_v3,0.1096307801176825,2,1.0063686674203465,0.11093072798544247,2,1,1,1
v3_pelvis_proxy:v3_left_hand_proxy,271,1.0000000000000002,0.0,0.8090614522333662,0.04173263654251501,0.09001277000938487,AIR,0.0,-1,0.34958054852307063,0.017781509127581994,0.638709793409823,UNLOADING,0.1060541006680365,0.03915398054290916,0.06425877405236807,0.15250449087834198,0.8090614522333662,0.08415120297459652,0,ok,0.09082929472722434,0.5660182076132972,FLAT,0.0,-1,0.01763768403778098,0.004798958092143913,0.017676382900553126,SUPPORT,0.4101991102302201,0.021084861052883746,0.046209419423289363,2.500000000000002,0.0,0.6277099826407668,0,staged_v3,0.17628767738410905,2,0.9968688398983336,0.17080409584055256,2,1,1,1
v3_pelvis_proxy:v3_right_hand_proxy,272,1.0000000000000002,0.20000000000000018,1.0,0.19209904735109362,0.07010201576973521,AIR,0.0,-1,0.3903535269144231,0.11915894639402047,0.5794580870611932,UNLOADING,0.09300193571448546,0.0,0.16530250995005114,0.1884955592153876,1.0,0.06971703356884523,0,ok,0.1946122482840823,0.57662396874413,FLAT,0.0,-1,0.018751865256519035,0.06827156845443613,0.015663332679879897,SUPPORT,0.4181592881841761,0.0072358776576728935,0.018547288976321102,2.500000000000002,0.0010000000000000009,0.6287099826407668,0,staged_v3,0.2911968047116007,2,1.0024412258337634,0.2927859191615838,2,1,1,1
v3_pelvis_proxy:v3_right_hand_proxy,273,0.25970458984375006,0.40000000000000036,0.25970458984375006,0.16742176062869382,0.054595504776353755,AIR,0.0,-1,0.3976608328601558,0.12153414211834794,0.5187793970800769,UNLOADING,0.0797159448981304,0.0,0.17491433597495684,0.04895316189340054,0.25970458984375006,0.07942347231043768,0,ok,0.166534238443832,0.5897608354826724,FLAT,0.0,-1,0.017073416367741182,0.04866843934544693,0.014220919167010054,SUPPORT,0.4245274305473409,0.01440848697689557,0.011302558981454935,2.500000000000002,0.0020000000000000018,0.6307099826407668,1,staged_v3,0.38427536610101165,2,1.0046113536752803,0.38404304958034424,2,0,1,1
v3_pelvis_proxy:v3_left_hand_proxy,274,1.0,0.20000000000000018,0.7489407187540387,0.008516221777441864,0.04251902187200293,AIR,0.0,-1,0.40222910354520136,0.019272145992281,0.45101517912546346,UNLOADING,0.06832795276982606,0.028278612963992176,0.07137133989136105,0.14117199960071686,0.7489407187540387,0.09118791870437451,0,ok,0.045126057938587594,0.6024346690135262,FLAT,0.0,-1,0.015467958449354762,0.004027560427895584,0.01318738472224408,SUPPORT,0.4296219444378727,0.02163180880821662,0.03454973405919047,-2.500000000000002,0.0010000000000000009,0.6317099826407668,0,staged_v3,0.1045940561293857,2,1.014750502116843,0.1045940561293857,2,1,0,0
v3_pelvis_proxy:v3_right_hand_proxy,275,0.673935371827632,0.40000000000000036,1.0000000000000002,0.08802846184972833,0.033113847529346076,AIR,0.0,-1,0.3594515429375948,0.047316747162173656,0.40060603677475837,UNLOADING,0.06132120332391216,0.0,0.06724306237754578,0.18849555921538763,1.0000000000000002,0.06815249592495708,0,ok,0.030250152971918274,0.6111387987685992,FLAT,0.0,-1,0.014682022737536122,0.05294908276262919,0.012446824932012764,SUPPORT,0.43369755555029815,0.0,0.06042410789278807,2.500000000000002,0.0020000000000000018,0.6337099826407668,0,staged_v3,0.1741490316610293,2,1.0004660996387444,0.16932657147220376,2,0,0,0
v3_pelvis_proxy:v3_right_hand_proxy,276,0.6231002509958874,0.20000000000000018,1.0000000000000002,0.0381047530810234,0.02578909038636183,AIR,0.0,-1,0.3463710263314701,0.03166426195138205,0.36016301923881455,UNLOADING,0.05256103142049614,0.011343889010558682,0.07262877555397904,0.18849555921538763,1.0000000000000002,0.08324904114362067,0,ok,0.025728746340942348,0.6173611622450512,FLAT,0.0,-1,0.016439566694252727,0.008481395221641642,0.011916190654960069,SUPPORT,0.4369580444402385,0.017114414311106364,0.04161214524464279,-2.500000000000002,0.0010000000000000009,0.6347099826407668,0,staged_v3,0.28051330755566645,2,1.0131261027229332,0.28152927493570945,2,1,0,0
v3_pelvis_proxy:v3_left_hand_proxy,277,0.18016332352249978,0.0,0.5247065836261607,0.05424787563377374,0.02008456378759783,AIR,0.0,-1,0.31586826631770276,0.028225368316764983,0.32753367481956763,UNLOADING,0.046131760079485926,0.013151315424213404,0.060288801326415536,0.0989048609046087,0.5247065836261607,0.08128388274580262,0,ok,0.009103253859400655,0.6179660038956419,FLAT,0.0,-1,0.02114978469057876,0.0024401726057326325,0.011269802448179569,SUPPORT,0.44333919384006665,0.02312331751667635,0.035189129535206295,-2.500000000000002,0.0,0.6347099826407668,1,staged_v3,0.2602751768467864,2,1.0018818350025485,0.22546752733742642,2,0,0,0
v3_pelvis_proxy:v3_left_hand_proxy,278,0.046926963639262465,0.20000000000000018,0.23223078093672653,0.06473816593407526,0.015641874005428772,AIR,0.0,-1,0.2901112342585507,0.0298324745741713,0.3025691729864961,UNLOADING,0.04002176110338279,0.01029598407515351,0.054407046037879575,0.04377447091969444,0.23223078093672653,0.0789291459209421,0,ok,0.004322311883384585,0.618966516358739,FLAT,0.0,-1,0.019117110747268573,0.005367032125552577,0.010806645059235695,SUPPORT,0.4731342883580628,0.02017330012740921,0.03761511910853094,-2.500000000000002,-0.0010000000000000009,0.6337099826407668,0,staged_v3,0.09933880789298295,2,1.007159185105495,0.09933880789298295,2,1,0,0
v3_torso_proxy:v3_left_forearm_proxy,279,0.9264571280928293,0.0,1.0,0.1378653350076534,0.01218190372413218,FLAT,0.0,-1,0.27893148162772324,0.01238831603133016,0.2516326489101541,LOADING,0.03454796563240956,0.025193316414177543,0.027060570892044458,0.1884955592153876,1.0,0.08337524721270122,0,ok,0.08248360209047097,0.6202649933929583,FLAT,0.0,-1,0.019271819731927858,0.0485656751886678,0.01039999786150998,SUPPORT,0.5003562968981004,0.0,0.05201467276832088,2.500000000000002,0.0,0.6337099826407668,0,staged_v3,0.1578230313307881,2,0.9949839312918284,0.14822739894402567,2,1,0,0
v3_pelvis_proxy:v3_left_hand_proxy,280,0.6647054699055052,0.20000000000000018,0.9069129372703234,0.0,0.07969596625640055,FLAT,0.0,-1,0.04575809710355755,0.016792823828915917,0.2150070130538562,UNLOADING,0.029612541970636768,0.018957526823776893,0.0414996251907014,0.17094906127043935,0.9069129372703234,0.07491864686041004,0,ok,0.005101377416456488,0.6181850655386414,FLAT,0.0,-1,0.018744209949167062,0.007771728663913496,0.03831754848985603,UNLOADING,0.42887682591265747,0.019144148760579308,0.03639015431695873,-2.500000000000002,-0.0010000000000000009,0.6327099826407668,0,staged_v3,0.3245872153218327,2,1.0015940054310515,0.32570002517020674,2,1,0,0
v3_pelvis_proxy:v3_left_hand_proxy,281,0.03668497314711104,0.40000000000000036,0.18250499283654617,0.0,0.14029464619216364,FLAT,0.0,-1,0.04462593922258891,0.014113132442871577,0.16041672925052364,UNLOADING,0.047247841160240875,0.018907704019654605,0.042585885971162425,0.03440138068432508,0.18250499283654617,0.07346348223395738,0,ok,0.007220130715727744,0.6199024757426441,FLAT,0.0,-1,0.017770960557661565,0.007262099937812714,0.03099091428131675,UNLOADING,0.46199558019804865,0.019287445776253125,0.0357464227433215,-2.500000000000002,-0.0020000000000000018,0.6307099826407668,0,staged_v3,0.29903690057092425,2,1.0006610415033428,0.30090868450003005,2,1,0,0
v3_pelvis_proxy:v3_left_hand_proxy,282,0.13963177232453575,0.20000000000000018,0.20738659808952464,0.0,0.19715384868084918,FLAT,0.0,-1,0.04485484740735816,0.007950623134147187,0.12068380173611781,UNLOADING,0.0724703874672201,0.023083566952658705,0.039211770198967426,0.039091452780661784,0.20738659808952464,0.07398110180862832,0,ok,0.009054776002019808,0.6259460606890952,FLAT,0.0,-1,0.014551593824257315,0.014707367285991244,0.02648125227794452,UNLOADING,0.48895549044133935,0.011616695327905983,0.033094861593485514,2.500000000000002,-0.0010000000000000009,0.6297099826407668,0,staged_v3,0.09026145737197712,2,1.0018523794438805,0.08794708733820142,2,1,1,1
v3_pelvis_proxy:v3_left_hand_proxy,283,1.0,0.0,0.9999812292385802,0.0,0.25557019024320393,FLAT,0.0,-1,0.026693574660483756,0.05237931811283979,0.09221391511128724,SUPPORT,0.1479763099737761,0.0,0.06449135240423404,0.1884920210102169,0.9999812292385802,0.07572826588706122,0,ok,0.027054409461455743,0.6307706829533037,FLAT,0.0,-1,0.01609039120204283,0.01798407799722236,0.023834478320896742,SUPPORT,0.5103385297751362,0.008207645918822476,0.024041606971072098,2.500000000000002,0.0,0.6297099826407668,0,staged_v3,0.20959654646829276,2,0.9952930787754569,0.11504566889604881,2,0,0,0
v3_pelvis_proxy:v3_left_hand_proxy,284,0.26562500000000006,0.20000000000000018,0.26140259591977405,0.0,0.31140103577523814,FLAT,0.0,-1,0.020156088057288322,0.060631355798965836,0.10016121887873125,SUPPORT,0.20838104797902088,0.0,0.0815274775211606,0.0492732284982518,0.26140259591977405,0.07975699371755596,0,ok,0.007641943290076201,0.6374105558676345,FLAT,0.0,-1,0.01631197759382122,0.0008066158350165881,0.05032724501550799,SUPPORT,0.5019604012026306,0.026709746415758816,0.00857187233754373,2.500000000000002,0.0010000000000000009,0.6307099826407668,1,staged_v3,0.2716955380360223,2,0.9981879570170881,0.2736512840263065,2,1,1,1
v3_pelvis_proxy:v3_left_hand_proxy,285,0.9362925203627941,0.04999999999999449,0.7552696591483512,0.0,0.3390524670224745,FLAT,0.0,-1,0.022010050916519662,0.002471976658472476,0.10585571086274592,SUPPORT,0.2567048383832167,0.027820808884664823,0.03847040975429736,0.14236497675958365,0.7552696591483512,0.08901882076083673,0,ok,0.014812406407560093,0.6492739999739756,FLAT,0.0,-1,0.005512401987857376,0.007406898465629672,0.06976584537694694,SUPPORT,0.5195746476295662,0.021081393803217677,0.03151083107922632,-1.875000000000071,0.00024999999999997247,0.6309599826407668,1,staged_v3,0.09522911039891742,2,1.003464221055279,0.09672068538681716,2,1,0,0
v3_torso_proxy:v3_left_forearm_proxy,286,0.9924438640967029,0.24999999999999467,1.0000000000000002,0.0,0.3649913299072258,FLAT,0.0,-1,0.028494947724952962,0.016297915827571226,0.10993599266710391,SUPPORT,0.2953638707065734,0.01419888380578397,0.026593577933759972,0.18849555921538763,1.0000000000000002,0.08487486815783517,0,ok,0.04202664760713131,0.6679617261744941,FLAT,0.0,-1,0.0030860049184599017,0.05258825074152096,0.08395847895385261,SUPPORT,0.5277535632115551,0.0,0.03397034385556528,2.500000000000002,0.0012499999999999734,0.6322099826407668,0,staged_v3,0.1733347040422621,2,1.0004413666666023,0.13912638603918312,2,1,0,0
v3_pelvis_proxy:v3_left_hand_proxy,287,0.97021484375,0.44999999999999485,0.97021484375,0.0,0.3828155737621527,FLAT,0.0,-1,0.04049965800384182,0.09154937484487584,0.11244906658840144,SUPPORT,0.32629109656525873,0.0,0.048839065606549915,0.18288118953172616,0.97021484375,0.0784655221160995,0,ok,0.06766805096472721,0.6763282218463407,FLAT,0.0,-1,0.015449629953711574,0.00419228152002139,0.09470916997478515,SUPPORT,0.5166459113241901,0.025543176978717868,0.044635194475410714,2.500000000000002,0.0022499999999999742,0.6344599826407668,1,staged_v3,0.2940351434187421,2,1.0031316540352708,0.2940351434187421,2,1,0,0
v3_pelvis_proxy:v3_left_hand_proxy,288,0.3372786769903375,0.24999999999999467,1.0000000000000002,0.1284161963136709,0.414428663458461,FLAT,0.0,-1,0.037602860136531996,0.003597000159004435,0.11412964444957982,SUPPORT,0.351032877252207,0.02710948206347456,0.04202004859586425,0.18849555921538763,1.0000000000000002,0.09717791110856347,0,ok,0.009076486878739593,0.6663878953617617,FLAT,0.0,-1,0.024942374066506748,0.002967073963562783,0.10243720298337872,SUPPORT,0.5071250668493058,0.027154786185606156,0.033381079529555435,-2.500000000000002,0.0012499999999999734,0.6357099826407667,0,staged_v3,0.34281797943111836,2,0.9844033683688632,0.3423590090738335,2,0,0,0
v3_pelvis_proxy:v3_left_hand_proxy,289,0.04056638195094763,0.04999999999999449,0.23634963890153743,0.1271090476950047,0.44917046171077557,FLAT,0.0,-1,0.03675537119896441,0.003634372537323836,0.11404216502035663,UNLOADING,0.30088532335903456,0.027067735713694,0.0417478094112544,0.044550857355100226,0.23634963890153743,0.09848273430173321,0,ok,0.007985437853065776,0.6491480799406711,FLAT,0.0,-1,0.03016412049405944,0.0015895139680334744,0.10756003411303774,SUPPORT,0.5178093061644777,0.028788487737618416,0.032126232279994726,-2.500000000000002,0.00024999999999997247,0.6359599826407667,1,staged_v3,0.24226313309004618,2,0.9797100539167689,0.2372826341340376,2,0,0,0
v3_pelvis_proxy:v3_left_hand_proxy,290,0.21744705715065357,0.15000000000000568,1.0000000000000002,0.1324646994266015,0.5030614913441998,FLAT,0.0,-1,0.027642081902504986,0.03001568388215439,0.11006165090532956,UNLOADING,0.2579017057363153,0.00048739866311208954,0.06295875752318232,0.18849555921538763,1.0000000000000002,0.058572929581375666,0,ok,0.08931483864033893,0.6310677352459291,FLAT,0.0,-1,0.03428831544240845,0.047286862537516135,0.07707013220837641,SUPPORT,0.5278000684583691,0.0,0.061685068025896364,-2.500000000000002,-0.0007500000000000284,0.6352099826407667,0,staged_v3,0.12667403634680754,2,0.9920341790610943,0.12451956766193946,2,0,0,0
