active_collision_pair,frame_idx,frame_root_angular_budget_usage,frame_root_z_budget_usage,frame_velocity_budget_usage_max,left_anchor_error_xy,left_contact_confidence,left_contact_phase,left_contact_slack,left_elbow_branch_sign,left_foot_vxy,left_heel_height,left_liftoff_probability,left_load_phase,left_lock_weight,left_swing_clearance_error,left_toe_height,max_joint_delta,max_joint_velocity_ratio,min_self_collision_distance,qp_resolve_count,qp_status,right_anchor_error_xy,right_contact_confidence,right_contact_phase,right_contact_slack,right_elbow_branch_sign,right_foot_vxy,right_heel_height,right_liftoff_probability,right_load_phase,right_lock_weight,right_swing_clearance_error,right_toe_height,root_ddz,root_dz,root_z,safety_backtracked,solver_mode,stage_a_high_priority_error,stage_a_iterations,stage_b_detail_error,stage_b_high_priority_error,stage_b_iterations,stage_b_rejected,stage_c_iterations,stage_c_triggered
v3_pelvis_proxy:v3_left_hand_proxy,0,0.9999999999999999,1.0000000000000009,1.0,0.0,0.21898645846368348,AIR,0.0,-1,0.0,0.0866273766220284,0.0011564395286849279,UNLOADED,0.04374664277337387,0.0,0.1197109996670861,0.1884955592153876,1.0,0.042229432241750256,0,ok,0.0,0.21229004262780823,AIR,0.0,1,0.0,0.1028725296674839,0.003186664223192333,UNLOADED,0.04232270910880525,0.0,0.0873998420801042,0.0,-0.0050000000000000044,0.745,0,staged_v3,0.631095608047312,2,1.1377633680270305,0.6095697364969269,2,0,0,0
v3_pelvis_proxy:v3_left_hand_proxy,1,1.0,1.0000000000000009,1.0,0.0,0.37525827233709996,AIR,0.0,-1,0.005589951240809244,0.08875317451730208,0.0021644449634366024,UNLOADED,0.1098865235106095,0.0,0.1314853597343824,0.1884955592153876,1.0,0.04443648278755481,0,ok,0.0,0.35665499918955196,AIR,0.0,1,0.011710574489433695,0.09160768276266919,0.005470008915394942,UNLOADED,0.1047989859198972,0.0,0.09205178571837322,0.0,-0.0050000000000000044,0.74,0,staged_v3,0.5234706027375163,2,1.0849245276262725,0.5181497284985426,2,0,0,0
v3_torso_proxy:v3_left_forearm_proxy,2,0.9999999999999999,1.0000000000000009,0.9999999999999999,0.0,0.4920307607024069,FLAT,0.0,-1,0.008159204679894347,0.08952026524649132,0.007697772692231748,UNLOADED,0.1855578627582744,0.0,0.12548240018199797,0.18849555921538758,0.9999999999999999,0.04976323399106443,0,ok,0.0,0.4609245767236539,FLAT,0.0,-1,0.01806280255465989,0.07466972664076527,0.007936536735831484,UNLOADED,0.17529247511352558,0.0,0.09527469535014715,0.0,-0.0050000000000000044,0.735,0,staged_v3,0.43948455793706137,2,0.9735868384839245,0.43816016106474104,2,0,0,0
v3_torso_proxy:v3_left_forearm_proxy,3,1.0000000000000007,1.0000000000000009,0.521282888463773,0.0,0.5888727656420993,FLAT,0.0,-1,0.007680173922026104,0.08768875962367911,0.011662575261579622,UNLOADED,0.2648472887452803,0.0,0.11440871667937616,0.09825950957039142,0.521282888463773,0.049634161264029794,0,ok,0.0,0.5400848056427507,FLAT,0.0,-1,0.021012414735488087,0.06412897278627396,0.010679466467973683,UNLOADED,0.24709737770502585,0.0,0.0948201427521562,0.0,-0.0050000000000000044,0.73,0,staged_v3,0.36438758376004754,2,0.8512321010747113,0.3651659342409055,2,0,0,0
v3_torso_proxy:v3_left_forearm_proxy,4,1.0000000000000007,1.0000000000000009,0.5144238633700731,0.0,0.6668716845297503,FLAT,0.0,-1,0.007658838514429402,0.08178358105869318,0.014503480442760782,UNLOADED,0.34331777581529266,0.0,0.10436323009305505,0.09696661379968208,0.5144238633700731,0.05234459157434149,0,ok,0.0,0.6006823261694703,FLAT,0.0,-1,0.022483359482436585,0.05773563740507713,0.012644861503757347,UNLOADED,0.31629525843348116,0.0,0.0922902359065859,0.0,-0.0050000000000000044,0.725,0,staged_v3,0.2944409646526639,2,0.8161649082188558,0.29561742300352406,2,0,0,0
v3_torso_proxy:v3_left_forearm_proxy,5,0.9999999999999992,1.0000000000000009,0.6366134035455853,0.022979324360428013,0.7280703176294376,FLAT,0.0,-1,0.006436167240251132,0.07489457118533702,0.016855770846033357,SUPPORT,0.4178138468913695,0.0,0.09736668141914019,0.11999879950533632,0.6366134035455853,0.056583868725508316,0,ok,0.011845264478004595,0.6599741085266366,FLAT,0.0,-1,0.014840579997888754,0.05270346625293937,0.014368988303221848,SUPPORT,0.38313439640294256,0.0,0.08907220324600756,0.0,-0.0050000000000000044,0.72,0,staged_v3,0.22618779001581604,2,0.8473347621726822,0.2267934019619763,2,0,0,0
v3_torso_proxy:v3_left_forearm_proxy,6,0.8483943511899659,1.0000000000000009,0.7157365875454971,0.0453190810394706,0.7766757446047288,FLAT,0.0,-1,0.0071795015539213025,0.06793287175904833,0.04709384722039202,SUPPORT,0.4540873528213775,0.0,0.09251422302587858,0.1349131683203017,0.7157365875454971,0.0611029110227302,0,ok,0.020501585788193763,0.7104874547581906,FLAT,0.0,-1,0.010879449365826388,0.04851064972230715,0.04431009630137962,SUPPORT,0.4348968710830564,0.0,0.08524600840437699,0.0,-0.0050000000000000044,0.715,0,staged_v3,0.1819936021583091,2,0.8894163130303796,0.1688719637977665,2,0,0,0
v3_torso_proxy:v3_right_forearm_proxy,7,0.5203945570672787,1.0000000000000009,0.64074458030604,0.06048939606176622,0.8135096381086209,FLAT,0.0,-1,0.006437012726207999,0.06163192154251029,0.06901374949050323,SUPPORT,0.45350344527546643,0.0,0.08808873931981828,0.12077750797901585,0.64074458030604,0.06121425289408011,0,ok,0.0369665919702551,0.7586327704713339,FLAT,0.0,-1,0.003893429366035624,0.04560127346851756,0.06586366886087155,SUPPORT,0.4677171775164433,0.0,0.08156251812234824,0.0,-0.0050000000000000044,0.71,0,staged_v3,0.1423245894247244,2,0.939997010062527,0.13197822577587298,2,0,0,0
v3_torso_proxy:v3_right_forearm_proxy,8,0.3794155672513164,1.0000000000000009,0.561828678895234,0.0771833636213127,0.8394438148408834,FLAT,0.0,-1,0.009424813971889344,0.05616348399327806,0.08488071421852302,SUPPORT,0.45300295309325694,0.0,0.08386163982157017,0.10590221101159958,0.561828678895234,0.06229626863708862,0,ok,0.0565461632095196,0.7910837464810831,FLAT,0.0,-1,0.008892487120293877,0.04357098359039052,0.08137555227973897,SUPPORT,0.4651861521569514,0.0,0.0788882798489087,0.0,-0.0050000000000000044,0.705,0,staged_v3,0.1120417878321555,2,0.9785814099019506,0.1048002810082258,2,0,0,0
v3_torso_proxy:v3_right_forearm_proxy,9,0.2371832883978546,1.0000000000000009,0.4559062794479301,0.09613101207680598,0.8038141530639307,FLAT,0.0,-1,0.0433690233539233,0.0510530148397221,0.09514432913095774,SUPPORT,0.4525739597942202,0.0,0.07975030700099803,0.08593630909434435,0.4559062794479301,0.06425531129978626,0,ok,0.07684091149951706,0.7873250535780167,FLAT,0.0,-1,0.028342488808654972,0.041721923074257275,0.09245653834901602,SUPPORT,0.4630167018488155,0.0,0.0771361032740944,0.0,-0.0050000000000000044,0.7,0,staged_v3,0.09152649385059076,2,1.0057231201848074,0.08767690112234852,2,0,0,0
v3_torso_proxy:v3_right_forearm_proxy,10,0.13013894807457865,1.0000000000000009,0.33950320690108926,0.11006666656490353,0.7912427064084113,FLAT,0.0,-1,0.03658985329375667,0.04361143887174122,0.10175165965196761,UNLOADING,0.3879205369664745,0.0,0.07276816716013494,0.06399484684023826,0.33950320690108926,0.06676838944995182,0,ok,0.08982414410128539,0.7758661876632145,FLAT,0.0,-1,0.03522568513183864,0.04041638546247839,0.09772768412414799,SUPPORT,0.4611571730132704,0.0,0.07584980183834492,0.0,-0.0050000000000000044,0.695,0,staged_v3,0.0804427176695605,2,1.021281576176498,0.0788247057985371,2,0,0,0
v3_torso_proxy:v3_right_forearm_proxy,11,0.05753295219719125,1.0000000000000009,0.24848581637706815,0.10968909281150269,0.7965373198746799,FLAT,0.0,-1,0.02684004657689594,0.03759296208816462,0.10658023465896077,UNLOADING,0.3325033173998353,0.0,0.0668491549227066,0.04683847291508758,0.24848581637706815,0.06869123902885063,0,ok,0.08892873547483342,0.792479984856155,FLAT,0.0,-1,0.017175143576944163,0.037534526329535266,0.07271447010151373,SUPPORT,0.4595632911542318,0.0,0.07309993505201476,0.0,-0.0050000000000000044,0.69,0,staged_v3,0.07468015498532646,2,1.0307711027832254,0.07426995219849247,2,0,0,0
v3_torso_proxy:v3_right_forearm_proxy,12,0.025106738623724437,1.0000000000000009,0.1995047446965673,0.11007125307035323,0.7865200550248952,FLAT,0.0,-1,0.03165629481472237,0.03332114254244331,0.10768731851778801,UNLOADING,0.28500284348557314,0.0,0.06262113360793328,0.037605758417702584,0.1995047446965673,0.06964497259769215,0,ok,0.08845037528597255,0.8148424771113061,FLAT,0.0,-1,0.0073851065981502305,0.03339116990758196,0.0545554466305529,SUPPORT,0.45819710670362723,0.0,0.0692771316882703,0.0,-0.0050000000000000044,0.6849999999999999,0,staged_v3,0.07030392138948408,2,1.0353408474912233,0.0717420487132649,2,0,0,0
v3_torso_proxy:v3_right_forearm_proxy,13,0.12143966562572167,1.0000000000000009,0.15451262024804163,0.10717678942310864,0.8072769284797863,FLAT,0.0,-1,0.017215389382659985,0.032968686658765206,0.1074163538751198,UNLOADING,0.2442881515590627,0.0,0.06006574499388344,0.02912494275948943,0.15451262024804163,0.06960661530907608,0,ok,0.0871526205034084,0.8424603202896472,FLAT,0.0,-1,0.004205961520333463,0.027081621510026337,0.04159182882125335,SUPPORT,0.4570260914602519,0.0,0.06348075506304483,0.0,-0.0050000000000000044,0.6799999999999999,0,staged_v3,0.06737159987659762,2,1.0327800944248704,0.06867593653674438,2,1,0,0
v3_torso_proxy:v3_right_forearm_proxy,14,0.026974441127277645,1.0000000000000009,0.1023762702474895,0.10715776618727398,0.8346779839149575,FLAT,0.0,-1,0.007327289146663041,0.029405584446081975,0.10732103074963842,UNLOADING,0.2093898441934823,0.0009604670913999462,0.057255846856142156,0.01929747231068618,0.1023762702474895,0.06958932110458789,0,ok,0.08729234090010952,0.8595914259259055,FLAT,0.0,-1,0.007267553734493496,0.022736323131584215,0.03249925929693067,SUPPORT,0.4560223641087874,0.0038886398332623195,0.05940142036845175,0.0,-0.0050000000000000044,0.6749999999999999,0,staged_v3,0.06808634522101159,2,1.0314078308365506,0.06960240893643793,2,1,0,0
v3_torso_proxy:v3_right_forearm_proxy,15,0.04269222169340119,1.0000000000000009,0.1578683281047723,0.10612765423754635,0.8617494019462445,FLAT,0.0,-1,0.0017582439674797112,0.027883119482382635,0.10785878125367178,UNLOADING,0.17947700930869911,0.0025098195803009565,0.05508242259253876,0.029757478788507347,0.1578683281047723,0.06956380569165088,0,ok,0.08760187033960548,0.861110259028496,FLAT,0.0,-1,0.013866607716811705,0.017704639143253945,0.02830422598977193,SUPPORT,0.45516202637896064,0.008710572156234653,0.0542351374480682,0.0,-0.0050000000000000044,0.6699999999999999,0,staged_v3,0.07106280614404481,2,1.0330879286724277,0.07280797615000127,2,1,0,0
v3_torso_proxy:v3_right_forearm_proxy,16,0.01485446370239807,1.0000000000000009,0.14838285598344347,0.10496798584151582,0.8769000489074517,FLAT,0.0,-1,0.00807747866452834,0.02606730526024972,0.10836988999268761,UNLOADING,0.15383743655031354,0.004351189239384663,0.05273175716106286,0.0279695094165755,0.14838285598344347,0.069385819130202,0,ok,0.08740407205305581,0.8726542846073463,FLAT,0.0,-1,0.005838772565619058,0.012435913919909308,0.025437534771345027,SUPPORT,0.4544245940391091,0.013835962818657944,0.048992700063949075,0.0,-0.0050000000000000044,0.6649999999999999,0,staged_v3,0.07337696413756745,2,1.0345855092258338,0.07455266182037143,2,1,0,0
v3_torso_proxy:v3_right_forearm_proxy,17,0.08131702289679421,1.0000000000000009,0.2622814530632697,0.10430457574761534,0.8986223740933013,FLAT,0.0,-1,0.00200868646987489,0.023143305072365124,0.10938727353666126,UNLOADING,0.13186065990026874,0.007326058604467941,0.04978682260230455,0.04943888916698547,0.2622814530632697,0.06954121305284101,0,ok,0.08782285785176094,0.8895542384242885,FLAT,0.0,-1,0.0020087544788589106,0.00732719285814851,0.02359865644379939,SUPPORT,0.45379250917637926,0.01885273996404146,0.043637756186079985,0.0,-0.0050000000000000044,0.6599999999999999,0,staged_v3,0.07795607182472948,2,1.0383193424692003,0.07964994969418952,2,0,0,0
v3_torso_proxy:v3_right_forearm_proxy,18,0.03187420021790945,1.0000000000000009,0.6117437270644437,0.10382389184045354,0.9180548252055687,FLAT,0.0,-1,0.0005407640076295497,0.017895105887325288,0.11017782249470906,UNLOADING,0.11302342277165892,0.012613785237410167,0.044787243699745516,0.11531097592951775,0.6117437270644437,0.07047094407306896,0,ok,0.0835160249506725,0.9005704362600031,FLAT,0.0,-1,0.0035599161867865964,0.014789177946584655,0.02219217263688549,SUPPORT,0.45325072215118223,0.01132043068525962,0.05035394680967244,0.0,-0.0050000000000000044,0.6549999999999999,0,staged_v3,0.08631533955620375,2,1.0393710785342911,0.08128906033116706,2,0,0,0
v3_torso_proxy:v3_right_forearm_proxy,19,0.08867955479261372,1.0000000000000009,0.22098072888216996,0.1037664940232842,0.9305251600841011,FLAT,0.0,-1,0.0019964034427812495,0.013072657401663672,0.11071437922097274,UNLOADING,0.09687721951856479,0.017463061559384967,0.040531273568663095,0.04165388606646858,0.22098072888216996,0.07171762580167294,0,ok,0.0845447933392028,0.9039010516640158,FLAT,0.0,-1,0.007168929401655661,0.005505051627048373,0.02123971393936271,SUPPORT,0.4527863332724419,0.020556934069919763,0.04158645458253257,0.0,-0.0050000000000000044,0.6499999999999999,0,staged_v3,0.07912654256541704,2,1.0388460959580708,0.07943315346229031,2,1,0,0
v3_pelvis_proxy:v3_right_hand_proxy,20,1.0,0.8000000000000007,0.9999998399810153,0.1992096485976495,0.9346004323186826,FLAT,0.0,-1,0.002255693563567728,0.08764193168919183,0.11083639117279423,UNLOADING,0.0830376167301984,0.0,0.06471662672242937,0.1884955290525196,0.9999998399810153,0.015914819598574152,0,ok,0.20910485275281426,0.8996460415036839,FLAT,0.0,-1,0.011763462452549448,0.030631930654845874,0.020439601947769837,SUPPORT,0.45238828566209305,0.011577237394738954,0.01444474270264954,2.500000000000002,-0.0040000000000000036,0.6459999999999999,0,staged_v3,0.23691381616764956,2,1.0374288743445714,0.13891763147723452,2,0,1,1
v3_pelvis_proxy:v3_right_hand_proxy,21,0.026245117187499986,0.015747070312510658,0.02624511718749999,0.19439791574640794,0.9338927117301853,FLAT,0.0,-1,0.006094938671561834,0.08704289783865288,0.1106695369924866,UNLOADING,0.07117510005445576,0.0,0.06197854313239112,0.004947088040931191,0.02624511718749999,0.017404860443558816,0,ok,0.20531305834757618,0.8944134365528088,FLAT,0.0,-1,0.01228314409375189,0.028190119069242695,0.019595307659027686,SUPPORT,0.4520471019960798,0.013260047040234878,0.012719718342716506,9.803161621093626,-7.873535156255329e-05,0.6459212646484374,1,staged_v3,0.33275667750936494,2,1.0459567219988546,0.3307478460811628,2,1,1,1
v3_pelvis_proxy:v3_left_hand_proxy,22,0.9999999999999999,0.18425292968748952,1.0,0.07325809293407433,0.9260949707498862,FLAT,0.0,-1,0.013124358062616297,0.05384765874273546,0.11047411641234564,UNLOADING,0.06100722861810494,0.02349248669596467,0.007031219124652613,0.1884955592153876,1.0,0.02834966389265002,0,ok,0.18294258678947978,0.8673354896904257,FLAT,0.0,-1,0.02946623892557912,0.038881818007849844,0.016895184282150633,SUPPORT,0.4517546588537827,0.01063460798215005,0.015210151231957483,2.500000000000002,0.0009212646484374476,0.6468425292968748,0,staged_v3,0.32171407933301605,2,1.0779812882327744,0.14505920776742248,2,0,1,1
v3_pelvis_proxy:v3_left_hand_proxy,23,0.9999999999999999,0.3842529296874897,1.0,0.3133024479540471,0.92148303696606,FLAT,0.0,-1,0.009286689589233631,0.13778182227959682,0.11012223473385736,SUPPORT,0.13880578289448398,0.0,0.1646180610055456,0.1884955592153876,1.0,0.04227025800864194,0,ok,0.3199003093391368,0.8724351859658359,FLAT,0.0,-1,0.008436540057522108,0.08511753971907268,0.014532732724648115,SUPPORT,0.4515039933032423,0.0,0.040653213900949205,2.500000000000002,0.0019212646484374485,0.6487637939453123,0,staged_v3,0.38844143308562956,2,1.0133277698575744,0.39027366786405643,2,1,1,1
v3_pelvis_proxy:v3_left_hand_proxy,24,0.9579303374615515,0.5842529296874899,0.9999996470321566,0.22498235194834845,0.9108673658988318,FLAT,0.0,-1,0.016625019333971664,0.05103845641899939,0.10955737225868403,UNLOADING,0.11897638533812913,0.0,0.08234467056700538,0.18849549268251659,0.9999996470321566,0.04293593448790681,0,ok,0.26460735047209083,0.8668136458536155,FLAT,0.0,-1,0.015496185638067778,0.09686675382635118,0.04032992868170584,UNLOADING,0.3870034228313506,0.0,0.028867793431302607,2.500000000000002,0.0029212646484374494,0.6516850585937497,0,staged_v3,0.38249868224724737,2,1.0088179563383135,0.3839094639494567,2,1,0,0
v3_pelvis_proxy:v3_left_hand_proxy,25,0.42309570312499994,0.78425292968749,0.42309570312500006,0.19071417242251615,0.8995167327666155,FLAT,0.0,-1,0.014867254092744907,0.03733807533768198,0.08335711530434149,UNLOADING,0.10197975905093622,0.0,0.04425010551411198,0.0797516611621745,0.42309570312500006,0.03297449280948046,0,ok,0.15381004247842983,0.8699616292438341,FLAT,0.0,-1,0.010884486838415306,0.026126862664538307,0.031441731664643514,UNLOADING,0.33171721956981176,0.025784489426536505,0.0007875971566956722,2.500000000000002,0.00392126464843745,0.6556063232421872,1,staged_v3,0.2525295320006481,2,1.015511226671661,0.2340111423863511,2,0,1,1
v3_pelvis_proxy:v3_left_hand_proxy,26,0.5933837890624998,0.9842529296874902,0.5933837890625,0.13151217298456425,0.9061956128669075,FLAT,0.0,-1,0.007662883407381117,0.06389266941957666,0.06448530677730296,UNLOADING,0.08741128021768452,0.0,0.04960479413969596,0.11185020914868153,0.5933837890625,0.012039034386323325,0,ok,0.14829250129402563,0.8776827918325938,FLAT,0.0,-1,0.008194123246221877,0.0007009753772007641,0.024998372534681255,UNLOADING,0.28433854069899583,0.0255489432495333,0.0008674473265338151,2.500000000000002,0.004921264648437451,0.6605275878906246,1,staged_v3,0.23350660150856786,2,1.0622645328475053,0.12003243675563109,2,0,1,1
v3_pelvis_proxy:v3_left_hand_proxy,27,0.9995001374219865,0.78425292968749,0.792387143999395,0.09383431165914524,0.9145471325076978,FLAT,0.0,-1,0.004832672439528679,0.02826672649927736,0.050911443247627586,SUPPORT,0.15992902417414762,0.0,0.04045205312504255,0.14936145782324983,0.792387143999395,0.01859343842318833,0,ok,0.0679897792926355,0.8879556038602765,FLAT,0.0,-1,0.004204713270823294,0.008877296648433789,0.020381503972791808,SUPPORT,0.31747083255919667,0.017141778550205804,0.03472472009823396,-2.500000000000002,0.00392126464843745,0.664448852539062,0,staged_v3,0.1436513166959131,2,1.03449157465068,0.14452886382738847,2,1,0,0
v3_pelvis_proxy:v3_left_hand_proxy,28,0.844015398080215,0.5842529296874899,0.8862961833894668,0.11198122292489869,0.9239469590785417,FLAT,0.0,-1,0.002842794347085193,0.019471655140883202,0.06953124865603821,UNLOADING,0.13708202072069797,0.009004907291918711,0.045719618365566955,0.16706289471846128,0.8862961833894668,0.05127649313947755,0,ok,0.087554299228464,0.8958953424658613,FLAT,0.0,-1,0.0049466512488683225,0.01415558911072334,0.045420242034015304,SUPPORT,0.3439766660473573,0.013115422990977427,0.05380192839594952,-2.500000000000002,0.0029212646484374494,0.6673701171874995,0,staged_v3,0.15037743082786376,2,1.0227542893769606,0.1520623594802225,2,0,0,0
v3_pelvis_proxy:v3_left_hand_proxy,29,0.035650353426956896,0.3842529296874897,0.42863054823772606,0.1076549571404589,0.9233862039594002,FLAT,0.0,-1,0.009004390786046574,0.027557165727306095,0.08291440778318909,UNLOADING,0.11749887490345541,0.0015885546618533593,0.05442352389135602,0.08079495488686834,0.42863054823772606,0.05438893985886614,0,ok,0.08814287981593925,0.8936549246213938,FLAT,0.0,-1,0.00949211966487256,0.01478930198463509,0.035014412889516525,SUPPORT,0.36518133283788584,0.011961418659840739,0.05446573260885778,-2.500000000000002,0.0019212646484374485,0.669291381835937,0,staged_v3,0.13252491769347688,2,1.0179820904331893,0.11784135763332428,2,0,0,0
v3_pelvis_proxy:v3_left_hand_proxy,30,0.14250350446468726,0.18425292968748952,0.10773389238185038,0.10674987092875078,0.9287979706002738,FLAT,0.0,-1,0.004845131720363578,0.02718460938707962,0.09263213876833952,UNLOADING,0.10071332134581892,0.002446997551337357,0.05553550311877675,0.020307360290967275,0.10773389238185038,0.05386775494884072,0,ok,0.08725661352162606,0.9002326285661371,FLAT,0.0,-1,0.0042044596706406236,0.01615963715752126,0.027558310495001882,SUPPORT,0.3821450662703087,0.010218278367228835,0.056129993600166336,-2.500000000000002,0.0009212646484374476,0.6702126464843744,0,staged_v3,0.07113738726457225,2,1.020282792317536,0.0729456739655957,2,1,0,0
v3_pelvis_proxy:v3_left_hand_proxy,31,0.022875928696387184,0.015747070312510658,0.04914248747754347,0.10634977060358075,0.9180678918584657,FLAT,0.0,-1,0.014516210058101732,0.027534855620711837,0.09979137427520018,UNLOADING,0.08632570401070194,0.002454713093048174,0.05578326936521047,0.009263140658314739,0.04914248747754347,0.05343467756675821,0,ok,0.0873627132142477,0.9020231126658398,FLAT,0.0,-1,0.007275539743930304,0.016648561514855928,0.02221577967448794,SUPPORT,0.39571605301624696,0.009462227468868472,0.056429389295162266,-2.500000000000002,-7.873535156255329e-05,0.6701339111328118,0,staged_v3,0.07031098724382578,2,1.020062817294513,0.07219984591131812,2,1,0,0
v3_pelvis_proxy:v3_left_hand_proxy,32,0.025809279839938255,0.21574707031251084,0.11453230385127666,0.10597582857068169,0.8803476589325964,FLAT,0.0,-1,0.03319404742382413,0.029396324199898925,0.10233795739701364,UNLOADING,0.07399346058060166,0.0007205736699517594,0.05671855796649004,0.021588830662673086,0.11453230385127666,0.05258082641883498,0,ok,0.0876200057542012,0.8896201647333949,FLAT,0.0,-1,0.017422646171633922,0.01515769766185093,0.01713834812395019,SUPPORT,0.40657284241299757,0.01069921974434658,0.05495665040907465,-2.500000000000002,-0.0010787353515625542,0.6690551757812493,0,staged_v3,0.0719002766675279,2,1.0201289010310721,0.07265892818980223,2,1,0,0
v3_pelvis_proxy:v3_left_hand_proxy,33,0.051431443357707704,0.415747070312511,0.10035235794119768,0.10556598267265177,0.875726616809649,FLAT,0.0,-1,0.015863281658302832,0.027810662348427804,0.10332609800970131,UNLOADING,0.06342296621194428,0.0023556425520572626,0.055236594238368866,0.0189159738287088,0.10035235794119768,0.05117235663942872,0,ok,0.08766338079124537,0.8946388731617168,FLAT,0.0,-1,0.005943935907227641,0.013580817619210966,0.013500209440694676,SUPPORT,0.41525827393039805,0.01209419285282377,0.05309089183208571,-2.500000000000002,-0.002078735351562555,0.6669764404296867,0,staged_v3,0.07400959151312476,2,1.0189424409463166,0.07517572520879173,2,1,0,0
v3_pelvis_proxy:v3_left_hand_proxy,34,0.0074544263705230455,0.6157470703125112,0.09910025140300507,0.10511416352725296,0.8970684936764459,FLAT,0.0,-1,0.001340615773421056,0.025583471765809208,0.10382520884886817,UNLOADING,0.054362542467380814,0.004607788676634202,0.052808982261193384,0.01867995730659494,0.09910025140300507,0.049764610860678876,0,ok,0.08742050953585091,0.9002043401587182,FLAT,0.0,-1,0.005604981413696964,0.010459351094405215,0.011023517439113697,SUPPORT,0.42220661914431845,0.015091824777550472,0.0499705502333876,-2.500000000000002,-0.003078735351562556,0.6638977050781242,0,staged_v3,0.07431926474473059,2,1.01841562213763,0.07631241639534038,2,1,0,0
v3_pelvis_proxy:v3_left_hand_proxy,35,0.014709516969155971,0.8157470703125114,0.11369915863757184,0.10430728672004308,0.9007468102440654,FLAT,0.0,-1,0.008607982862536794,0.024182383542929554,0.10425568221385834,UNLOADING,0.0465964649720407,0.006030400567763366,0.050822620689414136,0.02143178648970817,0.11369915863757184,0.048552787779167786,0,ok,0.08753743391470667,0.899009712948303,FLAT,0.0,-1,0.008607979956025372,0.005944995853129086,0.009307279885388655,SUPPORT,0.42776529531545476,0.01952036814114035,0.04546772479951896,-2.500000000000002,-0.004078735351562557,0.6598189697265616,0,staged_v3,0.077131103962256,2,1.0177261703118718,0.07771471054417384,2,1,0,0
v3_pelvis_proxy:v3_right_hand_proxy,36,0.6765211827263647,1.0000000000000009,0.9999968102275129,0.09071790736685377,0.9131775501232038,FLAT,0.0,-1,0.002066433445063498,0.02612972648527281,0.10451426755504745,UNLOADING,0.03993982711889203,0.004095986892479562,0.026883340157317744,0.18849495795743887,0.9999968102275129,0.02748113342158663,0,ok,0.09695945404419908,0.9089160866752543,FLAT,0.0,-1,0.0023478689966977824,0.03229638600001709,0.008138474507645033,SUPPORT,0.4322122362523638,0.0,0.0638516918302396,-2.303161621093619,-0.0050000000000000044,0.6548189697265616,0,staged_v3,0.12008175806733833,2,1.0061091808805838,0.11047676178697165,2,0,0,0
v3_pelvis_proxy:v3_right_hand_proxy,37,0.450008943861315,1.0000000000000009,0.7076502335905828,0.10335796596954241,0.9175997360071427,FLAT,0.0,-1,0.006748038144761436,0.007014600122171196,0.10466192359773736,UNLOADING,0.03423413753047889,0.023218496057715674,0.033985618312956524,0.13338892650955655,0.7076502335905828,0.03968944903797028,0,ok,0.07974831697809315,0.9103649163909702,FLAT,0.0,-1,0.006748110346560585,0.0146437264813397,0.00726336040779741,SUPPORT,0.43576978900189106,0.010719441539050172,0.045536795816085184,0.0,-0.0050000000000000044,0.6498189697265616,0,staged_v3,0.23177259541219442,2,1.0191673766339613,0.23310035310386315,2,1,0,0
v3_pelvis_proxy:v3_right_hand_proxy,38,0.6677856445312499,0.5342285156249904,0.66778564453125,0.0,0.921415268012691,FLAT,0.0,-1,0.003646812952737541,0.017007718366038874,0.10471182119183278,UNLOADING,0.02934354645469619,0.0218045893527174,0.00843100170687424,0.12587462850192602,0.66778564453125,0.009991550146459569,0,ok,0.018921765219680097,0.9183367289029795,FLAT,0.0,-1,0.001973944948092819,0.017638705760535812,0.006691207787934139,SUPPORT,0.4386158312015129,0.007695854628860896,0.020535534889989628,5.822143554687631,-0.002671142578124952,0.6471478271484367,1,staged_v3,0.2515989688341025,2,0.9972821186281912,0.22330605924260763,2,0,1,1
v3_pelvis_proxy:v3_right_hand_proxy,39,0.20587158203125006,0.33422851562499023,0.20587157663768715,0.0,0.925314845131316,FLAT,0.0,-1,0.005831923333513496,0.027451915908183876,0.10480344149388489,SUPPORT,0.18914257014299157,0.022497636576510254,0.007742535498183992,0.038805877964874363,0.20587157663768715,0.014361783690748024,0,ok,0.05168661495643826,0.9193210011018272,FLAT,0.0,-1,0.005831923333515816,0.0010369148787971747,0.006382651457733774,SUPPORT,0.5092067683267408,0.024282217694089517,0.013148441229889254,2.500000000000002,-0.0016711425781249512,0.6454766845703117,1,staged_v3,0.2705349344870442,2,1.0263504882678842,0.27220514330303375,2,1,1,1
v3_pelvis_proxy:v3_left_hand_proxy,40,0.9999999999999999,0.13422851562499005,1.0000000000000002,0.0,0.9234693001546567,FLAT,0.0,-1,0.00967589732274918,0.12223482544325989,0.10486909030898946,SUPPORT,0.316639239058225,0.0,0.054281376961839684,0.18849555921538763,1.0000000000000002,0.06179856309335227,0,ok,0.15869330304279594,0.9141222163605347,FLAT,0.0,-1,0.007169184488213767,0.06492700802068692,0.03450491038097167,SUPPORT,0.5007486585657779,0.0043662442462316445,0.02235900127281694,2.500000000000002,-0.0006711425781249503,0.6448055419921868,0,staged_v3,0.2747811426857338,2,1.0615730625761646,0.2527088914733057,2,0,1,1
v3_torso_proxy:v3_right_forearm_proxy,41,1.0000000000000002,0.33422851562499023,0.998639783004595,0.2702052431410362,0.9269506479860845,FLAT,0.0,-1,0.005062818212675821,0.005635766668756364,0.10491612974051394,SUPPORT,0.4192511059543646,0.024610039818269334,0.022610171394603605,0.18823916435218446,0.998639783004595,0.06425881248850156,0,ok,0.07067071207598986,0.9093795477908972,FLAT,0.0,-1,0.009526235001721877,0.01165993909776921,0.05419150008200516,UNLOADING,0.4292131359135239,0.016049635906331048,0.028807070452048687,-2.500000000000002,-0.0016711425781249512,0.6431343994140618,0,staged_v3,0.3142504904434765,2,1.038041771249563,0.3142504904434765,2,1,0,0
v3_pelvis_proxy:v3_left_hand_proxy,42,0.4672851562500001,0.13422851562499005,0.46728515624999994,0.1880248331616065,0.9350315600727287,FLAT,0.0,-1,0.0025419477862770727,0.026018216920318,0.07667546185895847,SUPPORT,0.4254008847634917,0.027140813458310084,0.001692959634637844,0.08808117684039352,0.46728515624999994,0.04430797949739812,0,ok,0.11058711313516142,0.9172385640270561,FLAT,0.0,-1,0.002542471047099772,0.02924873007943675,0.0682454542633048,UNLOADING,0.3844576628389014,0.0,0.029500857402750963,2.500000000000002,-0.0006711425781249503,0.6424632568359369,1,staged_v3,0.353862119144004,2,1.0703204019857062,0.3252382510127156,2,0,1,1
v3_pelvis_proxy:v3_left_hand_proxy,43,0.008728027343750092,0.06577148437501013,0.008728027343749993,0.21518498708893438,0.9352099023078694,FLAT,0.0,-1,0.0064301591974194345,0.02556627297089413,0.05641026796878954,SUPPORT,0.43032070781079335,0.026195098802217986,0.0016254145962214918,0.0016451943950073489,0.008728027343749993,0.04480934963678215,0,ok,0.10024855996249228,0.9254034531659678,FLAT,0.0,-1,0.0004758933494576601,0.03005523851220697,0.07823667194149737,UNLOADING,0.32953513957620123,0.0,0.029788523129609133,2.500000000000002,0.0003288574218750506,0.6427921142578119,1,staged_v3,0.296381088107514,2,0.9932073307785781,0.26784013252153427,2,0,1,1
v3_pelvis_proxy:v3_right_hand_proxy,44,1.0,0.2657714843750103,1.0,0.4980005661754409,0.9385589782967285,FLAT,0.0,-1,0.004567235611504306,0.039500582410071795,0.04388422725371516,SUPPORT,0.4342565662486347,0.0,0.0478095782482512,0.1884955592153876,1.0,0.013555860940864604,0,ok,0.1696370236581403,0.9268371218309097,FLAT,0.0,-1,0.004567235611504306,0.030614439180686015,0.08745306320279572,UNLOADING,0.28245869106531535,0.0,0.03452460382576536,2.500000000000002,0.0013288574218750515,0.644120971679687,0,staged_v3,0.2855049844288093,2,0.977331580417921,0.13642483734905203,2,0,1,1
v3_pelvis_proxy:v3_right_hand_proxy,45,0.9999999999999999,0.4657714843750105,1.0,0.19146133252695938,0.9353121305670207,FLAT,0.0,-1,0.008251500351543218,0.0845564657374801,0.03730210615834976,SUPPORT,0.43740525299890776,0.022675295369416346,0.004189809938501145,0.1884955592153876,1.0,0.031213808017992742,0,ok,0.13740455119631725,0.9230969480215576,FLAT,0.0,-1,0.005993242323363008,0.016227445252721597,0.0972897782108087,UNLOADING,0.242107449484556,0.013637043657818839,0.02836801602104211,2.500000000000002,0.0023288574218750524,0.646449829101562,0,staged_v3,0.39357299630080456,2,0.9977578633698102,0.3946399419929668,2,1,1,1
v3_pelvis_proxy:v3_right_hand_proxy,46,0.17431640624999986,0.6657714843750107,0.17431640624999994,0.2774865262307446,0.9303651521223089,FLAT,0.0,-1,0.01007006511372131,0.06548327354109539,0.032822789500313684,SUPPORT,0.4399242023991262,0.02605010887779484,0.0005910305972208459,0.03285786847651043,0.17431640624999994,0.030966150334394177,0,ok,0.13553182475476405,0.9214267096935225,FLAT,0.0,-1,0.0057887974615370074,0.017042229638347936,0.10450321797340484,UNLOADING,0.2075206709867623,0.013182931260322307,0.01905883976362544,2.500000000000002,0.0033288574218750533,0.6497786865234371,1,staged_v3,0.5187740445713068,2,0.994068212514737,0.5205623987588189,2,1,1,1
v3_pelvis_proxy:v3_right_hand_proxy,47,0.7785411198357006,0.49902577116860414,0.83111572265625,0.32259535644042736,0.9361674128205818,FLAT,0.0,-1,0.003605085269138982,0.01993694157134416,0.029892495293450557,SUPPORT,0.441939361919301,0.01927662515969986,0.007217999604972668,0.15666162291479083,0.83111572265625,0.009990241013152462,0,ok,0.08129862458123036,0.9252212604339374,FLAT,0.0,-1,0.003605653706088725,0.04520069370598785,0.10994493124722479,UNLOADING,0.17787486084579626,0.0,0.03071711490666041,-2.0843214150800815,0.0024951288558430207,0.6522738153792801,1,staged_v3,0.26801404890554154,2,0.971140691426633,0.17383853495925108,2,0,1,1
v3_pelvis_proxy:v3_left_hand_proxy,48,0.7131798149943956,0.29902577116860396,1.0,0.37266338637546875,0.932871279761806,FLAT,0.0,-1,0.009138549919113562,0.01885706369393953,0.027889274547084463,SUPPORT,0.4435514895354408,0.007537400033414694,0.04087953925481942,0.1884955592153876,1.0,0.030611627706199518,0,ok,0.10299729050049153,0.9260739806728588,FLAT,0.0,-1,0.005298154400872151,0.0068622934221085445,0.11384872180994454,UNLOADING,0.15246416643925395,0.023830142668388683,0.018961948047557773,-2.500000000000002,0.0014951288558430198,0.6537689442351231,0,staged_v3,0.24802756208093016,2,0.9978834277683212,0.2468284963701267,2,0,0,0
v3_pelvis_proxy:v3_right_hand_proxy,49,0.4182081417008041,0.49902577116860414,1.0,0.5376569703599493,0.9270646138455114,FLAT,0.0,-1,0.010370801777894808,0.015121040900771973,0.026543901587838988,SUPPORT,0.4448411916283527,0.011206154178619976,0.045832168241074576,0.1884955592153876,1.0,0.040369786635113813,0,ok,0.14217031466265678,0.9292294385520237,FLAT,0.0,-1,0.0021437223950641084,0.03517172670114373,0.116658796554671,UNLOADING,0.13068357123364624,0.01376623805614922,0.01706670177158433,2.500000000000002,0.0024951288558430207,0.6562640730909661,0,staged_v3,0.4040745972339277,2,0.9751446823762059,0.404937213809622,2,1,1,1
v3_pelvis_proxy:v3_left_hand_proxy,50,1.0000000000000002,0.6990257711686043,1.0,0.30643789214645395,0.9249929690670037,FLAT,0.0,-1,0.009443460552019781,0.0493738014685096,0.025502398481442853,SUPPORT,0.4458729533026821,0.019124924425752764,0.00715019549831938,0.1884955592153876,1.0,0.029288642839409518,0,ok,0.11302436580210715,0.932897511020649,FLAT,0.0,-1,0.0017976506288464018,0.06456938464530697,0.11867630193525111,UNLOADING,0.11201448962883964,0.0,0.05610555894038623,2.500000000000002,0.0034951288558430216,0.6597592019468091,0,staged_v3,0.45543227228633265,2,0.9853314676017267,0.45679662767259727,2,1,1,1
v3_pelvis_proxy:v3_right_hand_proxy,51,0.5452587673043493,0.49902577116860414,1.0,0.4081895361104414,0.8997721734553322,FLAT,0.0,-1,0.024374732558412188,0.01306725046373221,0.02459404434424319,SUPPORT,0.4466983626421457,0.013162451753479952,0.016590807466294818,0.1884955592153876,1.0,0.01630584542000662,0,ok,0.16382030635381134,0.9094331142148674,FLAT,0.0,-1,0.020450496870337752,0.017740712922114963,0.11988914509986454,UNLOADING,0.09601241968186255,0.013253744332878264,0.03755955152049296,-2.500000000000002,0.0024951288558430207,0.6622543308026522,0,staged_v3,0.45823859374928366,2,0.9795536421177062,0.45512603190654827,2,0,0,0
v3_pelvis_proxy:v3_right_hand_proxy,52,0.2056844850222553,0.29902577116860396,0.6027189975239501,0.4045595522285695,0.8503210063025286,FLAT,0.0,-1,0.040939963300778176,0.009293121994187435,0.021206572204870835,SUPPORT,0.44735869011371654,0.01676720661605611,0.03492182709049806,0.11360985448801479,0.6027189975239501,0.02281094288786418,0,ok,0.14561729098133488,0.8580556391551151,FLAT,0.0,-1,0.04360847666553193,0.013422665974711357,0.11755925660890856,UNLOADING,0.08229635972731077,0.017455296855734072,0.04809204277954782,-2.500000000000002,0.0014951288558430198,0.6637494596584952,0,staged_v3,0.3589014468175262,2,0.9794131725264554,0.3602125722001372,2,1,0,0
v3_pelvis_proxy:v3_right_hand_proxy,53,0.16042297410480635,0.09902577116860378,0.43452834509674376,0.37925075791306734,0.8528020704035042,FLAT,0.0,-1,0.01582432119913133,0.012772006291137814,0.018548759333334344,SUPPORT,0.44788695209097323,0.013155431675528906,0.041880700070787966,0.08190666340394764,0.43452834509674376,0.052043841929831955,0,ok,0.12363446538825576,0.8660795957055583,FLAT,0.0,-1,0.010606567767685234,0.016962181986126253,0.1158086311577475,UNLOADING,0.07053973690912352,0.013828249571761122,0.05403718470526052,-2.500000000000002,0.0004951288558430189,0.6642445885143382,0,staged_v3,0.1590597904413557,2,0.9996445729309743,0.15439128995800191,2,0,0,0
v3_pelvis_proxy:v3_left_hand_proxy,54,0.027860772471927076,0.1009742288313964,0.31289077601406934,0.3573667906827856,0.8615788434341067,FLAT,0.0,-1,0.01361871038775219,0.013296580254004174,0.016651823409349994,SUPPORT,0.4483095616727786,0.012536010916463326,0.0423093872394987,0.058978521798108585,0.31289077601406934,0.054914998382232835,0,ok,0.10308239267393458,0.8784228507420229,FLAT,0.0,-1,0.0037248652796129317,0.021768376098946187,0.11467882529216689,UNLOADING,0.06046263163639159,0.00896556516566216,0.05918134457007033,-2.500000000000002,-0.000504871144156982,0.6637397173701812,0,staged_v3,0.11155100097706928,2,1.006237247592472,0.11233524046807096,2,0,0,0
v3_pelvis_proxy:v3_left_hand_proxy,55,0.0199868953977151,0.3009742288313966,0.2949091897576466,0.34083513968654217,0.8628354140835498,FLAT,0.0,-1,0.008876442567277822,0.012415401943592985,0.015007400503515905,SUPPORT,0.4486476493382229,0.013334968081582813,0.04152546674125234,0.05558907264112445,0.2949091897576466,0.05440554022749913,0,ok,0.08383810361845724,0.8753190591164087,FLAT,0.0,-1,0.013371785149901358,0.022755703698244888,0.1138006430916785,UNLOADING,0.05182511283119279,0.00793432845633904,0.06043470272106771,-2.500000000000002,-0.0015048711441569829,0.6622348462260242,0,staged_v3,0.10702298064955539,2,1.01045509300131,0.1071754261993357,2,0,0,0
v3_pelvis_proxy:v3_left_hand_proxy,56,0.011946052909204814,0.5009742288313968,0.25685515923529906,0.3408982041028384,0.8760628496305705,FLAT,0.0,-1,0.004441372061932467,0.010108149120579536,0.013753412343192639,SUPPORT,0.4489181194705783,0.015579521496580095,0.039399064783085296,0.048416056877415126,0.25685515923529906,0.05366346859682024,0,ok,0.08361759817972766,0.8911911430351007,FLAT,0.0,-1,0.001626442263778269,0.02086444790095362,0.11313834250745979,UNLOADING,0.044421525283879534,0.009792469224419374,0.0588821501987141,-2.500000000000002,-0.0025048711441569838,0.6597299750818673,0,staged_v3,0.10711869457837535,2,1.0125208158940953,0.10726005632684893,2,0,0,0
v3_pelvis_proxy:v3_left_hand_proxy,57,0.009283072878764755,0.7009742288313969,0.2318561452755207,0.3404833121500673,0.8649988419718846,FLAT,0.0,-1,0.019669905773430054,0.006616669392494175,0.013129451360258927,SUPPORT,0.4491344955764626,0.019039803175518774,0.03581250580135564,0.043703853761233424,0.2318561452755207,0.052926445148405665,0,ok,0.08329562967114329,0.8830723905342496,FLAT,0.0,-1,0.015417485629655083,0.01726558901911384,0.11266011697292387,UNLOADING,0.03807559310046817,0.013367416829532356,0.05535974207332416,-2.500000000000002,-0.0035048711441569846,0.6562251039377103,0,staged_v3,0.10705363692785423,2,1.0136718659473523,0.10717999119853298,2,0,0,0
v3_pelvis_proxy:v3_left_hand_proxy,58,0.4025313894765189,0.5890097024544128,0.6537443615080857,0.3154156679093866,0.8740443154641174,FLAT,0.0,-1,0.007957243300339981,0.02466315295476931,0.012423565069162684,SUPPORT,0.4493075964611701,0.0009580252986888249,0.038800707336680375,0.12322790900637312,0.6537443615080857,0.009993250768669436,0,ok,0.0889993152450157,0.8835551283499394,FLAT,0.0,-1,0.011061641017736705,0.016445200687340397,0.11219142698348908,UNLOADING,0.03263622265754415,0.014164370661834059,0.03191083247785361,1.3995565797123022,-0.0029450485122720638,0.6532800554254382,1,staged_v3,0.15245054104758224,2,1.0236795544533293,0.1175968752760318,2,0,1,1
v3_pelvis_proxy:v3_left_hand_proxy,59,0.24284036760792602,0.7890097024544129,0.6051536656893275,0.3393203519099585,0.8634859865768725,FLAT,0.0,-1,0.020362325953061696,0.005172455278416175,0.011411663597938649,SUPPORT,0.4494460771689361,0.02039812790148076,0.034046905189999664,0.1140687786253515,0.6051536656893275,0.015953626278968465,0,ok,0.0,0.8655183165220117,FLAT,0.0,-1,0.02163129462384158,0.009423857227675306,0.11187252097614145,UNLOADING,0.027973905135037842,0.02116976882113177,0.04680860785069897,-2.500000000000002,-0.003945048512272065,0.6493350069131661,0,staged_v3,0.20406929870798446,2,1.0190059649448093,0.20406929870798446,2,1,0,0
v3_pelvis_proxy:v3_left_hand_proxy,60,0.2822265625,0.16623418360286468,0.28222656250000006,0.3869680022203594,0.8621850924111517,FLAT,0.0,-1,0.017101533626527655,0.008927122751953676,0.010092642104003815,SUPPORT,0.44955686173514886,0.016577509353246516,0.03597484615704037,0.05319845372387405,0.28222656250000006,0.030018243211931514,0,ok,0.0,0.8578531839658579,FLAT,0.0,-1,0.019823588535514886,0.00034114929274321835,0.1101162528242263,SUPPORT,0.17505704528287144,0.0301646633484681,0.03541798525384093,7.784693985644353,-0.0008311709180143234,0.6485038359951518,1,staged_v3,0.24156476705126437,2,1.0057666218833488,0.1926487701633873,2,0,1,1
v3_pelvis_proxy:v3_left_hand_proxy,61,0.29646174598467967,0.17786409905566902,0.48565673828125,0.3498552572746452,0.8795568654635206,FLAT,0.0,-1,0.005272697734259542,0.024442219377927468,0.03752692698188907,UNLOADING,0.3853344529158419,0.0024341269711669854,0.03643383181728178,0.09154413846904536,0.48565673828125,0.009991037347996279,0,ok,0.0,0.8790638823478686,FLAT,0.0,-1,0.001404916504705405,0.007821339522619007,0.10882855587187552,SUPPORT,0.2967249621288623,0.02262008827097477,0.02997468768431378,-0.14537394316005425,-0.0008893204952783451,0.6476145154998735,1,staged_v3,0.22414004714906255,2,1.0269512217977006,0.1491720905666885,2,0,1,1
v3_pelvis_proxy:v3_left_hand_proxy,62,0.6528320312499999,0.022135900944331155,0.6528313368201446,0.4406609552345864,0.8969934037906916,FLAT,0.0,-1,0.001794033506078448,0.007634278714528878,0.05781406504293227,UNLOADING,0.3302866739278645,0.020256424537617737,0.03350211607565437,0.12305580790724222,0.6528313368201446,0.029208078562075843,0,ok,0.03391461303707146,0.8938971024674848,FLAT,0.0,-1,0.001794033442666618,0.02065382425845601,0.07941746616618953,SUPPORT,0.40196118161833355,0.008317049049853465,0.03549773415730823,2.500000000000002,0.00011067950472165577,0.6477251950045951,1,staged_v3,0.23599615544524158,2,1.0070491915684003,0.23730825777887235,2,1,1,1
v3_pelvis_proxy:v3_left_hand_proxy,63,0.9999999999999999,0.22213590094433133,0.9999999999999999,0.556050122828529,0.9036192059715387,FLAT,0.0,-1,0.0055390436401779285,0.10452567163562293,0.07316981295623931,UNLOADING,0.283102863366741,0.0,0.13783942371997215,0.18849555921538758,0.9999999999999999,0.028924760981838007,0,ok,0.11765425962483646,0.8941020734033134,FLAT,0.0,-1,0.008494243875666637,0.02330003120642406,0.058468259196664304,SUPPORT,0.4278465329760889,0.01543862249496918,0.012484790464864039,2.500000000000002,0.0011106795047216567,0.6488358745093168,0,staged_v3,0.20485490081132005,2,1.0024074510049208,0.20485490081132005,2,1,1,1
v3_pelvis_proxy:v3_left_hand_proxy,64,0.4266967773437501,0.4221359009443315,0.34380945206266045,0.5082466863638946,0.8971641189306723,FLAT,0.0,-1,0.012441300755945317,0.09697704537251607,0.08416291657075323,UNLOADING,0.2426595971714923,0.0,0.12123117630707045,0.06480655493008718,0.34380945206266045,0.025902616550645706,0,ok,0.09827559351080975,0.90407462925998,FLAT,0.0,-1,0.0017146103349087918,0.006454424309604282,0.04343064595051026,SUPPORT,0.4322772263808711,0.02071710798792123,0.015240694563091801,2.500000000000002,0.0021106795047216576,0.6509465540140384,1,staged_v3,0.18286626637306325,2,1.0101432774567098,0.18419363709098968,2,1,1,1
v3_pelvis_proxy:v3_left_hand_proxy,65,0.9990481946876686,0.22213590094433133,0.6517001249922572,0.35485377529207995,0.8995708443153894,FLAT,0.0,-1,0.006745358721140866,0.02229290986061993,0.09201528762007283,UNLOADING,0.2079939404327077,0.007307854520383714,0.04931786307211813,0.12284257950115351,0.6517001249922572,0.0334395408746047,0,ok,0.03228191896840237,0.9104115569488296,FLAT,0.0,-1,0.0017463157585538081,0.0041374271060225,0.03265572522334173,SUPPORT,0.4358217811046969,0.022495359155144588,0.04400598455391113,-2.500000000000002,0.0011106795047216567,0.6520572335187601,0,staged_v3,0.09300531448300393,2,1.011375611091847,0.09422955589145993,2,1,0,0
v3_pelvis_proxy:v3_left_hand_proxy,66,0.2274592261185016,0.022135900944331155,0.17062670336102673,0.33831940254743703,0.9114735000690232,FLAT,0.0,-1,0.0026926633741368635,0.01560568425505873,0.09764175733915348,UNLOADING,0.17828052037089231,0.014276403611898945,0.04219985120324908,0.03216237586711479,0.17062670336102673,0.039248977716379196,0,ok,0.04110811888440794,0.9196158247756312,FLAT,0.0,-1,0.0014127826550795258,0.006516107431047313,0.024935157153374975,SUPPORT,0.46686212484971773,0.01973065042662144,0.04620636707710414,-2.500000000000002,0.00011067950472165577,0.6521679130234818,0,staged_v3,0.08324336795191768,2,1.0164376685775498,0.08313291994049218,2,1,0,0
v3_pelvis_proxy:v3_right_hand_proxy,67,0.5806696240099057,0.17786409905566902,0.8311174902819964,0.32970321940000336,0.9146305489452057,FLAT,0.0,-1,0.007020281479224999,0.009514158388444566,0.10167329906087008,UNLOADING,0.152811874603622,0.02056950656459894,0.023374454985770274,0.1566619561043944,0.8311174902819964,0.023031759725717485,0,ok,0.030703947288458468,0.9192229371161862,FLAT,0.0,-1,0.007020281479224999,0.03900323594254644,0.019403128395827546,SUPPORT,0.46566907960438186,0.0,0.06526632504427518,-2.500000000000002,-0.0008893204952783451,0.6512785925282034,0,staged_v3,0.10492038853015834,2,1.0107804789011068,0.09631431299988213,2,1,0,0
v3_pelvis_proxy:v3_left_hand_proxy,68,1.0,0.022135900944331155,0.7545425632313187,0.3842119006921434,0.9198678391899597,FLAT,0.0,-1,0.004539055424254787,0.0445213266937487,0.10456202493436459,UNLOADING,0.13098160680310458,0.0,0.05716079704309582,0.1422279224080994,0.7545425632313187,0.044278335242871225,0,ok,0.05352754547060711,0.9265569710123585,FLAT,0.0,-1,0.0021125448910838352,0.008032743872755273,0.015439256580050197,SUPPORT,0.49766924168150556,0.01773921895624724,0.02466730067346224,2.500000000000002,0.00011067950472165577,0.6513892720329251,0,staged_v3,0.17906785772791678,2,1.0155002378974236,0.17935139644783454,2,0,1,1
v3_pelvis_proxy:v3_left_hand_proxy,69,0.23760986328125008,0.22213590094433133,0.10263446828197546,0.3930656178767114,0.9056383440837606,FLAT,0.0,-1,0.017991610250865195,0.0560597963047761,0.10663188747038801,UNLOADING,0.11226994868837537,0.0,0.06547889391000626,0.019346141493584927,0.10263446828197546,0.04315730468408234,0,ok,0.05299657033767143,0.9277659721437719,FLAT,0.0,-1,0.003387939324336712,0.0036199712845927457,0.012599018312944748,SUPPORT,0.4908593500127191,0.022009979631054492,0.02290337522611436,2.500000000000002,0.0011106795047216567,0.6524999515376467,1,staged_v3,0.15696487797765124,2,1.009574923122425,0.15877028225495354,2,1,1,1
v3_pelvis_proxy:v3_left_hand_proxy,70,0.7735100005292813,0.022135900944331155,0.3775400260443206,0.3522397298926392,0.8793014104539456,FLAT,0.0,-1,0.02372786759698115,0.014875811968494256,0.10572121618546208,UNLOADING,0.09623138459003602,0.01541024884077885,0.042005679824660844,0.07116461833541621,0.3775400260443206,0.04174726653728229,0,ok,0.05892430685315105,0.9158813259951248,FLAT,0.0,-1,0.010839345710216745,0.011322300073022866,0.010008173590107597,SUPPORT,0.4850223000109021,0.014178108606482515,0.05049888180489078,-2.500000000000002,0.00011067950472165577,0.6526106310423684,0,staged_v3,0.07939858096421036,2,1.0131589457835342,0.08101301891209019,2,1,0,0
v3_pelvis_proxy:v3_left_hand_proxy,71,0.09281287475110848,0.17786409905566902,0.24446387917904694,0.34008935041924276,0.893243616950253,FLAT,0.0,-1,0.003669319085554704,0.016692270828659945,0.10509039929261911,UNLOADING,0.08248404393431659,0.013562249135971014,0.04324373103033264,0.0460803556138174,0.24446387917904694,0.04156952520086306,0,ok,0.03800328951223182,0.9174139871663847,FLAT,0.0,-1,0.006918453592705373,0.003402791773561475,0.008074857401408956,SUPPORT,0.48001911429505895,0.022000951096508976,0.04423235028068814,-2.500000000000002,-0.0008893204952783451,0.65172131054709,0,staged_v3,0.0796855923674154,2,1.0141625323524253,0.08010832147479391,2,1,0,0
v3_pelvis_proxy:v3_left_hand_proxy,72,0.027411986600579683,0.17359515830028815,0.02843443312517789,0.33987716875625995,0.9037898514724717,FLAT,0.0,-1,0.005672753912657893,0.01616226187221319,0.10460189642434578,UNLOADING,0.07070060908655708,0.0140678329490041,0.04271423862712368,0.005359764372902948,0.02843443312517789,0.04137050978447125,0,ok,0.0381054263132297,0.919686370820708,FLAT,0.0,-1,0.005672768075864174,0.0022755957868249932,0.006689575818967196,SUPPORT,0.4865480908204155,0.02305888300412337,0.04313171641549279,0.05336175944226085,-0.0008679757915014408,0.6508533347555886,1,staged_v3,0.07952176429841766,2,1.0140918138730024,0.07952176429841766,2,1,0,0
v3_pelvis_proxy:v3_left_hand_proxy,73,0.208233628247417,0.37359515830028833,0.9999416815527135,0.3398517972616859,0.9105773362812352,FLAT,0.0,-1,0.0019535746516334902,0.015633491852581092,0.10412474201991047,UNLOADING,0.06060052207419178,0.014572745248414433,0.04227455611109429,0.18848456644705375,0.9999416815527135,0.04881107903533116,0,ok,0.033668688899940236,0.920017947165221,FLAT,0.0,-1,0.005648402180544261,0.021018674364749967,0.005788311570253359,SUPPORT,0.49158257936172933,0.0042707412137627035,0.05910506701486097,-2.500000000000002,-0.0018679757915014417,0.6489853589640872,0,staged_v3,0.09791122437830328,2,1.0147265271588901,0.09642662036876845,2,0,0,0
v3_pelvis_proxy:v3_left_hand_proxy,74,0.2116809929517019,0.5735951583002885,0.6908706415461471,0.33976386513120166,0.9130081785847785,FLAT,0.0,-1,0.005837252400071626,0.012379933840884868,0.10373323044233203,UNLOADING,0.05194330463502153,0.017806727681231736,0.03910517932234274,0.1302260479237346,0.6908706415461471,0.048220724980669316,0,ok,0.036859009684499046,0.9226033538932457,FLAT,0.0,-1,0.004607450943071448,0.0022892972437766066,0.005094859966256431,SUPPORT,0.5099211224254064,0.022965445754536216,0.04307456835613213,-2.500000000000002,-0.0028679757915014426,0.6461173831725857,1,staged_v3,0.12391102048218522,2,1.0127961399884429,0.12391102048218522,2,1,0,0
v3_pelvis_proxy:v3_left_hand_proxy,75,0.1833801962969737,0.7735951583002887,0.9999999999999999,0.36562342485797367,0.9218539100479244,FLAT,0.0,-1,0.0029209641352275903,0.02929903700624433,0.10345270013854493,UNLOADING,0.04452283254430417,0.0008735980006829153,0.052386443412964695,0.18849555921538758,0.9999999999999999,0.01585120518181231,0,ok,0.05199183734873138,0.9274785801353967,FLAT,0.0,-1,0.0029209633088538014,0.032481527818972664,0.0045543143512508264,SUPPORT,0.5151729429391733,0.0,0.05295957255295827,-2.500000000000002,-0.0038679757915014434,0.6422494073810843,0,staged_v3,0.15777670741736888,2,1.0153521164299995,0.15083167384143378,2,0,0,0
v3_pelvis_proxy:v3_left_hand_proxy,76,0.6046142578125,0.5735951583002885,0.6046139661895086,0.3586408061129396,0.9261864565304164,FLAT,0.0,-1,0.005487192526279015,5.3082179281853555e-05,0.10320981757071444,UNLOADING,0.03816242789511786,0.030107408699253872,0.03428603885684351,0.11396704766632487,0.6046139661895086,0.015733493430126436,0,ok,0.13724943887911892,0.926893542556357,FLAT,0.0,-1,0.006375925780504314,0.030966356403451308,0.003999160627615321,SUPPORT,0.5058625225192914,0.0,0.06849596056862345,2.500000000000002,-0.0028679757915014426,0.6393814315895828,1,staged_v3,0.2250871864245472,2,1.0102321122792672,0.2250871864245472,2,1,1,1
v3_pelvis_proxy:v3_right_hand_proxy,77,0.48376734741326294,0.7459735050040495,0.96429443359375,0.3555187615539852,0.9297314888392971,FLAT,0.0,-1,0.0051917537482818,0.021605544274693706,0.1028155570009326,UNLOADING,0.032710652481529594,0.014325044095146035,0.015815733754900595,0.18176521850853936,0.96429443359375,0.009991328634585031,0,ok,0.0059698890184439555,0.9283629911654955,FLAT,0.0,-1,0.005191767727420195,0.011379926450458742,0.0035349939708051222,SUPPORT,0.4978821621593926,0.013796823248081517,0.01713975389320616,-2.154729333797012,-0.0037298675250202473,0.6356515640645626,1,staged_v3,0.2357125766233476,2,0.9956631756235647,0.15247402521224857,2,0,1,1
v3_pelvis_proxy:v3_right_hand_proxy,78,1.0,0.5459735050040493,0.9999779054442696,0.0,0.9328227015235074,FLAT,0.0,-1,0.003637948242746137,0.0946501048867162,0.10251049388618093,UNLOADING,0.028037702127025367,0.0,0.16787658525895915,0.18849139448974958,0.9999779054442696,0.011472125424058302,0,ok,0.048380447361137405,0.932264134004427,FLAT,0.0,-1,0.003124964044093596,0.011337638041869186,0.0031491873615828937,SUPPORT,0.5815405097012423,0.015785043961800423,0.009372415406278726,2.500000000000002,-0.0027298675250202464,0.6329216965395423,0,staged_v3,0.21267357555253172,2,0.9616833800341464,0.20680480345293328,2,1,1,1
v3_pelvis_proxy:v3_right_hand_proxy,79,0.032287597656249944,0.3459735050040491,0.03228759765625003,0.0,0.9360727916214253,FLAT,0.0,-1,0.0033565222739020887,0.09030910536576625,0.10240110591279358,SUPPORT,0.19047374221052335,0.0,0.16084143074841883,0.0060860687759362875,0.03228759765625003,0.012741099453520005,0,ok,0.02964716850878461,0.93341528362531,FLAT,0.0,-1,0.0033565222739008905,0.007868572668301889,0.00323098101949856,SUPPORT,0.5627490083153506,0.0189656495646691,0.00619589948630583,2.500000000000002,-0.0017298675250202455,0.6311918290145221,1,staged_v3,0.27543121720786445,2,1.0151383972056356,0.27522082582435864,2,1,1,1
v3_pelvis_proxy:v3_right_hand_proxy,80,0.0,0.0,0.0,0.0,0.9406332037335173,FLAT,0.0,-1,0.003478755550078667,0.09030910536576625,0.10242347151864153,SUPPORT,0.32123705088470444,0.0,0.16084143074841883,0.0,0.0,0.012741099453520005,0,ok,0.02964716850878461,0.9333035639133058,FLAT,0.0,-1,0.0028427163191138962,0.007868572668301889,0.03158989651867888,SUPPORT,0.577380189994988,0.020383595339628115,0.00619589948630583,4.324668812550613,0.0,0.6311918290145221,1,staged_v3,0.19559141796200163,2,1.0469463549920488,0.1823269184326335,2,0,1,1
v3_pelvis_proxy:v3_right_hand_proxy,81,0.04663085937499987,0.20000000000000018,0.04663085937499998,0.016130677021056337,0.9444642081776995,FLAT,0.0,-1,0.0029376017571182966,0.08426397974188271,0.10346799948736504,SUPPORT,0.4263381179017905,0.0,0.1513476168889935,0.00878970991458472,0.04663085937499998,0.015156465091405016,0,ok,0.047715127462268817,0.9347006855709536,FLAT,0.0,-1,0.00434794756386576,0.00683002448610864,0.05197935305155736,SUPPORT,0.5865937715042707,0.022163597775268152,0.005435369877309717,2.500000000000002,0.0010000000000000009,0.6321918290145221,1,staged_v3,0.19307287821560665,2,1.0358758948308342,0.14440424957709105,2,0,1,1
v3_pelvis_proxy:v3_right_hand_proxy,82,0.12225341796875011,0.40000000000000036,0.12225341796875006,0.01603671102477066,0.9427136992548201,FLAT,0.0,-1,0.0025990699205071747,0.07223284986010498,0.10421780491641015,SUPPORT,0.4932692454502,0.0,0.1355403440647656,0.023044226386012057,0.12225341796875006,0.021740613181130367,0,ok,0.033514723623797794,0.9317340851556499,FLAT,0.0,-1,0.004228101019996923,0.0027364269692813714,0.0665890370629481,SUPPORT,0.5670803755750892,0.025593024883866035,0.007007119588085515,2.500000000000002,0.0020000000000000018,0.6341918290145221,1,staged_v3,0.1828262745915268,2,1.037846677084726,0.13978714791909597,2,0,1,1
v3_pelvis_proxy:v3_right_hand_proxy,83,0.26116943359374994,0.6000000000000005,0.26116943359375006,0.05602599096328338,0.9466809864871157,FLAT,0.0,-1,0.002183068416567497,0.044784831791115684,0.10472070935314687,SUPPORT,0.5475536491680574,0.0,0.09497012984605464,0.04922927843521996,0.26116943359375006,0.036316465936734654,0,ok,0.03854651057265707,0.9364763226490469,FLAT,0.0,-1,0.0018919845273264516,0.0007720609095787168,0.07705733309469884,SUPPORT,0.5648545727961499,0.02808080574515623,0.006591444597127298,2.500000000000002,0.0030000000000000027,0.6371918290145221,1,staged_v3,0.16490258628762552,2,1.0415664449056201,0.1322614039086757,2,0,1,1
v3_pelvis_proxy:v3_left_hand_proxy,84,1.0,0.8000000000000007,1.0,0.2945311378353803,0.9467884651881825,FLAT,0.0,-1,0.0032925742548692368,0.047382006474272445,0.10501787288027054,SUPPORT,0.5336174135726206,0.010089088150986136,0.02016180549302739,0.1884955592153876,1.0,0.01876793045883579,0,ok,0.0803865069474728,0.9339983660936888,FLAT,0.0,-1,0.0038251088795322845,0.006093613095347578,0.08455819496980359,SUPPORT,0.5515770817581874,0.023134296653142605,0.01784617084375435,2.500000000000002,0.0040000000000000036,0.6411918290145221,0,staged_v3,0.1262628799960936,2,1.0200001331659332,0.1255189790137435,2,1,1,1
v3_pelvis_proxy:v3_left_hand_proxy,85,0.1434703872210421,0.6000000000000005,1.0000000000000002,0.25411233917431175,0.9502741167256634,FLAT,0.0,-1,0.002059114197826374,0.01471484687383079,0.10525359548469705,UNLOADING,0.45738635449081766,0.015547832900404065,0.035542752273770184,0.18849555921538763,1.0000000000000002,0.024949451865794572,0,ok,0.058800238418196704,0.9331494797850418,FLAT,0.0,-1,0.003998818060560515,0.0031669550656381823,0.08993279735960535,UNLOADING,0.4727803557927321,0.026329684802342088,0.038318227637572665,-2.500000000000002,0.0030000000000000027,0.6441918290145221,0,staged_v3,0.24043867204480507,2,1.0141325041056302,0.24150712015666348,2,1,0,0
v3_pelvis_proxy:v3_left_hand_proxy,86,0.14421833908319287,0.40000000000000036,0.5796256202930825,0.27905436265890465,0.9476858064478029,FLAT,0.0,-1,0.004249206073234783,0.009183759881966853,0.07732490599182591,UNLOADING,0.3920454467071722,0.019682485417624445,0.03602625064926738,0.1092568554327105,0.5796256202930825,0.04615998909520594,0,ok,0.04371525377454482,0.9307999477398878,FLAT,0.0,-1,0.0065469559519659845,0.0048710639020951895,0.06750642740361185,UNLOADING,0.4363417409376471,0.023504257468085404,0.04164000972135961,-2.500000000000002,0.0020000000000000018,0.6461918290145221,0,staged_v3,0.24200966442738472,2,1.014752386593206,0.2404253180689931,2,0,0,0
v3_pelvis_proxy:v3_left_hand_proxy,87,0.018239678404952765,0.20000000000000018,0.25284247798176607,0.2872829312269049,0.9483769511736289,FLAT,0.0,-1,0.003975453044973597,0.009026733404972793,0.05727086086550724,UNLOADING,0.33603895432043707,0.01883680963830257,0.03572913686919083,0.04765968428057732,0.25284247798176607,0.049953601670082864,0,ok,0.03802637984525255,0.9315450801954168,FLAT,0.0,-1,0.003975451589585153,0.0058159471792334945,0.05139322906504756,UNLOADING,0.432785001211439,0.021753714274018884,0.04246834708264068,-2.500000000000002,0.0010000000000000009,0.6471918290145221,0,staged_v3,0.10656000842386572,2,1.013012407734901,0.0952579381891412,2,0,0,0
v3_pelvis_proxy:v3_right_hand_proxy,88,0.8402857507602081,0.29999999999998916,0.9999995468187713,0.2867179172141641,0.9329519512534893,FLAT,0.0,-1,0.010714049918413326,0.0075156266970919094,0.04312516906778476,SUPPORT,0.35883116345634963,0.01964063175629733,0.021623004157915467,0.18849547379273848,0.9999995468187713,0.03710268859416989,0,ok,0.019517894505346182,0.9276345017620825,FLAT,0.0,-1,0.007036644206001752,0.04247933391400194,0.039972267569482,SUPPORT,0.44611150570556607,0.0,0.056814822886235954,1.2499999999998623,0.0014999999999999458,0.648691829014522,0,staged_v3,0.10540236116087981,2,1.0113690649920313,0.10510709375344456,2,1,0,0
v3_pelvis_proxy:v3_left_hand_proxy,89,0.9999999999999999,0.49999999999998934,0.849524375033021,0.2767717396525768,0.9307575954263394,FLAT,0.0,-1,0.0049192634158648175,0.02733566902985144,0.06148266883663251,UNLOADING,0.30756956867687113,0.0007384644119801873,0.04372309290250043,0.16013157213895196,0.849524375033021,0.04549165368821831,0,ok,0.01217883784500948,0.9283658349627855,FLAT,0.0,-1,0.0018820911081052327,0.012309392383154052,0.060320288281492516,SUPPORT,0.5067028989973158,0.015706622030920575,0.027039898983823946,2.500000000000002,0.0024999999999999467,0.651191829014522,0,staged_v3,0.20946435722790124,2,1.0157611269986586,0.20587998128365614,2,0,1,1
v3_pelvis_proxy:v3_left_hand_proxy,90,0.2694866450492626,0.29999999999998916,0.3329941934012444,0.28489916916151964,0.9247570293154214,FLAT,0.0,-1,0.008013409365911673,0.015556508608286477,0.07434451585001643,UNLOADING,0.26363105886588956,0.013160717184214347,0.04210402698376586,0.0627679267006445,0.3329941934012444,0.049370576766380875,0,ok,0.0401944361802639,0.9268014455698333,FLAT,0.0,-1,0.006225366948729516,0.004121357803550327,0.04639057928516843,SUPPORT,0.5719414905047574,0.023198171160708096,0.042442663457407964,-2.500000000000002,0.0014999999999999458,0.6526918290145219,0,staged_v3,0.17108554912937726,2,1.0120814612881035,0.16737800566194722,2,0,0,0
v3_pelvis_proxy:v3_left_hand_proxy,91,0.14190953351844246,0.09999999999998899,0.15902057266824668,0.2878382340407984,0.9316630370479775,FLAT,0.0,-1,0.002514637964663321,0.017075472964125475,0.08335153924595433,UNLOADING,0.22596947902790535,0.012092103998172243,0.04368145751376877,0.02997467177185234,0.15902057266824668,0.04892502673330647,0,ok,0.03814049684674796,0.9309054319673682,FLAT,0.0,-1,0.0037311965057406325,0.005873839429314975,0.03650127624917018,SUPPORT,0.5573786759059471,0.020951224383143535,0.0440907816187071,-2.500000000000002,0.0004999999999999449,0.6531918290145219,0,staged_v3,0.07814140731794203,2,1.0114079084824885,0.07843703749984407,2,1,0,0
v3_pelvis_proxy:v3_left_hand_proxy,92,0.04133689849728758,0.10000000000001119,0.058908961214313396,0.2878525413834683,0.9351385564209052,FLAT,0.0,-1,0.0051479056118705745,0.01678463174288224,0.0898053535242145,UNLOADING,0.19368812488106174,0.012705635933328487,0.043340913061390825,0.011104077586889582,0.058908961214313396,0.04971779571696067,0,ok,0.038297123250914604,0.9309183355860458,FLAT,0.0,-1,0.005148543075082048,0.006241478774724831,0.029390626379327187,SUPPORT,0.5498890062815234,0.02022805254424153,0.043894093430111865,-2.500000000000002,-0.000500000000000056,0.6526918290145218,0,staged_v3,0.07905294149509476,2,1.011824789765383,0.08022831066577706,2,1,0,0
v3_pelvis_proxy:v3_right_hand_proxy,93,0.08873709941317026,0.30000000000001137,0.3919040483378931,0.28717014954282843,0.9274020776714746,FLAT,0.0,-1,0.012237661456424381,0.014999793369160786,0.09383478103115274,UNLOADING,0.16601839275519578,0.014691945682396852,0.0417492630668565,0.07387217275022545,0.3919040483378931,0.049671991012018094,0,ok,0.03613517130383302,0.9041879133590781,FLAT,0.0,-1,0.021326942114854305,0.012187892819274754,0.022249551979208488,SUPPORT,0.5415762746815562,0.01392458477968567,0.0502558754224482,-2.500000000000002,-0.0015000000000000568,0.6511918290145218,0,staged_v3,0.09614824085115915,2,1.0117496066667107,0.08449130347634069,2,0,0,0
v3_pelvis_proxy:v3_left_hand_proxy,94,0.17493752818764624,0.5000000000000115,0.3184828309446692,0.28761311326877337,0.9350087770296398,FLAT,0.0,-1,0.0035976694780545477,0.013781602794417605,0.09674733963146095,UNLOADING,0.14230147950445354,0.016055764187155444,0.04059579118154201,0.06003259931941518,0.3184828309446692,0.05006979475571109,0,ok,0.03781949803682251,0.9086151843334043,FLAT,0.0,-1,0.005375125915347027,0.002274576158210713,0.01730066391343005,SUPPORT,0.5398689606790729,0.02359045703746079,0.04113359438023366,-2.500000000000002,-0.0025000000000000577,0.6486918290145217,1,staged_v3,0.07815746211847298,2,1.010785797540267,0.07815746211847298,2,1,0,0
v3_pelvis_proxy:v3_right_hand_proxy,95,0.18898941473941586,0.7000000000000117,0.9999413767030565,0.2887112071221257,0.9323871243273436,FLAT,0.0,-1,0.006545166279404006,0.01474377519107967,0.09880893143456308,UNLOADING,0.12197269671810304,0.015196671380648487,0.04164393602089825,0.18848450898424718,0.9999413767030565,0.04915656358540346,0,ok,0.03367967321328809,0.910476194554157,FLAT,0.0,-1,0.00424804441310373,0.019956107541584254,0.013560699415718563,SUPPORT,0.5351500398101366,0.005721927429201676,0.05585391333393674,-2.500000000000002,-0.0035000000000000586,0.6451918290145217,0,staged_v3,0.10077127345997852,2,1.0113674300487385,0.09977012418239628,2,0,0,0
v3_pelvis_proxy:v3_right_hand_proxy,96,0.25443975391124957,0.8500000000000174,0.5487371780649393,0.28886158549937513,0.9319223110878843,FLAT,0.0,-1,0.008040143224216124,0.003337330337799615,0.10002136021153528,UNLOADING,0.10454802575837403,0.026663737672777153,0.030460039142245238,0.10343452124162444,0.5487371780649393,0.04856095097791674,0,ok,0.0371392580356924,0.9122577914592149,FLAT,0.0,-1,0.006949052440416538,0.00840212521011521,0.010601400121520756,SUPPORT,0.5427946319627788,0.017127944795960828,0.041609273921878215,-1.875000000000071,-0.004250000000000087,0.6409418290145216,1,staged_v3,0.12926300000467025,2,1.0105883949203043,0.13082757272532725,2,1,0,0
v3_pelvis_proxy:v3_right_hand_proxy,97,1.0,0.6500000000000172,1.0000000000000002,0.17107099825492486,0.9319308834939711,FLAT,0.0,-1,0.005479739218303458,0.10523257204192629,0.10098544263058962,UNLOADING,0.08961259350717775,0.0,0.12005278798928018,0.18849555921538763,1.0000000000000002,0.013474089785056313,0,ok,0.1498307739602269,0.9128342214631736,FLAT,0.0,-1,0.005479734234657518,0.037496154902957095,0.008615040492933294,SUPPORT,0.5397125350958155,0.006844224110964539,0.01858652791368213,2.500000000000002,-0.003250000000000086,0.6376918290145215,0,staged_v3,0.24153308828256742,2,0.9650826441961625,0.22899272915418423,2,0,1,1
v3_pelvis_proxy:v3_right_hand_proxy,98,0.33599853515625,0.45000000000001705,0.33599853515625,0.14054216285652252,0.9346313349685883,FLAT,0.0,-1,0.003630962410843751,0.07219605650042087,0.10172383169784957,UNLOADING,0.07681079443472379,0.0,0.09875773207529628,0.06333423177982841,0.33599853515625,0.025999575285758796,0,ok,0.10423119861978208,0.9142797527360795,FLAT,0.0,-1,0.005255939940596913,0.013241408550466979,0.0077465412634210975,SUPPORT,0.5268964586535562,0.02117202244754771,0.004215304615623347,2.500000000000002,-0.0022500000000000853,0.6354418290145214,1,staged_v3,0.3372996615638432,2,0.9982284455574829,0.3261775379576408,2,0,1,1
v3_pelvis_proxy:v3_left_hand_proxy,99,0.5575065742891521,0.6286956787109554,0.9672241210937504,0.2434273377849714,0.9366520716876432,FLAT,0.0,-1,0.002992810734055595,0.03551663894264974,0.10289097638691684,UNLOADING,0.06583782380119182,0.0,0.04769659764534591,0.18231745159217827,0.9672241210937504,0.009990338175011,0,ok,0.02611801562321667,0.9232014089830117,FLAT,0.0,-1,0.0015947656119219208,0.021361645563713127,0.007072249012606736,SUPPORT,0.5159112502744767,0.003991966886917213,0.027970958765790102,-2.23369598388673,-0.003143478393554777,0.6322983506209666,1,staged_v3,0.15151545073231232,2,1.0152109843884554,0.13268659689345755,2,0,1,1
v3_pelvis_proxy:v3_left_hand_proxy,100,1.0000000000000002,0.42869567871095526,1.0,0.2508437716250288,0.9393573981593233,FLAT,0.0,-1,0.002676443453845116,0.1149598468936918,0.10360988419876117,UNLOADING,0.05643242040102157,0.0,0.1195666208714949,0.1884955592153876,1.0,0.03830376738364011,0,ok,0.22223532353299721,0.9237366058615044,FLAT,0.0,-1,0.0026764366727840432,0.033360632509572344,0.006518468733245268,SUPPORT,0.5524418100325578,0.007634990007872506,0.01769093342878976,2.500000000000002,-0.0021434783935547763,0.6301548722274118,0,staged_v3,0.3237217179733689,2,0.9868817076634695,0.32442514200224665,2,1,1,1
v3_pelvis_proxy:v3_right_hand_proxy,101,1.0,0.22869567871095509,1.0,0.16253337131379134,0.9413940094537324,FLAT,0.0,-1,0.0014872151032942276,0.040096348970554384,0.10406540972253897,UNLOADING,0.04837064605801849,0.0,0.06856681609862197,0.1884955592153876,1.0,0.032288608604102514,0,ok,0.2041023468562409,0.9233891236723613,FLAT,0.0,-1,0.003500549936519945,0.07556758686583104,0.006121667823904475,SUPPORT,0.5378072657421924,0.010893200715753115,0.01441288267544211,2.500000000000002,-0.0011434783935547754,0.6290113938338571,0,staged_v3,0.3036827822198289,2,0.9599349718495755,0.3036827822198289,2,1,0,0
v3_pelvis_proxy:v3_left_hand_proxy,102,0.23486493642905623,0.02869567871095491,0.46466064453125017,0.20899647824544992,0.9444244826253436,FLAT,0.0,-1,0.0032611848517984923,0.020649582251031535,0.10450612215032376,UNLOADING,0.04146055376401585,0.019319622946019605,0.010905683161496585,0.08758646803630044,0.46466064453125017,0.03814638183512527,0,ok,0.08197153320951958,0.9253934367753391,FLAT,0.0,-1,0.0032622201307451124,0.021480913734741196,0.005919820484443419,SUPPORT,0.5252633706361649,0.023569032725235747,0.0017269582989864274,2.500000000000002,-0.00014347839355477454,0.6288679154403023,1,staged_v3,0.22962404922199192,2,1.033229989937618,0.20296009438280183,2,0,1,1
v3_pelvis_proxy:v3_left_hand_proxy,103,0.3037109375000002,0.17130432128904527,0.30371093749999994,0.169995028788333,0.9413373890289953,FLAT,0.0,-1,0.006172097055810805,0.025412293821602323,0.10472195902105817,UNLOADING,0.035537617512013585,0.004993630005266873,0.025242467945786037,0.05724816300389213,0.30371093749999994,0.04063501049489453,0,ok,0.07438964783881775,0.9275025229868892,FLAT,0.0,-1,0.0033176098366495366,0.0008127673183464428,0.005811999238247822,SUPPORT,0.5145114605452842,0.024477832643565952,0.0016525042782238016,2.500000000000002,0.0008565216064452263,0.6297244370467475,1,staged_v3,0.28268350129742986,2,1.0082280928859844,0.1714451068490005,2,0,1,1
v3_pelvis_proxy:v3_left_hand_proxy,104,0.05621337890624999,0.37130432128904545,0.05621337890624999,0.15591739255528816,0.9448197328602225,FLAT,0.0,-1,0.0026884656840838266,0.024172429021872707,0.10494899579818374,UNLOADING,0.03046081501029736,0.007330566518949436,0.022916883270959754,0.010595972292320066,0.05621337890624999,0.03980385084787759,0,ok,0.06185767945083694,0.9295104853605115,FLAT,0.0,-1,0.0026884746005097437,8.686647024072017e-05,0.005722168258132128,SUPPORT,0.5052955376102436,0.025199241942665887,0.003673568041455838,2.500000000000002,0.0018565216064452272,0.6315809586531927,1,staged_v3,0.23171312644267328,2,1.018239941057615,0.23171312644267328,2,1,1,1
v3_pelvis_proxy:v3_left_hand_proxy,105,0.5791015625000002,0.5713043212890456,0.5791015625,0.0,0.9468500958635381,FLAT,0.0,-1,0.0030554603293622834,0.0019405578834013797,0.1051425633672529,UNLOADING,0.026109270008826308,0.02831657028496127,0.0021674611981049767,0.10915807286594223,0.5791015625,0.013968165497280527,0,ok,0.10797230386491609,0.9202930003830412,FLAT,0.0,-1,0.010237327321581868,0.019417055196557554,0.004818232802628983,SUPPORT,0.4973961750944945,0.014290539756331887,0.010950371883799562,2.500000000000002,0.002856521606445228,0.634437480259638,1,staged_v3,0.22202680974827918,2,1.0605110870663825,0.14116686794257177,2,0,1,1
v3_pelvis_proxy:v3_left_hand_proxy,106,0.16021728515625014,0.7713043212890458,0.16021728515625,0.0,0.9398050633532284,FLAT,0.0,-1,0.009870112199286048,0.007137339365199444,0.10514318536592995,SUPPORT,0.18908560908090916,0.025193300928233273,0.005063858340063226,0.030200246761498562,0.16021728515625,0.017509998122294042,0,ok,0.08974505653976644,0.9240447610891303,FLAT,0.0,-1,0.0033766305807443227,0.02175578988838539,0.004979009905308674,SUPPORT,0.49062529293813817,0.019212882252715703,0.006036068242549732,2.500000000000002,0.003856521606445229,0.6382940018660832,1,staged_v3,0.24852642231117433,2,1.0035022399125566,0.2484570694272494,2,1,1,1
v3_pelvis_proxy:v3_left_hand_proxy,107,0.5057806898670378,0.5713043212890456,0.8965796444743104,0.0,0.9482653567389567,FLAT,0.0,-1,0.0010756705318128985,0.008105536609222239,0.10509492773586868,SUPPORT,0.320989982784337,0.022149209777571198,0.028994772711292013,0.16900128146631854,0.8965796444743104,0.040801097564074046,0,ok,0.10041397817174631,0.9313609089787203,FLAT,0.0,-1,0.0010756614632432423,0.002338686153712564,0.03336136699476075,UNLOADING,0.420535965375547,0.024329382196025477,0.0341827288628893,-2.500000000000002,0.002856521606445228,0.6411505234725284,1,staged_v3,0.16416091425756724,2,1.0166760337343401,0.11504612548123973,2,0,0,0
v3_pelvis_proxy:v3_left_hand_proxy,108,0.9999999999999999,0.7713043212890458,0.9999999260515727,0.21305372911682435,0.9415446683141842,FLAT,0.0,-1,0.008746730320052649,0.0479536141018487,0.0764801563260906,SUPPORT,0.43069902320617326,0.0,0.0388724304099064,0.18849554527643744,0.9999999260515727,0.0177807357259179,0,ok,0.20845166456411995,0.9325381733083171,FLAT,0.0,-1,0.002529713931405905,0.08987365905855367,0.05369821451723912,UNLOADING,0.360459398893326,0.0,0.07689856697411163,2.500000000000002,0.003856521606445229,0.6450070450789737,0,staged_v3,0.20193877806007612,2,1.032926097007171,0.1864208002385286,2,0,1,1
v3_pelvis_proxy:v3_left_hand_proxy,109,0.9776890870459111,0.5713043212890456,0.8162404840553447,0.055590660569138,0.9417404664602466,FLAT,0.0,-1,0.006302869726392035,0.014357187860218727,0.055941312113182935,SUPPORT,0.4345592185649386,0.01343987774544042,0.042410968265749,0.15385770649625086,0.8162404840553447,0.030016085641757145,0,ok,0.04937949325204396,0.9331114378519785,FLAT,0.0,-1,0.0013786620431936662,0.0078026351479225445,0.06827020252545987,UNLOADING,0.3089651990514223,0.02061087497835045,0.04145557407250995,-2.500000000000002,0.002856521606445228,0.6478635666854189,0,staged_v3,0.2876377363580015,2,1.0298351622208026,0.2876377363580015,2,1,0,0
v3_pelvis_proxy:v3_left_hand_proxy,110,0.13634963585842588,0.37130432128904545,0.769829438834468,0.06882643972041574,0.9480588199212044,FLAT,0.0,-1,0.0020531582161378505,0.00582218544124501,0.041224587151637467,SUPPORT,0.4376473748519509,0.021239043916336863,0.03409241909012804,0.14510943057357106,0.769829438834468,0.050473688316055865,0,ok,0.039319692613548556,0.9362838436224313,FLAT,0.0,-1,0.0020531797048289656,0.003483303946646623,0.07871148819065583,SUPPORT,0.3371721592411378,0.025452270462886173,0.040272301620417394,-2.500000000000002,0.0018565216064452272,0.6497200882918641,0,staged_v3,0.2262471475509701,2,1.0173408551736647,0.22814280247715732,2,0,0,0
v3_pelvis_proxy:v3_left_hand_proxy,111,0.9999999999999999,0.5713043212890456,0.7263235512932671,0.08146230919926052,0.9479435453793862,FLAT,0.0,-1,0.005802766434946557,0.032626163827758764,0.05894385683880272,SUPPORT,0.4401178998815607,0.0,0.08731678150864607,0.13690876397233065,0.7263235512932671,0.04363289038046324,0,ok,0.17704681490196164,0.9358959345980284,FLAT,0.0,-1,0.0030801923266057674,0.006712360427077759,0.08619600639514473,SUPPORT,0.36189641039028175,0.02259743989267948,0.07686844686413151,2.500000000000002,0.002856521606445228,0.6525766098983093,0,staged_v3,0.13176333407920918,2,1.0179492690125016,0.13176333407920918,2,1,1,1
v3_pelvis_proxy:v3_left_hand_proxy,112,0.9982527758740509,0.37130432128904545,0.3622053607531646,0.06374819417119523,0.9497323891917918,FLAT,0.0,-1,0.003505984955212149,0.021243846370043586,0.07164026837015766,UNLOADING,0.3772439141841949,0.007338167048464298,0.05079656214529141,0.06827410202597897,0.3622053607531646,0.04844979100787944,0,ok,0.04677735384690899,0.9352108021281029,FLAT,0.0,-1,0.0035060595838148326,0.00944849305879204,0.0915589095421205,UNLOADING,0.3101969231916701,0.020129452418313987,0.04792490569251103,-2.500000000000002,0.0018565216064452272,0.6544331315047546,0,staged_v3,0.15238395798628285,2,1.0201016517236374,0.154181672718518,2,1,0,0
v3_pelvis_proxy:v3_left_hand_proxy,113,0.0841724802650563,0.17130432128904527,0.3424681304292211,0.0731160397908471,0.9477817109432024,FLAT,0.0,-1,0.0058440689848548305,0.018398713298614224,0.05239077582168251,UNLOADING,0.34860298524168887,0.009220825492469904,0.045509184078604804,0.06455372175870433,0.3424681304292211,0.05267791770518096,0,ok,0.03786798806469652,0.9208559042887778,FLAT,0.0,-1,0.010208404760735378,0.015250240495832821,0.06663218595380532,UNLOADING,0.31979809856251873,0.013081368801857448,0.05057335178923154,-2.500000000000002,0.0008565216064452263,0.6552896531111998,0,staged_v3,0.10210151689336663,2,1.0137949630540564,0.09784428385718695,2,0,0,0
v3_pelvis_proxy:v3_left_hand_proxy,114,0.09067780395871516,0.02869567871095491,0.13204760843339378,0.07361794212715866,0.9368174184442343,FLAT,0.0,-1,0.007466647824121924,0.017945477734615727,0.038702844155387245,UNLOADING,0.3139635300191732,0.008989664473153636,0.044989709938283884,0.02489038779470709,0.13204760843339378,0.05239088539653844,0,ok,0.037561809336540145,0.9189600562513666,FLAT,0.0,-1,0.005820260979469544,0.015831312481992103,0.04879204028392638,UNLOADING,0.35435146425636227,0.011608289532204219,0.051258805551942385,-2.500000000000002,-0.00014347839355477454,0.655146174717645,0,staged_v3,0.078754419297179,2,1.0137996543741357,0.07896634959347383,2,1,0,0
v3_pelvis_proxy:v3_left_hand_proxy,115,0.07030136366938883,0.22869567871095509,0.3888042946792573,0.06978889218377089,0.9466697629681424,FLAT,0.0,-1,0.0002800129283657753,0.008724132309816796,0.02889501253949223,SUPPORT,0.34117082401533855,0.017720618317157818,0.038789861649487195,0.07328788295091096,0.3888042946792573,0.052192813000532357,0,ok,0.038690954938936505,0.9274409621836636,FLAT,0.0,-1,0.0002800163503897518,0.006458065628318226,0.03600901698850654,SUPPORT,0.38517453853822015,0.020342385221107102,0.044890084663690606,-2.500000000000002,-0.0011434783935547754,0.6540026963240902,0,staged_v3,0.0750097706643457,2,1.0133743293178912,0.07677555698882887,2,1,0,0
v3_pelvis_proxy:v3_left_hand_proxy,116,0.02170922862595875,0.42869567871095526,0.06607111832760408,0.07000169546111758,0.943563109278929,FLAT,0.0,-1,0.007018485011051454,0.006743864238873781,0.050270860648825744,SUPPORT,0.36293665921227086,0.020769678793567507,0.03532333362183594,0.012454112397147776,0.06607111832760408,0.05217110228087843,0,ok,0.038618140119697324,0.931089925222777,FLAT,0.0,-1,0.0018967885932325817,0.006379135393766822,0.05522906547683838,SUPPORT,0.4048102164392622,0.021382317880075098,0.04292604140781178,-2.500000000000002,-0.0021434783935547763,0.6518592179305355,0,staged_v3,0.07638701007833655,2,1.013502603606819,0.07805476392872134,2,1,0,0
v3_pelvis_proxy:v3_left_hand_proxy,117,0.14093777923076095,0.6286956787109554,0.314144917031717,0.07119266618146063,0.9494263560274858,FLAT,0.0,-1,0.0017230443413025615,0.008342646983676604,0.06562857599562674,SUPPORT,0.3803493273698167,0.019938781816104735,0.036680535048967775,0.059214921810565035,0.314144917031717,0.05342155817612017,0,ok,0.03865407400565592,0.9340242979650244,FLAT,0.0,-1,0.0017230457221606434,0.008526257852060699,0.06895079192692459,SUPPORT,0.41963039517196193,0.01992128174428553,0.045100474248281966,-2.500000000000002,-0.003143478393554777,0.6487157395369807,0,staged_v3,0.10707153148265944,2,1.0124512068708365,0.08438657247322526,2,0,0,0
v3_pelvis_proxy:v3_left_hand_proxy,118,0.015576251372692402,0.8286956787109556,0.25748652978807707,0.06899115688907709,0.9547108767607289,FLAT,0.0,-1,0.002527255651003235,0.0027378876705511203,0.076608370213641,SUPPORT,0.39427946189585333,0.026092530840130933,0.02737303211143695,0.048535067422833145,0.25748652978807707,0.053986352710939975,0,ok,0.042987863994827916,0.9315933874175188,FLAT,0.0,-1,0.0035155994267724974,0.0029566135229283303,0.0788521196977662,SUPPORT,0.4301163801644345,0.025985992461959984,0.036487404599520816,-2.500000000000002,-0.004143478393554778,0.6445722611434259,1,staged_v3,0.15193530764624383,2,1.013094457034061,0.08960279251597618,2,0,0,0
v3_pelvis_proxy:v3_right_hand_proxy,119,0.5440839530376528,1.0000000000000009,1.0,0.03460746321212214,0.9556189580547862,FLAT,0.0,-1,0.0033830118582214076,0.03317222143608153,0.08476020439542603,SUPPORT,0.4054235695166827,0.0,0.05073668809778058,0.1884955592153876,1.0,0.031318183703156616,0,ok,0.06338697698132663,0.9324139295460795,FLAT,0.0,-1,0.003383012616133023,0.03468204551320418,0.08603353357067557,SUPPORT,0.4340931041315476,0.0,0.032622148415444946,-2.141304016113066,-0.0050000000000000044,0.6395722611434259,0,staged_v3,0.25807722929259874,2,1.0067402687688543,0.15283514276296575,2,0,0,0
v3_pelvis_proxy:v3_right_hand_proxy,120,0.65863037109375,0.8000000000000007,0.6586282439123147,0.09560703462162244,0.9569586347721852,FLAT,0.0,-1,0.0028319430215064645,0.00788813388878153,0.09062976063617703,SUPPORT,0.4321357324840045,0.021643354143027323,0.05164475485603396,0.12414849915130047,0.6586282439123147,0.02428782862141808,0,ok,0.040806084587129594,0.9284053081203075,FLAT,0.0,-1,0.00698859406010929,0.023665799567615043,0.091090770721638,SUPPORT,0.4372744833052381,0.00588873896846686,0.03638325846694683,2.500000000000002,-0.0040000000000000036,0.6355722611434259,1,staged_v3,0.24756197491530296,2,0.9996278290518825,0.24756197491530296,2,1,1,1
v3_pelvis_proxy:v3_right_hand_proxy,121,1.0000000000000002,0.6000000000000005,1.0000000000000002,0.23243688320021133,0.9483282421083185,FLAT,0.0,-1,0.008206993839453862,0.11143196011332228,0.09471777050246973,UNLOADING,0.370402056414861,0.0,0.18075614034604223,0.18849555921538763,1.0000000000000002,0.018996491789724318,0,ok,0.08067286938380301,0.9277569826415281,FLAT,0.0,-1,0.005932770552311499,0.01618492087997011,0.09473082474883392,SUPPORT,0.43981958664419046,0.02119950361941974,0.008537037618021957,2.500000000000002,-0.0030000000000000027,0.6325722611434259,0,staged_v3,0.22996137244846576,2,0.9895585237823942,0.22996137244846576,2,1,1,1
v3_pelvis_proxy:v3_right_hand_proxy,122,0.9999999999999999,0.40000000000000036,1.0000000000000002,0.13157701137523378,0.9538127860234263,FLAT,0.0,-1,0.002132160716562321,0.02519083155687906,0.09767333356744168,UNLOADING,0.3174874769270237,0.004692835121493023,0.06125901422995775,0.18849555921538763,1.0000000000000002,0.017045364074070174,0,ok,0.05958994504627903,0.9325691314282074,FLAT,0.0,-1,0.002132161367810687,0.026195390884251105,0.06901854056545692,SUPPORT,0.44185566931535236,0.006472742732644539,0.021978184295628308,2.500000000000002,-0.0020000000000000018,0.6305722611434259,0,staged_v3,0.193104712325685,2,0.9859951151510796,0.193104712325685,2,1,0,0
v3_pelvis_proxy:v3_right_hand_proxy,123,0.29547119140625006,0.20000000000000018,0.29547119140625,0.03584776685092343,0.9511193497590656,FLAT,0.0,-1,0.006157527989002479,0.006723209746469682,0.09968621272956549,UNLOADING,0.27213212308030604,0.023261100890008594,0.02781843116450175,0.05569500745615792,0.29547119140625,0.016069838288347224,0,ok,0.11711497516565586,0.9359389171806588,FLAT,0.0,-1,0.000760248927857428,0.010551113795544548,0.050535154191786925,SUPPORT,0.4434845354522819,0.0169756439140448,0.040938137771460326,2.500000000000002,-0.0010000000000000009,0.6295722611434259,1,staged_v3,0.20294653643823576,2,1.0125557974589872,0.20203584382413597,2,1,1,1
v3_pelvis_proxy:v3_right_hand_proxy,124,1.0,0.0,0.9999999040322818,0.2077379225096147,0.9485910921687615,FLAT,0.0,-1,0.005019162122778601,0.09510499048719923,0.10110379823576415,SUPPORT,0.31970105053832476,0.0,0.14580193567311744,0.1884955411258989,0.9999999040322818,0.014331201096341381,0,ok,0.09418726342555753,0.9354816702209807,FLAT,0.0,-1,0.002313099226073197,0.027164507492839628,0.03736962252963939,SUPPORT,0.4447876283618255,0.007147711239293881,0.01972076988718809,2.500000000000002,0.0,0.6295722611434259,0,staged_v3,0.2339337237787533,2,1.0019221845218491,0.2339337237787533,2,1,1,1
v3_pelvis_proxy:v3_right_hand_proxy,125,0.9999999999999999,0.20000000000000018,1.0000000000000002,0.1022209772061851,0.955113044059606,FLAT,0.0,-1,0.000950755415193127,0.019671541301264,0.1021195426363711,UNLOADING,0.27402947188999266,0.010434435830554555,0.06983034890100756,0.18849555921538763,1.0000000000000002,0.04572187872866185,0,ok,0.20342993936791984,0.9395481335929303,FLAT,0.0,-1,0.0009507511681069926,0.01081027616768485,0.05628297614304126,UNLOADING,0.38124653859585045,0.017003872639467215,0.05119846218773494,2.500000000000002,0.0010000000000000009,0.6305722611434259,0,staged_v3,0.26570463367703623,2,1.0301930595778204,0.26638441772993493,2,0,1,1
v3_pelvis_proxy:v3_right_hand_proxy,126,0.9961165346868802,0.30000000000001137,0.9999904963265327,0.0918807925350109,0.9463220582303977,FLAT,0.0,-1,0.009374133295492753,0.0414138381023826,0.07411452736526286,UNLOADING,0.23679797748774295,0.008911909430546622,0.01979381693771652,0.1884937678151428,0.9999904963265327,0.03882286782413334,0,ok,0.1465913717515256,0.9332863038505718,FLAT,0.0,-1,0.007533330614851953,0.034897766276618794,0.04142322546907072,UNLOADING,0.3267827556368481,0.010919274673812707,0.01615188659964083,1.2500000000001399,0.0015000000000000568,0.632072261143426,0,staged_v3,0.31832435434593453,2,1.037740853122279,0.3201107671732427,2,1,0,0
v3_pelvis_proxy:v3_right_hand_proxy,127,0.605224609375,0.5000000000000115,0.6052246053280357,0.11600899338461414,0.9479576385127055,FLAT,0.0,-1,0.00427479481568808,0.04042663802487455,0.054386509691743724,UNLOADING,0.20734355661606907,0.0,0.05159395060133265,0.11408215043222034,0.6052246053280357,0.036625490252747514,0,ok,0.039000804309878234,0.9329202301019873,FLAT,0.0,-1,0.004274798455814017,0.0017613287649138444,0.030837469513399433,UNLOADING,0.28012338933292213,0.02478054471075613,0.01828669595884854,2.500000000000002,0.0025000000000000577,0.634572261143426,1,staged_v3,0.2739902062154056,2,1.0275643375591061,0.2739902062154056,2,1,1,1
v3_pelvis_proxy:v3_right_hand_proxy,128,0.2354736328125003,0.7000000000000117,0.23547363281250006,0.06814407041081502,0.9467620540455843,FLAT,0.0,-1,0.006370137163210984,0.04076267969253083,0.04027879197753298,SUPPORT,0.25587484529285526,0.0,0.05258548189002585,0.04438573409747104,0.23547363281250006,0.043714418077400105,0,ok,0.09908783700205817,0.9301042357424774,FLAT,0.0,-1,0.007037367451623602,7.188818647133836e-05,0.023127701691608694,SUPPORT,0.32299130137098503,0.0260844968981091,0.023658402772319162,2.500000000000002,0.0035000000000000586,0.6380722611434261,1,staged_v3,0.1762784544123912,2,1.0528793071723708,0.1766619457621352,2,1,1,1
v3_pelvis_proxy:v3_right_hand_proxy,129,0.17022705078125008,0.9000000000000119,0.11729523050325467,0.10170770437710214,0.9529856987971672,FLAT,0.0,-1,0.0019309480061377908,0.04765292708345176,0.058528891125530294,SUPPORT,0.29469987623428423,0.0,0.06710588457577944,0.02210963006700878,0.11729523050325467,0.046512013251854015,0,ok,0.10846818653200284,0.9349261704668423,FLAT,0.0,-1,0.0019309556221290673,0.0006493786794827998,0.045926334670330915,UNLOADING,0.27684968688941575,0.026646938054033748,0.02950344852699139,2.500000000000002,0.0045000000000000595,0.6425722611434261,1,staged_v3,0.10631488386459408,2,1.0267831991927752,0.10382354612166186,2,1,1,1
v3_pelvis_proxy:v3_right_hand_proxy,130,0.8667458830531989,0.7000000000000117,0.7187897337984077,0.049235639605847134,0.9510960367760095,FLAT,0.0,-1,0.005602665123753377,0.004635098298688034,0.043321822051624756,SUPPORT,0.3257599009874274,0.022530992803893205,0.03343983576304345,0.13548867283061045,0.7187897337984077,0.04555163488849252,0,ok,0.06094358883918201,0.9370473424462573,FLAT,0.0,-1,0.0014758962160384957,0.011057657792473561,0.062326669629257286,UNLOADING,0.23729973161949922,0.017058675688989305,0.04575724361456324,-2.500000000000002,0.0035000000000000586,0.6460722611434262,0,staged_v3,0.0802261282971387,2,1.0254554687765716,0.08117261416093452,2,1,0,0
v3_pelvis_proxy:v3_left_hand_proxy,131,0.10276620371008825,0.5000000000000115,0.36132918354427457,0.0707039466829338,0.9550046838497706,FLAT,0.0,-1,0.0018386682209631168,0.00583192563316411,0.03236949412541614,SUPPORT,0.3506079207899419,0.0207865490731067,0.03501953962278688,0.06810894651301747,0.36132918354427457,0.03920002732997148,0,ok,0.037636132176072146,0.9309636696219991,FLAT,0.0,-1,0.006278091943151677,0.01594307060847074,0.07511247500502843,UNLOADING,0.23124268544265933,0.012812553141780685,0.04920973632653106,-2.500000000000002,0.0025000000000000577,0.6485722611434263,0,staged_v3,0.08810089750964892,2,1.0223783284741965,0.08588998856793388,2,1,0,0
v3_pelvis_proxy:v3_left_hand_proxy,132,0.12234507959753725,0.30000000000001137,0.5359212886009607,0.06995728080727226,0.9582731807115566,FLAT,0.0,-1,0.0019230900591311413,0.0048665176831898665,0.024418825636937577,SUPPORT,0.3704863366319535,0.021354423598657014,0.034654696591299154,0.1010187829902692,0.5359212886009607,0.038616823074378165,0,ok,0.038307249415765326,0.934420627345911,FLAT,0.0,-1,0.0019230900591319614,0.002675266652692695,0.08417124542512905,SUPPORT,0.2821164975768926,0.02653329561856376,0.04100274892481057,-2.500000000000002,0.0015000000000000568,0.6500722611434263,0,staged_v3,0.07638685048826813,2,1.020717976925436,0.07818357335923808,2,1,0,0
v3_pelvis_proxy:v3_left_hand_proxy,133,0.012903472012960411,0.10000000000001119,0.17130818358317476,0.07117619459093956,0.9517610367982122,FLAT,0.0,-1,0.005787747479731111,0.00788999605134422,0.04704854524213077,SUPPORT,0.3863890693055628,0.01946243121076232,0.036620578750392985,0.032290831862682806,0.17130818358317476,0.04053483371867772,0,ok,0.037267998509153216,0.9373504971428326,FLAT,0.0,-1,0.002612271367131082,0.006453608716190291,0.09077094265977642,SUPPORT,0.32046604955378577,0.023084938416798532,0.04397061273760794,-2.500000000000002,0.000500000000000056,0.6505722611434264,0,staged_v3,0.07653898948854881,2,1.019419111479391,0.07826214281610336,2,1,0,0
v3_pelvis_proxy:v3_left_hand_proxy,134,0.05757336543246984,0.09999999999998899,0.10758553475101262,0.0705153897716063,0.9468351714131061,FLAT,0.0,-1,0.008500573136601033,0.0057382627252763295,0.0628664294897283,SUPPORT,0.39911125544445025,0.02240505874921009,0.03424086783620749,0.02027939553637864,0.10758553475101262,0.04307526345708594,0,ok,0.03781904188393161,0.9346855391787661,FLAT,0.0,-1,0.003763487532825158,0.01014591034065859,0.09538754812185182,SUPPORT,0.353397201140855,0.019623467065434004,0.04519778931341064,-2.500000000000002,-0.0004999999999999449,0.6500722611434264,0,staged_v3,0.07726997258843313,2,1.0188335921379368,0.07887230062753528,2,1,0,0
v3_pelvis_proxy:v3_left_hand_proxy,135,0.5967331056843963,0.09999999999998899,0.884534604285834,0.05941177816765248,0.9532330808468914,FLAT,0.0,-1,0.0014526299742692742,0.04171410693881039,0.07420043882016386,SUPPORT,0.4092890043555602,0.0,0.05157930225677668,0.16673084488021986,0.884534604285834,0.019423350221558257,0,ok,0.028079435065565924,0.9387310996043023,FLAT,0.0,-1,0.0014526337434293045,0.006915474784313161,0.09869549048399481,SUPPORT,0.3782121101237055,0.023019299739886583,0.028692145891868154,0.0,-0.0004999999999999449,0.6495722611434265,0,staged_v3,0.10048430987383769,2,1.0157903270515418,0.09385108873379497,2,1,0,0
v3_pelvis_proxy:v3_left_hand_proxy,136,0.8991012760292166,0.10000000000001119,1.0,0.11337472034301092,0.9587152891044467,FLAT,0.0,-1,0.000838227996342069,0.007178212026625389,0.08311113901579056,SUPPORT,0.4174312034844482,0.02197734492416414,0.015294166506994465,0.1884955592153876,1.0,0.0402424675846543,0,ok,0.06015312546395625,0.9404902904462002,FLAT,0.0,-1,0.002340770208065024,0.05300790043072566,0.1010657347600437,SUPPORT,0.42592096267692586,0.0,0.035832351209667386,2.500000000000002,0.000500000000000056,0.6500722611434265,0,staged_v3,0.21043115675624033,2,1.0093423526718552,0.21230508796325714,2,1,0,0
v3_pelvis_proxy:v3_left_hand_proxy,137,0.5066655668729702,0.09999999999998899,0.9610595703125,0.07508175512824476,0.9574489051833746,FLAT,0.0,-1,0.004674032356159072,0.011920193441327127,0.0894959467037474,UNLOADING,0.3577981744152413,0.017554603893860245,0.038490905823230975,0.1811554611453548,0.9610595703125,0.04950215010740962,0,ok,0.035359275642684415,0.9383514249392885,FLAT,0.0,-1,0.004674035201066095,0.002168488231943673,0.10276408899754103,SUPPORT,0.4307367701415407,0.027969716217933382,0.03770795791188699,-2.500000000000002,-0.0004999999999999449,0.6495722611434266,1,staged_v3,0.290350574191705,2,1.014325213950931,0.290363118453435,2,0,0,0
v3_pelvis_proxy:v3_left_hand_proxy,138,0.15074301562852574,0.29999999999998916,0.9999687495535076,0.07999253788848677,0.9542795712286983,FLAT,0.0,-1,0.00525948316324264,0.030345279964789133,0.094061427268928,UNLOADING,0.31963750380062944,0.0,0.05384232588893196,0.18848966864500027,0.9999687495535076,0.05046005057307286,0,ok,0.032612969451898996,0.9233608288631792,FLAT,0.0,-1,0.014114127928923203,0.018591159234805484,0.07504925351524641,SUPPORT,0.4481809944843342,0.010161303440956837,0.05370311761622365,-2.500000000000002,-0.0014999999999999458,0.6480722611434266,0,staged_v3,0.2154723545811208,2,1.0135268832048485,0.21723694186756481,2,1,0,0
v3_pelvis_proxy:v3_left_hand_proxy,139,0.45135498046875,0.09999999999998899,0.3282110605012014,0.09115110151482135,0.9467748911168884,FLAT,0.0,-1,0.004913662120138512,0.04330959410817027,0.09733273704169601,UNLOADING,0.2834175666428458,0.0,0.06079004459597478,0.061866327389849374,0.3282110605012014,0.04981730877411922,0,ok,0.034245564606555666,0.9221516383882632,FLAT,0.0,-1,0.0036225629333470235,0.00017561680333662375,0.0552607619378743,SUPPORT,0.47240633295397594,0.027587421293557093,0.03536560515437151,2.500000000000002,-0.0004999999999999449,0.6475722611434267,1,staged_v3,0.17187866951776998,2,1.0120845090428991,0.17352696691700026,2,1,1,1
v3_pelvis_proxy:v3_right_hand_proxy,140,0.5368764662002103,0.29999999999998916,0.5098124978198444,0.07250872408602331,0.9485259967771033,FLAT,0.0,-1,0.002086778860431642,0.010377159743972447,0.09967673292047033,UNLOADING,0.24292934283672496,0.019606676902051073,0.037660460546772134,0.09609739187154515,0.5098124978198444,0.053218379686697015,0,ok,0.038166862655720876,0.923929018924016,FLAT,0.0,-1,0.002086781611647431,0.00297764938676946,0.04102024017252607,SUPPORT,0.48877845985953605,0.024073362621856845,0.04083329112810738,-2.500000000000002,-0.0014999999999999458,0.6460722611434268,0,staged_v3,0.09941162002749082,2,1.0117628984684301,0.08534782138473036,2,0,0,0
v3_pelvis_proxy:v3_left_hand_proxy,141,0.002458807080494152,0.09999999999998899,0.0068969661913695106,0.04743983680852664,0.9461482398046605,FLAT,0.0,-1,0.00569942850343142,0.009903409340023837,0.10135627935946805,SUPPORT,0.28434347426938,0.020164404627949568,0.03705226228647898,0.0013000474991318178,0.0068969661913695106,0.052872387019369735,0,ok,0.0661234548790465,0.9212105686240386,FLAT,0.0,-1,0.006259577418732345,0.002346931969630481,0.030821936636700242,SUPPORT,0.49073217653248663,0.024194164862204534,0.04004920331760406,2.500000000000002,-0.0004999999999999449,0.6455722611434268,1,staged_v3,0.17836640457824451,2,1.0307329545379842,0.12496374405285021,2,0,1,1
v3_pelvis_proxy:v3_left_hand_proxy,142,1.0000000000000002,0.10000000000001119,0.9999998897878009,0.29938251694154855,0.9518132826101868,FLAT,0.0,-1,0.001022998568788986,0.08965953423074947,0.10255972697057263,SUPPORT,0.317474779415504,0.011115691452327516,0.019012294896201116,0.1884955384408775,0.9999998897878009,0.04452898252680908,0,ok,0.20046642846340568,0.9268558977188296,FLAT,0.0,-1,0.001022993067766287,0.07923889324414324,0.05186323241918296,SUPPORT,0.48491329417070284,0.0,0.08141056077674677,2.500000000000002,0.000500000000000056,0.6460722611434269,0,staged_v3,0.24102560307635415,2,1.0249940909287794,0.24102560307635415,2,1,1,1
v3_pelvis_proxy:v3_left_hand_proxy,143,0.9999999999999999,0.09999999999998899,1.0,0.06111846282496028,0.9433750536782921,FLAT,0.0,-1,0.011203426712438772,0.011217879367844193,0.10303518309614094,UNLOADING,0.27212123949900346,0.018933879786962857,0.03618963518537004,0.1884955592153876,1.0,0.0487872953889885,0,ok,0.05374917838543248,0.9183626103844552,FLAT,0.0,-1,0.009628891824096495,0.009573512032926636,0.06640044880882667,UNLOADING,0.415639966432031,0.0187465104075147,0.04286548018600209,-2.500000000000002,-0.0004999999999999449,0.6455722611434269,0,staged_v3,0.28199579378134065,2,1.0175237851633439,0.28199579378134065,2,1,0,0
v3_pelvis_proxy:v3_right_hand_proxy,144,0.3313259300057101,0.29999999999998916,0.3865549917008587,0.07215065764165374,0.9445168815325798,FLAT,0.0,-1,0.00588572960053557,0.004990555724870685,0.0750738219120223,UNLOADING,0.2612560448386577,0.02376313537073043,0.0322307724738454,0.07286389932815288,0.3865549917008587,0.05265015292653649,0,ok,0.03786784361675845,0.9194002936035168,FLAT,0.0,-1,0.005884601954266962,0.004563975070235219,0.049444427766216464,UNLOADING,0.3955741724389684,0.022908246318075608,0.03986239842837155,-2.500000000000002,-0.0014999999999999458,0.644072261143427,0,staged_v3,0.2480059872906407,2,1.01130361376914,0.24752071311943555,2,0,0,0
v3_pelvis_proxy:v3_right_hand_proxy,145,0.432951682935238,0.49999999999998934,0.9831705132780217,0.09244596160367695,0.949165764681215,FLAT,0.0,-1,0.002583635594136688,0.006721248642974818,0.05511366036319567,UNLOADING,0.23990349323386023,0.021034434375184968,0.021149962410616077,0.18532327570442036,0.9831705132780217,0.026410977249624552,0,ok,0.04218615986727463,0.9216914979971942,FLAT,0.0,-1,0.002986078537690282,0.03372948763922212,0.037205954995609046,UNLOADING,0.4164690662269461,0.0,0.065642728367715,-2.500000000000002,-0.0024999999999999467,0.641572261143427,0,staged_v3,0.12091167806152375,2,1.0135530563068347,0.12207316628615573,2,1,0,0
v3_pelvis_proxy:v3_left_hand_proxy,146,0.45117187499999994,0.29999999999998916,0.4511718750000002,0.1460964712311259,0.954988920972135,FLAT,0.0,-1,0.0006221469739583817,0.005336064035842769,0.04169006581571645,SUPPORT,0.2819227945870882,0.025080755307975593,0.0020037479828102335,0.08504389488038,0.4511718750000002,0.03357552197441957,0,ok,0.10201616211723655,0.9219169639404632,FLAT,0.0,-1,0.0040234642162326455,0.04660290769088507,0.029290091490016816,SUPPORT,0.4231752529815569,0.0,0.0542942587823769,2.500000000000002,-0.0014999999999999458,0.6400722611434271,1,staged_v3,0.23661660871633328,2,1.024518027763416,0.23744467427179639,2,0,1,1
v3_pelvis_proxy:v3_left_hand_proxy,147,0.0,0.0,0.0,0.1460964712311259,0.9606036550019579,FLAT,0.0,-1,0.00099996847362248,0.005336064035842769,0.06028493041812848,UNLOADING,0.24164810964607558,0.026010498538096193,0.0020037479828102335,0.0,0.0,0.03357552197441957,0,ok,0.10201616211723655,0.9286001482680779,FLAT,0.0,-1,0.000999870102104768,0.04660290769088507,0.051894323945823426,UNLOADING,0.3627216454127631,0.0,0.0542942587823769,3.7499999999998646,0.0,0.6400722611434271,1,staged_v3,0.22626071899548217,2,0.9740114177557405,0.22418885105471706,2,1,1,1
v3_pelvis_proxy:v3_left_hand_proxy,148,0.028137207031250104,0.20000000000000018,0.02813670989328369,0.16776786720025874,0.9647971255541283,FLAT,0.0,-1,0.0009758118228601378,0.005238651470548737,0.04525530042603226,UNLOADING,0.20715273579469945,0.025403440237444463,0.0018593247838571527,0.005303644865815638,0.02813670989328369,0.034191885274362926,0,ok,0.1236687073330486,0.9286727347140343,FLAT,0.0,-1,0.003855271140139001,0.04751124422108574,0.039768538542071,UNLOADING,0.3128867431617544,0.0,0.055375522652671316,2.500000000000002,0.0010000000000000009,0.6410722611434271,1,staged_v3,0.163233389931081,2,0.9385163155403631,0.12025544315309238,2,0,1,1
v3_pelvis_proxy:v3_right_hand_proxy,149,0.24498098280868777,0.40000000000000036,0.2988972198464508,0.11892067389875834,0.957330746110596,FLAT,0.0,-1,0.008441033793698519,0.00054272995315188,0.03445835610855506,UNLOADING,0.177561191017696,0.026180187852275875,0.00708433407595497,0.05634079860288139,0.2988972198464508,0.030374494052258394,0,ok,0.07296577339933094,0.9268587814914838,FLAT,0.0,-1,0.005231323070783709,0.037960501171937236,0.03112465523287962,UNLOADING,0.2684713542670266,0.0,0.05466633244217339,2.500000000000002,0.0020000000000000018,0.6430722611434271,1,staged_v3,0.11206618121070991,2,1.0092219660540673,0.1133823712198768,2,1,1,1
v3_pelvis_proxy:v3_right_hand_proxy,150,0.9999999999999999,0.6000000000000005,0.6624986421573187,0.1831298982793578,0.95912302080311,FLAT,0.0,-1,0.0023008418181003037,0.038697104158236406,0.026676015523339616,SUPPORT,0.2320489528141568,0.0014122272827217126,0.02492157349344527,0.12487805203287874,0.6624986421573187,0.022377511104628448,0,ok,0.11535086166038776,0.9297150361826481,FLAT,0.0,-1,0.002300843813946665,0.06741069362568927,0.024885052516965232,SUPPORT,0.3047770834136213,0.0,0.04461981661707225,2.500000000000002,0.0030000000000000027,0.6460722611434271,0,staged_v3,0.11187628314524761,2,1.0160714156248918,0.11187628314524761,2,1,1,1
v3_pelvis_proxy:v3_right_hand_proxy,151,0.999829104904125,0.40000000000000036,0.4788307382668869,0.08440109751287701,0.9587563712932443,FLAT,0.0,-1,0.0037053826503786963,0.012973573341167267,0.0493739322470709,UNLOADING,0.1988991024121344,0.01449512327118628,0.03706347468568583,0.09025746777913374,0.4788307382668869,0.0318408698057341,0,ok,0.035334308981863176,0.9155358973447403,FLAT,0.0,-1,0.012110450951214949,0.01717569231288519,0.04873962783441209,UNLOADING,0.2612375000688183,0.010261289078835417,0.047683116691926514,-2.500000000000002,0.0020000000000000018,0.6480722611434271,0,staged_v3,0.13663584348636243,2,1.0068878164130504,0.1378260935217765,2,1,0,0
v3_pelvis_proxy:v3_left_hand_proxy,152,0.41461753277965635,0.20000000000000018,0.3874375897012212,0.07357812896428191,0.9593725015401056,FLAT,0.0,-1,0.004409621602041319,0.012081593162913285,0.037290831321799736,UNLOADING,0.17812150503606228,0.014782948403176704,0.03934836675557557,0.07303026513179359,0.3874375897012212,0.05005664903159805,0,ok,0.03750986618383201,0.9197939431128838,FLAT,0.0,-1,0.004409621740152638,0.009565203733129631,0.03748529924565042,UNLOADING,0.3164480417679324,0.01730906122915289,0.0448022704135764,-2.500000000000002,0.0010000000000000009,0.6490722611434271,0,staged_v3,0.12736835914999786,2,1.012100349178742,0.12564273568684933,2,0,0,0
v3_pelvis_proxy:v3_left_hand_proxy,153,0.13371380998494845,0.0,0.12531971345476622,0.07388179656062567,0.9461662537662381,FLAT,0.0,-1,0.013496114470324826,0.011647475002620221,0.02863773174522859,UNLOADING,0.16773427625728374,0.014784411584641211,0.0389551039406978,0.023622209468368294,0.12531971345476622,0.04996935837411261,0,ok,0.03727589227188254,0.9035378158492695,FLAT,0.0,-1,0.01757706724681757,0.00968112445706459,0.028155959111856838,UNLOADING,0.35319382987416004,0.016726673498528254,0.045097410642210845,-2.500000000000002,0.0,0.6490722611434271,0,staged_v3,0.07766390546675853,2,1.0112767963080402,0.07910110207499883,2,1,0,0
v3_pelvis_proxy:v3_left_hand_proxy,154,0.9999999999999999,0.20000000000000018,0.31223426556998096,0.167203344822299,0.9393770579769536,FLAT,0.0,-1,0.008816000862865395,0.032856415235365304,0.022437514965102566,SUPPORT,0.224187421005827,0.0,0.027975193737514288,0.05885477249481941,0.31223426556998096,0.047614122681106166,0,ok,0.0812253458262601,0.9028941354262396,FLAT,0.0,-1,0.009089387529916093,0.02857991498080562,0.021997538011960357,SUPPORT,0.38385922102192815,0.0001265189892057754,0.025973357911392245,2.500000000000002,0.0010000000000000009,0.6500722611434271,0,staged_v3,0.07741723680559583,2,1.0120053206411874,0.07851659820513758,2,1,1,1
v3_pelvis_proxy:v3_left_hand_proxy,155,1.0000000000000002,0.0,0.4779564284139547,0.08635549928686984,0.9478843508668346,FLAT,0.0,-1,0.0021717004477551038,0.01778206400584499,0.046341734452418334,UNLOADING,0.19216064657642315,0.009535022716775927,0.04090265379683718,0.09009266425447776,0.4779564284139547,0.05091543028890454,0,ok,0.0316728954693814,0.9133322337288887,FLAT,0.0,-1,0.0021716995839857096,0.010560570439458732,0.04593170540955639,UNLOADING,0.329022189447367,0.01673601483101909,0.04188265522822068,-2.500000000000002,0.0,0.6500722611434271,0,staged_v3,0.09644666272143658,2,1.0088842651098708,0.08821512213625773,2,0,0,0
v3_pelvis_proxy:v3_left_hand_proxy,156,0.05475888204323497,0.20000000000000018,0.13211071528657103,0.0738502098113547,0.9523503755265785,FLAT,0.0,-1,0.0024680966682735384,0.01226933444545181,0.03512298722728715,UNLOADING,0.17135741327212511,0.014486814915912548,0.03962463543375264,0.024902283156287064,0.13211071528657103,0.050867928527289163,0,ok,0.037634944663362986,0.9169193031645503,FLAT,0.0,-1,0.004679934401060011,0.009340975683342707,0.03479281597705677,UNLOADING,0.38171623112731123,0.017398665115510133,0.044693940086981354,-2.500000000000002,-0.0010000000000000009,0.6490722611434271,0,staged_v3,0.07984094103140536,2,1.0103743673694903,0.08081812174161761,2,1,0,0
v3_pelvis_proxy:v3_left_hand_proxy,157,0.05057670522395296,0.40000000000000036,0.05789802144796596,0.07360932966897309,0.9568781898243274,FLAT,0.0,-1,0.0024042027517215004,0.009713886095565696,0.027084403575067837,UNLOADING,0.16188853277330464,0.016640334083187696,0.03714761643877994,0.010913519930298848,0.05789802144796596,0.05071161852285344,0,ok,0.037611790405010455,0.9234383332609155,FLAT,0.0,-1,0.002404212443734494,0.007734643508969189,0.026754551959719916,UNLOADING,0.4073748926423091,0.018603084089016807,0.0431780277936673,-2.500000000000002,-0.0020000000000000018,0.6470722611434271,0,staged_v3,0.07800333762743066,2,1.0103910961972822,0.07954836327506476,2,1,0,0
v3_pelvis_proxy:v3_right_hand_proxy,158,0.1520503040510065,0.6000000000000005,0.9634861525415236,0.06358518105386932,0.9562814741696687,FLAT,0.0,-1,0.005322145137928248,0.0010839170526527721,0.02135148580913029,SUPPORT,0.2195108262186437,0.024983657237803745,0.018602460900603468,0.18161286111959674,0.9634861525415236,0.05384813546244098,0,ok,0.0640687755383043,0.9296499710319912,FLAT,0.0,-1,0.0001974597553521893,0.0005171565707353882,0.020994333110374883,SUPPORT,0.42926773138030505,0.025532560084783357,0.03341084694301215,-2.500000000000002,-0.0030000000000000027,0.6440722611434271,1,staged_v3,0.13557409373264043,2,1.0113558269923009,0.08435401640676639,2,0,0,0
v3_pelvis_proxy:v3_left_hand_proxy,159,0.9999999999999999,0.40000000000000036,1.0,0.3175268410885761,0.960490497254349,FLAT,0.0,-1,0.001785120835413592,0.09617216687326485,0.045563560557968175,SUPPORT,0.265608660974915,0.0005884543173423733,0.026689723710556036,0.1884955592153876,1.0,0.04335071102137107,0,ok,0.1355034275449895,0.9341121143768705,FLAT,0.0,-1,0.0017851229802419999,0.04248590476204186,0.045205340393196534,SUPPORT,0.43341418510424407,0.0,0.03630775977743593,2.500000000000002,-0.0020000000000000018,0.6420722611434271,0,staged_v3,0.2124629079906335,2,1.0333973076807073,0.2124629079906335,2,1,1,1
v3_torso_proxy:v3_right_forearm_proxy,160,0.9999999999999999,0.20000000000000018,1.0,0.2160919032890637,0.9443970318764164,FLAT,0.0,-1,0.013530125741329916,0.058207719203375,0.06262025910531988,UNLOADING,0.22766456654992712,0.0,0.05164972781868077,0.1884955592153876,1.0,0.045174995639570614,0,ok,0.24149332271145726,0.9282001163575524,FLAT,0.0,-1,0.006516654043809801,0.1039568149206814,0.06254971704264231,UNLOADING,0.37149787294649494,0.009367987343531625,0.01875949850860049,2.500000000000002,-0.0010000000000000009,0.6410722611434271,0,staged_v3,0.3606473892530062,2,1.004937144669107,0.36215122656052284,2,0,1,1
v3_pelvis_proxy:v3_left_hand_proxy,161,0.9999999999999999,0.0,1.0,0.13751223095183462,0.9353640640617444,FLAT,0.0,-1,0.01129116380902471,0.019245471679502017,0.04579328377124474,UNLOADING,0.19514105802827808,0.017152051870912156,0.01013761231765008,0.1884955592153876,1.0,0.03700103007734144,0,ok,0.13359910888449042,0.9178977634323409,FLAT,0.0,-1,0.012775059881644221,0.03639380859817147,0.04654460313316253,UNLOADING,0.3184267482490986,0.0,0.038642399624942626,2.500000000000002,0.0,0.6410722611434271,0,staged_v3,0.4913390450725448,2,1.0466721944396375,0.4921127479576382,2,0,1,1
v3_pelvis_proxy:v3_left_hand_proxy,162,0.33056640625,0.20000000000000018,0.33056640625000006,0.09741879370338888,0.9458330576254226,FLAT,0.0,-1,0.001377245211265325,0.005958047995738362,0.0337625810987676,UNLOADING,0.16733150695066373,0.02516661554674296,0.0015215135081954228,0.062310299603914765,0.33056640625000006,0.04319985422083236,0,ok,0.11701790433367962,0.9261852684842121,FLAT,0.0,-1,0.0013772564551416038,0.05621718305670574,0.03509477385785837,UNLOADING,0.2730384741823764,0.0,0.030630285478892634,2.500000000000002,0.0010000000000000009,0.6420722611434271,1,staged_v3,0.5286011085179615,2,1.0112095890309591,0.5299491994959673,2,1,1,1
v3_pelvis_proxy:v3_right_hand_proxy,163,1.0000000000000007,0.40000000000000036,1.0,0.29428311641848387,0.9498953214638344,FLAT,0.0,-1,0.004213992579275881,0.07750173024915755,0.0251370097131135,SUPPORT,0.223865205560531,0.0,0.029566937161531227,0.1884955592153876,1.0,0.017141385491613946,0,ok,0.16904824517797074,0.9144656510979084,FLAT,0.0,-1,0.012107421109260854,0.07457381755304221,0.025702800644539642,SUPPORT,0.30843077934590113,0.0,0.0328012538597299,2.500000000000002,0.0020000000000000018,0.6440722611434271,0,staged_v3,0.16275089116836425,2,0.9912145981063679,0.15937822158650086,2,1,1,1
v3_pelvis_proxy:v3_left_hand_proxy,164,0.9999999999999999,0.6000000000000005,1.0,0.39658194010612574,0.9494086684705937,FLAT,0.0,-1,0.005809907105611812,0.161286622091085,0.047267191016279075,UNLOADING,0.19188446190902658,0.0,0.0693547583415229,0.1884955592153876,1.0,0.039987261505552874,0,ok,0.1405792759487969,0.9172636129807558,FLAT,0.0,-1,0.0033993720041437963,0.019391113927939983,0.0484703252413516,UNLOADING,0.2643692394393438,0.022980429668758382,0.0044430865933092,2.500000000000002,0.0030000000000000027,0.6470722611434271,0,staged_v3,0.27967474687094274,2,0.9719352014613741,0.28022792662454044,2,1,1,1
v3_pelvis_proxy:v3_right_hand_proxy,165,1.0000000000000002,0.40000000000000036,1.0000000000000002,0.19245700515363381,0.9574816723493302,FLAT,0.0,-1,0.000639978371480255,0.030404308309535562,0.034777293779627384,UNLOADING,0.16447239592202278,0.0054417415127851095,0.02129712317619626,0.18849555921538763,1.0000000000000002,0.02683744269526564,0,ok,0.22782044612752053,0.9262777423052042,FLAT,0.0,-1,0.0006399577582418207,0.0884694906878232,0.03643710080279688,UNLOADING,0.226649240074279,0.0,0.04326467716005402,-2.500000000000002,0.0020000000000000018,0.6490722611434271,0,staged_v3,0.43272424562294143,2,0.9610703456286812,0.43259953886262553,2,0,0,0
v3_pelvis_proxy:v3_left_hand_proxy,166,0.9293984213494607,0.6000000000000005,0.9999990145007353,0.22408193020583825,0.9547067206477663,FLAT,0.0,-1,0.00639222696228052,0.05314540802369356,0.025410527925859325,UNLOADING,0.1409763882426041,0.00639461282824947,0.019875913568043496,0.1884953734531526,0.9999990145007353,0.02178001852128731,0,ok,0.0802789379211551,0.9319925234636108,FLAT,0.0,-1,0.0011822522766954733,0.01069713275531274,0.027826089358372826,UNLOADING,0.1942707773311858,0.015694171712605905,0.017179524297781246,2.500000000000002,0.0030000000000000027,0.6520722611434271,0,staged_v3,0.4899715242399968,2,1.0353985330132625,0.49008581349079383,2,0,1,1
v3_pelvis_proxy:v3_left_hand_proxy,167,0.6212158203124999,0.8000000000000007,0.6212158203125,0.19373080940321724,0.9580364243829536,FLAT,0.0,-1,0.0030036746921960297,0.03043967829386257,0.018715133599173563,SUPPORT,0.2027811105940833,0.024493204859166756,0.0014425518207919251,0.11709642344325043,0.6212158203125,0.03355127577126442,0,ok,0.145704364860818,0.934539882915723,FLAT,0.0,-1,0.0030036758939005702,0.07492258455135659,0.021656029713240706,SUPPORT,0.24541662186494864,0.0023201794531640257,0.023762622032498012,2.500000000000002,0.0040000000000000036,0.6560722611434271,1,staged_v3,0.5050083081543122,2,1.0120686466708013,0.5064349179603101,2,1,1,1
v3_pelvis_proxy:v3_left_hand_proxy,168,1.0,0.6000000000000005,1.0000000000000002,0.12162648965036127,0.9602398463832937,FLAT,0.0,-1,0.0034678118188511214,0.02061666581895437,0.04226454287008618,UNLOADING,0.17381238050921427,0.00649656132454994,0.03323935599616428,0.18849555921538763,1.0000000000000002,0.047290807842518656,0,ok,0.05002616796364628,0.9385699190356575,FLAT,0.0,-1,0.0010231283626475486,0.024832555578604226,0.045597247631255194,UNLOADING,0.21035710445567027,0.0024473068029585363,0.041507387275535226,-2.500000000000002,0.0030000000000000027,0.6590722611434271,0,staged_v3,0.305467590801402,2,1.00592076678561,0.300355767274521,2,0,0,0
v3_pelvis_proxy:v3_left_hand_proxy,169,0.5539606990063399,0.40000000000000036,0.2623684964448595,0.07291569370913956,0.9649672344975517,FLAT,0.0,-1,0.0013799773746632263,0.022547352074082216,0.030982216008462952,UNLOADING,0.14934173878829327,0.004001758726340933,0.049459040886004904,0.04945529645787422,0.2623684964448595,0.05134784461907259,0,ok,0.038500340049818615,0.9402368123373742,FLAT,0.0,-1,0.0020434690852414693,0.019371588050459777,0.03437267065177688,UNLOADING,0.23501668005938592,0.007347045482129069,0.05394608614603407,-2.500000000000002,0.0020000000000000018,0.6610722611434271,0,staged_v3,0.16586117903148773,2,1.0130299663648614,0.16299738001171546,2,0,0,0
v3_pelvis_proxy:v3_left_hand_proxy,170,0.1283400773024302,0.20000000000000018,0.14810107439380799,0.07245635578049162,0.9675269996435747,FLAT,0.0,-1,0.0008800988165543514,0.02122060644017707,0.02301621385669906,UNLOADING,0.1441079989374383,0.004930204252657881,0.049425438555720805,0.027916394838260555,0.14810107439380799,0.05101914680555664,0,ok,0.03789845264476149,0.9421461981936571,FLAT,0.0,-1,0.0008801120383093225,0.02321216923446694,0.02635632219569818,UNLOADING,0.2894162957424199,0.003105646875317971,0.058008029851119414,-2.500000000000002,0.0010000000000000009,0.6620722611434271,0,staged_v3,0.07414342311078309,2,1.0141841354729788,0.0745284410445485,2,1,0,0
v3_pelvis_proxy:v3_left_hand_proxy,171,0.04214552816038444,0.0,0.3228690291679929,0.06971238903735091,0.9692093710759933,FLAT,0.0,-1,0.0013830872792584914,0.015857687931727173,0.01726261283173455,SUPPORT,0.20528639914995064,0.010005442709859556,0.0460524138189107,0.06085937820635012,0.3228690291679929,0.05079518532356378,0,ok,0.03855100656160481,0.9291285463890524,FLAT,0.0,-1,0.011694312995574923,0.015249324022604944,0.01964328260047367,SUPPORT,0.3340935835474167,0.010732840107418741,0.053243725486043295,-2.500000000000002,0.0,0.6620722611434271,0,staged_v3,0.07174584179698905,2,1.0135470346162465,0.07350060661248324,2,1,0,0
v3_pelvis_proxy:v3_left_hand_proxy,172,0.006359328531407544,0.20000000000000018,0.13523156363076969,0.06869203418889411,0.9726245404695081,FLAT,0.0,-1,0.0006252627600330082,0.012660603940927485,0.04141441925382974,SUPPORT,0.2542291193199605,0.014410117021764004,0.04281504094198845,0.0254905492101532,0.13523156363076969,0.05079438665044923,0,ok,0.039229600288040484,0.935203751906584,FLAT,0.0,-1,0.0006252562533949086,0.0118295555177215,0.04313280471375218,SUPPORT,0.36604189221103983,0.015327084717966111,0.04980345733054,-2.500000000000002,-0.0010000000000000009,0.6610722611434271,0,staged_v3,0.07228990631847165,2,1.0132668791884898,0.07403196053357823,2,1,0,0
v3_pelvis_proxy:v3_left_hand_proxy,173,0.0035653909549341087,0.40000000000000036,0.06378928332448269,0.06825052606882052,0.973738512232668,FLAT,0.0,-1,0.0004897627818594511,0.009662046630427298,0.05922741801061948,SUPPORT,0.2933832954559684,0.018299324270103678,0.03983112793588595,0.012023996632197165,0.06378928332448269,0.05088526525732964,0,ok,0.03946465964342738,0.9341956125538722,FLAT,0.0,-1,0.004712849025425262,0.008730300936592938,0.060023495218261544,SUPPORT,0.38772774583534636,0.01927087382432014,0.046720534049807645,-2.500000000000002,-0.0020000000000000018,0.6590722611434271,0,staged_v3,0.07315210485888658,2,1.0130768618941757,0.07486872318570932,2,1,0,0
v3_pelvis_proxy:v3_left_hand_proxy,174,0.0022320166023430356,0.6000000000000005,0.04702498161715758,0.06810126714196676,0.9729878461083147,FLAT,0.0,-1,0.0035820162227678284,0.0062982109055419,0.07199098935507131,SUPPORT,0.32470663636477476,0.022301338562211667,0.03644658068571596,0.00886400020701944,0.04702498161715758,0.05095623667356747,0,ok,0.039560938494337,0.9364710560200867,FLAT,0.0,-1,0.0035820231937962717,0.0052474639524423975,0.07224794416134846,SUPPORT,0.403378326462354,0.02336493325562503,0.04322120881775232,-2.500000000000002,-0.0030000000000000027,0.6560722611434271,0,staged_v3,0.07431197421294791,2,1.0127859261792358,0.07600661572749574,2,1,0,0
v3_pelvis_proxy:v3_left_hand_proxy,175,0.1639706128439767,0.8000000000000007,0.9869827369989269,0.07366889160091256,0.9716836121259558,FLAT,0.0,-1,0.0033414708556580956,0.021077885900383207,0.08116042299777806,SUPPORT,0.3497653090918198,0.007980135249505697,0.04798302954029162,0.18604186294654657,0.9869827369989269,0.0530679228557107,0,ok,0.03633982696826514,0.938053485677099,FLAT,0.0,-1,0.003671333058184934,0.02232979664008212,0.08100504345232376,SUPPORT,0.41489409977586733,0.006720455532534069,0.05681220780521858,-2.500000000000002,-0.0040000000000000036,0.6520722611434271,0,staged_v3,0.0987326664530663,2,1.0120848142229264,0.08725350139370172,2,0,0,0
v3_pelvis_proxy:v3_left_hand_proxy,176,0.17090850611992262,1.0000000000000009,0.594975970525426,0.07119376173774572,0.9681904590171275,FLAT,0.0,-1,0.004927159443052263,0.00449679012592158,0.0877066741633415,SUPPORT,0.36981224727345585,0.024888543582245497,0.03433344480148234,0.11215032828390814,0.594975970525426,0.051944371754282556,0,ok,0.03751524653983335,0.9371752841757178,FLAT,0.0,-1,0.004945991506730852,0.003500308745377695,0.08730459691535739,SUPPORT,0.4327866493503732,0.025864921100390178,0.04105280864824759,-2.500000000000002,-0.0050000000000000044,0.6470722611434271,0,staged_v3,0.15662461178677592,2,1.012018009667034,0.15777888535295878,2,1,0,0
v3_pelvis_proxy:v3_left_hand_proxy,177,0.23059169156581458,0.9000000000000119,0.9999952845162635,0.08701116741911166,0.9696884313182315,FLAT,0.0,-1,0.0007161150705611065,0.03540828521966815,0.0925897890293386,SUPPORT,0.38584979781876466,0.0,0.035895545094801015,0.18849467036764372,0.9999952845162635,0.05283485402189493,0,ok,0.042510355088184744,0.9397454165330063,FLAT,0.0,-1,0.0007161176673428309,0.023494645647643125,0.09175807598226546,SUPPORT,0.44344860512509615,0.00609325815147015,0.0387981453759266,1.2499999999998623,-0.0045000000000000595,0.642572261143427,0,staged_v3,0.18595269771704778,2,1.0123148337539822,0.185924960557598,2,1,0,0
v3_pelvis_proxy:v3_right_hand_proxy,178,1.0,0.7000000000000117,0.7999684715740315,0.21623204277815342,0.968941979390098,FLAT,0.0,-1,0.0012830495239216564,0.07241110810446466,0.09620392946787296,UNLOADING,0.3307283981303697,0.0,0.06838116107920891,0.15079050440402597,0.7999684715740315,0.04908730079217241,0,ok,0.11553734507378118,0.9374395698546317,FLAT,0.0,-1,0.004928974479102664,0.023277945553787573,0.09503532078297683,SUPPORT,0.4447588841000769,0.00647382048536127,0.023989937490914534,2.500000000000002,-0.0035000000000000586,0.639072261143427,0,staged_v3,0.20821405761659478,2,1.0130669795080574,0.20821405761659478,2,1,1,1
v3_pelvis_proxy:v3_left_hand_proxy,179,0.8098144531250002,0.5000000000000115,0.809814453125,0.19990478919030485,0.9680841891268117,FLAT,0.0,-1,0.002931200925895459,0.03125895955964324,0.0998938500984389,UNLOADING,0.28348148411174545,0.02608207518337429,0.003912617321547657,0.15264642820250016,0.809814453125,0.03457940417798258,0,ok,0.1662851966841966,0.9375611155513849,FLAT,0.0,-1,0.002931199290004548,0.025817232294252382,0.06918016594208565,SUPPORT,0.4458071072800615,0.016274736643231445,0.012184271653872838,2.500000000000002,-0.0025000000000000577,0.6365722611434269,1,staged_v3,0.265384053977384,2,1.0334861955210428,0.26311045833075003,2,1,1,1
v3_torso_proxy:v3_left_forearm_proxy,180,1.0,0.30000000000001137,1.0,0.16598235725916696,0.9590190382502286,FLAT,0.0,-1,0.008507613068943879,0.04585236614233562,0.10431123384764723,UNLOADING,0.24298412923863896,0.0,0.04705750733275604,0.1884955592153876,1.0,0.061042928262645665,0,ok,0.24309241992785413,0.9413210785671646,FLAT,0.0,-1,0.0008890803407803569,0.09872154803213926,0.0506704995971834,SUPPORT,0.44664568582404923,0.007982821735030465,0.019550703244828705,2.500000000000002,-0.0015000000000000568,0.6350722611434269,0,staged_v3,0.35803002906706477,2,0.9775758918346001,0.3562907287798704,2,1,1,1
v3_torso_proxy:v3_left_forearm_proxy,181,0.2046508789062499,0.10000000000001119,0.20465087890625003,0.22735227255847382,0.9607807492982877,FLAT,0.0,-1,0.0035880317619105305,0.06441040325628555,0.10758003624689774,UNLOADING,0.20827211077597627,0.0,0.04063531325971376,0.03857578186335417,0.20465087890625003,0.05787778692926461,0,ok,0.2479307516254714,0.9383448410675364,FLAT,0.0,-1,0.00603050583468021,0.07536424793413582,0.03793889214482586,SUPPORT,0.44731654865923937,0.020303611897243015,0.006593332709998279,2.500000000000002,-0.000500000000000056,0.6345722611434268,1,staged_v3,0.43998334765637254,2,0.9333859508191988,0.43126855768076583,2,0,1,1
v3_torso_proxy:v3_left_forearm_proxy,182,0.01806640624999979,0.09999999999998899,0.018066401064517554,0.19761014532015006,0.9631549660665231,FLAT,0.0,-1,0.0032303606334084366,0.06357683327846077,0.11001605453448213,UNLOADING,0.17851895209369395,0.0,0.03973309267038437,0.00340543637166571,0.018066401064517554,0.05758853552823308,0,ok,0.22052492925937983,0.9398211130636818,FLAT,0.0,-1,0.0032303613146297014,0.07384356990541767,0.03191768811228165,SUPPORT,0.4478532389273915,0.020233813435291768,0.0063620709703223165,2.500000000000002,0.0004999999999999449,0.6350722611434267,1,staged_v3,0.28993700482130275,2,1.0493058787520186,0.15677122491824735,2,0,1,1
v3_torso_proxy:v3_left_forearm_proxy,183,0.10998535156249964,0.29999999999998916,0.1099852410367542,0.17569917540423008,0.9595862009678409,FLAT,0.0,-1,0.0071022409233961045,0.07108074611225192,0.11183923963041241,UNLOADING,0.1530162446517377,0.0,0.044869375436144145,0.02073172951466218,0.1099852410367542,0.05611378165545482,0,ok,0.19150391244380707,0.9371152918508634,FLAT,0.0,-1,0.004960321934234269,0.06794822981849874,0.027421447648410445,SUPPORT,0.4482825911419132,0.020374769978367138,0.0059963024040533865,2.500000000000002,0.0014999999999999458,0.6365722611434267,1,staged_v3,0.2368956124317424,2,1.0427052300464474,0.12421062207022322,2,0,1,1
v3_torso_proxy:v3_left_forearm_proxy,184,1.0,0.49999999999998934,0.9999995988389864,0.264274551344637,0.9488044083629054,FLAT,0.0,-1,0.009704739734335867,0.13540510782777276,0.11310648088348105,UNLOADING,0.13115678113006088,0.0,0.08363149034017636,0.188495483598318,0.9999995988389864,0.056113469348215816,0,ok,0.1878300219032432,0.9403831857611274,FLAT,0.0,-1,0.0020792857560518354,0.05816450157892464,0.024275538397267832,SUPPORT,0.44862607291353057,0.001704061047135802,0.024509715872727593,2.500000000000002,0.0024999999999999467,0.6390722611434266,0,staged_v3,0.11033848621850405,2,1.0011062866747542,0.11033848621850405,2,1,1,1
v3_pelvis_proxy:v3_right_hand_proxy,185,0.9999999999999997,0.29999999999998916,0.9999075014796961,0.058208515168625,0.9546257358505879,FLAT,0.0,-1,0.0024722875779032293,0.021830693882054178,0.11397995323249452,UNLOADING,0.11242009811148075,0.008868303779570548,0.03776501670907298,0.18847812365507632,0.9999075014796961,0.054791613277213325,0,ok,0.04846257854752707,0.9369294000733353,FLAT,0.0,-1,0.004729057336167062,0.006998797463545173,0.022039511081581257,SUPPORT,0.44890085833082444,0.02105051617372967,0.005051459380349393,-2.500000000000002,0.0014999999999999458,0.6405722611434266,0,staged_v3,0.34392675743000595,2,0.9771157608434843,0.19153067734220358,2,0,0,0
v3_pelvis_proxy:v3_right_hand_proxy,186,0.20471191406250014,0.49999999999998934,0.20471191406250003,0.06884604839094784,0.9324759681904171,FLAT,0.0,-1,0.01566277854859846,0.03223735724938577,0.1144206422966061,SUPPORT,0.1799360784891846,0.0,0.03391028884689718,0.038587286719263314,0.20471191406250003,0.060466219902124016,0,ok,0.07775422617575109,0.9327990501893281,FLAT,0.0,-1,0.006366280990831339,0.012026196331299704,0.02045153002017216,SUPPORT,0.44912068666465954,0.025201224682281368,0.0008213518187272411,2.500000000000002,0.0024999999999999467,0.6430722611434265,1,staged_v3,0.2591640456189835,2,0.975873575850881,0.2610418079012746,2,1,1,1
v3_pelvis_proxy:v3_left_hand_proxy,187,0.09967041015625015,0.6999999999999895,0.09967041015624999,0.05083277376910919,0.9018420614215945,FLAT,0.0,-1,0.028883420879046193,0.04031232799398973,0.11630489236020469,SUPPORT,0.2339488627913477,0.0,0.03834632263186039,0.01878742969962939,0.09967041015624999,0.058683002227278944,0,ok,0.0682541260712338,0.9327332656660412,FLAT,0.0,-1,0.003386989549851115,0.01204663725525864,0.04763732303788621,SUPPORT,0.44929654933172763,0.02680414529616218,0.0005777208557321322,2.500000000000002,0.0034999999999999476,0.6465722611434265,1,staged_v3,0.2025828190538288,2,1.0561611734452752,0.15374556376528523,2,0,1,1
v3_pelvis_proxy:v3_right_hand_proxy,188,1.0000000000000002,0.49999999999998934,0.9999354019136483,0.10742423950167698,0.9092704797297554,FLAT,0.0,-1,0.004632128139766355,0.025407211477927003,0.11732167313398559,SUPPORT,0.27715909023307816,0.005680534229258488,0.025185549427440793,0.1884833827629765,0.9999354019136483,0.04668262700212136,0,ok,0.052033108479044084,0.9238454479235599,FLAT,0.0,-1,0.009757024030944996,0.035843321474502816,0.06702432819392962,SUPPORT,0.4494372394653821,0.0,0.03896022410783702,-2.500000000000002,0.0024999999999999467,0.6490722611434264,0,staged_v3,0.20046653147028004,2,0.9982049824992549,0.15147189940428502,2,0,0,0
v3_pelvis_proxy:v3_left_hand_proxy,189,1.0,0.6999999999999895,1.0000000000000002,0.1805947071661181,0.9040551174374171,FLAT,0.0,-1,0.012706589653493151,0.09742815539088939,0.1180224440227319,UNLOADING,0.23756493448549557,0.0,0.042247640464087514,0.18849555921538763,1.0000000000000002,0.05130073889030223,0,ok,0.11748676663611006,0.8839807860400043,FLAT,0.0,-1,0.030651891995729777,0.006006420912685426,0.07853034787954116,SUPPORT,0.4495497915723057,0.024891375428951906,0.0040351419650251534,2.500000000000002,0.0034999999999999476,0.6525722611434264,0,staged_v3,0.21888778839360554,2,1.0068533885879207,0.22048245047333703,2,1,1,1
v3_pelvis_proxy:v3_right_hand_proxy,190,1.0,0.49999999999998934,1.0,0.0979677751906408,0.9022042102144079,FLAT,0.0,-1,0.011560212437279695,0.04680848597767758,0.11846315893307555,UNLOADING,0.20362708670185334,0.0,0.043436859476103026,0.1884955592153876,1.0,0.0402071703192215,0,ok,0.051924335007007744,0.8824671283733395,FLAT,0.0,-1,0.00972106815671732,0.03464519513322305,0.05858484063229358,SUPPORT,0.44963983325784457,0.0,0.028315416887901727,-2.500000000000002,0.0024999999999999467,0.6550722611434263,0,staged_v3,0.34408752675340964,2,0.9967797383777732,0.34526781185492517,2,0,0,0
v3_pelvis_proxy:v3_right_hand_proxy,191,0.9118678371189489,0.29999999999998916,0.4059450700372414,0.07183068397418033,0.9157472432387002,FLAT,0.0,-1,0.0013521839961889105,0.010964433520670874,0.11891403074326018,UNLOADING,0.17453750288730285,0.019981268016492137,0.03773305872871059,0.0765188429873995,0.4059450700372414,0.04443331881239912,0,ok,0.1134390309533198,0.876836002093788,FLAT,0.0,-1,0.014273173666486522,0.017156582576475603,0.04471880506368584,SUPPORT,0.44971186660627566,0.01007935767670869,0.049649265674033896,-2.500000000000002,0.0014999999999999458,0.6565722611434263,0,staged_v3,0.32843431852067917,2,1.0101612389000527,0.33010130117064923,2,1,0,0
v3_pelvis_proxy:v3_right_hand_proxy,192,0.24852469336201777,0.09999999999998899,0.399569460096201,0.06954468590244221,0.9243093352615828,FLAT,0.0,-1,0.0037340134170546165,0.00737597722574956,0.11937572590820078,SUPPORT,0.2296300023098423,0.02359280906966048,0.038784689331890304,0.07531706882622391,0.399569460096201,0.046172804098856546,0,ok,0.09565776932763238,0.884861145184589,FLAT,0.0,-1,0.005317754441108011,0.013450447795298609,0.03475706918962415,SUPPORT,0.4497694932850205,0.0132874056641826,0.04721070679440825,-2.500000000000002,0.0004999999999999449,0.6570722611434262,0,staged_v3,0.15734655778115547,2,1.0109333832853202,0.15897166860504172,2,0,0,0
v3_pelvis_proxy:v3_right_hand_proxy,193,0.10911660666469074,0.10000000000001119,0.1390981543298366,0.0647987047096878,0.9298057752826867,FLAT,0.0,-1,0.005101954063254904,0.005952995177636099,0.1196513783164902,SUPPORT,0.27370400184787386,0.025029573738188413,0.03700133950779289,0.026219384386230837,0.1390981543298366,0.04839031532020992,0,ok,0.07700165629181545,0.8867269683092469,FLAT,0.0,-1,0.00912994195268529,0.017534539921724334,0.05599173576521437,UNLOADING,0.3855167085300176,0.010265046866536388,0.04848372582894912,-2.500000000000002,-0.000500000000000056,0.6565722611434262,0,staged_v3,0.07595318660106899,2,1.0101031295198442,0.0776181376072909,2,1,0,0
v3_torso_proxy:v3_left_forearm_proxy,194,0.5323208877267651,0.30000000000001137,0.9569295955101533,0.05301656533413311,0.879784429126308,FLAT,0.0,-1,0.03830196530831618,0.038864982484961896,0.08948831271057746,SUPPORT,0.3089632014782991,0.0,0.057614432037565194,0.18037697923544102,0.9569295955101533,0.05808103303866556,0,ok,0.057190735881187664,0.8859153824286067,FLAT,0.0,-1,0.011050323696302185,0.012356402103086372,0.07125056335928757,UNLOADING,0.34141211088538037,0.01620612606487801,0.029920514225878575,-2.500000000000002,-0.0015000000000000568,0.6550722611434261,0,staged_v3,0.09720072121046124,2,1.012618233535923,0.08653379133992307,2,1,0,0
v3_torso_proxy:v3_left_forearm_proxy,195,0.43500264925885435,0.5000000000000115,0.6088701326749484,0.0685623125646573,0.8586517830809438,FLAT,0.0,-1,0.02568525834636291,0.009714543535305861,0.06650437420059085,SUPPORT,0.3371705611826393,0.018610675174723684,0.04138955124752051,0.11476931614811164,0.6088701326749484,0.05807155902726997,0,ok,0.04195339452081505,0.8950734268282659,FLAT,0.0,-1,0.0038606470336213167,0.016772369453153767,0.08230952928644811,UNLOADING,0.32435390843899875,0.012343107011168641,0.04699711795242319,-2.500000000000002,-0.0025000000000000577,0.652572261143426,0,staged_v3,0.17160046773705492,2,1.008274507637983,0.17160046773705492,2,1,0,0
v3_pelvis_proxy:v3_right_hand_proxy,196,1.0,0.30000000000001137,0.3926780750999297,0.22207506237697247,0.864163579778425,FLAT,0.0,-1,0.0133201571596479,0.046234267921086425,0.04993252105007278,SUPPORT,0.3597364489461114,0.012546653286663607,0.014949972765840033,0.07401807335758322,0.3926780750999297,0.032076864774682426,0,ok,0.07176615858136141,0.888133477923499,FLAT,0.0,-1,0.014896225982485923,0.032173166038623996,0.09024396937433174,SUPPORT,0.349483126751199,0.0,0.03651067610003425,2.500000000000002,-0.0015000000000000568,0.651072261143426,0,staged_v3,0.16104335862650618,2,1.0108583047671507,0.16238398751415403,2,1,1,1
v3_pelvis_proxy:v3_right_hand_proxy,197,0.7575551288024704,0.40000000000002256,0.1999245520349095,0.1398439394546425,0.8688107101422213,FLAT,0.0,-1,0.014454651507385957,0.027540254414548656,0.06605017289071519,UNLOADING,0.3083455276680955,0.0007622542299871062,0.028971991407120708,0.037684890236706126,0.1999245520349095,0.02472489353426152,0,ok,0.019472239276458667,0.8943017728451108,FLAT,0.0,-1,0.006400971134054699,0.0014049014572569797,0.09588158810087098,SUPPORT,0.3695865014009592,0.028389177947786573,0.026277196856093116,-1.2500000000001399,-0.002000000000000113,0.6490722611434259,1,staged_v3,0.1266422122879504,2,1.0007166236213298,0.11507128046480546,2,1,0,0
v3_pelvis_proxy:v3_right_hand_proxy,198,0.47572456074811764,0.6000000000000227,0.9999963598087489,0.061469797765649016,0.8680563396461252,FLAT,0.0,-1,0.012436599473133924,0.02015183378360397,0.07700009074052364,UNLOADING,0.26429616657265326,0.008698170753422212,0.04223819534239888,0.18849487305550208,0.9999963598087489,0.05386768187804458,0,ok,0.037919958494236884,0.8799383511613232,FLAT,0.0,-1,0.01779860963748811,0.024098240446738098,0.07108176273004736,SUPPORT,0.4361417573714791,0.004455847689764272,0.03633888303274755,-2.500000000000002,-0.0030000000000001137,0.6460722611434258,0,staged_v3,0.19090650959674746,2,1.0169647203900818,0.08820157422147121,2,0,0,0
v3_pelvis_proxy:v3_right_hand_proxy,199,0.1836343319678883,0.8000000000000229,0.5669135696996532,0.07331214470235091,0.8827024857090393,FLAT,0.0,-1,0.0036914706873620367,0.0066447655039905094,0.08486115024256577,UNLOADING,0.2519964036610528,0.02259829200813778,0.0365561960362598,0.10686069034732776,0.5669135696996532,0.05429523787785853,0,ok,0.03894255415326141,0.892547532754095,FLAT,0.0,-1,0.0017685902817823982,0.004934276572750849,0.05329906256815212,SUPPORT,0.4439916829469807,0.02273067655565676,0.034623411038106705,-2.500000000000002,-0.004000000000000115,0.6420722611434256,0,staged_v3,0.15526586825298883,2,1.0073197728799632,0.15526586825298883,2,1,0,0
v3_torso_proxy:v3_left_forearm_proxy,200,0.9396931361827464,1.0000000000000009,1.0000000000000002,0.15865571293499414,0.8985641889958531,FLAT,0.0,-1,0.0023741914961687583,0.05668943029461066,0.09060084729026824,SUPPORT,0.29159712292884227,0.009255364217783411,0.02027467814673,0.18849555921538763,1.0000000000000002,0.04398207776090396,0,ok,0.15281718451077814,0.8912822928893864,FLAT,0.0,-1,0.008943317480543833,0.028508162290341366,0.040464573773130626,SUPPORT,0.4484456012735258,0.0,0.048399319418666376,-2.4999999999997247,-0.0050000000000000044,0.6370722611434256,0,staged_v3,0.2404515126595391,2,1.0214005129991444,0.22824604504067547,2,0,0,0
v3_torso_proxy:v3_left_forearm_proxy,201,0.30682373046874994,0.8000000000000007,0.30682373046875,0.14066242023781875,0.9110589653103695,FLAT,0.0,-1,0.002890151683945854,0.04354396224662648,0.09550122176303816,UNLOADING,0.2499403910818648,0.005028458391479907,0.024746602696672,0.05783491065525839,0.30682373046875,0.043976934750454846,0,ok,0.10458368856994328,0.8901687952707377,FLAT,0.0,-1,0.00877119995541294,0.005233096523491885,0.05978950239042466,UNLOADING,0.38438194394873637,0.022756378596029348,0.0252550671604838,2.500000000000002,-0.0040000000000000036,0.6330722611434256,1,staged_v3,0.3763579719768715,2,1.0137130491136257,0.3763579719768715,2,1,1,1
v3_torso_proxy:v3_left_forearm_proxy,202,1.0000000000000002,0.6000000000000005,1.0,0.1917814027462745,0.9154108734312023,FLAT,0.0,-1,0.007039479248599832,0.015984317430830237,0.07105797904340358,UNLOADING,0.2142790166263967,0.02043286454543448,0.008120034406735699,0.1884955592153876,1.0,0.04397755653771457,0,ok,0.27445226027372455,0.8892215064085093,FLAT,0.0,-1,0.008499363050685577,0.048339968453938204,0.04543404064296188,UNLOADING,0.3309965254790047,0.0,0.11607406897593708,2.500000000000002,-0.0030000000000000027,0.6300722611434256,0,staged_v3,0.19811091271106102,2,1.0315936328174728,0.19811091271106102,2,1,1,1
v3_torso_proxy:v3_left_forearm_proxy,203,1.0000000000000002,0.40000000000000036,1.0,0.1671241559257004,0.9167167453628421,FLAT,0.0,-1,0.008071429560507022,0.015696608540384887,0.053543630302830596,UNLOADING,0.18366777910526513,0.011980572974756645,0.07559258427378307,0.1884955592153876,1.0,0.06406017960424884,0,ok,0.11197626513047336,0.8857488993731848,FLAT,0.0,-1,0.012394130800876086,0.03457517011956583,0.035794939755027545,UNLOADING,0.28371130755344265,0.0,0.043675795961909625,2.500000000000002,-0.0020000000000000018,0.6280722611434256,0,staged_v3,0.2626119388347231,2,1.008450043903535,0.26450310417526546,2,1,1,1
v3_torso_proxy:v3_left_forearm_proxy,204,1.0000000000000002,0.6000000000000005,1.0,0.011128611536609698,0.9163047157231237,FLAT,0.0,-1,0.00861359442500734,0.03114857768396584,0.04099405104590144,SUPPORT,0.2369342232842121,0.0,0.03228154023188126,0.1884955592153876,1.0,0.048772648319997614,0,ok,0.31090797932296266,0.8794165262420679,FLAT,0.0,-1,0.014381638426623732,0.03987148957926054,0.02877595323793353,SUPPORT,0.3169690460427541,0.0,0.10692134386399615,-2.500000000000002,-0.0030000000000000027,0.6250722611434256,0,staged_v3,0.45613270491329194,2,1.0199364395304367,0.450269135621102,2,0,1,1
v3_torso_proxy:v3_left_forearm_proxy,205,0.9999999999999999,0.40000000000000036,0.9999992827461596,0.27294558843618993,0.9141973346777386,FLAT,0.0,-1,0.00908285417605999,0.0997376744263098,0.061804643911226795,SUPPORT,0.35279579331931565,0.0,0.13654764214314485,0.18849542401622385,0.9999992827461596,0.05418713132964302,0,ok,0.3241404343408907,0.8777875000331308,FLAT,0.0,-1,0.010371620948939978,0.05891532780029954,0.05209349857256148,UNLOADING,0.2716877537509321,0.0,0.08991708096000348,2.500000000000002,-0.0020000000000000018,0.6230722611434256,0,staged_v3,0.515111945119527,2,0.9806730498889784,0.5164608314547161,2,1,1,1
v3_torso_proxy:v3_left_forearm_proxy,206,1.0000000000000002,0.5662874475476753,1.0,0.16577263719420576,0.914691786918676,FLAT,0.0,-1,0.00946351690588209,0.02109822464103455,0.048369216348214845,SUPPORT,0.37223663465545254,0.006320236176376191,0.05313747581143866,0.1884955592153876,1.0,0.042237871161524165,0,ok,0.19121896425678986,0.8763875509646366,FLAT,0.0,-1,0.011658994858855387,0.01371174074944628,0.06880124989054619,UNLOADING,0.23287521750079898,0.01472832174508103,0.04570352087426449,-2.0785930943459374,-0.0028314372377383767,0.6202408239056872,0,staged_v3,0.4055124169317972,2,0.9521347170890853,0.38213998375024666,2,0,0,0
v3_torso_proxy:v3_left_forearm_proxy,207,1.0,0.36628744754767517,1.0,0.025338593018717964,0.9093274984997618,FLAT,0.0,-1,0.010218462931295125,0.0152460632445202,0.038742311828370686,SUPPORT,0.38778930772436204,0.011691052346898337,0.023111319209510834,0.1884955592153876,1.0,0.04222923620062727,0,ok,0.3603455495844221,0.870486039636677,FLAT,0.0,-1,0.01467538828505196,0.043886556898954404,0.08077287683916273,UNLOADING,0.19960732928639913,0.0,0.15304831014596484,2.500000000000002,-0.0018314372377383759,0.6184093866679489,0,staged_v3,0.25142208143665157,2,0.9834503947720806,0.25142208143665157,2,1,1,1
v3_torso_proxy:v3_left_forearm_proxy,208,1.0000000000000002,0.166287447547675,0.9999998201011591,0.2870549081139111,0.8977445455061025,FLAT,0.0,-1,0.015776056092484243,0.09794880148341276,0.03184433331599801,SUPPORT,0.44469155071718974,0.0,0.14689040772971934,0.18849552530525499,0.9999998201011591,0.06556319151450823,0,ok,0.36856313166460986,0.8638758441973057,FLAT,0.0,-1,0.016016884342929184,0.06541408481340885,0.09057285262966203,UNLOADING,0.17109199653119925,0.0,0.12061541732962983,2.500000000000002,-0.000831437237738375,0.6175779494302105,0,staged_v3,0.3669643074250232,2,0.9901134368676956,0.36710692848281795,2,1,1,1
v3_torso_proxy:v3_left_forearm_proxy,209,0.9999999999999999,0.033712552452325184,0.9379554234052255,0.19073667630646102,0.8853163214707755,FLAT,0.0,-1,0.018544294662356065,0.04461520976796854,0.028058855037056334,SUPPORT,0.4457532405737518,0.0,0.06584039503947388,0.17680043205387364,0.9379554234052255,0.06825838757414157,0,ok,0.18162738080431742,0.8550673198166568,FLAT,0.0,-1,0.016712507889456885,0.007986635262936893,0.10061477668906676,UNLOADING,0.14665028274102793,0.022044103571516448,0.03894597991177518,2.500000000000002,0.00016856276226162592,0.6177465121924721,0,staged_v3,0.40508147132576056,2,0.9794853214776699,0.40402136399725563,2,0,0,0
v3_torso_proxy:v3_left_forearm_proxy,210,0.2459716796874997,0.23371255245232536,0.2459716796875,0.22282242105662287,0.8775280117208124,FLAT,0.0,-1,0.016084338502113594,0.05105016268942768,0.0276583370022207,SUPPORT,0.44660259245900147,0.0,0.08354607817766976,0.04636456931384351,0.2459716796875,0.060326249404034804,0,ok,0.23037041750411597,0.8418713524177461,FLAT,0.0,-1,0.02206775040788408,0.0009464119893644709,0.1136242789819029,UNLOADING,0.1257002423494525,0.02973480195973068,0.04773363752389394,2.500000000000002,0.0011685627622616268,0.6189150749547337,1,staged_v3,0.24205624574921886,2,1.049469212457508,0.22067823217111437,2,0,1,1
v3_torso_proxy:v3_left_forearm_proxy,211,0.12164306640624993,0.43371255245232554,0.12164274982530666,0.23668334836807015,0.8705104209977892,FLAT,0.0,-1,0.016089288531242363,0.047946987877402605,0.030874813338938725,SUPPORT,0.44728207396720115,0.0,0.07765739600264598,0.022929118152818673,0.12164274982530666,0.0566528965523366,0,ok,0.241733847154773,0.8355534000342049,FLAT,0.0,-1,0.018173161851663178,0.0010812744321261414,0.12553343376029075,UNLOADING,0.1077430648709593,0.0301953972558884,0.046107761463049575,2.500000000000002,0.0021685627622616277,0.6210836377169954,1,staged_v3,0.2270853048875145,2,1.0447352923029483,0.17745203046013866,2,0,1,1
v3_torso_proxy:v3_left_forearm_proxy,212,1.0000000000000002,0.6337125524523257,0.9999979178165004,0.13581863018607446,0.8454826634663912,FLAT,0.0,-1,0.028816260838009127,0.00883529087073703,0.03657630063784462,SUPPORT,0.44782565917376094,0.0179935241611552,0.027147524406789955,0.18849516673304445,0.9999979178165004,0.03160286430813533,0,ok,0.16713492630732418,0.8373704794958253,FLAT,0.0,1,0.010144826928001976,0.017156253993874274,0.1359194989028591,UNLOADING,0.09235119846082226,0.01463972095126868,0.053184914340154835,2.500000000000002,0.0031685627622616286,0.624252200479257,0,staged_v3,0.22353398880226777,2,0.718744715227401,0.16486787091261085,2,0,1,1
v3_torso_proxy:v3_left_forearm_proxy,213,1.0000000000000002,0.8337125524523259,0.9041018633708885,0.0832464351037683,0.8507590189992106,FLAT,0.0,-1,0.015305265932497192,0.004267450721047711,0.04214448109679015,SUPPORT,0.44826052733900873,0.022839773333791797,0.021697507336534166,0.1704191863237696,0.9041018633708885,0.03159595627486478,0,ok,0.14383853133747798,0.8567718589860249,FLAT,0.0,1,0.0028808610912695303,0.022065794546042315,0.14462964631162703,UNLOADING,0.07915817010927623,0.010165687769539036,0.05804204455664304,2.500000000000002,0.0041685627622616295,0.6284207632415186,0,staged_v3,0.16995770065438304,2,0.8063765693074679,0.16995770065438304,2,1,1,1
v3_torso_proxy:v3_left_forearm_proxy,214,0.44799804687500033,1.0000000000000009,0.25496565787991,0.1679584268790175,0.8544447578104348,FLAT,0.0,-1,0.01779058150398925,0.013208377615422227,0.04743176665836016,SUPPORT,0.448608421871207,0.01416321071749578,0.04556199939194376,0.048059894262792835,0.25496565787991,0.031633218478151745,0,ok,0.1825053354943762,0.8685433124219488,FLAT,0.0,1,0.00742532017230587,0.0031949828193544904,0.15172034027294032,UNLOADING,0.06784986009366534,0.029391034194292526,0.0463818932276146,2.0785930943459374,0.0050000000000000044,0.6334207632415186,1,staged_v3,0.1255044285604694,2,0.8916331619747544,0.12622361828219908,2,1,1,1
v3_torso_proxy:v3_left_forearm_proxy,215,0.520024274011862,0.8000000000000007,0.8439331054687503,0.0982931782764509,0.8378363519942044,FLAT,0.0,-1,0.016560038257669753,0.002822779039934384,0.05128977954414409,SUPPORT,0.44888673749696556,0.024741709937272822,0.027571515791216413,0.15907764265571078,0.8439331054687503,0.03491623893993523,0,ok,0.11440698916769856,0.8451084875359918,FLAT,0.0,-1,0.03068902174321209,0.012503688390910057,0.156450224993039,UNLOADING,0.05815702293742743,0.020318822858741894,0.043275631577743154,-2.500000000000002,0.0040000000000000036,0.6374207632415186,1,staged_v3,0.13102872848074484,2,1.043208468123929,0.1199683852125257,2,0,0,0
v3_torso_proxy:v3_left_forearm_proxy,216,0.14974941301725248,0.6000000000000005,0.7344360351562503,0.07222447093002762,0.8219186574961145,FLAT,0.0,-1,0.018917311595571116,0.00323084034897403,0.05346798954591514,SUPPORT,0.44910938999757244,0.02444255912832173,0.027854578102406782,0.13843793115470948,0.7344360351562503,0.04930388073804627,0,ok,0.08831971228993073,0.8074573218386729,FLAT,0.0,-1,0.044565789529328645,0.011903634353588797,0.15884795426321327,UNLOADING,0.049848876803509225,0.02103876335957187,0.04341188829858175,-2.500000000000002,0.0030000000000000027,0.6404207632415186,1,staged_v3,0.1254930322729659,2,1.0430025806113445,0.1061596530623899,2,0,0,0
v3_torso_proxy:v3_left_forearm_proxy,217,0.2977942948988158,0.40000000000000036,0.5001321713408963,0.058569678073290755,0.8013564627197066,FLAT,0.0,-1,0.026906486049224333,0.005456650917496777,0.0538264308196225,SUPPORT,0.44928751199805794,0.02223467062348435,0.02948197752541954,0.0942726933185083,0.5001321713408963,0.060952161496990565,0,ok,0.0631874110955403,0.7383241135589442,FLAT,0.0,-1,0.07225487293817562,0.009262879455263755,0.15883567569098286,UNLOADING,0.04272760868872219,0.023678904329285388,0.04296124935295737,-2.500000000000002,0.0020000000000000018,0.6424207632415186,0,staged_v3,0.0946278332176062,2,1.0335824057792327,0.09385610463758405,2,1,0,0
v3_pelvis_proxy:v3_right_hand_proxy,218,0.4564776826486008,0.20000000000000018,0.9999943743608227,0.14081086558812972,0.7634891834257749,FLAT,0.0,-1,0.036618139749801465,0.01912994377953163,0.052613434370621465,SUPPORT,0.44943000959844637,0.014170812709530273,0.013459859009000801,0.18849449880738495,0.9999943743608227,0.01957007095709712,0,ok,0.09460414839721909,0.6759863946657185,FLAT,0.0,-1,0.0780710727820087,0.013379535099048465,0.1572367443492954,SUPPORT,0.12418208695097775,0.019482302118416308,0.05441464772137574,-2.500000000000002,0.0010000000000000009,0.6434207632415186,0,staged_v3,0.1317260308095888,2,1.027214084855699,0.10814724083943793,2,0,0,0
v3_pelvis_proxy:v3_right_hand_proxy,219,0.30468750000000006,0.40000000000000036,0.3046874999999999,0.1302277232118319,0.7208303980198625,FLAT,0.0,-1,0.043205378396329756,0.03324751224593929,0.07709995851451609,UNLOADING,0.38522572251295406,0.0073495123900936925,0.021505485535632113,0.057432240698438386,0.3046874999999999,0.02810532187690265,0,ok,0.0757663835073305,0.6229561475181089,FLAT,0.0,-1,0.08026126673085901,0.0006086172216951792,0.15309574676535095,UNLOADING,0.10644178881512378,0.03204617011657237,0.0448954405351714,2.500000000000002,0.0020000000000000018,0.6454207632415186,1,staged_v3,0.278226798971627,2,1.0280112498679934,0.2798916702285532,2,1,1,1
v3_pelvis_proxy:v3_right_hand_proxy,220,0.25449941235953727,0.6000000000000005,0.3737792461262974,0.1256990653028773,0.701882079948474,FLAT,0.0,-1,0.03299900622270755,0.04449093492707956,0.06508834503533208,UNLOADING,0.3302995999220907,0.0019679893725613115,0.026286427879205293,0.07045572802168243,0.3737792461262974,0.04451756504368218,0,ok,0.10422779936897159,0.5851408368396686,FLAT,0.0,-1,0.07057762070943366,0.0018817895415785555,0.11973673874666296,UNLOADING,0.09864107642050854,0.029105047395754594,0.04933636079635062,2.500000000000002,0.0030000000000000027,0.6484207632415186,1,staged_v3,0.146822696926618,2,1.0209969967962549,0.14788516998733417,2,1,0,0
v3_pelvis_proxy:v3_right_hand_proxy,221,0.364786311961591,0.6000000000000005,0.36784649996088503,0.11207957673833964,0.6891833552734069,FLAT,0.0,-1,0.031405511062522096,0.04647587684346931,0.055061855497341224,UNLOADING,0.2832813810471493,0.0,0.03701270109633875,0.06933743171555008,0.36784649996088503,0.05132651605991431,0,ok,0.06101492115103865,0.5667620846256831,FLAT,0.0,-1,0.060373770061330705,0.0018490135546829914,0.09273398284123889,UNLOADING,0.08550199540043264,0.027787685587378957,0.043994383939835235,0.0,0.0030000000000000027,0.6514207632415187,1,staged_v3,0.0956266531554823,2,1.0055466877056767,0.09328892025781217,2,1,0,0
v3_pelvis_proxy:v3_right_hand_proxy,222,0.66504745692992,0.40000000000000036,0.7056612171829807,0.06750911191947508,0.6848201288225535,FLAT,0.0,-1,0.028490347462504905,0.007084120147379767,0.047852523840236964,SUPPORT,0.31662510483771944,0.020308506044632083,0.034086380922937996,0.13301400574951702,0.7056612171829807,0.048080999141156294,0,ok,0.03497411030134177,0.5740192711079114,FLAT,0.0,-1,0.04315414518607333,0.01775792472579145,0.07278305077132907,SUPPORT,0.15840159632034612,0.010881227812775007,0.06493518760289443,-2.500000000000002,0.0020000000000000018,0.6534207632415187,0,staged_v3,0.08869167266977868,2,0.9885608095345196,0.08539776666484185,2,1,0,0
v3_pelvis_proxy:v3_right_hand_proxy,223,1.0,0.6000000000000005,0.8449751833529796,0.1110550224059848,0.7056706689409453,FLAT,0.0,-1,0.015677307747651536,0.0029153480154938414,0.0712168072568242,SUPPORT,0.3433000838701756,0.025645492347347372,0.016179818866676722,0.15927406970924457,0.8449751833529796,0.052284336813468446,0,ok,0.08505128151782616,0.6037025370903901,FLAT,0.0,-1,0.02974942642695589,0.03275621689916781,0.08687508518828341,SUPPORT,0.2167212770562769,0.0,0.0658834551851689,2.500000000000002,0.0030000000000000027,0.6564207632415187,0,staged_v3,0.12056355573286359,2,0.9752421012669805,0.12056355573286359,2,1,1,1
v3_pelvis_proxy:v3_right_hand_proxy,224,0.7343125008896924,0.40000000000000036,0.29664365385920816,0.07171684823477775,0.7318771872249137,FLAT,0.0,-1,0.011413266935160255,0.017136443847788674,0.08746664420907511,UNLOADING,0.2942572147458648,0.012236888362665083,0.04256717962001763,0.05591601142188732,0.29664365385920816,0.05027204905868704,0,ok,0.03792321186025014,0.63874672737172,FLAT,0.0,-1,0.02360106292735182,0.00852986101187252,0.09736003156292125,UNLOADING,0.18576109461966592,0.021338140566273544,0.0566171541769223,-2.500000000000002,0.0020000000000000018,0.6584207632415187,0,staged_v3,0.10377479573681306,2,0.9686870982538568,0.10377479573681306,2,1,0,0
v3_pelvis_proxy:v3_right_hand_proxy,225,0.1243505298951791,0.20000000000000018,0.12499999099965975,0.07133419924347144,0.7646386536283278,FLAT,0.0,-1,0.004943817332906495,0.019903429998036383,0.07026712855858394,UNLOADING,0.26519921099490856,0.008609926429892816,0.04493635945114946,0.023561943205399283,0.12499999099965975,0.048634981047801146,0,ok,0.03733255612666292,0.6899829715204171,FLAT,0.0,-1,0.008218878324052395,0.01225660384504822,0.07678445217063788,UNLOADING,0.2202786043993631,0.016582618763483676,0.06013634639445123,-2.500000000000002,0.0010000000000000009,0.6594207632415187,0,staged_v3,0.07826049111859232,2,0.9727428586801938,0.07801981319439825,2,1,0,0
v3_pelvis_proxy:v3_right_hand_proxy,226,0.037894374862528044,0.0,0.12511188814902727,0.0718233611900579,0.7881993971096628,FLAT,0.0,-1,0.006185368280647567,0.020538398409751177,0.05730000022248265,UNLOADING,0.24117914875884272,0.007326601601372957,0.045528107889267436,0.02358303532114392,0.12511188814902727,0.04929683985682516,0,ok,0.03684806933423527,0.7283215808176267,FLAT,0.0,-1,0.009696515038106954,0.013061908064248444,0.06208643607528768,UNLOADING,0.2544580611154895,0.015042413739515943,0.061007096115302216,-2.500000000000002,0.0,0.6594207632415187,0,staged_v3,0.0799024170931339,2,0.9752788989351765,0.0796178684276956,2,1,0,0
v3_pelvis_proxy:v3_right_hand_proxy,227,0.14047531412749598,0.20000000000000018,0.42323170424880974,0.06926470404979856,0.8015390486389582,FLAT,0.0,-1,0.009528911690935438,0.0121473335821509,0.047397120427736514,SUPPORT,0.2829433190070742,0.015222522439235928,0.04009398669359371,0.07977729677006093,0.42323170424880974,0.050175532013553514,0,ok,0.03742059460920949,0.7595065933330102,FLAT,0.0,-1,0.008814607944751928,0.0034413279327334166,0.051530000416261316,SUPPORT,0.29356644889239164,0.02413517208807965,0.05437854210016576,-2.500000000000002,-0.0010000000000000009,0.6584207632415187,0,staged_v3,0.07438295477062998,2,0.9747141024293648,0.07438295477062998,2,1,0,0
v3_torso_proxy:v3_right_forearm_proxy,228,0.33909516959068287,0.40000000000000036,0.8336085269405065,0.06020636497454185,0.8178677815544068,FLAT,0.0,-1,0.005838707060439309,0.02758522662779641,0.06870201694521941,SUPPORT,0.31635465520565936,0.0008498742194645616,0.04624917902102836,0.15713150545236626,0.8336085269405065,0.0629556666178188,0,ok,0.03567271029434659,0.7802468309705858,FLAT,0.0,-1,0.009546156534121523,0.0110704606680277,0.0721787770605198,SUPPORT,0.3248531591139133,0.01753847818499829,0.05223749128147383,-2.500000000000002,-0.0020000000000000018,0.6564207632415187,0,staged_v3,0.09825641551211974,2,0.9857128305005541,0.08985712074370496,2,1,0,0
v3_pelvis_proxy:v3_right_hand_proxy,229,1.0,0.20000000000000018,0.9999981076076392,0.23750488772469966,0.790251318090655,FLAT,0.0,-1,0.03360329300068252,0.08200983479754981,0.08394230126470625,SUPPORT,0.3430837241645275,0.0,0.058564345883356086,0.1884952025078313,0.9999981076076392,0.027481550421036616,0,ok,0.15287853998414153,0.7404492950815024,FLAT,0.0,-1,0.04470510322811695,0.040878832527752595,0.08641970628149873,SUPPORT,0.3498825272911307,0.0,0.03663838052206534,2.500000000000002,-0.0010000000000000009,0.6554207632415187,0,staged_v3,0.16138592853494388,2,0.985211329647434,0.16222919416644235,2,1,1,1
v3_pelvis_proxy:v3_right_hand_proxy,230,0.6807861328125003,0.0,0.6807861328125,0.2019121124794422,0.7572134224621567,FLAT,0.0,-1,0.041869635472680286,0.05279907520966824,0.09031516847701458,UNLOADING,0.29407176356959497,0.027204041490145006,0.0023117169337057266,0.12832516281057332,0.6807861328125,0.04394830799016976,0,ok,0.07840090988108785,0.7160908151645634,FLAT,0.0,-1,0.03873662144214186,0.004580387632657023,0.09340576060836525,UNLOADING,0.29989930910668344,0.025089900397761242,0.042808249950650114,2.500000000000002,0.0,0.6554207632415187,1,staged_v3,0.290200122765083,2,0.9558245083212752,0.290200122765083,2,1,1,1
v3_pelvis_proxy:v3_right_hand_proxy,231,0.9427454250333351,0.20000000000000018,0.9999993267378451,0.08927326290605815,0.7784466741171778,FLAT,0.0,-1,0.007682889580095543,0.01194776398130204,0.06644156630773744,UNLOADING,0.2520615202223698,0.016374314334084834,0.03295772792272193,0.18849543230846122,0.9999993267378451,0.01815539824812061,0,ok,0.05198822767334889,0.7470917516370748,FLAT,0.0,-1,0.010683310350333979,0.03140786138643252,0.07024127743118146,UNLOADING,0.26554551174035856,0.0,0.035971607442699755,-2.500000000000002,-0.0010000000000000009,0.6544207632415187,0,staged_v3,0.3312310253295199,2,0.9596274564932151,0.29356522145970354,2,0,0,0
v3_pelvis_proxy:v3_right_hand_proxy,232,0.147216796875,0.0,0.08516525708411195,0.09204716163861404,0.7941563171020765,FLAT,0.0,-1,0.003599271108073961,0.007225496046836765,0.04925009503388104,UNLOADING,0.22050306827206292,0.020237008704857288,0.0300421976518968,0.01605327275979193,0.08516525708411195,0.018244571814943975,0,ok,0.04002413684837845,0.7602041761825642,FLAT,0.0,-1,0.018499235083262528,0.03154493007190263,0.057236573068442986,UNLOADING,0.262341230729767,0.0,0.041689148201092686,2.500000000000002,0.0,0.6544207632415187,1,staged_v3,0.2735874971570538,2,0.9531832807516466,0.2735874971570538,2,1,1,1
v3_pelvis_proxy:v3_right_hand_proxy,233,0.9999999999999999,0.20000000000000018,0.9999988637014469,0.16790882178051425,0.8116613680769121,FLAT,0.0,-1,0.00244095860980768,0.07599211308305649,0.036690993446079685,SUPPORT,0.26640245461765033,0.0,0.07262765877477323,0.1884953450281564,0.9999988637014469,0.02793694431375024,0,ok,0.15820465412449777,0.7846582619205605,FLAT,0.0,-1,0.005101800784083702,0.04946403692890636,0.048079244178754386,SUPPORT,0.2998729845838136,7.177464116906243e-05,0.02733218756776866,2.500000000000002,0.0010000000000000009,0.6554207632415187,0,staged_v3,0.16626849950462716,2,0.959462779779655,0.16626849950462716,2,1,1,1
v3_pelvis_proxy:v3_right_hand_proxy,234,0.7582229217357922,0.0,0.8036534095011048,0.0707206952629355,0.8276697480885253,FLAT,0.0,-1,0.0019539385325936663,0.018135419215498185,0.05603691092780293,UNLOADING,0.22834496110084315,0.009666426330891962,0.041313622037757666,0.15148509883926364,0.8036534095011048,0.034397935120073525,0,ok,0.037009545037653364,0.7985018191329039,FLAT,0.0,-1,0.00979300819405296,0.004304414266495888,0.06985737788279799,UNLOADING,0.257033986786126,0.024188454627644015,0.051663550534894256,-2.500000000000002,0.0,0.6554207632415187,0,staged_v3,0.1769577685098534,2,0.9574797925435284,0.1786755993858601,2,1,0,0
v3_pelvis_proxy:v3_right_hand_proxy,235,0.33274951316691886,0.20000000000000018,0.5000773242026815,0.07099478539453383,0.8319382779176429,FLAT,0.0,-1,0.008042504091505285,0.01650304942887418,0.04188428747032258,UNLOADING,0.21112621101058196,0.010591164944641948,0.04113096033170115,0.09426235487651913,0.5000773242026815,0.04457727127590237,0,ok,0.03676115153716603,0.8164747411408538,FLAT,0.0,-1,0.00457907645103875,0.006089539020989056,0.0569616409209205,UNLOADING,0.2946619778900768,0.021758543025056972,0.05482822366604591,-2.500000000000002,-0.0010000000000000009,0.6544207632415187,0,staged_v3,0.17005104663239312,2,0.9777446518079909,0.17104684850766919,2,1,0,0
v3_torso_proxy:v3_right_forearm_proxy,236,0.06191724678458204,0.40000000000000036,0.50032422717474,0.07153044542157323,0.8369989800701434,FLAT,0.0,-1,0.005951526181535785,0.01138379923407213,0.03173581371436038,UNLOADING,0.19638367702055898,0.01520299145164589,0.03630234893931789,0.09430889499030926,0.50032422717474,0.055503303752961836,0,ok,0.035083728890240584,0.8297942076577334,FLAT,0.0,-1,0.003941470890565054,0.013812489886451167,0.04763332214192531,UNLOADING,0.32778417110857083,0.013569176220645102,0.06081045346969431,-2.500000000000002,-0.0020000000000000018,0.6524207632415187,0,staged_v3,0.09800485338661803,2,0.9892468203740852,0.09418140448812969,2,1,0,0
v3_pelvis_proxy:v3_right_hand_proxy,237,0.508809252196144,0.6000000000000005,0.9999999999999999,0.10409714517936142,0.8440037206723439,FLAT,0.0,-1,0.002265080510208102,0.04432829119895053,0.024376879526467374,SUPPORT,0.2471069416164472,0.0,0.058982063148955696,0.18849555921538758,0.9999999999999999,0.03725233249752066,0,ok,0.019402947180664452,0.8453728924959426,FLAT,0.0,-1,9.16764459613361e-05,0.013942798319033618,0.04084157667847972,SUPPORT,0.3613436138756515,0.013099280514890368,0.03634187164981646,-2.500000000000002,-0.0030000000000000027,0.6494207632415187,0,staged_v3,0.16247458980877882,2,0.999956752714172,0.14928694239647478,2,0,0,0
v3_pelvis_proxy:v3_right_hand_proxy,238,0.9999999999999999,0.40000000000000036,0.9999998604849432,0.20265669093230182,0.8521608369841682,FLAT,0.0,-1,0.002645493856649186,0.08172511969898617,0.04752736230408834,UNLOADING,0.21180594995695473,0.0,0.13781558611452918,0.18849553291741894,0.9999998604849432,0.025964760884731854,0,ok,0.16850290068308987,0.8461077851122649,FLAT,0.0,-1,0.006829753442139464,0.022892631959717483,0.06419106263303187,SUPPORT,0.4252954257663516,0.0053169211719341115,0.05015746796508125,2.500000000000002,-0.0020000000000000018,0.6474207632415186,0,staged_v3,0.24643315380691,2,0.985416347536068,0.24729885567325646,2,1,1,1
v3_pelvis_proxy:v3_right_hand_proxy,239,0.9951029226406638,0.40000000000000036,0.9999981602107285,0.09779428588971649,0.8516330915189382,FLAT,0.0,-1,0.004544996080734349,0.03194199097242861,0.0640959662030638,UNLOADING,0.1815479571059612,0.0,0.05107851524988124,0.18849521242328005,0.9999981602107285,0.048192618976369686,0,ok,0.06557414917318924,0.7950549199290107,FLAT,0.0,-1,0.04553747665868359,0.010142763188434968,0.05124487339148172,SUPPORT,0.4302363406130813,0.01741948048113912,0.047793885566358066,0.0,-0.0020000000000000018,0.6454207632415186,0,staged_v3,0.24982952239806783,2,0.9823785828807947,0.24700556905384888,2,1,0,0
v3_pelvis_proxy:v3_right_hand_proxy,240,0.51995849609375,0.20000000000000018,0.5199582118077356,0.07054893630304121,0.8542072210166858,FLAT,0.0,-1,0.0025767234295217553,0.007951057209723065,0.07594930263553161,UNLOADING,0.15561253466225244,0.02084640792205352,0.026658055329351213,0.09800981390333208,0.5199582118077356,0.04553633950530489,0,ok,0.07178047419626656,0.7668757315962471,FLAT,0.0,-1,0.034134184539754794,0.029570609729056826,0.03807982070861056,SUPPORT,0.43418907249046507,0.0,0.03267404339237487,2.500000000000002,-0.0010000000000000009,0.6444207632415186,1,staged_v3,0.28109717372063603,2,0.9937359654219757,0.2829902382902553,2,1,1,1
v3_pelvis_proxy:v3_right_hand_proxy,241,0.9999999999999999,0.0,0.9999993630844792,0.15824819309449778,0.8539331064246451,FLAT,0.0,-1,0.006515437194760358,0.08574421089947354,0.0844024924499942,SUPPORT,0.21449002772980197,0.0,0.1318026399147201,0.18849543915964034,0.9999993630844792,0.04587552953903981,0,ok,0.08334409633405135,0.7880300677379439,FLAT,0.0,-1,0.00586718920241028,0.00925908693778402,0.028688839154022646,SUPPORT,0.43735125799237207,0.017175355019917113,0.022060026312748567,2.500000000000002,0.0,0.6444207632415186,0,staged_v3,0.18353902874522834,2,0.9820929581543992,0.18353902874522834,2,1,1,1
v3_pelvis_proxy:v3_right_hand_proxy,242,0.10058593750000001,0.20000000000000018,0.08396596320608879,0.17863185098801176,0.8455696623357875,FLAT,0.0,-1,0.011509580840273113,0.0872482047469507,0.09044966901737424,UNLOADING,0.1838485951969731,0.0,0.13091966965271662,0.015827211189590365,0.08396596320608879,0.04584877274038368,0,ok,0.08830554149166862,0.8032041602361383,FLAT,0.0,-1,0.007275854213584487,0.005951079669584889,0.050404870594106164,UNLOADING,0.37487250685060464,0.02156916386012042,0.02264723319048284,2.500000000000002,0.0010000000000000009,0.6454207632415186,1,staged_v3,0.15899934353440637,2,0.989093789809912,0.15850031287026373,2,1,1,1
v3_pelvis_proxy:v3_right_hand_proxy,243,1.0,0.40000000000000036,0.9217039608778897,0.03439475826906425,0.8478199904440714,FLAT,0.0,-1,0.005751241703457206,0.004472507868489423,0.06643579142584909,UNLOADING,0.15758483385937413,0.023849281702803034,0.049532911015845386,0.17373710353671556,0.9217039608778897,0.0543267744138297,0,ok,0.12494448006204444,0.8184299112122589,FLAT,0.0,-1,0.006119641761742256,0.015523513100544725,0.037614290298999487,UNLOADING,0.326292127018911,0.01135720141440525,0.08156083446216777,2.500000000000002,0.0020000000000000018,0.6474207632415186,0,staged_v3,0.09272684305716067,2,0.9866276308215399,0.09047277221436023,2,1,1,1
v3_pelvis_proxy:v3_right_hand_proxy,244,0.588918913175129,0.20000000000000018,0.9999950382680599,0.07378414578168375,0.8513745704855733,FLAT,0.0,-1,0.005254277042861797,0.018086816846853888,0.04923667094855546,UNLOADING,0.22692695780532612,0.009375016700573887,0.023923331444809747,0.18849462395095087,0.9999950382680599,0.021237827426887748,0,ok,0.06328098359385546,0.8332700476454978,FLAT,0.0,-1,0.004206473949966155,0.026976892866244828,0.02847955932396186,UNLOADING,0.2799034626464837,0.0,0.057907989316631804,-2.500000000000002,0.0010000000000000009,0.6484207632415186,0,staged_v3,0.2188781136590211,2,0.9740295257232561,0.17069930070523473,2,0,0,0
v3_torso_proxy:v3_right_forearm_proxy,245,1.0000000000000002,0.40000000000000036,1.0,0.18727725175524865,0.852137955432082,FLAT,0.0,-1,0.0067372897544246396,0.03473489840587832,0.0369273292015697,SUPPORT,0.2715415662442609,0.0,0.08351976495368615,0.1884955592153876,1.0,0.0657340057074727,0,ok,0.26622621353604314,0.8429842907219824,FLAT,0.0,-1,0.005261256721572121,0.04894410181791785,0.021885972703027924,SUPPORT,0.31392277011718694,0.0,0.12071847466220442,2.500000000000002,0.0020000000000000018,0.6504207632415187,0,staged_v3,0.24911804964065484,2,0.9723232662650061,0.24867893004921496,2,1,1,1
v3_pelvis_proxy:v3_right_hand_proxy,246,0.6362084198258127,0.6000000000000005,0.9999999941121228,0.08313402001982922,0.8478898927065011,FLAT,0.0,-1,0.009305729243952282,0.01612985228301794,0.056432228075276036,UNLOADING,0.2327499139236522,0.011691759120745864,0.03136770977815687,0.1884955581055489,0.9999999941121228,0.021922008197419907,0,ok,0.04777415169367376,0.8423734065137412,FLAT,0.0,-1,0.009564388196503681,0.03052696821102055,0.04515493122797665,UNLOADING,0.26907666010044595,0.0,0.036158537576988226,2.500000000000002,0.0030000000000000027,0.6534207632415187,0,staged_v3,0.3691702746160847,2,1.0004770458917642,0.37115911073527386,2,0,1,1
v3_pelvis_proxy:v3_right_hand_proxy,247,0.57232666015625,0.8000000000000007,0.57232666015625,0.06105679099724035,0.8530075967567982,FLAT,0.0,-1,0.002120941779031233,0.04051468806630639,0.04208626169069104,UNLOADING,0.2068547371096553,0.0,0.05002602870772379,0.10788103386002744,0.57232666015625,0.050703483044925834,0,ok,0.07610933527500938,0.8509298314363709,FLAT,0.0,-1,0.002120941688106591,0.00176223545497244,0.03348098816176263,UNLOADING,0.28127683189722935,0.024911813953115692,0.0404343198290035,2.500000000000002,0.0040000000000000036,0.6574207632415187,1,staged_v3,0.4728833812128132,2,0.9971009919187599,0.47356620878873723,2,1,1,1
v3_pelvis_proxy:v3_right_hand_proxy,248,0.8843582881894734,0.6000000000000005,0.9855118104140486,0.06631928128214276,0.8534188409071355,FLAT,0.0,-1,0.004420743273175663,0.016209686639928146,0.03179641998591939,UNLOADING,0.20387597201405877,0.010380134359367826,0.04167978405393638,0.18576459981736512,0.9855118104140486,0.05236787006474089,0,ok,0.03362278603838819,0.8588752542484294,FLAT,0.0,-1,0.004001020221072677,0.01688682280019214,0.025107296593661635,UNLOADING,0.252884210377495,0.009368542029490941,0.06517222861368184,-2.500000000000002,0.0030000000000000027,0.6604207632415187,0,staged_v3,0.2733174337031718,2,1.001711385840675,0.27419999964445047,2,1,0,0
v3_pelvis_proxy:v3_right_hand_proxy,249,0.11206400592753146,0.40000000000000036,0.6101417258772104,0.06668127874935989,0.845729220659596,FLAT,0.0,-1,0.011470554629192423,0.013403686165761,0.024397613248660025,SUPPORT,0.25310077761124705,0.012816194496672002,0.040527866785057154,0.1150090058198665,0.6101417258772104,0.05340869946184752,0,ok,0.03662047944602106,0.8633312207443133,FLAT,0.0,-1,0.004643823677063567,0.00876898018388125,0.019107284400029543,SUPPORT,0.31006360650894516,0.017186384036120227,0.05926892531432114,-2.500000000000002,0.0020000000000000018,0.6624207632415187,0,staged_v3,0.1496504146808112,2,1.0052252800366825,0.14829782139719302,2,1,0,0
v3_torso_proxy:v3_right_forearm_proxy,250,0.01993415759983131,0.20000000000000018,0.5002382713843222,0.06685423486518927,0.8475504708892148,FLAT,0.0,-1,0.007881791304788367,0.013147803969362121,0.04744300326244497,SUPPORT,0.29248062208899767,0.014224346193760128,0.04039393851945093,0.09429269270552665,0.5002382713843222,0.0545542493388847,0,ok,0.03736617818150293,0.8633738942445579,FLAT,0.0,-1,0.00788178947784023,0.006379768238566324,0.04342623933394291,SUPPORT,0.34465185209862237,0.020791543728130822,0.056840149729999956,-2.500000000000002,0.0010000000000000009,0.6634207632415187,0,staged_v3,0.10595556245414745,2,1.0084880370732836,0.09125683124133574,2,1,0,0
v3_torso_proxy:v3_right_forearm_proxy,251,0.30987137147613436,0.0,0.27921570049662514,0.06798192917034551,0.8435503052224976,FLAT,0.0,-1,0.010129997148509724,0.010542571919351658,0.0639625155935173,SUPPORT,0.32398449767119814,0.01765555386032421,0.03835073596908078,0.05263091960682753,0.27921570049662514,0.054553441158242955,0,ok,0.036851621182113076,0.8640264887695425,FLAT,0.0,-1,0.006775094601823078,0.009196498820446455,0.06085153198452478,SUPPORT,0.368562755885563,0.018846077778779786,0.058383632752885335,-2.500000000000002,0.0,0.6634207632415187,0,staged_v3,0.07514678455544418,2,1.0144149859053984,0.07514678455544418,2,1,0,0
v3_torso_proxy:v3_right_forearm_proxy,252,0.06556757507013629,0.20000000000000018,0.10521709052450894,0.06779734356937131,0.8478441533401184,FLAT,0.0,-1,0.0056984648649591975,0.01139893119456829,0.07581621452377228,SUPPORT,0.3491875981369585,0.017391879531620327,0.03913474918355224,0.01983295431743337,0.10521709052450894,0.05455346269406354,0,ok,0.037003112230792,0.8660804357190678,FLAT,0.0,-1,0.0056984774925731415,0.004683566571344292,0.07335420100374285,SUPPORT,0.38808669762195486,0.023984143478842854,0.05548121181159377,-2.500000000000002,-0.0010000000000000009,0.6624207632415187,0,staged_v3,0.07428628223824675,2,1.0154487115488975,0.07428628223824675,2,1,0,0
v3_torso_proxy:v3_right_forearm_proxy,253,0.012744545178376676,0.40000000000000036,0.07250505151037337,0.06791618119881873,0.85223612583058,FLAT,0.0,-1,0.004970627516673535,0.009594881624907112,0.08468246175331227,SUPPORT,0.3693500785095668,0.019639241462758503,0.037268699924166086,0.013666880230388312,0.07250505151037337,0.054553462733170646,0,ok,0.0367339232673758,0.8651123876390442,FLAT,0.0,-1,0.007530240434297793,0.004165131808337817,0.08231275482175349,SUPPORT,0.4022894142271675,0.02495050593274986,0.05472441045577507,-2.500000000000002,-0.0020000000000000018,0.6604207632415187,0,staged_v3,0.07492631096941615,2,1.0162323224714633,0.07492631096941615,2,1,0,0
v3_torso_proxy:v3_right_forearm_proxy,254,0.9999999999999999,0.20000000000000018,0.5165902954776637,0.1653548868527734,0.8523525252461566,FLAT,0.0,-1,0.006681359736871581,0.037273872270717094,0.0910104399915041,SUPPORT,0.38548006280765346,0.0008028715187996908,0.028747650480775516,0.09737497663130454,0.5165902954776637,0.054553462732651464,0,ok,0.10002562491132362,0.8648446560753575,FLAT,0.0,-1,0.006680997713519182,0.025637580333206653,0.08873183912981847,SUPPORT,0.41370768155421356,0.003799011623284273,0.04287018994501988,2.500000000000002,-0.0010000000000000009,0.6594207632415187,0,staged_v3,0.0763228173016146,2,1.0163464183603554,0.0763228173016146,2,1,1,1
v3_torso_proxy:v3_right_forearm_proxy,255,0.9752200182199424,0.40000000000000036,0.25075294075566984,0.07086577397888755,0.8557447036340696,FLAT,0.0,-1,0.0033313841490188495,0.015944382107174828,0.09552257998677269,UNLOADING,0.3304114824065601,0.013831746892163807,0.04101344715695375,0.04726581579264294,0.25075294075566984,0.054553462732650465,0,ok,0.037243641113392505,0.8701483881642983,FLAT,0.0,-1,0.0034005507070950934,0.007073022929903115,0.0933370406410704,UNLOADING,0.3546065841893259,0.022593829102150405,0.055006730130277945,-2.500000000000002,-0.0020000000000000018,0.6574207632415187,0,staged_v3,0.0752570699214314,2,1.0164046543711025,0.0752570699214314,2,1,0,0
v3_torso_proxy:v3_right_forearm_proxy,256,0.03874797843974327,0.6000000000000005,0.12574746362830982,0.07261985615146965,0.8549028776332591,FLAT,0.0,-1,0.008488439512591565,0.014638114722556377,0.07044043680967567,UNLOADING,0.2984395830252034,0.013883907117927408,0.039549327068217593,0.02370283847653487,0.12574746362830982,0.05455346273265045,0,ok,0.035917661848146425,0.8682910923317788,FLAT,0.0,-1,0.007202597118176222,0.006270498293800223,0.0683335493604055,UNLOADING,0.37658057831714237,0.022146179174220054,0.05430741472803687,-2.500000000000002,-0.0030000000000000027,0.6544207632415187,0,staged_v3,0.07722700175008909,2,1.0167694564695444,0.07722700175008909,2,1,0,0
v3_pelvis_proxy:v3_right_hand_proxy,257,0.2736017758978591,0.8000000000000007,1.0,0.08019485407625886,0.8509983794799507,FLAT,0.0,-1,0.009795813271833717,0.014476304156682898,0.052467491860266044,UNLOADING,0.2697786606962639,0.013147070436330406,0.0314823141855502,0.1884955592153876,1.0,0.045847646651760554,0,ok,0.045035583604580084,0.8634049587873343,FLAT,0.0,-1,0.009795811039821843,0.026356001850317376,0.050417764987881405,UNLOADING,0.399138507682641,0.0011648863990766957,0.06840783982048786,-2.500000000000002,-0.0040000000000000036,0.6504207632415187,0,staged_v3,0.10709776664981602,2,1.0117494688032702,0.0869254191157789,2,1,0,0
v3_torso_proxy:v3_right_forearm_proxy,258,0.8389892578125001,0.6000000000000005,0.8389890377263766,0.022798554564243075,0.851567360724376,FLAT,0.0,-1,0.006641277081310991,0.023215428118932104,0.039468439623742385,SUPPORT,0.3058229285570111,0.0037579938622550185,0.04003570324784479,0.15814570784181328,0.8389890377263766,0.060255409727506606,0,ok,0.13882185472747613,0.8624590243804344,FLAT,0.0,-1,0.008736540312025282,0.009905776521403214,0.037589162392478684,SUPPORT,0.40931080614611276,0.01697368159822072,0.05944021720211254,2.500000000000002,-0.0030000000000000027,0.6474207632415186,1,staged_v3,0.18551527198408704,2,1.0114979862631521,0.17866841456817056,2,1,1,1
v3_torso_proxy:v3_right_forearm_proxy,259,0.9999999999999999,0.40000000000000036,0.7099513767839775,0.0908210322553603,0.8496750773672679,FLAT,0.0,-1,0.009915470788579135,0.026657757149246477,0.05850108063111001,SUPPORT,0.37461804088372885,0.0175663144761308,0.010358739555424702,0.13382268178263018,0.7099513767839775,0.060264090585842034,0,ok,0.1496055874008926,0.8603336250578643,FLAT,0.0,-1,0.009915056937483674,0.058366051588228635,0.057660016238187915,UNLOADING,0.3508378338395252,0.0,0.09271077814476458,2.500000000000002,-0.0020000000000000018,0.6454207632415186,0,staged_v3,0.2476275103486062,2,1.0132678933018409,0.2476275103486062,2,1,1,1
v3_torso_proxy:v3_right_forearm_proxy,260,0.2532348632812501,0.20000000000000018,0.25323486328124994,0.09140811368452711,0.843458654008088,FLAT,0.0,-1,0.01322078231905827,0.01054850839955252,0.0431033443040474,SUPPORT,0.38969443270698306,0.0254351873070664,0.00171997990813597,0.047733647167031434,0.25323486328124994,0.05848502631342217,0,ok,0.1165582832929844,0.8643803778380998,FLAT,0.0,-1,0.005755651791028525,0.06089953784988934,0.07199591346218148,UNLOADING,0.30071814329102164,0.0,0.08965557627855567,2.500000000000002,-0.0010000000000000009,0.6444207632415186,1,staged_v3,0.19059525952910714,2,0.9965636908808683,0.19062304882881054,2,1,1,1
v3_pelvis_proxy:v3_right_hand_proxy,261,0.262127886988994,0.18227539062500853,0.4556884765625,0.08871273771697236,0.8474407229471068,FLAT,0.0,-1,0.005689943341206435,0.0015996591409817166,0.03288731753299652,SUPPORT,0.40175554616558645,0.025044706735668113,0.003312297507728234,0.08589525421765648,0.4556884765625,0.04637825033940948,0,ok,0.06744629611811447,0.8609379126597992,FLAT,0.0,-1,0.008600886974281005,0.034489728976799264,0.08228476264457411,UNLOADING,0.2577584085351614,0.0,0.07748233331656554,0.22155761718739564,-0.0009113769531250426,0.6435093862883936,1,staged_v3,0.12694807374307382,2,0.9808700947632101,0.11904941504841604,2,0,0,0
v3_pelvis_proxy:v3_right_hand_proxy,262,0.7927856445312502,0.01772460937499165,0.7927623666216317,0.088933769388196,0.8473713846161413,FLAT,0.0,-1,0.008298252670728952,0.014433501217239875,0.02556721448187852,SUPPORT,0.41140443693246914,0.011844859506854053,0.028360244012635948,0.1494321856212586,0.7927623666216317,0.009990852442047338,0,ok,0.0935445575570097,0.8602395102622743,FLAT,0.0,-1,0.008298261477883461,0.0038902406629132526,0.08966018341308957,SUPPORT,0.29620672682812915,0.02559276850774123,0.05683352428346735,2.500000000000002,8.862304687495826e-05,0.6435980093352686,1,staged_v3,0.19893009487068922,2,0.9711362961046485,0.10915845607712893,2,0,1,1
v3_pelvis_proxy:v3_right_hand_proxy,263,0.11621093750000003,0.21772460937499183,0.11621093749999986,0.06932840954335238,0.8484612086230335,FLAT,0.0,-1,0.005176232647313604,0.019012343005477248,0.04866900039174682,UNLOADING,0.352632374513545,0.008421107014110096,0.031701201368455396,0.021905245651006933,0.11621093749999986,0.01840193544058418,0,ok,0.09106552608365265,0.864229894214844,FLAT,0.0,-1,0.0060439355263917065,3.3822406249291344e-05,0.09495401531137285,UNLOADING,0.2538914801383964,0.029713878359319355,0.053518568638722314,2.500000000000002,0.0010886230468749591,0.6446866323821435,1,staged_v3,0.2048663758827863,2,0.9591185552544863,0.2045069621035243,2,0,1,1
v3_pelvis_proxy:v3_right_hand_proxy,264,0.7984837124875145,0.417724609374992,1.0,0.0984724606983257,0.84742505801777,FLAT,0.0,-1,0.008364157126876031,0.06393308887801841,0.03687528438371878,UNLOADING,0.3193062926973498,0.0,0.04367710217520853,0.1884955592153876,1.0,0.05666536731225466,0,ok,0.13687531086361437,0.8624611815834674,FLAT,0.0,-1,0.008364151351938865,0.007978416562460896,0.07039575953491446,UNLOADING,0.22177377318232358,0.020541371414284828,0.05855431498511261,2.500000000000002,0.00208862304687496,0.6467752554290185,0,staged_v3,0.1827250612789921,2,0.9819013986019985,0.1787136546132586,2,1,1,1
v3_pelvis_proxy:v3_right_hand_proxy,265,0.15905761718750022,0.21772460937499183,0.15905761718749997,0.09332803466645867,0.8535215196225929,FLAT,0.0,-1,0.002592450713630521,0.056037520523520123,0.028424717595951367,UNLOADING,0.2761406324123753,0.0,0.04402454011882259,0.029981654499224852,0.15905761718749997,0.055623853617616764,0,ok,0.12181783811315983,0.8609839965219437,FLAT,0.0,-1,0.00834848583678245,0.006615107225047021,0.05281526355712721,UNLOADING,0.19015663241920772,0.02102565595280934,0.05783645409133634,-2.500000000000002,0.0010886230468749591,0.6478638784758934,1,staged_v3,0.28718343372457844,2,0.9668447633412502,0.28718343372457844,2,1,0,0
v3_pelvis_proxy:v3_right_hand_proxy,266,0.8894159354315463,0.01772460937499165,0.9999999272026242,0.0649065742904611,0.8520209569027603,FLAT,0.0,-1,0.006069189316496722,0.007103688623662549,0.022379816209823912,SUPPORT,0.3109125059299002,0.019015302186828648,0.03491420899132168,0.18849554549340555,0.9999999272026242,0.03756519956226663,0,ok,0.03253385368862442,0.8487406217169876,FLAT,0.0,-1,0.016437488281730736,0.010914020294101292,0.039832662291335114,SUPPORT,0.2421253059353662,0.016077612820465464,0.06102909422140085,-2.500000000000002,8.862304687495826e-05,0.6479525015227684,0,staged_v3,0.09552542190096233,2,0.9818495487779276,0.09625059908231268,2,1,0,0
v3_pelvis_proxy:v3_right_hand_proxy,267,0.8469848632812506,0.21772460937499183,0.8469848632812501,0.19750820801436672,0.853350239717468,FLAT,0.0,-1,0.006255076758936318,0.03678262439691824,0.046488010781375516,SUPPORT,0.3387300047439202,0.01334786893941102,0.013976531599657758,0.15965288545116785,0.8469848632812501,0.009990039429672234,0,ok,0.11603949036993456,0.8523846886827453,FLAT,0.0,-1,0.00625391230334167,0.026310031652023023,0.05889487638199498,SUPPORT,0.2987589130506174,0.002152622967862051,0.0257921208512377,2.500000000000002,0.0010886230468749591,0.6490411245696434,1,staged_v3,0.18773400889307879,2,0.997878565921519,0.1698495731913191,2,0,1,1
v3_pelvis_proxy:v3_right_hand_proxy,268,0.23687744140625008,0.417724609374992,0.23687744140625006,0.18487799616286318,0.8434482456361485,FLAT,0.0,-1,0.014127992426658548,0.05177733862217458,0.06288580424371189,UNLOADING,0.2903400040662173,0.008582736121622626,0.019561554090562972,0.04465034578338131,0.23687744140625006,0.01518182184497513,0,ok,0.049723515167591804,0.8529588369181399,FLAT,0.0,-1,0.009055800450436517,0.0036195372507976395,0.07249219937975895,UNLOADING,0.25607906832910066,0.02500507271819031,0.026005636247620718,2.500000000000002,0.00208862304687496,0.6511297476165183,1,staged_v3,0.2705751248151605,2,0.9822433236099335,0.2705751248151605,2,1,1,1
v3_torso_proxy:v3_right_forearm_proxy,269,1.0,0.6177246093749922,1.0,0.27053164644236616,0.8461879689713846,FLAT,0.0,-1,0.008342347101773992,0.055727188305261216,0.04660303506304513,UNLOADING,0.24886299367068593,0.020884542125604314,0.006445609627547946,0.1884955592153876,1.0,0.062411563560713035,0,ok,0.21715236420969877,0.8457679035581672,FLAT,0.0,-1,0.013725025370550379,0.06319729556563741,0.053748123836814356,UNLOADING,0.2643997438432115,0.0,0.08824528586627634,2.500000000000002,0.003088623046874961,0.6542183706633933,0,staged_v3,0.2535231025744817,2,1.0402344104245587,0.24640786259615063,2,0,1,1
v3_torso_proxy:v3_right_forearm_proxy,270,0.8501587143773177,0.417724609374992,0.9127559167628719,0.07275880516890387,0.8511457239234586,FLAT,0.0,-1,0.0049672632262405345,0.01280147945242294,0.03490512108579749,UNLOADING,0.2133111374320392,0.013943776601866936,0.037203124978262045,0.17205043695737132,0.9127559167628719,0.06241898263185741,0,ok,0.04075159046284079,0.8531593300997139,FLAT,0.0,-1,0.004967253487739621,0.006587335872180994,0.04031740682253415,UNLOADING,0.2266283526178756,0.020428534468945714,0.052726895628829235,-2.500000000000002,0.00208862304687496,0.6563069937102682,0,staged_v3,0.29215681798472387,2,1.0184687877210803,0.29215681798472387,2,1,0,0
v3_torso_proxy:v3_right_forearm_proxy,271,0.7681864362154794,0.21772460937499183,1.0000000000000002,0.06567176200518486,0.8525459944611691,FLAT,0.0,-1,0.007831387639908252,0.008337246133496966,0.026491083515639148,SUPPORT,0.2606489099456314,0.017987308042284992,0.03189944044129042,0.18849555921538763,1.0000000000000002,0.05474429932500022,0,ok,0.04100483396773407,0.8493462026671962,FLAT,0.0,-1,0.012736455744112411,0.03246961970899109,0.029998263934517527,SUPPORT,0.2713026820943005,0.0,0.06808157946153359,-2.500000000000002,0.0010886230468749591,0.6573956167571432,0,staged_v3,0.22683107707118005,2,0.9984859596416409,0.22404550653441835,2,0,0,0
v3_torso_proxy:v3_right_forearm_proxy,272,0.21905416359399443,0.01772460937499165,0.9999999999999996,0.06662939637413735,0.8577713759370763,FLAT,0.0,-1,0.004699223989502952,0.008389211684788473,0.04880472471128816,SUPPORT,0.29851912795650515,0.019051024550775935,0.03525230347908184,0.18849555921538752,0.9999999999999996,0.051801034414949904,0,ok,0.037214909380766284,0.857468072980518,FLAT,0.0,-1,0.004699226334454501,0.006253883077852639,0.050978147287062986,SUPPORT,0.30704214567544036,0.02129502428650051,0.05466345680075747,-2.500000000000002,8.862304687495826e-05,0.6574842398040182,0,staged_v3,0.1789843681654643,2,1.0011801788191537,0.14484368793273625,2,0,0,0
v3_pelvis_proxy:v3_right_hand_proxy,273,0.44729152550599416,0.18227539062500853,1.0,0.12416642388859882,0.865970701679365,FLAT,0.0,-1,0.0017514360479426664,0.020272273589486217,0.06479314728087984,SUPPORT,0.3288153023652041,0.01028230861776109,0.017957348746282905,0.1884955592153876,1.0,0.025494129644992064,0,ok,0.06748024504297172,0.8667133380281259,FLAT,0.0,-1,0.0020964633875066134,0.019752742627924893,0.06597937475815571,SUPPORT,0.3386741179561018,0.008546226109982895,0.05962892609305083,-2.500000000000002,-0.0009113769531250426,0.6565728628508931,0,staged_v3,0.19070428551342433,2,1.0109427291598878,0.17840092494866022,2,0,0,0
v3_pelvis_proxy:v3_right_hand_proxy,274,0.5307617187499999,0.01772460937499165,0.5307617187499999,0.0891498692054855,0.8619047397626175,FLAT,0.0,-1,0.006994402619659843,0.03619642548688236,0.07624935265867691,UNLOADING,0.28184168774160356,0.002356257363791338,0.026456210269142508,0.10004622698590152,0.5307617187499999,0.03453223157584642,0,ok,0.04981288710889572,0.87061669453218,FLAT,0.0,-1,0.0038029555643656946,5.2691292078241476e-05,0.07672822393823332,SUPPORT,0.3609392943648814,0.028783719904833426,0.039825206476291265,2.500000000000002,8.862304687495826e-05,0.6566614858977681,1,staged_v3,0.2978057792527124,2,1.005158676998337,0.29872076506628,2,1,1,1
v3_pelvis_proxy:v3_right_hand_proxy,275,0.9999999999999999,0.21772460937499183,1.0,0.2049597489974227,0.8637644567850025,FLAT,0.0,-1,0.005450041780707322,0.026997742541549276,0.08445808251223234,UNLOADING,0.24157858949280306,0.0022251615840623434,0.03049138270148935,0.1884955592153876,1.0,0.04223481762304303,0,ok,0.28802903905207694,0.8728233497239399,FLAT,0.0,-1,0.005450039730120178,0.07412607605619957,0.05612038100972631,SUPPORT,0.37875143549190515,0.0,0.12525481368029545,2.500000000000002,0.0010886230468749591,0.657750108944643,0,staged_v3,0.13369037668767053,2,0.9971123662543473,0.13369037668767053,2,1,1,1
v3_pelvis_proxy:v3_right_hand_proxy,276,0.9915259324563163,0.01772460937499165,0.6200198867165411,0.0489239771869181,0.8581831842196412,FLAT,0.0,-1,0.01041501254811929,0.01839114933162626,0.09000593685745822,UNLOADING,0.20706736242240262,0.011109147511246652,0.04295565369107185,0.11687099527129567,0.6200198867165411,0.04134068957139021,0,ok,0.08877722063046,0.8703883981037001,FLAT,0.0,-1,0.0077967491333775845,0.005944449144590434,0.04172932858420993,SUPPORT,0.3930011483935241,0.021142017284620063,0.056936001504984915,-2.500000000000002,8.862304687495826e-05,0.657838731991518,0,staged_v3,0.1704876998116799,2,1.0102577858823576,0.17138799836524818,2,1,0,0
v3_pelvis_proxy:v3_right_hand_proxy,277,0.10669384143824837,0.18227539062500853,0.15619833842864886,0.06044413576462382,0.8600779561289515,FLAT,0.0,-1,0.004422783466762346,0.014380965866486278,0.09429869376669832,SUPPORT,0.2556538899379221,0.015333968821848641,0.040299344608977807,0.029442693150622534,0.15619833842864886,0.04027559123708804,0,ok,0.05728058174099899,0.8721471455195898,FLAT,0.0,-1,0.004423813329721645,0.0038035372674340958,0.03156415239185765,SUPPORT,0.4044009187148193,0.02277467035215879,0.05449181425237559,-2.500000000000002,-0.0009113769531250426,0.656927355038393,1,staged_v3,0.16279887486094324,2,1.0060424370013996,0.16279887486094324,2,1,0,0
v3_torso_proxy:v3_right_forearm_proxy,278,0.4101904401884138,0.3822753906250087,1.0000000000000002,0.0471002817175077,0.8617348439874012,FLAT,0.0,-1,0.004488131498022269,0.01241425148731844,0.0973745885008508,SUPPORT,0.2945231119503377,0.017454477937724103,0.021085417414231467,0.18849555921538763,1.0000000000000002,0.05409396628936203,0,ok,0.033650562013302125,0.8793206884847867,FLAT,0.0,-1,0.0017824025275117825,0.023238489877414715,0.05265644330426561,SUPPORT,0.41352073497185543,0.004394332287798567,0.06260543162970181,-2.500000000000002,-0.0019113769531250435,0.6550159780852679,0,staged_v3,0.1949012056496521,2,1.0023663255909099,0.10390703650666873,2,0,0,0
v3_torso_proxy:v3_right_forearm_proxy,279,1.0,0.18227539062500853,0.9999999999999999,0.12911203787903133,0.8673325646091994,FLAT,0.0,-1,0.0033219714040193552,0.02680270305000389,0.09963172606639861,SUPPORT,0.3256184895602702,0.003178883253316042,0.05945256940945286,0.18849555921538758,0.9999999999999999,0.06613768358510909,0,ok,0.24784937354035894,0.8806190509193761,FLAT,0.0,-1,0.00324821140172399,0.03424958958447175,0.06768760234215515,SUPPORT,0.43520887100027444,0.0,0.09696331507724149,2.500000000000002,-0.0009113769531250426,0.6541046011321429,0,staged_v3,0.20683736570704864,2,1.0159728827295436,0.2068932908349529,2,1,1,1
v3_pelvis_proxy:v3_right_hand_proxy,280,0.5938297262395345,0.3822753906250087,1.0,0.14640345621274056,0.8673943123780326,FLAT,0.0,-1,0.006557876010771225,0.027164789348987264,0.10124902254756472,UNLOADING,0.2791015624802316,0.0028976617783909725,0.0670701528742817,0.1884955592153876,1.0,0.028997437964636233,0,ok,0.057107552892755584,0.8795818471225032,FLAT,0.0,-1,0.006557104879595122,0.04868051269870103,0.07845419990408242,UNLOADING,0.3730361751430924,0.014284979321289873,0.014637730673914249,-2.500000000000002,-0.0019113769531250435,0.6521932241790178,0,staged_v3,0.3354962522385736,2,1.000172890417544,0.3367461527400489,2,0,0,0
v3_torso_proxy:v3_right_forearm_proxy,281,0.3855250924080483,0.18227539062500853,1.0,0.10409593639893107,0.8675317900753416,FLAT,0.0,-1,0.006638668026721407,0.03003883371545738,0.07411916621484002,UNLOADING,0.23925160172598386,0.0029145252486042876,0.025791433062137714,0.1884955592153876,1.0,0.05159027233439206,0,ok,0.18064923502574007,0.8847533815720032,FLAT,0.0,-1,0.001739273904573204,0.018019511805827854,0.05779785217725609,UNLOADING,0.3520545673149005,0.009870380803034953,0.06557000707567134,2.500000000000002,-0.0009113769531250426,0.6512818472258928,0,staged_v3,0.4752284527057714,2,1.0314426306847932,0.4766406074792252,2,1,1,1
v3_pelvis_proxy:v3_right_hand_proxy,282,0.5426541182913738,0.3822753906250087,1.0,0.1644480343607551,0.8639217891908527,FLAT,0.0,-1,0.008058790310210917,0.031803177630352716,0.054754270726845765,UNLOADING,0.2066022024705148,0.0,0.0806118529323805,0.1884955592153876,1.0,0.04092796504314966,0,ok,0.07258450015043866,0.8792707957616497,FLAT,0.0,-1,0.008058781769350406,0.030603436296617575,0.04299097051351752,UNLOADING,0.3017613152172104,0.0,0.02753386233645068,-2.500000000000002,-0.0019113769531250435,0.6493704702727677,0,staged_v3,0.522936670859924,2,1.0116501640330091,0.5196124884693397,2,0,0,0
v3_torso_proxy:v3_right_forearm_proxy,283,1.0,0.18227539062500853,1.0,0.209984267682485,0.8708458208077564,FLAT,0.0,-1,0.0022593208647778552,0.03848890709762712,0.04155626758875051,SUPPORT,0.25528176197641184,0.0,0.0686848011018971,0.1884955592153876,1.0,0.051085331027844,0,ok,0.297371196391921,0.8702304025474414,FLAT,0.0,-1,0.01070536878328012,0.052843136215234496,0.0322641323771501,SUPPORT,0.3314090521737683,0.0,0.11808701619236464,2.500000000000002,-0.0009113769531250426,0.6484590933196427,0,staged_v3,0.5074349607048988,2,1.044499803712271,0.5082369637253166,2,1,1,1
v3_pelvis_proxy:v3_right_hand_proxy,284,0.6255493164062501,0.01772460937499165,0.6255493164062501,0.15798287040284398,0.8633780801064732,FLAT,0.0,-1,0.010299218098025332,0.0005979228690691204,0.06041846088751844,UNLOADING,0.21881293883692443,0.027423000175306803,0.024546794854330374,0.11791326821279954,0.6255493164062501,0.04962239288415109,0,ok,0.2517746613324248,0.8645214670391091,FLAT,0.0,-1,0.010299239293165351,0.0706873991269753,0.05281841275233437,UNLOADING,0.28406490186322997,0.0,0.11513686658417047,2.500000000000002,8.862304687495826e-05,0.6485477163665176,1,staged_v3,0.48700714949352847,2,1.0304406808477793,0.4886399805452334,2,1,1,1
v3_pelvis_proxy:v3_right_hand_proxy,285,0.9999999999999999,0.21772460937499183,1.0,0.10532477124266075,0.8687072997082392,FLAT,0.0,-1,0.002874803118087865,0.01491197433408609,0.04701851270245882,UNLOADING,0.18755940652545158,0.012438951301036852,0.06909196646074969,0.1884955592153876,1.0,0.047650160311438136,0,ok,0.18838929277859318,0.8692078225224207,FLAT,0.0,-1,0.003621553566188205,0.010555714957716181,0.03970865115457765,UNLOADING,0.24348420159821405,0.016429717600012703,0.08975697467373425,2.500000000000002,0.0010886230468749591,0.6496363394133926,0,staged_v3,0.29556712684408887,2,1.041961643339417,0.29556712684408887,2,1,1,1
v3_pelvis_proxy:v3_right_hand_proxy,286,1.0000000000000002,0.417724609374992,0.9999995399301602,0.2711800417797359,0.8729614915534176,FLAT,0.0,-1,0.003318376540631826,0.08234617998140455,0.037643652854065277,UNLOADING,0.16218468167458433,0.0,0.12575723831252314,0.18849547249426588,0.9999995399301602,0.024600786035704494,0,ok,0.23149423594243065,0.872632181885153,FLAT,0.0,-1,0.005117675594036447,0.03968198835762662,0.03131637982446236,UNLOADING,0.20870082675086848,0.0,0.06275414704378313,2.500000000000002,0.00208862304687496,0.6517249624602676,0,staged_v3,0.2708858547736422,2,1.024129846979254,0.2726238653634972,2,1,1,1
v3_pelvis_proxy:v3_right_hand_proxy,287,1.0000000000000002,0.6177246093749922,1.0,0.2502619948550071,0.867733947525827,FLAT,0.0,-1,0.009547165505902986,0.076614835440372,0.030926272240450255,SUPPORT,0.21974774533966746,0.0,0.13650277215689055,0.1884955592153876,1.0,0.05157537575741694,0,ok,0.2921510751826804,0.8688812633242516,FLAT,0.0,-1,0.009548022786763373,0.029600164605173875,0.02572282029610426,SUPPORT,0.2569606614006948,0.0,0.12987860637380289,2.500000000000002,0.003088623046874961,0.6548135855071425,0,staged_v3,0.3744467264108274,2,1.0229731541108318,0.3752014469031673,2,1,1,1
v3_torso_proxy:v3_right_forearm_proxy,288,0.99952611601862,0.417724609374992,0.8830706834023289,0.10230850851003188,0.8715025030883952,FLAT,0.0,-1,0.0035037779049877462,0.02244734116185979,0.0544599276483748,UNLOADING,0.18835521029114355,0.005275655220558954,0.0749551269871909,0.16645490229463647,0.8830706834023289,0.051111468208719535,0,ok,0.1726877200697826,0.8727924382195009,FLAT,0.0,-1,0.0036053603043399935,0.010304042302314357,0.05017774502955748,UNLOADING,0.22025199548630983,0.01720484494916352,0.09019644937681809,-2.500000000000002,0.00208862304687496,0.6569022085540175,0,staged_v3,0.35299763579177584,2,1.0320493221756537,0.3538083341772245,2,1,0,0
v3_torso_proxy:v3_right_forearm_proxy,289,0.9999999999999999,0.21772460937499183,1.0000000000000002,0.031935750025506866,0.8760660174414056,FLAT,0.0,-1,0.0023464249266827216,0.01228001200635576,0.04297565965778583,UNLOADING,0.16326724299398998,0.014868770976533534,0.049915674716769845,0.18849555921538763,1.0000000000000002,0.049339683166527926,0,ok,0.07866531241142227,0.874950032300235,FLAT,0.0,-1,0.004011244951342105,0.006354664068799046,0.03935359535618101,UNLOADING,0.18878821720757089,0.020613015699010008,0.06763178468990044,-2.500000000000002,0.0010886230468749591,0.6579908316008924,0,staged_v3,0.17230940549680765,2,1.0259471673090932,0.1637410923245349,2,0,0,0
v3_torso_proxy:v3_right_forearm_proxy,290,0.9975641981557046,0.01772460937499165,0.5268691059225978,0.072435487094273,0.8581918073865517,FLAT,0.0,-1,0.015836319720953534,0.0139190285990092,0.03474682206350851,UNLOADING,0.24078857401236492,0.012818312504166228,0.039107706815787076,0.09931248675419135,0.5268691059225978,0.04933949489776457,0,ok,0.03549411683412073,0.8777248611023039,FLAT,0.0,-1,0.004820342714932598,0.007605481885443039,0.03285509260654669,UNLOADING,0.17202189775175816,0.019037272744884298,0.05597895613157816,-2.500000000000002,8.862304687495826e-05,0.6580794546477674,0,staged_v3,0.0795329639910434,2,1.0228977454045982,0.0795329639910434,2,1,0,0
v3_pelvis_proxy:v3_right_hand_proxy,291,0.501751532642508,0.18227539062500853,0.9999964656373824,0.11831510179929615,0.8474515211754721,FLAT,0.0,-1,0.0126104215161534,0.01597129802254625,0.028850602277582113,SUPPORT,0.28263085920989195,0.010471232091332855,0.021293432090349493,0.18849489300372954,0.9999964656373824,0.013600211191720064,0,ok,0.07171122321035507,0.8774870330884479,FLAT,0.0,-1,0.006359203459449927,0.022741577042890593,0.028198711914583837,SUPPORT,0.24065444145770332,0.0036683585528386013,0.07534286025352507,-2.500000000000002,-0.0009113769531250426,0.6571680776946424,0,staged_v3,0.1023679768928169,2,1.0047658719880777,0.1032751973218214,2,0,0,0
v3_pelvis_proxy:v3_right_hand_proxy,292,0.2890625,0.01772460937499165,0.2562619232270116,0.05716956477677056,0.8186025350138342,FLAT,0.0,-1,0.02579281517497885,0.0034943759344584534,0.052972645129562235,UNLOADING,0.24225502217990738,0.02415425632201966,0.016227989263759755,0.04830423452428627,0.2562619232270116,0.01832810081072677,0,ok,0.11482088058204515,0.8659187010346303,FLAT,0.0,-1,0.013141519414298553,0.02773771809290286,0.05320913829746228,SUPPORT,0.2825235531661627,0.0,0.08144521527281434,2.500000000000002,8.862304687495826e-05,0.6572567007415173,1,staged_v3,0.2446021788703367,2,1.0035381208889458,0.24520286375767375,2,1,1,1
v3_pelvis_proxy:v3_right_hand_proxy,293,0.5453163833113169,0.18227539062500853,0.6723822615136659,0.07269354850092162,0.7991327458374571,FLAT,0.0,-1,0.027893142866286188,0.021851445330705935,0.06884280170350969,UNLOADING,0.23640602783326095,0.0065906947544695504,0.04731700208926688,0.12674107039052543,0.6723822615136659,0.041000864756967945,0,ok,0.0396643768833014,0.8484086783430691,FLAT,0.0,-1,0.02020602682682468,0.0074577478316484695,0.04278302294897437,SUPPORT,0.31601884253293017,0.01968140331580025,0.056193533950804835,-2.500000000000002,-0.0009113769531250426,0.6563453237883923,0,staged_v3,0.09397724592198595,2,1.006210120934101,0.08781604131939481,2,1,0,0
v3_pelvis_proxy:v3_right_hand_proxy,294,1.0,0.01772460937499165,0.9999843069123998,0.19467865451663416,0.7995651669540544,FLAT,0.0,-1,0.015447486426270213,0.05364575445651373,0.0802142657924515,UNLOADING,0.2153235893747366,0.0,0.03385135818723732,0.1884926011380646,0.9999843069123998,0.015851903047984457,0,ok,0.11587636467095118,0.8323663632560317,FLAT,0.0,-1,0.023167663594186382,0.04156434392280081,0.035312384854128825,SUPPORT,0.34281507402634415,0.004810869476101348,0.021954749766605094,2.500000000000002,8.862304687495826e-05,0.6564339468352672,0,staged_v3,0.1861764763928618,2,0.9995995759745454,0.18584185212761276,2,1,1,1
v3_pelvis_proxy:v3_right_hand_proxy,295,0.6358032226562501,0.21772460937499183,0.63580322265625,0.08414504500674928,0.7976644088161525,FLAT,0.0,-1,0.01791643321725064,0.028731810409368543,0.08722536982877513,UNLOADING,0.1845630766069171,0.012028250976350359,0.017333017515088398,0.11984608400553544,0.63580322265625,0.04809762360199418,0,ok,0.07276207672839986,0.8179275914107575,FLAT,0.0,-1,0.023986211354744484,0.0008863166784934514,0.029959438749206677,SUPPORT,0.36425205922107534,0.025611655258966883,0.029832173511932996,2.500000000000002,0.0010886230468749591,0.6575225698821422,1,staged_v3,0.32955265276879153,2,1.0102142420488809,0.3313309572910572,2,1,1,1
v3_pelvis_proxy:v3_right_hand_proxy,296,0.1173095703124999,0.417724609374992,0.0927564533914594,0.06508768530289588,0.8145523414080479,FLAT,0.0,-1,0.004490549837227306,0.036500276814232666,0.09224904539249128,UNLOADING,0.15819692280592895,0.006964062307980599,0.022648389961643967,0.017484179552859174,0.0927564533914594,0.04983939335155389,0,ok,0.09421719170786996,0.8193344865114791,FLAT,0.0,-1,0.01356792176419098,0.0010409550513616342,0.02612388526121595,SUPPORT,0.3814016473768603,0.025265239211699167,0.029986709663685364,2.500000000000002,0.00208862304687496,0.6596111929290172,1,staged_v3,0.17684251238804446,2,1.0004526900556687,0.17684251238804446,2,1,1,1
v3_pelvis_proxy:v3_right_hand_proxy,297,0.44403482855674303,0.21772460937499183,0.5773246517955103,0.023421762392779644,0.8291784574532202,FLAT,0.0,-1,0.005983477701540847,0.007925668470667557,0.09585205461090013,SUPPORT,0.21655753824474316,0.02186693425987745,0.03341576012415066,0.10882313308902364,0.5773246517955103,0.04809388374607769,0,ok,0.0966107791841462,0.7933592428930779,FLAT,0.0,-1,0.03285731034082324,0.013206251424290494,0.02109885944344518,SUPPORT,0.39512131790148824,0.012848691547881767,0.05834271664015425,-2.500000000000002,0.0010886230468749591,0.6606998159758921,0,staged_v3,0.08013539244136421,2,1.0097386062071005,0.08174693738324106,2,1,0,0
v3_pelvis_proxy:v3_right_hand_proxy,298,0.0703249001838169,0.01772460937499165,0.14519903645028126,0.04379856520245042,0.8336909374363511,FLAT,0.0,-1,0.007673625148588796,0.010599788871015436,0.09847295246568782,SUPPORT,0.29394843244290797,0.019323858752268958,0.03717059476293756,0.027369373573231215,0.14519903645028126,0.04898370752636201,0,ok,0.06557025045242067,0.8109494567423412,FLAT,0.0,-1,0.004086891229118007,0.013883765659468125,0.04584514005119184,UNLOADING,0.3386754153441328,0.013408491343091467,0.06026745356060324,-2.500000000000002,8.862304687495826e-05,0.6607884390227671,0,staged_v3,0.07935801984820055,2,1.0084867757566929,0.08080801924104536,2,1,0,0
v3_pelvis_proxy:v3_right_hand_proxy,299,0.05764257744948626,0.18227539062500853,0.11278337488370399,0.06674928381854894,0.83408298029292,FLAT,0.0,-1,0.008553279202829795,0.008085205707220239,0.07200403889783781,SUPPORT,0.32515874595432637,0.020514996237671654,0.03602832683562469,0.021259165318902484,0.11278337488370399,0.04937512948878761,0,ok,0.03838762603460609,0.8180866650458352,FLAT,0.0,-1,0.008957368428615853,0.015577853821360212,0.0635766249268873,UNLOADING,0.3098943477202566,0.012600977424984155,0.061389009777786066,-2.500000000000002,-0.0009113769531250426,0.659877062069642,0,staged_v3,0.07639180993774089,2,1.009107834515751,0.0782935835879389,2,1,0,0
v3_pelvis_proxy:v3_right_hand_proxy,300,0.061007922216354114,0.3822753906250087,0.1481665925802702,0.06925518810958187,0.8365587945786874,FLAT,0.0,-1,0.006815223809289282,0.01047981593184524,0.05303823356960188,SUPPORT,0.3501269967634611,0.017172095746634856,0.036823835376976456,0.027928744725456534,0.1481665925802702,0.05032047329060797,0,ok,0.0357524408802185,0.8185206074688874,FLAT,0.0,-1,0.014691380832983414,0.013956768720730279,0.07628178902328869,UNLOADING,0.3317855223608146,0.014857320730434158,0.05906743471454745,-2.500000000000002,-0.0019113769531250435,0.657965685116517,0,staged_v3,0.0766114724009889,2,1.009289102735229,0.0784562746218572,2,1,0,0
v3_pelvis_proxy:v3_right_hand_proxy,301,0.9999999999999999,0.18227539062500853,0.37030155468860654,0.1611030968798511,0.8389673162858371,FLAT,0.0,-1,0.00781452268430236,0.015103791469626364,0.03944864022167363,SUPPORT,0.37010159741076887,0.01690367153121648,0.010068760479867205,0.06980019862935632,0.37030155468860654,0.046144009977032246,0,ok,0.0867549737263879,0.8208123195642839,FLAT,0.0,-1,0.013514749225420545,0.03561036822410686,0.08538543690433824,SUPPORT,0.3554733881002955,0.0,0.055379421287093486,2.500000000000002,-0.0009113769531250426,0.6570543081633919,0,staged_v3,0.07670162214547871,2,1.010484128601586,0.07611962429971264,2,1,1,1
v3_pelvis_proxy:v3_right_hand_proxy,302,0.5352409699922389,0.01772460937499165,0.7063364076898655,0.12989535090993892,0.8406539260759939,FLAT,0.0,-1,0.009895046214898307,0.013872996605190882,0.058058140032538834,UNLOADING,0.3172299406378019,0.01938348639039766,0.008519420611229282,0.1331412761616892,0.7063364076898655,0.009993078726342697,0,ok,0.0230379712795923,0.8256334050621982,FLAT,0.0,-1,0.011459604079613632,0.026341449010872372,0.09190848565154897,UNLOADING,0.304691475514539,0.003253975271705078,0.05456483613536668,2.500000000000002,8.862304687495826e-05,0.6571429312102669,1,staged_v3,0.17836341313867757,2,0.974372689002738,0.13318678069990492,2,0,1,1
v3_pelvis_proxy:v3_right_hand_proxy,303,0.5278524320881128,0.18227539062500853,0.6504255174520538,0.07276710985727841,0.8415947179432639,FLAT,0.0,-1,0.009878169427595125,0.014553982219256252,0.04465326154671558,UNLOADING,0.2720459823300647,0.012678680858079529,0.040569623226413894,0.12260232164008274,0.6504255174520538,0.022283536496745297,0,ok,0.035707573066317756,0.8270862413282546,FLAT,0.0,-1,0.015024043953339256,0.013443795874703002,0.06830876062043124,UNLOADING,0.3683917372748259,0.014971642156318563,0.05559723598127285,-2.500000000000002,-0.0009113769531250426,0.6562315542571419,0,staged_v3,0.19963780810762227,2,0.9874637046065828,0.20144421638668128,2,1,0,0
v3_pelvis_proxy:v3_right_hand_proxy,304,0.4071294925097385,0.3822753906250087,0.5106869405552324,0.0717239520956661,0.8424587069247721,FLAT,0.0,-1,0.009918952790602734,0.017681690581241527,0.035048246397186254,UNLOADING,0.24714953607183957,0.009070721738617789,0.042817466726913736,0.09626222044395394,0.5106869405552324,0.04895966211662271,0,ok,0.03647706737768553,0.826902828397198,FLAT,0.0,-1,0.01679393731113592,0.010816543241387033,0.05022450670438796,UNLOADING,0.38903471650265087,0.016694682093832368,0.05302411889901415,-2.500000000000002,-0.0019113769531250435,0.6543201773040168,0,staged_v3,0.18010127735059606,2,1.0050403729347992,0.17749145862144924,2,0,0,0
v3_pelvis_proxy:v3_right_hand_proxy,305,0.9999999999999999,0.18227539062500853,0.5090007686946887,0.10154946222984405,0.8450276525410947,FLAT,0.0,-1,0.010195730713350773,0.017693528536076093,0.0282266854892411,SUPPORT,0.28771962885747165,0.008717805738385962,0.07820111257213531,0.09594438453616749,0.5090007686946887,0.043788160249732255,0,ok,0.1835489526527594,0.8414477379365873,FLAT,0.0,-1,0.004512373797083022,0.03290037250177129,0.0386372731788105,SUPPORT,0.4062444025145728,0.0,0.10439317177526014,2.500000000000002,-0.0009113769531250426,0.6534088003508918,0,staged_v3,0.08832529097851802,2,1.0052335770072887,0.08928583457591416,2,1,1,1
v3_pelvis_proxy:v3_right_hand_proxy,306,0.9966366662382187,0.3822753906250087,0.3876736530493457,0.047941204719375546,0.8477633886196658,FLAT,0.0,-1,0.009541088738776902,0.010078067293762306,0.05186352937328895,UNLOADING,0.2466168247349757,0.017515109174902142,0.04274622996327388,0.07307476202460857,0.3876736530493457,0.049743697855612404,0,ok,0.05400205802384491,0.8520362956933762,FLAT,0.0,-1,0.005444256049945452,0.011669949592677788,0.0588281661547341,UNLOADING,0.3482094878696338,0.016271458715058917,0.05928584314209277,-2.500000000000002,-0.0019113769531250435,0.6514974233977667,0,staged_v3,0.14885388726418902,2,1.0090933625071439,0.15059060608972294,2,1,0,0
v3_pelvis_proxy:v3_right_hand_proxy,307,0.0841480158400955,0.5822753906250089,0.7230569275637354,0.0716026571613525,0.8496990182079437,FLAT,0.0,-1,0.009061386835417708,0.010999757221514046,0.04054399965193472,UNLOADING,0.26231455849373225,0.016027442761082693,0.03649812166962277,0.13629301990568632,0.7230569275637354,0.053379881576339536,0,ok,0.03605414119820881,0.8585148723692217,FLAT,0.0,-1,0.00729799991731869,0.006489161618427181,0.044922019359846216,UNLOADING,0.3349481389106043,0.020756939349565132,0.047263239349092684,-2.500000000000002,-0.0029113769531250444,0.6485860464446417,0,staged_v3,0.11731721055516423,2,1.0110464897822824,0.11802539618564593,2,0,0,0
v3_pelvis_proxy:v3_right_hand_proxy,308,0.3906936952623668,0.7822753906250091,0.9556058380863528,0.0830670249662027,0.8599538768274011,FLAT,0.0,-1,0.008670446094417033,0.008994097372767497,0.03248771758146019,UNLOADING,0.24013053369645757,0.017630288506305512,0.02780329895536008,0.1801274568395762,0.9556058380863528,0.033321052376442215,0,ok,0.04054493759664143,0.8659669502676213,FLAT,0.0,-1,0.006572210990833578,0.03191334600216979,0.036099287836322276,UNLOADING,0.36721243036967016,0.0,0.06702209580824266,-2.500000000000002,-0.003911376953125045,0.6446746694915166,0,staged_v3,0.10360123528765679,2,1.0082049231622006,0.09615981771337577,2,1,0,0
v3_pelvis_proxy:v3_right_hand_proxy,309,1.0000000000000002,0.5822753906250089,0.9999995297034013,0.31222664092207103,0.8699512674466421,FLAT,0.0,-1,0.007238935227756786,0.06583443856217536,0.02678759338136147,SUPPORT,0.2821044269571661,0.013423812730442752,0.012915566938625323,0.18849547056656724,0.9999995297034013,0.06257313268609135,0,ok,0.2362701802484249,0.8713964178879154,FLAT,0.0,-1,0.00621706931655269,0.09750443748744325,0.02969508992448422,SUPPORT,0.38376994429573613,0.0,0.08426546087246971,2.500000000000002,-0.0029113769531250444,0.6417632925383916,0,staged_v3,0.23468410763374312,2,1.018471632236188,0.22742183813824413,2,1,1,1
v3_pelvis_proxy:v3_right_hand_proxy,310,0.03222656250000002,0.3822753906250087,0.03222656250000002,0.29973339375508645,0.8573524284367315,FLAT,0.0,-1,0.02153879065729137,0.06010870979838849,0.05323118507638015,UNLOADING,0.2418037945347138,0.019309682973006646,0.008351876280812364,0.006074563920027143,0.03222656250000002,0.06049322253750826,0,ok,0.24411300082643078,0.8818709500559216,FLAT,0.0,-1,0.001681118400080788,0.09033523840977833,0.0533685903269228,UNLOADING,0.32894566653920243,0.0,0.07842710549553628,2.500000000000002,-0.0019113769531250435,0.6398519155852666,1,staged_v3,0.3654200610301326,2,0.8849157400014468,0.3633562656174675,2,0,1,1
v3_pelvis_proxy:v3_right_hand_proxy,311,6.103515625005207e-05,1.1125206955675537e-05,6.10351562500123e-05,0.29973172984751845,0.8634467814423432,FLAT,0.0,-1,0.0070990546414630915,0.06010415652079111,0.043859881260669795,UNLOADING,0.207260395315469,0.018842179611483257,0.008350814451550233,1.1504855909144629e-05,6.10351562500123e-05,0.06048954945200087,0,ok,0.2441112890501503,0.8846175513261659,FLAT,0.0,-1,0.005989894913002633,0.09033534640163596,0.04195149304024373,UNLOADING,0.2819534284675562,0.0,0.07842708929757766,4.778303317725663,-5.5626034778377687e-08,0.6398518599592318,1,staged_v3,0.2961114804724013,2,0.9551481755566349,0.12534377875710104,2,0,1,1
v3_pelvis_proxy:v3_right_hand_proxy,312,0.09075927734375011,0.1999888747930445,0.09075927734375004,0.31266458000560504,0.8727843587014841,FLAT,0.0,-1,0.007096281111832805,0.05433300727167985,0.03710503352064738,UNLOADING,0.17765176741325917,0.018881334864410976,0.007973916811621393,0.01710772073689462,0.09075927734375004,0.05525956364255097,0,ok,0.2486706909036679,0.8651635670151439,FLAT,0.0,-1,0.016633305497066226,0.09085290012009636,0.03406388451475759,UNLOADING,0.24167436726321478,0.0,0.08036866146746963,2.500000000000002,0.0009999443739652225,0.640851804333197,1,staged_v3,0.21440919417689297,2,0.968363643255952,0.1261203702609107,2,0,1,1
v3_pelvis_proxy:v3_right_hand_proxy,313,0.9999999999999999,0.3999888747930447,1.0,0.265046933826414,0.8793954333064292,FLAT,0.0,-1,0.007103179505116321,0.03388211973343146,0.03232496936876318,SUPPORT,0.23212141393060734,0.016426540495596248,0.010189707972841914,0.1884955592153876,1.0,0.030869339586104785,0,ok,0.18649889206262968,0.8744707030641525,FLAT,0.0,-1,0.003293216848254231,0.10177769257783968,0.02848559041986441,SUPPORT,0.28333949381057183,0.0,0.07714275687418246,2.500000000000002,0.0019999443739652234,0.6428517487071622,0,staged_v3,0.09368705888013229,2,1.015883649413585,0.09252691993907174,2,1,1,1
v3_pelvis_proxy:v3_right_hand_proxy,314,1.0000000000000002,0.1999888747930445,0.9999660598389896,0.12771392881675153,0.8735304715750606,FLAT,0.0,-1,0.015773761219169784,0.007643195664126915,0.05730983677624146,UNLOADING,0.19896121194052058,0.02022229617468516,0.01395010158004144,0.18848916164575807,0.9999660598389896,0.04242007470861152,0,ok,0.13844061437976365,0.8640527860388288,FLAT,0.0,-1,0.014939483009955304,0.012115963542898931,0.05292023254192928,UNLOADING,0.24286242326620444,0.015530048084197536,0.046474012521520995,-2.500000000000002,0.0009999443739652225,0.6438516930811274,0,staged_v3,0.3590979778116106,2,1.0060843964299135,0.23064954919922245,2,0,0,0
v3_pelvis_proxy:v3_right_hand_proxy,315,1.0000000000000002,0.3999888747930447,1.0,0.23652303530669827,0.8644934458331827,FLAT,0.0,-1,0.01359520573314438,0.05601377417789989,0.046961923904860745,UNLOADING,0.17071088052360708,0.0,0.05778156767203846,0.1884955592153876,1.0,0.02145942455637427,0,ok,0.18274138022107547,0.8398891976692179,FLAT,0.0,-1,0.024286688156861403,0.04112482500420966,0.04045560916267837,UNLOADING,0.20822171112596283,0.012273046808698743,0.014749733649435177,2.500000000000002,0.0019999443739652234,0.6458516374550927,0,staged_v3,0.3386358694216084,2,0.9914008869471149,0.33982512103718654,2,1,1,1
v3_pelvis_proxy:v3_right_hand_proxy,316,0.5181274414062498,0.5999888747930449,0.51812744140625,0.27162703278009354,0.8514444207328546,FLAT,0.0,-1,0.017347027240600416,0.09317162993443219,0.03957988351672926,UNLOADING,0.14632361189972348,0.0,0.05422104658364384,0.09766472181270908,0.51812744140625,0.050742074461933545,0,ok,0.1563273936672101,0.8455994073239812,FLAT,0.0,-1,0.008476126806252605,0.002280778957379698,0.0316643243666178,UNLOADING,0.1784759372732903,0.024302437260951194,0.003256575649993901,2.500000000000002,0.0029999443739652243,0.6488515818290579,1,staged_v3,0.43634278397760123,2,1.0077537776293664,0.43689701298786754,2,1,1,1
v3_pelvis_proxy:v3_right_hand_proxy,317,1.0000000000000002,0.3999888747930447,1.0000000000000002,0.10329254243929441,0.8235229095074658,FLAT,0.0,-1,0.036775117817536264,0.010497504102968284,0.03226062157011432,SUPPORT,0.2070588895197788,0.016115526975537434,0.030775645441110656,0.18849555921538763,1.0000000000000002,0.04944956044222959,0,ok,0.02198555729924068,0.8472122403833605,FLAT,0.0,-1,0.009657418364165803,0.00614181112948483,0.025544838586859117,SUPPORT,0.23278074981863225,0.020135430799858127,0.03088789600463257,-2.500000000000002,0.0019999443739652234,0.6508515262030231,0,staged_v3,0.27006972059098533,2,0.999018384547295,0.27006972059098533,2,1,0,0
v3_pelvis_proxy:v3_right_hand_proxy,318,0.510532260726613,0.1999888747930445,0.5777704310605173,0.07034135513476075,0.8132650198875693,FLAT,0.0,-1,0.022612358334941744,0.00866139996941782,0.056055874792244484,UNLOADING,0.17747904815981042,0.019141393770194404,0.035868624571384795,0.10890716050086777,0.5777704310605173,0.05097582652941497,0,ok,0.03710184016376748,0.8506868329707302,FLAT,0.0,-1,0.007455287193137467,0.009148701859393513,0.04955423487855312,SUPPORT,0.319502454228609,0.018329009884534144,0.0450984989973528,-2.500000000000002,0.0009999443739652225,0.6518514705769883,0,staged_v3,0.14710407665686173,2,1.0078751206250607,0.1482545707964415,2,1,0,0
v3_pelvis_proxy:v3_right_hand_proxy,319,0.07427599066982768,1.1125206955675537e-05,0.2502201336962737,0.0718381179846326,0.8310124634335627,FLAT,0.0,-1,0.009638920096545614,0.011729446023358233,0.07306911438359397,UNLOADING,0.16733098641816596,0.016924009695821467,0.03907567953104056,0.04716538402802817,0.2502201336962737,0.051220278850834855,0,ok,0.036770795998766585,0.8547628002709299,FLAT,0.0,-1,0.006438284965851169,0.009973233899927502,0.03835619223407079,SUPPORT,0.3503912426471178,0.016944575711776037,0.04550482025145083,-2.500000000000002,-5.5626034778377687e-08,0.6518514149509536,0,staged_v3,0.07456091687595882,2,1.0083105466781117,0.07564758336198832,2,1,0,0
v3_pelvis_proxy:v3_right_hand_proxy,320,0.05064434891227949,0.20001112520695585,0.4722350331163711,0.07289506501249028,0.8335996157051724,FLAT,0.0,-1,0.016112253858645377,0.012427532574215906,0.0852099271275856,UNLOADING,0.15725180541402048,0.016832963782163375,0.03989368385379199,0.08901420664836746,0.4722350331163711,0.05111772190913312,0,ok,0.03619945766815256,0.8550866638235556,FLAT,0.0,-1,0.011125398720454942,0.009819727161359638,0.030029488826272262,SUPPORT,0.37689946982732925,0.016681747279953977,0.04563778430652055,-2.500000000000002,-0.0010000556260347793,0.6508513593249188,0,staged_v3,0.07542735398126638,2,1.0085001695686127,0.07709286690996833,2,1,0,0
v3_pelvis_proxy:v3_right_hand_proxy,321,0.03957053316283398,0.40001112520695603,0.4532369943204567,0.07207171966087449,0.8540323537798373,FLAT,0.0,-1,0.004616857127535161,0.008812932845257426,0.09385752367314695,SUPPORT,0.2158014443312164,0.020879943338399924,0.03705654075498273,0.08543316070153595,0.4532369943204567,0.05205901459487759,0,ok,0.03655937582131446,0.8574526465506681,FLAT,0.0,-1,0.009668506400147478,0.0031180054473266177,0.02372704345853453,SUPPORT,0.40064190003604366,0.02306834672560011,0.04011093576934529,-2.500000000000002,-0.00200005562603478,0.648851303698884,0,staged_v3,0.0768483280012574,2,1.0079810921814627,0.07785334176494074,2,1,0,0
v3_torso_proxy:v3_right_forearm_proxy,322,0.9999999999999999,0.20001112520695585,1.0,0.3232470406795356,0.8680300696842197,FLAT,0.0,-1,0.007048306141497625,0.1069912257549656,0.10000744495464536,SUPPORT,0.26264115546497313,0.0020266149345906856,0.027973757313141584,0.1884955592153876,1.0,0.06127784655581041,0,ok,0.1298225363811814,0.8626279593821267,FLAT,0.0,-1,0.0071846219272674065,0.044375318682808244,0.047282760059035714,SUPPORT,0.41681399735370867,0.0,0.03148014748058141,2.500000000000002,-0.0010000556260347793,0.6478512480728492,0,staged_v3,0.2399631310031525,2,1.0233373467994296,0.2399631310031525,2,1,1,1
v3_pelvis_proxy:v3_right_hand_proxy,323,0.9999999999999999,1.1125206955675537e-05,1.0,0.28631729836509184,0.8860923535730931,FLAT,0.0,-1,0.0007845422016165902,0.07318137677360753,0.10447203989853757,UNLOADING,0.2251209903985484,0.003577830306451521,0.02664577168847536,0.1884955592153876,1.0,0.04862070452080845,0,ok,0.3164530183920331,0.8676343234407187,FLAT,0.0,-1,0.007470997390018541,0.1561459184906433,0.06387418647930106,UNLOADING,0.35726914058889314,0.0,0.05421961573007603,2.500000000000002,-5.5626034778377687e-08,0.6478511924468144,0,staged_v3,0.31483414028996026,2,1.006567949170835,0.3157647223560635,2,1,1,1
v3_pelvis_proxy:v3_right_hand_proxy,324,0.9995899090254197,0.20001112520695585,0.9777816940854406,0.15182185993908986,0.8840218543919313,FLAT,0.0,-1,0.012875474359403956,0.016128266041547806,0.07938750290759691,UNLOADING,0.19296084891304216,0.01284110910383204,0.021157804446361235,0.18430750721720418,0.9777816940854406,0.05144872711103993,0,ok,0.05450611924577395,0.8706811708711142,FLAT,0.0,-1,0.008648429618635883,0.011453417929012496,0.04714930176775542,UNLOADING,0.30623069193333696,0.015904047159375278,0.020566968622804216,-2.500000000000002,-0.0010000556260347793,0.6468511368207797,0,staged_v3,0.38217505136008667,2,0.9942204528074277,0.38368452288118576,2,1,0,0
v3_pelvis_proxy:v3_right_hand_proxy,325,0.4220581054687501,1.1125206955675537e-05,0.42205810546874994,0.14627125916803743,0.860597507880758,FLAT,0.0,-1,0.02777479606786035,0.034849856973999976,0.05974811181502471,UNLOADING,0.16540646248374244,0.0,0.033935950902544185,0.07955607861171907,0.42205810546874994,0.05763353205273189,0,ok,0.05071199097192453,0.8771941797097318,FLAT,0.0,-1,0.005284562868988936,0.0017141805821199877,0.035780734076480726,UNLOADING,0.29930248137942805,0.02507485612170405,0.015166265834351298,2.500000000000002,-5.5626034778377687e-08,0.6468510811947449,1,staged_v3,0.21242315356581382,2,1.0095653049164985,0.21242315356581382,2,1,1,1
v3_torso_proxy:v3_right_forearm_proxy,326,0.9999999999999999,0.1999888747930445,1.0000000000000002,0.06318318401712605,0.8792065039876885,FLAT,0.0,-1,0.0031526244899834303,0.06192926297984094,0.04569936083749914,SUPPORT,0.22232516998699398,0.0,0.08080063057261931,0.18849555921538763,1.0000000000000002,0.06281074812091716,0,ok,0.03097677810942005,0.8833831412703658,FLAT,0.0,-1,0.005545204438991494,0.008561321162900253,0.02763479936930484,SUPPORT,0.32944198510354245,0.01782041880556499,0.013519633800396811,2.500000000000002,0.0009999443739652225,0.6478510255687101,0,staged_v3,0.20384495702134411,2,1.0068112664674433,0.12304312966919162,2,0,0,0
v3_pelvis_proxy:v3_right_hand_proxy,327,0.8992263590187923,1.1125206955675537e-05,0.7594304694418607,0.07166920466028229,0.8919313597641567,FLAT,0.0,-1,0.005185608885262237,0.019098092019900766,0.06398615353295448,SUPPORT,0.2678601359895952,0.009101215656746958,0.04710261890327565,0.14314927102264785,0.7594304694418607,0.05731769229838614,0,ok,0.02255299972777088,0.8830510445114834,FLAT,0.0,-1,0.008666083694838119,0.0022856454590901376,0.05014485104034466,SUPPORT,0.37783626496111544,0.0252215970929271,0.03581360036700893,-2.500000000000002,-5.5626034778377687e-08,0.6478509699426753,1,staged_v3,0.23322623119237038,2,1.0107352093830386,0.23427989505003077,2,1,0,0
v3_pelvis_proxy:v3_right_hand_proxy,328,1.0,0.1999888747930445,1.0,0.23343293714974564,0.9002600878391789,FLAT,0.0,-1,0.0051308635467599345,0.08251403807991511,0.07708455239461973,SUPPORT,0.30428810879167617,0.007534419087188174,0.021319808532542815,0.1884955592153876,1.0,0.061212500376150544,0,ok,0.12647445627618167,0.8863747353974056,FLAT,0.0,-1,0.0070738267111793785,0.04578113694128345,0.06627400786527854,SUPPORT,0.43732298893131966,0.0,0.036271439496493106,2.500000000000002,0.0009999443739652225,0.6488509143166405,0,staged_v3,0.26754900771473006,2,1.0053521908921859,0.26754900771473006,2,1,1,1
v3_pelvis_proxy:v3_right_hand_proxy,329,1.0,1.1125206955675537e-05,0.9451628240648706,0.0705608331118054,0.895535906925885,FLAT,0.0,-1,0.014658370598241979,0.01593821441378927,0.08648524286344728,UNLOADING,0.2608183789642939,0.013386047729383097,0.04122175967461672,0.1781589950717028,0.9451628240648706,0.05723896176883027,0,ok,0.037606468730667406,0.8885734486279828,FLAT,0.0,-1,0.006718046157699263,0.014042301657941257,0.0778310537434986,UNLOADING,0.3748482762268454,0.014849251029233675,0.048042818989269494,-2.500000000000002,-5.5626034778377687e-08,0.6488508586906058,0,staged_v3,0.2686973118013753,2,1.017978891301974,0.2686973118013753,2,1,0,0
v3_pelvis_proxy:v3_right_hand_proxy,330,0.274536912272952,0.20001112520695585,0.49999999840897175,0.0729278371514304,0.8867842300793662,FLAT,0.0,-1,0.015862753896949276,0.009978964841830983,0.06460275264285617,UNLOADING,0.2397321267302292,0.018251172790311826,0.03788571278452334,0.09424777930779205,0.49999999840897175,0.05162943969030116,0,ok,0.036622882981208145,0.8891924545108938,FLAT,0.0,-1,0.0075226356923530704,0.012119608029383545,0.057765170030359934,UNLOADING,0.3950497320897415,0.015768650472134455,0.045722342629009115,-2.500000000000002,-0.0010000556260347793,0.647850803064571,0,staged_v3,0.20154387802602272,2,1.0128436678537887,0.20205570119222183,2,1,0,0
v3_pelvis_proxy:v3_right_hand_proxy,331,0.05140736344647531,0.40001112520695603,0.5002909367396612,0.07336017216752838,0.8949403057531702,FLAT,0.0,-1,0.008123288694227983,0.007244391512844679,0.04881127699200945,UNLOADING,0.2199740649862727,0.020196172336755795,0.03526544715251581,0.09430261989113253,0.5002909367396612,0.05053346497243395,0,ok,0.03663824094356191,0.8948026856161313,FLAT,0.0,-1,0.0038297709272729873,0.008229910787863198,0.043387336075563436,UNLOADING,0.4161542711621483,0.018939456015914975,0.04166081244840175,-2.500000000000002,-0.00200005562603478,0.6458507474385362,0,staged_v3,0.07670480190938316,2,1.0126748511210357,0.07844705583497232,2,1,0,0
v3_torso_proxy:v3_right_forearm_proxy,332,0.9436828381449902,0.6000111252069562,0.9999995876729828,0.04542343663326729,0.8936074534359133,FLAT,0.0,-1,0.012676247796009838,0.019854093498563426,0.037422252589342175,SUPPORT,0.2659792519890182,0.007017019130903683,0.03352700770342076,0.18849548149357592,0.9999995876729828,0.054639767656243426,0,ok,0.05835852827729757,0.8838441625141946,FLAT,0.0,-1,0.014088209122733753,0.0120782668046077,0.03291641726394757,SUPPORT,0.43284924744699643,0.014567554058589678,0.03568670231085457,-2.500000000000002,-0.003000055626034781,0.6428506918125014,0,staged_v3,0.1918045830757623,2,1.0113766774228639,0.1213038013205819,2,0,0,0
v3_torso_proxy:v3_right_forearm_proxy,333,0.8499755859374999,0.40001112520695603,0.4912248011041662,0.14525414406759005,0.8972164913991563,FLAT,0.0,-1,0.011729973547360635,0.050305170824058665,0.05752277861032274,SUPPORT,0.30278340159121453,0.00418312428153839,0.02369301464897775,0.09259369358459736,0.4912248011041662,0.05463240955128282,0,ok,0.06317081558952414,0.8904959440150273,FLAT,0.0,-1,0.004213538964152197,0.004314065030277804,0.05376054502756979,SUPPORT,0.4362793979575971,0.023848204353368752,0.00383982289800974,2.500000000000002,-0.00200005562603478,0.6408506361864666,1,staged_v3,0.23739218124595748,2,1.0065575902780795,0.23739218124595748,2,1,1,1
v3_pelvis_proxy:v3_right_hand_proxy,334,0.9999999999999999,0.20001112520695585,1.0,0.1811962501707321,0.9095046442370442,FLAT,0.0,-1,0.006753689235941303,0.06944259118513804,0.07183509595266024,UNLOADING,0.25952862993532677,0.0,0.0714995294794692,0.1884955592153876,1.0,0.017163852842725695,0,ok,0.1429929702405429,0.8995289233478907,FLAT,0.0,-1,0.0009836279611941923,0.026325953159860194,0.06869601521180552,SUPPORT,0.4390235183660777,0.0021088476007300842,0.05617971367787088,2.500000000000002,-0.0010000556260347793,0.6398505805604319,0,staged_v3,0.22062323103323064,2,0.9955780150254059,0.1960055207719756,2,0,1,1
v3_pelvis_proxy:v3_right_hand_proxy,335,0.28387451171874967,1.1125206955675537e-05,0.28387451171875,0.17592269565376445,0.9146507236047622,FLAT,0.0,-1,0.007702694802302161,0.06992692306829838,0.08201718227624824,UNLOADING,0.22245311137313722,0.0,0.0713040676236997,0.053509084833420886,0.28387451171875,0.025505574275580457,0,ok,0.16103560842843287,0.8889316813691603,FLAT,0.0,-1,0.01269617105032241,0.007299820643359278,0.05105087829433062,SUPPORT,0.44121881469286217,0.020252723271357256,0.04400554322265027,2.500000000000002,-5.5626034778377687e-08,0.6398505249343971,1,staged_v3,0.3728439689654362,2,1.014346101886225,0.37457041222011533,2,1,1,1
v3_pelvis_proxy:v3_right_hand_proxy,336,0.9999999999999999,0.20001112520695585,0.6539290394301952,0.09125206535140765,0.9095164559204626,FLAT,0.0,-1,0.014870829085642903,0.011475185375947487,0.08894255175244911,UNLOADING,0.19067409546268904,0.01797194221167497,0.040623830300094504,0.12326271997457589,0.6539290394301952,0.02475781998386937,0,ok,0.03679966379195636,0.8825792286996613,FLAT,0.0,-1,0.011307428776205572,0.009647017797547005,0.03840758521359838,SUPPORT,0.44297505175428975,0.017273361463132915,0.04528291660139449,-2.500000000000002,-0.0010000556260347793,0.6388504693083623,0,staged_v3,0.17923872245486394,2,1.0050348711714736,0.17923872245486394,2,1,0,0
v3_pelvis_proxy:v3_left_hand_proxy,337,1.0,1.1125206955675537e-05,1.0000000000000002,0.19175431284151295,0.9102514372086676,FLAT,0.0,-1,0.012895888041179894,0.03226295747542411,0.09207699211558051,UNLOADING,0.1634349389680192,0.004209542842880505,0.02539430676289852,0.18849555921538763,1.0000000000000002,0.03043035539986215,0,ok,0.2298959574417229,0.878806716566026,FLAT,0.0,-1,0.012897597171094313,0.0527167982947255,0.02752023736907414,SUPPORT,0.45381810316844146,0.0,0.06305147008651922,2.500000000000002,-5.5626034778377687e-08,0.6388504136823275,0,staged_v3,0.22137381393089514,2,1.035808750133025,0.1884239171538448,2,0,1,1
