active_collision_pair,frame_idx,frame_root_angular_budget_usage,frame_root_z_budget_usage,frame_velocity_budget_usage_max,left_anchor_error_xy,left_contact_confidence,left_contact_phase,left_contact_slack,left_elbow_branch_sign,left_foot_vxy,left_heel_height,left_liftoff_probability,left_load_phase,left_lock_weight,left_swing_clearance_error,left_toe_height,max_joint_delta,max_joint_velocity_ratio,min_self_collision_distance,qp_resolve_count,qp_status,right_anchor_error_xy,right_contact_confidence,right_contact_phase,right_contact_slack,right_elbow_branch_sign,right_foot_vxy,right_heel_height,right_liftoff_probability,right_load_phase,right_lock_weight,right_swing_clearance_error,right_toe_height,root_ddz,root_dz,root_z,safety_backtracked,solver_mode,stage_a_high_priority_error,stage_a_iterations,stage_b_detail_error,stage_b_high_priority_error,stage_b_iterations,stage_b_rejected,stage_c_iterations,stage_c_triggered
v3_pelvis_proxy:v3_left_hand_proxy,0,1.0,1.0000000000000009,1.0,0.0,0.13253435306937544,AIR,0.0,-1,0.0,0.08665827390188605,0.0022879224456866273,UNLOADED,0.026446224949632693,0.0,0.11708373766616452,0.1884955592153876,1.0,0.04320291373100783,0,ok,0.0,0.11059360760702311,AIR,0.0,1,0.0,0.10531742340876979,0.0017887757384007763,UNLOADED,0.022079156088982692,0.0,0.08693009141988876,0.0,-0.0050000000000000044,0.745,0,staged_v3,0.6021178414539967,2,1.1366661532962616,0.6018610611380139,2,0,0,0
v3_pelvis_proxy:v3_right_hand_proxy,1,0.9999999999999999,1.0000000000000009,1.0,0.0,0.22685862494652603,AIR,0.0,-1,0.009167712898499693,0.08559335348982061,0.00394228501936523,UNLOADED,0.06634983667728327,0.0,0.12346129484075734,0.1884955592153876,1.0,0.050072053173783715,0,ok,0.0,0.19291081731835294,AIR,0.0,1,0.0037702633765366663,0.0962694511248806,0.003070489562559682,UNLOADED,0.05612702220464057,0.0,0.09135094187042336,0.0,-0.0050000000000000044,0.74,0,staged_v3,0.5242488141576425,2,1.089551270041513,0.5244330212067673,2,0,0,0
v3_torso_proxy:v3_left_forearm_proxy,2,0.9999999999999992,1.0000000000000009,0.9999999999999999,0.0,0.29256635613005816,FLAT,0.0,-1,0.015729030332093663,0.08340912195226936,0.0049077163318433,UNLOADED,0.11130597403101276,0.0,0.11639600316243195,0.18849555921538758,0.9999999999999999,0.05273706179748679,0,ok,0.0,0.25336311229734476,FLAT,0.0,-1,0.010071218442111741,0.08041056549865844,0.003988877648764806,UNLOADED,0.09537211333204854,0.0,0.09307765852499317,0.0,-0.0050000000000000044,0.735,0,staged_v3,0.44718861345349287,2,0.9919811571365124,0.44740024564819536,2,0,0,0
v3_torso_proxy:v3_left_forearm_proxy,3,1.0000000000000002,1.0000000000000009,0.5588096446101902,0.0,0.3464475750635909,FLAT,0.0,-1,0.013488044776439693,0.07929225090707531,0.005074332337350219,UNLOADED,0.15798269621086003,0.0,0.1076983171821927,0.10533313645574982,0.5588096446101902,0.0596284644936064,0,ok,0.0,0.3054160854173742,FLAT,0.0,-1,0.001739473933617371,0.06911275905503185,0.0046469314677887175,UNLOADED,0.1370970582254947,0.0,0.09145069573773461,0.0,-0.0050000000000000044,0.73,0,staged_v3,0.3703319774380947,2,0.9376323502348213,0.37039549211571793,2,0,0,0
v3_torso_proxy:v3_left_forearm_proxy,4,0.9999999999999999,1.0000000000000009,0.4545799779772252,0.0,0.39381921532704667,FLAT,0.0,-1,0.009419788060411475,0.07343416856215251,0.005751610022887377,UNLOADED,0.20469698112488122,0.0,0.10025496880238795,0.08568630715693565,0.4545799779772252,0.06759518229091692,0,ok,0.0,0.3392468551763788,FLAT,0.0,-1,0.011256353578113122,0.0621484998826073,0.005118447633162008,UNLOADED,0.17717973416308447,0.0,0.08896764206315562,0.0,-0.0050000000000000044,0.725,0,staged_v3,0.299858294908313,2,0.9167138038264249,0.2992485452730327,2,0,0,0
v3_torso_proxy:v3_left_forearm_proxy,5,1.0000000000000002,1.0000000000000009,0.6502197090969192,0.0,0.43214131687792123,FLAT,0.0,-1,0.007762470924276158,0.06717869900709474,0.0074453745631077855,SUPPORT,0.25375758489990496,0.0,0.0945669597111285,0.12256352767909043,0.6502197090969192,0.07513120056587959,0,ok,0.0,0.36980219102759715,FLAT,0.0,-1,0.007762475948230397,0.056615469192314805,0.00545630372909366,SUPPORT,0.23174378733046758,0.0,0.08588218442040117,0.0,-0.0050000000000000044,0.72,0,staged_v3,0.23212553890302243,2,0.9199137086645574,0.2276383438459593,2,0,0,0
v3_torso_proxy:v3_right_forearm_proxy,6,0.9999999999999999,1.0000000000000009,0.8121467150027566,0.0,0.4573259564531219,FLAT,0.0,-1,0.007621871441950458,0.06122628099167347,0.03711219120564811,SUPPORT,0.293006067919924,0.0,0.09040234800047732,0.15308604920938462,0.8121467150027566,0.07939888586176062,0,ok,0.0,0.38991924778357195,FLAT,0.0,-1,0.012620623053795221,0.05224876706305108,0.03402657679031875,SUPPORT,0.2753950298643741,0.0,0.08239082029776434,0.0,-0.0050000000000000044,0.715,0,staged_v3,0.17051017604643975,2,0.9352234411960942,0.15542142723795047,2,0,0,0
v3_torso_proxy:v3_right_forearm_proxy,7,0.5849309816909334,1.0000000000000009,0.5083710902385142,0.0,0.47627362537897694,FLAT,0.0,-1,0.010990984050643504,0.056029814273158986,0.0584036382384049,SUPPORT,0.3244048543359392,0.0,0.08659096028053856,0.095825692943445,0.5083710902385142,0.07963962213826974,0,ok,0.0,0.405880651969761,FLAT,0.0,-1,0.01248882470501078,0.048758742334990016,0.05426249622648202,SUPPORT,0.31031602389149926,0.0,0.07861245098527572,0.0,-0.0050000000000000044,0.71,0,staged_v3,0.12117901841947153,2,0.9352775313508848,0.12239613559504164,2,1,0,0
v3_torso_proxy:v3_right_forearm_proxy,8,0.3799522178280802,1.0000000000000009,0.4565209342077175,0.01748486779885864,0.49744165476902374,FLAT,0.0,-1,0.0051895310981090095,0.05120741064785011,0.07365929230030213,SUPPORT,0.3516839743723606,0.0,0.08288189428288428,0.08605216878701488,0.4565209342077175,0.08007738467820354,0,ok,0.0,0.41789290337733287,FLAT,0.0,-1,0.008509442687747892,0.04632488371000162,0.06913185330725559,SUPPORT,0.33825281911319943,0.0,0.07551919910995147,0.0,-0.0050000000000000044,0.705,0,staged_v3,0.12540637474481128,2,0.9490356188243496,0.12657686649551675,2,1,0,0
v3_torso_proxy:v3_right_forearm_proxy,9,0.31547139112027023,1.0000000000000009,0.41106038896418445,0.034583005009232975,0.5137601633400417,FLAT,0.0,-1,0.005556532758241118,0.046569690326300664,0.08449415148772463,SUPPORT,0.3713471794978885,0.0,0.07888292576957774,0.07748305788909869,0.41106038896418445,0.08135192483313168,0,ok,0.021607990166281257,0.4342543353024081,FLAT,0.0,-1,0.0024892245436310416,0.04529849630374565,0.07974690411119567,SUPPORT,0.36060225529055956,0.0,0.07353601878608065,0.0,-0.0050000000000000044,0.7,0,staged_v3,0.13000957508730365,2,0.9714466585317385,0.1317933182928758,2,1,0,0
v3_torso_proxy:v3_right_forearm_proxy,10,0.18603636883030175,1.0000000000000009,0.3485340282347744,0.052765489850896026,0.5230424317096948,FLAT,0.0,-1,0.008901750449443609,0.041950955271751765,0.09221373993943964,SUPPORT,0.38707774359831076,0.0,0.0747783501014463,0.06569711655770549,0.3485340282347744,0.08296174375918876,0,ok,0.041159534884512475,0.44134081886553334,FLAT,0.0,-1,0.008901748778233753,0.04396136588266811,0.08735292108636306,SUPPORT,0.37848180423244765,0.0,0.07171472106120863,0.0,-0.0050000000000000044,0.695,0,staged_v3,0.133957646207481,2,0.9892417025474809,0.13501577135629103,2,1,0,0
v3_torso_proxy:v3_right_forearm_proxy,11,0.08816991068626888,1.0000000000000009,0.6050790643880855,0.05216523112531388,0.5259633916836463,FLAT,0.0,-1,0.014749795238595455,0.037202965250438286,0.0977450667698373,SUPPORT,0.3996621948786486,0.0,0.07016391718699003,0.11405471661135569,0.6050790643880855,0.08627608522850559,0,ok,0.04060327903908487,0.448049363772708,FLAT,0.0,-1,0.006899850398311481,0.04216381788502931,0.09279468570058967,SUPPORT,0.3927854433859581,0.0,0.06941245878676752,0.0,-0.0050000000000000044,0.69,0,staged_v3,0.1368665866092986,2,1.0127508274220953,0.13791953148717379,2,0,0,0
v3_torso_proxy:v3_right_forearm_proxy,12,0.02992904452017798,1.0000000000000009,0.4334738385420045,0.051500996721036515,0.5167181035188014,FLAT,0.0,-1,0.02345349606143545,0.03245922669702293,0.1012279918059247,SUPPORT,0.4097297559029189,0.0,0.06529916282253598,0.08170789360121578,0.4334738385420045,0.08939737726001719,0,ok,0.04029384681837421,0.4525673852993197,FLAT,0.0,-1,0.009985125531037073,0.038745387499125095,0.09683607363115528,SUPPORT,0.4042283547087665,0.0,0.06595534956819477,0.0,-0.0050000000000000044,0.6849999999999999,0,staged_v3,0.1380347590009864,2,1.0269737504311625,0.13837810684673693,2,0,0,0
v3_pelvis_proxy:v3_left_hand_proxy,13,0.008733248319813891,1.0000000000000009,0.4403601294928553,0.051578919665255255,0.5254672586791648,FLAT,0.0,-1,0.011518658111204498,0.027569788834277846,0.10442833833214638,SUPPORT,0.4177838047223351,0.0026516280823294727,0.0604682967476649,0.08300592886491626,0.4403601294928553,0.0915958845658722,0,ok,0.03986622960993483,0.45749189608898316,FLAT,0.0,-1,0.008369757957452036,0.03441805898858549,0.09980317937536048,SUPPORT,0.4133826837670132,0.0,0.06169735666559126,0.0,-0.0050000000000000044,0.6799999999999999,0,staged_v3,0.13861645686603377,2,1.034323549747895,0.13866944915631302,2,0,0,0
v3_pelvis_proxy:v3_left_hand_proxy,14,0.0038274465035664767,1.0000000000000009,0.433065591904902,0.05170791281039351,0.524764547026356,FLAT,0.0,-1,0.011379234605636605,0.022558639825478358,0.10662589647658002,SUPPORT,0.4242270437778681,0.007772654998350646,0.055658285335365466,0.08163094092305734,0.433065591904902,0.08768654689690038,0,ok,0.039559979625355374,0.45944512099772267,FLAT,0.0,-1,0.010826730987893572,0.02962386022730295,0.10411654958903728,SUPPORT,0.4207061470136106,0.0005819672521489155,0.05703106788721235,0.0,-0.0050000000000000044,0.6749999999999999,0,staged_v3,0.13883028017350776,2,1.0377565858281983,0.13868418189952808,2,0,0,0
v3_pelvis_proxy:v3_left_hand_proxy,15,0.01030575964579623,1.0000000000000009,0.4097516206850916,0.0514981444306645,0.5248469731854264,FLAT,0.0,-1,0.014756867772821222,0.017558262615103213,0.1082580267071354,SUPPORT,0.4293816350222945,0.01285463872025356,0.05051820838448977,0.07723636088044772,0.4097516206850916,0.08417233542031827,0,ok,0.039768705192493245,0.4601254421948502,FLAT,0.0,-1,0.012804711084899566,0.02464893508603577,0.10984450242202491,SUPPORT,0.4265649176108885,0.005843290035065479,0.05207545857126036,0.0,-0.0050000000000000044,0.6699999999999999,0,staged_v3,0.13875287149574295,2,1.0394192536457043,0.13840672105759902,2,0,0,0
v3_pelvis_proxy:v3_left_hand_proxy,16,0.00789999755822275,1.0000000000000009,0.3732464212445268,0.051715977206831514,0.527348717485839,FLAT,0.0,-1,0.010649363530841722,0.01246092178667588,0.10936569510747805,SUPPORT,0.4335053080178356,0.018007362968698024,0.04547854121463136,0.0703552928976292,0.3732464212445268,0.08063379811763845,0,ok,0.039696203890206304,0.46553695460214245,FLAT,0.0,-1,0.0047289444466425455,0.019502052071524424,0.11407047370136209,SUPPORT,0.4312519340887108,0.011201471613543682,0.04698699137301411,0.0,-0.0050000000000000044,0.6649999999999999,0,staged_v3,0.13892072752079038,2,1.039973759936275,0.13843836687815014,2,0,0,0
v3_pelvis_proxy:v3_left_hand_proxy,17,0.008072400445257708,1.0000000000000009,0.32335821752292554,0.0514113594444428,0.525395988486517,FLAT,0.0,-1,0.01672561387052487,0.007278974244759755,0.11028815865729917,SUPPORT,0.43680424641426846,0.023235433688105205,0.04027262852534662,0.06095158803887479,0.32335821752292554,0.07831453650439348,0,ok,0.03997577158985148,0.46468265370401146,FLAT,0.0,-1,0.012374561281678367,0.014354978943837839,0.11723390227400139,SUPPORT,0.4350015472709687,0.016506716169862233,0.04186075654060249,0.0,-0.0050000000000000044,0.6599999999999999,0,staged_v3,0.13883158680648658,2,1.040181797093405,0.13820210155627177,2,0,0,0
v3_pelvis_proxy:v3_left_hand_proxy,18,0.0072486596991081275,1.0000000000000009,0.26078060685618704,0.05167651262517713,0.5289754975861097,FLAT,0.0,-1,0.013705231407605946,0.002133786436563448,0.11090237574818099,SUPPORT,0.4394433971314148,0.028411332350845604,0.03505399505537955,0.049155986321885115,0.26078060685618704,0.07585633171526192,0,ok,0.039930300122238915,0.46837370900709263,FLAT,0.0,-1,0.0062834725515957205,0.009133656909729383,0.11951073841985804,SUPPORT,0.43800123781677497,0.021841880011263522,0.036681522177124885,0.0,-0.0050000000000000044,0.6549999999999999,0,staged_v3,0.13900994137510198,2,1.0404628066213046,0.13824652132149326,2,0,0,0
v3_pelvis_proxy:v3_left_hand_proxy,19,0.09546737099657526,1.0000000000000009,0.37190657974637525,0.048035771487066434,0.526747669202017,FLAT,0.0,-1,0.01909502531698092,0.005892015839126953,0.11144919670985388,SUPPORT,0.4415547177051318,0.024680443996365743,0.036341578047956714,0.07010273872517515,0.37190657974637525,0.07404212034396068,0,ok,0.03863006883266253,0.46434294972075807,FLAT,0.0,-1,0.012679104768899357,0.006716772540623462,0.12108492912731098,SUPPORT,0.44040099025342,0.024337473915742088,0.033573941520688225,0.0,-0.0050000000000000044,0.6499999999999999,0,staged_v3,0.14322664264053905,2,1.040942918730805,0.14441417304634882,2,1,0,0
v3_pelvis_proxy:v3_left_hand_proxy,20,0.018981933593749997,0.8000000000000007,0.018981933593750146,0.05795447141582431,0.5208166154694756,FLAT,0.0,-1,0.02433115569300756,0.0024185676302014994,0.11161087346275708,SUPPORT,0.4432437741641055,0.028161976042936358,0.03226913074579229,0.0035780101877432857,0.018981933593750146,0.07279930291970756,0,ok,0.04714051536801063,0.4565719107774914,FLAT,0.0,-1,0.013778281616465098,0.002034132550071039,0.12207140959202564,SUPPORT,0.442320792202736,0.029069437929530244,0.028291918260243843,2.500000000000002,-0.0040000000000000036,0.6459999999999999,1,staged_v3,0.23115749146553446,2,1.0664462138488742,0.1859950104513928,2,0,1,1
v3_pelvis_proxy:v3_left_hand_proxy,21,0.8199462890624999,0.4919677734374961,0.8199462890624999,0.1464513220822156,0.5192468319882735,FLAT,0.0,-1,0.01612705652619834,0.032889166644256645,0.11169771961059163,SUPPORT,0.44459501933128437,0.021292225602458137,0.009292660378071447,0.15455623428341778,0.8199462890624999,0.06677124674140994,0,ok,0.21052522104648771,0.44599280720625467,FLAT,0.0,-1,0.027801129497857697,0.045550978063006065,0.1225992126699465,SUPPORT,0.4438566337621888,0.0,0.10657971515739834,3.8504028320313077,-0.0024598388671874805,0.6435401611328124,1,staged_v3,0.2736595426954007,2,1.0635119774190345,0.2736595426954007,2,1,1,1
v3_pelvis_proxy:v3_right_hand_proxy,22,0.9999999999999999,0.2919677734374959,1.0,0.15464368675454437,0.5149969733252023,FLAT,0.0,-1,0.022391180799567163,0.015484655961422046,0.1117644737471552,UNLOADING,0.38108144514110087,0.015103567725935716,0.0640165957750374,0.1884955592153876,1.0,0.04776881038292151,0,ok,0.18023960448286813,0.4211346861229956,FLAT,0.0,-1,0.04483963836821622,0.0430073152629881,0.1206863487668125,UNLOADING,0.38044854322473326,0.0,0.04137253921145227,2.500000000000002,-0.0014598388671874796,0.642080322265625,0,staged_v3,0.296805601618999,2,1.0427768063284715,0.2927260030991693,2,0,1,1
v3_pelvis_proxy:v3_right_hand_proxy,23,0.9139404296875003,0.09196777343749574,0.9139404296875002,0.0651572209671709,0.5187557210965426,FLAT,0.0,-1,0.015323940137178865,0.06723599083965234,0.0838125246801829,UNLOADING,0.32664599692365975,0.0,0.04638446780548312,0.17227371238349698,0.9139404296875002,0.06989478971065309,0,ok,0.26118980772574085,0.414947489076859,FLAT,0.0,-1,0.02794095410774779,0.0001583023366348345,0.09002070388167234,UNLOADING,0.32609887393130804,0.029342732857448785,0.07065272700720716,2.500000000000002,-0.0004598388671874787,0.6416204833984375,1,staged_v3,0.47494814085817444,2,1.0493734630426055,0.4746674266383385,2,1,1,1
v3_pelvis_proxy:v3_right_hand_proxy,24,0.9994101597269335,0.2919677734374959,0.999998733518455,0.07900750431289835,0.5284081934606637,FLAT,0.0,-1,0.007953870189145049,0.004108650804645367,0.06412808349568004,UNLOADING,0.2929115940041588,0.024097753370138638,0.04249767674750259,0.18849532048924056,0.999998733518455,0.07164012443099595,0,ok,0.07337836971257647,0.4256515471619102,FLAT,0.0,-1,0.010613144508692215,0.007668212260100671,0.06834674128630165,UNLOADING,0.27951332051262956,0.020749124804214415,0.03604887990471339,-2.500000000000002,-0.0014598388671874796,0.64016064453125,0,staged_v3,0.4482236280879427,2,1.0428119381489243,0.4494420010231682,2,1,0,0
v3_pelvis_proxy:v3_left_hand_proxy,25,0.9999999999999999,0.09196777343749574,1.0000000000000002,0.25445513101776435,0.5303663396326711,FLAT,0.0,-1,0.015133579926662144,0.11067687062617104,0.05049981796298683,SUPPORT,0.32432927520332705,0.0,0.02763073679583046,0.18849555921538763,1.0000000000000002,0.05259552919272695,0,ok,0.12913636953458227,0.4325673179538553,FLAT,0.0,-1,0.015133582530033968,0.009803503012609675,0.053020689530380805,SUPPORT,0.31361065641010366,0.017847531463909366,0.031118183068528434,2.500000000000002,-0.0004598388671874787,0.6397008056640625,0,staged_v3,0.3955722952063775,2,1.045212692786353,0.3931041332890422,2,0,1,1
v3_pelvis_proxy:v3_left_hand_proxy,26,0.8775634765625001,0.10803222656250444,0.8775634765625001,0.11266529171499338,0.5334394501937826,FLAT,0.0,-1,0.012224778319584201,0.0007364719976724271,0.06951607458250565,UNLOADING,0.27799652160285176,0.02773933173145286,0.001618908475315325,0.16541681826164814,0.8775634765625001,0.07331379850078196,0,ok,0.0552227949765916,0.44090890069816124,FLAT,0.0,-1,0.010274236208310186,0.05479264295771111,0.07090593090891038,UNLOADING,0.26880913406580315,0.004029614354280935,0.024515682191164585,2.500000000000002,0.0005401611328125222,0.640240966796875,1,staged_v3,0.43175139463971257,2,1.0331741335587115,0.433622309665067,2,1,1,1
v3_pelvis_proxy:v3_left_hand_proxy,27,0.043395996093749986,0.3080322265625046,0.043395315918518064,0.11187186507392971,0.5299002786288356,FLAT,0.0,-1,0.020155790374082046,0.0008330312176849765,0.053611826474210075,UNLOADING,0.2387295029806495,0.02684756010602553,0.0025588163757173975,0.008179824341389474,0.043395315918518064,0.07264749989576612,0,ok,0.05468483159593888,0.4406731281378773,FLAT,0.0,-1,0.019801143277739595,0.05646142593463828,0.055006313001630745,UNLOADING,0.24797432393653784,0.0,0.02799397572956961,2.500000000000002,0.001540161132812523,0.6417811279296876,1,staged_v3,0.3504981063913125,2,1.0480873635882577,0.3113369004534382,2,0,1,1
v3_pelvis_proxy:v3_left_hand_proxy,28,0.8381713026188087,0.15803222656249893,0.9999999630508186,0.0428708817657609,0.53294254747482,FLAT,0.0,-1,0.008532761419800583,0.006382874519092603,0.04393803385071696,UNLOADING,0.2051127445126335,0.020814027173443248,0.03463617618641174,0.188495552250631,0.9999999630508186,0.07078580058236837,0,ok,0.037780752205954955,0.4440437377668577,FLAT,0.0,-1,0.012834682635288308,0.00565161649280906,0.04529932956183781,UNLOADING,0.23086007628172323,0.02161334998528283,0.03150496852563969,-1.875000000000071,0.0007901611328124947,0.6425712890625,0,staged_v3,0.15021023053776728,2,1.0360806202510495,0.15174783165286798,2,1,0,0
v3_pelvis_proxy:v3_left_hand_proxy,29,0.32574462890625006,0.3580322265624991,0.32574462890625017,0.10436638242379698,0.5365653942732926,FLAT,0.0,-1,0.00698906141827834,0.0028494382718821107,0.038536391950502,SUPPORT,0.2540901956101068,0.02407738132564299,0.025902762407224045,0.061401415987092534,0.32574462890625017,0.05970569331233003,0,ok,0.10083653681849435,0.4525754131883496,FLAT,0.0,-1,0.0009731172191172973,0.0061566915068405614,0.03929080911622345,SUPPORT,0.27468806102537857,0.020807848948970614,0.03523036428548078,2.500000000000002,0.0017901611328124956,0.6443614501953125,1,staged_v3,0.24142496722038984,2,1.0585006892180733,0.18453368476979765,2,0,1,1
v3_pelvis_proxy:v3_left_hand_proxy,30,0.0951538085937501,0.5580322265624993,0.09515380859374997,0.08341114070706761,0.5470446189014344,FLAT,0.0,-1,0.00024636152263084123,0.002650987036409585,0.06508165351169568,UNLOADING,0.21779159623723443,0.0256030956391752,0.027492763424005463,0.017936070362352854,0.09515380859374997,0.064275052862554,0,ok,0.08184160941166335,0.4576783476103612,FLAT,0.0,-1,0.008333163197738302,0.013098924462676714,0.06497498700409512,UNLOADING,0.23544690945032448,0.015149824887528043,0.04215389579776041,2.500000000000002,0.0027901611328124964,0.647151611328125,1,staged_v3,0.1677497927944006,2,1.0354216380796935,0.1665852604047241,2,1,1,1
v3_pelvis_proxy:v3_left_hand_proxy,31,0.3348307841400076,0.3580322265624991,0.7413510704043245,0.047957138392995195,0.553146993629094,FLAT,0.0,-1,0.0018248763694148913,0.006060493935324971,0.057974140942677915,UNLOADING,0.19128296331692557,0.021838213111808925,0.03739942313821974,0.13974138459078933,0.7413510704043245,0.08179776963732328,0,ok,0.03744958780212574,0.4614967838159296,FLAT,0.0,-1,0.00868143963064513,0.010418790052217734,0.056723207708759146,UNLOADING,0.20607880224702838,0.017417370333220224,0.03756648662450948,-2.500000000000002,0.0017901611328124956,0.6489417724609375,0,staged_v3,0.15084100811966708,2,1.0405706620000736,0.14549663308585647,2,0,0,0
v3_pelvis_proxy:v3_left_hand_proxy,32,0.020836872397223895,0.15803222656249893,0.44651721183422843,0.04849492637723559,0.5502187370134488,FLAT,0.0,-1,0.00476835963456638,0.005612080619760621,0.054969894226843445,UNLOADING,0.19447209181001812,0.022136414091581555,0.037069074570701986,0.08416651154398858,0.44651721183422843,0.08267787180831224,0,ok,0.037358377896153455,0.467448102689412,FLAT,0.0,-1,0.0028362431141395724,0.01148553548597489,0.05245411798997133,UNLOADING,0.21541399744648984,0.016137170413523676,0.03890511728989726,-2.500000000000002,0.0007901611328124947,0.64973193359375,0,staged_v3,0.14621354778195592,2,1.0390904985274285,0.14384244622392228,2,0,0,0
v3_pelvis_proxy:v3_left_hand_proxy,33,0.9999999999999999,0.3580322265624991,0.5473878884649965,0.07005052650787072,0.5466035987906314,FLAT,0.0,-1,0.006599273270531817,0.03179429769227094,0.054767264673063094,SUPPORT,0.2455776734480145,0.0,0.028238285213815027,0.10318018614393973,0.5473878884649965,0.0777421608922821,0,ok,0.06643098421969634,0.4629784048536799,FLAT,0.0,-1,0.011904165907827287,0.03979654086154857,0.050650438238820324,SUPPORT,0.2623311979571919,0.0,0.0449736208716747,2.500000000000002,0.0017901611328124956,0.6515220947265625,0,staged_v3,0.1555248258172293,2,1.0385022885566928,0.1555248258172293,2,1,1,1
v3_pelvis_proxy:v3_left_hand_proxy,34,0.9381799867012538,0.15803222656249893,0.8532828859115816,0.051879024613552066,0.5424641064139114,FLAT,0.0,-1,0.0077934856381751865,0.0016891671919994538,0.0860695836279794,SUPPORT,0.28646213875841164,0.02761431198939952,0.03542686508890671,0.16084003474882336,0.8532828859115816,0.08157120377382548,0,ok,0.04089753410430527,0.4558178099941763,FLAT,0.0,-1,0.013730419315774654,0.005919516283490214,0.07976985435878749,SUPPORT,0.29986495836575355,0.023068976434449162,0.035628905180676414,-2.500000000000002,0.0007901611328124947,0.652312255859375,0,staged_v3,0.14220345005352686,2,1.0373284241226155,0.13827217345115506,2,0,0,0
v3_pelvis_proxy:v3_left_hand_proxy,35,0.04265224045481916,0.04196777343750124,0.21609869716256272,0.051571047490378746,0.5291155294349069,FLAT,0.0,-1,0.012984117565902826,0.0009165214679836388,0.11268526018112898,SUPPORT,0.3191697110067293,0.029717741541072814,0.03497245461589399,0.040733644767373955,0.21609869716256272,0.08049589758809102,0,ok,0.04014512603644821,0.44404389226260377,FLAT,0.0,-1,0.02122197344855693,0.004883126149145702,0.1045666220415915,SUPPORT,0.32989196669260284,0.025345204952933877,0.03525729609747426,-2.500000000000002,-0.00020983886718750622,0.6521024169921875,0,staged_v3,0.1392790550904032,2,1.0374550335424162,0.13832031509340809,2,0,0,0
v3_pelvis_proxy:v3_right_hand_proxy,36,0.09853660832156504,0.24196777343750142,0.9999972924145111,0.04349058160503632,0.5159846746203358,FLAT,0.0,-1,0.015038301071735595,0.024694789725408516,0.13486522213880447,SUPPORT,0.34533576880538347,0.007048471381531713,0.04201366053755419,0.18849504884754675,0.9999972924145111,0.057387591099394133,0,ok,0.05893020751967206,0.43208040188970986,FLAT,0.0,-1,0.02378836185004011,0.033473867012998745,0.1252262386156104,SUPPORT,0.3539135733540823,0.0,0.03559118204084558,-2.500000000000002,-0.001209838867187507,0.650892578125,0,staged_v3,0.16091045100054918,2,1.0308230991202298,0.14123915236889384,2,0,0,0
v3_pelvis_proxy:v3_right_hand_proxy,37,0.11571889661605816,0.4419677734375016,0.8287495457131153,0.05027816570383921,0.5019307115709846,FLAT,0.0,-1,0.01825070154546218,0.0029454636214387995,0.1538467922785542,SUPPORT,0.3662686150443068,0.029746875992488916,0.038358602290194624,0.1562156090686921,0.8287495457131153,0.0573613957847591,0,ok,0.0388813477823077,0.4178538918665496,FLAT,0.0,-1,0.029151703240119748,0.006905182763022547,0.14286930022655459,LOADING,0.31610981954658296,0.025238282248305186,0.03883595995743201,-2.500000000000002,-0.002209838867187508,0.6486827392578125,0,staged_v3,0.24446088044350855,2,1.0312005954520256,0.24446088044350855,2,1,0,0
v3_pelvis_proxy:v3_right_hand_proxy,38,0.07385253906250004,0.24196777343750142,0.06875661566262328,0.06476626756185254,0.4845643360812747,FLAT,0.0,-1,0.020543149145457934,0.001167201326171795,0.17142713418693606,SUPPORT,0.3830148920354454,0.03240415538317501,0.03319588044899407,0.012960316719083653,0.06875661566262328,0.05348782964799027,0,ok,0.06211626657850218,0.402147788937843,FLAT,0.0,-1,0.03375862073583714,0.00796928839851662,0.1585334698651884,LOADING,0.2973574198375545,0.024957385094742802,0.037671814297974546,2.500000000000002,-0.001209838867187507,0.647472900390625,1,staged_v3,0.2730555241896699,2,1.0222323713955803,0.26091259621037344,2,0,1,1
v3_pelvis_proxy:v3_right_hand_proxy,39,1.0,0.04196777343750124,1.0000000000000002,0.05479885885825337,0.4659836306800998,FLAT,0.0,-1,0.021419879763483224,0.009761587341943993,0.1883182489894771,SUPPORT,0.3964119136283563,0.02465432510752986,0.010613524522472679,0.18849555921538763,1.0000000000000002,0.03536746123164154,0,ok,0.05090723778207496,0.3866438986544479,FLAT,0.0,-1,0.03664669803193568,0.06469133549735608,0.1732427654237012,LOADING,0.2646347160328801,0.0,0.05094020873313997,2.500000000000002,-0.00020983886718750622,0.6472630615234375,0,staged_v3,0.2030337030541319,2,1.035583930736612,0.13819465829400726,2,0,0,0
v3_pelvis_proxy:v3_right_hand_proxy,40,0.9964661561296095,0.15803222656249893,0.9999997048765903,0.09541824233422518,0.4579933403791313,FLAT,0.0,-1,0.02032555182027863,0.035250332880542155,0.20540769471736553,SUPPORT,0.40712953090268506,2.0051855326122525e-05,0.036601012834206,0.18849550358593545,0.9999997048765903,0.05870189570625929,0,ok,0.05989338781354769,0.3768879406820811,FLAT,0.0,-1,0.03311472405777249,0.007542945821144214,0.18856822192759654,LOADING,0.242323930048288,0.026885465275235613,0.0449368901575882,2.500000000000002,0.0007901611328124947,0.64805322265625,0,staged_v3,0.30565649620599583,2,1.0472113977107338,0.30761604718997615,2,1,0,0
v3_pelvis_proxy:v3_left_hand_proxy,41,0.18869275365300173,0.04196777343750124,0.7935650374019266,0.048518672268874505,0.44232159424733525,FLAT,0.0,-1,0.0255740513983131,0.009486366573125161,0.2218069382073813,UNLOADING,0.3489681693451586,0.026603980337243906,0.046617680941857344,0.14958348549885614,0.7935650374019266,0.08624323363335408,0,ok,0.03725164930841487,0.3641839108427125,FLAT,0.0,-1,0.03967950042157633,0.004207238090347895,0.20490023339331748,LOADING,0.21755723586824696,0.031037773579317984,0.03944278818440726,-2.500000000000002,-0.00020983886718750622,0.6478433837890625,0,staged_v3,0.34514443735582206,2,1.0410306704482122,0.34275159634296926,2,0,0,0
v3_pelvis_proxy:v3_left_hand_proxy,42,1.0,0.15803222656249893,0.6067306001898152,0.030455600319532504,0.41431231478962016,FLAT,0.0,-1,0.036104117392198154,0.014351437129744845,0.23691774830009504,UNLOADING,0.3167296055516071,0.02249445028525991,0.02802142451100921,0.11436602377586697,0.6067306001898152,0.07630146302504347,0,ok,0.04216476014470557,0.3453802964693335,FLAT,0.0,-1,0.05182238423592099,0.04372367182827312,0.1932590511155749,LOADING,0.20932667184860157,0.0,0.043341087347752535,2.500000000000002,0.0007901611328124947,0.648633544921875,0,staged_v3,0.2155209746918381,2,1.0449890705880402,0.18162621287781633,2,0,1,1
v3_pelvis_proxy:v3_left_hand_proxy,43,0.8390352655137456,0.04196777343750124,0.6275180511206288,0.05209662167047283,0.39417963129656364,FLAT,0.0,-1,0.03657598978430947,0.011948920747741287,0.2502362148925446,UNLOADING,0.3006158252185482,0.025562889996885947,0.05246970708081512,0.1182843659637331,0.6275180511206288,0.07582399140737947,0,ok,0.04093475757404788,0.3326089538206507,FLAT,0.0,-1,0.054419611570639966,0.00521931343028996,0.1898540214289177,LOADING,0.19832678921682476,0.029273387641155925,0.04351318933552291,-2.500000000000002,-0.00020983886718750622,0.6484237060546875,0,staged_v3,0.14262715710274618,2,1.0449663719858924,0.14077406453310007,2,0,0,0
v3_pelvis_proxy:v3_left_hand_proxy,44,0.07934201521649611,0.24196777343750142,0.33700710030801273,0.052108431770289926,0.375936938007951,FLAT,0.0,-1,0.0364656039211742,0.0023247925537572345,0.2621276199795122,LOADING,0.27105261566268024,0.03578158844521838,0.04622391701758334,0.06352434183211508,0.33700710030801273,0.07296683100309596,0,ok,0.037398103866599974,0.3217272335568647,FLAT,0.0,-1,0.05635565600194451,0.005633325722622581,0.19172907983310164,LOADING,0.18899886059772364,0.0289531282690325,0.04569550921582803,-2.500000000000002,-0.001209838867187507,0.6472138671875,1,staged_v3,0.1383543775223834,2,1.0464286137281884,0.1379096121933737,2,0,0,0
v3_pelvis_proxy:v3_right_hand_proxy,45,0.1696172233858378,0.4419677734375016,0.9999999999999999,0.05173275438872108,0.367906677197066,FLAT,0.0,-1,0.03378262822216399,0.02382989306976585,0.2734472085073466,LOADING,0.24521962434789327,0.014842467355601484,0.059334778822264886,0.18849555921538758,0.9999999999999999,0.06508003806376123,0,ok,0.049179535767301774,0.31111611221219776,FLAT,0.0,-1,0.05127343971200826,0.034865366324000946,0.22459279868679538,LOADING,0.18169554018898984,0.0013642736103388273,0.052897882610294725,-2.500000000000002,-0.002209838867187508,0.6450040283203125,0,staged_v3,0.17506815825025168,2,1.0377180501073273,0.1306568252228302,2,0,0,0
v3_pelvis_proxy:v3_right_hand_proxy,46,0.2285651929894172,0.6419677734375018,0.7256272768353856,0.052341054257546246,0.35914224340238265,FLAT,0.0,-1,0.03414482693407257,0.0046247885010755165,0.28342095748879886,LOADING,0.2227924547280415,0.034546259373364425,0.05257840821768284,0.13677751932902488,0.7256272768353856,0.06893281511183202,0,ok,0.037331382236095334,0.30371568708294716,FLAT,0.0,-1,0.05067244225882587,0.007757388590733487,0.25103193356538045,LOADING,0.1680892343363708,0.029794208087535537,0.05148117672453224,-2.500000000000002,-0.003209838867187509,0.6417941894531249,0,staged_v3,0.23746595322396805,2,1.0349719586998347,0.23922315224182722,2,1,0,0
v3_pelvis_proxy:v3_right_hand_proxy,47,0.3523354839746792,0.841967773437502,1.0000000000000002,0.03840677048845707,0.35359725807840303,FLAT,0.0,-1,0.03499192181210006,0.004779031518222898,0.2903479252969531,LOADING,0.20294729735175873,0.034738364746624756,0.036173349378655434,0.18849555921538763,1.0000000000000002,0.0353398156231757,0,ok,0.08532166361912566,0.2966660466346381,FLAT,0.0,-1,0.049568012738864145,0.03674451505485554,0.273017544746102,SUPPORT,0.22447138746909664,0.0019063621824495641,0.08057372406759683,-2.500000000000002,-0.00420983886718751,0.6375843505859374,0,staged_v3,0.26384793883969265,2,1.0117311802391404,0.24554110983479427,2,0,0,0
v3_pelvis_proxy:v3_right_hand_proxy,48,0.9999999999999994,0.6419677734375018,1.0,0.24971396479154312,0.3552321648553771,FLAT,0.0,-1,0.028484055725630612,0.08947180832885443,0.2941999728215653,LOADING,0.19380883775787325,0.0016604806582712697,0.038049517982807,0.1884955592153876,1.0,0.05577346645990834,0,ok,0.17010738067427097,0.28556612228272676,FLAT,0.0,-1,0.0522301457102656,0.041825567300652504,0.2883959845761974,UNLOADING,0.19240404640208283,0.0,0.06005009074922106,2.500000000000002,-0.003209838867187509,0.6343745117187499,0,staged_v3,0.2803163748165772,2,1.0276839055248377,0.28140425855194845,2,1,1,1
v3_pelvis_proxy:v3_right_hand_proxy,49,0.9999999999999996,0.4419677734375016,1.0,0.12872489827429914,0.35339431947151156,FLAT,0.0,-1,0.024654823542774942,0.038539533411740816,0.26709203137872245,UNLOADING,0.16612186093531994,0.0,0.07327933274375915,0.1884955592153876,1.0,0.04900259068167448,0,ok,0.24841088388456528,0.2809120878948805,FLAT,0.0,-1,0.05517181451369554,0.09371126858769876,0.29769615480944117,UNLOADING,0.16491775405892814,0.009460648447883968,0.030424159292588092,2.500000000000002,-0.002209838867187508,0.6321646728515624,0,staged_v3,0.3744566663032088,2,1.0370808077852587,0.37632643059067916,2,1,1,1
v3_torso_proxy:v3_right_forearm_proxy,50,1.0,0.24196777343750142,1.0000000000000002,0.1714190599285775,0.3514512406826418,FLAT,0.0,-1,0.016936666640916316,0.05927824834672212,0.24380066707814585,UNLOADING,0.14239016651598851,0.008096357620194457,0.02909367573371284,0.18849555921538763,1.0000000000000002,0.08466840865366893,0,ok,0.1204739264186916,0.26499942972498736,FLAT,0.0,-1,0.04475749971292569,0.03359456796871926,0.27196272028980195,UNLOADING,0.1413580749076527,0.005003568045770838,0.05599246560246221,2.500000000000002,-0.001209838867187507,0.6309548339843749,0,staged_v3,0.48257346085874964,2,1.059146810524892,0.48014225107509845,2,0,1,1
v3_torso_proxy:v3_right_forearm_proxy,51,1.0000000000000004,0.04196777343750124,1.0000000000000002,0.14289711579081976,0.3580860246382381,FLAT,0.0,-1,0.013305306499131718,0.0430472922309163,0.22086490763451877,UNLOADING,0.12204871415656159,0.0,0.07281239316902333,0.18849555921538763,1.0000000000000002,0.06495090676720773,0,ok,0.14641346368158176,0.2593371365132533,FLAT,0.0,-1,0.04966917301263789,0.03897660286817471,0.247680292890716,UNLOADING,0.12116406420655947,0.0031538473256381636,0.034230167318897636,2.500000000000002,-0.00020983886718750622,0.6307449951171874,0,staged_v3,0.5212109585647576,2,1.0259471415924428,0.5179622315946891,2,0,1,1
v3_torso_proxy:v3_right_forearm_proxy,52,0.6791992187500009,0.15803222656249893,0.6791992187500002,0.20260778308777969,0.36297855418410113,FLAT,0.0,-1,0.0082379689469717,0.08175239275195895,0.19670074560561052,SUPPORT,0.18763897132524926,0.0,0.047583463989624326,0.12802603655693567,0.6791992187500002,0.06748112541544009,0,ok,0.048414776998011645,0.25028001290237767,FLAT,0.0,-1,0.053429845107611514,0.0047400685347633205,0.22369059440784586,UNLOADING,0.10385491217705098,0.03144446118562898,0.04207936768412635,2.500000000000002,0.0007901611328124947,0.6315351562499999,1,staged_v3,0.5087980422724429,2,0.9976081409959346,0.5101805502569025,2,1,1,1
v3_torso_proxy:v3_right_forearm_proxy,53,1.0000000000000007,0.3580322265624991,0.9999993063375205,0.0489103593744844,0.3703976024311574,FLAT,0.0,-1,0.002241422759302864,0.05597943582985958,0.16857435382009572,SUPPORT,0.2401111770601994,0.0,0.058874112530900836,0.18849542846309064,0.9999993063375205,0.06748201461119537,0,ok,0.017409151348284694,0.24396366077500778,FLAT,0.0,-1,0.05646212355144058,0.017887241937208448,0.22468688295466308,LOADING,0.0995991219299692,0.018347102210524706,0.04680539266444736,2.500000000000002,0.0017901611328124956,0.6333253173828124,0,staged_v3,0.2870711123120239,2,1.0388948969249703,0.2870711123120239,2,1,0,0
v3_torso_proxy:v3_right_forearm_proxy,54,0.9702747688832272,0.15803222656249893,1.0,0.06236743197076965,0.3812373112442933,FLAT,0.0,-1,0.0082461972286091,0.02727552705048084,0.1647196852324303,SUPPORT,0.28208894164815956,0.00596045721114068,0.08034765389748481,0.1884955592153876,1.0,0.09383529660363574,0,ok,0.04240806415237848,0.24496548668827073,FLAT,0.0,-1,0.06452642227153771,0.029913584861547812,0.21173239156774012,LOADING,0.11388972024888461,0.005673034716839193,0.07776140337382663,-2.500000000000002,0.0007901611328124947,0.6341154785156249,0,staged_v3,0.21352128457531877,2,1.0472443514176513,0.20433320229177404,2,0,0,0
v3_torso_proxy:v3_right_forearm_proxy,55,0.16906964339376399,0.04196777343750124,0.38889225615866013,0.06244390700907255,0.3669632517366839,FLAT,0.0,-1,0.026557892190442387,0.03533347468891335,0.15046897297098893,SUPPORT,0.31567115331852763,0.0,0.0881776031159911,0.0733044632991604,0.38889225615866013,0.11015485648047416,0,ok,0.0416442206313748,0.24772068139319015,FLAT,0.0,-1,0.04948106752568004,0.035483874744048044,0.21090079141062848,LOADING,0.11122086317021802,6.116482648338417e-05,0.08306792682834187,-2.500000000000002,-0.00020983886718750622,0.6339056396484374,0,staged_v3,0.2018199297283964,2,1.045547386820097,0.1998009690879639,2,0,0,0
v3_torso_proxy:v3_right_forearm_proxy,56,0.06962219309073849,0.24196777343750142,0.34509554446632346,0.06271913041864102,0.3674339649023765,FLAT,0.0,-1,0.026454830089810817,0.04240703013766937,0.1436941211829837,SUPPORT,0.3425369226548221,0.0,0.09449366505149817,0.0650489776369183,0.34509554446632346,0.12267055610976776,0,ok,0.041879885229714885,0.2716388137303616,FLAT,0.0,-1,0.04464808016409044,0.03968424666754474,0.2321993094670281,SUPPORT,0.17897669053617443,0.0,0.08662015956868785,-2.500000000000002,-0.001209838867187507,0.6326958007812499,0,staged_v3,0.1997084001695441,2,1.0432021904542952,0.19901070270191798,2,0,0,0
v3_torso_proxy:v3_right_forearm_proxy,57,0.03883764868482605,0.4419677734375016,0.3436689962380831,0.06285023155156763,0.37210124836539454,FLAT,0.0,-1,0.027487826655770986,0.04739836599545169,0.13986213928375152,SUPPORT,0.3640295381238577,0.0,0.09858880859944684,0.06478007963088842,0.3436689962380831,0.13569071735528856,0,ok,0.041971327251273366,0.3156765270030268,FLAT,0.0,-1,0.03059895181029972,0.042698999974256954,0.27163650611808526,SUPPORT,0.23318135242893956,0.0,0.08910862122536752,-2.500000000000002,-0.002209838867187508,0.6304859619140624,0,staged_v3,0.1982495675515835,2,1.0414989910166814,0.1979591600081293,2,0,0,0
v3_torso_proxy:v3_right_forearm_proxy,58,0.02974945534924008,0.6419677734375018,0.38654783336985027,0.06302472512416782,0.38627147076261525,FLAT,0.0,-1,0.024641323826353614,0.04962763260709708,0.14648712135558067,SUPPORT,0.38122363049908614,0.0,0.09977273973527262,0.07286255001454639,0.38654783336985027,0.15081370189158447,0,ok,0.04171935659584239,0.38141143319527965,FLAT,0.0,-1,0.024138206212116625,0.04423959169958275,0.3304085461420252,SUPPORT,0.27654508194315164,0.0,0.0897724633585156,-2.500000000000002,-0.003209838867187509,0.6272761230468749,0,staged_v3,0.19622816525272935,2,1.0395505439756947,0.1962688489488649,2,0,0,0
v3_torso_proxy:v3_right_forearm_proxy,59,0.03196960067940868,0.841967773437502,0.44300176418097825,0.06374575780298021,0.4022307014993015,FLAT,0.0,-1,0.02309727220958506,0.048796345884139836,0.15377709857068006,SUPPORT,0.3949789043992689,0.0,0.09756163855408177,0.08350386527269676,0.44300176418097825,0.1674324405514853,0,ok,0.04131650133347447,0.4450072582758121,FLAT,0.0,-1,0.023770714770797605,0.04402914085966664,0.39847952394506925,SUPPORT,0.3112360655545213,0.0008948353375868301,0.08852515458910723,-2.500000000000002,-0.00420983886718751,0.6230662841796873,0,staged_v3,0.19425521066167106,2,1.037902334880619,0.19445415654731904,2,0,0,0
v3_torso_proxy:v3_right_forearm_proxy,60,0.059610836608348074,1.0000000000000009,0.5453203000489505,0.0632856191473664,0.42557962228124874,FLAT,0.0,-1,0.0146263236590083,0.042642393641354304,0.16604187937861026,SUPPORT,0.4059831235194151,0.0,0.0908921741954674,0.10279045490922989,0.5453203000489505,0.18667267159224513,0,ok,0.03713376327766697,0.4783706275489832,FLAT,0.0,-1,0.038950440945467714,0.053998582880934086,0.4753850907079046,UNLOADING,0.2848855684875662,0.0,0.09341852083265945,-1.9754028320312367,-0.0050000000000000044,0.6180662841796873,0,staged_v3,0.1911418004971065,2,1.031710819611532,0.1915993378055763,2,0,0,0
v3_right_forearm_proxy:v3_left_forearm_proxy,61,0.03118428049637663,1.0000000000000009,0.5998401112381415,0.062022366691129385,0.4440638963052904,FLAT,0.0,-1,0.017818552145650524,0.03587657485332719,0.17265005193480518,SUPPORT,0.4147864988155321,0.0,0.08397109702046562,0.11306719720765379,0.5998401112381415,0.2,0,ok,0.03589549920545408,0.48098181681079744,FLAT,0.0,-1,0.04986768471354876,0.05241270294768496,0.5611148298007858,UNLOADING,0.261559205935506,0.0006430385423543336,0.09016614087782347,0.0,-0.0050000000000000044,0.6130662841796873,0,staged_v3,0.1869713007571677,2,1.023974722618558,0.1875078023504978,2,0,0,0
v3_right_forearm_proxy:v3_left_forearm_proxy,62,0.031526016302991254,1.0000000000000009,0.6595149205106157,0.06080141633137386,0.4588172033695943,FLAT,0.0,-1,0.028894140652797336,0.025516141952361727,0.1994369389807994,SUPPORT,0.42182919905242566,0.009455704996678246,0.0731190291250176,0.1243156337525404,0.6595149205106157,0.2,0,ok,0.034093774595006024,0.4368942814711429,FLAT,0.0,-1,0.07410286858936121,0.05096659417542747,0.6269062625697431,UNLOADING,0.23810155716606926,0.005378718953059691,0.08628712426077678,0.0,-0.0050000000000000044,0.6080662841796873,0,staged_v3,0.17962688325097664,2,1.0131810897907523,0.18023547284682234,2,0,0,0
v3_right_forearm_proxy:v3_left_forearm_proxy,63,0.03462026472960318,1.0000000000000009,0.681739122248576,0.060314501264593964,0.44833750266061034,FLAT,0.0,-1,0.05313829793345375,0.011240118928193429,0.26899639827581,SUPPORT,0.4274633592419405,0.027209700985597076,0.05697307824478247,0.12850479708725282,0.681739122248576,0.2,0,ok,0.03413537480832998,0.37494480242056843,FLAT,0.0,-1,0.09986909174853875,0.03720731451366581,0.6986509396394978,UNLOADING,0.21422644539096772,0.022725232468309084,0.07040323781166377,0.0,-0.0050000000000000044,0.6030662841796873,0,staged_v3,0.1677161264083982,2,0.9977342309804557,0.16817665113629665,2,0,0,0
v3_right_forearm_proxy:v3_left_forearm_proxy,64,0.6078350448977043,1.0000000000000009,1.0,0.057827785755341046,0.41128158672533,FLAT,0.0,-1,0.0603518743848069,0.015204094004909716,0.35896602059751054,SUPPORT,0.43197068739355243,0.02774420702496581,0.05702296341304795,0.1884955592153876,1.0,0.2,0,ok,0.03334007010948656,0.30887738425416833,FLAT,0.0,-1,0.10491072253387948,0.0185734082580994,0.7655809146779666,UNLOADING,0.1901129100512502,0.044705637475798934,0.050992898049632064,0.0,-0.0050000000000000044,0.5980662841796873,0,staged_v3,0.16480538862912858,2,0.9841431929829937,0.15307125008547398,2,0,0,0
v3_right_forearm_proxy:v3_left_forearm_proxy,65,0.37451171875000017,0.8000000000000007,0.286488981671964,0.07148051236067812,0.3386836343607331,FLAT,0.0,-1,0.12646652784546922,0.03184215159176022,0.4669535749322068,UNLOADING,0.3770298264234964,0.016505527154850118,0.06991901943820572,0.05400190080930378,0.286488981671964,0.2,0,ok,0.05557576014619903,0.2405539487301935,FLAT,0.0,-1,0.16281348813846652,0.00012554569712573075,0.823538518991951,UNLOADING,0.16684138862346665,0.06605138025247181,0.02911346747448248,2.500000000000002,-0.0040000000000000036,0.5940662841796873,1,staged_v3,0.15221605726616508,2,0.9538975687560124,0.15177367889122545,2,1,1,1
v3_right_forearm_proxy:v3_left_forearm_proxy,66,0.0001220703125000182,7.324218749271694e-05,0.0001220703125000246,0.07147941489109556,0.2682669324510968,FLAT,0.0,-1,0.14440833393199803,0.03183867556921015,0.5762254118912179,UNLOADING,0.3252721975361629,0.021972595025350747,0.06991357841783975,2.3009711818289258e-05,0.0001220703125000246,0.2,0,ok,0.05557195438826942,0.1873436036419933,FLAT,0.0,-1,0.1817647528903084,0.00012437186679595692,0.8434877796501574,UNLOADING,0.1442245840379652,0.06705001711571193,0.02910986175987069,9.99908447265635,-3.662109374635847e-07,0.5940659179687499,1,staged_v3,0.17259964327709298,2,0.92932545331067,0.12926840836425132,2,0,1,1
v3_right_forearm_proxy:v3_left_forearm_proxy,67,0.2229213486435756,0.19992675781250746,1.0000000000000002,0.1648357649977684,0.20892649706507785,FLAT,0.0,-1,0.18518130492780124,0.039012811344832476,0.6840461096999294,UNLOADING,0.28002637639619893,0.020189494140163994,0.06067716742575991,0.18849555921538763,1.0000000000000002,0.2,0,ok,0.14886277735718234,0.14590334521980328,FLAT,0.0,-1,0.22169557114681634,0.03057469039142746,0.8639058167776894,UNLOADING,0.1244458255362548,0.05636319912245445,0.011832091716430033,2.500000000000002,0.0009996337890625373,0.5950655517578124,0,staged_v3,0.11440923816521141,2,0.8844727549422896,0.11440923816521141,2,1,1,1
v3_right_forearm_proxy:v3_left_forearm_proxy,68,0.10369873046875008,0.39992675781250764,0.10369873046875014,0.12841284395889668,0.1627121195186482,FLAT,0.0,-1,0.222622239718799,0.03570451220321395,0.735535699221901,UNLOADING,0.2400226083395991,0.0260722727578811,0.048669379371132554,0.01954675018963281,0.10369873046875014,0.2,0,ok,0.1124483499581971,0.1136296395099203,FLAT,0.0,-1,0.27923523988687976,0.02291964093889775,0.8502525909565155,UNLOADING,0.10666785045964697,0.059471415122793296,0.00804121442503248,2.500000000000002,0.001999633789062538,0.5970651855468749,1,staged_v3,0.29014908179525833,2,0.845972405824338,0.29159933229105767,2,1,1,1
v3_right_forearm_proxy:v3_left_forearm_proxy,69,0.0541992187499998,0.5999267578125078,0.054199218749999736,0.12239117896505698,0.12672032609633124,FLAT,0.0,-1,0.21729238634872575,0.039145277789881375,0.7404002435660592,UNLOADING,0.20573366429108494,0.022874734388421587,0.048533144442065954,0.010216312047318321,0.054199218749999736,0.2,0,ok,0.10469528075479764,0.08849485223044738,FLAT,0.0,-1,0.27611181197041873,0.024644421332020265,0.8069689243668294,UNLOADING,0.09142958610826883,0.05772357019723588,0.007624876021105592,2.500000000000002,0.002999633789062539,0.6000648193359375,1,staged_v3,0.15233756423295697,2,0.8629842486880624,0.15280475112190367,2,1,1,1
v3_right_forearm_proxy:v3_left_forearm_proxy,70,0.06640625000000011,0.799926757812508,0.06640619741230763,0.12849867767813794,0.09868988919488655,FLAT,0.0,-1,0.3857686577307806,0.04552058729297073,0.6974326286197603,UNLOADING,0.17634314082092994,0.014351044138017285,0.051326499543522336,0.012517273316600352,0.06640619741230763,0.2,0,ok,0.11215114558159135,0.06891986021486068,FLAT,0.0,-1,0.4253903314886869,0.027083929017966274,0.7340485975802848,UNLOADING,0.07836821666423043,0.054231591693944925,0.007470838185069325,2.500000000000002,0.00399963378906254,0.604064453125,1,staged_v3,0.14590261937113402,2,0.7937434037269202,0.14590261937113402,2,1,1,1
v3_right_forearm_proxy:v3_left_forearm_proxy,71,0.12506103515625022,0.9999267578125082,0.12506103515625003,0.11812754962403339,0.07685976298620782,FLAT,0.0,-1,0.4627347818374596,0.052512465261245644,0.6308951483561477,UNLOADING,0.1511512635607971,0.0040322921565617426,0.0557778182616479,0.0235734497578326,0.12506103515625003,0.2,0,ok,0.08305826900588198,0.053674841104505266,AIR,0.0,-1,0.5179084386761649,0.024508584246030793,0.6576977726247106,UNLOADING,0.06717275714076894,0.05157107148965275,0.00631381714158278,2.500000000000002,0.004999633789062541,0.6090640869140626,1,staged_v3,0.14308377450232312,2,0.8754149070109962,0.1432038299972433,2,0,1,1
v3_right_forearm_proxy:v3_left_forearm_proxy,72,0.10791015624999992,1.0000000000000009,0.10791015624999996,0.1260760345181958,0.05985844360034123,AIR,0.0,-1,0.918198739442056,0.05819515994929779,0.566757993089572,UNLOADING,0.12955822590925467,0.0,0.05479078836504911,0.020340585247363596,0.10791015624999996,0.2,0,ok,0.090822900981551,0.04180200828342193,AIR,0.0,-1,1.0877562859387304,0.029385015116369796,0.5874694548673537,UNLOADING,0.057576648977801945,0.04842888320004948,0.0059445895433182065,0.0009155273436589617,0.0050000000000000044,0.6140640869140626,1,staged_v3,0.15566671408699753,2,0.7729752430963679,0.15675922773056514,2,1,1,1
v3_right_forearm_proxy:v3_left_forearm_proxy,73,0.2172851562499999,1.0000000000000009,0.21728515624999992,0.1205829831447774,0.04661780274938128,AIR,0.0,-1,0.8174563155966724,0.05350026845557308,0.5078822462246938,UNLOADING,0.11104990792221829,6.285397940693216e-05,0.05033125833182776,0.04095728703654661,0.21728515624999992,0.2,0,ok,0.0687981652196887,0.03255543678508636,AIR,0.0,-1,1.0888518951577275,0.026265660799462732,0.5241150140562789,UNLOADING,0.04935141340954453,0.046302386759957216,0.004903363942856731,0.0,0.0050000000000000044,0.6190640869140626,1,staged_v3,0.15939964639990267,2,0.7542314880223819,0.15939964639990267,2,1,1,1
v3_right_forearm_proxy:v3_left_forearm_proxy,74,0.09075927734375017,1.0000000000000009,0.09075927323146821,0.1329343082032182,0.03630598128628643,AIR,0.0,-1,0.7663275176835302,0.06279680096663914,0.44834306708607663,UNLOADING,0.09518563536190139,0.0,0.05860560084538076,0.017107719961747758,0.09075927323146821,0.2,0,ok,0.07332113012329261,0.025354199661456876,AIR,0.0,-1,1.0787542355805086,0.02788318111605067,0.46674029775142095,UNLOADING,0.04259204988942388,0.04327809736624307,0.005058917521327977,0.0,0.0050000000000000044,0.6240640869140626,1,staged_v3,0.15394790376782191,2,0.732415601627374,0.15516961198163348,2,1,1,1
v3_right_forearm_proxy:v3_left_forearm_proxy,75,0.27899169921874994,1.0000000000000009,0.2789916992187501,0.10461813967879868,0.028275126655935644,AIR,0.0,-1,0.45522005184988074,0.05433591602909946,0.4096679905348767,UNLOADING,0.08158768745305833,0.005096411959866119,0.04038698756687772,0.052588696360689524,0.2789916992187501,0.2,0,ok,0.024095784533671814,0.019745870550491363,AIR,0.0,-1,0.6316627798731518,0.03270260065268418,0.4377587665696538,UNLOADING,0.03669214124804486,0.04443648008183323,0.0024514582466494588,0.0,0.0050000000000000044,0.6290640869140626,1,staged_v3,0.14309952177428253,2,0.7335409217225057,0.13802335770573368,2,0,1,1
v3_right_forearm_proxy:v3_left_forearm_proxy,76,0.6324803015154675,1.0000000000000009,0.881591796875,0.08414024134389611,0.022020690781085834,AIR,0.0,-1,0.3688868393195948,0.030692041593913817,0.39352359763817985,UNLOADING,0.06993230353119285,0.04392201845319852,0.0007541614287104705,0.16617613875165152,0.881591796875,0.2,0,ok,0.11665098757280133,0.015378099447149267,AIR,0.0,-1,0.5364509370165238,0.0475571411684551,0.4087088001438619,UNLOADING,0.03248018642906894,0.03753313046587327,0.007902309541319829,0.0,0.0050000000000000044,0.6340640869140626,1,staged_v3,0.12245365305034774,2,0.7253692140390808,0.12245365305034774,2,1,1,1
v3_right_forearm_proxy:v3_left_forearm_proxy,77,0.6095080161272151,1.0000000000000009,0.90057373046875,0.11733223443918803,0.017149731224082913,AIR,0.0,-1,0.21452084195996024,0.06229660683061797,0.39268942677082974,UNLOADING,0.05994197445530816,0.025499944239806487,0.019134527098735,0.16975414893939478,0.90057373046875,0.2,0,ok,0.0,0.011976475891589787,AIR,0.0,-1,0.3659409995695481,0.05749836880939306,0.3841759989491086,UNLOADING,0.027840159796344806,0.04103398743306874,0.0031748125143866894,0.0,0.0050000000000000044,0.6390640869140626,1,staged_v3,0.1530487730595304,2,0.7410562033892101,0.13790719755671663,2,0,0,0
v3_right_forearm_proxy:v3_left_forearm_proxy,78,0.722976856009381,1.0000000000000009,1.0000000000000002,0.13849232366467318,0.013356224106779896,AIR,0.0,-1,0.3023849335027586,0.047577810297242035,0.3941994680921975,UNLOADING,0.051378835247406995,0.024554142135496042,0.020155831269113838,0.18849555921538763,1.0000000000000002,0.2,0,ok,0.0,0.009327288802805927,AIR,0.0,-1,0.2541634686755987,0.06292535177933577,0.3704466411945123,UNLOADING,0.02470185496748916,0.02513814789521653,0.018384184164509088,0.0,0.0050000000000000044,0.6440640869140626,0,staged_v3,0.20808632397095464,2,0.7918654100284573,0.16751070647112004,2,0,0,0
v3_right_forearm_proxy:v3_left_forearm_proxy,79,0.36076430073057253,1.0000000000000009,1.0000000000000002,0.1003367382126579,0.010401837793237358,AIR,0.0,1,0.39603287903156004,0.03637874719981649,0.3606180887958077,UNLOADING,0.04403900164063457,0.028413527593309205,0.014617376846481182,0.18849555921538763,1.0000000000000002,0.2,0,ok,0.0,0.0072640998235584025,FLAT,0.0,1,0.27148516027754876,0.04157540521869743,0.3453708850724919,LOADING,0.021852345863310866,0.02965833100628788,0.01261021324733672,0.0,0.0050000000000000044,0.6490640869140626,0,staged_v3,0.22447418827055055,2,0.8742310450416066,0.20621783377745992,2,0,0,0
v3_right_forearm_proxy:v3_left_forearm_proxy,80,0.16323882232274156,0.8000000000000007,1.0000000000000002,0.09918450535902684,0.008100959418754989,FLAT,0.0,1,0.1514670946863851,0.04167537079078852,0.36004667635530996,UNLOADING,0.03774771569197249,0.006260030418641704,0.036742303399123794,0.18849555921538763,1.0000000000000002,0.2,0,ok,0.0,0.0056572866308961375,FLAT,0.0,1,0.16397246497685797,0.04518588180575103,0.32514639772911125,LOADING,0.01927598792025777,0.01464616142096322,0.026611158465492342,-2.500000000000002,0.0040000000000000036,0.6530640869140626,0,staged_v3,0.18223549496431415,2,0.9619849856978813,0.15193499554036388,2,0,0,0
v3_right_forearm_proxy:v3_left_forearm_proxy,81,0.0891412481313985,0.6000000000000005,0.999999999999999,0.09886084423422052,0.00728018501774221,FLAT,0.0,1,0.11720460400474526,0.04211577853331962,0.34675189904010184,UNLOADING,0.032355184878833564,0.00022181641868547486,0.051331547253063076,0.1884955592153874,0.999999999999999,0.2,0,ok,0.0,0.004405899258201302,FLAT,0.0,1,0.14804885133043297,0.05124767302920083,0.29981017047254477,LOADING,0.016962984767437392,0.0,0.04126265841998078,-2.500000000000002,0.0030000000000000027,0.6560640869140626,0,staged_v3,0.09430991198062823,2,1.0362570833804357,0.09495119127904515,2,0,0,0
v3_right_forearm_proxy:v3_left_forearm_proxy,82,0.27298479444066653,0.40000000000000036,0.34601050245050496,0.0,0.0321003883098979,FLAT,0.0,1,0.0704268045589003,0.04551592393845531,0.32313506170110873,UNLOADING,0.02773301561042877,0.0,0.0642157677875152,0.06522144315380518,0.34601050245050496,0.2,0,ok,0.0,0.003431317792420896,FLAT,0.0,1,0.10985811515894553,0.06048168985854688,0.26901096116279877,LOADING,0.014898023471378728,0.0,0.056006764008986985,-2.500000000000002,0.0020000000000000018,0.6580640869140626,0,staged_v3,0.09660908149374463,2,1.076916069759415,0.0982796873017262,2,1,0,0
v3_right_forearm_proxy:v3_left_forearm_proxy,83,0.04994308453138414,0.20000000000000018,0.28631570299652903,0.0,0.06441931290739643,FLAT,0.0,1,0.0632493825071362,0.04928431524261189,0.2872886867134752,LOADING,0.03136888710899223,0.0,0.07397164976265971,0.05396923854847757,0.28631570299652903,0.2,0,ok,0.0,0.006522858254442468,FLAT,0.0,1,0.1047907853232115,0.0664761229535176,0.24886392371921007,LOADING,0.013469670711950005,0.0,0.0660021613864005,-2.500000000000002,0.0010000000000000009,0.6590640869140626,0,staged_v3,0.10727828999044578,2,1.1018278380489825,0.10882693693811896,2,1,0,0
v3_right_forearm_proxy:v3_left_forearm_proxy,84,0.02404840516743555,0.0,0.24071006635475742,0.0,0.12584432102133727,FLAT,0.0,1,0.054041195305408116,0.05260301505652033,0.257948501994949,LOADING,0.043771703073056153,0.0,0.08187765748249677,0.045372778566313055,0.24071006635475742,0.2,0,ok,0.0,0.019563259552904447,FLAT,0.0,1,0.10288737690414944,0.07101606083368558,0.2591105624210796,LOADING,0.013674579043032369,0.0,0.07408424566363273,-2.500000000000002,0.0,0.6590640869140626,0,staged_v3,0.1190430047053176,2,1.1166098769310335,0.12036989639369367,2,1,0,0
v3_right_forearm_proxy:v3_left_forearm_proxy,85,0.01551646832949252,0.20000000000000018,0.2051457748802991,0.0,0.22156413632067337,FLAT,0.0,1,0.01024691446415495,0.05650212834288869,0.26164357825030676,LOADING,0.06773602303480365,0.0,0.08690487525066426,0.03866906755673599,0.2051457748802991,0.2,0,ok,0.0,0.0625091795690803,FLAT,0.0,1,0.05423387673010526,0.07503653733713192,0.28850880243287674,LOADING,0.019834609440534553,0.0,0.07954366475479577,-2.500000000000002,-0.0010000000000000009,0.6580640869140626,0,staged_v3,0.13127760300673344,2,1.1231707364045727,0.13238636117083835,2,1,0,0
v3_right_forearm_proxy:v3_left_forearm_proxy,86,0.014159890830440402,0.40000000000000036,0.2049582903224615,0.0,0.3423447602406944,FLAT,0.0,1,0.009659369357183334,0.05992762106516417,0.2931469229435366,SUPPORT,0.14418881842784292,0.0,0.09057367664537097,0.038633727550162145,0.2049582903224615,0.2,0,ok,0.0,0.14082945430264673,FLAT,0.0,1,0.04456440891868268,0.07812819840519623,0.3394579520734654,LOADING,0.03447244278311696,0.0,0.08342962867323228,-2.500000000000002,-0.0020000000000000018,0.6560640869140626,0,staged_v3,0.141134290334889,2,1.1266395838600807,0.14212101293572746,2,1,0,0
v3_right_forearm_proxy:v3_left_forearm_proxy,87,0.01194308660946887,0.6000000000000005,0.20242566034398546,0.0,0.43780635898982234,FLAT,0.0,1,0.016454930686569263,0.06276607146507732,0.343334406286156,SUPPORT,0.20535105474227433,0.0,0.09249616914652894,0.03815633804608365,0.20242566034398546,0.2,0,ok,0.0,0.268466376136943,FLAT,0.0,1,0.012033900136106699,0.08019497807016697,0.4036134392537178,UNLOADING,0.059599901974559416,0.0,0.08546977282421615,-2.500000000000002,-0.0030000000000000027,0.6530640869140626,0,staged_v3,0.14610288687639014,2,1.1277756994604164,0.14709124382665464,2,1,0,0
v3_right_forearm_proxy:v3_left_forearm_proxy,88,0.0064804441327509605,0.8000000000000007,0.1751964637640476,0.0,0.5448280591618238,FLAT,0.0,1,0.008453147471617477,0.06404975766562189,0.3900032061459375,SUPPORT,0.2542808437938195,0.0,0.09293349323392305,0.033023755409762545,0.1751964637640476,0.2,0,ok,0.0,0.3906896980496782,FLAT,0.0,1,0.005292065067255462,0.08087625719955348,0.48273728668849747,UNLOADING,0.08809776423485316,0.0,0.08567915325605266,-2.500000000000002,-0.0040000000000000036,0.6490640869140626,0,staged_v3,0.14396579034720053,2,1.1279443803152736,0.14498238623853613,2,1,0,0
v3_right_forearm_proxy:v3_left_forearm_proxy,89,0.010420478276592024,1.0000000000000009,0.1653911871756662,0.0,0.616152462566091,FLAT,0.0,-1,0.006273074387988193,0.061477442014814615,0.45586153828731846,UNLOADING,0.27047912566729426,0.0,0.09001901740455671,0.031175504315974045,0.1653911871756662,0.2,0,ok,0.0,0.4548392720759987,FLAT,0.0,1,0.01511410072700951,0.0802710735789278,0.5657967269274664,UNLOADING,0.10997675151934798,0.0,0.08436425231532443,-2.500000000000002,-0.0050000000000000044,0.6440640869140626,0,staged_v3,0.13794288514009104,2,1.1276795669366018,0.1390351896494619,2,1,0,0
v3_right_forearm_proxy:v3_left_forearm_proxy,90,0.01443165099448478,1.0000000000000009,0.2031210198668892,0.0,0.6266129251668957,FLAT,0.0,-1,0.01766210906840373,0.05762367248067988,0.5356251372462096,UNLOADING,0.2745799587586611,0.0,0.08517122107690617,0.03828741022820914,0.2031210198668892,0.2,0,ok,0.0,0.4283319819686281,FLAT,0.0,1,0.05615833345960742,0.07760996335187265,0.6027178753792883,UNLOADING,0.12201512918337777,0.0,0.08023853268273218,0.0,-0.0050000000000000044,0.6390640869140626,0,staged_v3,0.122864690096331,2,1.1272355495164146,0.12408461973073716,2,1,0,0
v3_right_forearm_proxy:v3_left_forearm_proxy,91,0.16757035548447535,1.0000000000000009,0.49188708738932135,0.0,0.6006494447794588,FLAT,0.0,-1,0.029535044666452286,0.05909951714625977,0.6335616832513661,UNLOADING,0.266797246293279,0.0,0.08219250619245927,0.09271853160827837,0.49188708738932135,0.2,0,ok,0.0,0.38520792972133416,FLAT,0.0,1,0.06716138258569682,0.06932918652626179,0.6331123624086175,UNLOADING,0.12587770881008775,0.0,0.0697752373453776,0.0,-0.0050000000000000044,0.6340640869140626,0,staged_v3,0.11017003776536309,2,1.1273562747846015,0.11192061290487461,2,1,0,0
v3_right_forearm_proxy:v3_left_forearm_proxy,92,0.14559040168743387,1.0000000000000009,0.25019239670385446,0.0,0.5325070834239947,FLAT,0.0,-1,0.05110082394746869,0.051252449584292745,0.7152011189966887,UNLOADING,0.25034869989216635,0.009507606365541696,0.07111634290168928,0.04716015572813115,0.25019239670385446,0.2,0,ok,0.0,0.3194630631931048,FLAT,0.0,1,0.08993202055821166,0.06297763356622041,0.6581583562003686,UNLOADING,0.12349600450224614,0.0,0.060480951413407466,0.0,-0.0050000000000000044,0.6290640869140626,0,staged_v3,0.09021752685756436,2,1.1331073905762044,0.09082790089503517,2,1,0,0
v3_torso_proxy:v3_right_forearm_proxy,93,0.4214810818123817,1.0000000000000009,1.0000000000000002,0.0,0.43315833486054345,FLAT,0.0,-1,0.09060197728143866,0.04724663592626472,0.7526901222715167,UNLOADING,0.2298880763120618,0.015387870187311116,0.05883494131440161,0.18849555921538763,1.0000000000000002,0.19482168494487184,0,ok,0.0,0.2525979298686102,FLAT,0.0,1,0.12686094841724233,0.05773963702304874,0.7128004697582174,UNLOADING,0.11621743340168406,0.010231398772368457,0.050408624715542416,0.0,-0.0050000000000000044,0.6240640869140626,0,staged_v3,0.0936231682139812,2,1.1360727118621978,0.09417732309060384,2,0,0,0
v3_torso_proxy:v3_right_forearm_proxy,94,0.1274040237880545,1.0000000000000009,1.0,0.0,0.33734405038329707,FLAT,0.0,-1,0.10832917539419701,0.03339675897621393,0.756136586639813,UNLOADING,0.20879918992508464,0.029410070355776724,0.03567522843681364,0.1884955592153876,1.0,0.18126530231214333,0,ok,0.0,0.19672346558388942,FLAT,0.0,1,0.1432488262557804,0.04509154559868379,0.7491730372763631,UNLOADING,0.10666402139699703,0.03161936254426119,0.03083928931955697,0.0,-0.0050000000000000044,0.6190640869140626,0,staged_v3,0.15707365718805302,2,1.143698526427949,0.10477974461224614,2,0,0,0
v3_torso_proxy:v3_right_forearm_proxy,95,0.31049718702818857,0.8000000000000007,0.775076376098924,0.0,0.2627238106029912,FLAT,0.0,-1,0.1991095962205097,0.026148880961015718,0.7271241549497724,UNLOADING,0.18921230305480213,0.048990839023954236,0.012365368723534387,0.14609845494740276,0.775076376098924,0.1825321867797319,0,ok,0.0,0.15320838904525366,FLAT,0.0,1,0.20719323509382576,0.032194305038531275,0.7489671702096634,UNLOADING,0.096920637690233,0.054688101384610735,0.0077602571258724405,2.500000000000002,-0.0040000000000000036,0.6150640869140626,0,staged_v3,0.0999556198148272,2,1.1505796925591196,0.0978553023754671,2,1,0,0
v3_torso_proxy:v3_right_forearm_proxy,96,0.29016113281250006,0.6000000000000005,0.2901611328124999,0.0,0.20460950942911302,AIR,0.0,-1,0.23655230995647275,0.014375104769204283,0.6685410743500875,UNLOADING,0.17187049521456318,0.05578689593917075,0.0026401577783336213,0.05469408499206252,0.2901611328124999,0.18253272666233156,0,ok,0.0,0.119318813361552,AIR,0.0,1,0.2217697306282424,0.036867972871657176,0.7146135536688382,UNLOADING,0.0879393997524432,0.042307331759187904,0.018423345924254007,2.500000000000002,-0.0030000000000000027,0.6120640869140626,1,staged_v3,0.13742052206214803,2,1.15003097737849,0.13742052206214803,2,1,1,1
v3_torso_proxy:v3_right_forearm_proxy,97,0.7446179164318537,0.40000000000000036,1.0,0.0,0.1593500461672492,AIR,0.0,-1,0.28352292627705405,0.09668834473975296,0.5863437588878284,UNLOADING,0.1567341589151392,0.0,0.08509815194547535,0.1884955592153876,1.0,0.18296595895869078,0,ok,0.0,0.09292558528112752,AIR,0.0,1,0.2344102806261643,0.08043687534060003,0.6558021072302752,UNLOADING,0.07994588416468809,0.03857652274074838,0.019213582620765383,2.500000000000002,-0.0020000000000000018,0.6100640869140626,0,staged_v3,0.22305773087622416,2,1.1480336644594826,0.22491379527034622,2,1,1,1
v3_torso_proxy:v3_right_forearm_proxy,98,0.11175537109375004,0.20000000000000018,0.11175537109375,0.0,0.12410194073751821,AIR,0.0,-1,0.8420377133721618,0.10212263593155954,0.5092238215366096,UNLOADING,0.14304446138655494,0.0,0.08719384888066098,0.02106539116963957,0.11175537109375,0.18271873648357306,0,ok,0.0,0.07237051858431072,AIR,0.0,1,0.23868277174491753,0.0684937800862417,0.5954388772595123,UNLOADING,0.07270765760570123,0.04584075759682367,0.008931186266151952,2.500000000000002,-0.0010000000000000009,0.6090640869140626,1,staged_v3,0.32256826864173616,2,1.127058135539028,0.32241333974270237,2,1,1,1
v3_torso_proxy:v3_right_forearm_proxy,99,0.0,0.0,0.0,0.0,0.09665068862706026,AIR,0.0,-1,1.1107280081052961,0.10212263593155954,0.43574198457757296,UNLOADING,0.13040038486760652,0.0,0.08719384888066098,0.0,0.0,0.18271873648357306,0,ok,0.0,0.056362216544744846,AIR,0.0,1,0.24659762302681026,0.0684937800862417,0.5339637458006952,UNLOADING,0.0660732545587272,0.04276700102388281,0.008931186266151952,2.500000000000002,0.0,0.6090640869140626,1,staged_v3,0.12980090627099491,2,1.1066296869682954,0.12980090627099491,2,1,1,1
v3_torso_proxy:v3_right_forearm_proxy,100,0.6672973632812501,0.20000000000000018,0.6672973632812501,0.0,0.07527163198714507,AIR,0.0,-1,1.6954984727491895,0.033376440025238915,0.3870431072741973,UNLOADING,0.11836293926555425,0.03807927984819923,0.006272875515510642,0.1257825896546529,0.6672973632812501,0.1827187376414491,0,ok,0.0,0.04389493838068738,AIR,0.0,1,1.1757075861674218,0.0672283011459773,0.48314035272102535,UNLOADING,0.05987529281730537,0.017446075709216254,0.03171094192683502,2.500000000000002,0.0010000000000000009,0.6100640869140626,1,staged_v3,0.13090938023532003,2,1.0692258477163623,0.13090938023532003,2,1,1,1
v3_torso_proxy:v3_right_forearm_proxy,101,0.39666748046874994,0.40000000000000036,0.39666748046875006,0.0,0.05862160593465118,AIR,0.0,-1,1.6479095013738632,0.03924429757523261,0.3704156115671487,UNLOADING,0.1067264119306635,0.012369576664430545,0.031151203913926895,0.07477005855351589,0.39666748046875006,0.1850775511462258,0,ok,0.0,0.0341854123837504,AIR,0.0,1,1.284597390176359,0.05979891814647584,0.44346169111992295,UNLOADING,0.054039606928607535,0.04367084466933439,0.0035022398866617595,2.500000000000002,0.0020000000000000018,0.6120640869140626,1,staged_v3,0.2373472905048855,2,1.0659239711574358,0.23626040539633222,2,1,1,1
v3_torso_proxy:v3_right_forearm_proxy,102,0.03155517578125012,0.20000000000000018,0.03155517578125062,0.0,0.04565455260680966,AIR,0.0,-1,1.5743850597072684,0.040926905320977744,0.3782738590735998,UNLOADING,0.09553472862741916,0.009889209352595699,0.034024483601084295,0.005948010505026691,0.03155517578125062,0.18571955502531387,0,ok,0.0,0.02662362593408371,AIR,0.0,1,1.5180864950934683,0.05791414637210689,0.4314787657042887,UNLOADING,0.04848196260701683,0.04342571820899884,0.003148220076215594,-2.500000000000002,0.0010000000000000009,0.6130640869140626,1,staged_v3,0.23170273693282245,2,1.0820996484764618,0.18475927500015904,2,0,1,1
v3_right_forearm_proxy:v3_left_forearm_proxy,103,0.9068414406308969,0.40000000000000036,1.0000000000000002,0.0,0.03555580132095801,AIR,0.0,1,1.2500839718890464,0.026841553169517092,0.39860597423960614,UNLOADING,0.08494163118000894,0.01931754816431445,0.025612750547665857,0.18849555921538763,1.0000000000000002,0.2,0,ok,0.0,0.020734500725664556,AIR,0.0,1,1.1908294360983152,0.02129245926527395,0.43672895571664977,UNLOADING,0.043224417074077134,0.04614013922656755,0.0006963085592649404,2.500000000000002,0.0020000000000000018,0.6150640869140626,0,staged_v3,0.17229501325813834,2,1.062367149075403,0.14473772409739674,2,0,0,0
v3_right_forearm_proxy:v3_left_forearm_proxy,104,0.9369506835937502,0.6000000000000005,0.9369506835937502,0.0,0.02769088591149339,AIR,0.0,1,1.0981083641789704,0.006717900900140285,0.412411086940178,UNLOADING,0.07513152066206452,0.044678652586268845,0.0009419017607400571,0.17661104306124364,0.9369506835937502,0.2,0,ok,0.0,0.016148045401742167,AIR,0.0,1,1.0454764811278592,0.02261652908915441,0.40819294370399073,UNLOADING,0.03841471852265745,0.03153365724180797,0.013875989943391568,2.500000000000002,0.0030000000000000027,0.6180640869140626,1,staged_v3,0.2884724043146715,2,1.0663524650554996,0.26409727322237114,2,0,1,1
v3_right_forearm_proxy:v3_left_forearm_proxy,105,1.0000000000000002,0.8000000000000007,1.0,0.0,0.021565683631811983,FLAT,0.0,1,0.4946132715566621,0.029028869407312745,0.4020478512213923,LOADING,0.06624062440570125,0.016073523153756875,0.08089230007086826,0.1884955592153876,1.0,0.2,0,ok,0.0,0.012576110403949398,FLAT,0.0,1,0.27212342140252527,0.08058047138491775,0.3824354033146651,LOADING,0.03403641024077571,0.0008604715252379241,0.043261298640495334,2.500000000000002,0.0040000000000000036,0.6220640869140626,0,staged_v3,0.34228782178673045,2,1.0399206264963934,0.344263867924167,2,1,1,1
v3_right_forearm_proxy:v3_left_forearm_proxy,106,0.992963651633183,1.0000000000000009,0.9855782761003957,0.0,0.016795371299925352,FLAT,0.0,1,0.3517048518949005,0.009492069181089025,0.39222221292625414,LOADING,0.05823594286227972,0.03511904146522368,0.020362878333225885,0.18577712830408177,0.9855782761003957,0.2,0,ok,0.0,0.009794284630588233,FLAT,0.0,1,0.23465477317830521,0.006451513280556213,0.3803913442272906,LOADING,0.030041012139838334,0.03756805393080832,0.018914769889235364,2.500000000000002,0.0050000000000000044,0.6270640869140626,0,staged_v3,0.3706666088130416,2,1.0622563325595695,0.3722258054456066,2,1,0,0
v3_right_forearm_proxy:v3_left_forearm_proxy,107,0.3769346783884358,1.0000000000000009,1.0000000000000002,0.0,0.01966071714249713,FLAT,0.0,1,0.1347713737839337,0.0016273920403032808,0.37707910637836883,LOADING,0.05166610409504639,0.04222656327861517,0.020909454823756845,0.18849555921538763,1.0000000000000002,0.2,0,ok,0.0,0.0076277965399263415,FLAT,0.0,1,0.15044904391887384,0.032772834147442455,0.377567490164492,LOADING,0.026427694483412995,0.017278161766336175,0.026600212741888424,0.0,0.0050000000000000044,0.6320640869140626,0,staged_v3,0.2379023511267094,2,1.1165011278386852,0.23228042133945193,2,0,0,0
v3_right_forearm_proxy:v3_left_forearm_proxy,108,0.30453585556497564,0.8000000000000007,1.0000000000000002,0.0,0.04860268716724965,FLAT,0.0,1,0.07760295014287989,0.017862142513699615,0.3651469062552942,LOADING,0.048693170126101845,0.025395202799065097,0.04759151661826643,0.18849555921538763,1.0000000000000002,0.2,0,ok,0.0,0.005940533918403988,FLAT,0.0,1,0.1408591189872472,0.016800278218010858,0.37392701142569057,LOADING,0.023183624960642888,0.02689607235327367,0.037335927328874745,-2.500000000000002,0.0040000000000000036,0.6360640869140626,0,staged_v3,0.1897739548807824,2,1.1280280682531154,0.14882631547707365,2,0,0,0
v3_right_forearm_proxy:v3_left_forearm_proxy,109,0.18127450739085227,0.6000000000000005,0.500494883647435,0.0,0.12147974931633515,FLAT,0.0,-1,0.04450408584627776,0.023004457646264263,0.35659711126307886,LOADING,0.05458662042751489,0.019825397916889677,0.05902234598895262,0.09434106297756362,0.500494883647435,0.2,0,ok,0.0,0.007799931112069446,FLAT,0.0,1,0.12944975388531296,0.02322909349200718,0.3651604209993451,LOADING,0.0205790649638968,0.02002892755796008,0.05144974919448066,-2.500000000000002,0.0030000000000000027,0.6390640869140626,0,staged_v3,0.11221883060303366,2,1.1300335013265048,0.10062069331874174,2,1,0,0
v3_right_forearm_proxy:v3_left_forearm_proxy,110,0.05319286355282452,0.40000000000000036,0.5001465836229032,0.0,0.14656326064597142,FLAT,0.0,-1,0.029101877161538663,0.033533443862452356,0.3452018973720748,LOADING,0.06286316533920074,0.008726651006151387,0.06945817548249503,0.09427540996966477,0.5001465836229032,0.2,0,ok,0.0,0.012642569003635957,FLAT,0.0,1,0.08600175659869141,0.031175432609994884,0.35016073089414124,LOADING,0.018812861083474852,0.01133260393471218,0.06185542000757016,-2.500000000000002,0.0020000000000000018,0.6410640869140626,0,staged_v3,0.1045241267579279,2,1.1299048432213379,0.10564714752717685,2,1,0,0
v3_torso_proxy:v3_left_hand_proxy,111,0.05455325521446595,0.20000000000000018,0.500099641075798,0.0,0.19919650710065906,FLAT,0.0,-1,0.040235841391022584,0.04364139095528265,0.3210277868501934,LOADING,0.07734031092692972,0.0,0.07794188042700498,0.09426656150799717,0.500099641075798,0.17976192174308175,0,ok,0.0,0.04457689097320072,FLAT,0.0,1,0.06607372803847149,0.039312416406107366,0.3238577895666169,LOADING,0.021078352386153455,0.0018804730722234778,0.07048268988405677,-2.500000000000002,0.0010000000000000009,0.6420640869140626,0,staged_v3,0.11272811945249715,2,1.130026632449698,0.11402987755058347,2,1,0,0
v3_torso_proxy:v3_left_hand_proxy,112,0.057779237002558104,0.0,1.0000000000000002,0.0,0.21800666235545835,FLAT,0.0,-1,0.06997113624237951,0.057427009481541655,0.28699433147463216,LOADING,0.09296024594869132,0.0,0.08780062175170325,0.18849555921538763,1.0000000000000002,0.12690110581412223,0,ok,0.0,0.09183083235447306,FLAT,0.0,-1,0.053280514865642906,0.04953992611392417,0.2887807273176348,LOADING,0.02992505346831567,0.0,0.07800793796204447,-2.500000000000002,0.0,0.6420640869140626,0,staged_v3,0.12767065949829343,2,1.1383098898127846,0.12920540998531732,2,0,0,0
v3_torso_proxy:v3_left_hand_proxy,113,0.12152661987938947,0.20000000000000018,1.0000000000000002,0.0,0.2508478499447653,FLAT,0.0,-1,0.06007608868415057,0.06578322851401061,0.2464576972596086,SUPPORT,0.16436819675895306,0.0,0.09224553385958009,0.18849555921538763,1.0000000000000002,0.09140055412337328,0,ok,0.0,0.1646695652122533,FLAT,0.0,-1,0.04428368410242278,0.05989881864580837,0.2664703691733773,LOADING,0.04809804385035746,0.0,0.0847958801689219,-2.500000000000002,-0.0010000000000000009,0.6410640869140626,0,staged_v3,0.13379610745749046,2,1.1406749619602026,0.13138882466405052,2,0,0,0
v3_pelvis_proxy:v3_left_hand_proxy,114,0.11661958840404836,0.40000000000000036,1.0000000000000002,0.0,0.2896435749001594,FLAT,0.0,-1,0.051465857373487967,0.07319700902523352,0.2109274575694038,SUPPORT,0.22149455740716245,0.0,0.09665901062560427,0.18849555921538763,1.0000000000000002,0.062473354176328835,0,ok,0.0,0.26393490088158295,FLAT,0.0,-1,0.017855134161623817,0.06809769036197694,0.26701427311454073,SUPPORT,0.12847843508028597,0.0,0.08973343205222936,-2.500000000000002,-0.0020000000000000018,0.6390640869140626,0,staged_v3,0.136938461454394,2,1.137626805385857,0.13051940445617863,2,0,0,0
v3_pelvis_proxy:v3_left_hand_proxy,115,0.08905582386199581,0.6000000000000005,1.0000000000000002,0.0,0.3482896825734038,FLAT,0.0,-1,0.01646659182669472,0.07687752014587454,0.18708264270334357,SUPPORT,0.26719564592573,0.0,0.10069252672316734,0.18849555921538763,1.0000000000000002,0.04609295684722088,0,ok,0.0,0.33192866330538773,FLAT,0.0,-1,0.03666730111762918,0.0723748745861689,0.29347661847274487,SUPPORT,0.1927827480642288,0.0,0.09327343833683194,-2.500000000000002,-0.0030000000000000027,0.6360640869140626,0,staged_v3,0.13325163241985413,2,1.1290000954081374,0.12874948011626186,2,0,0,0
v3_pelvis_proxy:v3_left_hand_proxy,116,0.06100897042534428,0.8000000000000007,1.0000000000000002,0.0,0.39920991027779984,FLAT,0.0,-1,0.019678995644430916,0.07874270018433314,0.17296183874277626,SUPPORT,0.30375651674058396,0.0,0.10354770348034614,0.18849555921538763,1.0000000000000002,0.043367529590673595,0,ok,0.0,0.4190689280475196,FLAT,0.0,-1,0.021729584389529998,0.07383266941070324,0.3387706287814316,SUPPORT,0.24422619845138305,0.0,0.09456980503308901,-2.500000000000002,-0.0040000000000000036,0.6320640869140626,0,staged_v3,0.13094879901011666,2,1.112451346063164,0.12804778731800023,2,0,0,0
v3_pelvis_proxy:v3_left_hand_proxy,117,0.04892012523895186,1.0000000000000009,0.8545178815627537,0.0,0.4319765870523574,FLAT,0.0,-1,0.03507899743998048,0.07800359352970225,0.18538359038092903,SUPPORT,0.3330052133924672,0.0,0.10438480132320395,0.1610728259447196,0.8545178815627537,0.05397449836543325,0,ok,0.0,0.5306647184292926,FLAT,0.0,-1,0.007680153927245953,0.07218976033655713,0.3960000522462224,SUPPORT,0.2853809587611065,0.0,0.09333149363036727,-2.500000000000002,-0.0050000000000000044,0.6270640869140626,0,staged_v3,0.12960669133260086,2,1.086697633766154,0.12821851754233402,2,0,0,0
v3_pelvis_proxy:v3_left_hand_proxy,118,0.07510865258342278,1.0000000000000009,0.5458128508206009,0.0007370233854321263,0.4643069106462715,FLAT,0.0,-1,0.017835938956911136,0.0759888800761503,0.2005651439344216,SUPPORT,0.35640417071397373,0.0,0.10264148499765988,0.1028832985423741,0.5458128508206009,0.07931486052584544,0,ok,0.0,0.6018216671858949,FLAT,0.0,-1,0.004280659664286448,0.06513933932046562,0.46487796375901425,UNLOADING,0.2927143742085774,0.0,0.08715789321239434,0.0,-0.0050000000000000044,0.6220640869140626,0,staged_v3,0.13153017908380193,2,1.0667500117017326,0.13284832663401017,2,0,0,0
v3_pelvis_proxy:v3_left_hand_proxy,119,0.07240888151579235,1.0000000000000009,0.5526613567626593,0.002510248381595744,0.4852312288577897,FLAT,0.0,-1,0.013988898305832895,0.07147117019804733,0.2053938194026676,SUPPORT,0.37512333657117897,0.0,0.09740220715567699,0.10417421149971229,0.5526613567626593,0.11641467957061816,0,ok,0.0,0.6328526034311739,FLAT,0.0,-1,0.009738941160415909,0.05779072007374823,0.540572856733431,UNLOADING,0.29243370127923707,0.0,0.08034249028597176,0.0,-0.0050000000000000044,0.6170640869140626,0,staged_v3,0.13750305360240797,2,1.0533080003723827,0.13879934877334868,2,0,0,0
v3_torso_proxy:v3_right_forearm_proxy,120,0.06895085326554454,1.0000000000000009,0.5985926822684019,0.0033155860814806067,0.5030843312401588,FLAT,0.0,-1,0.016429304689773248,0.061958318022719686,0.21528842743206889,SUPPORT,0.3900986692569432,0.0,0.08721723899596803,0.11283206238642125,0.5985926822684019,0.14978154426197318,0,ok,0.0,0.5905512229443434,FLAT,0.0,-1,0.040810290311857324,0.05394672869601285,0.6041847538674538,UNLOADING,0.2840501979055734,0.001262508997359843,0.0760526983562218,0.0,-0.0050000000000000044,0.6120640869140626,0,staged_v3,0.14081088498220157,2,1.0441087134874856,0.14247886884541883,2,0,0,0
v3_torso_proxy:v3_right_forearm_proxy,121,0.061445496849612,1.0000000000000009,0.6011915411502116,0.004351575877934436,0.5165033532428696,FLAT,0.0,-1,0.011259401115898909,0.04787438856077467,0.2574832206067638,SUPPORT,0.40207893540555456,0.0,0.07225345642244832,0.11332193574466984,0.6011915411502116,0.16917126612037572,0,ok,0.0,0.5351237767898838,FLAT,0.0,-1,0.05459565329660141,0.05839598881820532,0.6679846522954014,UNLOADING,0.26885292774990455,3.2437965647516553e-06,0.07567222288264469,0.0,-0.0050000000000000044,0.6070640869140626,0,staged_v3,0.14255659982733832,2,1.036215171879038,0.14340708512983968,2,0,0,0
v3_torso_proxy:v3_right_forearm_proxy,122,0.08704438187951176,1.0000000000000009,0.6628459060448271,0.003330201154594606,0.5023746047082169,FLAT,0.0,-1,0.0262020546507492,0.032031076698510755,0.3125296258740211,SUPPORT,0.4116631483244437,0.0085954045951903,0.05524258487709021,0.12494350973354995,0.6628459060448271,0.19284959232455426,0,ok,0.0,0.4582272103037874,FLAT,0.0,-1,0.08134378980307473,0.04995931560490294,0.71854279595376,UNLOADING,0.2488698451327771,0.010967824192785067,0.0656371559666993,0.0,-0.0050000000000000044,0.6020640869140625,0,staged_v3,0.13846896875231857,2,1.0287370666560727,0.13947929935264286,2,0,0,0
v3_right_forearm_proxy:v3_left_forearm_proxy,123,0.09733424460138151,1.0000000000000009,0.794729687076325,0.0017651165842267284,0.4783548330725537,FLAT,0.0,-1,0.04930061156561898,0.013356364130529493,0.4153811146508784,SUPPORT,0.41933051865955495,0.03241269160201443,0.034522699609217486,0.14980301679052188,0.794729687076325,0.2,0,ok,0.0,0.37595515104061955,FLAT,0.0,-1,0.11037650766546032,0.03895355996134231,0.7744491178575623,UNLOADING,0.22543086953712396,0.024768895931535806,0.05330077279201563,0.0,-0.0050000000000000044,0.5970640869140625,0,staged_v3,0.12979563234550104,2,1.0239426206621878,0.13066163333849554,2,0,0,0
v3_right_forearm_proxy:v3_left_forearm_proxy,124,0.10325953516629659,0.8000000000000007,0.7966903289888027,0.0031548886482895126,0.4229883686233277,FLAT,0.0,-1,0.06666464942590153,0.010940768654295299,0.5055507088457983,UNLOADING,0.3892669891140121,0.03933676678799462,0.02869822370178922,0.15017258908423547,0.7966903289888027,0.2,0,ok,0.0,0.2974350690790196,FLAT,0.0,-1,0.12383613557119333,0.019172732942229608,0.8201833810310479,UNLOADING,0.20086699795818996,0.046836436109322796,0.02997987808381402,2.500000000000002,-0.0040000000000000036,0.5930640869140625,0,staged_v3,0.12114384432340584,2,1.0224383812387954,0.12040244455410135,2,0,0,0
v3_right_forearm_proxy:v3_left_forearm_proxy,125,0.49056937114794197,0.6000000000000005,0.28890787605257906,0.059295728375238686,0.3620303365347575,FLAT,0.0,-1,0.10976916277655353,0.01921324628578491,0.6062239332403847,UNLOADING,0.35394205302844783,0.036097950376234325,0.029106782814174947,0.05445785165826078,0.28890787605257906,0.2,0,ok,0.0,0.23164266471163789,FLAT,0.0,-1,0.16871557067871645,0.0011627189868384001,0.8383875171353308,UNLOADING,0.17751976199008224,0.06575665686992815,0.005924362254694519,2.500000000000002,-0.0030000000000000027,0.5900640869140625,1,staged_v3,0.10658728392692796,2,1.0207456941219228,0.10683185895417201,2,1,1,1
v3_right_forearm_proxy:v3_left_forearm_proxy,126,0.7178344726562501,0.2871337890625103,0.71783447265625,0.07048022519484483,0.2932640730575835,FLAT,0.0,-1,0.13073813399133502,0.011354505402206665,0.6870720776472821,UNLOADING,0.30659120381460814,0.05712320318306471,0.002230400699299394,0.1353086103474227,0.71783447265625,0.2,0,ok,0.0,0.18040348867017048,FLAT,0.0,-1,0.19857019841470652,0.016894109326428493,0.8588043109236949,UNLOADING,0.15579868097643537,0.06548251598790246,0.00245769955828229,3.910827636718628,-0.0014356689453125515,0.58862841796875,1,staged_v3,0.1494245148018806,2,0.9963606268228936,0.1369887922686304,2,0,1,1
v3_right_forearm_proxy:v3_left_forearm_proxy,127,0.7744148112261483,0.08713378906251013,0.9999991784646204,0.09716319601098866,0.22839428974395573,FLAT,0.0,-1,0.17093749469065625,0.020105871924583844,0.7688402703204829,UNLOADING,0.26382656108441344,0.0433361415914403,0.03939476513062637,0.1884954043596168,0.9999991784646204,0.2,0,ok,0.0,0.14049837824514208,FLAT,0.0,-1,0.2478386845392185,0.030352475845506974,0.8792963998049073,UNLOADING,0.13596439227633897,0.038612344144738395,0.03300075060636663,2.500000000000002,-0.0004356689453125506,0.5881927490234374,0,staged_v3,0.17650736612972784,2,1.000569059746228,0.1779792599615567,2,1,0,0
v3_right_forearm_proxy:v3_left_forearm_proxy,128,0.36566162109374994,0.11286621093749005,0.3656585644996932,0.050997263006981985,0.17787365170163005,FLAT,0.0,-1,0.2760647661819941,0.009680784418107321,0.7952391590463013,UNLOADING,0.22613705235806866,0.0603404288015077,0.004421529150807367,0.06892501559726555,0.3656585644996932,0.2,0,ok,0.0,0.10942024699757909,FLAT,0.0,-1,0.363248017463068,0.03798400919874853,0.8620083359946565,UNLOADING,0.11869791937387221,0.04601109355211462,0.022089323247618208,2.500000000000002,0.0005643310546874503,0.5887570800781249,1,staged_v3,0.2917676101678662,2,0.9692186587597984,0.29360218447294,2,1,1,1
v3_right_forearm_proxy:v3_left_forearm_proxy,129,0.3540649414062499,0.31286621093749023,0.3540649414062503,0.053621166869632426,0.1385281392329998,FLAT,0.0,-1,0.3057440120325299,0.018880901236908852,0.7786172898254342,UNLOADING,0.1953798348066482,0.051110030465200226,0.012820834026071495,0.06673966912893459,0.3540649414062503,0.2,0,ok,0.0,0.08521657404558113,FLAT,0.0,-1,0.387055742284662,0.019872556114570825,0.8147847946371729,UNLOADING,0.10399584592934316,0.06119315233456288,0.00454608739729577,2.500000000000002,0.0015643310546874512,0.5903214111328123,1,staged_v3,0.1811158254936717,2,0.9502108137840886,0.17406286306523577,2,1,1,1
v3_right_forearm_proxy:v3_left_forearm_proxy,130,0.20812988281249994,0.5128662109374904,0.20812988281249983,0.026304353587695752,0.10788582331208485,FLAT,0.0,-1,0.5249051207867693,0.02029436232296098,0.7101987441814637,UNLOADING,0.16888255572762448,0.05922440458408835,0.001285532624984838,0.03923155865017525,0.20812988281249983,0.2,0,ok,0.0,0.06636673459736094,FLAT,0.0,-1,0.5552748293675056,0.03086211375273592,0.7360653035699267,UNLOADING,0.0916416513607241,0.058673902800276796,0.00312936237821954,2.500000000000002,0.002564331054687452,0.5928857421874998,1,staged_v3,0.18099356177182585,2,0.895436590647299,0.17857284699457032,2,1,1,1
v3_right_forearm_proxy:v3_left_forearm_proxy,131,0.6538989545782447,0.7128662109374906,0.9999933520931203,0.053744767373541516,0.08402156367775492,FLAT,0.0,-1,0.621879922614567,0.033983586649715104,0.6344157708249538,UNLOADING,0.14808369641307653,0.04275276111940772,0.013968027421839974,0.18849430611446272,0.9999933520931203,0.2,0,ok,0.0,0.051686464874316794,FLAT,0.0,-1,0.758534573738519,0.06246654223246906,0.6529499705236042,UNLOADING,0.08111252818892956,0.037453463085109065,0.020194035441071147,2.500000000000002,0.003564331054687453,0.5964500732421872,0,staged_v3,0.16346850705952382,2,0.8644098978413925,0.15206430393356996,2,1,0,0
v3_right_forearm_proxy:v3_left_forearm_proxy,132,1.0,0.9128662109374908,1.0000000000000002,0.23670310051234184,0.06543605958711944,AIR,0.0,-1,0.8196012161006537,0.03653137087468705,0.5618919104292361,UNLOADING,0.12821866526948375,0.01656322464677476,0.04072543778777583,0.18849555921538763,1.0000000000000002,0.2,0,ok,0.0,0.040253459318310585,AIR,0.0,-1,1.220067981753547,0.13471883591872022,0.5751722448297464,UNLOADING,0.07196799369908748,0.0,0.06622327232873364,2.500000000000002,0.004564331054687454,0.6010144042968747,0,staged_v3,0.23105485371525553,2,0.8345786754212394,0.23217158622087508,2,1,1,1
v3_right_forearm_proxy:v3_left_forearm_proxy,133,0.28594970703124983,1.0000000000000009,0.28594970703125006,0.1937668158380304,0.05096165444755573,AIR,0.0,-1,0.762401890597628,0.021159530415959284,0.4959263839916601,UNLOADING,0.10990171308812893,0.03761024195631615,0.01218607724326686,0.053900249934331734,0.28594970703125006,0.2,0,ok,0.0,0.03134942563843322,AIR,0.0,-1,1.2122676330789952,0.1523152915221681,0.5012190819274784,UNLOADING,0.06392063678507269,0.0,0.09117408782370486,1.0891723632813766,0.0050000000000000044,0.6060144042968747,1,staged_v3,0.3832623444543721,2,0.9119030331933199,0.3845084455659562,2,1,1,1
v3_right_forearm_proxy:v3_left_forearm_proxy,134,0.08300781250000004,1.0000000000000009,0.07208417182717741,0.19577991501019007,0.039688976390370743,AIR,0.0,-1,0.7569333962990088,0.021088757475184322,0.44235522482669065,UNLOADING,0.09420146836125337,0.03581815961077657,0.011299601630557966,0.013587546279141896,0.07208417182717741,0.2,0,ok,0.0,0.024414957236050572,AIR,0.0,-1,1.2046966312478466,0.14823181272535982,0.4403725428892944,UNLOADING,0.05674101444913054,0.0,0.08746217225965885,0.0,0.0050000000000000044,0.6110144042968747,1,staged_v3,0.15688482298646175,2,0.8228352682889027,0.15880731141650542,2,1,1,1
v3_right_forearm_proxy:v3_left_forearm_proxy,135,0.07604980468750007,1.0000000000000009,0.06283622652748094,0.18322459944765432,0.030909805892123235,AIR,0.0,-1,0.6462648639330493,0.021933845855787584,0.4194442271924273,UNLOADING,0.08074411573821717,0.035411289441648924,0.010560921917972439,0.011844349658282294,0.06283622652748094,0.2,0,ok,0.0,0.01901438781409105,AIR,0.0,-1,1.055424716964829,0.14679453010960142,0.4124466645184799,UNLOADING,0.0502311505252988,0.0,0.08564854107229734,0.0,0.0050000000000000044,0.6160144042968747,1,staged_v3,0.1254637955890957,2,0.8173897972310826,0.12651688620208415,2,1,1,1
v3_right_forearm_proxy:v3_left_forearm_proxy,136,0.07250976562499992,1.0000000000000009,0.06987417325415876,0.17117998018366107,0.0240725810333707,AIR,0.0,-1,0.5570776210819021,0.02319346675048122,0.4016654003183521,UNLOADING,0.069209242061329,0.035158676396856256,0.009924593619061357,0.013170971362255535,0.06987417325415876,0.2,0,ok,0.0,0.014808420119237487,AIR,0.0,-1,0.9585334742487633,0.14684647865225534,0.4061436970409812,UNLOADING,0.04431156811092388,0.0,0.08498793603635214,0.0,0.0050000000000000044,0.6210144042968747,1,staged_v3,0.11775322422738704,2,0.8331793043776569,0.11876962383563043,2,1,1,1
v3_right_forearm_proxy:v3_left_forearm_proxy,137,0.11614717008562732,1.0000000000000009,0.11633300781250018,0.15226465703676645,0.018747744959338952,AIR,0.0,-1,0.39442395757457466,0.022780363710831995,0.38764689004013425,UNLOADING,0.059322207481139144,0.03545175712689955,0.008930587375107175,0.021928255362825277,0.11633300781250018,0.2,0,ok,0.0,0.011532809184912502,AIR,0.0,-1,0.7544250583594176,0.14139679596747445,0.3899419473565562,UNLOADING,0.038986441682628485,0.0,0.08013059952348964,0.0,0.0050000000000000044,0.6260144042968747,1,staged_v3,0.10967417189100843,2,0.8359845686377504,0.1110554135854703,2,1,0,0
v3_right_forearm_proxy:v3_left_forearm_proxy,138,0.9969942083733313,1.0000000000000009,1.0000000000000002,0.0810110398451938,0.01460075845515616,AIR,0.0,-1,0.23077707503184638,0.02695189711126248,0.377896392643971,UNLOADING,0.05084760641240498,0.03498730264236721,0.008907516989831343,0.18849555921538763,1.0000000000000002,0.2,0,ok,0.0,0.008981760824222947,AIR,0.0,-1,0.3366766091051722,0.06506162426205424,0.3781817086645345,UNLOADING,0.03421481046638186,0.024649835748600947,0.01925924968462578,0.0,0.0050000000000000044,0.6310144042968747,0,staged_v3,0.10033358443675387,2,0.846862385870702,0.10167467747326554,2,1,0,0
v3_right_forearm_proxy:v3_left_forearm_proxy,139,0.36122194958755677,1.0000000000000009,1.0000000000000002,0.09945792141401202,0.011371082118312052,FLAT,0.0,-1,0.3064996044984792,0.024129761078462465,0.34348956080519133,UNLOADING,0.04358366263920427,0.02325873533636132,0.018915742703898248,0.18849555921538763,1.0000000000000002,0.2,0,ok,0.0,0.006995002363264898,FLAT,0.0,-1,0.30743601429560485,0.0437964915400724,0.3523156554999743,LOADING,0.029974202331245505,0.02819557685353795,0.014420205921460767,0.0,0.0050000000000000044,0.6360144042968747,0,staged_v3,0.1395498938577361,2,0.8675654760080207,0.13866855170649478,2,0,0,0
v3_right_forearm_proxy:v3_left_forearm_proxy,140,0.14502497658037347,1.0000000000000009,1.0000000000000002,0.10014500261208456,0.008855807658110676,FLAT,0.0,-1,0.12422959395240289,0.03143902310396598,0.33534835464637525,UNLOADING,0.037357425119317944,0.010328394628352784,0.04071200008846841,0.18849555921538763,1.0000000000000002,0.2,0,ok,0.0,0.00544771331809703,FLAT,0.0,-1,0.1945846723086487,0.04707372362504977,0.322853583739974,LOADING,0.026219159076804922,0.011179406041272634,0.02996327314572607,0.0,0.0050000000000000044,0.6410144042968747,0,staged_v3,0.1875605549599711,2,0.9490592804533572,0.12179652739137409,2,0,0,0
v3_right_forearm_proxy:v3_left_forearm_proxy,141,0.026100043895747244,0.8000000000000007,0.5012201091902143,0.10462965561157658,0.014886690594089346,FLAT,0.0,-1,0.12089400566506801,0.03595058236896475,0.30927412172641355,UNLOADING,0.03202065010227252,0.004513123717355932,0.060110600531967796,0.09447776477180708,0.5012201091902143,0.2,0,ok,0.0,0.0042426833980824885,FLAT,0.0,1,0.19044889226296416,0.052268475173525744,0.30506987682165704,LOADING,0.02289476042246653,0.0,0.047853362192,-2.500000000000002,0.0040000000000000036,0.6450144042968747,0,staged_v3,0.12271277614269141,2,0.9651793678306235,0.12380424160662468,2,1,0,0
v3_right_forearm_proxy:v3_left_forearm_proxy,142,0.04633544709136518,0.6000000000000005,0.5000431787584877,0.0,0.04233972758504118,FLAT,0.0,-1,0.0892566518283699,0.04126125898899259,0.2825565333717808,UNLOADING,0.027446271516233592,0.0,0.07285716257032589,0.09425591861192117,0.5000431787584877,0.2,0,ok,0.0,0.003304205152750691,FLAT,0.0,1,0.19362436865831006,0.057098935341831324,0.2817352079278524,LOADING,0.01996312239454334,0.0,0.06104651822120093,-2.500000000000002,0.0030000000000000027,0.6480144042968747,0,staged_v3,0.1252525382855094,2,0.9964628065070985,0.1270990464983284,2,1,0,0
v3_right_forearm_proxy:v3_left_forearm_proxy,143,0.02408098772342967,0.40000000000000036,0.500064567264354,0.0,0.11350873619653803,FLAT,0.0,-1,0.04134045735746657,0.044384413846277566,0.2756967673589386,LOADING,0.038399966125017664,0.0,0.0800273943670895,0.09425995025029521,0.500064567264354,0.2,0,ok,0.0,0.010368078125490747,FLAT,0.0,1,0.11255282861939235,0.061668489158202625,0.27689119898708997,LOADING,0.01818228327277026,0.0,0.07130330957657743,-2.500000000000002,0.0020000000000000018,0.6500144042968747,0,staged_v3,0.13613283880539157,2,1.0255706367771664,0.13788045819510852,2,1,0,0
v3_right_forearm_proxy:v3_left_forearm_proxy,144,0.013842784543415945,0.20000000000000018,0.4261150805741687,0.0,0.2130901287976916,FLAT,0.0,-1,0.03665232628633702,0.04903419202701971,0.29875068409068833,LOADING,0.060605834309295795,0.0,0.08594271570358535,0.08032080040293788,0.4261150805741687,0.2,0,ok,0.0,0.031529602220372384,FLAT,0.0,1,0.10400318574308084,0.06583903509799809,0.32973569059396646,LOADING,0.018772460029833175,0.0,0.07922104606926506,-2.500000000000002,0.0010000000000000009,0.6510144042968747,0,staged_v3,0.15184192820195305,2,1.0492833945945121,0.15306805895609812,2,1,0,0
v3_right_forearm_proxy:v3_left_forearm_proxy,145,0.011989251399264442,0.0,0.3875051010878054,0.0,0.29658267563151963,FLAT,0.0,-1,0.03669433321651178,0.05371022249153064,0.34658251467892587,LOADING,0.0872431286676253,0.0,0.08910396353516226,0.07304299072836118,0.3875051010878054,0.2,0,ok,0.0,0.15094327908417052,FLAT,0.0,1,0.02366061683494716,0.07175318041330292,0.39892442921921917,LOADING,0.03316363155007464,0.0,0.08365289164881289,-2.500000000000002,0.0,0.6510144042968747,0,staged_v3,0.15865774481885378,2,1.0668333387627833,0.1598035324029728,2,1,0,0
v3_right_forearm_proxy:v3_left_forearm_proxy,146,0.01022745875196814,0.20000000000000018,0.3706501939136493,0.0,0.38381226294565274,FLAT,0.0,-1,0.030699713978982954,0.05669987720296102,0.40835937310969195,UNLOADING,0.115210288505571,0.0,0.0905271479512533,0.06986591557504518,0.3706501939136493,0.2,0,ok,0.0,0.271528459972725,FLAT,0.0,1,0.029371563929733117,0.07641405043036678,0.47796883193128215,UNLOADING,0.05488016906475206,0.0,0.08633134026234757,-2.500000000000002,-0.0010000000000000009,0.6500144042968747,0,staged_v3,0.15813860482714936,2,1.0782207294309867,0.15950057881962892,2,1,0,0
v3_right_forearm_proxy:v3_left_forearm_proxy,147,0.11643221981005311,0.40000000000000036,0.19492145382135295,0.0,0.47899765046628484,FLAT,0.0,-1,0.022172709566232154,0.05777916506955957,0.45902462985159354,UNLOADING,0.14399341705669988,0.0,0.09104674659932797,0.036741828441132274,0.19492145382135295,0.2,0,ok,0.0,0.33663966452726346,FLAT,0.0,1,0.04000687956278885,0.07889952628924027,0.5355166332031152,UNLOADING,0.07517684020720108,0.0,0.08780165151361882,-2.500000000000002,-0.0020000000000000018,0.6480144042968747,0,staged_v3,0.1439922926616471,2,1.0781038167675125,0.14493337229092368,2,1,0,0
v3_right_forearm_proxy:v3_left_forearm_proxy,148,0.03518611266982412,0.6000000000000005,0.21867476533311986,0.0,0.5416329081378997,FLAT,0.0,-1,0.01723595992615331,0.055854175812436416,0.5577714760290532,UNLOADING,0.16309983794534286,0.0,0.08709781885613806,0.041219222177760084,0.21867476533311986,0.2,0,ok,0.0,0.33464432613243394,FLAT,0.0,1,0.060685387710867254,0.07828854807181215,0.5803843612740929,UNLOADING,0.08822587069697327,0.0,0.0851392293499156,-2.500000000000002,-0.0030000000000000027,0.6450144042968747,0,staged_v3,0.1272600780355578,2,1.071826234894503,0.12858171741082822,2,1,0,0
v3_right_forearm_proxy:v3_left_forearm_proxy,149,0.04290296361277532,0.8000000000000007,0.2500507343466727,0.0,0.5300696742600041,FLAT,0.0,-1,0.024365075253780812,0.05568066013962214,0.652078638218525,UNLOADING,0.167364382937795,0.001923271771304108,0.08360480000455046,0.0471334530028944,0.2500507343466727,0.2,0,ok,0.0,0.2944030277450136,FLAT,0.0,1,0.0670235922404963,0.07289110331435772,0.6238119076005825,UNLOADING,0.09273087923838051,0.0,0.07786619114004321,-2.500000000000002,-0.0040000000000000036,0.6410144042968747,0,staged_v3,0.1111752454564963,2,1.0621364321493871,0.11286221567456628,2,1,0,0
v3_right_forearm_proxy:v3_left_forearm_proxy,150,0.07034715508651668,1.0000000000000009,0.25009529478675113,0.0,0.4803160487283292,FLAT,0.0,-1,0.042584435043276234,0.05929782076619279,0.7309060147216107,UNLOADING,0.16191949391032073,0.002247479969887743,0.0772845957592857,0.04714185244796587,0.25009529478675113,0.2,0,ok,0.0,0.24218579702401594,FLAT,0.0,1,0.09597730126852701,0.061672205038398153,0.6912018928587218,UNLOADING,0.090167398732543,0.0,0.062281467041451266,-2.500000000000002,-0.0050000000000000044,0.6360144042968747,0,staged_v3,0.09780923064123728,2,1.0477118116104696,0.0987339609627651,2,1,0,0
v3_right_forearm_proxy:v3_left_forearm_proxy,151,0.5118869219585519,1.0000000000000009,0.999999999999999,0.0,0.3859354595835431,FLAT,0.0,-1,0.06767360386225485,0.04379125000270624,0.7885493674690407,UNLOADING,0.1504461800724273,0.020636218370745793,0.05508304741315242,0.1884955592153874,0.999999999999999,0.2,0,ok,0.0,0.18861448837107592,FLAT,0.0,1,0.1090188632344076,0.056684251841969714,0.7416535193204556,UNLOADING,0.08424746881015689,0.010923371058374494,0.05115930490764829,0.0,-0.0050000000000000044,0.6310144042968747,0,staged_v3,0.08906349208035598,2,1.048638284994478,0.08878025721334923,2,0,0,0
v3_right_forearm_proxy:v3_left_forearm_proxy,152,0.06525547980739309,0.8000000000000007,1.0000000000000002,0.0,0.3005668381386859,FLAT,0.0,-1,0.1042335723005148,0.03180280152260266,0.8262117595591961,UNLOADING,0.13641600890993455,0.034953751323053464,0.03135683665490634,0.18849555921538763,1.0000000000000002,0.2,0,ok,0.0,0.14689311124200632,FLAT,0.0,1,0.14582520693384105,0.04231591571660129,0.776458205340264,UNLOADING,0.07690308036730453,0.03466032500626725,0.02916258526074595,2.500000000000002,-0.0040000000000000036,0.6270144042968747,0,staged_v3,0.1466241490457546,2,1.0552805663430689,0.09732196188900484,2,0,0,0
v3_right_forearm_proxy:v3_left_forearm_proxy,153,0.11291664393456885,0.6000000000000005,0.9712524414062498,0.0,0.23408168890770478,FLAT,0.0,-1,0.11097445876844557,0.022707395551231527,0.8205935479303544,UNLOADING,0.12292740268014415,0.05919357253391569,0.006836104862602028,0.18307677208218154,0.9712524414062498,0.2,0,ok,0.0,0.11440047006306951,AIR,0.0,1,0.17302238248576637,0.027492262447011535,0.7687930125478032,UNLOADING,0.06969552432146067,0.05962347109383854,0.003816179533551613,2.500000000000002,-0.0030000000000000027,0.6240144042968747,1,staged_v3,0.10647579580086719,2,1.0442699094388301,0.1028586919963585,2,0,0,0
v3_right_forearm_proxy:v3_left_forearm_proxy,154,0.6738168469580402,0.3057861328124911,0.764464251319134,0.0,0.18230300262399748,AIR,0.0,-1,0.16458521931127595,0.04477081043705004,0.7799340329591155,UNLOADING,0.11109758609253884,0.058144944916015615,0.005851756731940161,0.14409811655257276,0.764464251319134,0.2,0,ok,0.0,0.08909517566885534,AIR,0.0,1,0.19832299921681357,0.07191757164517597,0.7284381043432089,UNLOADING,0.06319542867532474,0.007602796813018273,0.053819108404142176,3.6776733398438677,-0.0015289306640624556,0.6224854736328123,1,staged_v3,0.1813800976651188,2,1.0342748152111463,0.18231819315946324,2,1,0,0
v3_right_forearm_proxy:v3_left_forearm_proxy,155,0.37459285795158564,0.10578613281249094,1.0,0.0,0.14197772119983762,AIR,0.0,-1,0.4023030986768428,0.03511421864406256,0.7053329763343784,UNLOADING,0.10120309558400237,0.03598153694280618,0.02428511187391274,0.1884955592153876,1.0,0.2,0,ok,0.0,0.06938739257878893,AIR,0.0,1,0.15523938889714625,0.12942765253682853,0.6706560917113086,UNLOADING,0.057432126729972645,0.005107580636990232,0.0534252239485752,2.500000000000002,-0.0005289306640624547,0.6219565429687498,0,staged_v3,0.2296922394572797,2,1.0044310981598112,0.22180052141268744,2,1,1,1
v3_right_forearm_proxy:v3_left_forearm_proxy,156,0.34368896484375006,0.09421386718750924,0.3436889648437502,0.0,0.11057236044912715,AIR,0.0,-1,0.6668072648940564,0.022435314004233223,0.6387627272613905,UNLOADING,0.09245163306184677,0.056447655968456203,0.0004904803946133201,0.06478384362438039,0.3436889648437502,0.2,0,ok,0.0,0.054038955675643804,AIR,0.0,1,0.2556458878029887,0.12568064068676876,0.6178753134193375,UNLOADING,0.052177482768648226,0.0,0.06449675850928537,2.500000000000002,0.0004710693359375462,0.6224276123046873,1,staged_v3,0.3511481759206296,2,0.97208077789892,0.35205391018398413,2,1,1,1
v3_right_forearm_proxy:v3_left_forearm_proxy,157,0.037292480468749924,0.2942138671875094,0.037292480468749986,0.0,0.08611384090383387,AIR,0.0,-1,1.1686924565747827,0.022081724746133097,0.5815426344083194,UNLOADING,0.08439210991095429,0.05406425482354605,1.2876896869928357e-05,0.007029466960485949,0.037292480468749986,0.2,0,ok,0.0,0.04208558099655233,AIR,0.0,1,0.48219383903947804,0.12930134579353975,0.5684164444908079,UNLOADING,0.04731833447057879,0.0,0.06743868690396738,2.500000000000002,0.001471069335937547,0.6238986816406249,1,staged_v3,0.2476792525029162,2,0.9237774492819711,0.24940455678389056,2,1,1,1
v3_right_forearm_proxy:v3_left_forearm_proxy,158,0.5480346679687501,0.4942138671875096,0.5480346568151365,0.0,0.06706552672919219,AIR,0.0,-1,1.2115042398717428,0.05360682680465849,0.5323487809706461,UNLOADING,0.07681656211363974,0.004259056635416689,0.047358382413115616,0.10330209910578218,0.5480346568151365,0.2,0,ok,0.0,0.03277628343612999,AIR,0.0,1,0.9393944089601284,0.07038358379843235,0.5241664889290966,UNLOADING,0.04278658012153451,0.04386255563161302,0.007345768814841811,2.500000000000002,0.002471069335937548,0.6263697509765624,1,staged_v3,0.16656756611325754,2,0.8822167443195611,0.16656756611325754,2,1,1,1
v3_right_forearm_proxy:v3_left_forearm_proxy,159,0.5001831054687504,0.6942138671875098,0.50018310546875,0.0,0.05223068473379112,AIR,0.0,-1,1.2407607468814923,0.04308078865461349,0.4898754993823462,UNLOADING,0.0696490749497974,0.045365702308106444,0.0041280726610108676,0.09428229417542122,0.50018310546875,0.2,0,ok,0.0,0.025526195206228352,AIR,0.0,1,1.191907414084864,0.06032472146525395,0.48536337082831493,UNLOADING,0.038550885112245546,0.04016361659547189,0.009104551945943857,2.500000000000002,0.003471069335937549,0.6298408203125,1,staged_v3,0.17904883477796923,2,0.8778133243345424,0.18027636226701094,2,1,1,1
v3_right_forearm_proxy:v3_left_forearm_proxy,160,0.17358398437499997,0.89421386718751,0.17358398437500025,0.0,0.040677298171032196,AIR,0.0,-1,1.0583667246154105,0.04870725398733143,0.4699957049170717,UNLOADING,0.06277908463454292,0.029569201578920505,0.018930583666933086,0.032719810205600774,0.17358398437500025,0.2,0,ok,0.0,0.01987982081544418,AIR,0.0,1,1.040404122097757,0.053127962046786874,0.46925337091047203,UNLOADING,0.03455092265116773,0.04784057014985705,0.000622098395666554,2.500000000000002,0.00447106933593755,0.6343118896484375,1,staged_v3,0.24051138146542447,2,0.9959058217169549,0.23490071337756144,2,0,1,1
v3_right_forearm_proxy:v3_left_forearm_proxy,161,0.25689697265625,1.0000000000000009,0.25689685197622375,0.0,0.0316795116688289,AIR,0.0,-1,1.0073786094217874,0.03284200111702003,0.46432754865007614,UNLOADING,0.05623490706863823,0.04537638120421533,0.002839996228288473,0.048423915773930945,0.25689685197622375,0.2,0,ok,0.0,0.015482420018387143,AIR,0.0,1,0.8739367416004116,0.06073119876457838,0.4637956430914438,UNLOADING,0.030801039568050543,0.028293694849750087,0.0198960873048221,1.3223266601561368,0.0050000000000000044,0.6393118896484375,1,staged_v3,0.1758413456360475,2,0.9075374239589733,0.17483060805270806,2,1,1,1
v3_right_forearm_proxy:v3_left_forearm_proxy,162,0.9999999999999999,1.0000000000000009,0.9999999939937129,0.0,0.024672028495003658,AIR,0.0,-1,0.9154985477074813,0.04666400823321347,0.4602661372115488,UNLOADING,0.05010368166489492,0.001349298627363972,0.0564248265639525,0.18849555808322915,0.9999999939937129,0.2,0,ok,0.0,0.0120577208341603,AIR,0.0,1,0.5668214625512509,0.11005729372760902,0.4345910824298579,UNLOADING,0.02737482575621554,0.0,0.06271421367294838,0.0,0.0050000000000000044,0.6443118896484376,0,staged_v3,0.15608379737766245,2,0.881863076910662,0.15562861537699502,2,1,1,1
v3_right_forearm_proxy:v3_left_forearm_proxy,163,0.9947203165759335,0.9000000000000119,0.8214612982225795,0.0,0.019214595111868862,AIR,0.0,1,0.72309206214838,0.03204246195907547,0.4573560087507214,UNLOADING,0.0444355392244447,0.027679142608705902,0.02018865782883017,0.15484180678226342,0.8214612982225795,0.2,0,ok,0.0,0.009390562427700436,FLAT,0.0,1,0.3215398826172879,0.040609554432422514,0.40915537773166744,LOADING,0.0242567596925393,0.02706219277912777,0.0183955761074556,-1.2499999999998623,0.0045000000000000595,0.6488118896484376,0,staged_v3,0.28673923126942014,2,0.9111987359537878,0.2885171080252924,2,1,0,0
v3_right_forearm_proxy:v3_left_forearm_proxy,164,0.6225703271102225,0.7000000000000117,1.0000000000000002,0.0,0.014964341719523459,FLAT,0.0,1,0.654419489384851,0.034108363654869134,0.4386648255529313,LOADING,0.03928760667375464,0.01375394033754359,0.033179300940102976,0.18849555921538763,1.0000000000000002,0.2,0,ok,0.0,0.007313377372174012,FLAT,0.0,1,0.28972174720528854,0.030520551402289063,0.37789516760064856,LOADING,0.021441463651375045,0.01920134500800183,0.024693413372030598,-2.500000000000002,0.0035000000000000586,0.6523118896484377,0,staged_v3,0.2321220848591974,2,1.0162277213543323,0.2189158763220903,2,0,0,0
v3_right_forearm_proxy:v3_left_forearm_proxy,165,0.09788857105429194,0.5000000000000115,1.0000000000000002,0.0,0.011654241049312963,FLAT,0.0,1,0.18283725393849465,0.03749877046893557,0.4243131052128776,LOADING,0.03463354769761535,0.008716884791708311,0.05171944090174551,0.18849555921538763,1.0000000000000002,0.2,0,ok,0.0,0.005695664024345814,FLAT,0.0,1,0.19775581379203522,0.036150538988427405,0.38347045339300545,LOADING,0.018880046723829425,0.008022983681222867,0.04240632301058216,-2.500000000000002,0.0025000000000000577,0.6548118896484377,0,staged_v3,0.1547681926507696,2,1.0683963306740902,0.11323046219311392,2,0,0,0
v3_right_forearm_proxy:v3_left_forearm_proxy,166,0.32640944428173113,0.30000000000001137,0.6080666016810878,0.0,0.009076332055307846,FLAT,0.0,1,0.17607176354795231,0.03423687429390803,0.40611814116483086,LOADING,0.030455936448300507,0.011069032764333513,0.06051746470414612,0.11461785412407699,0.6080666016810878,0.2,0,ok,0.0,0.004435787602272149,FLAT,0.0,1,0.19512650177152532,0.04003029512518535,0.3829398896863704,LOADING,0.01657391827573749,0.004116699359133176,0.05613760513430561,-2.500000000000002,0.0015000000000000568,0.6563118896484378,0,staged_v3,0.08606661299905272,2,1.0711538462693286,0.08563964393853223,2,1,0,0
v3_right_forearm_proxy:v3_left_forearm_proxy,167,0.100659005896703,0.10000000000001119,0.500054985946181,0.0,0.022390072297416977,FLAT,0.0,1,0.12025249772488185,0.038614586844862415,0.3831672068529901,LOADING,0.028078078503397462,0.005543773497787091,0.07643426362946676,0.09425814421436818,0.500054985946181,0.2,0,ok,0.0,0.003454594858187979,FLAT,0.0,1,0.16319753951882474,0.04210302295072866,0.36691119617030143,LOADING,0.014518653568701627,0.0012425368577864138,0.06877971945896039,-2.500000000000002,0.000500000000000056,0.6568118896484378,0,staged_v3,0.09613553444073876,2,1.0777865354581175,0.09322133533566436,2,1,0,0
v3_right_forearm_proxy:v3_left_forearm_proxy,168,0.0530433428146565,0.09999999999998899,0.5000764809864656,0.0,0.04427527099630728,FLAT,0.0,1,0.11093526219703033,0.04298876021198869,0.3422997603715288,LOADING,0.02828643407149533,0.0,0.08584407647849875,0.09426219593400698,0.5000764809864656,0.2,0,ok,0.0,0.004039627739021876,FLAT,0.0,1,0.13156347986894143,0.045847528196766824,0.33544538674774005,LOADING,0.012828067808856935,0.0,0.07829376880012415,-2.500000000000002,-0.0004999999999999449,0.6563118896484379,0,staged_v3,0.10855544190593344,2,1.0857688235153662,0.10638220579939509,2,1,0,0
v3_torso_proxy:v3_left_hand_proxy,169,0.06243889507423392,0.29999999999998916,0.500054622387854,0.0,0.10196433316045336,FLAT,0.0,-1,0.08253180288159837,0.04780013055849954,0.2841564100132716,LOADING,0.037227250117232616,0.0,0.09299255243055193,0.09425807568523803,0.500054622387854,0.1918502327961933,0,ok,0.0,0.015506416714259173,FLAT,0.0,1,0.12404710567662906,0.04941973888207387,0.3015327823950832,LOADING,0.01254273294151037,0.0,0.08573501268909448,-2.500000000000002,-0.0014999999999999458,0.654811889648438,0,staged_v3,0.1211839684882337,2,1.092666363812202,0.12187609461116189,2,1,0,0
v3_torso_proxy:v3_left_hand_proxy,170,0.08284252688797028,0.49999999999998934,1.0000000000000002,0.0,0.1615453442728565,FLAT,0.0,-1,0.03742966977531224,0.056898491708493676,0.23696015386059502,LOADING,0.05443490702148562,0.0,0.10125199584016956,0.18849555921538763,1.0000000000000002,0.13420799916437182,0,ok,0.0,0.06893124404896893,FLAT,0.0,-1,0.05676551500910745,0.053948469632281046,0.2944213092602962,LOADING,0.019761469738634397,0.0,0.09245273164434731,-2.500000000000002,-0.0024999999999999467,0.652311889648438,0,staged_v3,0.1327232732109735,2,1.123314857676264,0.1309822518401498,2,0,0,0
v3_torso_proxy:v3_left_hand_proxy,171,0.11174566188933147,0.6999999999999895,1.0000000000000002,0.0,0.25236252475705834,FLAT,0.0,-1,0.0195053722861223,0.0624661187481705,0.20395856329716927,SUPPORT,0.1335479256171885,0.0,0.10376815804231546,0.18849555921538763,1.0000000000000002,0.09277549202307384,0,ok,0.0,0.15332387324443808,FLAT,0.0,-1,0.04932768643229457,0.0601786523529095,0.31623365949174254,LOADING,0.036776716535087794,0.0,0.09771109858086657,-2.500000000000002,-0.0034999999999999476,0.6488118896484381,0,staged_v3,0.13919126646256866,2,1.1395155423131282,0.13245629525827154,2,0,0,0
v3_torso_proxy:v3_left_hand_proxy,172,0.10001980637192569,0.8999999999999897,1.0000000000000002,0.0,0.32392803338184584,FLAT,0.0,-1,0.01238549069428989,0.06630154289778611,0.20349117524157279,SUPPORT,0.19683834049375082,0.0,0.10577756424136942,0.18849555921538763,1.0000000000000002,0.07051047347839907,0,ok,0.0,0.287947450741477,FLAT,0.0,-1,0.010319520866069028,0.0646388654873361,0.35823362162567207,UNLOADING,0.06638037175296581,0.0,0.1002107426437415,-2.500000000000002,-0.0044999999999999485,0.6443118896484381,0,staged_v3,0.13901987923498568,2,1.1432678169634185,0.1314311447509408,2,0,0,0
v3_pelvis_proxy:v3_left_hand_proxy,173,0.06756720207988064,1.0000000000000009,1.0000000000000002,0.0,0.40576296706602555,FLAT,0.0,-1,0.0026019169540705466,0.06842982416843374,0.17992815476964516,SUPPORT,0.24747067239500065,0.0,0.10701652460632669,0.18849555921538763,1.0000000000000002,0.05836171144908711,0,ok,0.0,0.4201920027474737,FLAT,0.0,-1,0.00873883523068704,0.0660605015189089,0.41673126962984053,UNLOADING,0.10212126859321535,0.0,0.1000898357106717,-1.2500000000001399,-0.0050000000000000044,0.6393118896484381,0,staged_v3,0.13245121428807508,2,1.1342958850887732,0.12660506992726947,2,0,0,0
v3_pelvis_proxy:v3_left_hand_proxy,174,0.04057887278768156,1.0000000000000009,1.0000000000000002,0.0,0.47609178344527225,FLAT,0.0,-1,0.0034798997701421296,0.06869256021467071,0.18605922803747982,SUPPORT,0.28797653791600053,0.0,0.10699084880706843,0.18849555921538763,1.0000000000000002,0.056604962921242896,0,ok,0.0,0.49285509112684495,FLAT,0.0,-1,0.01522796499638181,0.06435090369179845,0.4844414186927998,UNLOADING,0.13251614918884969,0.0,0.09716757984244118,0.0,-0.0050000000000000044,0.6343118896484381,0,staged_v3,0.1239529480365819,2,1.112575707409765,0.11989600913627636,2,0,0,0
v3_pelvis_proxy:v3_left_hand_proxy,175,0.059727742381833204,1.0000000000000009,0.7868066594940625,0.0,0.5080777770699456,FLAT,0.0,-1,0.021500600751151122,0.0653056140112453,0.21266703746470722,SUPPORT,0.3203812303328004,0.0,0.10209883178803433,0.14830956127572437,0.7868066594940625,0.07328197471506255,0,ok,0.0,0.5070951563245822,FLAT,0.0,-1,0.023443617408223982,0.05733617769313033,0.558632693631318,UNLOADING,0.15077596399499707,0.0,0.09001861288702251,0.0,-0.0050000000000000044,0.6293118896484381,0,staged_v3,0.11398700366820222,2,1.0863061570621286,0.1156551758076407,2,0,0,0
v3_pelvis_proxy:v3_left_hand_proxy,176,0.05151154218550821,1.0000000000000009,0.683466991186744,0.0,0.5210207291543516,FLAT,0.0,-1,0.025421426666626605,0.05600643303981079,0.2702281329483125,SUPPORT,0.34630498426624035,0.0,0.09088632714048883,0.1288304927090037,0.683466991186744,0.10894895673000993,0,ok,0.0,0.48935997125621994,FLAT,0.0,-1,0.030930484126108607,0.054462385504885386,0.6260115338379871,UNLOADING,0.15722376820623774,0.0018381911870139767,0.08552087755026705,0.0,-0.0050000000000000044,0.6243118896484381,0,staged_v3,0.1112928731462596,2,1.0593809237393592,0.11231014609849405,2,0,0,0
v3_torso_proxy:v3_left_forearm_proxy,177,0.029441720604974166,1.0000000000000009,0.6594808972993814,0.0018329143741027155,0.5077256613175035,FLAT,0.0,-1,0.0353218554991389,0.04004383935201184,0.3338482363760512,SUPPORT,0.36704398741299227,0.001648572466790725,0.07218990332296504,0.1243092205283125,0.6594808972993814,0.15162497338750644,0,ok,0.0,0.4261638422448699,FLAT,0.0,-1,0.05628643133796844,0.05627355522117393,0.6772374052265632,UNLOADING,0.15441319382271404,0.002588315040154235,0.08240156088251144,0.0,-0.0050000000000000044,0.6193118896484381,0,staged_v3,0.10625248902133222,2,1.0356972050999043,0.10667112870111248,2,0,0,0
v3_torso_proxy:v3_right_forearm_proxy,178,0.08809022903912747,1.0000000000000009,0.7999051108961018,0.0025403887879903,0.5047836905686212,FLAT,0.0,-1,0.03455387419584111,0.036832859483833816,0.45212776872669536,UNLOADING,0.3540642136260603,0.010773528952500958,0.0628706082980438,0.15077856119760735,0.7999051108961018,0.18340510292608544,0,ok,0.0,0.3596605980406403,FLAT,0.0,-1,0.08042227542985723,0.03961860706790253,0.7535660871265565,UNLOADING,0.1450159616311203,0.023059697288425288,0.06342308704601626,0.0,-0.0050000000000000044,0.6143118896484381,0,staged_v3,0.1021788113274,2,1.0166086263959129,0.1012252442816077,2,0,0,0
v3_torso_proxy:v3_right_forearm_proxy,179,0.055440739990162795,1.0000000000000009,0.43589835293713886,0.003764503880563743,0.4544499811237472,FLAT,0.0,-1,0.04972529289496674,0.021355280641486837,0.5509365088942608,UNLOADING,0.33256229227926487,0.031191544803226206,0.045316941849226314,0.08216490379795238,0.43589835293713886,0.19545906779162167,0,ok,0.0,0.280419896731902,FLAT,0.0,-1,0.0931146446137369,0.026449046546721824,0.7825473965398371,UNLOADING,0.1330105437704434,0.03767832328027003,0.048567821472133135,0.0,-0.0050000000000000044,0.6093118896484381,0,staged_v3,0.09487591120031943,2,1.0092363026470237,0.09658402257323923,2,1,0,0
v3_right_forearm_proxy:v3_left_forearm_proxy,180,0.054193912138776036,0.8000000000000007,0.6414596084739312,0.0047511974590698485,0.4180601131211938,FLAT,0.0,-1,0.08228460998298605,0.0006040135774923261,0.6486279457140617,UNLOADING,0.3059197233891838,0.05682738370821076,0.018752079774302897,0.12091228761337725,0.6414596084739312,0.2,0,ok,0.0,0.22126957494938126,FLAT,0.0,-1,0.13972659386270186,0.005762143692384089,0.8068609830991114,UNLOADING,0.12011415011406593,0.05958090546257147,0.02146047533570091,2.500000000000002,-0.0040000000000000036,0.6053118896484381,0,staged_v3,0.10025699370605266,2,0.9968181685141718,0.10145480579237615,2,1,0,0
v3_right_forearm_proxy:v3_left_forearm_proxy,181,0.9999999999999999,0.6000000000000005,1.0000000000000002,0.26209796018736653,0.35395502827161734,FLAT,0.0,-1,0.10150836625630959,0.06271721523686254,0.6984798150616423,UNLOADING,0.2773262269358007,0.0427155529912009,0.01720843776188121,0.18849555921538763,1.0000000000000002,0.2,0,ok,0.0,0.17232491824045504,FLAT,0.0,-1,0.15759601698595838,0.07054607249054154,0.8005906123272886,UNLOADING,0.10786401530163925,0.0,0.11769670480344335,2.500000000000002,-0.0030000000000000027,0.6023118896484381,0,staged_v3,0.222645999675653,2,0.9999302530530088,0.222645999675653,2,1,1,1
v3_right_forearm_proxy:v3_left_forearm_proxy,182,0.028564453125000007,0.01142578124999627,0.028564453125000014,0.254992809760802,0.2946308402677403,FLAT,0.0,-1,0.11662414810265315,0.058973633719106924,0.7097830334307735,UNLOADING,0.23770819451640063,0.04523185626626809,0.015257295405270582,0.005384272565478604,0.028564453125000014,0.2,0,ok,0.0,0.1342067812683822,FLAT,0.0,-1,0.1812918928542462,0.06714128586284743,0.7703574353700758,UNLOADING,0.09685766875014773,0.0,0.11140835168520277,7.357177734375053,-5.712890624998135e-05,0.6022547607421881,1,staged_v3,0.35455982231491384,2,1.0151040962900981,0.3549171113790693,2,1,1,1
v3_right_forearm_proxy:v3_left_forearm_proxy,183,0.9999999999999999,0.1885742187500039,1.0,0.13353600570650387,0.22945872911750215,FLAT,0.0,-1,0.2390654905232509,0.03551253225273946,0.690902002416574,UNLOADING,0.2037498810140577,0.024032567868089237,0.0630754263043355,0.1884955592153876,1.0,0.2,0,ok,0.0,0.10452034634530881,AIR,0.0,-1,0.2559629775843918,0.05096372865843541,0.7246633466545356,UNLOADING,0.0871320421243018,0.041793877358042825,0.01943928997468396,2.500000000000002,0.0009428710937500195,0.6031976318359381,0,staged_v3,0.1616413463389219,2,0.9095296344217283,0.1616413463389219,2,1,0,0
v3_right_forearm_proxy:v3_left_forearm_proxy,184,0.5500149363592616,0.3885742187500041,1.0,0.05454749900619512,0.17870263791928004,FLAT,0.0,-1,0.2442435986226898,0.047055711317875636,0.6507771685459887,UNLOADING,0.1746427551549066,0.050136118824206655,0.007402739603092779,0.1884955592153876,1.0,0.2,0,ok,0.0,0.08140052758062095,AIR,0.0,-1,0.24647647414310736,0.06232419125396717,0.6699648841353312,UNLOADING,0.07852246932818946,0.0,0.0918934041950033,2.500000000000002,0.0019428710937500204,0.6051405029296881,0,staged_v3,0.26449356652698225,2,0.8156429880525154,0.2658434539840036,2,1,0,0
v3_right_forearm_proxy:v3_left_forearm_proxy,185,0.41259765625,0.5885742187500043,0.41259655637919046,0.049064718237700866,0.13917375434846102,FLAT,0.0,-1,1.2252975675528952,0.032066597761320495,0.5981146251036695,UNLOADING,0.1521241827313277,0.053530284041932906,0.0013754472132505692,0.0777726186250387,0.41259655637919046,0.2,0,ok,0.0,0.06339479462221309,AIR,0.0,-1,0.6703107856837633,0.0490087183870868,0.6136630975539815,UNLOADING,0.07080379493638343,0.006674436490612279,0.05519766616233952,2.500000000000002,0.0029428710937500213,0.6080833740234382,1,staged_v3,0.3465326039337022,2,0.8465585724642148,0.3465326039337022,2,1,1,1
v3_right_forearm_proxy:v3_left_forearm_proxy,186,0.6851196289062501,0.7885742187500044,0.6851196289062501,0.0471195125310158,0.10838862886956878,FLAT,0.0,-1,1.2301327792555166,0.034305037002254804,0.5401537985521069,UNLOADING,0.13311046893921763,0.017702652925350545,0.055395875925501575,0.12914200758012245,0.6851196289062501,0.2,0,ok,0.0,0.04937191569443044,AIR,0.0,-1,0.7857475969687596,0.01889972768912644,0.556340079397847,UNLOADING,0.06381815854503825,0.05096668600569969,0.0018503179641926647,2.500000000000002,0.003942871093750022,0.6120262451171882,1,staged_v3,0.16067050796726065,2,0.8262121568598729,0.15088234261344355,2,1,1,1
v3_right_forearm_proxy:v3_left_forearm_proxy,187,0.767578125,0.9885742187500046,0.7675781204541585,0.0346255360749244,0.08441314903965605,AIR,0.0,-1,1.2833234865457526,0.0010515457606814502,0.4786999531818774,UNLOADING,0.11668113216269244,0.04788345189841242,0.0020492049315528208,0.14468506705650275,0.7675781204541585,0.2,0,ok,0.0,0.03845088660455781,AIR,0.0,-1,1.0810233021086852,0.05128331026020415,0.49548386303530934,UNLOADING,0.05747257772040405,0.011060817498079772,0.0387133756536857,2.500000000000002,0.004942871093750023,0.6169691162109382,1,staged_v3,0.2505506383334718,2,0.8105084149008062,0.24690893945903844,2,0,1,1
v3_right_forearm_proxy:v3_left_forearm_proxy,188,0.5063431742989349,1.0000000000000009,0.9999967229806883,0.010725978778319652,0.06574102657360734,AIR,0.0,-1,1.099919239281462,0.032160529108495525,0.44167915691365656,UNLOADING,0.1032583891677365,0.014923428737187307,0.037932110165685574,0.18849494151179988,0.9999967229806883,0.2,0,ok,0.0,0.029945580597419415,AIR,0.0,-1,0.9443351089627255,0.12893828816643005,0.45426037346348214,UNLOADING,0.05159685089915417,0.0232644652011205,0.02444855347205361,0.14282226562495337,0.0050000000000000044,0.6219691162109382,0,staged_v3,0.34747449913463335,2,0.8173873699953615,0.3397604073922794,2,0,0,0
v3_right_forearm_proxy:v3_left_forearm_proxy,189,0.9999999999999999,1.0000000000000009,1.0000000000000002,0.2790529886397907,0.051199162975443434,AIR,0.0,-1,1.0004146243102316,0.08220419194342435,0.424034057162577,UNLOADING,0.09253043108214687,0.0,0.07624981910241335,0.18849555921538763,1.0000000000000002,0.2,0,ok,0.0,0.02332164161879811,AIR,0.0,-1,0.8830052886229206,0.0606511935086328,0.42745154391498624,UNLOADING,0.046133410756733696,0.033373627894506507,0.012998949301242811,0.0,0.0050000000000000044,0.6269691162109382,0,staged_v3,0.4436920318127918,2,0.763685829871997,0.44452161950639313,2,1,1,1
v3_right_forearm_proxy:v3_left_forearm_proxy,190,0.14422607421875008,0.8000000000000007,0.14422607421875006,0.278304752307856,0.03987394821787583,AIR,0.0,-1,0.8919351558272963,0.08017531427197803,0.42165147196148667,UNLOADING,0.07931179807041161,0.0,0.06894329750255572,0.02718597451330329,0.14422607421875006,0.2,0,ok,0.0,0.018162912755230635,AIR,0.0,-1,0.7076384424642028,0.0598701185484886,0.4127619254172356,UNLOADING,0.04106663120794265,0.03693764274703468,0.008700453523827107,-2.500000000000002,0.0040000000000000036,0.6309691162109382,1,staged_v3,0.4110325462942464,2,0.7347540252913568,0.4110325462942464,2,1,1,1
v3_right_forearm_proxy:v3_left_forearm_proxy,191,0.8827449670091886,1.0000000000000009,0.9842516898000118,0.1347683819116837,0.031053862096230345,AIR,0.0,-1,0.8093452473240602,0.03417165020069722,0.42731160807189267,UNLOADING,0.06798154120320996,0.044942318782342325,0.0014232616212523095,0.18552707267754343,0.9842516898000118,0.2,0,ok,0.0,0.014145290676631226,AIR,0.0,-1,0.5553898704996993,0.060079528775733186,0.3731418552770485,UNLOADING,0.036466696845396544,0.03269598071018531,0.010961112053667118,2.500000000000002,0.0050000000000000044,0.6359691162109382,1,staged_v3,0.12305174215133755,2,0.8131283220699017,0.12447594799299015,2,1,0,0
v3_right_forearm_proxy:v3_left_forearm_proxy,192,0.3430919734484531,1.0000000000000009,0.8393695327785847,0.15639005215064095,0.02418477211793561,FLAT,0.0,-1,0.6169237044481733,0.026613791054387187,0.40082349081469637,UNLOADING,0.05826989245989425,0.03249392934281756,0.012547245197917268,0.15821742946945794,0.8393695327785847,0.2,0,ok,0.0,0.011016363455733041,FLAT,0.0,-1,0.26426923312710954,0.04005583775263878,0.3439210630769092,LOADING,0.032289683585310716,0.03463562597938423,0.007560427174461232,0.0,0.0050000000000000044,0.6409691162109382,0,staged_v3,0.16998568558045893,2,0.8388681406474002,0.1719513472048166,2,1,0,0
v3_right_forearm_proxy:v3_left_forearm_proxy,193,0.18364650338768965,0.9000000000000119,0.7229290379587286,0.15154899148868642,0.018835119463851732,FLAT,0.0,-1,0.26773755119918197,0.032233984991333085,0.39905739688116876,UNLOADING,0.04994562210848079,0.012718884852725355,0.034297865824288676,0.13626891328307272,0.7229290379587286,0.2,0,ok,0.0,0.0085795524859241,FLAT,0.0,-1,0.22216005326593313,0.04411987534189364,0.3198125275073935,LOADING,0.02851054366176895,0.0164492553089184,0.024541371066451274,-1.2499999999998623,0.0045000000000000595,0.6454691162109383,0,staged_v3,0.13597732123374942,2,0.8330574513121173,0.13093944759012655,2,1,0,0
v3_right_forearm_proxy:v3_left_forearm_proxy,194,0.20689684198289401,1.0000000000000009,1.0000000000000002,0.146574345664974,0.03154604092906822,FLAT,0.0,-1,0.10977676477884515,0.036971851235090725,0.3969633324407238,UNLOADING,0.04281053323584068,0.00787631538694547,0.05269943891842482,0.18849555921538763,1.0000000000000002,0.2,0,ok,0.0,0.006681762194439908,FLAT,0.0,-1,0.20973514097715842,0.051528964140918454,0.2946705269833398,LOADING,0.02511087225400581,0.0,0.041267335453132784,1.2499999999998623,0.0050000000000000044,0.6504691162109383,0,staged_v3,0.09845003703564408,2,0.7895868089452095,0.09721168946362135,2,0,0,0
v3_right_forearm_proxy:v3_left_forearm_proxy,195,0.10893132218514488,0.8000000000000007,1.0000000000000002,0.1588842485283486,0.02456808137836092,FLAT,0.0,-1,0.18918638898261744,0.04057822271918869,0.37757334392601727,UNLOADING,0.036694742773577725,0.0033004444771121758,0.0654684630233893,0.18849555921538763,1.0000000000000002,0.2,0,ok,0.0,0.005203761629326709,FLAT,0.0,-1,0.18797175164162455,0.05562416071669768,0.2643535240761291,LOADING,0.022070480346885274,0.0,0.05279967213099908,-2.500000000000002,0.0040000000000000036,0.6544691162109383,0,staged_v3,0.14124052241297072,2,0.8886009070390359,0.10452233178653651,2,0,0,0
v3_right_forearm_proxy:v3_left_forearm_proxy,196,0.13649539679946104,0.6000000000000005,0.5001889884992227,0.16430169010112727,0.019133641016029487,FLAT,0.0,-1,0.1655101080936526,0.04406201936780008,0.3309666583169874,UNLOADING,0.03145263666306662,0.0,0.07820974723315462,0.09428340310054006,0.5001889884992227,0.2,0,ok,0.0,0.0040526936318365705,FLAT,0.0,-1,0.18157260764895533,0.05870282931286988,0.22149252677870013,LOADING,0.01936827633719611,0.0,0.06392326181464954,-2.500000000000002,0.0030000000000000027,0.6574691162109383,0,staged_v3,0.11373126058034123,2,0.9359647339912663,0.11490013827827597,2,1,0,0
v3_right_forearm_proxy:v3_left_forearm_proxy,197,0.09143253485314856,0.40000000000000036,0.9999999999999996,0.0,0.08739024403749515,FLAT,0.0,-1,0.06364928529657106,0.04588708303591661,0.27393582473610845,UNLOADING,0.026959402854057103,0.0,0.08320312942836529,0.18849555921538752,0.9999999999999996,0.2,0,ok,0.0,0.008216184955721857,FLAT,0.0,1,0.1371407539598604,0.06437494194652833,0.1905979457232061,LOADING,0.017551407857808003,0.0,0.074582916120341,-2.500000000000002,0.0020000000000000018,0.6594691162109383,0,staged_v3,0.1255746208532195,2,1.0160620868141403,0.1267902680212415,2,0,0,0
v3_right_forearm_proxy:v3_left_forearm_proxy,198,0.0942709345781253,0.20000000000000018,1.0000000000000002,0.0,0.16760816626682515,FLAT,0.0,-1,0.03533662162545796,0.05090959470187146,0.2311097242830539,LOADING,0.04734198011790788,0.0,0.08884594444624838,0.18849555921538763,1.0000000000000002,0.2,0,ok,0.0,0.038972177322039794,FLAT,0.0,1,0.09643836205284162,0.06787624700195997,0.18925090422122476,LOADING,0.020360457791121174,0.0,0.08232519066965763,-2.500000000000002,0.0010000000000000009,0.6604691162109383,0,staged_v3,0.13599624905074312,2,1.052314451830253,0.1368744261270176,2,0,0,0
v3_right_forearm_proxy:v3_left_forearm_proxy,199,0.040058561036738105,0.0,0.8042126325326338,0.0,0.2283703399236099,FLAT,0.0,-1,0.04270854790261399,0.05643739808054912,0.22036953842327958,LOADING,0.07348247879934161,0.0,0.09341789586186539,0.15159050989731782,0.8042126325326338,0.2,0,ok,0.0,0.0840751092397544,FLAT,0.0,1,0.08033232149211814,0.07154951734907625,0.24150465855354092,LOADING,0.029042481970888115,0.0,0.08896425986089895,-2.500000000000002,0.0,0.6604691162109383,0,staged_v3,0.14507344626921048,2,1.0730786251901065,0.14426817930774616,2,0,0,0
v3_torso_proxy:v3_left_forearm_proxy,200,0.02282729288944484,0.20000000000000018,0.658669094694006,0.0,0.31853338735217585,FLAT,0.0,-1,0.02350682698480638,0.05991696159894632,0.2359520071310149,LOADING,0.10746094209311108,0.0,0.09665498342686041,0.12415619934223976,0.658669094694006,0.19738914336867266,0,ok,0.0,0.1987929966885261,FLAT,0.0,1,0.01641574757610961,0.07534525858150942,0.3069042320070023,LOADING,0.050790502519003175,0.0,0.09305900562039829,-2.500000000000002,-0.0010000000000000009,0.6594691162109383,0,staged_v3,0.14403840514416943,2,1.0830295725065684,0.14194778169663777,2,0,0,0
v3_torso_proxy:v3_left_forearm_proxy,201,0.023759754625567998,0.40000000000000036,0.582443620034389,0.0,0.4248081943563317,FLAT,0.0,-1,0.007669369115745656,0.06156099079930273,0.2688923337887741,SUPPORT,0.1759687536744889,0.0,0.0983045239710838,0.10978803586981689,0.582443620034389,0.1836457278970526,0,ok,0.0,0.31580917880456155,FLAT,0.0,1,0.013469690602017467,0.07736745800575065,0.38264974176017685,UNLOADING,0.07962537763310305,0.0,0.0949897721345654,-2.500000000000002,-0.0020000000000000018,0.6574691162109383,0,staged_v3,0.14059334215573352,2,1.087551161765656,0.13718220211618126,2,0,0,0
v3_torso_proxy:v3_left_forearm_proxy,202,0.024466159014856687,0.6000000000000005,0.5713204221295588,0.0,0.49083166027775926,FLAT,0.0,-1,0.020184572642110335,0.060277767732782025,0.287433068380974,SUPPORT,0.2307750029395911,0.0,0.09754106849284255,0.1076913624604825,0.5713204221295588,0.171953829191566,0,ok,0.0,0.38765560068176463,FLAT,0.0,1,0.019108610179101218,0.07672334569779346,0.4645218120281011,UNLOADING,0.1052165258285283,0.0,0.09395313966313837,-2.500000000000002,-0.0030000000000000027,0.6544691162109383,0,staged_v3,0.13206810102765212,2,1.0852998158679257,0.12759659104076762,2,0,0,0
v3_torso_proxy:v3_left_forearm_proxy,203,0.027890445519269638,0.8000000000000007,0.66867840935334,0.0,0.5447239322108708,FLAT,0.0,-1,0.01015752585007732,0.05601691315308082,0.3488150904938706,SUPPORT,0.2746200023516729,0.0,0.09262170082514075,0.12604291070631368,0.66867840935334,0.1636357272154574,0,ok,0.0,0.41013725716340815,FLAT,0.0,1,0.02770863724867521,0.07208115740761814,0.5843845340559678,UNLOADING,0.1182650981102181,0.0,0.08878014900140675,-2.500000000000002,-0.0040000000000000036,0.6504691162109383,0,staged_v3,0.11986729273893137,2,1.0825195816170206,0.11470501063851515,2,0,0,0
v3_torso_proxy:v3_left_forearm_proxy,204,0.15440855991966346,1.0000000000000009,0.39076877592730674,0.0,0.5579892020120633,FLAT,0.0,-1,0.00883751322580021,0.05196944256327378,0.44601746841762147,SUPPORT,0.30969600188133833,0.0,0.08707830638104323,0.07365817894233018,0.39076877592730674,0.16225748530047407,0,ok,0.0,0.3846888679072731,FLAT,0.0,1,0.02588427611490586,0.06348772900607988,0.6899316993716686,UNLOADING,0.11846804319670344,0.0,0.0803206273938695,-2.500000000000002,-0.0050000000000000044,0.6454691162109383,0,staged_v3,0.10628871608212626,2,1.0807413219820448,0.10167928888815556,2,1,0,0
v3_torso_proxy:v3_left_forearm_proxy,205,0.034953223708378924,1.0000000000000009,0.46952166717681043,0.0,0.569581580835285,FLAT,0.0,-1,0.02419289237974141,0.049435194244564065,0.5721157276498329,UNLOADING,0.3002701445068277,0.00417059213792758,0.07753613639596692,0.08850274921823398,0.46952166717681043,0.16330275201952732,0,ok,0.0,0.3311640059776906,FLAT,0.0,1,0.07621478591773943,0.0605591644756081,0.7778263541833941,UNLOADING,0.11205488196450235,0.003332153233561598,0.07201939640996705,0.0,-0.0050000000000000044,0.6404691162109383,0,staged_v3,0.09162019399190037,2,1.0767065428090863,0.09178738933428614,2,1,0,0
v3_torso_proxy:v3_left_forearm_proxy,206,0.08512998056381675,1.0000000000000009,0.32522195808446674,0.0,0.5462287239090928,FLAT,0.0,-1,0.030281537273812692,0.042777662077041825,0.6713454031646,UNLOADING,0.28302020686817486,0.015789608081188178,0.06473991871117657,0.06130289485825491,0.32522195808446674,0.1655213121373067,0,ok,0.0,0.26221152178187807,FLAT,0.0,1,0.0757875872184886,0.05732755968063748,0.8190471518480442,UNLOADING,0.10282531621024336,0.008624797911764737,0.0646726476053997,0.0,-0.0050000000000000044,0.6354691162109383,0,staged_v3,0.08643588172236742,2,1.0726890195301613,0.08564307837228005,2,1,0,0
v3_torso_proxy:v3_left_forearm_proxy,207,0.05197375444604444,1.0000000000000009,0.47620407321588265,0.0,0.5013607384511364,FLAT,0.0,-1,0.042932268259699286,0.02832158061347602,0.7455988386877834,UNLOADING,0.2608097136153384,0.03395836132091316,0.04465140867567717,0.08976235308147318,0.47620407321588265,0.16949852836808865,0,ok,0.0,0.20421053849407136,FLAT,0.0,1,0.09242816098038266,0.04077145055481558,0.8449757860918532,UNLOADING,0.09265849649475186,0.026477338749777077,0.04296351390974028,0.0,-0.0050000000000000044,0.6304691162109383,0,staged_v3,0.08753947380498747,2,1.067363573871501,0.08848815011306974,2,1,0,0
v3_torso_proxy:v3_left_forearm_proxy,208,0.07236604802877919,0.8000000000000007,0.7552865941335175,0.0,0.4474516246086787,FLAT,0.0,-1,0.043770247341432186,0.0103154029693865,0.7679587055309534,UNLOADING,0.23838364798264372,0.05308253230716116,0.016929474680450002,0.14236816892908288,0.7552865941335175,0.17486028212303345,0,ok,0.0,0.15903932729061604,FLAT,0.0,1,0.11718859667289738,0.021982527054823054,0.8348715759556112,UNLOADING,0.08317327034929861,0.051379639368035135,0.015363939429745427,2.500000000000002,-0.0040000000000000036,0.6264691162109383,0,staged_v3,0.09484983863621974,2,1.064948798044029,0.09576886622367893,2,1,0,0
v3_torso_proxy:v3_left_forearm_proxy,209,0.11560058593749996,1.0000000000000009,0.11560058593749944,0.0,0.34847567563181125,FLAT,0.0,-1,0.03498416199538146,0.002906948718601217,0.7615652696830097,UNLOADING,0.2161986559481663,0.06017131476554927,0.009200125915808216,0.02179019709191543,0.11560058593749944,0.1771940862228404,0,ok,0.0,0.12385995263308122,AIR,0.0,1,0.12609588769236021,0.021649436527367463,0.8057566993771941,UNLOADING,0.07472836973003225,0.05092465189488245,0.01436318307397726,-2.500000000000002,-0.0050000000000000044,0.6214691162109383,1,staged_v3,0.13061666543497052,2,1.0433156856062784,0.12708513459526355,2,0,1,1
v3_torso_proxy:v3_left_forearm_proxy,210,0.23638460613049386,0.8000000000000007,0.9999980651114253,0.0,0.27139312906339147,FLAT,0.0,-1,0.20777907741215917,0.022821561802313244,0.7271886885443226,UNLOADING,0.19589015016412023,0.051698013555803606,0.00966142087141253,0.1884951944974837,0.9999980651114253,0.19078564734266104,0,ok,0.0,0.09646222810183078,AIR,0.0,1,0.37029047622379835,0.026727812286143,0.7551437367470358,UNLOADING,0.06742708558546612,0.05375446495136044,0.009002721885991358,2.500000000000002,-0.0040000000000000036,0.6174691162109383,0,staged_v3,0.24719432176258518,2,1.037311359104911,0.17538797261578623,2,0,1,1
v3_right_forearm_proxy:v3_left_forearm_proxy,211,0.719876628757774,0.6000000000000005,0.9999968426576313,0.0,0.21136118143476812,AIR,0.0,1,0.37616594087066263,0.055461316222020426,0.6794753479654327,UNLOADING,0.1775839100168165,0.012681917862971029,0.04629184953530061,0.1884949640703722,0.9999968426576313,0.2,0,ok,0.0,0.07512485878251829,AIR,0.0,1,0.4510340356218732,0.04345349773011313,0.7050359548712419,UNLOADING,0.060960235107002145,0.02771791640365208,0.03253388133991002,2.500000000000002,-0.0030000000000000027,0.6144691162109382,0,staged_v3,0.26530538600291165,2,0.9832243926601769,0.264284964796724,2,1,0,0
v3_right_forearm_proxy:v3_left_forearm_proxy,212,1.0000000000000004,0.40000000000000036,1.0000000000000002,0.0,0.1646082536122947,AIR,0.0,1,0.9360461132666458,0.004612117619682659,0.6258574347330661,UNLOADING,0.16101291633878756,0.05168075411697065,0.011826440973086334,0.18849555921538763,1.0000000000000002,0.2,0,ok,0.0,0.05850729884795395,AIR,0.0,1,0.8392969931515563,0.059666985494642076,0.6486741225852324,UNLOADING,0.055188076963562614,0.0,0.08242808272531182,2.500000000000002,-0.0020000000000000018,0.6124691162109382,0,staged_v3,0.2808383603969144,2,0.9905909679049649,0.28265634299052106,2,1,1,1
v3_right_forearm_proxy:v3_left_forearm_proxy,213,0.37792147017741023,0.20000000000000018,0.9999999787385196,0.0,0.12819703681327152,AIR,0.0,1,0.9906042625453801,0.02043598927959229,0.5674883035807714,UNLOADING,0.14593203084296452,0.03293842589944628,0.051757894844561864,0.18849555520769298,0.9999999787385196,0.2,0,ok,0.0,0.04556553015817924,AIR,0.0,1,0.8572883412503162,0.10789241597734156,0.5897962028086864,UNLOADING,0.04997423075332802,0.02146493880190274,0.03302487133853158,2.500000000000002,-0.0010000000000000009,0.6114691162109382,0,staged_v3,0.32041240547517835,2,0.9398886269828253,0.32033937369642257,2,1,0,0
v3_right_forearm_proxy:v3_left_forearm_proxy,214,0.885833424861144,0.0,0.9999973634139587,0.0,0.09983995265760957,AIR,0.0,1,1.0355682776666542,0.0307706553616742,0.5088093440433155,UNLOADING,0.13209037669919468,0.025563995212253665,0.024876471989912108,0.18849506223062734,0.9999973634139587,0.2,0,ok,0.0,0.03548647056825371,AIR,0.0,1,0.9001534778732997,0.058332890254451486,0.5298852444894248,UNLOADING,0.04521829970787085,0.021102213002311958,0.03039204922215928,2.500000000000002,0.0,0.6114691162109382,0,staged_v3,0.4186980881720321,2,0.9955843782627153,0.4146516138371956,2,0,0,0
v3_right_forearm_proxy:v3_left_forearm_proxy,215,0.32373046875,0.20000000000000018,0.32373046875000017,0.0,0.07775543331155832,AIR,0.0,1,1.0533812900769757,0.037238003232072894,0.472905698268013,UNLOADING,0.11907524371748457,0.015594060809887914,0.03305122410351274,0.061021755742090844,0.32373046875000017,0.2,0,ok,0.0,0.02763689106699635,AIR,0.0,1,0.994732486409542,0.03957114629184827,0.4873073987086296,UNLOADING,0.04078271825999567,0.048697555446109014,0.0006678144893224646,2.500000000000002,0.0010000000000000009,0.6124691162109382,1,staged_v3,0.43919924607746086,2,1.05186244870369,0.4263122770382923,2,0,1,1
v3_right_forearm_proxy:v3_left_forearm_proxy,216,0.9999999999999999,0.40000000000000036,1.0,0.0,0.06055599235109802,AIR,0.0,1,1.1090946431874442,0.04089631268958374,0.4542801101501621,UNLOADING,0.10678543882578517,0.0356063738942392,0.012107631613268909,0.1884955592153876,1.0,0.2,0,ok,0.0,0.02152363240463587,AIR,0.0,1,1.0068372997703054,0.05163323702310739,0.45858288655603163,UNLOADING,0.03662136749818872,0.039840336506566564,0.008088807821235021,2.500000000000002,0.0020000000000000018,0.6144691162109382,0,staged_v3,0.24585526576226893,2,0.9953707645342629,0.23777048759785877,2,0,0,0
v3_right_forearm_proxy:v3_left_forearm_proxy,217,0.48509627397028393,0.6000000000000005,1.0000000000000002,0.0,0.047161054262701146,AIR,0.0,1,1.17898100297145,0.04871909619149983,0.4475265161190696,UNLOADING,0.09525255212953188,0.04068649401706037,0.006689831788893107,0.18849555921538763,1.0000000000000002,0.2,0,ok,0.0,0.016762621771271483,AIR,0.0,1,1.0136810138070602,0.053284279343048774,0.4406582952712884,UNLOADING,0.032729176918056845,0.038815443599231475,0.008217471164332944,2.500000000000002,0.0030000000000000027,0.6174691162109383,0,staged_v3,0.3232236119330227,2,1.000192473985889,0.3114048855577161,2,0,1,1
v3_right_forearm_proxy:v3_left_forearm_proxy,218,0.916724446403505,0.8000000000000007,1.0,0.0,0.03672906599026467,FLAT,0.0,1,0.8107513632461812,0.025435319892365194,0.4453679461654685,LOADING,0.08455520429754226,0.043721699319079946,0.003546697989193476,0.1884955592153876,1.0,0.2,0,ok,0.0,0.01305474296179601,AIR,0.0,1,0.6468041708062372,0.06402471354183062,0.4322383304487882,UNLOADING,0.029112434881127473,0.0,0.06417158824641042,2.500000000000002,0.0040000000000000036,0.6214691162109383,0,staged_v3,0.3663293968526797,2,0.9947743118385961,0.36745362591239045,2,1,0,0
v3_right_forearm_proxy:v3_left_forearm_proxy,219,0.8794079536104291,1.0000000000000009,1.0000000000000002,0.0,0.028604625354699428,FLAT,0.0,1,0.6620954325641879,0.01787161174463183,0.399675164896784,LOADING,0.07492904182635754,0.03810039374070559,0.006883364504133616,0.18849555921538763,1.0000000000000002,0.2,0,ok,0.0,0.010167044041442645,FLAT,0.0,1,0.49984239157472593,0.022460172956120884,0.4193620044289969,LOADING,0.02579685447998146,0.03937728831873901,0.0065908119027108395,2.500000000000002,0.0050000000000000044,0.6264691162109383,0,staged_v3,0.3403605581796581,2,1.0098625425333148,0.3420409239940338,2,1,0,0
v3_right_forearm_proxy:v3_left_forearm_proxy,220,0.1984873564357293,0.8000000000000007,0.5069899055316789,0.0,0.022277304625704077,FLAT,0.0,1,0.15713181755505298,0.0178643572523812,0.39189482103764767,LOADING,0.0661601707534797,0.026730383799501187,0.02181523334460057,0.09556534575975034,0.5069899055316789,0.2,0,ok,0.0,0.007918101860996993,FLAT,0.0,1,0.23301456543476257,0.020010072090197742,0.4037758031821247,LOADING,0.02278601297175483,0.026586806535188835,0.0186019836239174,-2.500000000000002,0.0040000000000000036,0.6304691162109383,0,staged_v3,0.26206128304096943,2,1.0241486781187834,0.26321788039785676,2,1,0,0
v3_right_forearm_proxy:v3_left_forearm_proxy,221,0.1206786080323442,0.6000000000000005,1.0000000000000002,0.0,0.017349582287218564,FLAT,0.0,1,0.1862123683725984,0.024431236447520842,0.3740960189271396,LOADING,0.05826002816348564,0.01927356449883614,0.04209082467258206,0.18849555921538763,1.0000000000000002,0.2,0,ok,0.0,0.006166623929783606,FLAT,0.0,-1,0.23735110317785607,0.024037402948845474,0.37908683117827746,LOADING,0.020077859405100398,0.0199169386100684,0.03653907923539097,-2.500000000000002,0.0030000000000000027,0.6334691162109383,0,staged_v3,0.10634708988938987,2,1.0483188739911695,0.08684723287651744,2,0,0,0
v3_right_forearm_proxy:v3_left_forearm_proxy,222,0.03997617485897807,0.40000000000000036,1.0000000000000002,0.0,0.013511868271247594,FLAT,0.0,1,0.16616799586990463,0.029126976330240906,0.3462876294371723,LOADING,0.05119900634560625,0.013187405141617713,0.05792701362952267,0.18849555921538763,1.0000000000000002,0.2,0,ok,0.0,0.004802571545422337,FLAT,0.0,-1,0.21375658335535938,0.026282707468224736,0.36619380597034246,LOADING,0.01764443657476595,0.01702698283029239,0.05169938439929335,-2.500000000000002,0.0020000000000000018,0.6354691162109383,0,staged_v3,0.09579009037474064,2,1.0552818122585021,0.09448117971948589,2,0,0,0
v3_right_forearm_proxy:v3_left_forearm_proxy,223,0.14738148377516905,0.20000000000000018,0.5002860413158812,0.0,0.010523053590405295,FLAT,0.0,1,0.15795416261071146,0.030830320911987792,0.30543339172509043,LOADING,0.04492899995923149,0.009441348674266735,0.06717438972776815,0.09430169712548953,0.5002860413158812,0.2,0,ok,0.0,0.0037402464803313632,FLAT,0.0,-1,0.2035065647542539,0.027403033868507846,0.35840890384573515,LOADING,0.015466618326828375,0.015517411323778912,0.06281499724044017,-2.500000000000002,0.0010000000000000009,0.6364691162109383,0,staged_v3,0.10718878686889602,2,1.0583125811254361,0.1085488322083587,2,1,0,0
v3_right_forearm_proxy:v3_left_forearm_proxy,224,0.07400525042428233,0.0,0.5000953489056829,0.0,0.013781452115746853,FLAT,0.0,1,0.1441122890006377,0.03354215172069387,0.25946513429438167,LOADING,0.03996852079245028,0.0044311049940252145,0.07600893199085267,0.09426575245299107,0.5000953489056829,0.2,0,ok,0.0,0.0029129068877621314,FLAT,0.0,-1,0.20719730044384882,0.028267062981025822,0.34943989018892185,LOADING,0.013527818712248889,0.014204931528420273,0.07247924813984319,-2.500000000000002,0.0,0.6364691162109383,0,staged_v3,0.12325686115149283,2,1.0595618935957882,0.12488243044824238,2,1,0,0
v3_right_forearm_proxy:v3_left_forearm_proxy,225,0.09042295183397232,0.20000000000000018,0.25012645616792306,0.0,0.13420925114335183,FLAT,0.0,1,0.027948620348053604,0.03650388926218724,0.22801858751882362,LOADING,0.052696226087097356,0.0,0.0781211752429109,0.047147726229935794,0.25012645616792306,0.2,0,ok,0.0,0.08590891176501304,FLAT,0.0,-1,0.02280629487738263,0.032539979269183554,0.3678551959337368,LOADING,0.021683629408847126,0.01085278052750329,0.07579962527094622,-2.500000000000002,-0.0010000000000000009,0.6354691162109383,0,staged_v3,0.13228603006108935,2,1.055175654607668,0.13336266723884646,2,1,0,0
v3_right_forearm_proxy:v3_left_forearm_proxy,226,0.04619555760092191,0.40000000000000036,0.25005773772510653,0.0,0.22299994164921033,FLAT,0.0,1,0.029819537794864955,0.037501298628263215,0.20604699953450162,LOADING,0.0775672754248822,0.0,0.07842278399500191,0.04713477310862868,0.25005773772510653,0.2,0,ok,0.0,0.18563062533874142,FLAT,0.0,-1,0.034698001213123185,0.035118156436359724,0.4046471857520181,LOADING,0.039450046568284186,0.010114202851241184,0.07780728194425915,-2.500000000000002,-0.0020000000000000018,0.6334691162109383,0,staged_v3,0.13911311070419408,2,1.052266864274873,0.1403765666485154,2,1,0,0
v3_right_forearm_proxy:v3_left_forearm_proxy,227,0.08430452836476117,0.6000000000000005,0.5222901986746933,0.0,0.2770981843739919,FLAT,0.0,1,0.040783168781272215,0.03399226953527027,0.19119078418378738,SUPPORT,0.15205382033990578,0.0005672696739191033,0.07483231941459192,0.09844938307190221,0.5222901986746933,0.2,0,ok,0.0,0.30201215106096757,FLAT,0.0,-1,0.022704985179376497,0.05109217993551669,0.45434482669513443,UNLOADING,0.06451893578009685,0.0,0.08970698513222322,-2.500000000000002,-0.0030000000000000027,0.6304691162109383,0,staged_v3,0.13995474389845056,2,1.052501146277656,0.14157320098739626,2,1,0,0
v3_right_forearm_proxy:v3_left_forearm_proxy,228,0.019833153280945613,0.8000000000000007,0.25007261680297593,0.0,0.30628622188201315,FLAT,0.0,1,0.0513553671346555,0.028988485905369833,0.15233641549641871,SUPPORT,0.21164305627192462,0.003628334869451102,0.07092452248065323,0.047137577748732284,0.25007261680297593,0.2,0,ok,0.0,0.3921379041555939,FLAT,0.0,-1,0.010307734078532192,0.05280444486029794,0.5105700736926674,UNLOADING,0.08999995373071432,0.0,0.0896920118846648,-2.500000000000002,-0.0040000000000000036,0.6264691162109383,0,staged_v3,0.13805085838395745,2,1.0521866534297792,0.13962522818508802,2,1,0,0
v3_right_forearm_proxy:v3_left_forearm_proxy,229,0.016902783354315023,1.0000000000000009,0.2500946316717088,0.0,0.3157714671231334,FLAT,0.0,1,0.051886829512614585,0.02077761156459803,0.12067380266884073,SUPPORT,0.2593144450175397,0.010256078568844008,0.06494811031604095,0.047141727453725135,0.2500946316717088,0.2,0,ok,0.0,0.41495236635587646,FLAT,0.0,-1,0.01938891303460702,0.04930468339623716,0.5517627913934272,UNLOADING,0.10919938106458146,0.0032834561734342016,0.08581615881706306,-2.500000000000002,-0.0050000000000000044,0.6214691162109383,0,staged_v3,0.13473429993498673,2,1.0508238926568823,0.13624036631013367,2,1,0,0
v3_right_forearm_proxy:v3_left_forearm_proxy,230,0.007765554178643257,1.0000000000000009,0.25014247582001337,0.0,0.348762589150561,FLAT,0.0,1,0.018429182456735353,0.012747089657077219,0.09752525238837384,SUPPORT,0.2974515560140318,0.017129172962341475,0.0580518833038136,0.04715074586321499,0.25014247582001337,0.2,0,ok,0.0,0.3902195839463137,FLAT,0.0,-1,0.03326378475980225,0.04152139979711535,0.5617107073731139,UNLOADING,0.1215653179350627,0.011564135571540346,0.07927510492000991,0.0,-0.0050000000000000044,0.6164691162109383,0,staged_v3,0.13018510204049275,2,1.0547410987463852,0.13157213537033996,2,1,0,0
v3_right_forearm_proxy:v3_left_forearm_proxy,231,0.016605014374445025,1.0000000000000009,0.321459729755078,0.0,0.37632683117881,FLAT,0.0,1,0.0020110684202305313,0.004512555445132246,0.07992769545649565,SUPPORT,0.3279612448112254,0.02448382932769254,0.04881726538587985,0.06059373152541081,0.321459729755078,0.2,0,ok,0.0,0.35210086919541883,FLAT,0.0,-1,0.02780252563680135,0.026053581583424808,0.5478574335385734,UNLOADING,0.12909221247831332,0.026339290093503866,0.06419482355568198,0.0,-0.0050000000000000044,0.6114691162109382,0,staged_v3,0.1261996575031503,2,1.061020136178787,0.1278665245232553,2,1,0,0
v3_right_forearm_proxy:v3_left_forearm_proxy,232,0.12231445312499999,0.09785156249999538,0.12231445312500051,0.018221716812512036,0.38260039317528344,FLAT,0.0,1,0.02566838726685589,0.00018343613169036644,0.06622480136405681,SUPPORT,0.35236899584898035,0.028127803936512475,0.04249159513943529,0.023055731241921285,0.12231445312500051,0.2,0,ok,0.0,0.3076023529174281,FLAT,0.0,-1,0.02948183334307035,0.02330893029085948,0.5161756157548683,UNLOADING,0.13303887378117632,0.027499850496883936,0.06670410241480612,11.27685546875007,-0.0004892578124999769,0.6109798583984383,1,staged_v3,0.24836316911381218,2,1.0653096815045855,0.15962762238197226,2,0,1,1
v3_right_forearm_proxy:v3_left_forearm_proxy,233,0.011291503906250028,0.1021484375000048,0.0091705440749344,0.04446823966016364,0.4017006029217998,FLAT,0.0,1,0.008715215118124368,0.0002240041139161689,0.05473166517677413,SUPPORT,0.3718951966791843,0.02751257914492254,0.04259892451793975,0.0017286068337141192,0.0091705440749344,0.2,0,ok,0.0,0.27441871973266474,FLAT,0.0,-1,0.038839690800579856,0.023788771870088595,0.47091354741141733,UNLOADING,0.13546934441439226,0.024756905500482273,0.0673859310031251,2.500000000000002,0.000510742187500024,0.6114906005859383,1,staged_v3,0.11827250466738144,2,1.0740664855644175,0.11699768677639785,2,1,1,1
v3_right_forearm_proxy:v3_left_forearm_proxy,234,0.05047607421875002,0.302148437500005,0.050476074218750014,0.04129860748247883,0.40106013935336104,FLAT,0.0,1,0.01044958667690175,0.00017605895730937477,0.044203741824701694,SUPPORT,0.38751615734334743,0.027034128133925712,0.04134633165922453,0.009514515836860693,0.050476074218750014,0.2,0,ok,0.0,0.23362863623511324,FLAT,0.0,-1,0.04254411149950625,0.025261075853020065,0.4164915131838211,LOADING,0.1356403339328095,0.02056349980617099,0.06607229572242534,2.500000000000002,0.0015107421875000249,0.6130013427734383,1,staged_v3,0.14966018233846545,2,1.0621212840010137,0.13280680002280326,2,1,1,1
v3_right_forearm_proxy:v3_left_forearm_proxy,235,0.7482299804687498,0.1021484375000048,0.7482235330598354,0.020916778003195465,0.42013397421280013,FLAT,0.0,1,0.0004903251467032771,0.01591726522339977,0.06497476711512253,SUPPORT,0.40001292587467796,0.012331473132356358,0.031771487198021635,0.14103681328222673,0.7482235330598354,0.2,0,ok,0.0,0.22288129177019858,FLAT,0.0,-1,0.046703615011208975,0.0026002312745540173,0.3578895995421154,LOADING,0.13713514624887416,0.04029424870255175,0.020293397612572026,-2.500000000000002,0.000510742187500024,0.6135120849609383,1,staged_v3,0.11989063145088572,2,1.0584047595926216,0.1101211056965568,2,1,1,1
v3_torso_proxy:v3_right_forearm_proxy,236,0.616725546099125,0.302148437500005,1.0000000000000002,0.06275634311187822,0.41927222187701213,FLAT,0.0,1,0.008440064036719075,0.015684482643315154,0.07985785708842907,SUPPORT,0.41001034069974235,0.013761083193883628,0.015231809660537828,0.18849555921538763,1.0000000000000002,0.17127554900069838,0,ok,0.0,0.21195749510129036,FLAT,0.0,-1,0.03726103155756663,0.011490835260698157,0.2958422287230953,LOADING,0.13955842047029135,0.028301276175456615,0.02425520416676745,2.500000000000002,0.0015107421875000249,0.6150228271484384,0,staged_v3,0.27233015552237344,2,1.0268493675336936,0.14224121868914438,2,0,0,0
v3_torso_proxy:v3_right_forearm_proxy,237,0.64556884765625,0.5021484375000052,0.6455688476562501,0.024264713794097562,0.4146067710925722,FLAT,0.0,-1,0.025997810416402874,0.0005883037789687984,0.09052205705239005,SUPPORT,0.4180082725597939,0.028937799073650707,0.006615202658050862,0.12168686095099823,0.6455688476562501,0.1655492229992209,0,ok,0.0,0.21939452953014,FLAT,0.0,-1,0.03492036507408068,0.04030564371910421,0.2513833447924849,LOADING,0.14449521614976904,0.030524831961618645,0.007044335278005607,2.500000000000002,0.0025107421875000258,0.6175335693359384,1,staged_v3,0.33175855216488115,2,0.8687885011725384,0.31997418033413955,2,0,1,1
v3_torso_proxy:v3_right_forearm_proxy,238,0.2661132812500003,0.7021484375000053,0.26611328125000006,0.019123708347407373,0.41808199276417346,FLAT,0.0,-1,0.027784456115920977,0.006628188126420485,0.09816329022878797,SUPPORT,0.42440661804783514,0.026530814372203077,0.0033773501392363224,0.05016117176386048,0.26611328125000006,0.15741604816033763,0,ok,0.0,0.23273312752219102,FLAT,0.0,-1,0.03617900729021422,0.04832699700827269,0.2195271624230367,LOADING,0.15192454980689638,0.005264038971093295,0.030712319150058544,2.500000000000002,0.0035107421875000266,0.6210443115234384,1,staged_v3,0.3666304702248517,2,0.9603867045126957,0.35762995881608467,2,0,1,1
v3_torso_proxy:v3_right_forearm_proxy,239,0.9999999999999999,0.9021484375000055,1.0000000000000002,0.1710106733768523,0.42144994063471247,FLAT,0.0,-1,0.02859764406255726,0.06332758573032135,0.1036384730510723,SUPPORT,0.4295252944382681,0.0033538166990196086,0.026828106953534006,0.18849555921538763,1.0000000000000002,0.1174197808334482,0,ok,0.0,0.24778542658619912,FLAT,0.0,-1,0.033711457225615346,0.1275251265996474,0.1967012103199783,LOADING,0.16134878650092543,0.0,0.12378433735006766,2.500000000000002,0.0045107421875000275,0.6255550537109384,0,staged_v3,0.2590476445037749,2,0.9313520502404006,0.24964105073362142,2,0,1,1
v3_torso_proxy:v3_right_forearm_proxy,240,0.824462890625,1.0000000000000009,0.8244627500546424,0.04286454340041297,0.4243914974448315,FLAT,0.0,-1,0.014032783587132345,0.0013763901624301205,0.10756161297435476,UNLOADING,0.3681645380899441,0.02900169048628762,0.023436698366627755,0.15540756712380616,0.8244627500546424,0.10974474487385907,0,ok,0.0,0.24413593696541042,FLAT,0.0,-1,0.04963932626245736,0.010861363167339431,0.18034570094447935,LOADING,0.1691004432582696,0.023155921879884536,0.025508510871296616,1.2231445312499423,0.0050000000000000044,0.6305550537109385,1,staged_v3,0.30406359609508266,2,0.8766738272537755,0.30420369427179816,2,1,1,1
v3_torso_proxy:v3_right_forearm_proxy,241,0.19488525390625,1.0000000000000009,0.19488525390625,0.04512668400759865,0.4325708735943286,FLAT,0.0,-1,0.004637637289478498,0.0006425528963552177,0.11037266556514871,UNLOADING,0.341931925498085,0.02987608038190222,0.027299346617629252,0.036735004917891396,0.19488525390625,0.10953470414004376,0,ok,0.0,0.2380730149039539,FLAT,0.0,-1,0.060676875012342535,0.017560685045834336,0.1425106784610172,LOADING,0.176109368211962,0.017953270289411394,0.014172263633639468,0.0,0.0050000000000000044,0.6355550537109385,1,staged_v3,0.21398975664331996,2,0.8285591582893849,0.21535315814518674,2,1,1,1
v3_torso_proxy:v3_right_forearm_proxy,242,1.0000000000000004,1.0000000000000009,1.0,0.2837796060153297,0.4107774918284901,FLAT,0.0,-1,0.03495647523267099,0.0870370551914099,0.10995661408917647,UNLOADING,0.31621355803677414,0.0,0.09627284442442535,0.1884955592153876,1.0,0.08865735263363293,0,ok,0.0,0.2245460367300134,FLAT,0.0,-1,0.0780068938281221,0.02764693740003569,0.11067750155888535,LOADING,0.18082626304952676,0.0035576655734725834,0.026976209504471688,0.0,0.0050000000000000044,0.6405550537109385,0,staged_v3,0.2143223969372586,2,0.8271661774376038,0.16912872055876202,2,0,1,1
v3_torso_proxy:v3_right_forearm_proxy,243,1.0,0.8000000000000007,1.0,0.07245318561621171,0.4223787247182249,FLAT,0.0,-1,0.013924279435438105,0.004810882888205197,0.1096585001798319,UNLOADING,0.27104019260294926,0.0256720421207864,0.035657018864841114,0.1884955592153876,1.0,0.10526423473724636,0,ok,0.0,0.2496415798970814,FLAT,0.0,-1,0.033818591831472025,0.01366804062795424,0.08588147638667046,LOADING,0.19030140892922523,0.015626033191379285,0.029608390835684666,-2.500000000000002,0.0040000000000000036,0.6445550537109385,0,staged_v3,0.30101893048846495,2,0.9191890206740448,0.295526038686877,2,0,0,0
v3_torso_proxy:v3_right_forearm_proxy,244,0.9999999999999999,1.0000000000000009,1.0,0.17264367130695413,0.44532977336875373,FLAT,0.0,-1,0.00711346016263151,0.05440102645453726,0.11129478330546877,SUPPORT,0.3068321540823594,0.013845475496323766,0.016719263668949675,0.1884955592153876,1.0,0.10902795467217394,0,ok,0.0,0.290459268332679,FLAT,0.0,-1,0.011191122094505805,0.07467222059455196,0.06769516352769289,SUPPORT,0.2422411271433802,0.0,0.05616925684612322,2.500000000000002,0.0050000000000000044,0.6495550537109385,0,staged_v3,0.22958867486323983,2,0.9669653070300384,0.2163261636413104,2,0,1,1
v3_torso_proxy:v3_right_forearm_proxy,245,0.9999999999999997,1.0000000000000009,1.0,0.1287090502920879,0.46212779475325344,FLAT,0.0,-1,0.0178098995183306,0.04228081649069202,0.11180390771786367,UNLOADING,0.26299898921345094,0.0038303149701159438,0.026759880415777242,0.1884955592153876,1.0,0.10509882664561002,0,ok,0.0,0.3200904140339731,FLAT,0.0,-1,0.020270807131450415,0.0836675051900968,0.08239772283045613,SUPPORT,0.28379290171470417,0.01007782443577615,0.019042061705746658,0.0,0.0050000000000000044,0.6545550537109385,0,staged_v3,0.29561758462326027,2,0.9555587643102601,0.29632300236483816,2,1,1,1
v3_torso_proxy:v3_right_forearm_proxy,246,1.0,0.8000000000000007,1.0,0.03820704485410166,0.4800655405733343,FLAT,0.0,-1,0.014381899632785237,0.026372523144149417,0.11262010053400381,UNLOADING,0.22542770504010082,0.004258481882550777,0.03343450809192646,0.1884955592153876,1.0,0.10285243616618203,0,ok,0.0,0.34731717689749364,FLAT,0.0,-1,0.015372047796186833,0.011426502136724977,0.06567012071833371,SUPPORT,0.31703432137176335,0.01685700389919171,0.014741421810461524,-2.500000000000002,0.0040000000000000036,0.6585550537109385,0,staged_v3,0.4393151258300957,2,0.9904994330594892,0.4283535921099217,2,0,0,0
v3_torso_proxy:v3_right_forearm_proxy,247,0.8051393529720366,0.6000000000000005,1.0,0.07408010724489089,0.4995508453570411,FLAT,0.0,-1,0.007667978486007465,0.015494184734584516,0.11425966234376028,UNLOADING,0.22969665274473663,0.0152187983826035,0.018617790527340777,0.1884955592153876,1.0,0.08188505340593046,0,ok,0.0,0.37694921932453235,FLAT,0.0,-1,0.0030545553564800456,0.032095874121803106,0.0566628356043401,SUPPORT,0.34362745709741066,0.0,0.03329517454664926,-2.500000000000002,0.0030000000000000027,0.6615550537109385,0,staged_v3,0.44309974807785424,2,0.9480467116118952,0.4409114241914009,2,0,0,0
v3_torso_proxy:v3_right_forearm_proxy,248,0.9999999999999999,0.8000000000000007,1.0,0.1825773274006254,0.5106480125970115,FLAT,0.0,-1,0.008171653761936147,0.08113129954683268,0.11650035831414288,SUPPORT,0.2737573221957893,0.004171049222568245,0.0266539686931389,0.1884955592153876,1.0,0.08753695248016448,0,ok,0.12367224944194616,0.3930955911689289,FLAT,0.0,-1,0.013141736582331883,0.037615056452651445,0.052036778048754506,SUPPORT,0.36490196567792854,0.0,0.04020578578980066,2.500000000000002,0.0040000000000000036,0.6655550537109385,0,staged_v3,0.46601244994100605,2,0.9810876024361558,0.46756992017278737,2,1,1,1
v3_torso_proxy:v3_right_forearm_proxy,249,0.9454164352863131,0.6000000000000005,0.757474673583911,0.01868235898371443,0.5120493263056914,FLAT,0.0,-1,0.015334099577428068,0.016037272044176085,0.1188888977036266,UNLOADING,0.23464913331067655,0.014907172841005248,0.045908809180771636,0.14278061218869248,0.757474673583911,0.08931697180242602,0,ok,0.04130842028144353,0.4008803200052764,FLAT,0.0,-1,0.020388997131901867,0.01594486183335365,0.07885090401141791,UNLOADING,0.31277311343822445,0.012997683367217246,0.041143072680592585,-2.500000000000002,0.0030000000000000027,0.6685550537109385,0,staged_v3,0.4022744023646703,2,0.9729866384155309,0.40357952113333934,2,1,0,0
v3_torso_proxy:v3_right_forearm_proxy,250,0.28986501632091427,0.40000000000000036,0.5612891000307141,0.005241073299794222,0.5138955830024231,FLAT,0.0,-1,0.013669375682680764,0.021763529922528106,0.09265438298248856,UNLOADING,0.26882378058617334,0.007869189226596324,0.05275553287049221,0.10580050279179108,0.5612891000307141,0.1014629663987063,0,ok,0.025725989891414877,0.4033311434352322,FLAT,0.0,-1,0.020518589182574754,0.02748954086939086,0.07022918330638654,UNLOADING,0.2951626011062749,0.0010219182959284694,0.0521186245007733,-2.500000000000002,0.0020000000000000018,0.6705550537109385,0,staged_v3,0.21762832736928492,2,1.0061848819881756,0.21799763196677974,2,0,0,0
v3_torso_proxy:v3_right_forearm_proxy,251,0.049214184075414114,0.20000000000000018,0.29588558582033464,0.012710270050346008,0.5208601840561107,FLAT,0.0,-1,0.011485672850802042,0.026893204485204363,0.07409943913193405,UNLOADING,0.310457992113502,0.0018117674713923407,0.05770364944819238,0.05577311896297654,0.29588558582033464,0.1025034110891265,0,ok,0.025511612347798616,0.41329237464250634,FLAT,0.0,-1,0.011858931251322691,0.027183036672695886,0.06343364688203096,UNLOADING,0.2955394432339018,0.0009886456714056635,0.05285238142581373,-2.500000000000002,0.0010000000000000009,0.6715550537109385,0,staged_v3,0.11209090400827473,2,1.0166498564450752,0.1118079334119566,2,0,0,0
v3_pelvis_proxy:v3_left_hand_proxy,252,0.0544119298788846,0.0,0.3182779832732592,0.008525839896357412,0.5368791275151381,FLAT,0.0,-1,0.006160795470807127,0.019487011344426892,0.06014019733599072,SUPPORT,0.34296948199698396,0.008519998522372646,0.05270746563548617,0.05999398644303877,0.3182779832732592,0.10104528620654707,0,ok,0.024956978458541872,0.4265510623770511,FLAT,0.0,-1,0.007797117012493852,0.02431761588373921,0.05644401958382447,SUPPORT,0.3264315545871214,0.0035045850954520154,0.051735437120417144,-2.500000000000002,0.0,0.6715550537109385,0,staged_v3,0.10821320463592221,2,1.0208227186935714,0.10599939174033789,2,0,0,0
v3_pelvis_proxy:v3_left_hand_proxy,253,0.018487140674692176,0.20000000000000018,0.19616418783239356,0.008144800605908869,0.5496221275592262,FLAT,0.0,-1,0.008978303914408558,0.017737427760382445,0.0774392952132622,SUPPORT,0.37288134424645236,0.011134537000280668,0.05098298428822009,0.03697607828349936,0.19616418783239356,0.09184246438841684,0,ok,0.024829666832739423,0.4253254127060607,FLAT,0.0,-1,0.02470332839412368,0.022687356075666475,0.07774835356939305,SUPPORT,0.3511452436696971,0.006200061602803179,0.05075083318713156,-2.500000000000002,-0.0010000000000000009,0.6705550537109385,0,staged_v3,0.10880673415693556,2,1.0218088908644825,0.10791263318678747,2,0,0,0
v3_pelvis_proxy:v3_left_hand_proxy,254,0.020562756658586524,0.40000000000000036,0.17845840365148813,0.008147595626812904,0.5475900529926525,FLAT,0.0,-1,0.017254729622500374,0.016224760538476837,0.08749434303510427,SUPPORT,0.3956239458370039,0.013149956613278377,0.04956126352299561,0.033638616592972626,0.17845840365148813,0.08304032728621209,0,ok,0.024691104279724197,0.4172707109242804,FLAT,0.0,-1,0.03402035657797168,0.02096591435899713,0.08916882555871328,SUPPORT,0.3709161949357577,0.008492526918938537,0.04976222301639846,-2.500000000000002,-0.0020000000000000018,0.6685550537109385,0,staged_v3,0.1125067657930471,2,1.0215298226476563,0.11192061232657431,2,0,0,0
v3_pelvis_proxy:v3_left_hand_proxy,255,0.010808527175961093,0.6000000000000005,0.178237110295758,0.008062976784487155,0.5485437599703337,FLAT,0.0,-1,0.012440415816963913,0.013635816868285935,0.09304642231308496,SUPPORT,0.41339259561152,0.016016504247368314,0.047679684709135625,0.033596903778133624,0.178237110295758,0.07415010773447851,0,ok,0.02463996631692236,0.4180749530254391,FLAT,0.0,-1,0.024292053747800278,0.018561700669719003,0.0947440341218337,SUPPORT,0.3867329559486062,0.011175501036372684,0.04799646259786919,-2.500000000000002,-0.0030000000000000027,0.6655550537109385,0,staged_v3,0.11175947517064902,2,1.0197607742902317,0.11117300562200204,2,0,0,0
v3_pelvis_proxy:v3_left_hand_proxy,256,0.01669596696462587,0.8000000000000007,0.16881795780135408,0.008033083570840737,0.5538866998133338,FLAT,0.0,-1,0.009067267656087615,0.010008623907472678,0.09668215377947688,SUPPORT,0.4282125580596121,0.019825483781501167,0.044623443080895865,0.031821435361365946,0.16881795780135408,0.06650261927483318,0,ok,0.024604921355943894,0.424303637484926,FLAT,0.0,-1,0.016382994183898793,0.015030207803133636,0.0985947806367322,SUPPORT,0.39938636475888495,0.014899531228702977,0.04503816769612507,-2.500000000000002,-0.0040000000000000036,0.6615550537109385,0,staged_v3,0.10930949434248052,2,1.019306938613464,0.10857539913186408,2,0,0,0
v3_pelvis_proxy:v3_left_hand_proxy,257,0.03176186573938542,1.0000000000000009,0.1471355921486898,0.00804944051062442,0.5579277473769106,FLAT,0.0,-1,0.011744576912732197,0.005025337779401892,0.0989686086730955,SUPPORT,0.4405501274049234,0.024923092654252885,0.039933182256199067,0.027734405722554478,0.1471355921486898,0.061281187288476605,0,ok,0.024619196334640804,0.4364432849453068,FLAT,0.0,-1,0.006453351912563545,0.010259820677295129,0.10135396108373987,SUPPORT,0.409509091807108,0.019807877376891866,0.04033984066499704,-2.500000000000002,-0.0050000000000000044,0.6565550537109385,0,staged_v3,0.10323885382645946,2,1.0205023606748163,0.10219097686591017,2,0,0,0
v3_pelvis_proxy:v3_left_hand_proxy,258,0.02768731610841067,1.0000000000000009,0.11484366563464199,0.008598276566963547,0.5644034087264752,FLAT,0.0,-1,0.007342209229020198,0.0017875037766005618,0.10110283456075547,SUPPORT,0.45131222324087933,0.028267637951437215,0.03672983125673954,0.021647520976146833,0.11484366563464199,0.05993259565656499,0,ok,0.02481474880021044,0.44314966104926484,FLAT,0.0,-1,0.011154887909329895,0.005109277581387473,0.10333100026554386,SUPPORT,0.4176072734456864,0.025057272431889724,0.03509259607083218,0.0,-0.0050000000000000044,0.6515550537109385,0,staged_v3,0.10630496757333102,2,1.022011278911614,0.10107250695256415,2,0,0,0
v3_pelvis_proxy:v3_right_hand_proxy,259,0.3809827759017511,1.0000000000000009,1.0,0.09616274693613107,0.5686276034657306,FLAT,0.0,-1,0.009297486485417264,0.014813305188171994,0.1032237130432119,SUPPORT,0.46006433151934045,0.015347880463988602,0.019937841053838654,0.1884955592153876,1.0,0.021706368676892032,0,ok,0.024355744735869357,0.4442981985826706,FLAT,0.0,-1,0.016656829087717345,0.031852456423209975,0.10450980311492204,SUPPORT,0.4240858187565491,0.0,0.05292804548344068,0.0,-0.0050000000000000044,0.6465550537109385,0,staged_v3,0.13366848283883498,2,1.034445902690818,0.11191674596290549,2,0,0,0
v3_pelvis_proxy:v3_right_hand_proxy,260,0.6388549804687499,0.8000000000000007,0.63885498046875,0.12423114196719864,0.5763688921304974,FLAT,0.0,-1,0.003684126404296983,0.054410254579615784,0.10527943633707601,UNLOADING,0.39434085558800613,0.004424084813595314,0.025839887003258486,0.12042132680099256,0.63885498046875,0.034683751920812037,0,ok,0.06559241389980888,0.4559513551238696,FLAT,0.0,-1,0.000559692397150395,0.0005390876972018498,0.10591591391441178,SUPPORT,0.4292686550052393,0.029756707998518744,0.024318418638608112,2.500000000000002,-0.0040000000000000036,0.6425550537109385,1,staged_v3,0.29748445925704825,2,1.0401733364011791,0.29748445925704825,2,1,1,1
v3_pelvis_proxy:v3_right_hand_proxy,261,0.42718505859375006,0.25631103515624254,0.42718505859375,0.05310634506492393,0.5821626067665437,FLAT,0.0,-1,0.003790468770615494,0.03363808105485097,0.10681437164186092,UNLOADING,0.3380064476468624,0.0005443542313076817,0.029796364350785365,0.08052248650808702,0.42718505859375,0.06096484398822352,0,ok,0.07698011372247758,0.4660288191520253,FLAT,0.0,-1,0.001316908750875964,0.0055766549178214615,0.07857656738576105,SUPPORT,0.43341492400419146,0.025620001466689094,0.0033088269025989625,6.796112060546977,-0.0012815551757812127,0.6412734985351572,1,staged_v3,0.2287983493982169,2,1.0672065999413454,0.2278929630776961,2,0,1,1
v3_pelvis_proxy:v3_right_hand_proxy,262,1.0,0.05631103515624236,1.0,0.2141060430776979,0.5873853397496787,FLAT,0.0,-1,0.005508912839268522,0.13204879451695242,0.10802849510245839,UNLOADING,0.3139436278695843,0.0,0.1292031538144461,0.1884955592153876,1.0,0.05876942630828222,0,ok,0.17800330827560007,0.4701328781128493,FLAT,0.0,-1,0.0031017774886748033,0.017674350994279775,0.05898706958735596,SUPPORT,0.4367319392033532,0.010275002485088024,0.026151828579677412,2.500000000000002,-0.0002815551757812118,0.640991943359376,0,staged_v3,0.20128138405380477,2,1.0326155265487944,0.16650427418589756,2,0,1,1
v3_pelvis_proxy:v3_left_hand_proxy,263,1.0,0.14368896484375782,1.0000000000000002,0.1731118083472066,0.5900843709066261,FLAT,0.0,-1,0.007127737551824427,0.032761313735886595,0.10889078732302127,UNLOADING,0.2690945381739294,0.0,0.1049927348383145,0.18849555921538763,1.0000000000000002,0.07133337205267958,0,ok,0.20451275509995512,0.4737658918442392,FLAT,0.0,-1,0.0037280919282334894,0.08283995719944992,0.044950581056382395,SUPPORT,0.43938555136268254,0.0,0.03375302327255262,2.500000000000002,0.0007184448242187891,0.6417103881835948,0,staged_v3,0.2962895273799827,2,0.9809199680150354,0.277397611795658,2,0,0,0
v3_pelvis_proxy:v3_left_hand_proxy,264,0.81024169921875,0.343688964843758,0.810241622952154,0.08336424726831536,0.591462705761225,FLAT,0.0,-1,0.008090180817495702,0.06735595017743146,0.1094413200704837,UNLOADING,0.2306524612919395,0.0,0.0674884775653689,0.1527269478179495,0.810241622952154,0.05329096285281325,0,ok,0.11336001847521791,0.477264903545191,FLAT,0.0,-1,0.003346631402553937,0.0021462057467475136,0.03490456801563658,SUPPORT,0.44150844109014603,0.024599022654034318,0.025626858589448895,2.500000000000002,0.00171844482421879,0.6434288330078136,1,staged_v3,0.3208364481207264,2,1.041130592629552,0.32185526830553657,2,1,1,1
v3_pelvis_proxy:v3_left_hand_proxy,265,1.0,0.14368896484375782,0.7557497902530301,0.009716779548702998,0.5931560736979431,FLAT,0.0,-1,0.007137996617036953,0.010173241841556477,0.10971412427733934,UNLOADING,0.1977021096788053,0.02031246437231049,0.041013168486733184,0.1424554793406568,0.7557497902530301,0.04555265431252019,0,ok,0.020003955493554968,0.4728070595492465,FLAT,0.0,-1,0.0130524714055735,0.0048161166380767265,0.027854322696543324,SUPPORT,0.4432067528721168,0.02157659949675044,0.030585358883113284,-2.500000000000002,0.0007184448242187891,0.6441472778320324,0,staged_v3,0.3224134417224314,2,1.0456417927762327,0.3224134417224314,2,1,0,0
v3_pelvis_proxy:v3_left_hand_proxy,266,0.18475341796875003,0.343688964843758,0.18475239858578243,0.024995160117588334,0.5930005915770596,FLAT,0.0,-1,0.009151610143172012,0.018726098934680847,0.10969367743561986,SUPPORT,0.25983872305639616,0.011758584937100146,0.04249467005431337,0.034825006687811244,0.18475239858578243,0.037699688938129,0,ok,0.04870540743691743,0.4693922145196555,FLAT,0.0,-1,0.01497898856785667,0.0009977605752388196,0.02287754430613786,SUPPORT,0.4445654022976934,0.025146116640068075,0.01956401420306411,2.500000000000002,0.00171844482421879,0.6458657226562512,1,staged_v3,0.2673026959911482,2,1.098759355160074,0.24454007025438051,2,0,1,1
v3_pelvis_proxy:v3_left_hand_proxy,267,0.4095440926110792,0.14368896484375782,0.47643095336586716,0.03998355824723359,0.5885007908004448,FLAT,0.0,-1,0.013413048775831932,0.011678790044487276,0.10880762943556599,SUPPORT,0.29787097844511695,0.018761591427291023,0.04140530412263326,0.08980511898221938,0.47643095336586716,0.023290431577294213,0,ok,0.09818162905694208,0.4652824994012388,FLAT,0.0,-1,0.018940354812948215,0.0117655365236027,0.046373287038961444,SUPPORT,0.44565232183815473,0.015553127828345375,0.018198225891831652,-2.500000000000002,0.0007184448242187891,0.64658416748047,0,staged_v3,0.14293278955470826,2,1.088161910986098,0.09090813946216614,2,0,0,0
v3_pelvis_proxy:v3_left_hand_proxy,268,0.5749181792609337,0.14368896484375782,0.4079586300995169,0.061509204697722294,0.5889938006863835,FLAT,0.0,-1,0.009274208728205072,0.0012680445324937577,0.10755224754501025,SUPPORT,0.3282967827560936,0.029109567844756757,0.017554342915401762,0.07689839011735189,0.4079586300995169,0.04752982643238424,0,ok,0.1129701286507767,0.46825082865997264,FLAT,0.0,-1,0.010956142931705888,0.03505232401907711,0.06309130376779928,UNLOADING,0.3819877044327041,0.003385526564797913,0.024769038623592053,0.0,0.0007184448242187891,0.6473026123046888,0,staged_v3,0.13674698841665173,2,1.0830075955986715,0.12357806228503397,2,1,0,0
v3_pelvis_proxy:v3_left_hand_proxy,269,0.4971594290477914,0.037111392314792546,0.4237383309766246,0.013671364537013297,0.5906160745036564,FLAT,0.0,-1,0.007911735791627914,0.005667273628476748,0.07796995178361579,SUPPORT,0.35263742620487487,0.023231223960704043,0.0377503960866523,0.07987279365843386,0.4237383309766246,0.052957202612861715,0,ok,0.024819447699707106,0.4744139093623406,FLAT,0.0,-1,0.005612516789826722,0.0074512241621026674,0.07502980276562521,UNLOADING,0.32741803237088923,0.021300265976178595,0.033581023190837896,-2.2600044644818795,-0.00018555696157396273,0.6471170553431148,0,staged_v3,0.12019460331700746,2,1.065496672309928,0.12183597884945958,2,1,0,0
v3_pelvis_proxy:v3_left_hand_proxy,270,0.30969238281250006,0.16288860768520763,0.06156347118706554,0.011792860598217303,0.5935476573982106,FLAT,0.0,-1,0.006234185276197013,0.0006737586248305493,0.0565062449899084,SUPPORT,0.38604347310732295,0.027151553624664874,0.02727562822446167,0.01160444092864632,0.06156347118706554,0.05338187473680542,0,Stage A: NoSolutionFound: QP solver proxqp failed to find a solution.,0.03112633039406465,0.47615401922110207,FLAT,0.0,-1,0.005934814165644419,0.01779550613653297,0.08338275081377292,UNLOADING,0.3301611390881451,0.011373631404155676,0.03881559220018588,2.500000000000002,0.0008144430384260382,0.6479314983815408,1,staged_v3,0.09251259424497923,2,1.06428774389903,0.09251259424497923,2,1,1,1
v3_pelvis_proxy:v3_right_hand_proxy,271,0.2984080695165845,0.037111392314792546,0.8946256320597578,0.010752756975721608,0.5972619108883617,FLAT,0.0,-1,0.004010960439781633,0.0037858791519622377,0.0411268270312417,SUPPORT,0.41717676109330126,0.02327046219959985,0.037110551813706344,0.16863295880352364,0.8946256320597578,0.09917993388655486,0,ok,0.023292728206632654,0.4810979618032688,FLAT,0.0,-1,0.0017225904677351446,0.002823391810849352,0.08936789962586697,SUPPORT,0.3541289112705161,0.026645003170444,0.030454302868966263,-2.500000000000002,-0.00018555696157396273,0.6477459414199669,0,staged_v3,0.0975565731322549,2,1.0409009803765965,0.0938801542057721,2,0,0,0
v3_pelvis_proxy:v3_left_hand_proxy,272,1.0000000000000002,0.16288860768520763,0.9999011833806969,0.19683445521819165,0.5979954770774568,FLAT,0.0,-1,0.004503730230743401,0.062318244878145065,0.05842226709466969,SUPPORT,0.44126370088181255,0.0072020224188286235,0.020719090935904863,0.18847693272147228,0.9999011833806969,0.09058050419095573,0,ok,0.19493789199370135,0.4850582032638543,FLAT,0.0,-1,0.0038222199705714604,0.05565603008112732,0.09365644614817586,SUPPORT,0.3733031290164129,0.0,0.04072598911111246,2.500000000000002,0.0008144430384260382,0.6485603844583929,0,staged_v3,0.17016451673770297,2,1.0469447171116233,0.17016451673770297,2,1,1,1
v3_torso_proxy:v3_right_forearm_proxy,273,0.6840209960937507,0.3628886076852078,0.6840209960937501,0.06287803192768468,0.6022422935479047,FLAT,0.0,-1,0.0014364658486579593,0.021708691360261385,0.0717630567795591,UNLOADING,0.3782260293272679,0.00687946147871657,0.04504075102727338,0.12893492017375788,0.6840209960937501,0.10043090582888403,0,ok,0.17966515870631153,0.48889682140601776,FLAT,0.0,-1,0.0026142799452009815,0.06103743869395825,0.09672932400826253,UNLOADING,0.31997411058549674,0.028965670629137425,0.0008707955712757053,2.500000000000002,0.001814443038426039,0.650374827496819,1,staged_v3,0.3199160599463716,2,1.0433835712435577,0.320863950682563,2,1,1,1
v3_pelvis_proxy:v3_right_hand_proxy,274,1.0000000000000002,0.16288860768520763,0.9999815752206073,0.025223486830196807,0.6052488713113238,FLAT,0.0,-1,0.002176580072436847,0.01180435611018315,0.052975281353941125,UNLOADING,0.3410351494854169,0.01584440795751391,0.04048690670102491,0.18849208622629254,0.9999815752206073,0.10071712103327399,0,ok,0.0049741061856839715,0.49007761563313224,FLAT,0.0,-1,0.002783882661728449,0.010991543494349318,0.07058426826596255,UNLOADING,0.2742636839944212,0.01753766991894881,0.03250008096356914,-2.500000000000002,0.0008144430384260382,0.651189270535245,0,staged_v3,0.27547613530194515,2,1.0307140099409215,0.27626526440182375,2,0,0,0
v3_pelvis_proxy:v3_right_hand_proxy,275,0.1411388347546926,0.037111392314792546,0.33130233206124193,0.011599207116716236,0.6055420639131912,FLAT,0.0,-1,0.0034458233663530306,0.008135181239943612,0.04162462060378094,UNLOADING,0.3628165095411287,0.018946049790245438,0.040637290473684584,0.06244901835124583,0.33130233206124193,0.10002012539590274,0,ok,0.024791920697639813,0.48505921982013434,FLAT,0.0,-1,0.008993437447964063,0.011574534901257788,0.051766255398831965,UNLOADING,0.31049494556347923,0.016013777868683812,0.03732756643157583,-2.500000000000002,-0.00018555696157396273,0.651003713573671,0,staged_v3,0.16582569126560828,2,1.0316631428039151,0.16545783122413804,2,0,0,0
v3_pelvis_proxy:v3_right_hand_proxy,276,0.016393019990646043,0.23711139231479272,0.3165051618193377,0.008548160833160613,0.6057277353068227,FLAT,0.0,-1,0.003458457888517104,0.00038670124079048535,0.033499247024839814,SUPPORT,0.40120578148895064,0.026288261110451506,0.034233347302117315,0.0596598174716928,0.3165051618193377,0.10036345119818965,0,ok,0.024551379795414018,0.4876117995367328,FLAT,0.0,-1,0.00446081581142781,0.004786489661022399,0.03828255997675246,SUPPORT,0.3383959564507834,0.022127638337815225,0.03132613980970199,-2.500000000000002,-0.0011855569615739636,0.6498181566120971,1,staged_v3,0.09052607764634349,2,1.0319411624484063,0.08908880018151451,2,0,0,0
v3_pelvis_proxy:v3_right_hand_proxy,277,0.9999999999999999,0.037111392314792546,1.0000000000000002,0.10978004148784155,0.6055507760034388,FLAT,0.0,-1,0.0034490193989837937,0.05744484563448285,0.056152737566531115,SUPPORT,0.4319813828002236,0.0,0.07382739536028532,0.18849555921538763,1.0000000000000002,0.07484240901022388,0,ok,0.17164783164740802,0.4861059025627519,FLAT,0.0,-1,0.005350588901785498,0.0600945275978752,0.06005306030794675,SUPPORT,0.36071676516062673,0.0,0.05600854214827303,2.500000000000002,-0.00018555696157396273,0.6496325996505231,0,staged_v3,0.20534431173366435,2,1.031322317807815,0.1571673648084985,2,0,1,1
v3_pelvis_proxy:v3_right_hand_proxy,278,0.9999999999999999,0.23711139231479272,0.9999999999999999,0.009107870410318372,0.6068366264983476,FLAT,0.0,-1,0.004042565900566857,0.009193583952040525,0.07241491759922072,UNLOADING,0.37026975668590595,0.019427161927920513,0.041158889064665354,0.18849555921538758,0.9999999999999999,0.08190662583719285,0,ok,0.01773921514348014,0.4885346581029427,FLAT,0.0,-1,0.005191028672270017,0.010342780416175975,0.07669894381521727,UNLOADING,0.3091857987091086,0.01849216677458489,0.03541693448409675,-2.500000000000002,-0.0011855569615739636,0.6484470426889491,0,staged_v3,0.3427747910321917,2,1.0239260481040227,0.3427747910321917,2,1,0,0
v3_pelvis_proxy:v3_right_hand_proxy,279,0.12590265914392149,0.4371113923147929,0.44842545509123105,0.01167597728876219,0.6051888597687327,FLAT,0.0,-1,0.004280817615798024,0.0026025630776522176,0.05668269290856187,UNLOADING,0.4066664508705046,0.02523157156777588,0.034520695157714935,0.08452620692383628,0.44842545509123105,0.10139768182376041,0,ok,0.02469787898347306,0.48958832087577947,FLAT,0.0,-1,0.0027126251626047706,0.005803582964267266,0.06077077959363399,UNLOADING,0.32843861424819615,0.022234956015414437,0.031212301159084736,-2.500000000000002,-0.0021855569615739645,0.6462614857273752,0,staged_v3,0.30180814900450337,2,1.0311502512908517,0.2991539400709848,2,0,0,0
v3_pelvis_proxy:v3_left_hand_proxy,280,0.017266621806696858,0.6371113923147931,0.24835829299680132,0.012448750977556277,0.5995715706623357,FLAT,0.0,-1,0.010969848077751237,0.0005724672111446618,0.046060873981459645,UNLOADING,0.4336532508873491,0.02673057648792832,0.031709925868651345,0.046814435324211146,0.24835829299680132,0.09920304688937115,0,ok,0.024881431865368515,0.4863818100318429,FLAT,0.0,-1,0.00695656194173446,0.003211109304441029,0.04948172091882939,UNLOADING,0.33519490545579517,0.024262976741500443,0.02866241768634657,-2.500000000000002,-0.0031855569615739654,0.6430759287658012,0,staged_v3,0.11095585641083895,2,1.032013194715288,0.1022593328299648,2,0,0,0
v3_pelvis_proxy:v3_right_hand_proxy,281,0.6022338867187501,0.26324329272278124,0.6022151797919658,0.15309630872111143,0.5996228324830857,FLAT,0.0,-1,0.0062898655470643855,0.051762394508447475,0.039239601816312815,SUPPORT,0.4552159937035291,0.0,0.061390875320005894,0.1135148870828818,0.6022151797919658,0.06402124338560539,0,ok,0.10227862945481818,0.48518709985590236,FLAT,0.0,-1,0.008398932204749009,0.015663033437501937,0.041514596549558,SUPPORT,0.3581559243646361,0.019066349193552767,0.008009380633925133,4.6733512449001475,-0.0013162164636139062,0.6417597123021873,1,staged_v3,0.21980425619248745,2,1.0401948089744961,0.14982722762719197,2,0,1,1
v3_pelvis_proxy:v3_right_hand_proxy,282,0.10279589643931546,0.006924955270060096,0.1094970703125,0.14705252871999422,0.5805022801156502,FLAT,0.0,-1,0.025679765016010273,0.055633837297564596,0.06100942747297443,UNLOADING,0.3901851374601678,0.0,0.05992195781281247,0.020639711501001305,0.1094970703125,0.06586296384440399,0,ok,0.09374811880065996,0.4861874934619167,FLAT,0.0,-1,0.005999284707395259,0.00604107484417195,0.06401289473877088,UNLOADING,0.3069907923125452,0.022159569892766594,0.009839301565060955,3.2039792181590143,-3.462477635030048e-05,0.641725087525837,1,staged_v3,0.2576430697628167,2,1.0437910584326149,0.2576430697628167,2,1,1,1
v3_pelvis_proxy:v3_right_hand_proxy,283,0.016113281250000104,0.19307504472994008,0.01611328125000001,0.12235284019683433,0.5800757338541154,FLAT,0.0,-1,0.01025274164840944,0.057201541844334555,0.04808970437992101,UNLOADING,0.33445822110552775,0.0,0.06082490845407539,0.0030372819600135714,0.01611328125000001,0.066140931162755,0,ok,0.0788423517343287,0.4886236026465457,FLAT,0.0,-1,0.006001609563706423,0.005948331540981434,0.05204884531395827,UNLOADING,0.2651024302113642,0.021654110724716482,0.011117697012951592,2.500000000000002,0.0009653752236497004,0.6426904627494867,1,staged_v3,0.24656632341900583,2,1.0444612879425044,0.24656632341900583,2,1,1,1
v3_pelvis_proxy:v3_right_hand_proxy,284,0.03253173828124999,0.39307504472994026,0.03253173828125001,0.10051853885976222,0.5866995937596235,FLAT,0.0,-1,0.004351707357694925,0.060387426942721804,0.03897269146177242,UNLOADING,0.2868805259216148,0.0,0.06268505684726683,0.006132088199572852,0.03253173828125001,0.0667051468364854,0,ok,0.06668774099406305,0.4703238278513409,FLAT,0.0,-1,0.030015381465103488,0.005763954551347863,0.043712710124192505,UNLOADING,0.23257675720013007,0.021421680954861765,0.013737227497953163,2.500000000000002,0.0019653752236497013,0.6446558379731364,1,staged_v3,0.24532785772121388,2,1.0424109548431135,0.24532785772121388,2,1,1,1
v3_pelvis_proxy:v3_right_hand_proxy,285,0.2479858398437501,0.5930750447299404,0.24798583984375008,0.08033136929889319,0.5902201714294479,FLAT,0.0,-1,0.005702149053644103,0.053839638134939694,0.03223289713120327,SUPPORT,0.31950442073729185,0.0,0.05203850569680289,0.04674422955884522,0.24798583984375008,0.07719515881294617,0,ok,0.030773256311523944,0.44805905161574866,FLAT,0.0,-1,0.03529929106063126,0.0032098760445478493,0.0340254158315874,SUPPORT,0.2760614057601041,0.023491394747031522,0.0032206225012627746,2.500000000000002,0.002965375223649702,0.6476212131967861,1,staged_v3,0.21401533330331363,2,1.0725076928067991,0.12510044324241357,2,0,1,1
v3_pelvis_proxy:v3_left_hand_proxy,286,0.707834659519445,0.39307504472994026,0.5074125212424054,0.03073846761810071,0.594712450359166,FLAT,0.0,-1,0.0030146615877250952,0.004171641039411437,0.055941475820420576,UNLOADING,0.27386093206053586,0.023625432751609596,0.03531244062660128,0.09564500694447695,0.5074125212424054,0.07841248304023662,0,ok,0.05357389444599621,0.45723420683351423,FLAT,0.0,-1,0.007417712180454323,0.0034712990137104474,0.055587738841047514,SUPPORT,0.3108491246080833,0.02430808792834193,0.029571270409724716,-2.500000000000002,0.0019653752236497013,0.6495865884204358,0,staged_v3,0.09759610915328158,2,1.0295498754903358,0.09936761984112072,2,0,0,0
v3_pelvis_proxy:v3_left_hand_proxy,287,0.03827561082749173,0.19307504472994008,0.2866405284151197,0.0068516143916307875,0.5942730510417874,FLAT,0.0,-1,0.00598897689293367,0.007281653029983668,0.07253327755376457,UNLOADING,0.29462866598394366,0.021345010847704564,0.0382568508314956,0.05403046669740219,0.2866405284151197,0.07068731496468757,0,ok,0.02850735506502647,0.46553849962711424,FLAT,0.0,-1,0.00785852898324879,0.004341879053835718,0.04235280643634659,SUPPORT,0.33867929968646665,0.022775761267981615,0.030245047367317243,-2.500000000000002,0.0009653752236497004,0.6505519636440855,0,staged_v3,0.10243534640239017,2,1.0297150695805322,0.10068248814280131,2,0,0,0
v3_pelvis_proxy:v3_left_hand_proxy,288,0.015629429600344448,0.006924955270060096,0.2533577099634126,0.011310843878132883,0.5983631945274608,FLAT,0.0,-1,0.004106801301035583,0.008757544980384991,0.08384845675135315,UNLOADING,0.34330164401187047,0.02043487785718267,0.03957241819042465,0.047756803221083444,0.2533577099634126,0.0689124249209578,0,ok,0.024163591366813432,0.4743721122517102,FLAT,0.0,-1,0.003117062935657971,0.003115131192169639,0.03271285806279441,SUPPORT,0.3609434397491733,0.023520511710970086,0.029741596503913482,-2.500000000000002,-3.462477635030048e-05,0.6505173388677352,0,staged_v3,0.10421912256077763,2,1.0318703499085191,0.10144624109119164,2,0,0,0
v3_pelvis_proxy:v3_left_hand_proxy,289,0.05798211367758412,0.20692495527006027,0.2986410225801551,0.0078041059016513425,0.5998843556450619,FLAT,0.0,-1,0.004971514330495997,0.00041939558494640417,0.09128560144120829,SUPPORT,0.3782271386144219,0.02914488448711401,0.033098018161666874,0.05629250655590154,0.2986410225801551,0.06806752670923509,0,ok,0.02434334881375624,0.48210884045830293,FLAT,0.0,-1,0.002991823285959955,0.002878508406836595,0.025606960652038373,SUPPORT,0.37875475179933865,0.023401839625765326,0.0295081421246328,-2.500000000000002,-0.0010346247763503014,0.6494827140913849,1,staged_v3,0.10259455900855949,2,1.0330563938229385,0.09592333674731751,2,0,0,0
v3_pelvis_proxy:v3_left_hand_proxy,290,0.043437532527050925,0.40692495527006045,0.9999815798257826,0.009479153469857305,0.6006140712420625,FLAT,0.0,-1,0.0033552582759162866,0.003301171065482473,0.09605300176957221,SUPPORT,0.40855303108894886,0.02650147902299614,0.035991445543362754,0.18849208709434764,0.9999815798257826,0.06887553457176954,0,ok,0.02356581778077291,0.48537549977366545,FLAT,0.0,-1,0.005463907248847473,0.0217300807218674,0.048400465640994504,SUPPORT,0.39300380143947095,0.005689942560182324,0.04617718220257404,-2.500000000000002,-0.0020346247763503023,0.6474480893150346,0,staged_v3,0.11264815785807694,2,1.0336842454905566,0.10147003222184975,2,0,0,0
v3_pelvis_proxy:v3_left_hand_proxy,291,0.9999999999999997,0.20692495527006027,0.9999999999999999,0.11094541166859578,0.602555225748501,FLAT,0.0,-1,0.004451521992103826,0.02462871537921313,0.09897753611409256,SUPPORT,0.43159221759262856,0.005320161426491502,0.05196736165360506,0.18849555921538758,0.9999999999999999,0.042927310822756415,0,ok,0.15507830867251657,0.4887353393297024,FLAT,0.0,-1,0.005472905825546751,0.008855959077073455,0.06419902512821425,SUPPORT,0.40440304115157677,0.01935399217933726,0.05315312704255111,2.500000000000002,-0.0010346247763503014,0.6464134645386843,0,staged_v3,0.1700729631309907,2,1.0421689754411627,0.17120203391102334,2,1,1,1
v3_pelvis_proxy:v3_left_hand_proxy,292,0.4522915384068855,0.006924955270060096,0.54571533203125,0.15634697490399174,0.5997956590997658,FLAT,0.0,-1,0.005854407765013986,0.004070087224910233,0.10073949185123249,UNLOADING,0.36993618650796734,0.025966887367651393,0.05912376974107775,0.1028649166836414,0.54571533203125,0.04314386452037168,0,ok,0.06989289811706241,0.4926024315854694,FLAT,0.0,-1,0.0031655253784913713,0.026880675732958298,0.07524020162383864,UNLOADING,0.34663117812992295,0.0018813343482336348,0.02732880379981513,2.500000000000002,-3.462477635030048e-05,0.646378839762334,1,staged_v3,0.33162310507195486,2,1.0201597037218724,0.3291209145409497,2,1,0,0
v3_pelvis_proxy:v3_left_hand_proxy,293,0.6078560606272915,0.19307504472994008,0.9999996017337816,0.0974772572776946,0.594669222605257,FLAT,0.0,-1,0.009001739055399855,0.009516999001009059,0.07218300012270118,UNLOADING,0.31709262892829854,0.019092151005126002,0.04881406462137769,0.18849548414397405,0.9999996017337816,0.056986311441729456,0,ok,0.06267575625937737,0.4962390795323522,FLAT,0.0,-1,0.004585141519417297,0.045586421210165644,0.05391196027736525,UNLOADING,0.3066165180619159,0.006135701169453129,0.021559896844415134,2.500000000000002,0.0009653752236497004,0.6473442149859837,0,staged_v3,0.16114444581149037,2,1.037552780387538,0.16274772939364326,2,1,1,1
