active_collision_pair,frame_idx,frame_root_angular_budget_usage,frame_root_z_budget_usage,frame_velocity_budget_usage_max,left_anchor_error_xy,left_contact_confidence,left_contact_phase,left_contact_slack,left_elbow_branch_sign,left_foot_vxy,left_heel_height,left_liftoff_probability,left_load_phase,left_lock_weight,left_swing_clearance_error,left_toe_height,max_joint_delta,max_joint_velocity_ratio,min_self_collision_distance,qp_resolve_count,qp_status,right_anchor_error_xy,right_contact_confidence,right_contact_phase,right_contact_slack,right_elbow_branch_sign,right_foot_vxy,right_heel_height,right_liftoff_probability,right_load_phase,right_lock_weight,right_swing_clearance_error,right_toe_height,root_ddz,root_dz,root_z,safety_backtracked,solver_mode,stage_a_high_priority_error,stage_a_iterations,stage_b_detail_error,stage_b_high_priority_error,stage_b_iterations,stage_b_rejected,stage_c_iterations,stage_c_triggered
v3_pelvis_proxy:v3_left_hand_proxy,0,0.9999999999999999,1.0000000000000009,1.0,0.0,0.12357720028410116,AIR,0.0,-1,0.0,0.09233622918627127,0.004814789111619303,UNLOADED,0.024596440425145777,0.0,0.14252109681649724,0.1884955592153876,1.0,0.043977907920288134,0,ok,0.0,0.16111272075575547,AIR,0.0,1,0.0,0.10265465559879525,0.00452980993017916,UNLOADED,0.03207658215067957,0.0,0.08511812730247842,0.0,-0.0050000000000000044,0.745,0,staged_v3,0.6698804288045889,2,1.1125564547099374,0.6700417226550007,2,0,0,0
v3_pelvis_proxy:v3_right_hand_proxy,1,0.9999999999999999,1.0000000000000009,1.0,0.0,0.21532173812201022,AIR,0.0,-1,0.004183298203560644,0.11029012384699974,0.008097233848608153,UNLOADED,0.062392797871266135,0.0,0.1754761041655487,0.1884955592153876,1.0,0.03674544221517344,0,ok,0.0,0.2627211185761561,AIR,0.0,1,0.01996337944536292,0.09707449481476747,0.007634866987794642,UNLOADED,0.07780432127673217,0.0,0.08362758905316259,0.0,-0.0050000000000000044,0.74,0,staged_v3,0.5933643757443163,2,1.0420401015985554,0.5936944867557442,2,0,0,0
v3_pelvis_proxy:v3_right_hand_proxy,2,0.9999999999999996,1.0000000000000009,0.9999999999999999,0.0,0.2815739857988295,FLAT,0.0,-1,0.006472418167306365,0.11967313332798828,0.010338755049871168,UNLOADED,0.1056468105632608,0.0,0.17469710068869632,0.18849555921538758,0.9999999999999999,0.03432393254137843,0,ok,0.0,0.33387874884577995,FLAT,0.0,1,0.0281940245320151,0.08749139449034274,0.007756418637115589,UNLOADED,0.12850126612052487,0.0,0.08492747201277158,0.0,-0.0050000000000000044,0.735,0,staged_v3,0.5179163298354923,2,0.9360268569698534,0.5177522353342514,2,0,0,0
v3_pelvis_proxy:v3_right_hand_proxy,3,1.0000000000000002,1.0000000000000009,0.8746052607945544,0.0,0.3346528383566504,FLAT,0.0,-1,0.007624015122600417,0.12243223081757368,0.011925905332037044,UNLOADED,0.15064980850807094,0.0,0.1621331286548837,0.16485920772618945,0.8746052607945544,0.039308329482812446,0,ok,0.0,0.4019385941104242,FLAT,0.0,-1,0.013291481157473773,0.08271464767067442,0.0072371082419875055,UNLOADED,0.18260695709606284,0.0,0.08797571756470449,0.0,-0.0050000000000000044,0.73,0,staged_v3,0.4419617142739837,2,0.8514039679523359,0.44129182463079764,2,0,0,0
v3_pelvis_proxy:v3_right_hand_proxy,4,1.0000000000000002,1.0000000000000009,0.4763101535295993,0.0,0.3534308756504585,FLAT,0.0,-1,0.031091608255897598,0.11971252131871302,0.012335166811436432,UNLOADED,0.19033409617505637,0.0,0.14980410641233355,0.08978234874952895,0.4763101535295993,0.05207865237515774,0,ok,0.0,0.4596631240028747,FLAT,0.0,-1,0.007677787955866508,0.08116967977178703,0.006659816639038705,UNLOADED,0.23740593605310784,0.0,0.09163276973573034,0.0,-0.0050000000000000044,0.725,0,staged_v3,0.3654987293713229,2,0.8127403943735125,0.3647217024311938,2,0,0,0
v3_torso_proxy:v3_right_forearm_proxy,5,0.9999999999999997,1.0000000000000009,0.6150144386653796,0.0,0.37280528105066385,FLAT,0.0,-1,0.026739335774715437,0.1120005263940673,0.010508330981477645,SUPPORT,0.2422672769400451,0.0,0.13857143571925745,0.11592749054176843,0.6150144386653796,0.06364597232360375,0,ok,0.0,0.5125825664753954,FLAT,0.0,-1,0.0039646733795827074,0.07982969318395777,0.006325620753668091,SUPPORT,0.2917927815534723,0.0,0.09437337900543963,0.0,-0.0050000000000000044,0.72,0,staged_v3,0.2888539138692056,2,0.8038557460537098,0.2881709492708251,2,0,0,0
v3_torso_proxy:v3_right_forearm_proxy,6,1.0000000000000004,1.0000000000000009,0.6873781886998135,0.0,0.40570012459278193,FLAT,0.0,-1,0.007551675900579795,0.10098968656958052,0.03757459635768456,SUPPORT,0.2838138215520361,0.0,0.12790241875342528,0.12956773607143157,0.6873781886998135,0.06431332227325343,0,ok,0.0,0.5524244725480845,FLAT,0.0,-1,0.005902561090354785,0.07730060165930112,0.03438619777431706,SUPPORT,0.3401199643187125,0.0,0.09497837413643234,0.0,-0.0050000000000000044,0.715,0,staged_v3,0.2185335584720201,2,0.8137319940205705,0.21249972929239555,2,0,0,0
v3_torso_proxy:v3_right_forearm_proxy,7,0.8507239496209374,1.0000000000000009,0.7041191542705458,0.0,0.42782483543547334,FLAT,0.0,-1,0.010400011366729408,0.08889864170197379,0.05731818838181528,SUPPORT,0.3170510572416289,0.0,0.11811127694645775,0.13272333373849232,0.7041191542705458,0.06577029665725663,0,ok,0.02017292179965198,0.5752521414373927,FLAT,0.0,-1,0.010401162743067412,0.0745306722387172,0.054942320924370236,SUPPORT,0.38082526218899165,0.0,0.09376677438596234,0.0,-0.0050000000000000044,0.71,0,staged_v3,0.1662420357736584,2,0.8367443140609724,0.15557312678981722,2,0,0,0
v3_pelvis_proxy:v3_right_hand_proxy,8,0.5460628230409373,1.0000000000000009,0.5958329574919285,0.0,0.4492782794265884,FLAT,0.0,-1,0.007606588776246471,0.07812886451010435,0.07156223006844549,SUPPORT,0.3436408457933031,0.0,0.10937273549697824,0.11231186652139935,0.5958329574919285,0.06299802993871986,0,ok,0.04044033428814545,0.5967350754831479,FLAT,0.0,-1,0.008517485595937348,0.07209481002454207,0.06967142678539405,SUPPORT,0.3990128431643251,0.0,0.09121090274761723,0.0,-0.0050000000000000044,0.705,0,staged_v3,0.15092624672758753,2,0.8717736918440555,0.1440343472205879,2,0,0,0
v3_pelvis_proxy:v3_right_hand_proxy,9,0.3921172482438668,1.0000000000000009,0.44112221803201757,0.0191581124161137,0.4641684894426873,FLAT,0.0,-1,0.008730605515618741,0.0700542438210637,0.08177835960859066,SUPPORT,0.3649126766346425,0.0,0.10291567829784457,0.0831495791702773,0.44112221803201757,0.059662279853463604,0,ok,0.06096922155677437,0.6130247684723757,FLAT,0.0,-1,0.008732417275956436,0.06930326020654862,0.08022529231157352,SUPPORT,0.4092102745314601,0.0,0.08823093164108858,0.0,-0.0050000000000000044,0.7,0,staged_v3,0.14087276987656192,2,0.9009996614259547,0.13634390898234208,2,0,0,0
v3_pelvis_proxy:v3_right_hand_proxy,10,0.23850709377409354,1.0000000000000009,0.29087953669145034,0.03669370414378202,0.4769845955375268,FLAT,0.0,-1,0.008637997789506796,0.06292199636777938,0.08915272105171732,SUPPORT,0.381930141307714,0.0,0.09684181976556021,0.05482950093296779,0.29087953669145034,0.058378536611138926,0,ok,0.08076514572251155,0.6294905239889452,FLAT,0.0,-1,0.0055295140470590495,0.06590423004076018,0.08778746740866644,SUPPORT,0.41736821962516807,0.0,0.08469297010580987,0.0,-0.0050000000000000044,0.695,0,staged_v3,0.13453155267690936,2,0.922781639348832,0.1316510057999039,2,0,0,0
v3_pelvis_proxy:v3_right_hand_proxy,11,0.12360346479283417,1.0000000000000009,0.21588457227880742,0.04247885609204496,0.4844715755609579,FLAT,0.0,-1,0.01014940040623589,0.05763443211687961,0.0945074401288862,SUPPORT,0.3955441130461712,0.0,0.0921255447273126,0.04069328317766857,0.21588457227880742,0.05886037479295472,0,ok,0.08923363314458571,0.640471553282625,FLAT,0.0,-1,0.00724127149118763,0.05966166605492589,0.0932060026417749,UNLOADING,0.3577441882501441,0.0,0.07844033739614979,0.0,-0.0050000000000000044,0.69,0,staged_v3,0.13023759345494768,2,0.9377752229140689,0.12804072249090828,2,0,0,0
v3_pelvis_proxy:v3_right_hand_proxy,12,0.05927856007386755,1.0000000000000009,0.2258570676346726,0.041851603757811974,0.4900721286381413,FLAT,0.0,-1,0.010631443892968842,0.05229247686116904,0.07013504167662558,SUPPORT,0.406435290436937,0.0,0.08707569844337437,0.04257305426654523,0.2258570676346726,0.0591694524422626,0,ok,0.08963361151349737,0.6457663483770487,FLAT,0.0,-1,0.010631322322952127,0.05430624361996604,0.0972008811311413,UNLOADING,0.3066378756429807,0.0,0.07304497783626998,0.0,-0.0050000000000000044,0.6849999999999999,0,staged_v3,0.12804729093713466,2,0.9483354884811209,0.1264207384973461,2,0,0,0
v3_pelvis_proxy:v3_right_hand_proxy,13,0.02272090040263057,1.0000000000000009,0.2334560078705288,0.04138352803171155,0.49848392389836144,FLAT,0.0,-1,0.005678953467580778,0.047128309843178326,0.05261692181487582,SUPPORT,0.4151482323495496,0.0,0.08207349107144044,0.04400542075574726,0.2334560078705288,0.05980731953785995,0,ok,0.08965990538894508,0.654161704942596,FLAT,0.0,-1,0.0057293505526680106,0.049141404742106626,0.10017602729050078,UNLOADING,0.2628324648368406,0.0,0.06780875884248674,0.0,-0.0050000000000000044,0.6799999999999999,0,staged_v3,0.12650816280558397,2,0.9551986153423515,0.12518723299551401,2,0,0,0
v3_pelvis_proxy:v3_right_hand_proxy,14,0.010002538908379486,1.0000000000000009,0.23704718227989377,0.04142306655597694,0.4990972768723411,FLAT,0.0,-1,0.013804890295623538,0.042050149455630535,0.04178699338419111,SUPPORT,0.4221185858796397,0.0,0.07705558623365098,0.044682341184280494,0.23704718227989377,0.06020989028016713,0,ok,0.08992642791831472,0.6540567849653487,FLAT,0.0,-1,0.013805155192475537,0.044061728383619186,0.10233589173908475,UNLOADING,0.22528496986014906,0.0,0.06272750811052186,0.0,-0.0050000000000000044,0.6749999999999999,0,staged_v3,0.1256274327515544,2,0.9597874990089365,0.12447548796735984,2,0,0,0
v3_pelvis_proxy:v3_right_hand_proxy,15,0.0009782391697822472,1.0000000000000009,0.24275543771471167,0.0411897392746229,0.5014332764409153,FLAT,0.0,-1,0.009661191557969202,0.03696236354042118,0.03707932745862632,SUPPORT,0.42769486870371176,0.0,0.07205138787504128,0.04575832198461077,0.24275543771471167,0.06089708812387051,0,ok,0.08984338956778536,0.6627332830954968,FLAT,0.0,-1,0.005540544759362445,0.038998438509885935,0.10506553587810158,UNLOADING,0.19310140273727064,0.0,0.05765814654869583,0.0,-0.0050000000000000044,0.6699999999999999,0,staged_v3,0.12471417730802843,2,0.9626991000388999,0.12367200888686596,2,0,0,0
v3_pelvis_proxy:v3_right_hand_proxy,16,0.003368474235476496,1.0000000000000009,0.24314561546116603,0.041081521197648393,0.5076674904057334,FLAT,0.0,-1,0.004907938518284225,0.031870600951778634,0.03351631435174421,SUPPORT,0.4321558949629694,0.0,0.06701094573094041,0.045831868757122085,0.24314561546116603,0.061462411632952116,0,ok,0.08972124385969424,0.6698542094673654,FLAT,0.0,-1,0.00528532580609007,0.033990144873184976,0.10694389805954706,UNLOADING,0.1655154880605177,0.0,0.05261060581720869,0.0,-0.0050000000000000044,0.6649999999999999,0,staged_v3,0.12358220220076258,2,0.964532857497941,0.12260894395025043,2,0,0,0
v3_pelvis_proxy:v3_right_hand_proxy,17,0.03671557644124099,1.0000000000000009,0.23787030855572544,0.041088322806555576,0.510365665706199,FLAT,0.0,-1,0.008528493375944749,0.02580551998510648,0.031014276729926023,SUPPORT,0.43572471597037554,0.0007451938513898214,0.06094868954794825,0.044837496831948265,0.23787030855572544,0.06159310187891848,0,ok,0.08813619342951189,0.6722545037416302,FLAT,0.0,-1,0.00853073739030247,0.03264747687445216,0.10829283926291638,UNLOADING,0.1418704183375866,0.0,0.04993580184898093,0.0,-0.0050000000000000044,0.6599999999999999,0,staged_v3,0.12479061024182204,2,0.9660028837040465,0.12410429274104806,2,0,0,0
v3_pelvis_proxy:v3_right_hand_proxy,18,0.03105874748150587,1.0000000000000009,0.22741979272491772,0.04103656623833273,0.5151151055380117,FLAT,0.0,-1,0.0028211508015878062,0.019952760398265653,0.029302817914604064,SUPPORT,0.43857977277630045,0.00651238049746455,0.055114249238031966,0.0428676210063309,0.22741979272491772,0.06185767877028957,0,ok,0.08619066552442933,0.6717465554575985,FLAT,0.0,-1,0.009787472427409044,0.03162930718772638,0.10928309280472473,UNLOADING,0.12160321571793137,0.0,0.047825699665838425,0.0,-0.0050000000000000044,0.6549999999999999,0,staged_v3,0.12610992662443896,2,0.9670862175786965,0.12543761851590166,2,0,0,0
v3_pelvis_proxy:v3_right_hand_proxy,19,0.014484206205641018,1.0000000000000009,0.2099376762330159,0.04132587201428017,0.5120924920329363,FLAT,0.0,-1,0.007883258402971636,0.014715611778817389,0.028033473518067724,SUPPORT,0.44086381822104037,0.011686061897086,0.049912535436246463,0.03957231968192132,0.2099376762330159,0.06219058000327794,0,ok,0.08528678914430166,0.6688200774172458,FLAT,0.0,-1,0.007883423992888832,0.029643645609989708,0.10983915617502304,UNLOADING,0.10423132775822688,0.0008483121987614452,0.04578421400104971,0.0,-0.0050000000000000044,0.6499999999999999,0,staged_v3,0.12804663408326303,2,0.9677154718858173,0.12731604501315455,2,0,0,0
v3_pelvis_proxy:v3_right_hand_proxy,20,0.00673924215079326,1.0000000000000009,0.18871946612197696,0.04127577889384306,0.5135579516049845,FLAT,0.0,-1,0.005947315832334256,0.009549579272220686,0.027041628845808765,SUPPORT,0.4426910545768323,0.016802502170069754,0.044711463625788525,0.03557278130149144,0.18871946612197696,0.06265561473683633,0,ok,0.08440460831097783,0.6656106915940194,FLAT,0.0,-1,0.012570483483595617,0.026318540624583265,0.11029242126888772,UNLOADING,0.08934113807848018,0.004196080438861122,0.0424319187673394,0.0,-0.0050000000000000044,0.6449999999999999,0,staged_v3,0.12865693042575227,2,0.9682222192712066,0.12820326307639798,2,0,0,0
v3_pelvis_proxy:v3_right_hand_proxy,21,0.03688696813820105,1.0000000000000009,0.28241983224610784,0.03863670515711288,0.49631742501245957,FLAT,0.0,-1,0.02697301125556237,0.009447831171168649,0.026588719880485563,SUPPORT,0.44415284366146585,0.01688160482285563,0.04391862632269593,0.05323488421274605,0.28241983224610784,0.06306522138592892,0,ok,0.08378637292275715,0.6618414093460233,FLAT,0.0,-1,0.013951147408944035,0.02150096963538544,0.11074661906866934,UNLOADING,0.07657811835298302,0.009036361318048029,0.03776064294458191,0.0,-0.0050000000000000044,0.6399999999999999,0,staged_v3,0.1291364007268993,2,0.9688365122930536,0.12851140240694597,2,0,0,0
v3_pelvis_proxy:v3_right_hand_proxy,22,1.0,0.8000000000000007,1.0,0.03200209959020623,0.46456287448598077,FLAT,0.0,-1,0.04719125677938879,0.04191918035350675,0.023464974036813684,SUPPORT,0.4453222749291727,0.0017375460497409713,0.024435702652099715,0.1884955592153876,1.0,0.0762398815530395,0,ok,0.06824658328873061,0.6503403912592737,FLAT,0.0,-1,0.022049015780955746,0.03921264292688227,0.11022268761807541,UNLOADING,0.06563838715969973,0.022630285759418466,0.007880848621485307,2.500000000000002,-0.0040000000000000036,0.6359999999999999,0,staged_v3,0.12338834359346634,2,0.9801901930160571,0.12480532723075062,2,1,1,1
v3_pelvis_proxy:v3_right_hand_proxy,23,0.5946655273437497,0.3567993164062422,0.5946617809027127,0.04123450373865561,0.4570460582771906,FLAT,0.0,-1,0.02873745791519588,0.0023944649837477116,0.019049685610003003,SUPPORT,0.4462578199433382,0.02355801929675244,0.01334157820519952,0.11209110493527513,0.5946617809027127,0.0637891660182376,0,ok,0.024270379379345636,0.6469685098928896,FLAT,0.0,-1,0.015235579200282368,0.04322613640105238,0.1088889445550373,SUPPORT,0.1425107097277598,0.02307615453137544,0.007368292696376424,5.540008544921982,-0.001783996582031211,0.6342160034179687,1,staged_v3,0.2880296421286132,2,0.9444895574680383,0.2827837829826125,2,1,1,1
v3_pelvis_proxy:v3_right_hand_proxy,24,0.9999999999999999,0.156799316406242,0.8890242649589921,0.18355748062963473,0.47250139097025556,FLAT,0.0,-1,0.005217398229489181,0.07472461887062243,0.044233110709914564,SUPPORT,0.44700625595467053,0.0,0.08658308842158377,0.16757712597949415,0.8890242649589921,0.04043290075144414,0,ok,0.2280331387915643,0.6576260965335474,FLAT,0.0,-1,0.004961003483719612,0.11072760602365944,0.10787448065282278,SUPPORT,0.2067142390474958,0.0,0.06038671399324083,2.500000000000002,-0.00078399658203121,0.6334320068359375,0,staged_v3,0.18095562916759428,2,0.9762587232302269,0.17964410889836116,2,1,1,1
v3_pelvis_proxy:v3_right_hand_proxy,25,0.9999999999999997,0.3567993164062422,0.7795244024810716,0.036377157215570166,0.4783716479360086,FLAT,0.0,-1,0.00816784774727189,0.011413658801045109,0.06219600420831031,UNLOADING,0.3831482193897176,0.016696141409370407,0.039989777777527165,0.14693688816771047,0.7795244024810716,0.06012385296175915,0,ok,0.070467649750942,0.66345541120795,FLAT,0.0,-1,0.005496509550999659,0.018293128275175197,0.1071867524762977,UNLOADING,0.17718363346928212,0.012066209348639691,0.0292339967476604,-2.500000000000002,-0.001783996582031211,0.6316480102539063,0,staged_v3,0.14399037447151275,2,0.9602919395765489,0.14271938470779932,2,0,0,0
v3_pelvis_proxy:v3_right_hand_proxy,26,0.25109640730745625,0.5567993164062424,0.22900830129127964,0.03876112018448031,0.48863745702180506,FLAT,0.0,-1,0.0020266639708483606,0.0067180590655446445,0.04665240332274909,UNLOADING,0.36761037590462387,0.020614561100592812,0.03978906360714658,0.04316704781686573,0.22900830129127964,0.06272794071920719,0,ok,0.083393421988068,0.6719769800526811,FLAT,0.0,-1,0.002580196691948539,0.010977182444943372,0.07824092965325471,UNLOADING,0.16401242497591248,0.017934864037719364,0.028550265210782157,-2.500000000000002,-0.002783996582031212,0.628864013671875,0,staged_v3,0.1609504747774979,2,0.9692488177611241,0.162729881159126,2,0,0,0
v3_pelvis_proxy:v3_right_hand_proxy,27,0.33551025390625006,0.3567993164062422,0.33551025390625006,0.03034074821688004,0.48753842287312055,FLAT,0.0,-1,0.01192961558809456,0.026161819087798393,0.03484622066791108,UNLOADING,0.35195071546762535,0.000580491945597162,0.04582818337420491,0.06324219293255529,0.33551025390625006,0.06955239072918167,0,ok,0.04588213524842387,0.6746009626520852,FLAT,0.0,-1,0.006551194551101505,0.002331559982042622,0.057457610864309124,UNLOADING,0.14620725143592705,0.025541320561172837,0.01204669880642022,2.500000000000002,-0.001783996582031211,0.6270800170898438,1,staged_v3,0.13823688488295907,2,0.97691674511153,0.13823688488295907,2,1,1,1
v3_pelvis_proxy:v3_right_hand_proxy,28,0.9999999999999999,0.156799316406242,0.775606158738508,0.09078527187952781,0.49284425343343014,FLAT,0.0,-1,0.003017701504764916,0.04750157669445389,0.026201716837211918,SUPPORT,0.3715605723741003,0.0,0.0550776709496231,0.14619831662231375,0.775606158738508,0.0654503447435528,0,ok,0.08510128897561496,0.6719698044663556,FLAT,0.0,-1,0.0077234338285439574,0.05459668535524332,0.04236261717581203,SUPPORT,0.20696580114874163,0.0,0.03310737944088948,2.500000000000002,-0.00078399658203121,0.6262960205078126,0,staged_v3,0.14608274368616683,2,0.9789082800950094,0.13848077220071348,2,0,1,1
v3_pelvis_proxy:v3_left_hand_proxy,29,0.9175415039062501,0.04320068359375817,0.91754150390625,0.11319776980311809,0.49872703759860276,FLAT,0.0,-1,0.0024994921309508737,0.11105115521803459,0.04816438728093783,UNLOADING,0.3184804906063717,0.0,0.11818441402362065,0.17295249888213635,0.91754150390625,0.05738856666207799,0,ok,0.09793494222135181,0.6745392115212108,FLAT,0.0,-1,0.002499550691788291,0.019510187136486622,0.05992569681517813,UNLOADING,0.17739925812749283,0.025915832599336032,0.0020804522414228756,2.500000000000002,0.00021600341796879086,0.6265120239257814,1,staged_v3,0.21108127160534296,2,0.9694565097986164,0.21188535233753047,2,1,1,1
v3_pelvis_proxy:v3_right_hand_proxy,30,0.9997756719330887,0.156799316406242,0.9097305526643155,0.07574082796643437,0.503395619844092,FLAT,0.0,-1,0.003571310931514093,0.03044941308396077,0.03572876404745903,UNLOADING,0.27339541012866375,0.0,0.06428027570629466,0.17148016925978377,0.9097305526643155,0.06682583832520855,0,ok,0.10568113544697792,0.6752166152151504,FLAT,0.0,-1,0.00616261107168844,0.01713629080007362,0.04418290208571079,UNLOADING,0.15404511225736675,0.010072854304211922,0.028266568411275263,-2.500000000000002,-0.00078399658203121,0.6257280273437502,0,staged_v3,0.2816215689706574,2,0.9533495297095066,0.2835886171175383,2,1,0,0
v3_pelvis_proxy:v3_left_hand_proxy,31,0.48114013671875,0.04320068359375817,0.48114013671875,0.08029593503971162,0.5063887378698383,FLAT,0.0,-1,0.005543734483834475,0.06567356638080821,0.026684843059692893,UNLOADING,0.2414359638961978,0.0,0.08190757261493421,0.09069277913176883,0.48114013671875,0.0746940162186713,0,ok,0.05877067154020213,0.6807126320785958,FLAT,0.0,-1,0.002553706711152254,0.0036378752867642127,0.0327947336501144,UNLOADING,0.13311815321337278,0.026131062628765477,0.0005086740537402464,2.500000000000002,0.00021600341796879086,0.625944030761719,1,staged_v3,0.3532607650634661,2,0.9795372011928948,0.354151442579041,2,1,1,1
v3_pelvis_proxy:v3_right_hand_proxy,32,0.9999999999999999,0.156799316406242,0.9999999999999999,0.12383858223022798,0.5081033440858276,FLAT,0.0,-1,0.004030305899601914,0.03288529773732101,0.02024721513700258,SUPPORT,0.28314877111695824,0.0,0.06242491751949991,0.18849555921538758,0.9999999999999999,0.05070948423286721,0,ok,0.12025161907161686,0.6806748031573278,FLAT,0.0,-1,0.004031629910373423,0.05404616306045508,0.02463475439592146,SUPPORT,0.19649452257069822,0.0,0.050281746459450306,-2.500000000000002,-0.00078399658203121,0.6251600341796878,0,staged_v3,0.27935608429490105,2,0.9596749167891159,0.2773959355133588,2,0,0,0
v3_pelvis_proxy:v3_right_hand_proxy,33,0.9981079101562506,0.04320068359375817,0.9981079101562501,0.07941475807751588,0.5101257096497837,FLAT,0.0,-1,0.004199513757665976,0.03605175178015486,0.04413389444044231,UNLOADING,0.2426989466716785,0.02240612047737238,0.004800574244649736,0.1881389086822042,0.9981079101562501,0.07507815696146794,0,ok,0.14950532785493545,0.6813802861930549,FLAT,0.0,-1,0.004325250751555138,0.06222731739792946,0.04715011340366261,UNLOADING,0.1684238764891699,0.01999837147010243,0.007359134200080702,2.500000000000002,0.00021600341796879086,0.6253760375976566,1,staged_v3,0.3706433899622909,2,1.009865462346375,0.3716744817790525,2,1,1,1
v3_pelvis_proxy:v3_right_hand_proxy,34,0.13885498046874992,0.24320068359375835,0.13885498046875,0.07193426076628935,0.5122491139059613,FLAT,0.0,-1,0.004413873584299709,0.03179869708947755,0.03307031025746407,UNLOADING,0.21370561653226872,0.015647711968874534,0.01100580354399867,0.026173547193298757,0.13885498046875,0.06856039867060582,0,ok,0.10772151209845698,0.6785367357466163,FLAT,0.0,-1,0.0065485060936270505,0.05395618756075574,0.03492887931616979,UNLOADING,0.14437557230211132,0.022288618688481716,0.004457825277326775,2.500000000000002,0.0012160034179687917,0.6265920410156254,1,staged_v3,0.4410222615506272,2,0.9872413978572612,0.4310390797996808,2,0,1,1
v3_pelvis_proxy:v3_right_hand_proxy,35,0.892968138448312,0.04320068359375817,0.9999995463553183,0.0503703747807709,0.5125530049637766,FLAT,0.0,-1,0.0054659692887817505,0.01662865907130238,0.025131936967859037,UNLOADING,0.19218525731270472,0.009627937777090572,0.04508435576182802,0.18849547370537964,0.9999995463553183,0.06283319298726049,0,ok,0.07896799097828862,0.6798948386626567,FLAT,0.0,-1,0.005467173329446067,0.00651581589444878,0.026161987762696785,UNLOADING,0.12466254828383214,0.01979228349368606,0.026590980914670673,-2.500000000000002,0.00021600341796879086,0.6268080444335942,0,staged_v3,0.1315397079732654,2,0.9685216249262966,0.13114344077921344,2,0,0,0
v3_pelvis_proxy:v3_right_hand_proxy,36,0.2290649414062501,0.24320068359375835,0.22906494140625008,0.08996162385963839,0.5146492283217566,FLAT,0.0,-1,0.0027990720627281396,0.018793363685822975,0.019306793740510246,SUPPORT,0.2437482058501638,0.007171976001202538,0.05655320053361736,0.043177724227011105,0.22906494140625008,0.06841927913049557,0,ok,0.07421348059498072,0.68383070621243,FLAT,0.0,-1,0.0009139259756035,0.001938463951277559,0.019920152109403035,SUPPORT,0.18973003862706572,0.024057543654192597,0.012466248692287282,2.500000000000002,0.0012160034179687917,0.628024047851563,1,staged_v3,0.27114168428832125,2,1.0277499485612542,0.26391638626249847,2,0,1,1
v3_pelvis_proxy:v3_right_hand_proxy,37,0.14392735888570246,0.14320068359376936,0.9693506809708615,0.06281636953157961,0.513781859993527,FLAT,0.0,-1,0.0073582064384624885,0.05053335067094603,0.043357932674805026,UNLOADING,0.20892703358585468,0.0,0.07235493820039618,0.18271829868541933,0.9693506809708615,0.06832792781378895,0,ok,0.08042389620548819,0.6833061150289321,FLAT,0.0,-1,0.007358751730052697,0.0025531276609766064,0.04373957994401516,SUPPORT,0.24178403090165257,0.024633851336224154,0.015680233506200694,-1.2499999999998623,0.0007160034179688468,0.6287400512695318,0,staged_v3,0.13825739220131766,2,0.9723449676165611,0.1392671138765076,2,1,0,0
v3_pelvis_proxy:v3_right_hand_proxy,38,0.3965945865373595,0.056799316406230815,0.8286739590886566,0.04034689321745418,0.5151841881270897,FLAT,0.0,-1,0.002523868480901012,0.007656357294620025,0.06063352952337122,UNLOADING,0.1933438486901814,0.020375319181548536,0.04060734296485641,0.15620136132564555,0.8286739590886566,0.061818581120893126,0,ok,0.0859054973274941,0.6898147204745734,FLAT,0.0,-1,0.0005716006914014929,0.0039988894954717915,0.03252843044373424,SUPPORT,0.2834272247213221,0.022627532026714924,0.022253972820990335,-2.500000000000002,-0.0002839965820311541,0.6284560546875007,0,staged_v3,0.14297166724586508,2,0.9732225842208099,0.14474600986816283,2,1,0,0
v3_pelvis_proxy:v3_right_hand_proxy,39,0.6961773908753169,0.256799316406231,0.7778320312500001,0.07684537042677873,0.5124826056701395,FLAT,0.0,-1,0.005675622844066313,0.018864537611800365,0.07284244150408886,UNLOADING,0.20422835522254362,0.009777584463404081,0.05177934045989856,0.14661788370610962,0.7778320312500001,0.00999257352380311,0,ok,0.07842969859837502,0.6854177935989892,FLAT,0.0,-1,0.005675356840658484,0.03458159841231,0.024482273582233247,SUPPORT,0.3167417797770577,0.00045842735935925846,0.025765686319752405,-2.500000000000002,-0.001283996582031155,0.6271720581054695,1,staged_v3,0.19334016370650955,2,1.0006904980696585,0.17467239907962268,2,0,1,1
v3_pelvis_proxy:v3_right_hand_proxy,40,0.6553344726562502,0.056799316406230815,0.65533447265625,0.05820728655797501,0.5115105459989364,FLAT,0.0,-1,0.0044003129688935496,0.04071247874513652,0.08157812637298148,SUPPORT,0.2533826841780349,0.0,0.0494985089229522,0.12352763789646098,0.65533447265625,0.025970481237168212,0,ok,0.02922411767415198,0.6847351663722805,FLAT,0.0,-1,0.005822179597195586,0.036159429670390736,0.018689242190354515,SUPPORT,0.34339342382164617,0.023422395163862613,0.0025120669456551144,2.500000000000002,-0.0002839965820311541,0.6268880615234383,1,staged_v3,0.20678425957406052,2,1.0307554878604526,0.20678425957406052,2,1,1,1
v3_pelvis_proxy:v3_right_hand_proxy,41,0.9999999999999999,0.14320068359376936,0.8945054461196008,0.09792390080244509,0.5088605232048666,FLAT,0.0,-1,0.005202791796343439,0.01260926143651989,0.08783751810084872,SUPPORT,0.29270614734242795,0.01678261446852255,0.016356003417967807,0.1686103042875239,0.8945054461196008,0.040165857844850536,0,ok,0.12520171880852785,0.6823486156903775,FLAT,0.0,-1,0.006916087075607874,0.06871442587724669,0.04326031856739021,SUPPORT,0.3674973481510076,0.0,0.030957198300661647,2.500000000000002,0.0007160034179688468,0.6276040649414072,0,staged_v3,0.1959602318982716,2,0.9890477214728681,0.19155854685838508,2,1,1,1
v3_pelvis_proxy:v3_right_hand_proxy,42,0.3501586914062499,0.056799316406230815,0.212353619662441,0.05300593505201428,0.5094468336447076,FLAT,0.0,-1,0.005116416957374603,0.0062160405936419645,0.09232256825901218,UNLOADING,0.25089098343636684,0.023400087819308645,0.019830375334261914,0.04002771428968355,0.212353619662441,0.04097925547898634,0,ok,0.06317408142015639,0.6835424364531961,FLAT,0.0,-1,0.0051154056695561926,0.04200645092328158,0.06084683952396586,UNLOADING,0.31499772698657796,0.004961883945492192,0.023080458030706102,-2.500000000000002,-0.0002839965820311541,0.627320068359376,1,staged_v3,0.18724049714627858,2,0.9866689202735961,0.18724049714627858,2,1,0,0
v3_pelvis_proxy:v3_right_hand_proxy,43,0.8254276983255842,0.256799316406231,0.9999962374980715,0.09892171089693179,0.5060745330984607,FLAT,0.0,-1,0.007319096554479018,0.047132331848978616,0.06704021190865106,UNLOADING,0.2369722533508386,0.0,0.0690762944390548,0.18849485000048255,0.9999962374980715,0.017883135750293655,0,ok,0.08432441585701628,0.6859213162346145,FLAT,0.0,-1,0.0028772740984763534,0.025054731415205023,0.04508989108543318,UNLOADING,0.2889580020440259,0.005294043232313073,0.021960451321958587,-2.500000000000002,-0.001283996582031155,0.6260360717773449,0,staged_v3,0.1909063596965483,2,1.0021289353559761,0.18009434788364256,2,0,0,0
v3_pelvis_proxy:v3_right_hand_proxy,44,0.9961547851562501,0.056799316406230815,0.9889794421012917,0.16114065397219784,0.508760891482915,FLAT,0.0,-1,0.0023038792986675876,0.0039309981780339745,0.04894429699581382,UNLOADING,0.20449852226880888,0.02351621667175672,0.005072521826039098,0.18641823299140503,0.9889794421012917,0.03483422650984691,0,ok,0.18908770854196905,0.6877215110411024,FLAT,0.0,-1,0.004399924151033297,0.028956352716883446,0.03373720715031263,UNLOADING,0.2532012341818759,0.0,0.04974593805684327,2.500000000000002,-0.0002839965820311541,0.6257520751953137,1,staged_v3,0.20676842058962125,2,0.9992159426596412,0.20676842058962125,2,1,1,1
v3_pelvis_proxy:v3_right_hand_proxy,45,0.0,0.0,0.0,0.16114065397219784,0.5114876515657721,FLAT,0.0,-1,0.004200581012655537,0.0039309981780339745,0.03597800736728677,SUPPORT,0.2535988178150471,0.022867902190330365,0.005072521826039098,0.0,0.0,0.03483422650984691,0,ok,0.18908770854196905,0.6895560707023651,FLAT,0.0,-1,0.004199853217937549,0.028956352716883446,0.02564414143075774,SUPPORT,0.29256098734550073,0.0,0.04974593805684327,0.7099914550778852,0.0,0.6257520751953137,1,staged_v3,0.20255972478053988,2,0.9992359378625743,0.20255972478053988,2,1,0,0
v3_pelvis_proxy:v3_right_hand_proxy,46,0.949497512579765,0.20000000000000018,0.6231197836640405,0.05569919427086012,0.5126994019463829,FLAT,0.0,-1,0.004156903322767865,0.010086653949603341,0.055043320133702694,UNLOADING,0.2173704152700404,0.017665512057081795,0.036687323363723864,0.11745531207992466,0.6231197836640405,0.031121294219510834,0,ok,0.07675892213874169,0.6892818245631547,FLAT,0.0,-1,0.005647841418618878,0.004297985278540101,0.04812168347569799,UNLOADING,0.25076656058185776,0.0231080988952448,0.014694144915512533,2.500000000000002,0.0010000000000000009,0.6267520751953137,0,staged_v3,0.12970540939875688,2,1.0006502096104921,0.13138969674971807,2,1,1,1
v3_pelvis_proxy:v3_right_hand_proxy,47,0.2486544457828756,0.0,0.673411641841385,0.04152936057783064,0.5121633832710574,FLAT,0.0,-1,0.005313628375419548,0.004129587008478854,0.040445781645410496,UNLOADING,0.2066147806477565,0.02289270207379167,0.035885471299711515,0.1269351040110442,0.673411641841385,0.06050016014883791,0,ok,0.08101134398864844,0.687429086385165,FLAT,0.0,-1,0.005314067918072629,0.005649495253892245,0.03601257902207492,UNLOADING,0.22391019190207384,0.021151133697211503,0.022578974746057343,-2.500000000000002,0.0,0.6267520751953137,1,staged_v3,0.13028025321805298,2,0.9736810032310198,0.127767135125213,2,0,0,0
v3_pelvis_proxy:v3_right_hand_proxy,48,0.05596923828125013,0.20000000000000018,0.038399980056076775,0.03950163466683974,0.5123757526041592,FLAT,0.0,-1,0.005839537978253213,0.003732409612031585,0.029986188261243153,UNLOADING,0.215155871941655,0.022766899801030575,0.03359082440400272,0.007238225714529922,0.038399980056076775,0.060837743781096854,0,ok,0.07716787525826327,0.6801764481856458,FLAT,0.0,-1,0.00895805069995923,0.006584770040189609,0.027223766571932404,UNLOADING,0.19876930380684033,0.019776418288407014,0.023556411628460783,2.500000000000002,0.0010000000000000009,0.6277520751953137,1,staged_v3,0.13106534613681559,2,0.969027679797211,0.1269849392490455,2,0,1,1
v3_pelvis_proxy:v3_right_hand_proxy,49,0.4477505652146904,0.0,0.92901611328125,0.057726217981400825,0.510889968176638,FLAT,0.0,-1,0.0062666609161020305,0.02677388977921701,0.022571826449666245,SUPPORT,0.262124697553324,0.0,0.051555595723052586,0.1751154117930551,0.92901611328125,0.01657742412307242,0,ok,0.06148688958364736,0.6846192856693138,FLAT,0.0,-1,0.0018935431182617386,0.0178095344767513,0.020991274993640573,SUPPORT,0.24901544304547227,0.023022491289785375,0.003027072459896655,-2.500000000000002,0.0,0.6277520751953137,1,staged_v3,0.2541911521376164,2,0.9904252112739437,0.1588288518538989,2,0,0,0
v3_pelvis_proxy:v3_right_hand_proxy,50,1.0,0.20000000000000018,0.8597144988736368,0.25344592566044477,0.5108026187736344,FLAT,0.0,-1,0.005756593874040406,0.05877129926384999,0.045606062547171825,SUPPORT,0.29969975804265925,0.0,0.10384123794106877,0.16205236523076288,0.8597144988736368,0.040586964571865086,0,ok,0.2870877977000646,0.6837048198813571,FLAT,0.0,-1,0.005756780586517104,0.005983286513640315,0.04490436884118093,SUPPORT,0.2892123544363778,0.021261931928418732,0.06469987652655028,2.500000000000002,0.0010000000000000009,0.6287520751953137,0,staged_v3,0.23479189624144198,2,0.9766522259882484,0.2364386367708174,2,1,1,1
v3_pelvis_proxy:v3_right_hand_proxy,51,1.0000000000000002,0.0,0.7865973981760436,0.08258842689788032,0.5092810605751568,FLAT,0.0,-1,0.006405547629272481,0.006460227672482666,0.062278403742547145,UNLOADING,0.2568855068937079,0.021653692514644694,0.04746786748424445,0.14827011644656224,0.7865973981760436,0.0640398604887315,0,ok,0.13007554315648487,0.6818453277471214,FLAT,0.0,-1,0.006774014229505018,0.00477161270047627,0.06216653391508922,UNLOADING,0.24789630380260957,0.023336713995278195,0.03299202160575338,-2.500000000000002,0.0,0.6287520751953137,0,staged_v3,0.2336449505326209,2,0.9804851857942364,0.23024913971569724,2,0,0,0
v3_pelvis_proxy:v3_right_hand_proxy,52,0.43921420434892894,0.20000000000000018,0.14788063157339895,0.043428705251859726,0.5104101505706459,FLAT,0.0,-1,0.005233586680843368,0.007243738118854894,0.045900115441339095,UNLOADING,0.22473235249016696,0.020051267653212062,0.03938520693865855,0.02787484234555254,0.14788063157339895,0.06658738764116993,0,ok,0.08418766627252651,0.6824130219656785,FLAT,0.0,-1,0.0052339665978318566,0.0091319026654779,0.04621089867917039,UNLOADING,0.2125894904806456,0.01817864226848062,0.02701586465932913,-2.500000000000002,-0.0010000000000000009,0.6277520751953137,0,staged_v3,0.18495450530343568,2,0.9782701471463756,0.18495450530343568,2,1,0,0
v3_pelvis_proxy:v3_left_hand_proxy,53,0.9999999999999999,0.0,0.9894121244038864,0.2017101878505115,0.5146709865742686,FLAT,0.0,-1,0.001638345755746689,0.03702704391189678,0.034107454606313065,UNLOADING,0.2265429887082531,0.0,0.04612087275030062,0.18649979168399522,0.9894121244038864,0.08441644237446178,0,ok,0.2278708897933951,0.6858897037073353,FLAT,0.0,-1,0.0024053045468020377,0.026780944407057063,0.03468533987086138,UNLOADING,0.18777335153249344,0.0,0.05011128168930751,2.500000000000002,0.0,0.6277520751953137,0,staged_v3,0.1309882851475331,2,0.9850217477754998,0.13182126692561352,2,1,1,1
v3_pelvis_proxy:v3_right_hand_proxy,54,0.5650143852506431,0.20000000000000018,1.0000000000000002,0.07842637056737568,0.5124847056017224,FLAT,0.0,-1,0.007094394331248401,0.007644320067212194,0.025439676491753122,SUPPORT,0.2712343909666025,0.018627663757375464,0.050454130045132585,0.18849555921538763,1.0000000000000002,0.02780477081029993,0,ok,0.05403207155018971,0.6794964984188337,FLAT,0.0,-1,0.00987864957107449,0.036813974523083104,0.025710317649914327,SUPPORT,0.24021868122599477,0.021566460398347594,0.004719055484148125,-2.500000000000002,-0.0010000000000000009,0.6267520751953137,0,staged_v3,0.28689738577132773,2,1.0073087692966878,0.28610514015119015,2,0,0,0
v3_pelvis_proxy:v3_right_hand_proxy,55,1.0000000000000002,0.0,1.0,0.15713684503495265,0.5139172916512619,FLAT,0.0,-1,0.004917897609027752,0.06369461606488688,0.047603599673485916,SUPPORT,0.306987512773282,0.0,0.0948894846813699,0.1884955592153876,1.0,0.07121233491167475,0,ok,0.2026648102816735,0.6812241799149081,FLAT,0.0,-1,0.00491636904061008,0.020840648460009926,0.04765412148281465,SUPPORT,0.2821749449807958,0.010052596973758234,0.0173301091003825,2.500000000000002,0.0,0.6267520751953137,0,staged_v3,0.43800048098728406,2,1.058545092673092,0.43283356404494455,2,0,1,1
v3_pelvis_proxy:v3_right_hand_proxy,56,0.14361572265624997,0.20000000000000018,0.14361572265625003,0.18460990851442977,0.5170911706181098,FLAT,0.0,-1,0.0013774680587201557,0.06921721578279522,0.06331333134495595,UNLOADING,0.2631321538056703,0.0,0.11103339950145713,0.027070925954211858,0.14361572265625003,0.07026305910545261,0,ok,0.19026782258748937,0.6813444970276576,FLAT,0.0,-1,0.005496972699605861,0.008177584103636884,0.06323644985624038,UNLOADING,0.24186423855496786,0.019984238389175138,0.012893993975401877,2.500000000000002,0.0010000000000000009,0.6277520751953137,1,staged_v3,0.4757734643526391,2,1.0528147804333736,0.46865003528326116,2,0,1,1
v3_pelvis_proxy:v3_right_hand_proxy,57,0.008567921594355174,0.04999999999999449,0.009765593970323491,0.18500312950175213,0.5172991479798459,FLAT,0.0,-1,0.004976258392626053,0.0688419661174617,0.04622297924310523,UNLOADING,0.22554193077286522,0.0,0.11071526995155773,0.0018407710965065438,0.009765593970323491,0.0700027968319025,0,ok,0.19608525923001788,0.6824493452606676,FLAT,0.0,-1,0.004976990772442208,0.008113477110691221,0.046023345975898085,UNLOADING,0.20731225229525385,0.019187690188103686,0.013037765584974197,-1.875000000000071,0.00024999999999997247,0.6280020751953137,1,staged_v3,0.11792760618845145,2,1.0340727516487775,0.11880626423017573,2,1,0,0
v3_pelvis_proxy:v3_right_hand_proxy,58,0.0,0.0,0.0,0.18500312950175213,0.5175425645370324,FLAT,0.0,-1,0.003978891343333685,0.0688419661174617,0.033956574534742566,UNLOADING,0.1933217358860965,0.0,0.11071526995155773,0.0,0.0,0.0700027968319025,0,ok,0.19608525923001788,0.6819230543300351,FLAT,0.0,-1,0.004795862362418271,0.008113477110691221,0.0348152175630557,UNLOADING,0.17769623592731087,0.018627283767461564,0.013037765584974197,-0.6249999999999312,0.0,0.6280020751953137,1,staged_v3,0.11771541986893062,2,1.03441334810908,0.11850348785392857,2,1,0,0
v3_pelvis_proxy:v3_right_hand_proxy,59,0.030761718749999972,0.20000000000000018,0.030761718750000017,0.2050381163643731,0.5178015345613092,FLAT,0.0,-1,0.003064839815412286,0.06806975065561766,0.02516731149303096,SUPPORT,0.2446573887088772,0.0,0.11028135178146134,0.005798447378207727,0.030761718750000017,0.06923005035313168,0,ok,0.21893682387063615,0.6831464783704895,FLAT,0.0,-1,0.0030657612145759206,0.007882381692219245,0.026769282629631432,SUPPORT,0.2321569887418487,0.01845608243926233,0.013381662211524748,2.500000000000002,0.0010000000000000009,0.6290020751953137,1,staged_v3,0.11695469379973246,2,1.0329307093568125,0.11779311105200976,2,1,1,1
v3_pelvis_proxy:v3_right_hand_proxy,60,0.0,0.0,0.0,0.1849863767789587,0.5164995374085589,FLAT,0.0,-1,0.005900917245909974,0.06806975065561766,0.04726873110792362,UNLOADING,0.2097063331790376,0.0,0.11028135178146134,0.0,0.0,0.0692300503531317,0,ok,0.1930655706288239,0.6843103557953756,FLAT,0.0,-1,0.0032129740730062707,0.007882381692219245,0.04936588019019819,UNLOADING,0.19899170463587032,0.019585912317290666,0.013381662211524748,-2.500000000000002,0.0,0.6290020751953137,1,staged_v3,0.11860812737915702,2,1.0002289562253266,0.1182608253162569,2,0,0,0
v3_pelvis_proxy:v3_right_hand_proxy,61,0.8927066725150994,0.15000000000000568,0.999998202652038,0.08366599350280805,0.5144268339420435,FLAT,0.0,-1,0.0058626534807739205,0.016032112687824996,0.03475822132750284,UNLOADING,0.1797483661654785,0.010705798378550149,0.058552807448536574,0.1884952204232784,0.999998202652038,0.039590936482468086,0,ok,0.11783786797632237,0.6865298158343622,FLAT,0.0,-1,0.0029940963644764455,0.002008155330526084,0.037284056327965935,UNLOADING,0.17056434987101912,0.024856047485872217,0.025918031766357933,-1.875000000000071,-0.0007500000000000284,0.6282520751953137,0,staged_v3,0.1175442878829739,2,1.0329195923578784,0.11885052180111469,2,1,0,0
v3_pelvis_proxy:v3_right_hand_proxy,62,0.6751115890812864,0.35000000000000586,0.9748754886303257,0.03473251844088848,0.5163803336653149,FLAT,0.0,-1,0.0028112859007960764,0.007160062132697556,0.025794049358591732,UNLOADING,0.15844019630108164,0.019129640335232033,0.0400396269207267,0.18375970039474748,0.9748754886303257,0.06054868165173258,0,ok,0.08454332041633413,0.6877331139130307,FLAT,0.0,-1,0.002812142363206199,0.005281248885958952,0.02869366213410398,UNLOADING,0.14656739470233493,0.02115343422074625,0.023254841175351957,-2.500000000000002,-0.0017500000000000293,0.6265020751953136,0,staged_v3,0.19886673773530833,2,0.9860519839529032,0.1850460459939574,2,0,0,0
v3_pelvis_proxy:v3_right_hand_proxy,63,0.08062744140625001,0.15000000000000568,0.08062744140625006,0.03644735980560247,0.5164064786649832,FLAT,0.0,-1,0.005369061643098609,0.0034620617037835243,0.01937093946949903,SUPPORT,0.2167521570408653,0.02250648526969143,0.03290413005300022,0.015197914655977002,0.08062744140625006,0.062372854458080426,0,ok,0.06609129349979777,0.6871046680198176,FLAT,0.0,-1,0.004658464734357177,0.0026841419878601254,0.022504735553202718,SUPPORT,0.20725391576186794,0.023441094789800013,0.018872699435022365,2.500000000000002,-0.0007500000000000284,0.6257520751953136,1,staged_v3,0.15985515703096503,2,1.0287869082329861,0.15985515703096503,2,1,1,1
v3_pelvis_proxy:v3_right_hand_proxy,64,0.9999999999999999,0.04999999999999449,0.25267564425517347,0.06675686908499208,0.5173481587588894,FLAT,0.0,-1,0.0042518044140646555,0.05512344556213554,0.04311544906532904,SUPPORT,0.26340172563269226,0.0,0.09809934249804209,0.04762823686398726,0.25267564425517347,0.062170646356256465,0,ok,0.09464560498642999,0.687415037038707,FLAT,0.0,-1,0.004250922113340047,0.009543317058616003,0.04643012776846868,SUPPORT,0.2558031326094944,0.01777818932980743,0.026823020337825382,2.500000000000002,0.00024999999999997247,0.6260020751953136,0,staged_v3,0.12536691872193154,2,0.9941022171767848,0.12536691872193154,2,1,1,1
v3_torso_proxy:v3_left_forearm_proxy,65,0.7705078125000001,0.24999999999999467,0.7705078125,0.03299912282084879,0.5193832118022369,FLAT,0.0,-1,0.0026668753700617993,0.08080290934513311,0.06015653008303989,SUPPORT,0.3007213805061538,0.0,0.07956027778183411,0.14523730099701251,0.7705078125,0.08125314057454319,0,ok,0.036404734314475905,0.6778931453895012,FLAT,0.0,-1,0.012700471443526453,0.014152006803850595,0.0626689385666118,UNLOADING,0.2192598279509952,0.027162930252729124,0.0009705166756014691,2.500000000000002,0.0012499999999999734,0.6272520751953136,1,staged_v3,0.13981843860608004,2,1.0047195678219274,0.13827217935761324,2,1,1,1
v3_pelvis_proxy:v3_right_hand_proxy,66,0.9998966534782063,0.04999999999999449,0.7184981908912518,0.029721394186879052,0.5196246124535394,FLAT,0.0,-1,0.0032262122284696486,0.018362713417731633,0.04399273281755444,SUPPORT,0.33057710440492305,0.008836923223146092,0.048351043430385,0.1354337182872908,0.7184981908912518,0.06895463753944367,0,ok,0.06626601397508905,0.68358578269721,FLAT,0.0,-1,0.0011780591136998243,0.012963608449357168,0.07436394895609029,UNLOADING,0.24988693737727602,0.01575458899844735,0.02584606321134229,-2.500000000000002,0.00024999999999997247,0.6275020751953135,0,staged_v3,0.21723728509048545,2,0.9873055145322864,0.21917991994624852,2,1,0,0
v3_torso_proxy:v3_left_forearm_proxy,67,0.5679931640625,0.24999999999999467,0.5679931640625,0.03334288149952415,0.5184497242029313,FLAT,0.0,-1,0.0062701491256841125,0.04746564062668289,0.03225655202714042,SUPPORT,0.3544616835239384,0.0,0.04724217838893857,0.10706418909047834,0.5679931640625,0.08042997352330987,0,ok,0.04860896884903606,0.6873298331859972,FLAT,0.0,-1,0.0015607603913786819,0.013048538099236014,0.08278247547135054,UNLOADING,0.22973816641085204,0.02852855571925561,0.0006105680543119192,2.500000000000002,0.0012499999999999734,0.6287520751953135,1,staged_v3,0.29927826089743287,2,1.00759089975293,0.3007460972966888,2,1,1,1
v3_torso_proxy:v3_left_forearm_proxy,68,0.9999999999999999,0.44999999999999485,0.7766346754008213,0.1175930009316849,0.5182498252264409,FLAT,0.0,-1,0.005181394298905479,0.09956205553362699,0.0235975914834428,SUPPORT,0.3735693468191507,0.0,0.15990059769356657,0.14639218744573884,0.7766346754008213,0.07458313704570663,0,ok,0.17748298966293796,0.6871140100690906,FLAT,0.0,-1,0.005370076210498287,0.0685887530235526,0.08873737549973447,SUPPORT,0.2737905331286816,0.0,0.03315092078672748,2.500000000000002,0.0022499999999999742,0.6310020751953135,0,staged_v3,0.2407974782216817,2,1.001684109165368,0.22499183854556404,2,1,1,1
v3_pelvis_proxy:v3_right_hand_proxy,69,0.9998641350711724,0.24999999999999467,0.6092041106054611,0.05087449289232308,0.5213628931200978,FLAT,0.0,-1,0.0015219048123402436,0.03466281471998999,0.045740044079481484,UNLOADING,0.32020229727355776,0.0,0.06967781754720243,0.11483226950488923,0.6092041106054611,0.06954849372475973,0,ok,0.08212846472369745,0.690510981189969,FLAT,0.0,-1,0.0008026289195092733,0.012893684780081637,0.09295948076777705,UNLOADING,0.23467759982458425,0.016754289258307218,0.024765336996210037,-2.500000000000002,0.0012499999999999734,0.6322520751953135,0,staged_v3,0.176206234810776,2,0.9921312578029295,0.17736474414864478,2,1,0,0
v3_torso_proxy:v3_left_forearm_proxy,70,0.6378173828124999,0.44999999999999485,0.6310515449057138,0.05149656172116093,0.5230252147678138,FLAT,0.0,-1,0.001522629909760595,0.054166946217619756,0.033258935714818014,UNLOADING,0.30011079853326045,0.0,0.05458071887580895,0.1189504138507368,0.6310515449057138,0.07520655327959651,0,ok,0.05318743330833887,0.6920700224602685,FLAT,0.0,-1,0.0015224859466080253,0.017272604022599176,0.06763788302131772,UNLOADING,0.20735942340563407,0.027231291191908695,0.0011506029591571926,2.500000000000002,0.0022499999999999742,0.6345020751953134,1,staged_v3,0.16359254084675784,2,1.010200743918435,0.16395502104999365,2,1,1,1
v3_pelvis_proxy:v3_right_hand_proxy,71,0.9998685006172588,0.24999999999999467,0.6194277914193805,0.04025813402036881,0.5240885677874505,FLAT,0.0,-1,0.0025213452677676058,0.016617501579310343,0.025738956814539707,UNLOADING,0.2824901009354698,0.009669446261416643,0.04654920467928221,0.1167593879371486,0.6194277914193805,0.07056045237758331,0,ok,0.07630715186641429,0.6899725259181527,FLAT,0.0,-1,0.006430659781453,0.01611400709411166,0.05063501745518427,UNLOADING,0.20814118636503673,0.011417743778647557,0.03090871760317704,-2.500000000000002,0.0012499999999999734,0.6357520751953134,0,staged_v3,0.21129067155259224,2,0.9983076622351822,0.21259496127231278,2,1,0,0
v3_pelvis_proxy:v3_right_hand_proxy,72,0.9999999999999999,0.44999999999999485,0.5334651906897051,0.0831546549322713,0.5265882980151803,FLAT,0.0,-1,0.0016321704418922225,0.009334372189817721,0.020350656477636047,SUPPORT,0.3159920807483758,0.01668316063406408,0.056999179564598615,0.10055581944099934,0.5334651906897051,0.05594265278124695,0,ok,0.10222467841245507,0.6933069353475664,FLAT,0.0,-1,0.0016310038771774383,0.034417364284243926,0.03845190769173828,SUPPORT,0.2565129490920294,0.0,0.04564907082054545,2.500000000000002,0.0022499999999999742,0.6380020751953134,0,staged_v3,0.18872697725036053,2,0.9810383341874505,0.17156652021456878,2,0,1,1
v3_pelvis_proxy:v3_right_hand_proxy,73,0.7796865475691704,0.24999999999999467,0.45641979267765814,0.04158884292908913,0.5268848554051138,FLAT,0.0,-1,0.003420215374230536,0.012889429264315647,0.04492093797116176,UNLOADING,0.2708503549271793,0.014356617634242442,0.04539300215881878,0.08603310405774645,0.45641979267765814,0.06297544270456018,0,ok,0.08506027564120897,0.6890005285778236,FLAT,0.0,-1,0.006598736117459117,0.017064728322810578,0.0583002560046513,UNLOADING,0.21986824207888234,0.010850284477421989,0.03401867813890458,-2.500000000000002,0.0012499999999999734,0.6392520751953134,0,staged_v3,0.1302961839702014,2,0.9729241297861814,0.12839119694591775,2,0,0,0
v3_pelvis_proxy:v3_right_hand_proxy,74,0.02095411559116411,0.04999999999999449,0.31892487691613736,0.041261949534732216,0.5289090455737607,FLAT,0.0,-1,0.0014999360516450057,0.013514076833989586,0.0341844828501727,UNLOADING,0.26869246332858315,0.013195147308519051,0.04605926736930503,0.06011592302200597,0.31892487691613736,0.06276693240254747,0,ok,0.08473566852457608,0.6908840048172987,FLAT,0.0,-1,0.0027482834111872403,0.017788637524718015,0.04413898586227299,UNLOADING,0.1936801713812341,0.009418311768395637,0.03486223376175088,-2.500000000000002,0.00024999999999997247,0.6395020751953133,0,staged_v3,0.13089029895239,2,0.9703281189598129,0.12945246004006458,2,0,0,0
v3_pelvis_proxy:v3_right_hand_proxy,75,0.005869494323265605,0.15000000000000568,0.24999583099188058,0.041305684493649006,0.5295168074453925,FLAT,0.0,-1,0.0026801953330544254,0.012715467376753532,0.026486438769504624,UNLOADING,0.2675779423078698,0.0136088545617217,0.04529766789783397,0.04712310396433006,0.24999583099188058,0.06255029689141911,0,ok,0.08468938290030133,0.6933986516415764,FLAT,0.0,-1,0.0026812981803012313,0.017154772335863346,0.03397465013118829,UNLOADING,0.1714260526660244,0.009543960170696069,0.034275133907251565,-2.500000000000002,-0.0007500000000000284,0.6387520751953133,0,staged_v3,0.1312369736727163,2,0.9694773417493795,0.12960283479116277,2,0,0,0
v3_pelvis_proxy:v3_right_hand_proxy,76,0.041499150059712143,0.35000000000000586,0.41961270044291776,0.041162846804738834,0.529896952473714,FLAT,0.0,-1,0.0014818691122345303,0.007095378218455982,0.02097054915552873,SUPPORT,0.3040623538462958,0.018953149239320455,0.0408240342157501,0.07909513062386671,0.41961270044291776,0.06280812093943468,0,ok,0.08839296767807937,0.6912553967405358,FLAT,0.0,-1,0.005015521785857025,0.00627565792893673,0.02663609918287692,SUPPORT,0.22714084213281951,0.020056147030207118,0.025514545287659632,-2.500000000000002,-0.0017500000000000293,0.6370020751953133,0,staged_v3,0.12484529794341725,2,0.9690380330637111,0.12316302468682731,2,0,0,0
v3_pelvis_proxy:v3_right_hand_proxy,77,1.0000000000000002,0.15000000000000568,0.964326507200729,0.13540612930942347,0.5291384771607703,FLAT,0.0,-1,0.003155609461418352,0.029862953050787622,0.0453651104840673,SUPPORT,0.3332498830770367,0.0,0.03724782552924742,0.1817712642410229,0.964326507200729,0.08022537590401681,0,ok,0.16937560216937345,0.6921419270138832,FLAT,0.0,-1,0.003155884275758969,0.019582096169353958,0.049724676220484904,UNLOADING,0.1946921503995596,0.007904137641670288,0.03132678713360801,2.500000000000002,-0.0007500000000000284,0.6362520751953132,0,staged_v3,0.13321563575868747,2,0.9951212590495285,0.13457960297094287,2,1,1,1
v3_pelvis_proxy:v3_right_hand_proxy,78,1.0000000000000002,0.04999999999999449,1.0000000000000002,0.18365217787294735,0.518301934524158,FLAT,0.0,-1,0.01346101414144639,0.05828756812132327,0.034514659213827424,SUPPORT,0.35659990646162937,0.0,0.12326411049955921,0.18849555921538763,1.0000000000000002,0.05011979974065267,0,ok,0.13386949515902682,0.6819525688194954,FLAT,0.0,-1,0.014328714634680374,0.054860021282837755,0.06623394022866277,UNLOADING,0.16687898605676538,0.01714931369300944,0.011162383318423699,2.500000000000002,0.00024999999999997247,0.6365020751953132,0,staged_v3,0.29983465911212565,2,0.9932399036172203,0.30072625668429664,2,1,1,1
v3_pelvis_proxy:v3_right_hand_proxy,79,0.7028198242187502,0.24999999999999467,0.70281982421875,0.10610306973556002,0.5207358416545393,FLAT,0.0,-1,0.0038251059681069224,0.004200474897302731,0.026849348197980245,SUPPORT,0.3752799251693035,0.02214199251259628,0.04616616050766979,0.1324784157937737,0.70281982421875,0.04723165279857518,0,ok,0.11001469249018359,0.6849355010852558,FLAT,0.0,-1,0.0038246363955702386,0.02525960047490263,0.07806334480505116,UNLOADING,0.1430391309057989,0.0067758930378621525,0.02212727420239041,2.500000000000002,0.0012499999999999734,0.6377520751953132,1,staged_v3,0.3612263562667118,2,0.9779767672057187,0.3612263562667118,2,1,1,1
v3_pelvis_proxy:v3_right_hand_proxy,80,0.478817866771521,0.04999999999999449,0.6077839399257355,0.05782848695236633,0.5137061838516191,FLAT,0.0,-1,0.014055777910538792,0.005850674502220734,0.020762402962516302,SUPPORT,0.39022394013544276,0.02018744564590508,0.040069411709880216,0.11456457363843306,0.6077839399257355,0.06217118318891414,0,ok,0.09793351899679538,0.6743200600035392,FLAT,0.0,-1,0.01592968782894833,0.014406606210034076,0.08575880281592371,UNLOADING,0.12260496934782762,0.01488133393076211,0.031364785972167755,-2.500000000000002,0.00024999999999997247,0.6380020751953132,0,staged_v3,0.17258281689717028,2,0.9730558386128354,0.1723481881593774,2,0,0,0
v3_pelvis_proxy:v3_right_hand_proxy,81,0.08888152651285813,0.15000000000000568,0.2758145958586912,0.045809281510356924,0.5093082054751019,FLAT,0.0,-1,0.009721745148674804,0.013233647462624912,0.016987739398733638,SUPPORT,0.4021791521083542,0.01261573950731177,0.04501464161216777,0.05198982648615014,0.2758145958586912,0.06219538231456996,0,ok,0.087985861399387,0.6793596255508754,FLAT,0.0,-1,0.0037208222928161033,0.014967570420303809,0.09127283942991979,UNLOADING,0.10508997372670939,0.01459607155119218,0.03272018419371576,-2.500000000000002,-0.0007500000000000284,0.6372520751953131,0,staged_v3,0.12990409085959495,2,0.9715455646284157,0.1289740927715523,2,0,0,0
v3_pelvis_proxy:v3_right_hand_proxy,82,0.25694656269147853,0.35000000000000586,0.38041321817439805,0.06106347238959312,0.5108138441423344,FLAT,0.0,-1,0.0026806850918743375,0.037503583951221386,0.014207826573042873,SUPPORT,0.4117433216866834,0.0,0.061940670380315546,0.07170620229270841,0.38041321817439805,0.06121377772300611,0,ok,0.08545836377417332,0.6795893386550943,FLAT,0.0,-1,0.0055509220740017785,0.00811576570589606,0.09522381931149826,UNLOADING,0.09007712033717948,0.021645425259678854,0.02514542262213704,-2.500000000000002,-0.0017500000000000293,0.6355020751953131,0,staged_v3,0.1316990895347623,2,0.9689525913129328,0.12905152562579464,2,0,0,0
v3_pelvis_proxy:v3_right_hand_proxy,83,0.5199584960937501,0.15000000000000568,0.2663295259756831,0.033453476601562546,0.5153504626648535,FLAT,0.0,-1,0.0034366970270928478,0.00352061961594993,0.012240852608100858,SUPPORT,0.4193946573493467,0.022091423014455117,0.022821299670098695,0.05020193293435549,0.2663295259756831,0.058466888348709986,0,ok,0.06959936017213011,0.6770729372936543,FLAT,0.0,-1,0.009456911494967466,0.019822730957793647,0.09811384606909672,UNLOADING,0.07720896028901097,0.010082961345661192,0.02937512865355918,2.500000000000002,-0.0007500000000000284,0.6347520751953131,1,staged_v3,0.1323184746897517,2,0.9722975240114307,0.1323184746897517,2,1,1,1
v3_pelvis_proxy:v3_right_hand_proxy,84,0.33086441554434437,0.35000000000000586,0.48670106922406686,0.03980792882650289,0.5161220339756732,FLAT,0.0,-1,0.006793299607459048,0.006081502846158843,0.010817818180098433,SUPPORT,0.4255157258794774,0.01945938806284608,0.03951416040980109,0.09174099021411755,0.48670106922406686,0.06144683992292732,0,ok,0.08852742339916417,0.6782530258468227,FLAT,0.0,-1,0.006792352600307907,0.0024188581970141865,0.10018464072931206,SUPPORT,0.15176716823120878,0.02759037383945142,0.021606325878574667,-2.500000000000002,-0.0017500000000000293,0.633002075195313,0,staged_v3,0.12514895193734524,2,0.9691313828511067,0.12301067833324053,2,0,0,0
v3_pelvis_proxy:v3_right_hand_proxy,85,0.5197143554687499,0.07795715332030717,0.5197143554687501,0.04606161357072135,0.5189629155549841,FLAT,0.0,-1,0.0031904175577817536,0.037736254131089664,0.03813073091228153,SUPPORT,0.4304125807035819,0.0,0.049797083501422985,0.09796384806634678,0.5197143554687501,0.07227371225358593,0,ok,0.02937857242741226,0.6818728886983237,FLAT,0.0,-1,0.0028766826747462534,0.010201900587904853,0.10166842994112538,UNLOADING,0.13008614419817896,0.028198513401827115,0.0018849080952291564,3.4005355834962336,-0.00038978576660153585,0.6326122894287115,1,staged_v3,0.13710999280766412,2,1.0069620729504354,0.13800691366104045,2,1,1,1
v3_pelvis_proxy:v3_right_hand_proxy,86,0.5557861328125001,0.122042846679693,0.32032875416162265,0.02418114656104844,0.5182892092832726,FLAT,0.0,-1,0.004340570128308645,0.0033800666345856914,0.029336009559551235,SUPPORT,0.43433006456286555,0.023086733843391872,0.01283437186535022,0.060380547648463484,0.32032875416162265,0.0641517395692295,0,ok,0.03964167994736455,0.677741099823457,FLAT,0.0,-1,0.010421631506150709,0.03400952581532213,0.10273161136968122,UNLOADING,0.19018420554456808,0.013616250542999368,0.016520330025484694,2.500000000000002,0.000610214233398465,0.63322250366211,1,staged_v3,0.17531819089215372,2,0.9783533535012686,0.16937176126372563,2,1,1,1
v3_pelvis_proxy:v3_right_hand_proxy,87,0.6675262480091989,0.122042846679693,0.2684477199083523,0.07697957735856989,0.5157757565719032,FLAT,0.0,-1,0.009475915206759104,0.03828469542457848,0.02301046987184881,SUPPORT,0.43746405165029245,0.0,0.06668814100823392,0.050601203084220614,0.2684477199083523,0.05755776366555007,0,ok,0.08518402299985996,0.6764458450692681,FLAT,0.0,-1,0.009475628940787004,0.004471396419773872,0.10349341415206205,UNLOADING,0.21683562396657718,0.025703274287829234,0.02181249171589946,0.0,0.000610214233398465,0.6338327178955084,0,staged_v3,0.13034610534848168,2,0.9724130725327759,0.12549990443520398,2,1,0,0
v3_pelvis_proxy:v3_right_hand_proxy,88,0.4301177683311151,0.07795715332030717,0.394727179129244,0.04195131185653483,0.5098068170335822,FLAT,0.0,-1,0.013883779623537717,0.004290385698320978,0.01812661196835449,SUPPORT,0.43997124132023396,0.02161594490009675,0.038684581872335894,0.07440432036747932,0.394727179129244,0.050734909119634436,0,ok,0.08384048771827245,0.6754225524953592,FLAT,0.0,-1,0.009205637914263067,0.016120394960750514,0.10403926969812015,UNLOADING,0.18585910625706617,0.014081568524155496,0.033417210364910424,-2.500000000000002,-0.00038978576660153585,0.6334429321289069,1,staged_v3,0.1313340877969811,2,0.9747765795301662,0.1313340877969811,2,1,0,0
v3_pelvis_proxy:v3_right_hand_proxy,89,0.431600653347222,0.07795715332030717,0.45871520579790226,0.07220805273221437,0.5065097656529695,FLAT,0.0,-1,0.011477300390210634,0.039656062098868794,0.014597543320303549,SUPPORT,0.44197699305618715,0.0,0.06899715557109067,0.0864657792374772,0.45871520579790226,0.0530079768881004,0,ok,0.08524327847622674,0.6776378344968621,FLAT,0.0,-1,0.00651100514716127,0.005568331912355476,0.10443706708884012,UNLOADING,0.15930780536319958,0.02465352144208653,0.023732106494006026,0.0,-0.00038978576660153585,0.6330531463623054,0,staged_v3,0.1325698488927433,2,0.9699265741410132,0.12637549156716468,2,1,0,0
v3_pelvis_proxy:v3_right_hand_proxy,90,0.5606079101562503,0.122042846679693,0.2545773456594991,0.03965228271321969,0.5054590831515686,FLAT,0.0,-1,0.010838433556015693,0.003644782804622466,0.012081879771363246,SUPPORT,0.4435815944449497,0.021959311183945698,0.026166189321253707,0.0479866991336563,0.2545773456594991,0.049427056531016075,0,ok,0.07092091892590532,0.67428006355171,FLAT,0.0,-1,0.010838086424821662,0.018818041545728338,0.10456843948282923,UNLOADING,0.13654954745417108,0.011410380428413126,0.029270777669376403,2.500000000000002,0.000610214233398465,0.6336633605957038,1,staged_v3,0.13555084157294836,2,0.9723666414288861,0.13555084157294836,2,1,1,1
v3_pelvis_proxy:v3_right_hand_proxy,91,0.29250693995650007,0.07795715332030717,0.522197257796479,0.03973939459155963,0.5051914463706033,FLAT,0.0,-1,0.007756212830414435,0.006660129337775152,0.010468589110581116,SUPPORT,0.4448652755559598,0.018863300117753903,0.04004007703153305,0.09843186412908923,0.522197257796479,0.0589993853823428,0,ok,0.08827993565142532,0.672322228204831,FLAT,0.0,-1,0.009753948257181684,0.002964925524043879,0.10449898932286997,SUPPORT,0.19923963796333688,0.027260023942099622,0.022091115527610637,-2.500000000000002,-0.00038978576660153585,0.6332735748291023,0,staged_v3,0.1242761553388482,2,0.9689981638879932,0.12209211305566547,2,0,0,0
v3_pelvis_proxy:v3_right_hand_proxy,92,0.5546264648437498,0.122042846679693,0.5546264648437498,0.06617224111702313,0.5063610713914277,FLAT,0.0,-1,0.008364611658386282,0.041529516348034284,0.03771110428441463,SUPPORT,0.44589222044476784,0.0,0.05866523581728987,0.10454462564637614,0.5546264648437498,0.06945681338332367,0,ok,0.04404173009481458,0.6721338746427652,FLAT,0.0,-1,0.008365392782282497,0.012887749169978265,0.10438663849398794,UNLOADING,0.17077683254000303,0.028756250920753824,0.0014630810039455754,2.500000000000002,0.000610214233398465,0.6338837890625008,1,staged_v3,0.1367094866183572,2,0.9929621033854713,0.13790429686562553,2,1,1,1
v3_pelvis_proxy:v3_right_hand_proxy,93,0.5988159179687499,0.3220428466796932,0.3569830786735321,0.03727158589695691,0.5047475235252463,FLAT,0.0,-1,0.01124999587278215,0.0037938096203556726,0.028753395535109853,SUPPORT,0.4467137763558143,0.022643860156399822,0.016441009744703628,0.06728972504499814,0.3569830786735321,0.06097834147388542,0,ok,0.0550525220396151,0.6758526129011677,FLAT,0.0,-1,0.006307508356503571,0.03709940094140344,0.10468640275359975,UNLOADING,0.1923273780462653,0.01071419674670981,0.019520123390970177,2.500000000000002,0.001610214233398466,0.6354940032958992,1,staged_v3,0.1772141721712209,2,0.9758073343328779,0.17392607576592797,2,1,1,1
v3_pelvis_proxy:v3_right_hand_proxy,94,0.5401638615158403,0.122042846679693,0.3552877835207092,0.04416036019365406,0.5050722498830741,FLAT,0.0,-1,0.0026242978524221383,0.004590849326783861,0.02222727459811465,SUPPORT,0.44737102108465143,0.021520514403121874,0.0389662653147209,0.06697016943713166,0.3552877835207092,0.06033761478652806,0,ok,0.08810557388424664,0.678607226011313,FLAT,0.0,-1,0.004591191738658376,0.015675461636705898,0.1049011932314026,UNLOADING,0.19066815851341484,0.014569598024864232,0.032652311918276174,-2.500000000000002,0.000610214233398465,0.6361042175292977,0,staged_v3,0.1283564595521002,2,0.9713766337229499,0.12851498932721464,2,0,0,0
v3_pelvis_proxy:v3_right_hand_proxy,95,0.21967715341656407,0.07795715332030717,0.58449808234499,0.05355461058168837,0.5058753481095215,FLAT,0.0,-1,0.008013880396637581,0.030333704743055898,0.017613269074177363,SUPPORT,0.44789681686772115,0.0,0.056870631272433976,0.11017529289194056,0.58449808234499,0.059461608182600226,0,ok,0.08486610360539931,0.6777887910023315,FLAT,0.0,-1,0.008012702435359289,0.011133729258686397,0.10505509733396143,UNLOADING,0.16342985015435557,0.019119025608011677,0.028051897462761304,-2.500000000000002,-0.00038978576660153585,0.6357144317626962,0,staged_v3,0.13154608254791475,2,0.9693445338760431,0.12882895136077388,2,0,0,0
v3_pelvis_proxy:v3_right_hand_proxy,96,0.17237476175819472,0.27795715332030735,0.2548640337716735,0.039866758029809976,0.5066323427156553,FLAT,0.0,-1,0.007199642543502197,0.012216166655033403,0.01443986818091665,SUPPORT,0.4483174534941769,0.013505826754012431,0.0433294104132399,0.048040738569681024,0.2548640337716735,0.058101617437997674,0,ok,0.08322814570209333,0.679862415981457,FLAT,0.0,-1,0.005820583726066219,0.013985744728003794,0.10516537444227059,UNLOADING,0.14008272870373334,0.016272523994109736,0.0321929705193202,-2.500000000000002,-0.0013897857666015367,0.6343246459960946,0,staged_v3,0.1313519805566879,2,0.9695320298198543,0.12960468909628703,2,0,0,0
v3_pelvis_proxy:v3_left_hand_proxy,97,1.0000000000000002,0.07795715332030717,0.883773512379983,0.027638342638207962,0.5081167284206641,FLAT,0.0,-1,0.00720984637743296,0.03863965908382488,0.012061819844867835,SUPPORT,0.44865396279534153,0.004904440556019737,0.020698650436223657,0.16658738243581217,0.883773512379983,0.06989960326841277,0,ok,0.05576071838760601,0.6798982055864639,FLAT,0.0,-1,0.0072096408731407435,0.029617203722793195,0.1057248248541103,UNLOADING,0.12007091031748572,0.0249893354198713,0.0052969058228342185,2.500000000000002,-0.00038978576660153585,0.6339348602294931,0,staged_v3,0.1450734478219404,2,0.9917857827818675,0.14490873840758153,2,1,1,1
v3_pelvis_proxy:v3_right_hand_proxy,98,0.9654540524271826,0.27795715332030735,1.0,0.08058333815463271,0.5132509341088604,FLAT,0.0,-1,0.0025060431855977562,0.015283502259056087,0.010359091984076625,SUPPORT,0.4489231702362732,0.010234452340147745,0.06251283279357622,0.1884955592153876,1.0,0.05623293170805202,0,ok,0.11065521880691787,0.6811951531884184,FLAT,0.0,-1,0.006372896831952074,0.025925240359314452,0.10612568859090687,SUPPORT,0.18605672825398858,0.01904872443247956,0.011257559997065788,-2.500000000000002,-0.0013897857666015367,0.6325450744628915,0,staged_v3,0.3001223300659802,2,0.9172280798282718,0.29925304699894906,2,0,0,0
v3_pelvis_proxy:v3_right_hand_proxy,99,0.6640014648437501,0.07795715332030717,0.66400146484375,0.12314938357582991,0.5157754645958161,FLAT,0.0,-1,0.0051257876806925775,0.03045587822862499,0.037570712018004944,UNLOADING,0.38479128877394847,0.0,0.06385720933606163,0.1251613274355592,0.66400146484375,0.06554939352511766,0,ok,0.1605441610311409,0.6829352732191877,FLAT,0.0,-1,0.0060093512964815715,0.0029932350648816256,0.10641292000959522,UNLOADING,0.15947719564627594,0.027327410935598137,0.02539522228208668,2.500000000000002,-0.00038978576660153585,0.63215528869629,1,staged_v3,0.44608314281780853,2,0.9499996404484943,0.44608314281780853,2,1,1,1
v3_pelvis_proxy:v3_right_hand_proxy,100,0.9326424919965235,0.27795715332030735,0.5526778725160152,0.09293239699259076,0.5126049736983721,FLAT,0.0,-1,0.010888149072422582,0.07003074435227744,0.02848651295837912,UNLOADING,0.3299861371344851,0.0,0.08539046248465962,0.10417732464587698,0.5526778725160152,0.06502780608814038,0,ok,0.08678882435049495,0.6791106751727785,FLAT,0.0,-1,0.0108882496166538,0.0026780157918276553,0.07827186137184487,UNLOADING,0.13669771742704037,0.02623557727676459,0.018487259743824057,-2.500000000000002,-0.0013897857666015367,0.6307655029296885,0,staged_v3,0.2586674238574779,2,0.9505475742416482,0.2586674238574779,2,1,0,0
v3_pelvis_proxy:v3_right_hand_proxy,101,0.45278483424417965,0.47617764975875776,0.8654610929685946,0.04017048562669975,0.5129207933809896,FLAT,0.0,-1,0.005701334098126563,0.004357180737644146,0.022101103515676363,UNLOADING,0.2851096158056816,0.021747874438139674,0.03674890052739145,0.1631355726982758,0.8654610929685946,0.06095895995331524,0,ok,0.08411159785152421,0.6796474245736475,FLAT,0.0,-1,0.006269889686816003,0.008581712457887383,0.058107911745203765,UNLOADING,0.12166408450952408,0.01932368312937281,0.026461606889420952,-2.47775620548063,-0.002380888248793789,0.6283846146808947,1,staged_v3,0.1297443100070467,2,0.9635562342317484,0.12837673835326882,2,0,0,0
v3_pelvis_proxy:v3_right_hand_proxy,102,0.58709716796875,0.16214311602962272,0.5870971679687501,0.06438526643139254,0.5116127861806037,FLAT,0.0,-1,0.008770833039453916,0.038949641032388196,0.017580104282898253,SUPPORT,0.3180876926445453,0.0,0.06527897506161126,0.1106652089900399,0.5870971679687501,0.049900309850048674,0,ok,0.07878785930008733,0.6789103208115203,FLAT,0.0,-1,0.00877083552792633,0.021819581905868163,0.04365981049288274,SUPPORT,0.18733126760761926,0.02451853279240568,0.0026644577322384603,3.925431671614188,-0.0008107155801481136,0.6275738991007466,1,staged_v3,0.3021663189190448,2,0.9545632697006448,0.2326363176769635,2,0,1,1
v3_pelvis_proxy:v3_right_hand_proxy,103,0.3629881217423285,0.16214311602962272,0.7139430302848636,0.1383142196771548,0.5094668023899328,FLAT,0.0,-1,0.008236669431760497,0.06388723005223435,0.042594636527377515,SUPPORT,0.34447015411563625,0.0,0.10175256760103761,0.13457509074147378,0.7139430302848636,0.03240717098012896,0,ok,0.12325322823337576,0.6789472935192904,FLAT,0.0,-1,0.006766216342758758,0.03685777695870347,0.06165416250987543,SUPPORT,0.2398650140860954,0.01601903276953664,0.012063675355957135,0.0,-0.0008107155801481136,0.6267631835205985,0,staged_v3,0.21352854523392517,2,0.9631123827449382,0.20711742946252684,2,1,0,0
v3_pelvis_proxy:v3_right_hand_proxy,104,0.38508583673058344,0.03785688397037745,0.999881671506703,0.08721359221254442,0.5084524490875987,FLAT,0.0,-1,0.00853373743738091,0.07072494409583753,0.06075467200229813,UNLOADING,0.2952601320991168,0.0,0.07793864598073916,0.18847325481987248,0.999881671506703,0.05705053591164175,0,ok,0.08027969557643116,0.6729743404969861,FLAT,0.0,-1,0.014277924941072443,0.029380293305116535,0.07412693598622692,UNLOADING,0.20559858350236748,0.010780785005340677,0.01792556179397067,2.500000000000002,0.00018928441985188726,0.6269524679404503,0,staged_v3,0.20768841699183777,2,0.9747998435507466,0.20788062054486395,2,1,0,0
v3_pelvis_proxy:v3_right_hand_proxy,105,0.30185079525806396,0.16214311602962272,0.749626357849474,0.05681936841761979,0.5139255649672921,FLAT,0.0,-1,0.0020240222024438316,0.024278576580357925,0.04664916209169765,UNLOADING,0.25641991588799673,0.0030538815242269583,0.053781370401790055,0.14130123952543086,0.749626357849474,0.06143634808247066,0,ok,0.08299476745020146,0.6689878866054078,FLAT,0.0,-1,0.011309391392185345,0.001664987503149429,0.0546268313774801,UNLOADING,0.1830876386338458,0.02606635406572458,0.017934563440772246,-2.500000000000002,-0.0008107155801481136,0.6261417523603022,1,staged_v3,0.2630857139305436,2,0.9671484422254486,0.2543964338642627,2,0,0,0
v3_torso_proxy:v3_left_forearm_proxy,106,0.39949318760728675,0.31532798420890185,0.870714516263895,0.11765299746445071,0.5150075086698988,FLAT,0.0,-1,0.004460045809977819,0.04768801283315709,0.03627809158086229,UNLOADING,0.23927929969105263,0.0,0.07595223867914513,0.16412581966011858,0.870714516263895,0.06931591457334091,0,ok,0.018882358685324525,0.6734293281772235,FLAT,0.0,-1,0.005818074276135127,0.0360089135811133,0.04065439586584876,UNLOADING,0.1628014506039153,0.02485722391167145,0.0021754958816209884,-1.914810852240989,-0.0015766399210445092,0.6245651124392577,1,staged_v3,0.2486383613384545,2,1.0034896866425262,0.24370855154732646,2,0,0,0
v3_torso_proxy:v3_left_forearm_proxy,107,0.3751718955811057,0.08018898902024674,0.6953124999999997,0.08318330028859487,0.5161762609518132,FLAT,0.0,-1,0.005153179657947871,0.0012387180856895186,0.028722590289991877,SUPPORT,0.2814234397528421,0.025197411428810077,0.038134153834236545,0.13106331851694913,0.6953124999999997,0.07408225185712827,0,ok,0.020664296038317754,0.673090466778623,FLAT,0.0,-1,0.010671801457234802,0.027560697119032532,0.03219400721803499,SUPPORT,0.2432087332702524,0.018525642253237076,0.008084058107664674,2.939237439858189,-0.0004009449451012337,0.6241641674941565,1,staged_v3,0.26399750499880253,2,1.0047323155022037,0.24790645817476262,2,1,1,1
v3_pelvis_proxy:v3_right_hand_proxy,108,0.47100830078125033,0.11981101097975344,0.47100830078124994,0.1049665486340664,0.5160037662372665,FLAT,0.0,-1,0.003406744840684485,0.019154359820467357,0.05151861677988277,UNLOADING,0.24122009121672183,0.008421571018526783,0.0722939596083497,0.0887829730508512,0.47100830078124994,0.05755403898527174,0,ok,0.02693365097731248,0.6806498967859577,FLAT,0.0,-1,0.003155376128191019,0.017561212227129752,0.05459069252065064,SUPPORT,0.3030580269417528,0.025384961229309586,0.002344573396722946,2.500000000000002,0.0005990550548987672,0.6247632225490553,1,staged_v3,0.27063385114762656,2,0.9848707693197379,0.2004386795430242,2,0,1,1
v3_pelvis_proxy:v3_right_hand_proxy,109,0.6697500730727952,0.019811010979764454,0.5955605566291484,0.07188441974822889,0.5168883053822426,FLAT,0.0,-1,0.004660018342539166,0.02305205320620139,0.06785268351655911,UNLOADING,0.2067600781857616,0.0053405809696265676,0.06289370853694731,0.11226052016843885,0.5955605566291484,0.05249948025645751,0,ok,0.0845655819709869,0.6865536078404588,FLAT,0.0,-1,0.0028399236016154765,0.0036037513599232367,0.04223667473303456,SUPPORT,0.340834849400183,0.023508082376728492,0.015329280008527778,-1.2499999999998623,9.905505489882227e-05,0.6248622776039541,0,staged_v3,0.15621403629968394,2,0.9920726167245139,0.15770554544813442,2,1,0,0
v3_pelvis_proxy:v3_right_hand_proxy,110,0.9999999999999997,0.21981101097976463,1.0000000000000002,0.24665807444883409,0.5200623948081634,FLAT,0.0,-1,0.002281216518642582,0.08946706392367404,0.07955655376238956,UNLOADING,0.18587838996141276,0.0,0.1192434876402845,0.18849555921538763,1.0000000000000002,0.012361546972172482,0,ok,0.24621453990118106,0.6937275123822005,FLAT,0.0,-1,0.0022811920026300577,0.09168309585774885,0.033275649461626804,SUPPORT,0.3626678795201464,0.008221755006673218,0.018442027466408124,2.500000000000002,0.0010990550548988232,0.6259613326588529,0,staged_v3,0.2852657834953589,2,1.0029509977779312,0.18849931004411105,2,0,1,1
v3_pelvis_proxy:v3_right_hand_proxy,111,0.1711037693173679,0.019811010979764454,0.23175048828125003,0.22178264493265454,0.5142173171450488,FLAT,0.0,-1,0.010109603815161407,0.0769779959520813,0.08794274324842001,UNLOADING,0.1593243342526395,0.0,0.10437534120709534,0.04368393788701336,0.23175048828125003,0.009990501491746684,0,ok,0.20090124705325926,0.6966250988152229,FLAT,0.0,-1,0.0033051904579186396,0.07434547060346908,0.026880854199721353,SUPPORT,0.3801343036161171,0.009840453929046974,0.016503588780939094,-2.500000000000002,9.905505489882227e-05,0.6260603877137517,1,staged_v3,0.25384641191819207,2,0.968075174638199,0.25532393108722007,2,1,1,1
v3_pelvis_proxy:v3_right_hand_proxy,112,0.20574951171875017,0.21981101097976463,0.2057495117187501,0.22178371793262916,0.5005561318497197,FLAT,0.0,-1,0.01828147284234239,0.06717076633516456,0.09324905135335539,UNLOADING,0.136563715073691,0.0,0.08381468906451606,0.038782869269718745,0.2057495117187501,0.03795612496342485,0,ok,0.20959095999388658,0.6953036614399054,FLAT,0.0,-1,0.0035802739832377474,0.06100520724344084,0.0222279721970164,SUPPORT,0.3941074428928937,0.02057504534185512,0.005536353267995699,2.500000000000002,0.0010990550548988232,0.6271594427686505,1,staged_v3,0.21704521146537675,2,0.5996564581504951,0.18379936444598532,2,0,1,1
v3_pelvis_proxy:v3_right_hand_proxy,113,0.08569335937500001,0.4198110109797648,0.08569288633285614,0.18353862011814998,0.49677176813410034,FLAT,0.0,-1,0.011740434739766723,0.0650662168307383,0.09723623143695583,UNLOADING,0.11705461292030657,0.0,0.0824220372322603,0.016152728530092364,0.08569288633285614,0.04013551112320715,0,ok,0.1655401920364674,0.6970211250278608,FLAT,0.0,-1,0.004493791981319224,0.05284407463668767,0.01889403655767302,SUPPORT,0.40528595431431497,0.02095420176311151,0.004990500064772141,2.500000000000002,0.002099055054898824,0.6292584978235494,1,staged_v3,0.2116573096607583,2,1.0009593832149952,0.10227153461248782,2,0,1,1
v3_pelvis_proxy:v3_right_hand_proxy,114,0.4971435163297663,0.21981101097976463,1.0,0.07282700719063101,0.49325261248423524,FLAT,0.0,-1,0.007647705394516827,0.04964708538488182,0.10009317080775176,UNLOADING,0.10033252536026277,0.0,0.05904040952901188,0.1884955592153876,1.0,0.07779229021885306,0,ok,0.08057743947460722,0.6809571607878249,FLAT,0.0,-1,0.02093351836460545,0.01757084668535925,0.01615474845672092,SUPPORT,0.414228763451452,0.008236890737476799,0.017850224969015734,-2.500000000000002,0.0010990550548988232,0.6303575528784482,0,staged_v3,0.1915904734382805,2,1.0077066076343884,0.14779580680601243,2,0,0,0
v3_pelvis_proxy:v3_right_hand_proxy,115,0.6683232660678028,0.21981101097976463,0.9999993078019975,0.1144299292273549,0.49728310734406467,FLAT,0.0,-1,0.006614081837911414,0.006269723499657622,0.10369844501737831,SUPPORT,0.17026602028821022,0.023915198751211297,0.06898803198371621,0.18849542873913805,0.9999993078019975,0.05045541528774919,0,ok,0.14027601211917465,0.6732468858623892,FLAT,0.0,-1,0.0170082152582468,0.08824695869894451,0.014191962763706528,SUPPORT,0.4213830107611616,0.0,0.03395714236404558,0.0,0.0010990550548988232,0.631456607933347,0,staged_v3,0.3017340366418153,2,0.968756957187342,0.30212409862508166,2,1,0,0
v3_pelvis_proxy:v3_right_hand_proxy,116,0.23272705078125003,0.4198110109797648,0.23272705078125008,0.09456529538697728,0.5016723751846249,FLAT,0.0,-1,0.00461921454212251,0.001077432689855857,0.10674326206488363,UNLOADING,0.1459423031041802,0.029259730413388328,0.04746186154744537,0.043868015581559644,0.23272705078125008,0.05645775430177366,0,Stage B: NoSolutionFound: QP solver proxqp failed to find a solution.,0.07960038059025605,0.6791738944036231,FLAT,0.0,-1,0.005100827358808793,0.06907077341229317,0.041227106378823875,UNLOADING,0.36118543779528134,0.005267939172336911,0.021793416146604284,2.500000000000002,0.002099055054898824,0.6335556629882458,1,staged_v3,0.4316391267393646,2,1.0084368360069569,0.4316391267393646,1,0,1,1
v3_pelvis_proxy:v3_right_hand_proxy,117,0.4783237417108107,0.21981101097976463,0.901167170629273,0.04514971540225752,0.5057340856443394,FLAT,0.0,-1,0.007503664940319611,0.009527721157112427,0.08102966150983106,UNLOADING,0.12694965835280292,0.019523761918379127,0.039669517590873137,0.16986600977431343,0.901167170629273,0.05597844193724452,0,ok,0.08510034782167016,0.6823846006354656,FLAT,0.0,-1,0.006157226133704563,0.010546155758797908,0.03226089968790544,UNLOADING,0.31706878607659855,0.016066889225597365,0.027844644100571407,-2.500000000000002,0.0010990550548988232,0.6346547180431447,0,staged_v3,0.15344389003933884,2,0.985584070676496,0.15443583108890696,2,1,0,0
v3_pelvis_proxy:v3_right_hand_proxy,118,0.15682470921422112,0.019811010979764454,0.35591755581853246,0.04245888345894109,0.5115298179296528,FLAT,0.0,-1,0.003897073304871368,0.010760642397778911,0.06346886339622523,UNLOADING,0.14395329822392136,0.01741280077203235,0.04171122689348615,0.06708887871858821,0.35591755581853246,0.06667502858639646,0,ok,0.08533195292237045,0.6908910734744643,FLAT,0.0,-1,0.0014466418403493151,0.012480377579476985,0.025732524413686817,UNLOADING,0.2770810320039666,0.013806248641207358,0.02919261209798861,-2.500000000000002,9.905505489882227e-05,0.6347537730980435,0,staged_v3,0.1214191029317469,2,0.9803743293773238,0.12101079250394357,2,1,0,0
v3_pelvis_proxy:v3_right_hand_proxy,119,1.0,0.21981101097976463,0.6784825748139807,0.03618530402665595,0.5075079121956051,FLAT,0.0,-1,0.013323893649857567,0.049996747852715975,0.05162021494269465,SUPPORT,0.20516263857913708,0.0,0.04769109736298319,0.12789095235745734,0.6784825748139807,0.07785562372146264,0,ok,0.03697425807286724,0.6881300531608995,FLAT,0.0,-1,0.009050981609583652,0.020508835083333083,0.0210667392696579,SUPPORT,0.31166482560317327,0.016611357321434587,0.00944197964204831,2.500000000000002,0.0010990550548988232,0.6358528281529423,0,staged_v3,0.1146260185230593,2,0.9764065053043408,0.11645375120730615,2,1,1,1
v3_pelvis_proxy:v3_right_hand_proxy,120,0.9480865987403421,0.019811010979764454,0.7299793840363804,0.03953227391054184,0.5052379589781014,FLAT,0.0,-1,0.014629464175035018,0.008544767841622457,0.07223448711762111,SUPPORT,0.25413011086330967,0.0200669565142586,0.04109396164273296,0.1375978722096417,0.7299793840363804,0.06949087233932755,0,ok,0.08582546928887702,0.6773310919251694,FLAT,0.0,-1,0.018461154812679965,0.009844466204273854,0.04505157263503983,SUPPORT,0.3393318604825386,0.01740811242747814,0.027571211759653838,-2.500000000000002,9.905505489882227e-05,0.6359518832078411,0,staged_v3,0.14137214065235262,2,0.9777494359551772,0.14320044439513357,2,1,0,0
v3_torso_proxy:v3_left_forearm_proxy,121,0.3266189649512745,0.18018898902023572,0.8219214864092135,0.05683255054721081,0.501421278255054,FLAT,0.0,-1,0.011042871596023213,0.02306465265158763,0.08781158980527036,SUPPORT,0.2933040886906477,0.006325926838675892,0.04198991329260113,0.1549285502118473,0.8219214864092135,0.07443572449757259,0,ok,0.04189289077000357,0.6758818394028332,FLAT,0.0,-1,0.01080751497746085,0.03231157537419169,0.06193410229456291,UNLOADING,0.29085588041360455,0.007670850913889721,0.020425854200838426,-2.500000000000002,-0.0009009449451011786,0.63505093826274,0,staged_v3,0.1985535095722783,2,0.9772249686224075,0.16355446016372063,2,0,0,0
v3_torso_proxy:v3_left_forearm_proxy,122,0.6211537241108905,0.18018898902023572,0.6953459829593714,0.0849135899803883,0.49031958219225813,FLAT,0.0,-1,0.025623184160083946,0.0073360492833172836,0.06985017694044368,SUPPORT,0.32464327095251816,0.0211564595637049,0.04599975520087948,0.1310696299061001,0.6953459829593714,0.06931649739205828,0,ok,0.03153197042364109,0.684379428756406,FLAT,0.0,-1,0.002660071127980619,0.035311684682453166,0.07403096339730184,UNLOADING,0.2954972214173064,0.013732049167514509,0.014969499002350586,0.0,-0.0009009449451011786,0.6341499933176388,0,staged_v3,0.164613318032939,2,1.008320380340854,0.16189866040003822,2,1,0,0
v3_torso_proxy:v3_left_forearm_proxy,123,0.3852601721788003,0.3801889890202359,0.5295582560459219,0.04830048519466361,0.49801924222033417,FLAT,0.0,-1,0.0033029799241385454,0.018383161031019387,0.05866010282978376,SUPPORT,0.34971461676201454,0.009549844110469802,0.045382048051540724,0.09981937961050147,0.5295582560459219,0.07020210295161732,0,ok,0.08402922525293566,0.6887515217161655,FLAT,0.0,-1,0.003215723317897734,0.008724667984565632,0.08271779106928004,UNLOADING,0.3212911890551434,0.02041122156889837,0.026970510941902254,-2.500000000000002,-0.0019009449451011795,0.6322490483725376,0,staged_v3,0.18579621894369372,2,0.9829729285634384,0.1873464272346071,2,1,0,0
v3_torso_proxy:v3_left_forearm_proxy,124,0.14227294921874992,0.18018898902023572,0.12183365711009428,0.08684788715375369,0.5043779406559867,FLAT,0.0,-1,0.008865033525042022,0.021123296575468138,0.057806525148212745,SUPPORT,0.36977169340961163,0.0067670296819425,0.0480771799021287,0.022965103328223005,0.12183365711009428,0.0702023841374007,0,ok,0.11684130854562391,0.6946525359709502,FLAT,0.0,-1,0.001041679602646232,0.002310953744511142,0.08894217508581123,UNLOADING,0.27539244776155153,0.027136155009779422,0.02405827095808496,2.500000000000002,-0.0009009449451011786,0.6313481034274364,1,staged_v3,0.19890671576974786,2,0.9825443071928386,0.19890671576974786,2,1,1,1
v3_torso_proxy:v3_left_forearm_proxy,125,0.6106237712753818,0.18018898902023572,0.6956891804008302,0.10490811149600221,0.5106703461010215,FLAT,0.0,-1,0.005655750320041008,0.0604676553440303,0.07086013100812001,SUPPORT,0.3858173547276893,0.0,0.08400507785074195,0.13113432109974915,0.6956891804008302,0.06823900284669185,0,ok,0.04470503147807416,0.6888078390703563,FLAT,0.0,-1,0.009217038897599592,0.011430765853558057,0.09340214112269088,UNLOADING,0.2360506695099013,0.027717915690501357,0.0019521913656331902,0.0,-0.0009009449451011786,0.6304471584823352,0,staged_v3,0.14382271565059176,2,0.9847854945656952,0.12269683963154146,2,1,0,0
v3_pelvis_proxy:v3_right_hand_proxy,126,0.8243573529699302,0.3801889890202359,0.9999953826777436,0.1285380235728851,0.5146985077430384,FLAT,0.0,-1,0.007624658410109967,0.03302081167269787,0.11378019703435469,SUPPORT,0.39865388378215144,0.0,0.0772713534949192,0.1884946888706468,0.9999953826777436,0.05603598635921499,0,ok,0.10443990119010042,0.6937223426497283,FLAT,0.0,-1,0.003016038029682956,0.02888047876144314,0.09692835679916581,SUPPORT,0.27884053560792105,0.005997792537970139,0.02384862530198815,-2.500000000000002,-0.0019009449451011795,0.628546213537234,0,staged_v3,0.20962119641908217,2,0.9852469156429151,0.15508115596476052,2,0,0,0
v3_pelvis_proxy:v3_right_hand_proxy,127,0.5099487304687503,0.18018898902023572,0.5099487304687501,0.07543116590290655,0.5149910606116062,FLAT,0.0,-1,0.012184472531451161,0.042120153679173274,0.20254878345322375,UNLOADING,0.3417033289561298,0.0,0.05742126481819289,0.09612307112088403,0.5099487304687501,0.07062971681334003,0,ok,0.00589373790015317,0.6954198777233728,FLAT,0.0,-1,0.004724319067900262,0.014522572665877715,0.10001494426629258,UNLOADING,0.23900617337821806,0.029956832541172564,4.391467214206763e-05,2.500000000000002,-0.0009009449451011786,0.6276452685921329,1,staged_v3,0.30979409019901,2,0.998738857528777,0.30979409019901,2,1,1,1
v3_pelvis_proxy:v3_right_hand_proxy,128,0.15950573989486902,0.3801889890202359,0.847241479714863,0.04816391086428445,0.5178662742141846,FLAT,0.0,-1,0.00939282793175736,0.006105017998037615,0.2794739299185597,UNLOADING,0.2983630017530955,0.03286867849789037,0.03438880226245846,0.15970125650932557,0.847241479714863,0.06735289789858066,0,ok,0.08397307639338686,0.6946566154897349,FLAT,0.0,-1,0.006234853493273357,0.003854007246341021,0.07401419449023844,UNLOADING,0.31807823236643384,0.024846702478170904,0.021491852949781242,-2.500000000000002,-0.0019009449451011795,0.6257443236470317,0,staged_v3,0.21319015279064016,2,0.9659092866093923,0.21319015279064016,2,1,0,0
v3_torso_proxy:v3_left_forearm_proxy,129,0.1666609129029015,0.5801889890202361,0.4550049497353897,0.043540770493797704,0.5194801308569582,FLAT,0.0,-1,0.008807813703624986,0.006092900661105821,0.3650765540832367,UNLOADING,0.2743695194405173,0.03716092704305601,0.03505565659331571,0.08576641244614161,0.4550049497353897,0.08089030139678388,0,ok,0.08173721752990455,0.6912434936815823,FLAT,0.0,-1,0.007865566555562743,0.004163502036999539,0.056347564963473,UNLOADING,0.2781895709943426,0.023653876211174114,0.020944313235594068,-2.500000000000002,-0.0029009449451011804,0.6228433787019305,0,staged_v3,0.15787858512588862,2,0.9644369910734794,0.1592550519020483,2,1,0,0
v3_pelvis_proxy:v3_right_hand_proxy,130,0.40355600299649613,0.7801889890202363,1.0,0.21461497029527205,0.5092843109830932,FLAT,0.0,-1,0.015296943692344597,0.0387664308589609,0.4626549317981965,UNLOADING,0.25348780422776285,0.009366315730948926,0.12565650174364482,0.1884955592153876,1.0,0.06939868682863631,0,ok,0.07448430204734169,0.6882378672395773,FLAT,0.0,-1,0.009351430686986482,0.0708453890850597,0.04517222954997953,SUPPORT,0.3125516567954741,0.020551634979171084,0.006706976498327893,-2.500000000000002,-0.0039009449451011813,0.6189424337568293,0,staged_v3,0.3011175992530344,2,0.9636386261508396,0.2352258602429571,2,0,0,0
v3_pelvis_proxy:v3_right_hand_proxy,131,0.9999999999999997,0.5801889890202361,1.0,0.1434346699941509,0.46563398922382504,FLAT,0.0,-1,0.05141741410585375,0.03984846771403098,0.5859286825844492,UNLOADING,0.21727526076665388,0.014447966415191485,0.10356319399512354,0.1884955592153876,1.0,0.04661972605129662,0,ok,0.20966051319808518,0.6869359610018573,FLAT,0.0,-1,0.009049420190775988,0.01060045838572267,0.03755981350531355,SUPPORT,0.34004132543637927,0.01627753228954301,0.05555529451260092,2.500000000000002,-0.0029009449451011804,0.6160414888117282,0,staged_v3,0.3328894491250093,2,0.9633745196532181,0.33431065262158055,2,1,1,1
v3_pelvis_proxy:v3_right_hand_proxy,132,0.12750244140624975,0.3801889890202359,0.12750244140625,0.15763996020146295,0.3768258682252279,FLAT,0.0,-1,0.12405923193350922,0.04136217208201193,0.6971017658140679,UNLOADING,0.18623593779998904,0.018492916208691472,0.09845470796049803,0.024033643994198287,0.12750244140625,0.04974613108399989,0,ok,0.20622543550714303,0.6881123873514575,FLAT,0.0,-1,0.007536423107236757,0.0007768697024262182,0.0346780759549267,SUPPORT,0.36203306034910343,0.02595703409532012,0.04015232260408373,2.500000000000002,-0.0019009449451011795,0.614140543866627,1,staged_v3,0.3899436381943671,2,0.9904879599567906,0.39143971455958554,2,1,1,1
v3_pelvis_proxy:v3_right_hand_proxy,133,0.0,0.0,0.0,0.15763996020146295,0.2934722812553695,FLAT,0.0,-1,0.1969658751267928,0.04136217208201193,0.7796170881062517,UNLOADING,0.15963080382856204,0.022618682323300665,0.09845470796049803,0.0,0.0,0.04974613108399989,0,ok,0.20622543550714303,0.6844026880369172,FLAT,0.0,-1,0.01168333102930625,0.0007768697024262182,0.03839231469802154,SUPPORT,0.37962644827928277,0.02614274603247486,0.04015232260408373,4.752362362752948,0.0,0.614140543866627,1,staged_v3,0.18295441282401867,2,1.003492788456061,0.14811002555015892,2,1,1,1
v3_pelvis_proxy:v3_right_hand_proxy,134,0.04467773437499995,0.20000000000000018,0.04467773437500002,0.135217596326911,0.22855644245143333,FLAT,0.0,-1,0.23517833880818856,0.04092601745096405,0.8408108558256489,UNLOADING,0.1368264032816246,0.026114525340318384,0.09604452770647963,0.008421554525492175,0.04467773437500002,0.05049601974986394,0,ok,0.18048898619185166,0.6762824286651965,FLAT,0.0,-1,0.0156339862373278,0.0006058910268147743,0.04601639533661127,SUPPORT,0.3937011586234262,0.02669492874001579,0.036802200936137494,2.500000000000002,0.0010000000000000009,0.615140543866627,1,staged_v3,0.1747917993839446,2,0.9916390307227841,0.14667188117453456,2,1,1,1
v3_pelvis_proxy:v3_right_hand_proxy,135,1.0000000000000002,0.40000000000000036,0.9999994131120086,0.2685457244524579,0.17799993635719077,FLAT,0.0,-1,0.3595188271193532,0.0729319538856823,0.8859359938956323,UNLOADING,0.11727977424139252,0.0,0.12442794199229171,0.18849544858960746,0.9999994131120086,0.07899278434890603,0,ok,0.2585925788302185,0.6705781567999615,FLAT,0.0,-1,0.016294867672228795,0.008410244152162679,0.05648562417915854,SUPPORT,0.40496092689874097,0.019414037056795248,0.04800201487517969,2.500000000000002,0.0020000000000000018,0.617140543866627,0,staged_v3,0.13884357350232351,2,0.9600312842829312,0.13545942320538149,2,1,1,1
v3_pelvis_proxy:v3_right_hand_proxy,136,0.9999999999999999,0.20000000000000018,1.0,0.06679143306406705,0.13862648982164041,FLAT,0.0,-1,0.4038497663117609,0.01935688812164089,0.9182695682167407,UNLOADING,0.10052552077833644,0.05155659028919614,0.06169789250105388,0.1884955592153876,1.0,0.0618910907376521,0,ok,0.12851006418368927,0.6559213240044306,FLAT,0.0,-1,0.023177083196406316,0.03689002413861897,0.06732242670276589,SUPPORT,0.41396874151899277,0.012867566602798156,0.015498554732340141,-2.500000000000002,0.0010000000000000009,0.618140543866627,0,staged_v3,0.29679021097063835,2,0.9827495413734871,0.2900786026286439,2,0,0,0
v3_pelvis_proxy:v3_right_hand_proxy,137,0.9999999999999999,0.40000000000000036,1.0,0.21408444729792292,0.1079624188275337,FLAT,0.0,-1,0.4909597410614214,0.008438822118357812,0.9414375866005795,UNLOADING,0.08631637491957872,0.06363305721167117,0.07564519222812346,0.1884955592153876,1.0,0.07189724985355896,0,ok,0.3073529313528298,0.6293805154873195,FLAT,0.0,-1,0.03384807675776343,0.021710212677172908,0.07677599944539933,SUPPORT,0.4211749932151942,0.00712858729509706,0.08008424291272476,2.500000000000002,0.0020000000000000018,0.620140543866627,0,staged_v3,0.3791262773200951,2,0.9620980342040178,0.3791262773200951,2,1,1,1
v3_pelvis_proxy:v3_right_hand_proxy,138,1.0000000000000002,0.6000000000000005,0.9999999999999999,0.1948351089721834,0.08408121632516623,FLAT,0.0,-1,0.5764487420219817,0.06568457482889967,0.9580381971765493,UNLOADING,0.07398546421678176,0.007217335029927802,0.15756756935481492,0.18849555921538758,0.9999999999999999,0.04332953142782456,0,ok,0.2818111098778057,0.6088263707334052,FLAT,0.0,-1,0.036635415889050546,0.06538781528164588,0.08447445032992193,SUPPORT,0.42693999457215537,0.0,0.09302910983105075,2.500000000000002,0.0030000000000000027,0.623140543866627,0,staged_v3,0.3711640343677289,2,0.9885087599759933,0.3719799029510553,2,1,1,1
v3_pelvis_proxy:v3_right_hand_proxy,139,1.0,0.40000000000000036,0.8956991039115665,0.09186379872063072,0.06548251711563564,FLAT,0.0,-1,0.6170565774965958,0.0306995690106818,0.9669607182980702,UNLOADING,0.06341611218581295,0.04264846690422172,0.09381066378762278,0.1688353034805323,0.8956991039115665,0.04814420369151849,0,ok,0.19952277538826457,0.5912074502705451,FLAT,0.0,-1,0.041379557917934545,0.016597246101583828,0.09094281650120571,SUPPORT,0.4315519956577243,0.01294989472347646,0.0578809406405329,-2.500000000000002,0.0020000000000000018,0.625140543866627,0,staged_v3,0.34963598657092854,2,1.000703971892495,0.34963598657092854,2,1,0,0
v3_pelvis_proxy:v3_right_hand_proxy,140,1.0000000000000002,0.6000000000000005,0.6250302884182071,0.25008952000041257,0.050997835607143716,FLAT,0.0,-1,0.7091167446184532,0.013939239161940849,0.9684778136877276,UNLOADING,0.05435666758783967,0.059484651522445524,0.07447034762252946,0.11781543374194495,0.6250302884182071,0.0573199627452594,0,ok,0.35521040191856074,0.558781656764892,FLAT,0.0,-1,0.0524960048531763,0.04931174441867545,0.09511933408097786,SUPPORT,0.43524159652617944,0.0,0.11431619005023141,2.500000000000002,0.0030000000000000027,0.628140543866627,0,staged_v3,0.19487625148758783,2,0.9829477228383218,0.19487625148758783,2,1,1,1
v3_torso_proxy:v3_left_forearm_proxy,141,1.0000000000000002,0.40000000000000036,1.0,0.10104202708468028,0.0397171543057903,FLAT,0.0,-1,0.7119301031119085,0.011583748509809658,0.9636297678182191,UNLOADING,0.04659142936100543,0.0615977398811013,0.0591097606702651,0.1884955592153876,1.0,0.08875451409689429,0,ok,0.2031703078619054,0.5341540318274635,FLAT,0.0,-1,0.05443313357014975,0.012463857488019262,0.09715135063600806,SUPPORT,0.43819327722094353,0.01739371004378114,0.05520516149752645,-2.500000000000002,0.0020000000000000018,0.630140543866627,0,staged_v3,0.15214644423160265,2,1.0021137345511126,0.1489089855238501,2,0,0,0
v3_torso_proxy:v3_left_forearm_proxy,142,1.0,0.6000000000000005,0.7639825578992344,0.08053471382604425,0.030931750874717306,FLAT,0.0,-1,0.7231114639085899,0.07103848090674826,0.9540950094263405,UNLOADING,0.0399355108808618,0.0016662695645687647,0.09839068576868379,0.14400731948201842,0.7639825578992344,0.08142306013948081,0,ok,0.1324925566138963,0.5152985907744073,FLAT,0.0,-1,0.051724965445613814,0.012671266799135893,0.0970337104216697,SUPPORT,0.4405546217767548,0.01718041872194759,0.033526113532387526,2.500000000000002,0.0030000000000000027,0.633140543866627,0,staged_v3,0.15204746048934364,2,0.9898484018339417,0.12994536373179166,2,0,0,0
v3_torso_proxy:v3_left_forearm_proxy,143,0.6333363555972484,0.40000000000000036,0.8870596713990031,0.07422903653482758,0.02408967180299945,FLAT,0.0,-1,0.7220443572029387,0.05122592770632043,0.9411649860131373,UNLOADING,0.03423043789788154,0.020832321594336435,0.08261141983262373,0.16720680881777306,0.8870596713990031,0.0843334410947459,0,ok,0.08732461367512843,0.5218509264806552,FLAT,0.0,-1,0.03822660083277974,0.002079644368987687,0.09723612409907127,SUPPORT,0.4424436974214038,0.02778216183596588,0.02493642548122458,-2.500000000000002,0.0020000000000000018,0.635140543866627,1,staged_v3,0.17775730537674028,2,0.9755514640053928,0.17975621865993452,2,1,0,0
v3_torso_proxy:v3_left_forearm_proxy,144,0.15647441355053787,0.20000000000000018,0.4970092773437499,0.0,0.018761055264109115,AIR,0.0,-1,0.7226568420011659,0.05115738100049246,0.9251514433226131,UNLOADING,0.02936251476537049,0.020100191165638194,0.08200081758552202,0.09368404166814581,0.4970092773437499,0.0887410665131579,0,ok,0.08118995367166568,0.5358597110320281,FLAT,0.0,-1,0.033573211574722366,0.0021224525673470144,0.0986162295531992,SUPPORT,0.4439549579371231,0.02780835891031295,0.025647183348006513,-2.500000000000002,0.0010000000000000009,0.636140543866627,1,staged_v3,0.15838836324241598,2,0.9719262376058803,0.14801226071883428,2,0,0,0
v3_torso_proxy:v3_left_forearm_proxy,145,0.13657032411138836,0.0,0.5959202102843416,0.0,0.014611124530934081,AIR,0.0,-1,0.6957732113075001,0.05610809840563251,0.8893002271027552,UNLOADING,0.025398933822795813,0.013356912949505265,0.0848217580380668,0.11232831328529835,0.5959202102843416,0.0917222936069446,0,ok,0.07562289779573811,0.5575590384464854,FLAT,0.0,-1,0.02243607130070363,0.011838653910033109,0.10243153477957395,SUPPORT,0.44516396634969846,0.01828292282894559,0.03560993659290414,-2.500000000000002,0.0,0.636140543866627,0,staged_v3,0.09931033191059126,2,0.9906261897561385,0.10019089890135975,2,1,0,0
v3_torso_proxy:v3_left_forearm_proxy,146,0.2821413502366399,0.0,0.5001600106787761,0.0,0.011379155226245276,AIR,0.0,-1,0.7002745428461269,0.043151030768184113,0.8369927028953176,UNLOADING,0.022035498324791392,0.02369860437658177,0.0691822848019356,0.09427794091007013,0.5001600106787761,0.09297953262755711,0,ok,0.06511539245285505,0.5706099217043097,FLAT,0.0,-1,0.028481118280971614,0.023221049367892342,0.10668062943148943,SUPPORT,0.44613117307975875,0.007112982103682129,0.03342554524456601,0.0,0.0,0.636140543866627,0,staged_v3,0.09924820355457427,2,0.9943883450490527,0.09815140822386366,2,1,0,0
v3_torso_proxy:v3_left_forearm_proxy,147,0.08311731622475993,0.0,0.5003222862354659,0.0,0.00886209500089089,AIR,0.0,-1,0.7158541514675142,0.04230737778469788,0.7763641506506004,UNLOADING,0.019170696013041093,0.02151082974783214,0.06576083940892681,0.09430852913187537,0.5003222862354659,0.09648411597988059,0,ok,0.06501706872961585,0.5708871627929211,FLAT,0.0,-1,0.03984507964051876,0.023166706287935827,0.11071012412293657,SUPPORT,0.446904938463807,0.0073687999182110026,0.03325933057638705,0.0,0.0,0.636140543866627,0,staged_v3,0.09938252319110165,2,1.0012106280049613,0.09854883448265209,2,1,0,0
v3_torso_proxy:v3_left_forearm_proxy,148,0.09418170667987143,0.0,0.500313659801591,0.0,0.0069018065263470076,AIR,0.0,-1,0.7351402109094988,0.04438036778214828,0.710172225179553,UNLOADING,0.01671778732943128,0.016128243476829375,0.06479604092182562,0.09430690308739809,0.500313659801591,0.10185014387418523,0,ok,0.06470332948259318,0.563522964993519,FLAT,0.0,-1,0.043581753368159254,0.02317707888263212,0.11389257267430351,SUPPORT,0.4475239507710456,0.007517549751083059,0.03348910511966871,0.0,0.0,0.636140543866627,0,staged_v3,0.10010352277154459,2,1.0072921111890463,0.0992298316783406,2,1,0,0
v3_torso_proxy:v3_left_forearm_proxy,149,0.10565212488588574,0.0,0.5003081227141769,0.0,0.0053751323273263825,AIR,0.0,-1,0.7449796701854635,0.049672643494141216,0.6445206508949816,UNLOADING,0.014602496073951286,0.007553389050607866,0.06700168950214296,0.09430585937100955,0.5003081227141769,0.10934977778397612,0,ok,0.06763113001575038,0.5562718569878183,FLAT,0.0,-1,0.04659234856013194,0.021898284383845577,0.11620855711433228,SUPPORT,0.4480191606168365,0.00891214347187104,0.035838757928139814,0.0,0.0,0.636140543866627,0,staged_v3,0.10088559348208456,2,1.0113647015047174,0.10159969348729811,2,1,0,0
v3_torso_proxy:v3_left_forearm_proxy,150,0.307991805209452,0.20000000000000018,0.3524439138430952,0.0,0.004186157265634209,AIR,0.0,-1,0.7141835950075418,0.0614755564759446,0.5792562551542259,UNLOADING,0.012768039418309143,0.0,0.07749423848094274,0.06643411263191412,0.3524439138430952,0.11609367851045313,0,ok,0.07596331801985717,0.5511913411961222,FLAT,0.0,-1,0.04353207589365826,0.007949701323694228,0.11777629231587305,SUPPORT,0.4484153284934692,0.022939113292099425,0.03328228136756286,-2.500000000000002,-0.0010000000000000009,0.635140543866627,0,staged_v3,0.10200309629438008,2,1.022374024715748,0.10361700442796049,2,1,0,0
v3_torso_proxy:v3_left_forearm_proxy,151,0.07649431686089589,0.40000000000000036,0.7555323887503371,0.0,0.003260182556535973,AIR,0.0,-1,0.695704497594177,0.05865506098598271,0.5142692849628965,UNLOADING,0.011170258187741795,0.0,0.07367989450907816,0.1424145001228324,0.7555323887503371,0.12413235567380637,0,ok,0.07123943251304998,0.5438525391323449,FLAT,0.0,-1,0.04832726449174641,0.024918352740479988,0.11844998796354209,SUPPORT,0.44873226279477535,0.006004146657697117,0.047373841327824594,-2.500000000000002,-0.0020000000000000018,0.633140543866627,0,staged_v3,0.10375685721150961,2,1.0285470496209974,0.10539185312796458,2,1,0,0
v3_torso_proxy:v3_left_forearm_proxy,152,0.28285560527020265,0.40000000000000036,0.5001554218784487,0.0,0.0025390327279859507,AIR,0.0,-1,0.662999713431814,0.04029168336803543,0.4677040860414835,UNLOADING,0.009767580838994948,0.008093520934038749,0.05423754739321793,0.0942770759415863,0.5001554218784487,0.1304100657422591,0,ok,0.0556924628669315,0.5272290203104386,FLAT,0.0,-1,0.05678679577809896,0.025115791405651056,0.11789707661111794,SUPPORT,0.4489858102358203,0.005779062424904842,0.03389146898155283,0.0,-0.0020000000000000018,0.631140543866627,0,staged_v3,0.10483074241299302,2,1.0329495205031838,0.10162684833998059,2,1,0,0
v3_torso_proxy:v3_left_hand_proxy,153,0.18555401996519807,0.6000000000000005,0.5003134234592911,0.0,0.0019774006767993837,AIR,0.0,-1,0.6173828415962341,0.05072418728339351,0.43433866303119417,UNLOADING,0.008532003449218721,0.0,0.06367617438970971,0.09430685853792409,0.5003134234592911,0.1405556326189229,0,ok,0.07113442259025562,0.5162828625533127,FLAT,0.0,-1,0.05404997485622798,0.018657100284823723,0.11631951257403192,SUPPORT,0.4491886481886562,0.012158875343877874,0.041513714634839285,-2.500000000000002,-0.0030000000000000027,0.628140543866627,0,staged_v3,0.11971120686833227,2,1.0365486858763564,0.11145271745599694,2,1,0,0
v3_torso_proxy:v3_left_hand_proxy,154,0.14324812133723439,0.8000000000000007,1.0000000000000002,0.0,0.001540001195537286,AIR,0.0,-1,0.596234047432618,0.05096922260255912,0.40855725042082236,UNLOADING,0.0074432633195365885,0.0,0.0612575962215079,0.18849555921538763,1.0000000000000002,0.14008152162275614,0,ok,0.07950213288648524,0.5108123694983571,FLAT,0.0,-1,0.05453070595051845,0.005110292529019075,0.11374483909587105,SUPPORT,0.44935091855092496,0.02557694942577448,0.031327966845295,-2.500000000000002,-0.0040000000000000036,0.624140543866627,0,staged_v3,0.13512334615245458,2,1.0293488856993351,0.1271701431855287,2,0,0,0
v3_torso_proxy:v3_left_hand_proxy,155,0.3382477463790524,1.0000000000000009,0.9575426080472,0.0,0.001199354137015338,AIR,0.0,-1,0.4867777825003972,0.04037064233335763,0.3831852408346227,UNLOADING,0.006485622750056663,0.0037886197083735057,0.049832634640668644,0.1804925293764177,0.9575426080472,0.1293143075324502,0,ok,0.07013160014745981,0.5065379239541499,FLAT,0.0,-1,0.05007125988047163,0.020144443300043877,0.11044320482299518,SUPPORT,0.44948073484073997,0.010377716941105883,0.03319867675744855,-2.500000000000002,-0.0050000000000000044,0.619140543866627,0,staged_v3,0.2426684980005331,2,1.0404459185833994,0.13421994691298722,2,0,0,0
v3_torso_proxy:v3_left_hand_proxy,156,0.9999999999999999,0.8000000000000007,1.0,0.0,0.0009340579410874743,AIR,0.0,-1,0.4381034810527785,0.1722396898358948,0.35164489626179585,UNLOADING,0.005645619676233035,0.0,0.16262467638339181,0.1884955592153876,1.0,0.1445268722122237,0,ok,0.07802077607676712,0.5046072184739412,FLAT,0.0,-1,0.052631664084392855,0.004903172405586396,0.10657676685059637,SUPPORT,0.449584587872592,0.025425665936943426,0.010722953877840672,2.500000000000002,-0.0040000000000000036,0.615140543866627,0,staged_v3,0.19321895311585877,2,1.0760898458793002,0.15811484618915397,2,0,1,1
v3_torso_proxy:v3_left_hand_proxy,157,1.0000000000000007,1.0000000000000009,1.0000000000000002,0.0,0.0007274450559529892,AIR,0.0,-1,0.3420578319369175,0.03620799175296042,0.3290452518290793,UNLOADED,0.004908828681674761,0.005244270838493548,0.05650989138445807,0.18849555921538763,1.0000000000000002,0.14562664696191405,0,ok,0.09140365646949637,0.5033846314968765,FLAT,0.0,-1,0.052838883930809835,0.010750571551799915,0.10243809378648955,SUPPORT,0.4496676702980736,0.019371333137524562,0.015597776685684791,-2.500000000000002,-0.0050000000000000044,0.610140543866627,0,staged_v3,0.3025169372042871,2,1.0525993059355976,0.29610043549256904,2,0,0,0
v3_torso_proxy:v3_left_hand_proxy,158,1.0,0.8000000000000007,0.9999974888723242,0.0,0.0005665347792176099,AIR,0.0,-1,0.2686011312632498,0.07605750453273959,0.31285189898520327,UNLOADED,0.004263180769678112,0.0,0.0893673432184662,0.1884950858789721,0.9999974888723242,0.1456282904696923,0,ok,0.1409926581998316,0.5023792408931045,FLAT,0.0,-1,0.05368540240423522,0.08825540844374966,0.09816218360955113,SUPPORT,0.44973413623845887,0.008500729337372216,0.021407379843105343,2.500000000000002,-0.0040000000000000036,0.606140543866627,0,staged_v3,0.29832827609326656,2,1.0876085579219499,0.29832827609326656,2,1,1,1
v3_torso_proxy:v3_left_hand_proxy,159,0.969673602655808,0.6000000000000005,0.8376374424895938,0.0,0.00044121772969186004,AIR,0.0,-1,0.22935317019553,0.02407721669313568,0.301773792922091,UNLOADED,0.0036981649142809924,0.026310047345037637,0.013778642301066919,0.15789093814182306,0.8376374424895938,0.1430986147535001,0,ok,0.017452822402888427,0.5032106907981093,FLAT,0.0,-1,0.05492617744430648,0.034256765952428284,0.09381976399131144,SUPPORT,0.4497873089907671,0.005131125537472591,0.024559862662092983,2.500000000000002,-0.0030000000000000027,0.603140543866627,0,staged_v3,0.23571522426701416,2,1.0755612989274614,0.23702086654898674,2,1,0,0
v3_torso_proxy:v3_left_hand_proxy,160,0.05952657491630068,0.40000000000000036,0.6943726775306563,0.0,0.00034362071338900807,FLAT,0.0,-1,0.3438390646251271,0.046528529393921304,0.29289515696162904,LOADING,0.0032045664794702316,0.0,0.055238502362725844,0.13088616615502707,0.6943726775306563,0.13573140232171613,0,ok,0.06832914733809098,0.5024797861286786,FLAT,0.0,-1,0.0545791681238755,0.03227011291187383,0.08941951303483808,SUPPORT,0.44982984719261365,0.02222571251033707,0.0072452631414048375,2.500000000000002,-0.0020000000000000018,0.601140543866627,0,staged_v3,0.2190763183148017,2,1.0911177630093087,0.19752175212212839,2,1,0,0
v3_torso_proxy:v3_right_forearm_proxy,161,0.15563747708464246,0.20000000000000018,0.9999943577541653,0.0,0.00026761208066691425,FLAT,0.0,-1,0.31067980836533626,0.062339684722179954,0.282413650737536,LOADING,0.0027742048075436706,0.0,0.0936273379700632,0.18849449567710377,0.9999943577541653,0.11482561356156626,0,ok,0.09277752757282316,0.5040802326701934,FLAT,0.0,-1,0.05512523021613709,0.024761082886907718,0.11321639637558908,SUPPORT,0.4498638777540909,0.017118413492443155,0.013542406326336302,2.500000000000002,-0.0010000000000000009,0.600140543866627,0,staged_v3,0.2248126693816683,2,1.0735810539415966,0.198175813866885,2,1,0,0
v3_torso_proxy:v3_right_forearm_proxy,162,0.6158447265625002,0.0,0.5501800703740706,0.0,0.0002084164979827608,FLAT,0.0,-1,0.2536104932671726,0.008270624247036729,0.2666485001915638,LOADING,0.0023997244852346435,0.03006180076254146,0.02461973778470218,0.10370650003432175,0.5501800703740706,0.11481742678750267,0,ok,0.059890460012371416,0.5053670306498159,FLAT,0.0,-1,0.05456079927222527,0.05128352721813596,0.12788289932845948,UNLOADING,0.3855976095035065,0.009276992969065628,0.022117151997357348,2.500000000000002,0.0,0.600140543866627,1,staged_v3,0.21585110609260771,2,1.078622439473568,0.21585110609260771,2,1,1,1
v3_torso_proxy:v3_right_forearm_proxy,163,0.013183593750000104,0.20000000000000018,0.006795215596760121,0.0,0.000162314931833974,FLAT,0.0,-1,0.16856548923194398,0.008195197729794233,0.22454187850724863,LOADING,0.0020748879062197226,0.0280318961955682,0.02430646975988366,0.0012808679639004228,0.006795215596760121,0.11481743166394764,0,ok,0.08001077538158484,0.5179183423034344,FLAT,0.0,-1,0.04520998186980657,0.0523273261232786,0.1368524216425257,UNLOADING,0.3457228125431622,0.008499609702674618,0.02334301137945167,2.500000000000002,0.0010000000000000009,0.601140543866627,1,staged_v3,0.21617366778311867,2,1.0852692337269134,0.21617366778311867,2,1,1,1
v3_torso_proxy:v3_right_forearm_proxy,164,1.0000000000000002,0.40000000000000036,0.9419841869970522,0.0,0.01426387488536874,FLAT,0.0,-1,0.12763038925696105,0.047327085504978245,0.18903482599357024,LOADING,0.003973411480659579,0.0,0.06157613571497948,0.1775598361000616,0.9419841869970522,0.11481743178553463,0,ok,0.099175432625806,0.5340903966547568,FLAT,0.0,-1,0.04249273090960251,0.01809709338965523,0.14098243605602617,UNLOADING,0.29633383932271046,0.016374450893552356,0.015674670909248956,2.500000000000002,0.0020000000000000018,0.603140543866627,0,staged_v3,0.16156084242393712,2,1.08496412096232,0.16156084242393712,2,1,1,1
v3_torso_proxy:v3_right_forearm_proxy,165,0.4141253326021935,0.20000000000000018,0.8573729999576072,0.0,0.07806012520403655,FLAT,0.0,-1,0.06873076969468563,0.01453201614696913,0.16314941240838074,LOADING,0.016243661513422335,0.018625454473449907,0.04264376184506624,0.16161100308318366,0.8573729999576072,0.11481743178553358,0,ok,0.06844472492691937,0.549177676410638,FLAT,0.0,-1,0.03490597653199747,0.00851285551375815,0.14245981833224092,UNLOADING,0.2540004337051804,0.023610135402853897,0.04115443197024624,-2.500000000000002,0.0010000000000000009,0.604140543866627,0,staged_v3,0.12905897818598386,2,1.0871601496154466,0.12905897818598386,2,1,0,0
v3_torso_proxy:v3_right_forearm_proxy,166,0.4275994844126669,0.0,0.9999967801754597,0.0,0.13972173483865452,FLAT,0.0,-1,0.05703367507603155,0.06596390079201533,0.14312288492799988,LOADING,0.03693980062301812,0.0,0.07277653697098717,0.1884949522927603,0.9999967801754597,0.08728363633843873,0,ok,0.12441638322461979,0.5680441361233103,FLAT,0.0,-1,0.033626825782376336,0.042094081756175655,0.141297432310574,SUPPORT,0.2932003469641443,0.0,0.06214235511277176,-2.500000000000002,0.0,0.604140543866627,0,staged_v3,0.17289082054100854,2,1.0749625087559247,0.16691299774032384,2,0,0,0
v3_torso_proxy:v3_right_forearm_proxy,167,0.43345287515944736,0.20000000000000018,1.0000000000000002,0.0,0.2090803675510015,FLAT,0.0,-1,0.032543971343289374,0.009405079265684412,0.15695546534909322,LOADING,0.06480465273174942,0.023442694001770254,0.041194363211206474,0.18849555921538763,1.0000000000000002,0.08726822645928665,0,ok,0.0705458568720984,0.5938627958448273,FLAT,0.0,-1,0.02769333035173558,0.020818501488750602,0.1390757745287501,UNLOADING,0.25131458311212374,0.011135287237686902,0.05254635884278466,-2.500000000000002,-0.0010000000000000009,0.603140543866627,0,staged_v3,0.3197760842248564,2,1.0778649208979383,0.3197760842248564,2,1,0,0
v3_torso_proxy:v3_right_forearm_proxy,168,0.3848275936978164,0.40000000000000036,0.6436591061403337,0.0,0.2646872344744234,FLAT,0.0,-1,0.029520140729451267,0.010603992751564598,0.13809902922819134,SUPPORT,0.14184372218539953,0.021300958709844973,0.0460601879535558,0.12132688315599874,0.6436591061403337,0.08235294973016181,0,ok,0.06670115702359554,0.6150663333614307,FLAT,0.0,-1,0.027305012197512447,0.01364491425745384,0.136013300205117,UNLOADING,0.22578268519693026,0.01815575075280201,0.048196153984830695,-2.500000000000002,-0.0020000000000000018,0.601140543866627,0,staged_v3,0.23935940779533468,2,1.096630498129276,0.2400337719727626,2,1,0,0
v3_torso_proxy:v3_right_forearm_proxy,169,0.17719360992657787,0.6000000000000005,0.5430619848066711,0.0,0.30902489265385047,FLAT,0.0,-1,0.03176549552360101,0.008469901662738779,0.12380346778771871,SUPPORT,0.20347497774831963,0.02272027172664716,0.04646820383391062,0.10236477251475179,0.5430619848066711,0.08235072804214594,0,ok,0.06476035562754859,0.6331876477216087,FLAT,0.0,-1,0.028272682661811908,0.014917200261655463,0.1321140285592367,UNLOADING,0.20677200753669062,0.016688501166306376,0.05010011959741388,-2.500000000000002,-0.0030000000000000027,0.598140543866627,0,staged_v3,0.13943083960377067,2,1.1015068822072622,0.13943083960377067,2,1,0,0
v3_torso_proxy:v3_right_forearm_proxy,170,0.058129081093528906,0.8000000000000007,0.5139737547470912,0.0,0.33190799060929543,FLAT,0.0,-1,0.04184383699965611,0.005311186623920706,0.11174861435593857,SUPPORT,0.2527799821986557,0.025276244093876226,0.04370217693869673,0.09688177032308543,0.5139737547470912,0.08166508713265862,0,ok,0.061530019323465836,0.6521594945573832,FLAT,0.0,-1,0.025150082764532185,0.0307750662563942,0.1279098314486213,SUPPORT,0.2554176060293525,0.0006204253160368642,0.0620015955497101,-2.500000000000002,-0.0040000000000000036,0.594140543866627,0,staged_v3,0.14253406733482804,2,1.1078322806191712,0.14430143538293774,2,1,0,0
v3_torso_proxy:v3_right_forearm_proxy,171,0.101806640625,0.06108398437500995,0.07293734215980503,0.0,0.3596489721959392,FLAT,0.0,-1,0.035922863663931985,0.003306734254299654,0.12987432102980173,SUPPORT,0.2922239857589246,0.028186981797190435,0.036031120566831706,0.013748365098096516,0.07293734215980503,0.08180631742403255,0,ok,0.06156753370186942,0.670746771391944,FLAT,0.0,-1,0.0253870352862104,0.030866294157774934,0.12375962631538946,SUPPORT,0.294334084823482,0.0003216871579945421,0.06193962753431717,9.236450195312385,-0.00030541992187504974,0.5938351239447519,1,staged_v3,0.14196380612057796,2,1.0972116963026513,0.13976445314650277,2,1,1,1
v3_torso_proxy:v3_right_forearm_proxy,172,0.20518711249209212,0.2610839843750101,0.49183048096112797,0.0,0.39332640756836157,FLAT,0.0,-1,0.02660709718869547,0.01835894619013128,0.1419553600313093,SUPPORT,0.32377918860713967,0.013738821811434189,0.05820835566344327,0.09270786154794086,0.49183048096112797,0.0807778545098218,0,ok,0.06411170397213575,0.6912965915396566,FLAT,0.0,-1,0.022792879950101576,0.007951912983552804,0.12078587439212478,SUPPORT,0.3254672678587856,0.023087380736053438,0.04645550353326318,-2.500000000000002,-0.0013054199218750506,0.5925297040228769,0,staged_v3,0.14373203268653986,2,1.1128182697311375,0.1455864608968408,2,1,0,0
v3_torso_proxy:v3_right_forearm_proxy,173,0.09939337278434424,0.4610839843750103,0.12508048931352275,0.0,0.41970650877035753,FLAT,0.0,-1,0.029615990201631134,0.008805967691307388,0.15000335472498347,SUPPORT,0.34902335088571174,0.02369420004494179,0.051436246915126944,0.023577116780086782,0.12508048931352275,0.07970627236373747,0,ok,0.06418574512591373,0.7103655496570547,FLAT,0.0,-1,0.025245234200751168,0.007920798054439012,0.11865508802922661,SUPPORT,0.35037381428702846,0.02301195634702232,0.04591833421210696,-2.500000000000002,-0.0023054199218750515,0.5902242841010018,0,staged_v3,0.14585969364615467,2,1.1151973637428285,0.14755238350331154,2,1,0,0
v3_torso_proxy:v3_right_forearm_proxy,174,0.3856871536733046,0.6610839843750105,0.7249075431986355,0.03564595123098814,0.4406908584053333,FLAT,0.0,-1,0.03232032165253267,0.017904180083519905,0.1531366840648105,SUPPORT,0.3692186807085694,0.014752654119720626,0.05089433752596899,0.13664185273467955,0.7249075431986355,0.07079610060070331,0,ok,0.08425461577093213,0.7280790032036759,FLAT,0.0,-1,0.026538085862173436,0.04740680339908885,0.1168449562763903,SUPPORT,0.37029905142962277,0.0,0.07505364063835523,-2.500000000000002,-0.0033054199218750524,0.5869188641791268,0,staged_v3,0.15333652341273546,2,1.1086408431988082,0.1516567407455561,2,1,0,0
v3_torso_proxy:v3_right_forearm_proxy,175,0.1915528289160425,0.8610839843750107,0.5959445705704475,0.007629911581174691,0.47025484761457004,FLAT,0.0,-1,0.019410290222947515,0.004721820802997604,0.1538101139996491,SUPPORT,0.3853749445668555,0.02796868489698485,0.048103517932919254,0.11233290509105051,0.5959445705704475,0.07078995931994903,0,ok,0.0627444613247961,0.7522659575981155,FLAT,0.0,-1,0.02411031103877131,0.01437566546820885,0.1155627758482208,UNLOADING,0.31739918693967667,0.016402473324202194,0.051580347277413285,-2.500000000000002,-0.004305419921875053,0.5826134442572517,0,staged_v3,0.17647701476784372,2,1.110228633226994,0.17647701476784372,2,1,0,0
v3_torso_proxy:v3_right_forearm_proxy,176,0.15019481141757782,1.0000000000000009,0.3800793275652994,0.006348113610044066,0.4922927365655406,FLAT,0.0,-1,0.018024382107519173,0.012383563275407804,0.124325096389097,SUPPORT,0.3982999556534844,0.018832691544047046,0.053565353298220056,0.0716432653956296,0.3800793275652994,0.06964303344146033,0,ok,0.06159735855393108,0.7710416804494677,FLAT,0.0,-1,0.02358746296308149,0.005716240080107234,0.11463905978731166,UNLOADING,0.2922492324639665,0.02501571290925835,0.04400521380786667,-1.7364501953123779,-0.0050000000000000044,0.5776134442572517,0,staged_v3,0.1557879771998358,2,1.1135132025543406,0.15671470757333358,2,1,0,0
v3_torso_proxy:v3_right_forearm_proxy,177,0.5427246093749999,0.4341796874999915,0.5427246093749999,0.0668522659319652,0.5112410222556576,FLAT,0.0,-1,0.01623362763372351,0.0013024792514696295,0.10182517641153699,SUPPORT,0.4090082396778455,0.028788779569107224,0.013064347044621701,0.10230117874409339,0.5427246093749999,0.07152104496901639,0,ok,0.11848597577943873,0.7829226517546581,FLAT,0.0,-1,0.021798831541867184,0.037452919881620854,0.11436666556650414,UNLOADING,0.27221378624712067,0.0,0.07017834051796586,7.072753906250117,-0.0021708984374999574,0.5754425458197517,1,staged_v3,0.15445244471344644,2,1.1146461011818318,0.15141327606633564,2,1,1,1
v3_torso_proxy:v3_right_forearm_proxy,178,0.0,0.0,0.0,0.0668522659319652,0.5261286156739811,FLAT,0.0,-1,0.017811697005499758,0.0013024792514696295,0.08480484955354123,SUPPORT,0.4172065917422764,0.027937763226207436,0.013064347044621701,0.0,0.0,0.07152104496901639,0,ok,0.11848597577943873,0.798888763428228,FLAT,0.0,-1,0.021237494014632603,0.037452919881620854,0.11464878937238532,UNLOADING,0.233326102497532,0.0,0.07017834051796586,5.427246093749893,0.0,0.5754425458197517,1,staged_v3,0.2300073538566913,2,1.1056249618375695,0.22977344883416606,2,1,1,1
v3_torso_proxy:v3_right_forearm_proxy,179,0.2687740620268591,0.20000000000000018,1.0000000000000002,0.10907925007355292,0.537287351904943,FLAT,0.0,-1,0.017329172084782872,0.012623266582085044,0.07177454559847876,SUPPORT,0.42376527339382114,0.015965460697838895,0.042777519244551775,0.18849555921538763,1.0000000000000002,0.05859677877399534,0,ok,0.08651252933001703,0.8085376918951247,FLAT,0.0,-1,0.020931995779460418,0.07444324629044326,0.11505703336588827,UNLOADING,0.19999380214074172,0.0,0.05338450250419986,2.500000000000002,0.0010000000000000009,0.5764425458197517,0,staged_v3,0.22174566731079123,2,1.0831558503188978,0.19029883724398775,2,1,0,0
v3_torso_proxy:v3_right_forearm_proxy,180,0.09094238281250001,0.40000000000000036,0.09094238281250007,0.11083820561155401,0.5414689938551124,FLAT,0.0,-1,0.018167553003531588,0.008813033037062632,0.06070485836944538,SUPPORT,0.4290122187150569,0.01922220988140964,0.03541140048372704,0.017142235304622055,0.09094238281250007,0.05887835419334676,0,ok,0.07950642499297318,0.8149665757125699,FLAT,0.0,-1,0.022291611044460098,0.07979525669567072,0.11487418749093234,UNLOADING,0.17142325897777863,0.0,0.06311211449157571,2.500000000000002,0.0020000000000000018,0.5784425458197517,1,staged_v3,0.3876400282553289,2,1.089837084639422,0.3876144889248668,2,1,1,1
v3_torso_proxy:v3_right_forearm_proxy,181,0.6139670595011958,0.20000000000000018,1.0,0.014347002341555745,0.547517158630757,FLAT,0.0,-1,0.01572203113684225,0.016445870607320643,0.05148207628166269,SUPPORT,0.43320977497204555,0.011128233206762494,0.060236632490973926,0.1884955592153876,1.0,0.05845075528283132,0,ok,0.06559765762887941,0.8225411947147641,FLAT,0.0,-1,0.019776520038393836,0.009021128257692437,0.11453424085876447,SUPPORT,0.22713860718222292,0.02170558378524579,0.04752835229522365,-2.500000000000002,0.0010000000000000009,0.5794425458197517,0,staged_v3,0.1583919940141247,2,1.1020160316098546,0.1595380520805946,2,1,0,0
v3_torso_proxy:v3_right_forearm_proxy,182,0.055753512364156745,0.0,0.26464167470469785,0.005545273441809865,0.5565402071717229,FLAT,0.0,-1,0.01378686938594846,0.005630420316410402,0.0725068378612819,SUPPORT,0.4416457677838611,0.022994921576653695,0.05131864372942212,0.04988378046515872,0.26464167470469785,0.0580083642844757,0,ok,0.06153381064834662,0.8350073793461581,FLAT,0.0,-1,0.016273239920067975,0.00916748092306972,0.11443828658803407,SUPPORT,0.27171088574577834,0.021554433406331983,0.04853254510233839,-2.500000000000002,0.0,0.5794425458197517,0,staged_v3,0.1562430417839023,2,1.1051249349864618,0.15810006103844718,2,1,0,0
v3_torso_proxy:v3_right_forearm_proxy,183,0.41041443516759296,0.20000000000000018,0.9999994047954464,0.0777156358983995,0.5647309986540114,FLAT,0.0,-1,0.012790183385208528,0.05259255412347986,0.08708156968087721,SUPPORT,0.45516678596816423,0.0,0.07769898870419559,0.1884954470219724,0.9999994047954464,0.043608558253458427,0,ok,0.10445157180131016,0.842186653316305,FLAT,0.0,-1,0.016170756792797707,0.030692999663647427,0.1143561292441739,SUPPORT,0.3073687085966227,2.480679856126794e-05,0.0667923323284563,-2.500000000000002,-0.0010000000000000009,0.5784425458197517,0,staged_v3,0.1690417856805391,2,1.0769696240321687,0.16559913104672327,2,0,0,0
v3_torso_proxy:v3_right_forearm_proxy,184,0.31900735519932216,0.40000000000000036,0.9121452636257212,0.013643218323594651,0.5708005327112736,FLAT,0.0,-1,0.01284846461768267,0.011559336614296884,0.09693650742391913,SUPPORT,0.4544286736869979,0.018287488756899072,0.05500933776522601,0.17193533155279747,0.9121452636257212,0.043600405954470456,0,ok,0.06133179732681336,0.8455326546610756,FLAT,0.0,-1,0.015863885116412534,0.017573643659772768,0.114201447750151,UNLOADING,0.26345889308281945,0.013136428727734784,0.05587092323573194,-2.500000000000002,-0.0020000000000000018,0.5764425458197517,0,staged_v3,0.23913715394976115,2,1.0864997595117432,0.23913715394976115,2,1,0,0
v3_torso_proxy:v3_right_forearm_proxy,185,0.3017187780748945,0.6000000000000005,0.6389446425476272,0.007967403192446805,0.5679962675793139,FLAT,0.0,-1,0.011456281977192215,0.03175322350588727,0.07487896997754175,SUPPORT,0.4610954946742246,0.0,0.07035329279686656,0.12043822770469093,0.6389446425476272,0.04528234570228751,0,ok,0.05952166040279623,0.8343026895971313,FLAT,0.0,-1,0.018217402819758203,0.006131123319469235,0.1133879084586541,UNLOADING,0.2492914307650065,0.02453827210346347,0.04598386975393575,-2.500000000000002,-0.0030000000000000027,0.5734425458197517,0,staged_v3,0.20732602540516418,2,1.0963797633511652,0.20614800150372045,2,1,0,0
v3_torso_proxy:v3_right_forearm_proxy,186,0.5249633789062496,0.40000000000000036,0.33008407260876715,0.007863694543855364,0.5684232040819089,FLAT,0.0,-1,0.009471330772980993,0.002821168916189343,0.05838284164892249,SUPPORT,0.4732398960417012,0.025097973166256785,0.03580648163836844,0.06221938185448217,0.33008407260876715,0.04635144187762817,0,ok,0.05753491124950931,0.8320045219877593,FLAT,0.0,-1,0.016302506823683793,0.02488549671137688,0.11208844036703315,UNLOADING,0.23926099315045168,0.005718925306974779,0.05833057409657863,2.500000000000002,-0.0020000000000000018,0.5714425458197517,1,staged_v3,0.15915463614157596,2,1.0979001039695686,0.16008420021613268,2,1,1,1
v3_torso_proxy:v3_right_forearm_proxy,187,0.9999999999999999,0.20000000000000018,1.0,0.17209262012402107,0.5753277448716901,FLAT,0.0,-1,0.007601713710624612,0.0402327531546229,0.046090543279496125,SUPPORT,0.4856723602013159,0.0,0.10657539072666453,0.1884955592153876,1.0,0.03990082327147863,0,ok,0.2541727614419639,0.8460437373721446,FLAT,0.0,-1,0.012518135386921654,0.06383938958868224,0.11134363382120747,SUPPORT,0.2814087945203614,0.0,0.10617148254893041,2.500000000000002,-0.0010000000000000009,0.5704425458197517,0,staged_v3,0.17480105114007488,2,1.0925964496143385,0.17093157283253096,2,1,1,1
v3_torso_proxy:v3_right_forearm_proxy,188,0.580195135862985,0.40000000000000036,1.0000000000000002,0.03594632713511246,0.5787443708882827,FLAT,0.0,-1,0.007418459409530482,0.04129574256174118,0.0652981407622516,UNLOADING,0.41629059445827077,0.0,0.07620674323846587,0.18849555921538763,1.0000000000000002,0.05594952004380413,0,ok,0.09220263912924882,0.8570895531880248,FLAT,0.0,-1,0.009534477270849913,0.02768318780025666,0.11098785370606817,UNLOADING,0.24120753816030976,0.0028662048850467484,0.05883942072390798,-2.500000000000002,-0.0020000000000000018,0.5684425458197517,0,staged_v3,0.30045829803885665,2,1.1105747740800176,0.29172335015102485,2,0,0,0
v3_torso_proxy:v3_right_forearm_proxy,189,0.6430053710937499,0.20000000000000018,0.6430051343899378,0.04308163698730935,0.5798391522001357,FLAT,0.0,-1,0.007865156524470835,0.04540722723277549,0.05016703617909818,UNLOADING,0.40374389058316845,0.0,0.08000143237509266,0.12120361238519678,0.6430051343899378,0.04646966951147262,0,ok,0.08345152931609084,0.8605186289141902,FLAT,0.0,-1,0.010203757401785331,0.002604852774580159,0.08240247214635076,UNLOADING,0.21051187265225546,0.026515270832737383,0.046027999569792796,2.500000000000002,-0.0010000000000000009,0.5674425458197517,1,staged_v3,0.2929157210525226,2,1.0839057847929208,0.2619950646262842,2,0,1,1
v3_torso_proxy:v3_right_forearm_proxy,190,0.5733488071386212,0.40000000000000036,0.5165351777301092,0.010245470967333779,0.5805508146771438,FLAT,0.0,-1,0.010396864554089011,0.005600018960666073,0.03955562035260883,UNLOADING,0.38397930334549085,0.02137776205696437,0.05005570692729867,0.09736458718065655,0.5165351777301092,0.0464634190455344,0,ok,0.057185627802168584,0.8627281146055626,FLAT,0.0,-1,0.012740656769124914,0.005705079539601977,0.06157438764887565,UNLOADING,0.18757347977520208,0.022373639842841807,0.044573871607001034,-2.500000000000002,-0.0020000000000000018,0.5654425458197517,0,staged_v3,0.16177021596127214,2,1.0924053404882732,0.16177021596127214,2,1,0,0
v3_torso_proxy:v3_right_forearm_proxy,191,0.9788785572058412,0.6000000000000005,1.0,0.015252133554121096,0.5834210535773359,FLAT,0.0,-1,0.007038280903909525,0.013397064610927257,0.03137273010364315,SUPPORT,0.41555958401785503,0.013171571894254903,0.05673225389641741,0.1884955592153876,1.0,0.04590354618889511,0,ok,0.07256610295463461,0.8680679367954339,FLAT,0.0,-1,0.010592947606008481,0.025196069814990743,0.046182638238788085,SUPPORT,0.2400587838201617,0.0021130620969486633,0.048802239636724476,-2.500000000000002,-0.0030000000000000027,0.5624425458197517,0,staged_v3,0.1996239223153486,2,1.088367239893372,0.18320034044068387,2,0,0,0
v3_torso_proxy:v3_right_forearm_proxy,192,0.5563457556816276,0.40000000000000036,0.9999999370224866,0.026319801306699166,0.5904453064148225,FLAT,0.0,-1,0.001560568825084806,0.01936688304837031,0.05339782831101023,SUPPORT,0.43429874227197657,0.008303008367180204,0.02478345753766948,0.188495547344406,0.9999999370224866,0.04302320829327154,0,ok,0.11080869945320572,0.8793239811949443,FLAT,0.0,-1,0.007571187869428656,0.05689851262660507,0.06342491881478042,SUPPORT,0.2820470270561294,0.0,0.07361299901602544,2.500000000000002,-0.0020000000000000018,0.5604425458197517,0,staged_v3,0.29828441849899673,2,1.0946153660743292,0.2963277808638282,2,1,0,0
v3_torso_proxy:v3_right_forearm_proxy,193,0.6604003906249999,0.20000000000000018,0.660400390625,0.10166766872539477,0.5984969874923277,FLAT,0.0,-1,0.0009457708929939528,0.003529044397424964,0.06923152464104683,SUPPORT,0.4374389938175813,0.025653189790766848,0.002808386441285498,0.1244825409369198,0.660400390625,0.037076036210061475,0,ok,0.16489730986894555,0.8871007683042782,FLAT,0.0,-1,0.005793238886350815,0.08804801902839483,0.07571160787745503,UNLOADING,0.24175459461953946,0.0,0.13775713366482342,2.500000000000002,-0.0010000000000000009,0.5594425458197517,1,staged_v3,0.2517975276280767,2,1.0566268648989867,0.24891877215941527,2,1,1,1
v3_torso_proxy:v3_right_forearm_proxy,194,0.05145263671875026,0.0,0.051452636718750215,0.10479083737256241,0.5958554316080519,FLAT,0.0,-1,0.010200597694431346,0.0016354001824584125,0.052326889610507195,SUPPORT,0.43995119505406505,0.02598094429806695,0.0023568958601067344,0.009698593531407007,0.051452636718750215,0.035194727828170985,0,ok,0.18652706945922207,0.8917203375282319,FLAT,0.0,-1,0.005136733379049182,0.08650565829806364,0.0843919896647129,UNLOADING,0.20721822395960526,0.0,0.13464069443059173,2.500000000000002,0.0,0.5594425458197517,1,staged_v3,0.24835730565012384,2,1.0196822532454546,0.23231272842487405,2,0,0,0
v3_torso_proxy:v3_right_forearm_proxy,195,0.01794433593750007,0.20000000000000018,0.017944335937500083,0.081067207302648,0.590253076675131,FLAT,0.0,-1,0.007852684269035808,0.00153280189301959,0.039984791962463864,SUPPORT,0.44196095604325203,0.025466437705103605,0.00249581525796077,0.0033824276372878548,0.017944335937500083,0.03453327746038491,0,ok,0.17786284162272734,0.8896688300779549,FLAT,0.0,-1,0.004229723846608957,0.08910896423204162,0.09030681289379525,UNLOADING,0.17761562053680452,0.0,0.13672165957328908,2.500000000000002,0.0010000000000000009,0.5604425458197517,1,staged_v3,0.24303620928200684,2,1.008427143045717,0.21935629263606782,2,0,1,1
v3_torso_proxy:v3_right_forearm_proxy,196,0.037292480468750104,0.40000000000000036,0.037292480468750305,0.05973509922841637,0.5920781340529567,FLAT,0.0,-1,0.00148809746821895,0.001308331489260896,0.030982670933206512,SUPPORT,0.4435687648346016,0.025240802057399432,0.0027367884852728718,0.007029466960486008,0.037292480468750305,0.03318044071894154,0,ok,0.1735604670458581,0.8900975555298711,FLAT,0.0,-1,0.004018687547602781,0.09423028587358703,0.09439600086910535,UNLOADING,0.15224196046011818,0.0,0.14079396068260375,2.500000000000002,0.0020000000000000018,0.5624425458197517,1,staged_v3,0.2433591445976706,2,0.9997992889722136,0.2186893127053316,2,0,1,1
v3_torso_proxy:v3_right_forearm_proxy,197,0.046630859375000354,0.6000000000000005,0.04663085937499998,0.049896826204981294,0.5846427531930117,FLAT,0.0,-1,0.014732736215415173,0.001266485710697947,0.023410774029551412,SUPPORT,0.4448550118676813,0.024904052990779624,0.004272115093791406,0.00878970991458472,0.04663085937499998,0.03255552429424649,0,ok,0.1757218298904436,0.8967105935986053,FLAT,0.0,-1,0.0034584375547185363,0.10061882777705797,0.09923790946551783,UNLOADING,0.1304931089658156,0.0,0.1473776288907574,2.500000000000002,0.0030000000000000027,0.5654425458197517,1,staged_v3,0.2398928624863091,2,1.0242374033316348,0.1697369162471368,2,0,1,1
v3_torso_proxy:v3_right_forearm_proxy,198,0.9810926300917051,0.40000000000000036,0.6257099777000141,0.05805169178115187,0.5920135028494361,FLAT,0.0,-1,0.0011837068500140427,0.004433032756179966,0.018187184005776687,SUPPORT,0.44588400949414503,0.021476326444108868,0.04788338569196853,0.11794355215321187,0.6257099777000141,0.034543240257084995,0,ok,0.10592092041286008,0.8997378152363306,FLAT,0.0,-1,0.005475234190400328,0.0017732396923653944,0.10263211345481844,UNLOADING,0.11185123625641337,0.02835836598037553,0.03938623652504285,-2.500000000000002,0.0020000000000000018,0.5674425458197517,0,staged_v3,0.16731497336974435,2,1.0413399505451773,0.16916775953380012,2,1,0,0
v3_torso_proxy:v3_right_forearm_proxy,199,0.272670851711352,0.40000000000000036,0.3067657963877654,0.08469052332320239,0.5953354144074573,FLAT,0.0,-1,0.0038194444975678875,0.020933484180707233,0.014444318200141212,SUPPORT,0.446707207595316,0.00478873172929983,0.06454817117436554,0.057823990338265574,0.3067657963877654,0.037548079452069935,0,ok,0.10517227290201861,0.9002213131526671,FLAT,0.0,-1,0.0067957570585384375,0.0022152969043036973,0.10505679950856806,UNLOADING,0.09587248821978289,0.02803754307112471,0.03993948805979657,0.0,0.0020000000000000018,0.5694425458197517,1,staged_v3,0.16167598022780547,2,1.0121469906253164,0.16266600286994357,2,1,0,0
v3_torso_proxy:v3_right_forearm_proxy,200,0.6177146571443077,0.20000000000000018,1.0,0.035288307234542494,0.5942793561170524,FLAT,0.0,-1,0.0047455540995708055,0.031717450533427956,0.011762437659127403,SUPPORT,0.44736576607625284,0.0,0.05962924693358301,0.1884955592153876,1.0,0.05245361942347443,0,ok,0.11044466303603281,0.901536937546847,FLAT,0.0,-1,0.006527856144395332,0.04012875494951114,0.10674268222248136,UNLOADING,0.08217641847409962,0.0,0.0604052758143601,-2.500000000000002,0.0010000000000000009,0.5704425458197517,0,staged_v3,0.18109354634398833,2,1.0200331622972998,0.17440315726435943,2,0,0,0
v3_torso_proxy:v3_right_forearm_proxy,201,1.0000000000000004,0.40000000000000036,1.0,0.2735941896652692,0.5965928982331097,FLAT,0.0,-1,0.001924239028123127,0.1043898635528242,0.010037727535925113,SUPPORT,0.4478926128610023,0.0,0.16429936868092368,0.1884955592153876,1.0,0.047759697458597844,0,ok,0.22250194686976205,0.9053634643995652,FLAT,0.0,-1,0.004649963605403981,0.005381498757648626,0.1080450951524135,UNLOADING,0.07043693012065683,0.025020755999972052,0.029566456713845987,2.500000000000002,0.0020000000000000018,0.5724425458197517,0,staged_v3,0.27416582132465267,2,1.019078365405958,0.2740556928405351,2,1,1,1
v3_torso_proxy:v3_right_forearm_proxy,202,1.0000000000000002,0.6000000000000005,1.0000000000000002,0.19738445671420748,0.5956409417475262,FLAT,0.0,-1,0.0068938863483270045,0.02167072980292173,0.009143721691185873,SUPPORT,0.4483140902888018,0.003786456281637568,0.07245981591770015,0.18849555921538763,1.0000000000000002,0.053409734210490445,0,ok,0.1299956730414917,0.9132695997375848,FLAT,0.0,-1,0.0018934030776485524,0.012022198094306005,0.10917805712803058,UNLOADING,0.06037451153199157,0.020425754088965877,0.010033148767435652,2.500000000000002,0.0030000000000000027,0.5754425458197517,0,staged_v3,0.3371417891769172,2,1.002498912732507,0.3150525450718206,2,0,1,1
v3_torso_proxy:v3_right_forearm_proxy,203,0.20843505859374992,0.8000000000000007,0.20843505859375006,0.20380162707536276,0.5966272769722922,FLAT,0.0,-1,0.004493191846656556,0.031900917621531875,0.008503138511594238,SUPPORT,0.44865127223104145,0.0,0.07586031383323116,0.039289082929721,0.20843505859375006,0.05432967783007801,0,ok,0.13162516860320975,0.9096122446909879,FLAT,0.0,-1,0.006314291651974166,0.00567238533067745,0.1099520313871564,UNLOADING,0.05174958131313563,0.02990987963768236,0.0005877219316754627,2.500000000000002,0.0040000000000000036,0.5794425458197517,1,staged_v3,0.2645004392818391,2,0.9455510906037063,0.2515035951827701,2,0,1,1
v3_torso_proxy:v3_right_forearm_proxy,204,0.6289337729062007,0.6000000000000005,1.0000000000000002,0.046775278315645125,0.5966238756256226,FLAT,0.0,-1,0.004862637495563057,0.04482181283306862,0.008044140606389917,SUPPORT,0.4489210177848332,0.0,0.059172112795206476,0.18849555921538763,1.0000000000000002,0.06903847342565682,0,ok,0.0603410958265927,0.8842905618671801,FLAT,0.0,-1,0.01948662549613527,0.029512136805159732,0.11021055066308655,UNLOADING,0.044356783982687685,0.000998390727994597,0.03955063938087818,-2.500000000000002,0.0030000000000000027,0.5824425458197517,0,staged_v3,0.23901245493645132,2,0.979340874359811,0.1975742366333971,2,0,0,0
v3_torso_proxy:v3_right_forearm_proxy,205,0.9999999999999999,0.8000000000000007,1.0000000000000002,0.23841666572474146,0.5848881449741944,FLAT,0.0,-1,0.009966754435523669,0.07224057279310474,0.007715254235823243,SUPPORT,0.44913681422786655,0.0,0.09171606353543256,0.18849555921538763,1.0000000000000002,0.06088839078688227,0,ok,0.06639406594016586,0.8820920094766409,FLAT,0.0,-1,0.011515999885334019,0.08489576758453285,0.11034279568236234,SUPPORT,0.12548542718615016,0.0,0.04390333844618399,2.500000000000002,0.0040000000000000036,0.5864425458197517,0,staged_v3,0.33981333185472845,2,0.9872036685275998,0.3377716004802527,2,0,1,1
v3_torso_proxy:v3_right_forearm_proxy,206,0.892329937296307,0.6000000000000005,1.0000000000000002,0.026524492783511197,0.5796934716775403,FLAT,0.0,-1,0.008542202129169311,0.01587578407283051,0.03582646579631232,UNLOADING,0.3849744121953142,0.010915539216985109,0.06234385836675023,0.18849555921538763,1.0000000000000002,0.06483513619137142,0,ok,0.07856536291927683,0.8769992649677771,FLAT,0.0,-1,0.012799801292958182,0.02372056357223421,0.11044638715459221,SUPPORT,0.19038834174892014,0.006801755785495401,0.05324038251964718,-2.500000000000002,0.0030000000000000027,0.5894425458197518,0,staged_v3,0.42428617625014964,2,0.9608740107334893,0.42562071863943207,2,1,0,0
v3_torso_proxy:v3_right_forearm_proxy,207,0.6188950356244881,0.40000000000000036,1.0000000000000002,0.005179750967916558,0.5815514084408515,FLAT,0.0,-1,0.006470163895645951,0.020132216599520716,0.05596902905756662,UNLOADING,0.39084725543846005,0.007666234853357618,0.0679799678944487,0.18849555921538763,1.0000000000000002,0.08973021723886598,0,ok,0.06197731017640463,0.8662489342349882,FLAT,0.0,-1,0.01870097850844615,0.009778042932556342,0.0824627888556627,SUPPORT,0.24231067339913612,0.019345096510226794,0.04988596576038174,-2.500000000000002,0.0020000000000000018,0.5914425458197518,0,staged_v3,0.2729396171456164,2,1.031478746689278,0.2731152318815983,2,0,0,0
v3_torso_proxy:v3_right_forearm_proxy,208,0.34071866466743933,0.20000000000000018,0.37177863148622714,0.007190653438214486,0.5819723646313728,FLAT,0.0,-1,0.011356264197969188,0.022668594272780115,0.07040180630946861,UNLOADING,0.419722909243552,0.005851496042693319,0.07129553142333125,0.0700786210463279,0.37177863148622714,0.09347689330599941,0,ok,0.060020596870191165,0.8622779280200196,FLAT,0.0,-1,0.012329477784218506,0.006701105364387193,0.06258406879636848,SUPPORT,0.28384853871930893,0.021428098075431234,0.047951622798402455,-2.500000000000002,0.0010000000000000009,0.5924425458197518,0,staged_v3,0.16857914642423064,2,1.0117587749020882,0.168217291783254,2,1,0,0
v3_torso_proxy:v3_right_forearm_proxy,209,0.17316409304902297,0.0,0.21745506869176368,0.006353318772218825,0.5799420887977644,FLAT,0.0,-1,0.013767838900562587,0.012520339866295613,0.08070222896518667,SUPPORT,0.4402235708211658,0.01651477158196372,0.06423946214998671,0.04098931477727452,0.21745506869176368,0.09347874344240226,0,ok,0.061345355990155025,0.8599988258811474,FLAT,0.0,-1,0.009192699707550064,0.00836216029808751,0.048744319656927756,SUPPORT,0.31707883097544715,0.01907505568475888,0.04918208259177166,-2.500000000000002,0.0,0.5924425458197518,0,staged_v3,0.16067784965146778,2,0.9944019473038154,0.16067784965146778,2,1,0,0
v3_torso_proxy:v3_right_forearm_proxy,210,0.06334078867709549,0.20000000000000018,0.12513966360387588,0.007021490750112253,0.5789952037010646,FLAT,0.0,-1,0.011263950543977474,0.008852773094460357,0.08808280431015228,SUPPORT,0.45608669436206295,0.020551367121047256,0.06109820082555002,0.02358827087103807,0.12513966360387588,0.09347868710476057,0,ok,0.06218174308565741,0.8606340682742352,FLAT,0.0,-1,0.011208448060258365,0.007653811655871784,0.06754561961835845,SUPPORT,0.34366306478035774,0.02072346932504614,0.04800162456181721,-2.500000000000002,-0.0010000000000000009,0.5914425458197518,0,staged_v3,0.15931582935032482,2,0.9805099356718308,0.15931582935032482,2,1,0,0
v3_torso_proxy:v3_right_forearm_proxy,211,0.053696855188803086,0.40000000000000036,0.10163605698172272,0.007373681097050748,0.5777513159036215,FLAT,0.0,-1,0.012660803157738201,0.005595127357521542,0.0934727033627549,SUPPORT,0.4675733431365917,0.024078507810616205,0.0582431896861553,0.019157945397216825,0.10163605698172272,0.09347868703886172,0,ok,0.06252402020475833,0.8599320607505269,FLAT,0.0,-1,0.013007069680005517,0.005694846595895573,0.08139022140593113,SUPPORT,0.3649304518242862,0.023374664474400987,0.04567297650843151,-2.500000000000002,-0.0020000000000000018,0.5894425458197518,0,staged_v3,0.15932144710427218,2,0.9670502719176352,0.15932144710427218,2,1,0,0
v3_torso_proxy:v3_right_forearm_proxy,212,1.0000000000000002,0.20000000000000018,0.8079294774509582,0.07980058959894923,0.5756227800247387,FLAT,0.0,-1,0.012594310427528583,0.02243695283512085,0.09772065860771864,SUPPORT,0.4756984605137433,0.007449080095265084,0.04242461041227086,0.15229111865871425,0.8079294774509582,0.09662572749908864,0,ok,0.022425006506515514,0.852120840153385,FLAT,0.0,-1,0.01722214753851096,0.03349451334861395,0.09147617675228734,SUPPORT,0.38194436145942895,0.0008627920932691574,0.02871101674434521,2.500000000000002,-0.0010000000000000009,0.5884425458197518,0,staged_v3,0.16580731564496135,2,0.9612596538677428,0.16728662074814973,2,1,1,1
v3_torso_proxy:v3_right_forearm_proxy,213,0.9199049319349548,0.40000000000000036,0.4486360983527633,0.011299556660391667,0.5765701579212538,FLAT,0.0,-1,0.01347775999350532,0.005495831698235577,0.10076445154665133,SUPPORT,0.47202725186892286,0.02454239087909699,0.05478225109423537,0.08456591224321375,0.4486360983527633,0.1070527368130933,0,ok,0.05285408321588605,0.8556206849253628,FLAT,0.0,-1,0.011129466676475457,0.010501222437364923,0.09889304059465473,SUPPORT,0.43165931184305995,0.019443429592367816,0.04535046851318909,-2.500000000000002,-0.0020000000000000018,0.5864425458197517,0,staged_v3,0.1525403969393821,2,0.9552181609076726,0.15366442183381876,2,1,0,0
v3_torso_proxy:v3_right_forearm_proxy,214,0.9999999999999999,0.20000000000000018,0.13047557572650914,0.09169818454686329,0.5795876518616033,FLAT,0.0,-1,0.011925248668795732,0.023087672480153858,0.1029454244903,SUPPORT,0.476428798723842,0.007059598744361142,0.043103184955959106,0.024594066610517995,0.13047557572650914,0.11136338397379306,0,ok,0.03399664960459943,0.8635948018685216,FLAT,0.0,-1,0.007863778645617632,0.0032445027135476383,0.1043278152694517,SUPPORT,0.43532744947444796,0.02697188804992495,0.004928849217140861,2.500000000000002,-0.0010000000000000009,0.5854425458197517,0,staged_v3,0.15887411284455039,2,0.9530308706334301,0.15916625154446232,2,1,1,1
v3_right_hand_proxy:v3_left_hand_proxy,215,0.9861153131735801,0.20000000000000018,0.5000064852294092,0.03125134386396262,0.5783201999817095,FLAT,0.0,-1,0.009944615958886,0.007351856598346477,0.10578360715826857,UNLOADING,0.40836754176329315,0.022937323759566954,0.05131062450360101,0.09424900204463793,0.5000064852294092,0.10438367498397905,0,ok,0.03379475277113465,0.8550020810703344,FLAT,0.0,-1,0.014380551931584249,0.022160921796361695,0.10884965889911445,SUPPORT,0.4442395742746291,0.00828156114859403,0.04129137002916422,0.0,-0.0010000000000000009,0.5844425458197517,0,staged_v3,0.153100770680605,2,0.9706649649274625,0.1533920225356392,2,1,0,0
v3_right_hand_proxy:v3_left_hand_proxy,216,0.17585909107633654,0.40000000000000036,0.34458750187872533,0.00836371388301515,0.5806439635366626,FLAT,0.0,-1,0.010012818827322696,0.011003586531587731,0.10781401933986914,UNLOADING,0.4001026426263109,0.019387114435405726,0.06208431153315072,0.06495321386526376,0.34458750187872533,0.10438374272369166,0,ok,0.06185530743557393,0.8506943497144211,FLAT,0.0,-1,0.014049737946169507,0.002731989576232428,0.0837895026854934,SUPPORT,0.4541100956433536,0.026457485558042244,0.04063087124178709,-2.500000000000002,-0.0020000000000000018,0.5824425458197517,0,staged_v3,0.15941153516694717,2,0.9689116047977594,0.15941153516694717,2,1,0,0
v3_right_hand_proxy:v3_left_hand_proxy,217,0.07034891526368525,0.6000000000000005,0.11624716273250835,0.007511313222253741,0.5835952699851378,FLAT,0.0,-1,0.011274301083381195,0.00812152048555299,0.10913344971731678,UNLOADING,0.42119408013082704,0.02233515200031285,0.0592405468165398,0.021912073946466326,0.11624716273250835,0.10438373882654134,0,ok,0.0616718846393007,0.846837588973457,FLAT,0.0,-1,0.016488053576765478,0.00430569733072021,0.06589911864148017,SUPPORT,0.4535229391228745,0.023989258601353803,0.04082146299224198,-2.500000000000002,-0.0030000000000000027,0.5794425458197517,0,staged_v3,0.1604640497069526,2,0.9617016316172072,0.1604640497069526,2,1,0,0
v3_right_hand_proxy:v3_left_hand_proxy,218,0.9999999999999999,0.40000000000000036,1.0000000000000002,0.0497051959139419,0.5840886409436958,FLAT,0.0,-1,0.014193787771326093,0.07465665941533133,0.11014158641350665,SUPPORT,0.4385868118261038,0.0,0.09073040933505215,0.18849555921538763,1.0000000000000002,0.10438373878810012,0,ok,0.0571366829520096,0.8519029341223217,FLAT,0.0,-1,0.010134106199751811,0.022651432687679766,0.05310536193693611,SUPPORT,0.453019662105321,0.007765712133445044,0.01988955596340176,2.500000000000002,-0.0020000000000000018,0.5774425458197517,0,staged_v3,0.16525460351775356,2,0.9575752201980493,0.16525460351775356,2,1,0,0
v3_right_hand_proxy:v3_left_hand_proxy,219,0.46197509765625033,0.20000000000000018,0.46197509765624994,0.11065763684768697,0.5813185595694426,FLAT,0.0,-1,0.016916655074400364,0.06531313580884965,0.1110208742431606,SUPPORT,0.4408694494608831,0.0,0.1174570429660675,0.08708025437629813,0.46197509765624994,0.10781878270531753,0,ok,0.1313014701199475,0.8585526572720584,FLAT,0.0,-1,0.008380588982803834,0.0011140617798623314,0.0722996078614632,SUPPORT,0.4525882818045609,0.027500918613210832,0.030175530934705576,2.500000000000002,-0.0010000000000000009,0.5764425458197517,1,staged_v3,0.3121559680758607,2,0.9419520313124906,0.31327180803832017,2,1,1,1
v3_right_hand_proxy:v3_left_hand_proxy,220,0.973240975774423,0.40000000000000036,0.6904610100857835,0.009103264605236206,0.5838209972005511,FLAT,0.0,-1,0.011244723055119582,0.005161946797453385,0.1114312616639922,UNLOADING,0.3778880995378998,0.025409616285746225,0.05533089799361993,0.13014883421254114,0.6904610100857835,0.10782080088935228,0,ok,0.062484566265960224,0.8593998570887461,FLAT,0.0,-1,0.012114754298885977,0.01065475540366968,0.08607556941213357,UNLOADING,0.38793281297533794,0.018649023066937002,0.04311871786276086,-2.500000000000002,-0.0020000000000000018,0.5744425458197517,0,staged_v3,0.16010021472529648,2,0.9489098619798995,0.16010021472529648,2,1,0,0
v3_right_hand_proxy:v3_left_hand_proxy,221,0.9999999999999999,0.20000000000000018,1.0000000000000002,0.15306099697362216,0.5841012374494798,FLAT,0.0,-1,0.012807905043512376,0.026196736891849426,0.08337844815786258,UNLOADING,0.4058991580515465,0.004051222792905089,0.02511769961498804,0.18849555921538763,1.0000000000000002,0.10782072527421815,0,Stage B: NoSolutionFound: QP solver proxqp failed to find a solution.,0.18475704969881257,0.857244616004375,FLAT,0.0,-1,0.014871288730181485,0.09954591752982124,0.06758498893443332,UNLOADING,0.35646717272857953,0.0,0.12938441633798053,2.500000000000002,-0.0010000000000000009,0.5734425458197517,0,staged_v3,0.16653797652205884,2,0.9431582322843632,0.16653797652205884,1,0,1,1
v3_torso_proxy:v3_left_forearm_proxy,222,1.0000000000000002,0.40000000000000036,0.8854602072172659,0.02072030987321355,0.5701944092192464,FLAT,0.0,-1,0.0249372176237578,0.01520198325488624,0.06169416151468092,UNLOADING,0.3479200723270587,0.012882724820847808,0.059147573107300226,0.16690531692239152,0.8854602072172659,0.08672566744560553,0,ok,0.05925012296582152,0.8485756762689052,FLAT,0.0,-1,0.020428991959197004,0.026170339289158885,0.05379983580161872,UNLOADING,0.3055434257101263,0.0015196525009220536,0.05596554454377787,-2.500000000000002,-0.0020000000000000018,0.5714425458197517,0,staged_v3,0.27066903240974066,2,1.0092553392867714,0.25906407067440534,2,0,0,0
v3_torso_proxy:v3_left_forearm_proxy,223,0.9999999999999999,0.20000000000000018,0.9999872780380634,0.24738307131232734,0.5708210741177979,FLAT,0.0,-1,0.013207133270130594,0.05519414637514396,0.04619124020099813,SUPPORT,0.37004439633749553,0.0,0.10937113476361232,0.18849316118205806,0.9999872780380634,0.07847419971466532,0,ok,0.20557254344265763,0.8490407122414544,FLAT,0.0,-1,0.014262901292953089,0.04102186974570771,0.04390421380830103,SUPPORT,0.3344347405681011,0.0,0.10724935186054563,2.500000000000002,-0.0010000000000000009,0.5704425458197517,0,staged_v3,0.3137168166365971,2,0.9982658704482406,0.31477529328654547,2,1,1,1
v3_torso_proxy:v3_left_forearm_proxy,224,0.8190642046875346,0.40000000000000036,1.0000000000000002,0.09814922693715687,0.5703461390686854,FLAT,0.0,-1,0.012749968566429687,0.01592969623611255,0.06368232480919825,UNLOADING,0.31718091114642477,0.012254420004347365,0.09857082147379184,0.18849555921538763,1.0000000000000002,0.0869469252948844,0,ok,0.13970982327309436,0.8522125111787081,FLAT,0.0,1,0.012192683632285482,0.05956440044820055,0.0651243370106212,UNLOADING,0.28665834905837234,0.0,0.0649582991058564,-2.500000000000002,-0.0020000000000000018,0.5684425458197517,0,staged_v3,0.38269819503498453,2,1.0126618183970564,0.3823679076312671,2,0,0,0
v3_pelvis_proxy:v3_left_hand_proxy,225,0.9999999999999992,0.20000000000000018,1.0000000000000002,0.1138495432505749,0.5691918195773988,FLAT,0.0,-1,0.0137644322303662,0.03974960478625396,0.047489041766447485,UNLOADING,0.27351205922682664,0.0,0.09871465155157005,0.18849555921538763,1.0000000000000002,0.032009792726160835,0,ok,0.2863060298186568,0.8529877611424503,FLAT,0.0,1,0.016747651738262186,0.08238467126475127,0.05136317819362105,UNLOADING,0.24575416477726852,0.0,0.18562466758051951,2.500000000000002,-0.0010000000000000009,0.5674425458197517,0,staged_v3,0.4798930511743539,2,1.0060010490197289,0.46822399786081015,2,0,0,0
v3_pelvis_proxy:v3_left_hand_proxy,226,0.9999999999999999,0.40000000000000036,0.8654216123932507,0.02733645850675522,0.5727911524779322,FLAT,0.0,-1,0.012044123607825112,0.004204439226894061,0.03589628844802089,UNLOADING,0.23488082509113872,0.022590375195506985,0.059136538371821666,0.1631281307851482,0.8654216123932507,0.02646462326344115,0,ok,0.09870437237639793,0.8561192456862835,FLAT,0.0,1,0.013345549888003015,0.0028155656218887904,0.04107106011162552,UNLOADING,0.21064642695194513,0.024237987383692487,0.04380502696574407,-2.500000000000002,-0.0020000000000000018,0.5654425458197517,0,staged_v3,0.48763486394550437,2,0.9706166712851082,0.48763486394550437,2,1,0,0
v3_torso_proxy:v3_left_forearm_proxy,227,0.24808165494650686,0.31479791825390624,1.0000000000000002,0.05524376242068148,0.5746584836315194,FLAT,0.0,-1,0.010958197360094256,0.015980367895617863,0.028194912293833183,SUPPORT,0.277904660072911,0.010429377719073797,0.060194068198682754,0.18849555921538763,1.0000000000000002,0.027306404080710365,0,ok,0.07902658025287558,0.8569768510348728,FLAT,0.0,1,0.009323077380608504,0.018699334106759107,0.03328706387612208,SUPPORT,0.25851714156155614,0.007965019087046998,0.04100726961920853,1.0650260218261764,-0.0015739895912695312,0.5638685562284822,0,staged_v3,0.3183657991681775,2,1.0305415963497482,0.27548766133299163,2,0,0,0
v3_torso_proxy:v3_left_forearm_proxy,228,0.8508305394761249,0.11479791825390606,0.9999999999999999,0.12078730413882253,0.5800308882371469,FLAT,0.0,-1,0.01103551265565237,0.031823519387571685,0.05101757364739789,SUPPORT,0.3123237280583288,0.0,0.09457901528574911,0.18849555921538758,0.9999999999999999,0.027318328182102652,0,ok,0.14125041626997803,0.8653930279129456,FLAT,0.0,1,0.0103839321721119,0.07574204639259821,0.05551713088697649,SUPPORT,0.29681371324924494,0.0,0.1086885807603904,2.500000000000002,-0.0005739895912695303,0.5632945666372127,0,staged_v3,0.21869967947067312,2,1.014820663646712,0.21869967947067312,2,1,1,1
v3_torso_proxy:v3_left_forearm_proxy,229,0.9982910156250001,0.08520208174609412,0.8926198214805002,0.01247501719344285,0.5849730753898176,FLAT,0.0,-1,0.010827717678538993,0.01458213778328359,0.06734010024696432,UNLOADING,0.2677060526214247,0.013784867229064628,0.06064190078324294,0.16825487241670634,0.8926198214805002,0.05009722348490887,0,ok,0.07377360711029318,0.8689330238126811,FLAT,0.0,1,0.01236759277924093,0.0035515941202029057,0.07035888956235703,UNLOADING,0.25441175421363854,0.02496635035791495,0.0327024886395757,2.500000000000002,0.0004260104087304706,0.5637205770459431,1,staged_v3,0.27705700083977985,2,1.0594320294953845,0.27367072327383796,2,0,0,0
v3_torso_proxy:v3_left_forearm_proxy,230,0.05207117756081882,0.2852020817460943,0.999998470996109,0.11465353503315596,0.5827119831504842,FLAT,0.0,-1,0.011826567511890809,0.03232111625747905,0.050560992359122016,UNLOADING,0.31813674702270456,0.0,0.10739505706515341,0.18849527100494412,0.999998470996109,0.026666417059119225,0,ok,0.1546919313062153,0.874594524349991,FLAT,0.0,1,0.00850803664599587,0.02849829601968735,0.05187634472435754,UNLOADING,0.23149816916478402,0.0,0.0805103769525139,2.500000000000002,0.0014260104087304715,0.5651465874546736,0,staged_v3,0.27267148244756306,2,1.0235444449352245,0.27441928773437624,2,1,0,0
v3_torso_proxy:v3_left_forearm_proxy,231,0.6097412109374998,0.48520208174609447,0.6097412109375001,0.12061994522700695,0.5844219277423237,FLAT,0.0,-1,0.013113703063919896,0.03692948833984766,0.03845449164894756,UNLOADING,0.27310647325378407,0.0,0.12369434658752482,0.1149335105323317,0.6097412109375001,0.040654898698849196,0,ok,0.039662652582130496,0.8852911695861164,FLAT,0.0,1,0.006874689421030277,0.0072103624310932805,0.03809418074746282,UNLOADING,0.19843547684372656,0.022891860303500974,0.004012848733872167,2.500000000000002,0.0024260104087304724,0.5675725978634041,1,staged_v3,0.3154759809244399,2,1.0217973631419213,0.30992972974305794,2,1,1,1
v3_torso_proxy:v3_left_forearm_proxy,232,0.563919612348686,0.6852020817460946,1.0000000000000002,0.014747352376826067,0.584582253480371,FLAT,0.0,-1,0.011594878408160158,0.03942020447635961,0.03005091800261532,SUPPORT,0.30848517860302727,0.0,0.0701260426091304,0.18849555921538763,1.0000000000000002,0.034645835310028614,0,ok,0.047414707054665814,0.8862549970533062,FLAT,0.0,1,0.006277689199971577,0.04058785226746499,0.028220869160365855,SUPPORT,0.2505554843400283,0.0,0.05229525617920087,2.500000000000002,0.0034260104087304732,0.5709986082721346,0,staged_v3,0.27086822808268385,2,1.0261752277603038,0.2723499687333894,2,1,1,1
v3_torso_proxy:v3_left_forearm_proxy,233,1.0000000000000002,0.8852020817460948,0.8364183457725191,0.07085993749843252,0.5882577736620168,FLAT,0.0,-1,0.005829675485489719,0.006301557589104178,0.05211973311142572,SUPPORT,0.34901623190543685,0.02130442906646711,0.042340103788626696,0.1576611438244004,0.8364183457725191,0.04194792908092748,0,ok,0.02300016855153938,0.9030230698705644,FLAT,0.0,1,0.0009593080163099102,0.005533697153511607,0.05006862904164346,SUPPORT,0.2904443874720226,0.02196973429857057,0.02169865134890107,2.500000000000002,0.004426010408730474,0.575424618680865,0,staged_v3,0.3314806505626581,2,1.0294478081603153,0.33197053381171365,2,1,1,1
v3_torso_proxy:v3_left_forearm_proxy,234,0.9999999999999999,1.0000000000000009,0.9595017547663053,0.1030714753419593,0.5819684009439294,FLAT,0.0,-1,0.008536448246378552,0.04042190545840105,0.06842321673862992,SUPPORT,0.3692129855243495,0.011522035577035673,0.016899125259895825,0.1808618198328204,0.9595017547663053,0.038770034567860226,0,ok,0.10857266862100737,0.9109962006842203,FLAT,0.0,1,0.0025160093275670937,0.036700941082352036,0.06620171407381659,SUPPORT,0.3700452482945811,0.006779212844952847,0.021530872858737983,1.4349739781738258,0.0050000000000000044,0.580424618680865,0,staged_v3,0.32618541229336867,2,1.030121131882266,0.3279543177504052,2,1,1,1
v3_torso_proxy:v3_left_forearm_proxy,235,0.46386718750000006,1.0000000000000009,0.4638671875,0.1617349608790525,0.5829218672425843,FLAT,0.0,-1,0.011652621700940084,0.05699914359334224,0.08021621093099679,UNLOADING,0.3164682733065853,0.0,0.05840705475448889,0.08743690490948156,0.4638671875,0.0443057183104094,0,ok,0.07331628911882321,0.9186216884212496,FLAT,0.0,1,0.003670989153270609,0.030331269522474752,0.0802073039228646,UNLOADING,0.3171816413953552,0.023871843653505826,0.005138521542637404,0.0,0.0050000000000000044,0.585424618680865,1,staged_v3,0.3211011684619089,2,0.9870241307107577,0.32019562777918226,2,1,1,1
v3_torso_proxy:v3_left_forearm_proxy,236,1.0,0.8000000000000007,1.0000000000000002,0.09548649736248825,0.5852933514998483,FLAT,0.0,-1,0.011059723853669637,0.024368565948427765,0.0610457800475575,UNLOADING,0.27126076270000854,0.0036837230539501116,0.05344569940505129,0.18849555921538763,1.0000000000000002,0.042545968732968314,0,ok,0.04929380023347182,0.9240632042334821,FLAT,0.0,1,0.003587923011099008,0.009422012984759705,0.062268802047220226,UNLOADING,0.28628782920938955,0.018691427117601307,0.018169074417937442,-2.500000000000002,0.0040000000000000036,0.589424618680865,0,staged_v3,0.1716283241921462,2,1.0631124277308281,0.16956900249141404,2,0,0,0
v3_torso_proxy:v3_left_forearm_proxy,237,1.0000000000000002,0.6000000000000005,1.0000000000000002,0.019701759895306682,0.5860589470640623,FLAT,0.0,-1,0.010198393531307642,0.013530924080785468,0.04714904335311706,UNLOADING,0.23458876155193126,0.013826528086870387,0.0628046904386204,0.18849555921538763,1.0000000000000002,0.05261672766553571,0,ok,0.060453008982119846,0.9260913770698852,FLAT,0.0,1,0.003385892384878373,0.017003746872923806,0.04976634475413405,UNLOADING,0.2956190455967485,0.010484570364782897,0.048773146356553845,-2.500000000000002,0.0030000000000000027,0.592424618680865,0,staged_v3,0.17936764762313964,2,1.1004900247125426,0.17832071132471022,2,0,0,0
v3_torso_proxy:v3_left_forearm_proxy,238,0.36096100607550585,0.40000000000000036,0.39883804480436097,0.006151652361680919,0.5863371738795558,FLAT,0.0,-1,0.00924890774869188,0.008192857503827037,0.03699315772468245,SUPPORT,0.2843599079481364,0.018656800382407086,0.06012452489003928,0.07517920029176983,0.39883804480436097,0.05262372876589741,0,ok,0.0620121858735157,0.9273733743293674,FLAT,0.0,1,0.0019538785761000037,0.010067203710539385,0.04066982979793467,SUPPORT,0.3264952364773988,0.01696628777935735,0.04671285316217191,-2.500000000000002,0.0020000000000000018,0.594424618680865,0,staged_v3,0.15191723119622197,2,1.1034846783293704,0.15191723119622197,2,1,0,0
v3_torso_proxy:v3_left_forearm_proxy,239,0.05197154511212622,0.20000000000000018,0.12906995816709924,0.0062800444462573525,0.5843432595897652,FLAT,0.0,-1,0.010620013728313147,0.010038670527752393,0.05806301662792376,SUPPORT,0.33591704087085805,0.017864480303643796,0.06148619686577163,0.024329113942614056,0.12906995816709924,0.052623546086600914,0,ok,0.06418741157817247,0.919835220376276,FLAT,0.0,1,0.003945884955880676,0.00810135725638934,0.06220538928517909,SUPPORT,0.351196189181919,0.020008912207869618,0.04496466338629725,-2.500000000000002,0.0010000000000000009,0.595424618680865,0,staged_v3,0.14835751069848704,2,1.1090996581462838,0.14835751069848704,2,1,0,0
v3_torso_proxy:v3_left_forearm_proxy,240,0.058962410444317,0.0,0.11745131355107227,0.00549907143971561,0.5926069189154652,FLAT,0.0,-1,0.00189801223101496,0.004838690259193507,0.07316023024146807,SUPPORT,0.3768646092654816,0.0238193212528799,0.05744706833115888,0.0221390510283912,0.11745131355107227,0.05262354581250092,0,ok,0.06498401353745331,0.9178700298196473,FLAT,0.0,1,0.00799973098158712,0.008016444598910866,0.07741014262804322,SUPPORT,0.37095695134553525,0.020854062532491297,0.04498536431083656,-2.500000000000002,0.0,0.595424618680865,0,staged_v3,0.14650725560065103,2,1.1154730156903274,0.14650725560065103,2,1,0,0
v3_torso_proxy:v3_left_forearm_proxy,241,0.01410569555202751,0.20000000000000018,0.0568013153529413,0.005758736092369566,0.5851070435462135,FLAT,0.0,-1,0.017726184476834744,0.0055892430988570795,0.08441658771234058,SUPPORT,0.4073463637976169,0.023631586286759952,0.057783537487476264,0.010706795701622251,0.0568013153529413,0.052623545815872586,0,ok,0.06556631948249028,0.9058521390572478,FLAT,0.0,1,0.010669686926932705,0.006366476229035911,0.08805355336695309,SUPPORT,0.3867655610764282,0.023036201439311746,0.04357732239360376,-2.500000000000002,-0.0010000000000000009,0.594424618680865,0,staged_v3,0.14669841404211423,2,1.121839760501471,0.14669841404211423,2,1,0,0
v3_torso_proxy:v3_left_forearm_proxy,242,0.21482521405563532,0.40000000000000036,0.9970135171647033,0.030791261444768115,0.5814866480018349,FLAT,0.0,-1,0.014479777605674846,0.041934621290500476,0.09293861975404319,SUPPORT,0.42997581566969467,0.0,0.09191022412390516,0.1879326204632612,0.9970135171647033,0.019219104747052223,0,ok,0.09444347347175304,0.8734497523899974,FLAT,0.0,1,0.028960460989030063,0.04924306797800934,0.09333024973760944,SUPPORT,0.3994124488611425,0.0,0.0673890387669841,-2.500000000000002,-0.0020000000000000018,0.592424618680865,0,staged_v3,0.16607682804282822,2,1.118705599041873,0.15418296313937607,2,0,0,0
v3_torso_proxy:v3_left_forearm_proxy,243,0.2108134318615958,0.6000000000000005,0.9056563337471626,0.007729127921693427,0.5718734658368653,FLAT,0.0,-1,0.02264371352666451,0.011810007339494322,0.09790972246851048,SUPPORT,0.43398065253575574,0.018085478783931203,0.06262297489106369,0.17071219708662913,0.9056563337471626,0.01919801416780553,0,ok,0.06574271879174283,0.8696630922532423,FLAT,0.0,1,0.011291805759514075,0.01722319596354895,0.09672140062123565,UNLOADING,0.34235352759526505,0.012612874067512835,0.050739680561075744,-2.500000000000002,-0.0030000000000000027,0.589424618680865,0,staged_v3,0.24378772372074972,2,1.1255304253014635,0.24378772372074972,2,1,0,0
v3_torso_proxy:v3_left_forearm_proxy,244,1.0000000000000002,0.40000000000000036,0.9141549762078229,0.12179405272520175,0.57708442299462,FLAT,0.0,-1,0.007688263772334181,0.011686526881567391,0.0732839829761846,SUPPORT,0.451617633314859,0.01697767226724184,0.017611372886994433,0.17231415344982293,0.9141549762078229,0.019198706669745862,0,ok,0.17104344306070432,0.8847831821768004,FLAT,0.0,1,0.0036040315081328302,0.10097290588286216,0.0991547828229018,UNLOADING,0.31365570066119586,0.0,0.13984892873362031,2.500000000000002,-0.0020000000000000018,0.587424618680865,0,staged_v3,0.24596715992986093,2,1.1362823392461148,0.24596715992986093,2,1,1,1
v3_torso_proxy:v3_left_forearm_proxy,245,0.9989400647089004,0.40000000000000036,0.755320138204445,0.032100749609120655,0.5798275272730022,FLAT,0.0,-1,0.0062214067695971886,0.0051338719433717235,0.05562137794052325,SUPPORT,0.4513865428413077,0.02264719695365444,0.042035067940892366,0.1423744918374907,0.755320138204445,0.04001503503151846,0,ok,0.06577166931351446,0.8917398337268024,FLAT,0.0,1,0.005435852115001564,0.013929863162584353,0.10085835739788991,UNLOADING,0.2688477434238822,0.016113054707310146,0.048068528698497016,0.0,-0.0020000000000000018,0.585424618680865,0,staged_v3,0.23838137058555395,2,1.1277177736666075,0.23532451273399754,2,1,0,0
v3_torso_proxy:v3_left_forearm_proxy,246,0.9041521288256109,0.24999999999999467,1.0,0.04627645811701216,0.5835397167437039,FLAT,0.0,-1,0.007734441004592668,0.009048152653890147,0.0431735824726628,SUPPORT,0.45118846529254947,0.018110526469742993,0.0363221980235979,0.1884955592153876,1.0,0.044771374804838754,0,ok,0.07422511707330322,0.9012797802563675,FLAT,0.0,1,0.004116427849800954,0.08548258423605681,0.10211341027914579,SUPPORT,0.30507819473910575,0.0,0.07453927143964355,1.875000000000071,-0.0012499999999999734,0.5841746186808651,0,staged_v3,0.20052245766079474,2,1.1276521842727179,0.2017287702199417,2,1,0,0
v3_torso_proxy:v3_left_forearm_proxy,247,0.04431152343750001,0.04999999999999449,0.0396912967152449,0.022605929552661573,0.5841933638555861,FLAT,0.0,-1,0.010834669438135384,0.007641418637775149,0.06275384393999153,SUPPORT,0.451018684536471,0.02049627355922443,0.03445491190645619,0.007481633170323965,0.0396912967152449,0.044903216171332125,0,ok,0.09945208628879941,0.9067425277544549,FLAT,0.0,1,0.0026866401424982425,0.08259988381639889,0.10299730157452935,SUPPORT,0.3340625557912846,0.0,0.07245242092598218,2.500000000000002,-0.00024999999999997247,0.5839246186808651,1,staged_v3,0.3028037222174996,2,1.131798096814661,0.3041297030704142,2,1,1,1
v3_torso_proxy:v3_left_forearm_proxy,248,0.624204656369754,0.24999999999999467,0.8093176979468389,0.007437460583492317,0.5900719047449364,FLAT,0.0,-1,0.0060366293459855076,0.00901104523511409,0.07653420497486327,SUPPORT,0.450873158174118,0.019815665013629073,0.05762763146106826,0.15255279205739955,0.8093176979468389,0.04490322433592829,0,ok,0.06436650653210359,0.9090414174215353,FLAT,0.0,1,0.00574881947396284,0.01576642538057463,0.10382973623692288,UNLOADING,0.28633933353538676,0.014425061431271514,0.04818073509959844,-2.500000000000002,-0.0012499999999999734,0.5826746186808651,0,staged_v3,0.14503540153034017,2,1.1381461633541776,0.14503540153034017,2,1,0,0
v3_torso_proxy:v3_left_forearm_proxy,249,0.9999999999999996,0.04999999999999449,1.0,0.17221891088075403,0.5921014128513626,FLAT,0.0,-1,0.007498040318823199,0.009553561582511649,0.05778416669337906,SUPPORT,0.4698343045724014,0.018335646752157306,0.016518564120028428,0.1884955592153876,1.0,0.04490322124480922,0,ok,0.23524016271818088,0.9063241168844915,FLAT,0.0,1,0.009525116620263297,0.11898669321318094,0.10461888038457286,UNLOADING,0.26753779327444394,0.0,0.16465853795939414,2.500000000000002,-0.00024999999999997247,0.5824246186808651,0,staged_v3,0.16058425887584982,2,1.1442127769342287,0.16058425887584982,2,1,1,1
v3_torso_proxy:v3_left_forearm_proxy,250,0.9999999999999999,0.15000000000000568,1.0,0.07470630099864613,0.5902135360864502,FLAT,0.0,-1,0.012412863433410599,0.009608227870395874,0.04421393713937336,SUPPORT,0.46700083249062974,0.017602468986572795,0.05067437076320307,0.1884955592153876,1.0,0.05662459594923119,0,ok,0.10161127713872221,0.9125889927325069,FLAT,0.0,1,0.0021408343861548285,0.02686530392026399,0.10527300631867753,UNLOADING,0.22931810852095194,0.0033983463956698892,0.0473543221655631,2.500000000000002,0.0007500000000000284,0.5831746186808652,0,staged_v3,0.3059960506491316,2,1.135998260308321,0.30660875756557204,2,1,1,1
v3_torso_proxy:v3_left_forearm_proxy,251,0.5120562627785402,0.04999999999999449,1.0000000000000002,0.02900084652489239,0.5887303241356467,FLAT,0.0,-1,0.011666581504923007,0.01453615018802026,0.034421829419351256,SUPPORT,0.4645721421348255,0.012184941282947306,0.06227401949139623,0.18849555921538763,1.0000000000000002,0.1069564440060487,0,ok,0.09611855033235485,0.9212934094538691,FLAT,0.0,1,0.0009343237515748348,0.025313661052674546,0.10579584882523613,UNLOADING,0.19655837873224452,0.004976131388587261,0.05336009672472846,-2.500000000000002,-0.00024999999999997247,0.5829246186808652,0,staged_v3,0.33415203327958165,2,1.1416021971888453,0.30529127391823935,2,0,0,0
v3_torso_proxy:v3_left_forearm_proxy,252,1.0,0.15000000000000568,1.0,0.1340265815927359,0.5862463876711339,FLAT,0.0,-1,0.011245524435405078,0.015472187546146803,0.027416240066026762,SUPPORT,0.4624904075441362,0.010898624457154536,0.032163309760251405,0.1884955592153876,1.0,0.10699083741245055,0,ok,0.19711756286208623,0.9176585860430377,FLAT,0.0,1,0.005872142621286058,0.1221210637371414,0.10630112757863275,UNLOADING,0.16847861034192388,0.0,0.1781458635379924,2.500000000000002,0.0007500000000000284,0.5836746186808652,0,staged_v3,0.18364117715911835,2,1.1439664428006713,0.18364117715911835,2,1,1,1
v3_torso_proxy:v3_left_forearm_proxy,253,0.39880371093749994,0.04999999999999449,0.32098337775257824,0.09329453831090567,0.5848900311363687,FLAT,0.0,-1,0.013861720460224127,0.004363633311978091,0.022414325284940417,SUPPORT,0.4607060636092596,0.02175708295226893,0.032424604436883525,0.06050394128831624,0.32098337775257824,0.10699067479202676,0,ok,0.1532228646302963,0.9231388257759737,FLAT,0.0,1,0.002258770778918948,0.07283220611934554,0.106719152267361,UNLOADING,0.14441023743593476,0.0,0.12281236089923141,-2.500000000000002,-0.00024999999999997247,0.5834246186808653,1,staged_v3,0.28597954406504256,2,1.1382417926804436,0.28597954406504256,2,1,0,0
v3_torso_proxy:v3_left_forearm_proxy,254,0.8760843890795589,0.24999999999999467,1.0000000000000002,0.0451635511343623,0.584206296164444,FLAT,0.0,-1,0.015061509225368076,0.019229338347527696,0.018817158768573906,SUPPORT,0.45917662595079395,0.006711519590901001,0.060034073243678085,0.18849555921538763,1.0000000000000002,0.12330894617985658,0,ok,0.09760137895793389,0.9236588282113746,FLAT,0.0,1,0.002845678066122798,0.05793335863858804,0.10700731332702132,UNLOADING,0.1237802035165155,0.0,0.07067948453888605,-2.500000000000002,-0.0012499999999999734,0.5821746186808653,0,staged_v3,0.18475737477508994,2,1.1243811868050508,0.16914004584892506,2,0,0,0
v3_torso_proxy:v3_left_forearm_proxy,255,0.9999999999999999,0.04999999999999449,1.0000000000000002,0.11384519620375178,0.5832159572409721,FLAT,0.0,-1,0.01484737106051052,0.024111914793797342,0.016389269541804686,SUPPORT,0.45786567938639483,0.0017075486832928942,0.03698545919314313,0.18849555921538763,1.0000000000000002,0.10713654540034223,0,ok,0.22678426688470468,0.9085275375394206,FLAT,0.0,1,0.009518774506054204,0.14532727132663675,0.10660550509590083,UNLOADING,0.10609731729987043,0.0,0.16428827011713765,2.500000000000002,-0.00024999999999997247,0.5819246186808653,0,staged_v3,0.34389388987141206,2,1.1143220891554417,0.3434804584175575,2,0,1,1
v3_torso_proxy:v3_left_forearm_proxy,256,0.9932269103688796,0.24999999999999467,1.0,0.006655840314008904,0.5845116184381813,FLAT,0.0,-1,0.01365496127802711,0.013842240429535583,0.014856377603449664,SUPPORT,0.4567420109026241,0.011900578450636901,0.0548027661497707,0.1884955592153876,1.0,0.11314134968587275,0,ok,0.07217575633746526,0.9014923191687366,FLAT,0.0,1,0.006260840341742859,0.01925095456934096,0.10628155071971467,UNLOADING,0.09094055768560323,0.011063122966644776,0.05030778977269998,-2.500000000000002,-0.0012499999999999734,0.5806746186808653,0,staged_v3,0.4360008207616353,2,1.0990506479315798,0.43778234264743077,2,1,0,0
v3_torso_proxy:v3_left_forearm_proxy,257,0.21087646484375003,0.04999999999999449,0.21087646484374994,0.029190835965777397,0.5871021704349113,FLAT,0.0,-1,0.012010540250991871,0.0037884175066452324,0.01397132005718059,SUPPORT,0.47913996513121976,0.0219101484962138,0.042541140891034376,0.03974927716608667,0.21087646484374994,0.11314259168976654,0,ok,0.06793750509433026,0.9037489262661353,FLAT,0.0,1,0.0017596217771028908,0.025427791152235722,0.10614231324563,SUPPORT,0.1627524461484826,0.004879324510045781,0.044226726860032484,2.500000000000002,-0.00024999999999997247,0.5804246186808654,1,staged_v3,0.22035958754224558,2,1.0835040209742857,0.22035958754224558,2,1,1,1
v3_torso_proxy:v3_left_forearm_proxy,258,0.9999999999999999,0.15000000000000568,1.0000000000000002,0.23218553442970133,0.591173332703565,FLAT,0.0,-1,0.009870721465136827,0.07831858456872894,0.041842330144639665,SUPPORT,0.4749771129696169,0.0,0.052311388558223065,0.18849555921538763,1.0000000000000002,0.08867796025158443,0,ok,0.0716837629686045,0.9097768124303232,FLAT,0.0,-1,0.0010023811990933695,0.04989160376260937,0.10605596413976254,SUPPORT,0.22020195691878608,0.01156102558107006,0.018741772625918068,2.500000000000002,0.0007500000000000284,0.5811746186808654,0,staged_v3,0.1821304290822646,2,1.0641270985419622,0.16535618286601542,2,0,1,1
v3_torso_proxy:v3_left_forearm_proxy,259,0.9247436523437509,0.35000000000000586,0.9247436523437501,0.12082230842613907,0.5953952944595652,FLAT,0.0,-1,0.008931538529400448,0.0312124913908116,0.06207536485581586,UNLOADING,0.4071232396882431,0.02039141568208626,0.007712352560704537,0.17431007187941516,0.9247436523437501,0.09780336398520245,0,ok,0.19207210164557817,0.9140916192425848,FLAT,0.0,-1,0.002379167590118893,0.11402770299892342,0.10608219090222629,SUPPORT,0.2661615655350289,0.0,0.11995821142183818,2.500000000000002,0.0017500000000000293,0.5829246186808654,1,staged_v3,0.3079818281024138,2,1.0561377275385502,0.3046164046882145,2,1,1,1
v3_torso_proxy:v3_right_forearm_proxy,260,0.9913355539041816,0.15000000000000568,1.0,0.0021062458317951042,0.5940843052459764,FLAT,0.0,-1,0.015182441674421284,0.0029858917186941893,0.07746446767232723,UNLOADING,0.3489627768756369,0.025887331664922176,0.03191914663459228,0.1884955592153876,1.0,0.11814138282686065,0,ok,0.069562346307461,0.9094693180510469,FLAT,0.0,-1,0.0063692934160439075,0.02077269755531205,0.0775059871610086,SUPPORT,0.3029292524280231,0.00810260180273838,0.04274061141090604,-2.500000000000002,0.0007500000000000284,0.5836746186808655,0,staged_v3,0.30909481790916027,2,1.0931467659076672,0.3087508721502703,2,1,0,0
v3_torso_proxy:v3_right_forearm_proxy,261,0.9999999999999999,0.35000000000000586,0.9999999275234431,0.1474648880465679,0.5949875527578654,FLAT,0.0,-1,0.012735809606578694,0.06974121248161172,0.08861243282773203,UNLOADING,0.3874307932751548,0.0,0.12535422199405982,0.18849554555387849,0.9999999275234431,0.11813056281350584,0,ok,0.13918999787118863,0.9092203882707592,FLAT,0.0,-1,0.0037167666826783356,0.020394868152668943,0.05713968342502734,SUPPORT,0.33234340194241846,0.017294263746729238,0.01056272042452213,2.500000000000002,0.0017500000000000293,0.5854246186808655,0,staged_v3,0.2143392279872192,2,1.0954941538903977,0.2143392279872192,2,1,1,1
v3_torso_proxy:v3_right_forearm_proxy,262,0.5876360072220437,0.15000000000000568,1.0000000000000002,0.025740072124524314,0.5958726583415337,FLAT,0.0,-1,0.01157729186824016,0.0417906062789061,0.09672248871953759,UNLOADING,0.3320835370929898,0.0,0.08278735317190289,0.18849555921538763,1.0000000000000002,0.1264588515975034,0,ok,0.08950642543380506,0.9111941683840437,FLAT,0.0,-1,0.0019649053117256035,0.024950324154148308,0.04284080252117616,SUPPORT,0.3558747215539348,0.0021917159719105003,0.0538759304785347,-2.500000000000002,0.0007500000000000284,0.5861746186808655,0,staged_v3,0.2753662059878461,2,1.1124768355783015,0.26986734811001106,2,0,0,0
v3_torso_proxy:v3_right_forearm_proxy,263,0.9999999999999999,0.35000000000000586,0.9032965455070943,0.17550218257639302,0.6005677279025565,FLAT,0.0,-1,0.008482829808410757,0.03395229398950914,0.10227015424583888,SUPPORT,0.35566682967439184,0.0,0.10038200043056175,0.17026738748268755,0.9032965455070943,0.08180676048961016,0,ok,0.1942733715467561,0.9079229224383765,FLAT,0.0,-1,0.0023566511953190326,0.04218175372227291,0.032371202918869274,SUPPORT,0.37469977724314785,0.0,0.10808070400728788,2.500000000000002,0.0017500000000000293,0.5879246186808655,0,staged_v3,0.28549148089189574,2,1.0905073780311054,0.2698027728255268,2,0,1,1
v3_torso_proxy:v3_right_forearm_proxy,264,0.9312652554421695,0.15000000000000568,1.0000000000000002,0.005308628138193227,0.6036883970667398,FLAT,0.0,-1,0.007481813477956587,0.008175026372740122,0.106139311576449,UNLOADING,0.30485728257805017,0.02213193920608233,0.05348357823768239,0.18849555921538763,1.0000000000000002,0.06068355496848349,0,ok,0.06276542387419089,0.9001756060388069,FLAT,0.0,-1,0.0036172500637073,0.008469272192377135,0.05298836874588527,UNLOADING,0.32117123763698385,0.01918014624491713,0.040639431706471885,-2.500000000000002,0.0007500000000000284,0.5886746186808656,0,staged_v3,0.21243028125519858,2,1.1013827981992983,0.1929772378551348,2,0,0,0
v3_torso_proxy:v3_right_forearm_proxy,265,0.14501029832650714,0.04999999999999449,1.0000000000000002,0.005310289083667983,0.6091500202195395,FLAT,0.0,1,0.004225601757187837,0.008908380607343645,0.08054665369774536,UNLOADING,0.35464719703956105,0.020118952077543623,0.05457633903882223,0.18849555921538763,1.0000000000000002,0.04823713565586907,0,ok,0.06235522652995604,0.9015322685334524,FLAT,0.0,-1,0.0026275902603979406,0.009567095502356685,0.03948751911825183,UNLOADING,0.30087698026787735,0.01740728045355591,0.04180919359217223,-2.500000000000002,-0.00024999999999997247,0.5884246186808656,0,staged_v3,0.19696130525005934,2,1.0875314739855304,0.1793252548410884,2,0,0,0
v3_torso_proxy:v3_right_forearm_proxy,266,0.36500254264037557,0.24999999999999467,0.3440937994369725,0.007055132052172328,0.6111637473775504,FLAT,0.0,1,0.0073372416224791355,0.007804014430432157,0.062101051210434514,UNLOADING,0.39707386719334115,0.02030103813008957,0.05357131135652879,0.06486015314741955,0.3440937994369725,0.04822809748976564,0,ok,0.0606807697208518,0.9032647962977909,FLAT,0.0,-1,0.0009378317386940456,0.008830955355501609,0.029749607028688098,UNLOADING,0.2843281243775296,0.017656524995932798,0.04129957961118879,-2.500000000000002,-0.0012499999999999734,0.5871746186808656,0,staged_v3,0.15440740630033284,2,1.0784403773055977,0.15440740630033284,2,1,0,0
v3_torso_proxy:v3_right_forearm_proxy,267,0.9739986274239454,0.09999999999998899,0.9999999827293009,0.02063170838833322,0.5955751347459913,FLAT,0.0,1,0.021216513869022076,0.06596143513746835,0.04712323451599104,SUPPORT,0.42892356465242604,0.0,0.08052167154202815,0.18849555595993753,0.9999999827293009,0.0457949400980136,0,ok,0.05255497420464045,0.8977801601172405,FLAT,0.0,-1,0.00400452497062808,0.012955068137762874,0.022599009652106587,SUPPORT,0.31746249950202365,0.013174882344842456,0.032666452580455384,1.875000000000071,-0.0004999999999999449,0.5866746186808657,0,staged_v3,0.16190360362648729,2,1.0821659709025266,0.16319891652869956,2,1,0,0
v3_torso_proxy:v3_right_forearm_proxy,268,0.20349121093750017,0.10000000000001119,0.203489681825363,0.06291040645105353,0.5991719794864864,FLAT,0.0,1,0.008037715610239821,0.06096074083348724,0.06426423340596656,SUPPORT,0.43771654577976743,0.0,0.0884685208053629,0.03835690137023309,0.203489681825363,0.042132393489311484,0,ok,0.08653271302747582,0.8946973437999916,FLAT,0.0,-1,0.004620797192750499,0.0038554399735744047,0.045826689623103184,SUPPORT,0.34396999960161895,0.023435894507580757,0.03152088103760403,2.500000000000002,0.000500000000000056,0.5871746186808657,1,staged_v3,0.26436311634407167,2,1.0520905924740682,0.25776200452019044,2,0,1,1
v3_torso_proxy:v3_right_forearm_proxy,269,0.6832192076165391,0.04999999999999449,0.7463314003247666,0.011981205602508664,0.6048992014407951,FLAT,0.0,1,0.005533055140268885,0.010564597614152928,0.0764535015250397,SUPPORT,0.44017323662381397,0.018258077462099058,0.055258136890783724,0.1406801546642202,0.7463314003247666,0.040016568080673096,0,ok,0.05887519202024081,0.8903377353399057,FLAT,0.0,-1,0.006759488955478528,0.010767115570417672,0.06247424669803517,UNLOADING,0.2948314282299591,0.01735659676448409,0.041933932902888,-1.875000000000071,-0.00024999999999997247,0.5869246186808658,0,staged_v3,0.15038466106089496,2,1.0704728747755883,0.15157188276989333,2,1,0,0
v3_torso_proxy:v3_right_forearm_proxy,270,1.0,0.15000000000000568,0.883863720183028,0.12857079654415335,0.6050332234623355,FLAT,0.0,1,0.005326323955243613,0.01800944729298632,0.05678195407188588,SUPPORT,0.45990520752299946,0.010726454723868045,0.01711264297972625,0.16660438620609272,0.883863720183028,0.039568829176818185,0,ok,0.19508992005176887,0.8924144488934357,FLAT,0.0,-1,0.0033762148258873275,0.1097889314763145,0.0746488210639623,UNLOADING,0.28219887908067415,0.0,0.1269669498045803,2.500000000000002,0.0007500000000000284,0.5876746186808658,0,staged_v3,0.20092047656373516,2,1.0680048947255663,0.20012992374889002,2,1,1,1
v3_torso_proxy:v3_right_forearm_proxy,271,0.9999999999999999,0.35000000000000586,1.0000000000000002,0.16274566519097214,0.6133537761330863,FLAT,0.0,1,0.0029559856722137737,0.03637782663980613,0.04259044206920318,SUPPORT,0.4584901778768567,0.0,0.08273085904777719,0.18849555921538763,1.0000000000000002,0.023882640539196257,0,ok,0.12778300305575846,0.8954183925784479,FLAT,0.0,-1,0.003164069958593736,0.0437251726094965,0.08341142405497765,UNLOADING,0.2418847534977207,0.0,0.0431127558793761,2.500000000000002,0.0017500000000000293,0.5894246186808658,0,staged_v3,0.35165014846753395,2,1.0649217322487394,0.3518209821316709,2,1,1,1
v3_torso_proxy:v3_right_forearm_proxy,272,0.6015014648437501,0.550000000000006,0.5408087029235048,0.21343249976794998,0.6177175055496475,FLAT,0.0,1,0.0031254891510415664,0.07487818299209695,0.032454526837525366,SUPPORT,0.45727729532302,0.0,0.11683299528784216,0.10194003888611446,0.5408087029235048,0.03274005324439634,0,ok,0.15528675905065645,0.8882091102379044,FLAT,0.0,-1,0.006309529410439351,0.0022339511710230105,0.08909899628808238,UNLOADING,0.20732978871233204,0.027220998643381112,0.006894237303881157,2.500000000000002,0.00275000000000003,0.5921746186808658,1,staged_v3,0.36441956092394623,2,1.073786365337618,0.36563851463652763,2,0,1,1
v3_torso_proxy:v3_right_forearm_proxy,273,0.9095640041495109,0.35000000000000586,0.5698198169983228,0.0468488662580626,0.6207909357493955,FLAT,0.0,1,0.002539634494077984,0.007675879484452586,0.025322934351857247,SUPPORT,0.45623768170544576,0.01859026723314028,0.05403089219250316,0.1074085050571087,0.5698198169983228,0.029385098899877646,0,ok,0.07491914120523843,0.8929337111835703,FLAT,0.0,-1,0.001345054477746803,0.021888437693457708,0.09359992904888265,UNLOADING,0.1777112474677132,0.007791558758986426,0.05031026466473358,-2.500000000000002,0.0017500000000000293,0.5939246186808659,0,staged_v3,0.17010774667808387,2,1.0566133552100017,0.16819768538083885,2,1,0,0
v3_torso_proxy:v3_right_forearm_proxy,274,0.1341288118727973,0.15000000000000568,0.33207417263748823,0.023139580562002493,0.625820181563387,FLAT,0.0,1,0.0024179541789031574,0.005468589872066918,0.020347098763832193,SUPPORT,0.45534658431895353,0.020548765066124693,0.052896270347261354,0.06259450687229051,0.33207417263748823,0.02938375546688,0,ok,0.06530995295512418,0.897819127857655,FLAT,0.0,-1,0.0014873847637467633,0.010340982415935968,0.09677007981056505,SUPPORT,0.23216899797417057,0.019497521574592287,0.043318691667219175,-2.500000000000002,0.0007500000000000284,0.5946746186808659,0,staged_v3,0.1520799858216868,2,1.050794590800014,0.1520799858216868,2,1,0,0
v3_torso_proxy:v3_right_forearm_proxy,275,0.027072059233748506,0.04999999999999449,0.15314960852566578,0.006130909880981814,0.6290645853256154,FLAT,0.0,1,0.002985353315591877,0.010503939631883185,0.04522477448506085,SUPPORT,0.4612413484377122,0.016757299092369858,0.05633197288734456,0.028868021102663066,0.15314960852566578,0.02938379222756435,0,ok,0.06281402986614743,0.8953624541417733,FLAT,0.0,-1,0.003154424840196238,0.0060325545203113624,0.09898468119828989,SUPPORT,0.27573519837933647,0.023916679539603133,0.03918158331940386,-2.500000000000002,-0.00024999999999997247,0.5944246186808659,0,staged_v3,0.15237260319140492,2,1.0469765773763693,0.15237260319140492,2,1,0,0
v3_torso_proxy:v3_right_forearm_proxy,276,0.059190557102558106,0.24999999999999467,0.08529231178146808,0.005073162373473579,0.6312317109224159,FLAT,0.0,1,0.002015437038329362,0.004896815363018135,0.06299976111473585,SUPPORT,0.48552067594616305,0.02325317269271866,0.052154551407921274,0.01607722200602102,0.08529231178146808,0.029383792275077755,0,ok,0.06330478482128962,0.8932872530210457,FLAT,0.0,-1,0.002038961997575698,0.004898690666409596,0.10050886056000663,SUPPORT,0.3105881587034692,0.02512675236159074,0.03782796034182802,-2.500000000000002,-0.0012499999999999734,0.593174618680866,0,staged_v3,0.1522805787951227,2,1.042530671795466,0.1522805787951227,2,1,0,0
v3_torso_proxy:v3_right_forearm_proxy,277,0.9999999999999999,0.04999999999999449,0.8862247757059986,0.0899739439981889,0.628708265210732,FLAT,0.0,1,0.003954332695409886,0.02198669981379461,0.07613838372694674,SUPPORT,0.5033946383252473,0.006820219372552731,0.03427758692029393,0.16704943468723366,0.8862247757059986,0.03238283144646499,0,ok,0.033742237503581365,0.8891826437122354,FLAT,0.0,-1,0.0017217892557476184,0.04051023475680546,0.10373330935983789,SUPPORT,0.33847052696277535,0.004554519849834519,0.025632145618157378,2.500000000000002,-0.00024999999999997247,0.592924618680866,0,staged_v3,0.15822942614838467,2,1.048237773775152,0.15907183463386762,2,1,1,1
v3_torso_proxy:v3_right_forearm_proxy,278,0.9375309411942161,0.24999999999999467,0.5682540293643835,0.010476863549009811,0.6309365732380001,FLAT,0.0,1,0.0020672632006455013,0.01626521042857738,0.08634762161506025,UNLOADING,0.4314811185644977,0.013052170652175635,0.05906458728109651,0.10711336104143676,0.5682540293643835,0.03295000360722326,0,ok,0.057453246088168215,0.8921412314871094,FLAT,0.0,-1,0.0008172294782672118,0.011190546594342408,0.10655659575182058,SUPPORT,0.3718752779462139,0.019137283193248623,0.04097144332593658,-2.500000000000002,-0.0012499999999999734,0.591674618680866,0,staged_v3,0.14785380230290784,2,1.0326144746902413,0.14933040408182796,2,1,0,0
v3_torso_proxy:v3_right_forearm_proxy,279,0.055720533654974896,0.44999999999999485,0.18761193560029174,0.006917047133653435,0.6336307886496424,FLAT,0.0,1,0.001944796043753689,0.01546255431868927,0.09373122967637504,UNLOADING,0.45509944984998474,0.014224007165129483,0.060323964183888884,0.03536401671645828,0.18761193560029174,0.032950558307705116,0,ok,0.062192100004866635,0.8932489364437679,FLAT,0.0,-1,0.0031142940696019645,0.0037529052339264355,0.08023269990777201,SUPPORT,0.3875002223569711,0.025258729761462168,0.036056082782723986,-2.500000000000002,-0.0022499999999999742,0.589424618680866,0,staged_v3,0.1538722577456628,2,1.0278546094576493,0.1538722577456628,2,1,0,0
v3_torso_proxy:v3_right_forearm_proxy,280,0.022399902343750108,0.24999999999999467,0.009501984823772548,0.019921903040132655,0.6280610368790343,FLAT,0.0,1,0.006202362439218902,0.015110438996422958,0.09893145685489088,UNLOADING,0.4751192022064153,0.014836133846321587,0.05956529560000687,0.0017910819430131328,0.009501984823772548,0.032832789489636,0,ok,0.08210690699849124,0.889285515499438,FLAT,0.0,-1,0.006549892156831851,0.0018876075484897262,0.06169377828885986,SUPPORT,0.4000001778855769,0.026197081365953268,0.03368323865842342,2.500000000000002,-0.0012499999999999734,0.5881746186808661,1,staged_v3,0.1553225527938195,2,1.0021086406221542,0.15451685533315931,2,1,1,1
v3_torso_proxy:v3_right_forearm_proxy,281,0.9999999999999999,0.04999999999999449,0.9999987034987745,0.10578395222226997,0.6290917149358316,FLAT,0.0,1,0.005301995356490872,0.04222896762730467,0.10257559311537345,SUPPORT,0.47643307529417794,0.01899040216741857,0.011138377488350105,0.1884953148306641,0.9999987034987745,0.035093310661239246,0,ok,0.13323611283559267,0.8882421798946601,FLAT,0.0,-1,0.0038300235983432544,0.07424048855450058,0.04844778709700756,SUPPORT,0.41000014230846155,0.0,0.06242093506690087,2.500000000000002,-0.00024999999999997247,0.5879246186808661,0,staged_v3,0.16062882035129597,2,1.006286119387761,0.1571395654308818,2,1,1,1
v3_torso_proxy:v3_right_forearm_proxy,282,1.0000000000000004,0.24999999999999467,0.9417449669290267,0.04482130077881305,0.6305845113060422,FLAT,0.0,1,0.003120682898869768,0.013941053441685232,0.10499517595275712,UNLOADING,0.40837120739500965,0.016308705355952625,0.05606474667978075,0.1775147441795636,0.9417449669290267,0.020726835601881963,0,ok,0.08662899863908087,0.8877175002657597,FLAT,0.0,-1,0.0038566556961626562,0.022755712362393102,0.06726576199871026,UNLOADING,0.35142869340725275,0.005607575737542413,0.045271009357546355,-2.500000000000002,-0.0012499999999999734,0.5866746186808661,0,staged_v3,0.27436153288770426,2,0.9771469549399521,0.26378945135934156,2,0,0,0
v3_torso_proxy:v3_right_forearm_proxy,283,0.2240642268210736,0.44999999999999485,0.5535699729526252,0.006065074978157984,0.6328766250833162,FLAT,0.0,1,0.0010939610288702131,0.007826613562913417,0.07829918627565459,UNLOADING,0.38734208125156605,0.021088345750869316,0.05222093016655464,0.10434548161655209,0.5535699729526252,0.02545353216618147,0,ok,0.06236473609437554,0.8807948018603624,FLAT,0.0,-1,0.00774281047821733,0.012895814889182212,0.05244198841876757,UNLOADING,0.3071497920557714,0.014726284531756166,0.042443035590234046,-2.500000000000002,-0.0022499999999999742,0.5844246186808661,0,staged_v3,0.2683148172778554,2,0.984829192068439,0.26999249736886805,2,1,0,0
v3_torso_proxy:v3_right_forearm_proxy,284,0.02123213129050806,0.649999999999995,0.11553328640890463,0.006532085730614507,0.6261801595823342,FLAT,0.0,1,0.008752315476476528,0.007406951183510101,0.059016036181771175,UNLOADING,0.425997478211011,0.02054385062557846,0.05180171096600239,0.02177751142963802,0.11553328640890463,0.025457813967680928,0,ok,0.05962241138304742,0.8498438083447913,FLAT,0.0,-1,0.02376766790502219,0.0070064405811039385,0.0418916111503234,UNLOADING,0.2878186011513585,0.020088139976412234,0.03743205120150947,-2.500000000000002,-0.003249999999999975,0.5811746186808662,0,staged_v3,0.15797998483955436,2,0.9733868106810248,0.15797998483955436,2,1,0,0
v3_torso_proxy:v3_right_forearm_proxy,285,0.9470237118361123,0.49999999999998934,0.999996755323628,0.09528616100329138,0.6168305197786327,FLAT,0.0,1,0.015134450342476125,0.08369554792412301,0.044759593111897616,SUPPORT,0.4566480573766588,0.0,0.10013153692533894,0.18849494760830038,0.999996755323628,0.030336935291470333,0,ok,0.0683052588361131,0.8237741836437678,FLAT,0.0,-1,0.027386183012279,0.016710723839420072,0.03435444378259895,SUPPORT,0.3202548809210868,0.010404018931667047,0.0163137032574629,1.875000000000071,-0.0024999999999999467,0.5786746186808662,0,staged_v3,0.160363679790362,2,0.9685189016299631,0.16182545388662298,2,1,0,0
v3_torso_proxy:v3_right_forearm_proxy,286,1.0,0.29999999999998916,0.925244802359631,0.11487810646698227,0.6191242555965877,FLAT,0.0,1,0.005796396120201028,0.02466521417276481,0.06260218254183444,UNLOADING,0.3914126206085647,0.0034648949543269122,0.09665281060759,0.17440453643190942,0.925244802359631,0.03096368390008403,0,ok,0.19328092486057724,0.8171441138549014,FLAT,0.0,-1,0.012862620508561837,0.01796985311501768,0.05744257098200242,SUPPORT,0.3462039047368694,0.009902275434082442,0.0811145570040964,2.500000000000002,-0.0014999999999999458,0.5771746186808663,0,staged_v3,0.30105514187949345,2,0.9443586283189995,0.3023049390359384,2,1,1,1
v3_torso_proxy:v3_right_forearm_proxy,287,1.0,0.09999999999998899,1.0,0.2065316054771536,0.6226041864517183,FLAT,0.0,1,0.0024119132402289157,0.1171912131431897,0.07524057624472338,UNLOADING,0.3354965319501983,0.0,0.21539744002087083,0.1884955592153876,1.0,0.02547271507888189,0,ok,0.22718036905353975,0.7915661873887836,FLAT,0.0,-1,0.029664910657901136,0.037121038528561974,0.04361846466580699,SUPPORT,0.3669631237894955,0.0,0.06745740254061974,2.500000000000002,-0.0004999999999999449,0.5766746186808663,0,staged_v3,0.2926838621477101,2,0.973831892931413,0.29357195908066613,2,1,1,1
v3_torso_proxy:v3_right_forearm_proxy,288,0.9692614648293247,0.20000000000000018,0.8781892785618268,0.060872959400275914,0.6250401827929708,FLAT,0.0,1,0.004804874702795961,0.014714881510047531,0.08396593330363308,UNLOADING,0.28756845595731284,0.014483415155134124,0.08231392329290367,0.16553477915946935,0.8781892785618268,0.036829751574222414,0,ok,0.13800339017802435,0.7916912608510756,FLAT,0.0,-1,0.014709731021366478,0.011717072259683922,0.03315273990715676,SUPPORT,0.3835704990315964,0.014940564735673918,0.05330472616188386,-1.2500000000001399,-0.0010000000000000009,0.5756746186808663,0,staged_v3,0.30727852707008135,2,0.95047982479353,0.30802944499386875,2,1,0,0
v3_torso_proxy:v3_right_forearm_proxy,289,0.9999999999999999,0.0,1.0000000000000002,0.179842781325067,0.6244465483084817,FLAT,0.0,1,0.007499571049219495,0.061198313698937884,0.09019497620964351,SUPPORT,0.32005476476585026,0.0,0.10145127393199369,0.18849555921538763,1.0000000000000002,0.04300796602661658,0,ok,0.22279427130449278,0.8018224177387768,FLAT,0.0,-1,0.009840214885883308,0.013355003624904212,0.02575143280429869,SUPPORT,0.3968563992252771,0.012932568015310723,0.0805625052810015,2.500000000000002,0.0,0.5756746186808663,0,staged_v3,0.20385647515441857,2,0.8878822340015299,0.2055559902214611,2,1,1,1
v3_torso_proxy:v3_right_forearm_proxy,290,0.37105969274134,0.20000000000000018,1.0,0.09384437696289723,0.6204174232687806,FLAT,0.0,1,0.011880585731195376,0.023747429179643804,0.09414085136984493,UNLOADING,0.27433265551358593,0.0059596133888484455,0.09179906622086126,0.1884955592153876,1.0,0.041144196781528905,0,ok,0.2326710766744608,0.8214271490711185,FLAT,0.0,-1,0.0054064383606664485,0.07845559747758929,0.04869888351415664,UNLOADING,0.3401626279073804,0.0,0.11125312861343145,2.500000000000002,0.0010000000000000009,0.5766746186808663,0,staged_v3,0.31190167016568554,2,0.9662973362723235,0.313139640884568,2,1,1,1
v3_torso_proxy:v3_right_forearm_proxy,291,0.9999999999999999,0.0,1.0000000000000002,0.029806729852754527,0.6277479216959638,FLAT,0.0,1,0.00027000165131665146,0.028634248037098745,0.06862132552712354,UNLOADING,0.23760786918364263,0.0,0.07975744610783748,0.18849555921538763,1.0000000000000002,0.0882677925999771,0,ok,0.10363264006101527,0.8428078727821223,FLAT,0.0,-1,0.001394413687394671,0.006998262692650744,0.03674799538153788,UNLOADING,0.29156796682346486,0.019839137076426153,0.043900720494493575,-2.500000000000002,0.0,0.5766746186808663,0,staged_v3,0.4461569372450297,2,0.9968331177969433,0.4423551843238736,2,0,0,0
v3_torso_proxy:v3_right_forearm_proxy,292,0.6559394407473491,0.20000000000000018,1.0000000000000002,0.025734389641349636,0.62661837052579,FLAT,0.0,1,0.0053141332235128545,0.025047929602202448,0.050350099109375615,UNLOADING,0.27350407216506123,0.0024695753532663345,0.06322419317850186,0.18849555921538763,1.0000000000000002,0.06607342937942282,0,ok,0.07377391042487984,0.8470847958074273,FLAT,0.0,-1,0.009462574715123621,0.029138765860577346,0.028619261366853162,UNLOADING,0.251516937852567,0.0,0.05955888614941623,-2.500000000000002,-0.0010000000000000009,0.5756746186808663,0,staged_v3,0.37912868283617823,2,0.9343110461585145,0.3644244178858723,2,0,0,0
v3_torso_proxy:v3_right_forearm_proxy,293,0.9999999999999999,0.0,0.9999997579792863,0.19121245027253872,0.6274553704782302,FLAT,0.0,1,0.004595090162879832,0.05696498106387152,0.03738352972697386,SUPPORT,0.31149050536751627,0.0,0.10686610312312983,0.18849551359555783,0.9999997579792863,0.07081900607858417,0,ok,0.18713100215059364,0.8578436760791252,FLAT,0.0,-1,0.002483611309791271,0.036763115373176676,0.022649845200856406,SUPPORT,0.29121355028205365,0.0,0.08444917463283003,2.500000000000002,0.0,0.5756746186808663,0,staged_v3,0.28109767792954865,2,0.8969061693645504,0.280950110975452,2,1,1,1
v3_torso_proxy:v3_right_forearm_proxy,294,1.0000000000000002,0.20000000000000018,1.0000000000000002,0.18672189608720818,0.6257094698210199,FLAT,0.0,1,0.008229888944118366,0.08994932972718164,0.056247893453590506,UNLOADING,0.26699186174358536,0.0,0.1615998753525278,0.18849555921538763,1.0000000000000002,0.064573685924281,0,ok,0.14383370650779057,0.8698440512058924,FLAT,0.0,-1,0.0015113047649631779,0.01986407147728295,0.04654243029069274,UNLOADING,0.24961161452747455,0.00746305003725169,0.027403998663994834,2.500000000000002,0.0010000000000000009,0.5766746186808663,0,staged_v3,0.3485218443787992,2,0.947144001291108,0.3498491986548659,2,1,1,1
v3_torso_proxy:v3_right_forearm_proxy,295,0.9915345136999887,0.0,0.9999946976749969,0.01447982378811237,0.6277851998531656,FLAT,0.0,1,0.004507133395768826,0.025706816278414618,0.04144866079854799,UNLOADING,0.22885024265648973,0.0013656167615127834,0.06851298848032807,0.188494559750671,0.9999946976749969,0.0783181316670077,0,ok,0.06718567337628095,0.8764121175343549,FLAT,0.0,-1,0.002306885254556247,0.0012532244120535977,0.03516410272432924,UNLOADING,0.2139835852239108,0.025504980724162865,0.029440554844769536,-2.500000000000002,0.0,0.5766746186808663,0,staged_v3,0.4111581190522646,2,0.8983121309957762,0.4118857438622085,2,1,0,0
v3_torso_proxy:v3_right_forearm_proxy,296,0.025117292289537435,0.014733886718754086,0.07366943359375028,0.013787099996080295,0.6294500385339082,FLAT,0.0,1,0.004411868378284558,0.024020428682107988,0.030995352916882032,UNLOADING,0.29525479355000556,0.0025293389637361142,0.06711757859788588,0.01388636108233482,0.07366943359375028,0.0823409402297257,0,ok,0.06683804804998435,0.8800729880570788,FLAT,0.0,-1,0.004043710876385614,0.0011916161411478924,0.02705413406882678,UNLOADING,0.2035221845745289,0.02516109056229345,0.02961327487206789,-0.18417358398442607,-7.366943359377043e-05,0.5766009492472726,1,staged_v3,0.30406848939540504,2,0.9894724635142437,0.2967536036071419,2,0,0,0
v3_torso_proxy:v3_right_forearm_proxy,297,0.9999999999999999,0.1852661132812461,1.0000000000000002,0.13787474005583783,0.6299810917120259,FLAT,0.0,1,0.004943385911933838,0.019392857656322336,0.023774157192633302,SUPPORT,0.3501991006793062,0.00679585020330933,0.022165145446456803,0.18849555921538763,1.0000000000000002,0.09093669221189786,0,ok,0.1673076400910751,0.8890808941236692,FLAT,0.0,-1,0.0030139474356721775,0.09431552589838535,0.021576606739775118,SUPPORT,0.2528177476596231,0.0,0.0731239272876298,2.500000000000002,0.0009263305664062305,0.5775272798136788,0,staged_v3,0.17684489359742792,2,0.8848724351671281,0.16837944369263316,2,0,1,1
v3_torso_proxy:v3_right_forearm_proxy,298,0.2230834960937504,0.38526611328124627,0.22308349609375006,0.10466342219679987,0.6299947782066314,FLAT,0.0,1,0.004943797255105296,0.0037690754677849334,0.04700877069434141,UNLOADING,0.30017065772511964,0.02358136306693214,0.010119548300831449,0.04205024834791515,0.22308349609375006,0.08980992247568641,0,ok,0.16774551276401375,0.8940470550750182,FLAT,0.0,-1,0.004013320019897196,0.10836556193373151,0.046087145101028196,UNLOADING,0.21670092656539125,0.0,0.0822563605003509,2.500000000000002,0.0019263305664062313,0.579453610380085,1,staged_v3,0.348955588521295,2,0.8513127237664597,0.3500103209142304,2,1,1,1
v3_torso_proxy:v3_right_forearm_proxy,299,0.9309935018797344,0.5852661132812464,1.0000000000000002,0.13353478427188797,0.625998555557641,FLAT,0.0,1,0.006821666670871987,0.026953451623681936,0.03520503948962311,UNLOADING,0.25836790946128674,0.0,0.06546288362301318,0.18849555921538763,1.0000000000000002,0.06099420625968864,0,ok,0.12641587441907776,0.8843201553517617,FLAT,0.0,-1,0.012537805023481436,0.026335196976627593,0.035410173510001204,UNLOADING,0.18574522781331534,0.00043531169887246757,0.05151673536161683,2.500000000000002,0.0029263305664062322,0.5823799409464913,0,staged_v3,0.24471167634725163,2,0.9511441139430549,0.16972815621194895,2,0,1,1
v3_torso_proxy:v3_right_forearm_proxy,300,0.0423887640959387,0.7852661132812466,1.0,0.02679886873477191,0.6256790191297784,FLAT,0.0,1,0.005936683237421863,0.042333504371695155,0.026684860005053705,UNLOADING,0.221527686780576,0.0,0.05195789848196993,0.1884955592153876,1.0,0.06768709187396797,0,ok,0.12980224136054905,0.8824690468198226,FLAT,0.0,-1,0.009683925134883814,0.03465752205455776,0.02789180127188087,UNLOADING,0.15941537603056016,0.0,0.03647608692117391,2.500000000000002,0.003926330566406233,0.5863062715128975,0,staged_v3,0.34568210053073734,2,0.9658181799897669,0.34467501357385044,2,1,0,0
v3_torso_proxy:v3_right_forearm_proxy,301,0.9999999999999999,0.9852661132812468,1.0,0.1725887507593851,0.6264189672599206,FLAT,0.0,1,0.005305799682995524,0.041907815287116734,0.02046049234614511,SUPPORT,0.2693002427505065,0.0,0.11912018651317388,0.1884955592153876,1.0,0.06458544935820848,0,ok,0.21024139781960405,0.8838545144908447,FLAT,0.0,-1,0.007558076324850691,0.05592876343212311,0.022539333463555022,SUPPORT,0.21753230082444813,0.0,0.08477544359470843,2.500000000000002,0.004926330566406234,0.5912326020793037,0,staged_v3,0.48849332138240703,2,0.9863034528284232,0.4894139996049579,2,1,1,1
v3_torso_proxy:v3_right_forearm_proxy,302,0.6658496377992654,0.7852661132812466,1.0000000000000002,0.019936772664319893,0.6279301490913506,FLAT,0.0,1,0.005090478887992529,0.011727660635205917,0.044352514785989186,UNLOADING,0.23082877950043415,0.015489965104093544,0.059946334954141145,0.18849555921538763,1.0000000000000002,0.07749127466214618,0,ok,0.0866034256046758,0.8908304536720852,FLAT,0.0,-1,0.0033347296788600374,0.018133283318533342,0.04705789096403827,UNLOADING,0.18645625784952696,0.009219611229668575,0.044269150413985006,-2.500000000000002,0.003926330566406233,0.59515893264571,0,staged_v3,0.41057119163638217,2,1.0300575518460366,0.4114341973175484,2,1,0,0
v3_torso_proxy:v3_right_forearm_proxy,303,0.3721015755346579,0.5852661132812464,1.0000000000000002,0.0029539863796720755,0.6264120942139239,FLAT,0.0,1,0.007422738538548964,0.019087328696451505,0.03312502799444797,UNLOADING,0.2879895870057999,0.007568922703270895,0.06635462650764469,0.18849555921538763,1.0000000000000002,0.13127592810144526,0,ok,0.0673140123163579,0.8899743081187902,FLAT,0.0,-1,0.007860011708730442,0.0198482298782714,0.03625390621123874,UNLOADING,0.16591967970081814,0.00696446543229054,0.04881331897055098,-2.500000000000002,0.0029263305664062322,0.5980852632121162,0,staged_v3,0.23246089129124842,2,1.0162556017008357,0.22121442958475582,2,0,0,0
v3_torso_proxy:v3_right_forearm_proxy,304,0.18763245535549142,0.38526611328124627,0.5002876967645791,0.006060509880749402,0.6235861772835765,FLAT,0.0,1,0.008625763738575562,0.020916303978239004,0.025080182169255033,UNLOADING,0.3515573168397743,0.00533770513022375,0.06879269411599137,0.09430200917021758,0.5002876967645791,0.15026510844466923,0,ok,0.061049379282969586,0.8790296696916243,FLAT,0.0,-1,0.014535031527401049,0.022796970865795598,0.028007392806399817,UNLOADING,0.16214297807534286,0.0036033987745243932,0.05304131921334951,-2.500000000000002,0.0019263305664062313,0.6000115937785224,0,staged_v3,0.17619193445710002,2,1.0439945553966714,0.17588118610776282,2,1,0,0
v3_torso_proxy:v3_right_forearm_proxy,305,0.19661828163778292,0.1852661132812461,0.334771665170139,0.005044123939707767,0.6202830949358271,FLAT,0.0,1,0.0091951434237037,0.013035522065961893,0.01937183786561354,SUPPORT,0.40112501201126455,0.012933069827318785,0.06364365207841113,0.06310297223571185,0.334771665170139,0.15027513001019185,0,ok,0.06124600806431622,0.8815780998558935,FLAT,0.0,-1,0.004435189053644891,0.014626722133912671,0.022344980734876778,SUPPORT,0.2197143824602743,0.011490526902831168,0.047776575601913396,-2.500000000000002,0.0009263305664062305,0.6009379243449287,0,staged_v3,0.159899062009023,2,1.0798653148879158,0.159899062009023,2,1,0,0
v3_torso_proxy:v3_right_forearm_proxy,306,0.046467255028640374,0.014733886718754086,0.10937978653758615,0.004548460542360211,0.6189785755797627,FLAT,0.0,1,0.008250079303342575,0.010497029839915094,0.043656811704110086,SUPPORT,0.43809240941937966,0.01668581074529041,0.0612913647131057,0.020617604030262027,0.10937978653758615,0.15027485814455524,0,ok,0.06303533544776281,0.8727700091932433,FLAT,0.0,-1,0.010291782570343197,0.012383838794551835,0.04635279887968248,SUPPORT,0.26577150596821947,0.01493380114943229,0.04527395462272671,-2.500000000000002,-7.366943359377043e-05,0.6008642549113349,0,staged_v3,0.15839584072161364,2,1.1024437402840852,0.15839584072161364,2,1,0,0
v3_torso_proxy:v3_right_forearm_proxy,307,0.03604270206225976,0.21473388671875426,0.09384335140634212,0.0045227682199766705,0.6199704519539004,FLAT,0.0,1,0.006780947824816205,0.008362184469147941,0.06105466679607219,SUPPORT,0.4659381234058273,0.01969054887065567,0.05921160106916974,0.017689055001984588,0.09384335140634212,0.1502748578071452,0,ok,0.06373387804862302,0.8764405404852148,FLAT,0.0,-1,0.0037465911210713154,0.01049229339258382,0.06360048742483712,SUPPORT,0.3026172047745756,0.01768773097865804,0.04311883745750403,-2.500000000000002,-0.0010736694335937713,0.5997905854777411,0,staged_v3,0.15848388093183075,2,1.1112350035567113,0.15848388093183075,2,1,0,0
v3_torso_proxy:v3_right_forearm_proxy,308,0.03457071501109084,0.41473388671875444,0.09128904054980916,0.004480033021554509,0.6173933382003518,FLAT,0.0,1,0.00857482584159503,0.005756243270022249,0.07369333423577842,SUPPORT,0.4861975602584655,0.022928423441766675,0.05665655616359461,0.017207578748672472,0.09128904054980916,0.15027485781152297,0,ok,0.06399325496706988,0.879019567393527,FLAT,0.0,-1,0.0054666282377781195,0.008215924026008438,0.07598794923410628,SUPPORT,0.3320937638196605,0.02058347343569688,0.040622789327843856,-2.500000000000002,-0.002073669433593772,0.5977169160441473,0,staged_v3,0.15870160911392067,2,1.1205714260679152,0.15870160911392067,2,1,0,0
v3_torso_proxy:v3_left_forearm_proxy,309,0.2451154408310005,0.6147338867187546,0.9964943059076788,0.013772384684073878,0.6140394644199922,FLAT,0.0,1,0.00949002480889447,0.04420963603249806,0.08269993094810466,SUPPORT,0.5007089584046895,0.0,0.08477123785145144,0.18783475144701745,0.9964943059076788,0.14995888512138475,0,ok,0.06602593371076929,0.8799332926104686,FLAT,0.0,-1,0.0070393969541828715,0.0015779614356404128,0.08462286797321121,SUPPORT,0.3556750110557284,0.027653181963020152,0.03186457140604355,-2.500000000000002,-0.003073669433593773,0.5946432466105536,0,staged_v3,0.16461776772757314,2,1.125609868041757,0.16631493287327317,2,1,0,0
v3_torso_proxy:v3_left_forearm_proxy,310,0.3182275415556918,0.8147338867187548,0.6466639613626672,0.005750952947702637,0.6189829410414278,FLAT,0.0,1,0.0041773626064506835,0.007695412416410582,0.08912490043833227,SUPPORT,0.5050913930415699,0.02176083260550603,0.05815923317662775,0.12189328502149377,0.6466639613626672,0.14995602222018936,0,ok,0.06151889222780059,0.886030072361525,FLAT,0.0,-1,0.0026310697366023817,0.012881282711965071,0.09116668342775838,SUPPORT,0.3745400088445827,0.01667705145942285,0.04336826984113036,-2.500000000000002,-0.004073669433593774,0.5905695771769598,0,staged_v3,0.15830705369546927,2,1.133613891601879,0.15830705369546927,2,1,0,0
v3_torso_proxy:v3_left_forearm_proxy,311,1.0000000000000002,0.6147338867187546,0.9999965019143082,0.14166591639560458,0.6208893925073573,FLAT,0.0,1,0.005289566777669823,0.05613384373969477,0.09374545611232873,SUPPORT,0.515130893601325,0.0,0.09969113552279511,0.18849489984176895,0.9999965019143082,0.141308204384522,0,ok,0.1786522465484504,0.8891334386508845,FLAT,0.0,-1,0.003750507541247555,0.030131705684725965,0.09604286294768916,SUPPORT,0.3896320070756662,0.0,0.0847818446053191,2.500000000000002,-0.003073669433593773,0.587495907743366,0,staged_v3,0.19979676405078964,2,1.123286723026664,0.19998132171215857,2,1,1,1
v3_torso_proxy:v3_left_forearm_proxy,312,0.2930971274672474,0.41473388671875444,1.0000000000000002,0.11349491335153383,0.6150115524669525,FLAT,0.0,1,0.00798984204277802,0.019249147151237416,0.09669589373511081,UNLOADING,0.4415407659439929,0.010585647535518126,0.0882362999300067,0.18849555921538763,1.0000000000000002,0.1398729484920279,0,ok,0.1401702691510469,0.8844535267385774,FLAT,0.0,-1,0.004341654571236516,0.061354644305704434,0.09947768429263502,UNLOADING,0.33397029177914245,0.0,0.06537501389372428,2.500000000000002,-0.002073669433593772,0.5854222383097722,0,staged_v3,0.35571769832635686,2,1.1681707899542193,0.355830399184407,2,1,1,1
v3_torso_proxy:v3_left_forearm_proxy,313,0.6420467763570311,0.6147338867187546,1.0000000000000002,0.01989639757903983,0.6175597578119614,FLAT,0.0,1,0.004371918387895675,0.0185432723985651,0.07091175780102509,UNLOADING,0.3789377146586734,0.010002315491486155,0.07185249302712862,0.18849555921538763,1.0000000000000002,0.09798208419753365,0,ok,0.09021475674499461,0.8835492714042839,FLAT,0.0,-1,0.0035873923682131553,0.037535002436000296,0.0736399071531847,UNLOADING,0.2863054103880053,0.0,0.05772256881368296,-2.500000000000002,-0.003073669433593773,0.5823485688761785,0,staged_v3,0.4238540129432628,2,1.0515137426782393,0.39486737221467255,2,0,0,0
v3_torso_proxy:v3_left_forearm_proxy,314,0.18496625558232724,0.8147338867187548,0.9455566406250003,0.006068408946777837,0.6211005193635826,FLAT,0.0,-1,0.0040725061025771265,0.005003292416411002,0.05250169347109043,UNLOADING,0.4036120404035413,0.02262179225714352,0.05326466128116064,0.17823322774443273,0.9455566406250003,0.08040430419403027,0,ok,0.06530774335174284,0.8860560291626213,FLAT,0.0,-1,0.0043096497154682546,0.0018109740242535201,0.05512888505218976,UNLOADING,0.2500167331964762,0.02594547022835597,0.030550249547175452,-2.500000000000002,-0.004073669433593774,0.5782748994425847,1,staged_v3,0.2749745861034682,2,0.9991512105573461,0.2743580084706517,2,0,0,0
v3_torso_proxy:v3_left_forearm_proxy,315,0.9999999999999999,0.6147338867187546,0.9999998196995183,0.2076934382044917,0.620288913337484,FLAT,0.0,-1,0.005487736112605972,0.05404578473886365,0.039465204043980004,SUPPORT,0.44030903234517954,0.0,0.10101124075031057,0.1884955252295475,0.9999998196995183,0.08039035680510269,0,ok,0.2032936704520111,0.8898749651731819,FLAT,0.0,-1,0.0025883971080311458,0.032757691067324395,0.041839503436496256,SUPPORT,0.290013386557181,0.0,0.09563853128499927,2.500000000000002,-0.003073669433593773,0.5752012300089909,0,staged_v3,0.20724453566270515,2,1.0311105368679043,0.20724453566270515,2,1,1,1
v3_torso_proxy:v3_left_forearm_proxy,316,0.9837646484375001,0.41473388671875444,0.9837646484375001,0.15090723220883767,0.6205182160531373,FLAT,0.0,1,0.005631081341316256,0.0004327257474742831,0.058476209667271975,UNLOADING,0.3774077420101539,0.027491084735889317,0.09459735765517523,0.18543526754355577,0.9837646484375001,0.04776281315243523,0,ok,0.19212324380861087,0.8903239819628059,FLAT,0.0,-1,0.002438244839155252,0.1233582768006311,0.0611825675498774,UNLOADING,0.248582902763298,0.0,0.11685953773198585,2.500000000000002,-0.002073669433593772,0.5731275605753972,1,staged_v3,0.3216129384179827,2,1.0289049190828443,0.31607135181039336,2,0,1,1
v3_torso_proxy:v3_left_forearm_proxy,317,0.00012207031250010734,2.621263266444629e-05,0.0001220703125000246,0.15091069796099302,0.6201828957703568,FLAT,0.0,1,0.005981172641139708,0.0004303640351717543,0.04397503871190584,UNLOADING,0.3235017219634765,0.02676838790042354,0.094593708618589,2.3009711818289258e-05,0.0001220703125000246,0.04776281150477435,0,ok,0.19212797330853879,0.8846345324130868,FLAT,0.0,-1,0.006809580827998453,0.12335649962801129,0.047303828430729083,UNLOADING,0.21307110611973606,0.0,0.1168688432457458,5.183845926076125,-1.3106316332223145e-07,0.5731274295122338,1,staged_v3,0.4193946442634231,2,1.0322675526774145,0.4193946442634231,2,1,1,1
v3_torso_proxy:v3_left_forearm_proxy,318,6.0899207455697404e-05,1.2208631150478766e-05,6.103515624986506e-05,0.1509051014233431,0.6201166827102867,FLAT,0.0,1,0.00511904861338761,0.00042979099411161615,0.03363451737998597,UNLOADING,0.2772966583152213,0.026251934874887684,0.09459123251610123,1.1504855909116873e-05,6.103515624986506e-05,0.04776286937699198,0,ok,0.1921221120433024,0.878837670293205,FLAT,0.0,-1,0.004948029866848747,0.12334893650501001,0.03702547071151072,UNLOADING,0.1826324234425196,0.0,0.11686423523343535,0.00017505001892459404,-6.104315575239383e-08,0.5731273684690781,1,staged_v3,0.2412722979459188,2,1.0092520282351476,0.24299687062856784,2,1,0,0
v3_torso_proxy:v3_left_forearm_proxy,319,0.0353393554687499,0.1999877913688497,0.03533935546874991,0.16723596846279576,0.6176095051970717,FLAT,0.0,1,0.005382209302966334,0.00038216339003677244,0.026219494377275675,SUPPORT,0.31183732665217706,0.025928811328827014,0.09334290622120438,0.00666131157139338,0.03533935546874991,0.047762869377755535,0,ok,0.180235440677808,0.8775602373564216,FLAT,0.0,-1,0.007637003177552489,0.12084791478316956,0.029496581448968454,SUPPORT,0.2361059387540157,0.0,0.11607756609876314,2.500000000000002,0.0009999389568442485,0.5741273074259223,1,staged_v3,0.24093164019773047,2,1.0071281437148805,0.24093164019773047,2,1,1,1
v3_torso_proxy:v3_left_forearm_proxy,320,0.9986304219626408,1.2208631150478766e-05,1.0000000000000002,0.06212459447612763,0.6103119286823194,FLAT,0.0,-1,0.007974808946348454,0.0021958480658945826,0.04951813989384497,UNLOADING,0.2672891371304375,0.02528005892879767,0.06261797426155537,0.18849555921538763,1.0000000000000002,0.0478712309291318,0,ok,0.13744082456775095,0.867191349974209,FLAT,0.0,-1,0.007529725763133173,0.024798372211610045,0.0520935985247612,UNLOADING,0.20237651893201347,0.0028063077146280174,0.06942322846570372,-2.500000000000002,-6.104315575239383e-08,0.5741272463827666,0,staged_v3,0.23731236659388416,2,0.9874807157199204,0.23860656165455055,2,1,0,0
v3_torso_proxy:v3_left_forearm_proxy,321,0.9254043951059887,0.20001220863115066,1.0000000000000002,0.0424946249635314,0.6104583536351083,FLAT,0.0,-1,0.0061435029709475085,0.029048478843047384,0.0380972479512839,UNLOADING,0.2470205758543556,0.0,0.06929900310062422,0.18849555921538763,1.0000000000000002,0.04339443322608812,0,ok,0.08593288691664167,0.8675688750227512,FLAT,0.0,-1,0.005545469422382053,0.022734169255026315,0.039878772552398384,UNLOADING,0.1735278185899544,0.004259769372593605,0.03499617624193692,-2.500000000000002,-0.0010000610431557533,0.5731271853396108,0,staged_v3,0.1964015619693976,2,1.0017752437343344,0.18942381905844866,2,0,0,0
v3_torso_proxy:v3_left_forearm_proxy,322,0.7572631835937497,1.2208631150478766e-05,0.75726318359375,0.10462252874824517,0.6045215962145948,FLAT,0.0,-1,0.006687261419605294,0.003203816688036273,0.030226337504316064,UNLOADING,0.2545559805798773,0.023307500187179534,0.03910444173920187,0.14274074726472863,0.75726318359375,0.036545492334324414,0,ok,0.2003777692398844,0.871508090916233,FLAT,0.0,-1,0.0047987942159930805,0.07135841100976571,0.031216717605994954,UNLOADING,0.15502721927145316,0.0,0.114798896037698,2.500000000000002,-6.104315575239383e-08,0.5731271242964551,1,staged_v3,0.2557374590469616,2,0.9764409650833482,0.2556634178437549,2,1,1,1
v3_torso_proxy:v3_left_forearm_proxy,323,1.0,0.1999877913688497,1.0000000000000002,0.06681250605382243,0.6042804224244648,FLAT,0.0,-1,0.006991676083793778,0.014655230912771884,0.025367211898326594,SUPPORT,0.29364478446390185,0.011613129682144448,0.10120976754611508,0.18849555921538763,1.0000000000000002,0.042497762792337926,0,ok,0.14998133059438779,0.8628615566338029,FLAT,0.0,-1,0.011664705794280354,0.054025605865398424,0.025022919753591204,SUPPORT,0.21402177541716252,0.0,0.06371653014140478,2.500000000000002,0.0009999389568442485,0.5741270632532993,0,staged_v3,0.28189516147335336,2,0.9223820557496327,0.2623619981935806,2,0,0,0
v3_torso_proxy:v3_left_forearm_proxy,324,0.9999999999999999,0.3999877913688499,1.0000000000000002,0.0881372230735448,0.6011035509705254,FLAT,0.0,-1,0.006389314490495851,0.0027694627804169857,0.050086571832715615,SUPPORT,0.3249158275711215,0.0247348658112188,0.030727080525581756,0.18849555921538763,1.0000000000000002,0.024967336471304193,0,ok,0.20551022565501403,0.8497512839116695,FLAT,0.0,-1,0.015223790275200634,0.08040529924545273,0.048504206079992826,UNLOADING,0.1834472360718536,0.0,0.11930605180389206,2.500000000000002,0.0019999389568442494,0.5761270022101436,0,staged_v3,0.4935826014138237,2,0.9216970677140118,0.49545285691960683,2,1,1,1
v3_torso_proxy:v3_left_forearm_proxy,325,0.9999999999999999,0.59998779136885,1.0000000000000002,0.12462202169723359,0.5990879149179158,FLAT,0.0,-1,0.006654160928949294,0.015093116742820167,0.03946910616506624,SUPPORT,0.34993266205689716,0.011880338565433145,0.09402036487128647,0.18849555921538763,1.0000000000000002,0.02495773292796961,0,ok,0.1646186861723021,0.8477021121558068,FLAT,0.0,-1,0.010828558359284797,0.062272391699232196,0.06550778864518106,UNLOADING,0.1572404880615888,0.0,0.07665420822345681,2.500000000000002,0.0029999389568442503,0.5791269411669878,0,staged_v3,0.5317447622793366,2,0.9295297358584371,0.5317447622793366,2,1,1,1
v3_torso_proxy:v3_left_forearm_proxy,326,0.50916914967381,0.3999877913688499,0.5660400390625001,0.06979080538199008,0.5968939355208062,FLAT,0.0,-1,0.006513031624994403,0.02465203300462267,0.03197384043597209,SUPPORT,0.3699461296455177,0.0019466590171759342,0.06852011647882413,0.1066960337013858,0.5660400390625001,0.00999041622316046,0,ok,0.14159626243108828,0.8477876375817358,FLAT,0.0,-1,0.009636477350122406,0.04304784489710677,0.077866974164827,UNLOADING,0.13477756119564754,0.0,0.06109458519887129,-2.500000000000002,0.0019999389568442494,0.5811268801238321,1,staged_v3,0.503126465427773,2,0.9565430190746963,0.504920154551327,2,0,1,1
v3_pelvis_proxy:v3_left_hand_proxy,327,0.3441162109375002,0.59998779136885,0.34411621093750017,0.056584915436037976,0.5928890304322282,FLAT,0.0,-1,0.011696041368804531,0.019762725506047102,0.026681947290604552,SUPPORT,0.38595690371641417,0.006571371858483128,0.06666068133680404,0.06486437761574437,0.34411621093750017,0.009991209569298963,0,ok,0.13717161022445432,0.8504493647185217,FLAT,0.0,-1,0.007766640433386916,0.01976042918930433,0.08692500433650649,UNLOADING,0.11552362388198362,0.009585821027520997,0.042355769624034804,2.500000000000002,0.0029999389568442503,0.5841268190806763,1,staged_v3,0.2933921618524862,2,0.9675165777446603,0.27460710844509156,2,0,1,1
v3_pelvis_proxy:v3_left_hand_proxy,328,0.0002441406249998962,0.7999877913688502,0.00011223101806290193,0.08420988320593244,0.5862708593763379,FLAT,0.0,-1,0.007935529321381606,0.02377010994557916,0.02299100293039722,SUPPORT,0.39876552297313134,0.0023794402009407016,0.0706733948223829,2.1155048511078967e-05,0.00011223101806290193,0.009990124679680176,0,ok,0.14741856803316736,0.8512962837694208,FLAT,0.0,-1,0.009736910457620568,0.023743747844573504,0.09354469822145776,UNLOADING,0.09902024904170025,0.005933487066499387,0.046338845671897146,2.500000000000002,0.003999938956844251,0.5881267580375206,1,staged_v3,0.15362737423870473,2,0.9334616788962573,0.149631656803744,2,1,1,1
v3_pelvis_proxy:v3_left_hand_proxy,329,0.43304443359375,0.9999877913688504,0.2812122402617014,0.06595543955336096,0.5801328381895026,FLAT,0.0,-1,0.015334466480784717,0.010658609047463349,0.020047341517309292,SUPPORT,0.40901241837850505,0.015343758028402116,0.04959882902976939,0.053007258486341344,0.2812122402617014,0.009990000466670819,0,ok,0.12462479787894047,0.8487180623481225,FLAT,0.0,-1,0.011298577268388047,0.029225201104102726,0.0982622749400733,UNLOADING,0.08487449917860021,0.0006879126429009397,0.04751289671045805,2.500000000000002,0.004999938956844252,0.5931266969943648,1,staged_v3,0.1520721835422793,2,0.9286826684002535,0.1520721835422793,2,1,1,1
v3_pelvis_proxy:v3_left_hand_proxy,330,0.1617369923446775,1.0000000000000009,0.12261383167824251,0.06403066412701704,0.5675373927957023,FLAT,0.0,-1,0.01992743011334761,0.010439242662546696,0.01786232319883174,SUPPORT,0.41720993470280404,0.015453873497394893,0.04703261411328701,0.02311216276973173,0.12261383167824251,0.009990000327237653,0,ok,0.12464098849147054,0.8517070840822851,FLAT,0.0,-1,0.006781671023734628,0.03283234347431888,0.10169396641800812,UNLOADING,0.07274957072451446,0.0,0.05018328895286095,0.00015260788938098457,0.0050000000000000044,0.5981266969943648,1,staged_v3,0.14804715365273172,2,0.9315610318911017,0.14804715365273172,2,1,1,1
v3_torso_proxy:v3_left_forearm_proxy,331,0.3837283458327646,0.8000000000000007,0.28482309666844,0.07543436104674256,0.5760149254510771,FLAT,0.0,-1,0.0036155713421371326,0.013434730595206505,0.016224367082924317,SUPPORT,0.42376794776224325,0.012376487758939712,0.06516086327854734,0.053687888883976,0.28482309666844,0.013990814094831595,0,ok,0.1404405770097697,0.8525025636277896,FLAT,0.0,-1,0.007343295632085819,0.022524210579436738,0.10414565752647978,UNLOADING,0.062356774906726684,0.0076830722968872535,0.05625202513348565,-2.500000000000002,0.0040000000000000036,0.6021266969943648,0,staged_v3,0.1495483580135075,2,0.9466638328132021,0.14911642912127168,2,1,0,0
v3_torso_proxy:v3_left_forearm_proxy,332,0.06615392485549941,0.6000000000000005,0.11618490274304477,0.053509451369227766,0.5821160388874164,FLAT,0.0,-1,0.0038341129387815982,0.012532722004057504,0.01699634228663135,SUPPORT,0.4290143582097946,0.013317095110274065,0.06511086415338305,0.021900338214935644,0.11618490274304477,0.013990407921447453,0,ok,0.11829351964227446,0.8472404811269479,FLAT,0.0,-1,0.010476346175417975,0.02707878915362034,0.10993490691898195,UNLOADING,0.05344866420576573,0.003417956192328757,0.06160791246204261,-2.500000000000002,0.0030000000000000027,0.6051266969943648,0,staged_v3,0.1485716045168463,2,0.9505121501812535,0.1485716045168463,2,1,0,0
v3_pelvis_proxy:v3_left_hand_proxy,333,0.043544802410428664,0.40000000000000036,0.0704191081676604,0.032961614536805336,0.5859227396321631,FLAT,0.0,-1,0.005383324093772745,0.013547444502155833,0.017558134081888364,SUPPORT,0.4332114865678357,0.012330462201938588,0.06616816212599017,0.013273689173512015,0.0704191081676604,0.013943154763824787,0,ok,0.09723862084134549,0.8518587922318307,FLAT,0.0,-1,0.006001177415054542,0.027286183822781297,0.11397491170702093,UNLOADING,0.0458131407477992,0.003412561762569752,0.06288600606382927,-2.500000000000002,0.0020000000000000018,0.6071266969943648,0,staged_v3,0.14940606787439165,2,0.9578205361443023,0.14940606787439165,2,1,0,0
v3_pelvis_proxy:v3_left_hand_proxy,334,0.027887285595716724,0.20000000000000018,0.0455898945557348,0.013607774530456918,0.5896014850235727,FLAT,0.0,-1,0.004387832869277499,0.013964453402032336,0.017957664451999505,SUPPORT,0.4365691892542686,0.01193342982056764,0.06630359260422565,0.008593492668853786,0.0455898945557348,0.013776811616072776,0,ok,0.0766001109668578,0.8592583507161803,FLAT,0.0,-1,0.004308618716870864,0.028420941853785922,0.1167467011282109,UNLOADING,0.039268406355256455,0.0024163932026246247,0.06409620733436798,-2.500000000000002,0.0010000000000000009,0.6081266969943648,0,staged_v3,0.1507940235266494,2,0.966310243068413,0.1507940235266494,2,1,0,0
v3_pelvis_proxy:v3_left_hand_proxy,335,0.05307707855263311,0.0,0.23872361151905447,0.007847620653309585,0.5755630997863238,FLAT,0.0,-1,0.0228206012114689,0.015364468988870103,0.018506750840941208,SUPPORT,0.4541715789354005,0.01056086855317696,0.0673750158738595,0.04499834065120112,0.23872361151905447,0.01392309038223978,0,ok,0.06317809519799678,0.8603376775477687,FLAT,0.0,-1,0.007045347633473986,0.0194577479444539,0.11855502728329345,SUPPORT,0.12141472508420517,0.011470003419710773,0.05723409281427005,-2.500000000000002,0.0,0.6081266969943648,0,staged_v3,0.15173299093022433,2,0.9774201245425735,0.15173299093022433,2,1,0,0
v3_torso_proxy:v3_left_forearm_proxy,336,0.014164681618936279,0.20000000000000018,0.09612912859482863,0.007669705346688848,0.5825469801114034,FLAT,0.0,-1,0.0010787801690508886,0.014627134852747654,0.04744540296298995,SUPPORT,0.4716182965441974,0.012745135295401847,0.0662053802544341,0.01811991385137013,0.09612912859482863,0.01399042143060231,0,ok,0.06412849057237326,0.8618523733520459,FLAT,0.0,-1,0.0067081642206631925,0.01572841743654894,0.11962483202270546,SUPPORT,0.18713178006736414,0.015252824164586332,0.05369424976096881,-2.500000000000002,-0.0010000000000000009,0.6071266969943648,0,staged_v3,0.15236506016743798,2,0.9895150231720679,0.15236506016743798,2,1,0,0
v3_torso_proxy:v3_left_forearm_proxy,337,0.008502138250775655,0.40000000000000036,0.035865415229763796,0.007789013373767303,0.575480572518997,FLAT,0.0,-1,0.018084777620185982,0.01275646093559734,0.06854842368997557,SUPPORT,0.4820079991419038,0.01567096024890144,0.06402231906667435,0.006760471500226406,0.035865415229763796,0.013990421430602775,0,ok,0.06460162775481218,0.8635159666977525,FLAT,0.0,-1,0.006351099694206188,0.012739524029536556,0.12014258330288996,SUPPORT,0.2397054240538913,0.018267605135607944,0.05066284756488286,-2.500000000000002,-0.0020000000000000018,0.6051266969943648,0,staged_v3,0.15317412063964478,2,1.0026482029835124,0.15317412063964478,2,1,0,0
v3_torso_proxy:v3_left_forearm_proxy,338,0.006064992111449204,0.6000000000000005,0.026028641152104803,0.007607098887884938,0.5747295582900851,FLAT,0.0,-1,0.009430385909681455,0.009866825434299474,0.08375979861487817,SUPPORT,0.48839942143084086,0.019321164496444436,0.06070877369543325,0.004906283269582645,0.026028641152104803,0.01399042143060258,0,ok,0.06483647770720025,0.8691560956347532,FLAT,0.0,-1,0.006098765619173552,0.009595594170419709,0.12023336020126353,SUPPORT,0.28176433924311306,0.02141607383964347,0.047495112611528875,-2.500000000000002,-0.0030000000000000027,0.6021266969943648,0,staged_v3,0.1539420339055444,2,1.0167536447288055,0.1539420339055444,2,1,0,0
v3_torso_proxy:v3_left_forearm_proxy,339,0.0035646656751026156,0.8000000000000007,0.028196801070142427,0.008341505098634355,0.5509642070422637,FLAT,0.0,-1,0.03740658509241404,0.006078094029803045,0.09476665052712113,SUPPORT,0.48824794395939136,0.023660238496553014,0.056426182405589415,0.005314971785801537,0.028196801070142427,0.013990421430602137,0,ok,0.06428255328885667,0.813145022495714,FLAT,0.0,-1,0.0394655791740956,0.0055775582282074805,0.1201986708793313,SUPPORT,0.31541147139449044,0.025432375315759086,0.04325592900667899,-2.500000000000002,-0.0040000000000000036,0.5981266969943648,0,staged_v3,0.15476691383962896,2,1.0308268259498996,0.15476691383962896,2,1,0,0
v3_torso_proxy:v3_left_forearm_proxy,340,0.3983046723390001,0.649999999999995,0.9999975524729139,0.07056989049320282,0.5272894124191198,FLAT,0.0,-1,0.03772797046988465,0.07140122258600214,0.0994512175650076,SUPPORT,0.4844719386369934,0.0,0.08957771837276748,0.18849509786740082,0.9999975524729139,0.015722736404817885,0,ok,0.08129324680384464,0.7790156040975051,FLAT,0.0,-1,0.03751880029030854,0.04974001899453652,0.11651210039872524,SUPPORT,0.34232917711559235,0.0,0.057837673277352494,1.875000000000071,-0.003249999999999975,0.5948766969943649,0,staged_v3,0.17698306571311134,2,1.058600545232544,0.17881704398982814,2,1,0,0
v3_torso_proxy:v3_left_forearm_proxy,341,0.3827481662864914,0.8499999999999952,0.9722538755603527,0.011795143980257711,0.5388247152368844,FLAT,0.0,-1,0.007822816770874878,0.011350760142319605,0.10289727639426213,SUPPORT,0.47954737597456576,0.018794103677393502,0.057362310354307194,0.18326553797307654,0.9722538755603527,0.019365498848026647,0,ok,0.0638783728379647,0.8023396573406839,FLAT,0.0,-1,0.0060408941033673865,0.018550019953834904,0.11415423597475621,UNLOADING,0.29342500895622203,0.012157691844902906,0.05109441227130988,-2.500000000000002,-0.004249999999999976,0.5906266969943649,0,staged_v3,0.2908025454612228,2,1.063382641484489,0.2927181428579837,2,1,0,0
v3_torso_proxy:v3_left_forearm_proxy,342,0.9999999999999996,0.649999999999995,0.9330335957567656,0.16212251131283661,0.5475797185884197,FLAT,0.0,-1,0.0091770777938401,0.01821515577626807,0.07707751005339787,SUPPORT,0.47932885779325946,0.010638719726401825,0.02249631603197305,0.17587268939891543,0.9330335957567656,0.017933595111530778,0,ok,0.21628090398402222,0.8178294956651506,FLAT,0.0,-1,0.009043607562947501,0.11751296388545511,0.11268555414705307,UNLOADING,0.27177446095819663,0.0,0.1608826674077753,2.500000000000002,-0.003249999999999975,0.5873766969943649,0,staged_v3,0.322933785406418,2,1.0781602324395407,0.3244604809429154,2,1,1,1
v3_torso_proxy:v3_left_forearm_proxy,343,0.9858080057306156,0.649999999999995,0.744857440322338,0.021998074433739464,0.5526629744545426,FLAT,0.0,-1,0.012093153138322994,0.007173226694672002,0.0585704150456771,SUPPORT,0.47513902096565097,0.020755294057611857,0.0421800355574702,0.1404023197493013,0.744857440322338,0.0421674820381335,0,ok,0.06877897789913391,0.8314704504000086,FLAT,0.0,-1,0.008530122746890769,0.005777824684078083,0.11181821561421705,UNLOADING,0.23294953796416853,0.024813086096632773,0.040681266802921154,0.0,-0.003249999999999975,0.5841266969943649,1,staged_v3,0.3209706197817057,2,1.0895325789293184,0.32019936837138796,2,1,0,0
v3_torso_proxy:v3_left_forearm_proxy,344,0.9999999999999999,0.44999999999999485,0.8692055836065213,0.12242823556059802,0.5559499724669106,FLAT,0.0,-1,0.013684020183917603,0.022155265196564286,0.04521186495862349,SUPPORT,0.4715477322562723,0.014866733176563823,0.012393860071367353,0.1638413925550486,0.8692055836065213,0.0436094600036112,0,ok,0.15367748591453273,0.8415542282794857,FLAT,0.0,-1,0.009128962834921752,0.06860604309206023,0.11135036586513777,SUPPORT,0.2763596303713348,0.0,0.0711783772155233,2.500000000000002,-0.0022499999999999742,0.581876696994365,0,staged_v3,0.31931054626174066,2,1.0896172469343288,0.3201594480382384,2,1,1,1
v3_torso_proxy:v3_left_forearm_proxy,345,0.411320963428303,0.24999999999999467,0.44946289062500006,0.03254338125614305,0.5590083898266305,FLAT,0.0,-1,0.014592322531116716,0.0001242108973664351,0.06366804877562407,UNLOADING,0.40418377050537624,0.02805919154141477,0.025289240728092955,0.08472175891492398,0.44946289062500006,0.051794036848673355,0,ok,0.09865338426439293,0.8490259690249676,FLAT,0.0,-1,0.008476762792175543,0.0665914355332514,0.11105069447476565,UNLOADING,0.23687968317542984,0.0,0.06136623789029992,2.500000000000002,-0.0012499999999999734,0.580626696994365,1,staged_v3,0.33837232829454816,2,1.058530941278181,0.33979576627015695,2,1,1,1
v3_torso_proxy:v3_left_forearm_proxy,346,0.80657958984375,0.04032897949217684,0.6491811420052594,0.1297531354003217,0.5629374405825429,FLAT,0.0,-1,0.013077486214706235,0.04602312096290785,0.04846727679359911,UNLOADING,0.39653959872931993,0.0,0.07521398432248391,0.12236776239436532,0.6491811420052594,0.051797989949165485,0,ok,0.06718945602633157,0.8519883680992221,FLAT,0.0,-1,0.009618287742340638,0.01647307020401416,0.08254693648767895,UNLOADING,0.2053159407078509,0.027622842949431552,0.001504503874952397,2.620887756347723,-0.0002016448974608842,0.5804250520969041,1,staged_v3,0.1539414382749231,2,1.0990393395542046,0.1539414382749231,2,1,1,1
v3_torso_proxy:v3_left_forearm_proxy,347,0.859417436116412,0.24032897949217702,0.765045284542318,0.050523789502494185,0.5683733162858842,FLAT,0.0,-1,0.010344683556948358,0.033945109282759504,0.03769035361022377,UNLOADING,0.3399840153311529,0.0,0.07167502824713182,0.14420763873489956,0.765045284542318,0.06877525027639377,0,ok,0.09357899423186125,0.8472957295947692,FLAT,0.0,-1,0.01311125457241918,0.04053792704968683,0.06187229756850169,UNLOADING,0.19464731349740824,0.0,0.05739103279233501,-2.500000000000002,-0.001201644897460885,0.5792234071994432,0,staged_v3,0.16439055165621325,2,1.094372870534423,0.15649941306085216,2,0,0,0
v3_torso_proxy:v3_left_forearm_proxy,348,1.0,0.04032897949217684,1.0,0.10272540963855097,0.5784002036127773,FLAT,0.0,-1,0.008191130518536885,0.005919635766652269,0.029914760675924645,SUPPORT,0.3619872122649223,0.020576102267143966,0.020411776030916227,0.1884955592153876,1.0,0.07604999660479093,0,ok,0.03912847757393085,0.8425103883349309,FLAT,0.0,-1,0.011105668877613597,0.012562399049624568,0.046655363180235394,SUPPORT,0.2457178507979266,0.019343651142072333,0.007989117016939436,2.500000000000002,-0.0002016448974608842,0.5790217623019823,0,staged_v3,0.21072084421670187,2,1.0944864411941841,0.21149447270237823,2,1,1,1
v3_torso_proxy:v3_left_forearm_proxy,349,0.1036376953125001,0.15967102050782334,0.10363769531249999,0.10048017950335424,0.58908855221975,FLAT,0.0,-1,0.007168424238872947,0.013720861520218158,0.0527859492195505,UNLOADING,0.31027475336993343,0.01391843594075937,0.02477589169649836,0.01953524533372364,0.10363769531249999,0.07522991380700399,0,ok,0.032971070709876274,0.8375793740197738,FLAT,0.0,-1,0.01010500916083819,0.012629392217573145,0.0633892516471928,SUPPORT,0.2865742806383413,0.02547808530312441,0.0026913772792352348,2.500000000000002,0.0007983551025391167,0.5798201174045214,1,staged_v3,0.2099976282010677,2,1.0761059779174185,0.20596256903054283,2,1,1,1
v3_right_hand_proxy:v3_left_hand_proxy,350,0.9999999999999999,0.04032897949217684,1.0000000000000002,0.04649793082581701,0.595627145637206,FLAT,0.0,-1,0.007310886471602863,0.03457475974350298,0.06930036916283669,UNLOADING,0.2659497886028001,0.0,0.051617373910654296,0.18849555921538763,1.0000000000000002,0.127783825561924,0,ok,0.022596959127646244,0.8395721755887756,FLAT,0.0,-1,0.006781830098154618,0.01876174284697239,0.047010699137978756,SUPPORT,0.3328520693134125,0.008588792109926548,0.027027699571548443,-2.500000000000002,-0.0002016448974608842,0.5796184725070606,0,staged_v3,0.1523237893126357,2,1.0935288984603517,0.15142621307349788,2,0,0,0
v3_right_hand_proxy:v3_left_hand_proxy,351,0.5805664062499994,0.15967102050782334,0.4018186346251535,0.06136302684126775,0.6006323103973932,FLAT,0.0,-1,0.008593935244596401,0.00042870610114654085,0.08130783911770625,UNLOADING,0.26115349951095884,0.028636685854738775,0.027756789639400918,0.07574102823683182,0.4018186346251535,0.12776880982422958,0,ok,0.09786925198596445,0.8436312910095334,FLAT,0.0,-1,0.0055389029404786135,0.03199283598995233,0.03516674162527012,SUPPORT,0.3989999268220794,0.0,0.05534882330388212,2.500000000000002,0.0007983551025391167,0.5804168276095997,1,staged_v3,0.20688235036015662,2,1.1050035255009625,0.20688235036015662,2,1,1,1
v3_right_hand_proxy:v3_left_hand_proxy,352,1.0,0.3596710205078235,0.60831433644952,0.05519547420514376,0.5995286998923222,FLAT,0.0,-1,0.01280933904917721,0.027717597926512655,0.09017440023104044,SUPPORT,0.2989227996087671,0.0017911220850393705,0.04843277722030505,0.11466455102778972,0.60831433644952,0.12776931549320303,0,ok,0.033982422507746,0.85308155536032,FLAT,0.0,-1,0.0029426629167304866,0.027208378366794014,0.026605318171036518,SUPPORT,0.40919994145766353,0.015563805254971464,0.010766460653580362,2.500000000000002,0.0017983551025391176,0.5822151827121388,0,staged_v3,0.1571849262341058,2,1.1105947094420643,0.1571849262341058,2,1,1,1
v3_right_hand_proxy:v3_left_hand_proxy,353,0.831590662511612,0.15967102050782334,0.648865423388565,0.030986968749124686,0.605745876313484,FLAT,0.0,-1,0.006278668606337134,0.016510880440116418,0.09669665981182007,SUPPORT,0.32913823968701367,0.013323952550474586,0.0576869398106453,0.1223082508371568,0.648865423388565,0.12747394055230626,0,ok,0.09660641692983522,0.8577186524920847,FLAT,0.0,-1,0.003224739971594971,0.008187448776482538,0.0486391355895015,SUPPORT,0.4301876124553946,0.019244508002992537,0.03641635716372445,-2.500000000000002,0.0007983551025391167,0.5830135378146779,0,staged_v3,0.14797923929380202,2,1.1052715319966502,0.14997634485529504,2,1,0,0
v3_right_hand_proxy:v3_left_hand_proxy,354,0.10293918540293615,0.04032897949217684,0.31243657468272806,0.01681687672488302,0.6039200861813803,FLAT,0.0,-1,0.013272131200415073,0.002437815761238385,0.10140905548043583,SUPPORT,0.35331059174961094,0.027632637012783408,0.04774323306275179,0.05889290686416104,0.31243657468272806,0.12747418118889972,0,ok,0.0797156976807004,0.8595244655812841,FLAT,0.0,-1,0.0033778639280481965,0.009806999582599077,0.06423450910308161,UNLOADING,0.3687322392474811,0.018404725872555004,0.038528786584443746,-2.500000000000002,-0.0002016448974608842,0.582811892917217,1,staged_v3,0.15217065545396188,2,1.1104865081604665,0.15217065545396188,2,1,0,0
v3_right_hand_proxy:v3_left_hand_proxy,355,1.0337699435855792e-05,0.000176022201769932,6.767501439528124e-05,0.01680220467818092,0.601918436323994,FLAT,0.0,-1,0.013814294498456997,0.002437465222194392,0.07661159228986811,SUPPORT,0.38191970090462507,0.026393114392299015,0.047743111496673374,1.2756439683347942e-05,6.767501439528124e-05,0.1274741811834028,0,ok,0.07970128378636519,0.8636261298190436,FLAT,0.0,-1,0.004130669863941633,0.009805695862246562,0.07545186208479282,UNLOADING,0.32503569125378895,0.018966897241993082,0.038527204238034504,0.5019119661300864,-8.8011100884966e-07,0.5828110128062082,1,staged_v3,0.15378325920571753,2,1.113056753149798,0.15378325920571753,2,1,0,0
v3_right_hand_proxy:v3_left_hand_proxy,356,2.7676208179587303e-06,2.443554958375671e-05,1.6448595761617213e-05,0.016799745896860924,0.5971160918427978,FLAT,0.0,-1,0.014674101823397158,0.0024374389770238864,0.05887970339058678,SUPPORT,0.4059258710302286,0.025506546192505454,0.04774310667607966,3.1004872563938912e-06,1.6448595761617213e-05,0.12747418118340154,0,ok,0.07969888561260025,0.8702357752296523,FLAT,0.0,-1,0.0025568252832645104,0.009805515628762394,0.08357730794995359,UNLOADING,0.2875789569763811,0.01937334976873529,0.038526966252544315,0.001894833152327191,-1.2217774791878355e-07,0.5828108906284603,1,staged_v3,0.1539726535794282,2,1.114978076332459,0.1539726535794282,2,1,0,0
v3_torso_proxy:v3_right_forearm_proxy,357,0.95904541015625,0.19997556445041642,0.9590453255914106,0.17950157424080254,0.5938353560364702,FLAT,0.0,-1,0.017173414478196012,0.053927074131708566,0.045752328897304344,SUPPORT,0.42597519373427933,0.0,0.0635248686625524,0.18077578496025642,0.9590453255914106,0.12033029603426768,0,ok,0.10677825446975063,0.8641929569715295,FLAT,0.0,-1,0.006916435481879715,0.03532835796573568,0.089234252292615,SUPPORT,0.32006316558110487,0.025891074493609008,0.003570638121021743,2.500000000000002,0.000999877822252082,0.5838107684507123,1,staged_v3,0.16244807433946568,2,1.1049362049273574,0.16022171645949376,2,1,1,1
v3_torso_proxy:v3_right_forearm_proxy,358,0.0720214843750003,0.3999755644504166,0.07202148437500008,0.17831577904379603,0.5963284789054577,FLAT,0.0,-1,0.012074509908399214,0.061860734270994394,0.06384777722429019,UNLOADING,0.3651215946293823,0.0,0.06765192759929835,0.013575729972787942,0.07202148437500008,0.1206802046008641,0,ok,0.07739190544650146,0.8687082292916272,FLAT,0.0,-1,0.002678190787076017,0.03271250710814078,0.09311271346089328,UNLOADING,0.2743398562123756,0.026635113427505054,0.0030205222455396115,2.500000000000002,0.001999877822252083,0.5858106462729644,1,staged_v3,0.30562974038054724,2,1.072169175989771,0.30440627077721266,2,1,1,1
v3_torso_proxy:v3_right_forearm_proxy,359,0.08502197265625033,0.5999755644504168,0.08502197265625021,0.18901295074092536,0.6032790622096962,FLAT,0.0,-1,0.0058860450828884464,0.06839770292617299,0.048128433365520744,UNLOADING,0.31296161250971216,0.0,0.07451733043389021,0.016026264281435276,0.08502197265625021,0.12088960602623358,0,ok,0.07478482622814905,0.869699813113963,FLAT,0.0,-1,0.0056650686355860375,0.031020618769705258,0.06740012172798705,UNLOADING,0.24570404395223466,0.02604082183950518,0.0023291842468941776,2.500000000000002,0.002999877822252084,0.5888105240952165,1,staged_v3,0.18692166293124174,2,1.0868219850014946,0.15849131579817252,2,0,1,1
v3_torso_proxy:v3_right_forearm_proxy,360,0.896035667389917,0.3999755644504166,0.8299292434799441,0.018690036951792142,0.6144016411892654,FLAT,0.0,-1,0.0020155674217813896,0.013304580596719063,0.03723442284227071,UNLOADING,0.2682528632821028,0.013557140545394475,0.05345349574190307,0.15643797685895564,0.8299292434799441,0.1105914307544903,0,ok,0.05549265188541502,0.8728576305703831,FLAT,0.0,-1,0.002652615565853182,0.01722591118543033,0.04903667846755446,UNLOADING,0.2232638082847203,0.010225922737947393,0.04012489180011834,-2.500000000000002,0.001999877822252083,0.5908104019174686,0,staged_v3,0.15047343486021889,2,1.101672422826225,0.15142505628988293,2,1,0,0
v3_torso_proxy:v3_right_forearm_proxy,361,0.11679999692912238,0.19997556445041642,0.35406432150309813,0.006944476765599383,0.6237678852371326,FLAT,0.0,-1,0.0010419796589379027,0.004404047023792876,0.029506709401037775,SUPPORT,0.31988641327379774,0.022071288446259014,0.05082835599572547,0.06673955227994327,0.35406432150309813,0.11058394332491434,0,ok,0.06275391547125429,0.8753738950836523,FLAT,0.0,-1,0.003145465293784549,0.007517013974752476,0.035944501506081514,SUPPORT,0.26861104662777624,0.0192802111005516,0.03798639066890589,-2.500000000000002,0.000999877822252082,0.5918102797397207,0,staged_v3,0.15326264216659882,2,1.1082149234685907,0.15326264216659882,2,1,0,0
v3_torso_proxy:v3_right_forearm_proxy,362,0.11666657844469026,2.443554958375671e-05,0.1718572374066422,0.007571797113940359,0.6281089592116349,FLAT,0.0,-1,0.0027597706723529593,0.007522415016333325,0.05250724702231878,SUPPORT,0.3726608294277677,0.020102947334782618,0.05257297558910543,0.03239432607017665,0.1718572374066422,0.1105841328176449,0,ok,0.06327354843988395,0.87709265694126,FLAT,0.0,-1,0.004177864485759876,0.003346970242890477,0.05494000059040945,SUPPORT,0.304888837302221,0.024400029786629997,0.03426964609685623,-2.500000000000002,-1.2217774791878355e-07,0.5918101575619727,0,staged_v3,0.15561003900974815,2,1.1107967199963813,0.15561003900974815,2,1,0,0
v3_torso_proxy:v3_right_forearm_proxy,363,1.0000000000000002,0.19997556445041642,0.791593009392548,0.1000380290883772,0.6339734515889801,FLAT,0.0,-1,0.001299205283254276,0.031785798644545865,0.06908765474675874,SUPPORT,0.413487335894099,0.0013712704891009272,0.02708311224823701,0.1492117669764399,0.791593009392548,0.10034055031889377,0,ok,0.04590450839622182,0.874652146015687,FLAT,0.0,-1,0.004233079294601577,0.03950353508243211,0.06856757282940552,SUPPORT,0.3339110698417768,0.0,0.0363362910615344,2.500000000000002,0.000999877822252082,0.5928100353842248,0,staged_v3,0.16028784449694503,2,1.1051353044374,0.16110202686289163,2,1,1,1
v3_torso_proxy:v3_right_forearm_proxy,364,0.9360591196801826,2.443554958375671e-05,0.4311974981839757,0.010511815936509628,0.6372604196826582,FLAT,0.0,-1,0.0032002761670185294,0.01992637184811651,0.08103707476502878,UNLOADING,0.3544177164806563,0.009125481890134932,0.06138190627060938,0.08127881355246458,0.4311974981839757,0.0955052324405858,0,ok,0.05847660295884592,0.8697401340996103,FLAT,0.0,-1,0.0044309116366975316,0.006737831178002758,0.07824539427316651,SUPPORT,0.35712885587342147,0.02217443853565557,0.03592577679297568,-2.500000000000002,-1.2217774791878355e-07,0.5928099132064769,0,staged_v3,0.15171252064632082,2,1.1039773417104757,0.15290529583030465,2,1,0,0
v3_torso_proxy:v3_right_forearm_proxy,365,0.06734566236191021,0.20002443554958393,0.11832107338711112,0.008117464010137371,0.6426106201246129,FLAT,0.0,-1,0.0008326067479240391,0.018260558683000527,0.08945535472824506,UNLOADING,0.3954995182080695,0.011212209053411727,0.061811538746549974,0.022302996895068428,0.11832107338711112,0.0955019734498315,0,ok,0.06300829069130237,0.8671555226392682,FLAT,0.0,-1,0.004811445822477669,0.003524380881400728,0.05703627636308636,SUPPORT,0.3757030846987372,0.02432743293675359,0.034842099163506834,-2.500000000000002,-0.0010001221777479197,0.591809791028729,0,staged_v3,0.15664417874243797,2,1.1053382041440627,0.15664417874243797,2,1,0,0
v3_torso_proxy:v3_right_forearm_proxy,366,0.019540172163074077,0.4000244355495841,0.08141333968802371,0.008090462380916522,0.6446008710123305,FLAT,0.0,-1,0.0023178690248595595,0.015595682663576284,0.09547626535712996,UNLOADING,0.4299775645898277,0.014178130604280217,0.05916531269535961,0.015346052992086339,0.08141333968802371,0.09550206073520728,0,ok,0.0624359081355728,0.8679033431418759,FLAT,0.0,-1,0.004493254953718622,0.0030551678077450324,0.04185541156586569,SUPPORT,0.3905624677589898,0.024037602770548255,0.034192212179067184,-2.500000000000002,-0.0020001221777479206,0.5898096688509811,0,staged_v3,0.15752329745937443,2,1.1046801220901035,0.15752329745937443,2,1,0,0
v3_torso_proxy:v3_right_forearm_proxy,367,1.0000000000000002,0.20002443554958393,0.24999997606025887,0.09010422737188759,0.6410645058863547,FLAT,0.0,-1,0.005549552790393278,0.009970377694763975,0.09965186416178709,SUPPORT,0.456435142825055,0.020012215513325382,0.014565427399329587,0.04712388529131201,0.24999997606025887,0.08526141010742457,0,ok,0.03816012781817588,0.8697611325788663,FLAT,0.0,-1,0.004134381975691401,0.02580884914546874,0.030863623716297063,SUPPORT,0.4024499742071918,0.003988796555972483,0.022554384629842373,2.500000000000002,-0.0010001221777479197,0.5888095466732332,0,staged_v3,0.15799599602784437,2,1.0933496757054044,0.15944364642770137,2,1,1,1
v3_torso_proxy:v3_right_forearm_proxy,368,0.9999999999999999,0.4000244355495841,0.9999841785729066,0.06590405857784658,0.6399690758149741,FLAT,0.0,-1,0.004893255039121496,0.05125517051870529,0.1026234794889597,UNLOADING,0.3912301224214757,0.0,0.07716527632960218,0.18849257694664004,0.9999841785729066,0.0458469976608749,0,ok,0.0897769495379411,0.8726055905759149,FLAT,0.0,-1,0.003547667028872288,0.02962398299368981,0.05134950215557174,SUPPORT,0.414427067765102,0.0,0.0520511082635059,-2.500000000000002,-0.0020001221777479206,0.5868094244954852,0,staged_v3,0.1606348317795246,2,1.0534193282014355,0.1589611847211848,2,0,0,0
v3_torso_proxy:v3_right_forearm_proxy,369,0.2608260139424402,0.6000244355495843,0.8368776526436993,0.010846138615242917,0.6399195530955551,FLAT,0.0,-1,0.004565724955333233,0.01164801354822527,0.10474501438644762,UNLOADING,0.3497432651946566,0.018589237171097114,0.053846585373682226,0.157747721129935,0.8368776526436993,0.04502276896871511,0,ok,0.06280727049512114,0.8752432883631643,FLAT,0.0,-1,0.0033384282748567503,0.006500359497063398,0.03763811123662861,SUPPORT,0.4215416542120816,0.020381546064768035,0.03684327800877989,-2.500000000000002,-0.0030001221777479214,0.5838093023177373,0,staged_v3,0.2256959953455677,2,1.0620963869319138,0.22715618893850198,2,1,0,0
v3_torso_proxy:v3_right_forearm_proxy,370,0.13244628906249986,0.4000244355495841,0.13244628906250006,0.02521461743601198,0.6388264491086242,FLAT,0.0,-1,0.0027567246517181615,0.003094194011457705,0.10622636590741472,UNLOADING,0.38873890499175145,0.027217124283913034,0.04677265546581927,0.02496553732283882,0.13244628906250006,0.04502281529124709,0,ok,0.04945314798736438,0.873754551833995,FLAT,0.0,-1,0.002892114159729683,0.012402357420836015,0.027741282504571047,SUPPORT,0.4272333233696653,0.01398470670439254,0.03794819518092965,2.500000000000002,-0.0020001221777479206,0.5818091801399894,1,staged_v3,0.2613302927430295,2,1.0628018906514505,0.2613302927430295,2,1,1,1
v3_torso_proxy:v3_right_forearm_proxy,371,0.6872558593750004,0.1374679653496358,0.6267096649420505,0.11821027242519515,0.6379882591409203,FLAT,0.0,-1,0.0022364286964246995,0.03521960736369068,0.1073677452639841,SUPPORT,0.40099112399340114,0.0,0.06379294203071344,0.11813198875894,0.6267096649420505,0.04382003232042275,0,ok,0.04664173108255841,0.8735501834531773,FLAT,0.0,-1,0.0031268396762689672,0.01740661195737041,0.020739642885096214,SUPPORT,0.43178665869573224,0.023117689969987,0.0029192921742678133,3.281955877499354,-0.000687339826748179,0.5811218403132412,1,staged_v3,0.16511537901277565,2,1.0573972338504585,0.1647645998538691,2,1,1,1
v3_torso_proxy:v3_right_forearm_proxy,372,0.6972108421066798,0.33746796534963597,1.0,0.042914317191650474,0.6392034144307407,FLAT,0.0,1,0.003386713793439865,0.05999340453808608,0.10837665529917997,UNLOADING,0.34370667770862956,0.0,0.07462939252016954,0.1884955592153876,1.0,0.058187706912125284,0,ok,0.11263149185436243,0.8725921826288505,FLAT,0.0,-1,0.005449613036494106,0.019175247162904113,0.04427053475588292,SUPPORT,0.4354293269565858,0.008038279574890034,0.03556960300766264,-2.500000000000002,-0.0016873398267481798,0.579434500486493,0,staged_v3,0.21032547199481177,2,1.0383222918006154,0.2064658629514791,2,0,0,0
v3_torso_proxy:v3_right_forearm_proxy,373,1.0000000000000002,0.1374679653496358,1.0,0.20596341428357656,0.6382900443640562,FLAT,0.0,1,0.0014643720398016887,0.12582157412711387,0.10893105450969898,UNLOADING,0.3335018134361474,0.0,0.17238234519528667,0.1884955592153876,1.0,0.054288540347249226,0,ok,0.11581230415548568,0.8761921623863502,FLAT,0.0,-1,0.0012840842223268531,0.004592110314108847,0.03297657221417521,SUPPORT,0.43834346156526866,0.024672727317470392,0.0019761012932383694,2.500000000000002,-0.000687339826748179,0.5787471606597449,0,staged_v3,0.4132666158852135,2,1.039378135062137,0.4137480180540972,2,0,1,1
v3_torso_proxy:v3_right_forearm_proxy,374,0.9999999999999999,0.06253203465036439,1.0000000000000002,0.06209661611435971,0.6354035817249819,FLAT,0.0,-1,0.0031500664545736196,0.016017557624642825,0.10917728275464382,UNLOADING,0.28585869723098345,0.014441306513089367,0.05827657400306279,0.18849555921538763,1.0000000000000002,0.06077402032065793,0,ok,0.054468586943221216,0.8761175687950011,FLAT,0.0,-1,0.0032064589452878724,0.014395246457525053,0.026201846280185476,SUPPORT,0.44067476925221494,0.011914845856484224,0.018928174231985513,2.500000000000002,0.00031266017325182194,0.5790598208329967,0,staged_v3,0.4308920305208634,2,1.0291045017280362,0.41466969697705414,2,0,0,0
v3_torso_proxy:v3_right_forearm_proxy,375,0.263901134374591,0.26253203465036457,0.2667236328125,0.030980021648665278,0.6327801024266678,FLAT,0.0,-1,0.00525177268135184,0.02946273647380636,0.10907571721211927,SUPPORT,0.3186869577847868,0.000991049386799607,0.060837687380179944,0.05027622032295189,0.2667236328125,0.060988455184223286,0,ok,0.05070606795745004,0.8748499315628752,FLAT,0.0,-1,0.004867398905059321,0.0008682294136697606,0.023201516147512945,SUPPORT,0.44253981540177195,0.02529184639370589,0.0070618056275560045,2.500000000000002,0.0013126601732518228,0.5803724810062485,1,staged_v3,0.2752889091419728,2,1.0154180452722152,0.2765080598014621,2,1,1,1
v3_torso_proxy:v3_right_forearm_proxy,376,1.0,0.46253203465036474,1.0,0.17723566102970575,0.6334916179732188,FLAT,0.0,1,0.0036163975188168848,0.07661820557585536,0.10880405022018547,SUPPORT,0.3449495662278294,0.0,0.10911875105062888,0.1884955592153876,1.0,0.0675175539589854,0,ok,0.19484478032996505,0.8750041597057738,FLAT,0.0,-1,0.004453990132432138,0.0379331451789096,0.04935711819192244,SUPPORT,0.44403185232141756,0.0,0.07143140923132527,2.500000000000002,0.0023126601732518237,0.5826851411795003,0,staged_v3,0.179507381829269,2,1.01033945701489,0.17974260740378528,2,0,1,1
v3_torso_proxy:v3_right_forearm_proxy,377,0.9665750638944106,0.26253203465036457,0.9775456649239848,0.030766365582911057,0.637412110387348,FLAT,0.0,1,0.0005068685799381875,0.016970906667677255,0.10949184810307662,UNLOADING,0.2956710567667109,0.013503685737476578,0.056060824172139416,0.1842630167684244,0.9775456649239848,0.06752072863044532,0,ok,0.09657181866353916,0.872025240955344,FLAT,0.0,-1,0.003708467773547988,0.009466527589106138,0.06802540067478438,UNLOADING,0.38059873056121507,0.01893474244463308,0.03659495682110443,-2.500000000000002,0.0013126601732518228,0.5839978013527521,0,staged_v3,0.2721181035196733,2,1.0244752129204147,0.2721181035196733,2,1,0,0
v3_torso_proxy:v3_right_forearm_proxy,378,0.44688758014200636,0.06253203465036439,1.0000000000000002,0.004366572695391531,0.6386437321717584,FLAT,0.0,1,0.0005062483692366468,0.004913882894649419,0.08149230722611982,UNLOADING,0.31687752978643835,0.024160732466656575,0.04875577676123362,0.18849555921538763,1.0000000000000002,0.0829574150136691,0,ok,0.06258634448532176,0.8753243297686342,FLAT,0.0,-1,0.0024687568655307533,0.0066153725084532565,0.053001928779226166,UNLOADING,0.32906741402180495,0.021034723930508054,0.03669685600975938,-2.500000000000002,0.00031266017325182194,0.584310461526004,0,staged_v3,0.23863864259786866,2,1.057028710776634,0.2326456854510771,2,0,0,0
v3_torso_proxy:v3_right_forearm_proxy,379,0.2206710272733184,0.1374679653496358,0.5003917337765391,0.007384298315835478,0.6378499885070293,FLAT,0.0,1,0.0018564766011414636,0.00482468982647941,0.061238135811990266,UNLOADING,0.37234997976735434,0.023237216964120105,0.04942616087563381,0.09432161968496611,0.5003917337765391,0.08990521998762793,0,ok,0.05976640156398641,0.8783210875193085,FLAT,0.0,-1,0.003305081613725284,0.005417759768135533,0.042190797797929246,UNLOADING,0.307140403827114,0.021691780121760932,0.036281112659364664,-2.500000000000002,-0.000687339826748179,0.5836231216992558,0,staged_v3,0.18000411028291247,2,1.0617503066507428,0.17633082012765275,2,1,0,0
v3_torso_proxy:v3_right_forearm_proxy,380,0.8578569063740481,0.1374679653496358,0.9999930639219176,0.07099659396024822,0.6368149517191615,FLAT,0.0,1,0.004141204984345742,0.056388189449901045,0.046473946646866444,SUPPORT,0.4167037603661581,0.0,0.0798880620065234,0.1884942517954707,0.9999930639219176,0.09526721581884671,0,ok,0.08983318564857136,0.876627976487225,FLAT,0.0,-1,0.0029936775545411393,0.02114299874796096,0.03423338901285235,SUPPORT,0.3357123230616912,0.005568670702681657,0.02814852001146042,0.0,-0.000687339826748179,0.5829357818725076,0,staged_v3,0.17344046308075048,2,1.0612662526584409,0.17385085969645225,2,1,0,0
v3_torso_proxy:v3_right_forearm_proxy,381,1.0000000000000002,0.06253203465036439,0.9790843769671378,0.05344256596192615,0.635357136537219,FLAT,0.0,1,0.004184308941507115,0.005557414953004711,0.06405880005585245,SUPPORT,0.42336300829292645,0.022645525049787913,0.02989036823253611,0.18455305715547,0.9790843769671378,0.09917362579751943,0,Stage B: NoSolutionFound: QP solver proxqp failed to find a solution.,0.10618082269023918,0.866045749812477,FLAT,0.0,-1,0.01328996757091928,0.04268350106990469,0.056665210110703135,UNLOADING,0.2877534197671639,0.0,0.07406297738246105,2.500000000000002,0.00031266017325182194,0.5832484420457594,0,staged_v3,0.2693698226920555,2,1.0536522972172362,0.2522053353885983,2,0,1,1
v3_torso_proxy:v3_right_forearm_proxy,382,0.9999999999999999,0.26253203465036457,1.0,0.22891828916421972,0.6347066851895197,FLAT,0.0,1,0.003660140384618765,0.0571291629120883,0.04813749278866689,SUPPORT,0.42869040663434116,0.0,0.13014295072652068,0.1884955592153876,1.0,0.09466173952218006,0,ok,0.2451494949276729,0.82191583821363,FLAT,0.0,-1,0.026270889002055705,0.034822135839999074,0.07095020052990483,UNLOADING,0.24664578837185477,0.0,0.060553078459766624,2.500000000000002,0.0013126601732518228,0.5845611022190113,0,staged_v3,0.2618524802021673,2,1.062890060594363,0.26324373319362754,2,1,1,1
v3_torso_proxy:v3_right_forearm_proxy,383,1.0,0.46253203465036474,1.0,0.07127996021924574,0.6366776565551819,FLAT,0.0,1,0.002342555279438839,0.020183065715609655,0.036615889298422924,SUPPORT,0.4329523253074729,0.006647728749311493,0.022208176457088575,0.1884955592153876,1.0,0.10141813384113513,0,ok,0.15449489389734433,0.8239925609971713,FLAT,0.0,-1,0.013474362640644215,0.0759136037445722,0.08096477636156842,UNLOADING,0.2114106757473041,0.0,0.09621867807514423,2.500000000000002,0.0023126601732518237,0.5868737623922631,0,staged_v3,0.3522482272084766,2,1.1116585044027312,0.35261848089419956,2,1,1,1
v3_torso_proxy:v3_right_forearm_proxy,384,0.5648982967129292,0.26253203465036457,0.9755158467948383,0.07421751412127683,0.6298725754634653,FLAT,0.0,1,0.011381234477278804,0.013115078272948926,0.028129041537767827,SUPPORT,0.43636186024597834,0.013291373803939466,0.05148808449589268,0.18388040506506542,0.9755158467948383,0.10476181796411099,0,ok,0.10696355485641972,0.8381101272197747,FLAT,0.0,-1,0.001174485079976373,0.0065699516873798,0.08836712030471616,UNLOADING,0.18120915064054638,0.02284840432785601,0.03542058183811511,-2.500000000000002,0.0013126601732518228,0.5881864225655149,0,staged_v3,0.3983253905306712,2,1.1060035063013114,0.399599866767581,2,1,0,0
v3_torso_proxy:v3_right_forearm_proxy,385,0.3504028320312499,0.46253203465036474,0.11502410747767271,0.06640216650864747,0.6210671857138168,FLAT,0.0,1,0.00972303857636761,0.001706983657054702,0.021472942598359322,SUPPORT,0.4390894881967827,0.024366663472863266,0.03493998774526058,0.021681533462254765,0.11502410747767271,0.10518035390510355,0,ok,0.10581936493858403,0.8425638603072435,FLAT,0.0,-1,0.003628687147114748,0.023344122035529786,0.09344727328662678,UNLOADING,0.15532212912046833,0.006328241628801554,0.04663748428579219,2.500000000000002,0.0023126601732518237,0.5904990827387667,1,staged_v3,0.2325767396638235,2,1.148200931889173,0.23400172260745905,2,1,1,1
v3_torso_proxy:v3_right_forearm_proxy,386,0.2510231086665391,0.26253203465036457,0.2811399380897697,0.05868108276632279,0.6194058971765305,FLAT,0.0,1,0.006344232203570311,0.01410127162378115,0.016584032644049704,SUPPORT,0.44127159055742615,0.011727930008421338,0.05841541511746043,0.05299362984801059,0.2811399380897697,0.10518045196495243,0,ok,0.10348562745036885,0.8549157046595935,FLAT,0.0,-1,0.0031073634569322136,0.014176640565310587,0.09703690196786746,UNLOADING,0.13313325353183,0.015675204533082788,0.044329949333525985,-2.500000000000002,0.0013126601732518228,0.5918117429120185,0,staged_v3,0.16331576408811901,2,1.2011334220556524,0.16331576408811901,2,1,0,0
v3_torso_proxy:v3_right_forearm_proxy,387,0.10005694284118952,0.06253203465036439,0.15239908204841085,0.027033976458339538,0.6246342733890755,FLAT,0.0,1,0.001936333369219119,0.006502120884266813,0.013090967669209697,SUPPORT,0.4430172724459409,0.019152427499193672,0.05402411976790216,0.028726550194626943,0.15239908204841085,0.10518044709954508,0,ok,0.0782213466325266,0.851572196024552,FLAT,0.0,-1,0.011568608012411642,0.018054061081042246,0.09923001937745564,UNLOADING,0.11411421731299715,0.011907439887830537,0.0482340883955677,-2.500000000000002,0.00031266017325182194,0.5921244030852704,0,staged_v3,0.1619369961922477,2,1.2553927818881796,0.1619369961922477,2,1,0,0
v3_torso_proxy:v3_right_forearm_proxy,388,0.05480858226920451,0.1374679653496358,0.27345548118383545,0.007458398160194256,0.6256842982701667,FLAT,0.0,1,0.002800761604549023,0.005031237056315201,0.011170982698938537,SUPPORT,0.4467872879005872,0.02052731207863173,0.053080299133252094,0.051545143846259966,0.27345548118383545,0.10518044709506288,0,ok,0.06035025860093677,0.8617595030338188,FLAT,0.0,-1,0.0023086496645645517,0.007171605248753432,0.10077654613880459,SUPPORT,0.18129137385039773,0.0228672220581868,0.039537751463850766,-2.500000000000002,-0.000687339826748179,0.5914370632585222,0,staged_v3,0.16070003257982649,2,1.2589444191576493,0.16070003257982649,2,1,0,0
v3_torso_proxy:v3_right_forearm_proxy,389,1.0,0.06253203465036439,0.654764205505364,0.07793052540043419,0.6240115159470208,FLAT,0.0,1,0.003968928078994943,0.01320263881489837,0.038125707048878674,SUPPORT,0.4748323441989657,0.013703646537545563,0.0195998936085787,0.12342014507095256,0.654764205505364,0.1075023058259903,0,ok,0.05744459861025171,0.8613357391863342,FLAT,0.0,-1,0.008660181174793238,0.04592022068518893,0.1018019051066005,SUPPORT,0.2350330990803182,0.0,0.05242794758853381,2.500000000000002,0.00031266017325182194,0.591749723431774,0,staged_v3,0.1632546238283712,2,1.2170523880236799,0.155581463791105,2,1,1,1
v3_torso_proxy:v3_right_forearm_proxy,390,0.8757350363783306,0.1374679653496358,0.4164674824639858,0.007323491750350346,0.6256168103759027,FLAT,0.0,1,0.002453055444538547,0.009418850270088704,0.05743961101349651,SUPPORT,0.47128486645625633,0.018453130280586122,0.0564136707588592,0.07850227100207363,0.4164674824639858,0.11338978378418108,0,ok,0.060736802186339124,0.866403348855042,FLAT,0.0,-1,0.003070899811386731,0.006637801304682928,0.10259337457129199,SUPPORT,0.27802647926425456,0.023491867423881676,0.03715496145401975,-2.500000000000002,-0.000687339826748179,0.5910623836050258,0,staged_v3,0.15543435204704822,2,1.1992584673593523,0.1573374799768279,2,1,0,0
v3_torso_proxy:v3_right_forearm_proxy,391,0.05806491957929267,0.33746796534963597,0.1409221590268362,0.007406275607926988,0.6278984754437356,FLAT,0.0,1,0.0026740443839439023,0.003825949754951684,0.07127862793356043,SUPPORT,0.4911810077373274,0.02473798164172634,0.052805701634476274,0.026563201171603268,0.1409221590268362,0.11339395444125475,0,ok,0.062200352642759964,0.870810263204115,FLAT,0.0,-1,0.00414359583779125,0.0028401126128594087,0.1030343146574997,SUPPORT,0.3124211834114036,0.027311603120015578,0.0342724918996323,-2.500000000000002,-0.0016873398267481798,0.5893750437782777,0,staged_v3,0.16137368046884756,2,1.1619363587859008,0.16137368046884756,2,1,0,0
v3_torso_proxy:v3_right_forearm_proxy,392,0.9999999999999999,0.1374679653496358,0.4999998324016577,0.08616374553893694,0.6226798291270563,FLAT,0.0,1,0.00770251962794971,0.008372384830828541,0.08119471686434668,SUPPORT,0.5048858491797538,0.020687351012388795,0.010657756397166058,0.09424774801615055,0.4999998324016577,0.12004276940765854,0,ok,0.05633605363232519,0.8786940785152557,FLAT,0.0,-1,0.0014055694430253258,0.0418675837088769,0.10332144051458005,SUPPORT,0.3399369467291229,0.0,0.04043418615031466,2.500000000000002,-0.000687339826748179,0.5886877039515295,0,staged_v3,0.1630636209840429,2,1.1554819529007356,0.1614330242943103,2,1,1,1
v3_torso_proxy:v3_right_forearm_proxy,393,0.9809593201199501,0.33746796534963597,0.32559791524477233,0.009102387312892386,0.6227466383287011,FLAT,0.0,1,0.00545936229120227,0.01163645700814311,0.0882999050616892,UNLOADING,0.4327592992969318,0.017778538244941352,0.05654326870554885,0.06137376111342774,0.32559791524477233,0.12581293168054122,0,ok,0.05697829719961551,0.8830085393758214,FLAT,0.0,-1,0.0026683207478402442,0.005809388709965357,0.10391344956560264,SUPPORT,0.3619495573832983,0.024386283768314778,0.03425347631855165,-2.500000000000002,-0.0016873398267481798,0.5870003641247813,0,staged_v3,0.15803482107919958,2,1.129202962056398,0.158961776950381,2,1,0,0
v3_torso_proxy:v3_right_forearm_proxy,394,0.4835878257902014,0.5374679653496361,0.9588012184437874,0.02749553739990435,0.6242072354039458,FLAT,0.0,1,0.004386041004020153,0.035747816545267916,0.09339099487260444,UNLOADING,0.4557002750843167,0.0,0.07222531122419694,0.1807297718469567,0.9588012184437874,0.11062670082788417,0,ok,0.0869238467850994,0.8778227372126748,FLAT,0.0,-1,0.007101823283032376,0.02482706111053599,0.07639293706633735,SUPPORT,0.37955964590663865,0.003992585742780878,0.04548923531181551,-2.500000000000002,-0.0026873398267481807,0.5843130242980331,0,staged_v3,0.17891704046589083,2,1.0641545463141355,0.17663042044255467,2,0,0,0
v3_torso_proxy:v3_right_forearm_proxy,395,0.432611203760228,0.7374679653496363,0.6838464065566184,0.008444028641400614,0.6173295044270019,FLAT,0.0,1,0.012519754729750875,0.004138197002581536,0.09689400902441092,UNLOADING,0.449461050744491,0.025706503448639013,0.051917321442925324,0.1289020108213231,0.6838464065566184,0.11061554216569389,0,ok,0.061249796521131786,0.8741849857814997,FLAT,0.0,-1,0.007352410754195808,0.002385837598427307,0.05693863248328563,SUPPORT,0.3936477167253109,0.025461094025736975,0.03192515368790296,-2.500000000000002,-0.0036873398267481816,0.5806256844712849,0,staged_v3,0.21293621358215356,2,1.0401577114275316,0.21293621358215356,2,1,0,0
v3_torso_proxy:v3_right_forearm_proxy,396,1.0000000000000002,0.9374679653496365,1.0000000000000002,0.005180026390501907,0.6137950538950744,FLAT,0.0,1,0.011116899798295532,0.044886829747722186,0.09940402834556335,SUPPORT,0.4670165150266122,0.0,0.06365900584565296,0.18849555921538763,1.0000000000000002,0.15664268746764878,0,ok,0.08484223239227913,0.8743436671941245,FLAT,0.0,-1,0.005842547603609572,0.026379041064761057,0.043711486766195067,SUPPORT,0.4049181733802487,0.0008065332735486992,0.027744488798468244,-2.500000000000002,-0.0046873398267481825,0.5759383446445367,0,staged_v3,0.2575224569878909,2,1.0638135686167203,0.2375922550190613,2,0,0,0
v3_torso_proxy:v3_right_forearm_proxy,397,0.3242797851562498,0.7374679653496363,0.30989446541322957,0.008400899134812739,0.6091433730670821,FLAT,0.0,1,0.011497341263552464,0.03498413192997575,0.10082203808370657,SUPPORT,0.4819893974521768,0.0,0.060382552899181166,0.058413730555820303,0.30989446541322957,0.15665094371482607,0,ok,0.0859190595155962,0.8710194336660251,FLAT,0.0,-1,0.008094432289299899,0.0005358552133147053,0.06405732935124704,UNLOADING,0.34707272004021317,0.02766701125424765,0.005609725793707978,2.500000000000002,-0.0036873398267481816,0.5722510048177886,1,staged_v3,0.34317923285693785,2,1.0323458997683623,0.34317923285693785,2,1,1,1
v3_torso_proxy:v3_right_forearm_proxy,398,0.014865790655364959,0.5374679653496361,0.9858163710494664,0.07559787157912914,0.6116521713079858,FLAT,0.0,1,0.005568567049445159,0.015610587792559142,0.07349121751716367,SUPPORT,0.49577688080851195,0.013063973083299044,0.08104721435863167,0.18582200814465322,0.9858163710494664,0.1658813319675151,0,ok,0.16668897926041704,0.8688321888620018,FLAT,0.0,1,0.007326001573955838,0.015328042688679277,0.07910284477066776,UNLOADING,0.2974909028916113,0.013627099549854114,0.04853882791248722,2.500000000000002,-0.0026873398267481807,0.5695636649910404,0,staged_v3,0.20113904129871743,2,1.0071471454107388,0.1840606332614016,2,1,0,0
v3_torso_proxy:v3_right_forearm_proxy,399,0.10227602911442235,0.33746796534963597,1.0,0.14078499030225644,0.6133023994808686,FLAT,0.0,1,0.004905126364481409,0.012829148083507682,0.05390782883756161,SUPPORT,0.48923732640729595,0.0148662433583704,0.1081660688107363,0.1884955592153876,1.0,0.14100427658292755,0,ok,0.16260380985099734,0.8686367517714944,FLAT,0.0,1,0.005723179362147041,0.058501993226449917,0.08991152957716964,UNLOADING,0.25499220247852394,0.0,0.05854275459898764,2.500000000000002,-0.0016873398267481798,0.5678763251642922,0,staged_v3,0.2617973207105012,2,0.967352389962851,0.24616142367935226,2,1,0,0
v3_torso_proxy:v3_right_forearm_proxy,400,1.0000000000000007,0.1374679653496358,1.0,0.08613423151181723,0.6121073113716028,FLAT,0.0,1,0.008612117417883173,0.021956551925889314,0.03994454943753925,SUPPORT,0.4836319940633965,0.005040675545987649,0.042739992687643454,0.1884955592153876,1.0,0.13672534805303646,0,ok,0.12041514608639896,0.8730523372717356,FLAT,0.0,1,0.0038734325415596634,0.011550338280949313,0.09761544968532859,UNLOADING,0.21856474498159195,0.01833043420331712,0.022242356295012925,2.500000000000002,-0.000687339826748179,0.567188985337544,0,staged_v3,0.36036510280310874,2,0.960209673407679,0.3593290107842694,2,1,1,1
v3_torso_proxy:v3_right_forearm_proxy,401,0.2564574883167223,0.06253203465036439,1.0000000000000002,0.1912636339408663,0.6122002375478128,FLAT,0.0,1,0.007877338140905573,0.06867259696091525,0.03001788444166827,SUPPORT,0.4788274234829113,0.0,0.09205281253030746,0.18849555921538763,1.0000000000000002,0.1428299913839137,0,ok,0.17714861557431702,0.8738915414081622,FLAT,0.0,1,0.006179291182597691,0.08881866306514358,0.10304547574582157,UNLOADING,0.18734120998422168,0.007741372298234073,0.022410901489057007,2.500000000000002,0.00031266017325182194,0.5675016455107958,0,staged_v3,0.409977091477618,2,1.0129959554738688,0.40808913937437186,2,1,0,0
v3_torso_proxy:v3_right_forearm_proxy,402,0.11767578125000011,0.26253203465036457,0.11767578125000001,0.20239851289288807,0.6138847698644865,FLAT,0.0,1,0.006531209020430324,0.0693239883160212,0.02293244797235835,SUPPORT,0.4747092201282097,0.0,0.09438624301089918,0.022181362192826376,0.11767578125000001,0.14265395273733752,0,ok,0.12229140914056628,0.871666380664596,FLAT,0.0,1,0.00782679537544607,0.06681304350017672,0.10681446886329446,UNLOADING,0.16057817998647572,0.022918927529436646,0.007421795913728078,2.500000000000002,0.0013126601732518228,0.5688143056840477,1,staged_v3,0.3569173577766697,2,1.0107647004879743,0.35877328344374193,2,1,1,1
v3_torso_proxy:v3_right_forearm_proxy,403,0.03570556640625018,0.46253203465036474,0.03570556640625028,0.21653966053188003,0.614765934244527,FLAT,0.0,1,0.007794008112115431,0.06908258070738492,0.017857551016152055,SUPPORT,0.4711793315384655,0.0,0.09597767379074526,0.006730340706848303,0.03570556640625028,0.14272886806195845,0,ok,0.08699459213206498,0.8644478142769403,FLAT,0.0,1,0.012151461974654202,0.06368774059371131,0.10955975920261447,UNLOADING,0.13763843998840777,0.023351494423438,0.007126493536692726,2.500000000000002,0.0023126601732518237,0.5711269658572995,1,staged_v3,0.1657176927090426,2,0.9895959496584634,0.16618173850833087,2,1,1,1
v3_torso_proxy:v3_right_forearm_proxy,404,0.029968261718750156,0.6625320346503649,0.029968200299197553,0.23742872283528363,0.6134212567272175,FLAT,0.0,1,0.00881275767601163,0.07296486393580408,0.014152076885379415,SUPPORT,0.46815371274725615,0.0,0.10041398871963214,0.005648872674075989,0.029968200299197553,0.14273158562592675,0,ok,0.05701831579701794,0.8420262785313897,FLAT,0.0,1,0.022452836574306904,0.061754628196012365,0.11174458020614883,UNLOADING,0.11797580570434953,0.023863631474575275,0.006723597535732168,2.500000000000002,0.0033126601732518246,0.5744396260305513,1,staged_v3,0.16771717032178068,2,1.041809852645032,0.16575061242271025,2,1,1,1
v3_torso_proxy:v3_right_forearm_proxy,405,0.8299810510011107,0.46253203465036474,0.9128959026680924,0.10184540717039245,0.615726132542578,FLAT,0.0,1,0.005906477354837983,0.010773660343380419,0.01155751085294774,SUPPORT,0.46556032521193386,0.01480421519926697,0.060673823263682675,0.17207682367885813,0.9128959026680924,0.14762535808872165,0,ok,0.12794182555212597,0.823427523718835,FLAT,0.0,1,0.025286266842604304,0.006439530552866107,0.11075441554563764,SUPPORT,0.18438064456347963,0.024098190224415776,0.031028756429945306,-2.500000000000002,0.0023126601732518237,0.5767522862038031,0,staged_v3,0.1696104842020833,2,0.9931033704582224,0.17132876814540027,2,1,0,0
v3_torso_proxy:v3_right_forearm_proxy,406,0.1607704940558065,0.26253203465036457,0.33472143472075255,0.06572780559944214,0.6181537663482434,FLAT,0.0,1,0.0056490510613685305,0.0030903940207688075,0.038090657858588714,UNLOADING,0.3990517073245147,0.02381413887216063,0.05415502741176142,0.0630935040190651,0.33472143472075255,0.147626563990556,0,ok,0.11357478492545942,0.8307119452241132,FLAT,0.0,1,0.009065122668450583,0.0030115216836863338,0.11014479343371872,UNLOADING,0.15804055248298254,0.027495717987999605,0.032016252688639175,-2.500000000000002,0.0013126601732518228,0.578064946377055,1,staged_v3,0.1660017398139508,2,0.9974023209805174,0.1660017398139508,2,1,0,0
v3_torso_proxy:v3_right_forearm_proxy,407,0.3427734374999997,0.46253203465036474,0.33242079540697156,0.09010493541300602,0.6166333902369019,FLAT,0.0,1,0.0059181788641584085,0.024402897486536318,0.028715848766575645,UNLOADING,0.35724242223163793,0.0020328949517924647,0.07267762042494726,0.06265984372506106,0.33242079540697156,0.14636738354408227,0,ok,0.10177216558406721,0.8402783436006508,FLAT,0.0,1,0.00783354735378669,0.001459834134120091,0.08146616223519626,UNLOADING,0.13609660843432447,0.027613473977639726,0.012556782280949232,2.500000000000002,0.0023126601732518237,0.5803776065503068,1,staged_v3,0.18231815464754209,2,1.001495135186549,0.18417995724592354,2,1,1,1
v3_torso_proxy:v3_right_forearm_proxy,408,0.07202148437500008,0.6625320346503649,0.05965488289715411,0.07503113667381164,0.6162761524019866,FLAT,0.0,1,0.007711143282611864,0.032702108659389745,0.022006600270572864,UNLOADING,0.30955448417789583,0.0,0.08045821637970513,0.011244680511627525,0.05965488289715411,0.1463673311139563,0,ok,0.07729700616812837,0.8466956013758096,FLAT,0.0,1,0.008363388991300336,0.0015607808290893652,0.06207466493790356,UNLOADING,0.11845519009566088,0.026542952417805816,0.013616581260037267,2.500000000000002,0.0033126601732518246,0.5836902667235586,1,staged_v3,0.16843239269902863,2,0.9939657459852609,0.16843239269902863,2,1,1,1
v3_torso_proxy:v3_right_forearm_proxy,409,0.5389665013278677,0.46253203465036474,0.41413740883806677,0.006844077291392606,0.6152386080897966,FLAT,0.0,1,0.008515852742843586,0.006639251979454412,0.017160172589892678,SUPPORT,0.33764358734231664,0.019218756650040223,0.05721711727058339,0.078063062470943,0.41413740883806677,0.14636735150162966,0,ok,0.0588097469372199,0.856709851298464,FLAT,0.0,1,0.004936268820385688,0.008863075094811733,0.04836746914638387,SUPPORT,0.1847641520765287,0.018555298362507463,0.03956024714558959,-2.500000000000002,0.0023126601732518237,0.5860029268968104,0,staged_v3,0.1599801758937319,2,1.0110596609024192,0.1599801758937319,2,1,0,0
v3_torso_proxy:v3_left_forearm_proxy,410,0.9999999999999999,0.6625320346503649,0.9999990211713765,0.09221265925412779,0.6179456895842607,FLAT,0.0,1,0.004869569960814684,0.031753066133469815,0.0427608327886786,SUPPORT,0.386223253603967,0.016362525307173702,0.010775516332260229,0.18849537471053884,0.9999990211713765,0.1461345679336664,0,ok,0.1310718349033727,0.8557103379271208,FLAT,0.0,1,0.009158459599688409,0.06882809132662636,0.06690657618796698,SUPPORT,0.23781132166122296,0.0,0.06349012028834242,2.500000000000002,0.0033126601732518246,0.5893155870700623,0,staged_v3,0.167502617114012,2,1.045661374841184,0.1672289649404541,2,1,1,1
v3_torso_proxy:v3_left_forearm_proxy,411,0.8883666992187499,0.8625320346503651,0.8883666992187502,0.17874274174929194,0.6202730375430537,FLAT,0.0,1,0.00439281831751679,0.058884554431608865,0.061195691079392045,UNLOADING,0.33104850308911454,0.0,0.07168266991585351,0.16745317775756635,0.8883666992187502,0.13915907459082014,0,ok,0.05731111829065458,0.8538312776088316,FLAT,0.0,1,0.008204491630193371,0.021604840990849097,0.08007525098874721,UNLOADING,0.20383827570961968,0.028176038277457585,0.0008277242719797783,2.500000000000002,0.0043126601732518255,0.5936282472433141,1,staged_v3,0.28154532073638233,2,1.1262597351087222,0.2824679350707293,2,1,1,1
v3_torso_proxy:v3_left_forearm_proxy,412,0.9966688093960367,0.6625320346503649,0.6236067130306464,0.03198477762736265,0.6190093381338531,FLAT,0.0,1,0.0075281579662926125,0.01938764672923429,0.04612544329640226,UNLOADING,0.2837560974671845,0.007918625435585826,0.06214941737486336,0.11754709610318144,0.6236067130306464,0.13402093495609174,0,ok,0.04069720445319058,0.8516015804486832,FLAT,0.0,1,0.007761328945849666,0.015635145970210443,0.0613526945023876,UNLOADING,0.20604223154035592,0.01243248875490894,0.03753011419234524,-2.500000000000002,0.0033126601732518246,0.5969409074165659,0,staged_v3,0.28183860512391035,2,1.1252253464729567,0.28322286052495504,2,1,0,0
v3_torso_proxy:v3_left_forearm_proxy,413,0.40578611208008974,0.46253203465036474,0.22483772953190823,0.007587632772030593,0.6187892098366153,FLAT,0.0,1,0.005500300140009317,0.018275292228758226,0.03552148833413039,UNLOADING,0.306281925068469,0.008500782187948294,0.06793740094461097,0.04238091356083511,0.22483772953190823,0.13401802278029548,0,ok,0.059866790517812726,0.8571229616821403,FLAT,0.0,1,0.0032341624578207276,0.025576119287555685,0.047814365337847574,UNLOADING,0.24898734531668806,0.0018145989793366957,0.05560250918977206,-2.500000000000002,0.0023126601732518237,0.5992535675898177,0,staged_v3,0.15687102109866272,2,1.1481367434450351,0.15687102109866272,2,1,0,0
v3_torso_proxy:v3_left_forearm_proxy,414,0.08686407359532146,0.26253203465036457,0.30420770856322343,0.0064343536151475565,0.6186499812026014,FLAT,0.0,1,0.004568914042946808,0.01034758503440451,0.027988654056355637,SUPPORT,0.362554535348576,0.016051847668413274,0.06278077863256358,0.05734180214325646,0.30420770856322343,0.13401809779807008,0,ok,0.06010310869776044,0.8628930605815874,FLAT,0.0,1,0.003205251501896269,0.017447607090249485,0.03795021735413588,SUPPORT,0.28918987625335046,0.00944990377745731,0.05058197056972871,-2.500000000000002,0.0013126601732518228,0.6005662277630696,0,staged_v3,0.1559942974392021,2,1.1873311650014327,0.1559942974392021,2,1,0,0
v3_torso_proxy:v3_left_forearm_proxy,415,0.06034491759536475,0.06253203465036439,0.13994648383278552,0.006712431303572452,0.6192996326680893,FLAT,0.0,1,0.005139642053568661,0.007902020693509332,0.05092290002284866,SUPPORT,0.40566556468204507,0.019644124307633102,0.06041613869468104,0.026379290730288107,0.13994648383278552,0.13401809788847147,0,ok,0.06093698660431383,0.8510317461611757,FLAT,0.0,1,0.016382605080131476,0.014399071528299577,0.05884116560788637,SUPPORT,0.32135190100268035,0.013542986752094744,0.04795517758110039,-2.500000000000002,0.00031266017325182194,0.6008788879363214,0,staged_v3,0.15671130642335637,2,1.2437709645474626,0.15671130642335637,2,1,0,0
v3_torso_proxy:v3_left_forearm_proxy,416,0.041336173243593656,0.1374679653496358,0.08525236500555186,0.007043063058228125,0.6163837656176318,FLAT,0.0,1,0.007208744093434968,0.006140087601244248,0.06797210022528005,SUPPORT,0.4373776136336456,0.022258517410019756,0.05861197423731745,0.01606969221615584,0.08525236500555186,0.13401809788734848,0,ok,0.06144988968612034,0.8419483168084421,FLAT,0.0,1,0.015146765870455029,0.012042656136599623,0.07351780512298497,SUPPORT,0.34708152080214427,0.016633234119549627,0.04591055616987352,-2.500000000000002,-0.000687339826748179,0.6001915481095732,0,staged_v3,0.15725458860313216,2,1.2785879810643184,0.15725458860313216,2,1,0,0
v3_torso_proxy:v3_left_forearm_proxy,417,0.026592087853703046,0.33746796534963597,0.14193329417346248,0.008506281243242547,0.6072791768401101,FLAT,0.0,1,0.011632721722578647,0.009725917070237695,0.08021421067815843,SUPPORT,0.45942068382120255,0.01928479346367023,0.060737496094270954,0.026753795656508927,0.14193329417346248,0.13401809788734614,0,ok,0.061778447066760556,0.8354292342871351,FLAT,0.0,1,0.01253538181651423,0.008293258286627445,0.08405890874132355,SUPPORT,0.3676652166417154,0.020909687150438734,0.04263454967622653,-2.500000000000002,-0.0016873398267481798,0.598504208282825,0,staged_v3,0.1593205324382244,2,1.2212041603385537,0.1593205324382244,2,1,0,0
v3_torso_proxy:v3_left_forearm_proxy,418,0.025157980775689162,0.5374679653496361,0.05432062234016765,0.008648207374353343,0.6020598247929297,FLAT,0.0,1,0.010432734479790358,0.008270508996965662,0.08880278264390551,SUPPORT,0.4741255405382778,0.021169630135229614,0.05923185289715893,0.010239196084937778,0.05432062234016765,0.13401809788734606,0,ok,0.06196556370200873,0.8362567663644339,FLAT,0.0,1,0.01016945886673836,0.005094280762577824,0.0916763556527481,SUPPORT,0.38413217331337235,0.024489537020059585,0.03993418474094873,-2.500000000000002,-0.0026873398267481807,0.5958168684560768,0,staged_v3,0.15977533938927826,2,1.1768114695495644,0.15977533938927826,2,1,0,0
v3_torso_proxy:v3_left_forearm_proxy,419,0.8002491808152786,0.43746796534962495,0.9697279522566457,0.0516865427742755,0.598684101208252,FLAT,0.0,1,0.009975793122100389,0.07284981367254546,0.09483403244508523,SUPPORT,0.4844877366581284,0.0,0.09698911554116242,0.1827894126474091,0.9697279522566457,0.11981579700467021,0,ok,0.06277174921971625,0.8399401547017491,FLAT,0.0,1,0.008941511612901342,0.01193236798479591,0.0973300582497197,SUPPORT,0.3973057386506979,0.017934134927690075,0.03571366804275505,1.2500000000001399,-0.0021873398267481248,0.5936295286293287,0,staged_v3,0.17850047918266182,2,1.1019530095147902,0.17989649005422054,2,1,0,0
v3_torso_proxy:v3_left_forearm_proxy,420,0.5029543529937314,0.6374679653496251,0.881005875825556,0.006916864757851592,0.5913162647109246,FLAT,0.0,1,0.009870534670464878,0.009789191880494007,0.09894178624653872,SUPPORT,0.4795609171355386,0.02015789743183293,0.05963299113509879,0.16606569523578052,0.881005875825556,0.0920420145144423,0,ok,0.06310189901964555,0.8365217381653963,FLAT,0.0,1,0.013428330050710178,0.003482393586234836,0.10138100320548582,SUPPORT,0.4078445909205583,0.02658665657403946,0.03756910266189038,-2.500000000000002,-0.0031873398267481257,0.5904421888025806,0,staged_v3,0.24502196823666023,2,0.9756192124256853,0.2464372229038773,2,1,0,0
v3_torso_proxy:v3_left_forearm_proxy,421,0.05576867462243815,0.43746796534962495,1.0,0.07148306056390935,0.590523956762828,FLAT,0.0,1,0.006723946521397335,0.034812292759289536,0.10187040531975448,SUPPORT,0.48771149375800493,0.0,0.08164956742854199,0.1884955592153876,1.0,0.06833354999305481,0,ok,0.17163828242760037,0.8361037695360238,FLAT,0.0,1,0.012286684588792094,0.02938761282223592,0.1041274307405386,SUPPORT,0.41627567273644667,0.0008187587147910139,0.08208268243583516,2.500000000000002,-0.0021873398267481248,0.5882548489758325,0,staged_v3,0.320102438471399,2,0.9435064562253132,0.3192469648503011,2,1,0,0
v3_torso_proxy:v3_left_forearm_proxy,422,0.2739868164062501,0.23746796534962478,0.27398681640625,0.10514356451171158,0.5886826709385575,FLAT,0.0,1,0.011560815081670436,0.03919111666903016,0.10406156313911757,SUPPORT,0.4823241375068614,0.0,0.09735046070043535,0.05164529817613983,0.27398681640625,0.0708976883507133,0,ok,0.1410222774711197,0.835355360156046,FLAT,0.0,1,0.010164515000587194,0.008457142097901365,0.10586867790236809,UNLOADING,0.35680771948838286,0.02183629179721704,0.04979819732606048,2.500000000000002,-0.0011873398267481239,0.5870675091490843,1,staged_v3,0.3798271724991338,2,0.9690926420614105,0.36816316560642676,2,0,1,1
v3_torso_proxy:v3_left_forearm_proxy,423,0.4954014090778397,0.43746796534962495,0.8437572645814481,0.01134204072413717,0.5808042432439481,FLAT,0.0,1,0.015749480618328187,0.003446541036701949,0.07705079082618861,SUPPORT,0.47770640357730976,0.025405998504607483,0.05190781677701824,0.1590444974293258,0.8437572645814481,0.07089938049489936,0,ok,0.0679208180090184,0.841807559618183,FLAT,0.0,1,0.007564580457030138,0.008891465382026242,0.10708118174929772,UNLOADING,0.3058351881328996,0.021462593705438647,0.03951523104696992,-2.500000000000002,-0.0021873398267481248,0.5848801693223362,0,staged_v3,0.1597192521305275,2,0.9503341191321493,0.1597192521305275,2,1,0,0
v3_torso_proxy:v3_left_forearm_proxy,424,0.004943847656249742,0.0011740054439268732,0.004943847656249966,0.011203560277395004,0.5752534828612563,FLAT,0.0,1,0.012320975957582888,0.0032663757442103454,0.057467546967977276,SUPPORT,0.48516534949385004,0.024607001604188522,0.05166759269347984,0.0009318933286405207,0.004943847656249966,0.07089938024393637,0,ok,0.0678470372203984,0.8441578657081883,FLAT,0.0,1,0.007457111972734025,0.009206671253381645,0.1076839001136986,UNLOADING,0.2791442120999787,0.021177523752303286,0.0397365416597888,5.453674498821226,-5.870027219634366e-06,0.5848742992951166,1,staged_v3,0.1617922177556,2,0.9623543698427166,0.1617922177556,2,1,1,1
v3_torso_proxy:v3_left_forearm_proxy,425,0.9999999999999999,0.1988259945560733,1.0,0.14224791494844558,0.578450130316918,FLAT,0.0,-1,0.007531938478469056,0.012161687090812057,0.04339795637509016,SUPPORT,0.4933823044564938,0.015008210727942454,0.03028341777226018,0.1884955592153876,1.0,0.0815260519673257,0,ok,0.14924484481950134,0.8467799120378638,FLAT,0.0,1,0.004379688583962931,0.09897079570504004,0.10784909166175763,SUPPORT,0.31331536967998297,0.0,0.10948200154003779,2.500000000000002,0.0009941299727803665,0.585868429267897,0,staged_v3,0.16962036812573125,2,0.9915453812274873,0.16813537249588673,2,0,0,0
v3_torso_proxy:v3_left_forearm_proxy,426,0.9940416420815033,0.1988259945560733,1.0000000000000002,0.027787748997496472,0.5820003715415236,FLAT,0.0,-1,0.0074568318228608686,0.04976038519322466,0.061577729352524646,UNLOADING,0.42289911810556613,0.0,0.07450801616159665,0.18849555921538763,1.0000000000000002,0.06366144878140288,0,ok,0.0839032255495726,0.8520154896696566,FLAT,0.0,1,0.004414201043433827,0.02555187524280438,0.10768228188231087,UNLOADING,0.2685560311542711,0.0048322388513111665,0.056640990612957465,0.0,0.0009941299727803665,0.5868625592406773,0,staged_v3,0.3660960666168919,2,1.035113183848339,0.3677629412502679,2,1,0,0
v3_torso_proxy:v3_left_forearm_proxy,427,0.2913929719240146,0.0011740054439268732,1.0000000000000002,0.008179696472556149,0.5835859490194703,FLAT,0.0,-1,0.008214903719900734,0.011871658861243563,0.046075446623497884,UNLOADING,0.4208809527506534,0.015432113469931334,0.060645648520864764,0.18849555921538763,1.0000000000000002,0.05149076186730102,0,ok,0.0636542593942156,0.8559718539204871,FLAT,0.0,1,0.006947843514081326,0.007847392450148438,0.07873038295152224,UNLOADING,0.2369333401874386,0.021089126697427674,0.04231784749354799,-2.500000000000002,-5.870027219634366e-06,0.5868566892134577,0,staged_v3,0.3679889144703827,2,1.068025586975896,0.3588544464231324,2,0,0,0
v3_torso_proxy:v3_left_forearm_proxy,428,0.1162299649555777,0.20117400544392705,1.0000000000000002,0.009118822444834897,0.5829441659622094,FLAT,0.0,-1,0.009467787341017978,0.005208275182045922,0.034798719228676035,UNLOADING,0.4462647142877337,0.02153166077938788,0.05422272018034117,0.18849555921538763,1.0000000000000002,0.057064954013443095,0,ok,0.06173630770007237,0.857029190603749,FLAT,0.0,1,0.005794429991139025,0.005596338152263687,0.05761659201654359,UNLOADING,0.22590196698849485,0.022284491448563495,0.04069172712001402,-2.500000000000002,-0.0010058700272196353,0.585850819186238,0,staged_v3,0.2114088551651993,2,1.0817866772754834,0.19951326232813585,2,0,0,0
v3_torso_proxy:v3_left_forearm_proxy,429,0.9575653428663576,0.051174005443921367,0.9999995714829453,0.0349630990661154,0.5807199044765161,FLAT,0.0,-1,0.01023783646797749,0.03010414923672841,0.026432218708548692,SUPPORT,0.4663866939990775,0.0,0.04268401521244568,0.18849547844182574,0.9999995714829453,0.05784181653079784,0,ok,0.11921000830989,0.8562359891855784,FLAT,0.0,1,0.005318936204133868,0.09057657049227952,0.04206500926285712,SUPPORT,0.2707215735907959,0.0,0.1001370743974519,1.875000000000071,-0.00025587002721960683,0.5855949491590184,0,staged_v3,0.1777495705791496,2,1.0871606520710515,0.17877254458335892,2,1,0,0
v3_torso_proxy:v3_left_forearm_proxy,430,0.6929010844758505,0.25117400544392154,0.9343382709484302,0.015176447148580508,0.5784024145463023,FLAT,0.0,-1,0.009363057053779173,0.0051285158015253705,0.047286381255230506,SUPPORT,0.464045737713495,0.022235803261236156,0.05222027036042915,0.1761186148787627,0.9343382709484302,0.05784219370863643,0,ok,0.06173040181397141,0.8595512251240807,FLAT,0.0,1,0.004389420344216171,0.00902106381632329,0.05848776515903467,UNLOADING,0.23204706307782508,0.018903324441628445,0.042817680141805536,-2.500000000000002,-0.0012558700272196077,0.5843390791317988,0,staged_v3,0.31164890928905103,2,1.0937045558842706,0.31164890928905103,2,1,0,0
