active_collision_pair,frame_idx,frame_root_angular_budget_usage,frame_root_z_budget_usage,frame_velocity_budget_usage_max,left_anchor_error_xy,left_contact_confidence,left_contact_phase,left_contact_slack,left_elbow_branch_sign,left_foot_vxy,left_heel_height,left_liftoff_probability,left_load_phase,left_lock_weight,left_swing_clearance_error,left_toe_height,max_joint_delta,max_joint_velocity_ratio,min_self_collision_distance,qp_resolve_count,qp_status,right_anchor_error_xy,right_contact_confidence,right_contact_phase,right_contact_slack,right_elbow_branch_sign,right_foot_vxy,right_heel_height,right_liftoff_probability,right_load_phase,right_lock_weight,right_swing_clearance_error,right_toe_height,root_ddz,root_dz,root_z,safety_backtracked,solver_mode,stage_a_high_priority_error,stage_a_iterations,stage_b_detail_error,stage_b_high_priority_error,stage_b_iterations,stage_b_rejected,stage_c_iterations,stage_c_triggered
v3_pelvis_proxy:v3_left_hand_proxy,0,1.0,1.0000000000000009,1.0,0.0,0.11835304403146196,AIR,0.0,1,0.0,0.10737513075595848,0.003668720846899712,UNLOADED,0.02358376795030594,0.0,0.08731003535432784,0.1884955592153876,1.0,0.050649231899584896,0,ok,0.0,0.11830332475891069,AIR,0.0,1,0.0,0.08805129780646576,0.004317624274946011,UNLOADED,0.023558507090424962,0.0,0.13983778145394868,0.0,-0.0050000000000000044,0.745,0,staged_v3,0.5942676791419109,2,1.2294057960793268,0.5716440438346647,2,0,0,0
v3_pelvis_proxy:v3_right_hand_proxy,1,1.0,1.0000000000000009,1.0,0.0,0.1976590271866291,AIR,0.0,1,0.010889056263824077,0.09783466488018568,0.006151775064268854,UNLOADED,0.0581556290226357,0.0,0.0956192740575372,0.1884955592153876,1.0,0.04403072264306236,0,ok,0.0,0.19816140027274032,AIR,0.0,-1,0.012122239880705437,0.09712224974033534,0.007222267750630335,UNLOADED,0.058192850788766126,0.0,0.1627902185979343,0.0,-0.0050000000000000044,0.74,0,staged_v3,0.4927338357189093,2,1.1426285116736277,0.4896498082861221,2,0,0,0
v3_pelvis_proxy:v3_right_hand_proxy,2,0.9999999999999997,1.0000000000000009,0.6881002528688124,0.0,0.25498369363847495,FLAT,0.0,1,0.022634399341708175,0.07995811290843512,0.00955296253351439,UNLOADED,0.09703407201140646,0.0,0.102585893330469,0.1297038419607564,0.6881002528688124,0.04799540322265085,0,ok,0.0,0.25362128871517314,FLAT,0.0,-1,0.020830270580459442,0.10406430656678181,0.009418954374481758,UNLOADED,0.09680076890468643,0.0,0.16271158751704512,0.0,-0.0050000000000000044,0.735,0,staged_v3,0.4196161976360977,2,1.0598598714071565,0.41787274270405855,2,0,0,0
v3_torso_proxy:v3_right_forearm_proxy,3,1.0000000000000009,1.0000000000000009,0.37879851266071424,0.0,0.3107816632820907,FLAT,0.0,1,0.0062640747216833334,0.06506763878215206,0.011991181046183175,UNLOADED,0.13903826242749343,0.0,0.10423764208298672,0.07140183747393841,0.37879851266071424,0.05009375431228037,0,ok,0.0,0.3003219590080901,FLAT,0.0,-1,0.01688271730474478,0.10678985747315052,0.010850671688330312,UNLOADED,0.1368532679297686,0.0,0.1526118880168997,0.0,-0.0050000000000000044,0.73,0,staged_v3,0.35819703899885597,2,0.9834497826993893,0.35676999074120147,2,0,0,0
v3_torso_proxy:v3_right_forearm_proxy,4,1.0000000000000004,1.0000000000000009,0.4202027257855256,0.0,0.3406272489728653,FLAT,0.0,1,0.022698904347601856,0.055175015605232046,0.0137246932009636,UNLOADED,0.17842105883895965,0.0,0.10244781080859633,0.07920634778077282,0.4202027257855256,0.04950864144537262,0,ok,0.0,0.32826882389215156,FLAT,0.0,-1,0.028513731995965016,0.1044588079593183,0.011775978417008804,UNLOADED,0.174363241805219,0.0,0.13886020318709608,0.0,-0.0050000000000000044,0.725,0,staged_v3,0.3098076817246427,2,0.9157559333674393,0.3060308113672254,2,0,0,0
v3_torso_proxy:v3_right_forearm_proxy,5,0.7238372647819975,1.0000000000000009,0.4516012854925213,0.0,0.3735343810797949,FLAT,0.0,-1,0.011554734584573132,0.0501801553634164,0.015064553845479061,SUPPORT,0.2327368470711677,0.0,0.10000679941960744,0.08512483685130072,0.4516012854925213,0.04880528859300422,0,ok,0.0,0.3585664013173365,FLAT,0.0,-1,0.02039702485367947,0.09944981277378123,0.014544579678923482,SUPPORT,0.22949059344417522,0.0,0.12788810051789024,0.0,-0.0050000000000000044,0.72,0,staged_v3,0.2767374716309623,2,0.8637111794580156,0.2717708193646958,2,0,0,0
v3_torso_proxy:v3_right_forearm_proxy,6,0.3441023343062949,1.0000000000000009,0.4602108956906806,0.0,0.40177808053472086,FLAT,0.0,-1,0.009677724255309045,0.04602211587742489,0.04437244854992926,SUPPORT,0.2761894776569342,0.0,0.0979361119394103,0.08674771014022925,0.4602108956906806,0.04788391856728852,0,ok,0.0,0.3899998888643106,FLAT,0.0,-1,0.006122555528472682,0.09609902888712313,0.044583154367341345,SUPPORT,0.2735924747553402,0.0,0.1240946846348352,0.0,-0.0050000000000000044,0.715,0,staged_v3,0.2465635113244577,2,0.8295225015939924,0.2418942958079571,2,0,0,0
v3_torso_proxy:v3_right_forearm_proxy,7,0.29925387198760034,1.0000000000000009,0.507119120688903,0.0,0.4186981610541006,FLAT,0.0,-1,0.016133179109960327,0.04367204093963924,0.06538562994963085,SUPPORT,0.31095158212554735,0.0,0.09550531091770995,0.0955897022430704,0.507119120688903,0.046553645658226575,0,ok,0.0,0.40775615114237707,FLAT,0.0,-1,0.013856192571875441,0.09216273438229622,0.06641065417352526,SUPPORT,0.30887397980427217,0.0,0.11994363478495051,0.0,-0.0050000000000000044,0.71,0,staged_v3,0.2190042434717131,2,0.820857129532992,0.21283385641749175,2,0,0,0
v3_torso_proxy:v3_right_forearm_proxy,8,0.2814945552863509,1.0000000000000009,0.5601750501506231,0.0,0.43567630726728723,FLAT,0.0,-1,0.012023872825335399,0.04275593346664307,0.08051334528239731,SUPPORT,0.3387612657004379,0.0,0.0932784368660372,0.10559050933664949,0.5601750501506231,0.04452130344256558,0,ok,0.0,0.4326490966788529,FLAT,0.0,-1,0.0033576654738806124,0.08770003193702788,0.08203656796340517,SUPPORT,0.33709918384341775,0.0,0.1154556610942476,0.0,-0.0050000000000000044,0.705,0,staged_v3,0.1923769139859315,2,0.8603234507110095,0.1868921629181433,2,0,0,0
v3_torso_proxy:v3_right_forearm_proxy,9,0.27067864341310605,1.0000000000000009,0.6169901126172689,0.010567154451999497,0.43001436083501665,FLAT,0.0,-1,0.03327811007975679,0.04305984104769339,0.09132170343549524,SUPPORT,0.36100901256035034,0.0,0.09202351420445258,0.11629989630815707,0.6169901126172689,0.041484280164635845,0,ok,0.01451444165979894,0.4289743140588308,FLAT,0.0,-1,0.023293766020875007,0.08311298648447066,0.09312291272018283,SUPPORT,0.3596793470747342,0.0,0.11107479688142476,0.0,-0.0050000000000000044,0.7,0,staged_v3,0.18399826668218958,2,0.899349511444247,0.18077165201255413,2,0,0,0
v3_torso_proxy:v3_right_forearm_proxy,10,0.26331889371737244,1.0000000000000009,0.6698361342882798,0.023536342966688443,0.4298379923407596,FLAT,0.0,0,0.02900207393497777,0.04434371692017523,0.09906585367581025,SUPPORT,0.3788072100482803,0.0,0.09153269783582224,0.12626113671534278,0.6698361342882798,0.03712331273640536,0,ok,0.03130128441900203,0.4268067207433048,FLAT,0.0,-1,0.02813365719775555,0.07805943047639066,0.1011367804727307,SUPPORT,0.3777434776597874,0.0,0.10617548975488025,0.0,-0.0050000000000000044,0.695,0,staged_v3,0.17782695575547028,2,0.6776604034133258,0.1764004198167041,2,0,0,0
v3_torso_proxy:v3_right_forearm_proxy,11,0.24096561522825205,1.0000000000000009,0.7049015553406465,0.03848863748620414,0.4382492888417559,FLAT,0.0,-1,0.016091018523487648,0.04650496809932234,0.10459740876372478,SUPPORT,0.39304576803862423,0.0,0.09209559487739569,0.13287081286573166,0.7049015553406465,0.030934866692417604,0,ok,0.04993585708723067,0.4246963105495196,FLAT,0.0,-1,0.027523623453779407,0.07315342977663655,0.10714322694336137,SUPPORT,0.39219478212782993,0.0,0.10152154791801604,0.0,-0.0050000000000000044,0.69,0,staged_v3,0.17212451745018764,2,0.9687836719844629,0.17281620948755216,2,0,0,0
v3_torso_proxy:v3_right_forearm_proxy,12,0.17127607001069456,1.0000000000000009,0.35029504041783355,0.05534272788378697,0.43221638593381817,FLAT,0.0,-1,0.034183257795279434,0.04632155958453196,0.10604850320980906,SUPPORT,0.4044366144308994,0.0,0.09157565370330045,0.06602905953393634,0.35029504041783355,0.026951235829800513,0,ok,0.0674812199274325,0.40855012572313365,FLAT,0.0,-1,0.03978451662011854,0.07014307789360427,0.1090554565842492,SUPPORT,0.4037558257022639,0.0,0.09957433549621993,0.0,-0.0050000000000000044,0.6849999999999999,0,staged_v3,0.1675304575658345,2,0.9823968132688972,0.16865373085650168,2,1,0,0
v3_torso_proxy:v3_right_forearm_proxy,13,0.14690189261706518,1.0000000000000009,0.2655013569778626,0.07406911878838737,0.4434162934616909,FLAT,0.0,-1,0.013152154950812857,0.046034856752133764,0.10727035448644383,SUPPORT,0.41354929154471953,0.0,0.09076346776237094,0.050045826755986456,0.2655013569778626,0.024559866169541793,0,ok,0.0872826861024482,0.41165546536328157,FLAT,0.0,-1,0.025043298628272186,0.06700871171560233,0.1088163876583175,SUPPORT,0.4130046605618111,0.0,0.09671530054374938,0.0,-0.0050000000000000044,0.6799999999999999,0,staged_v3,0.1641623688538635,2,0.9903492440578672,0.16526715153661933,2,1,0,0
v3_torso_proxy:v3_right_forearm_proxy,14,0.13573294750488335,1.0000000000000009,0.24500885578642223,0.09346447383091712,0.4569275155946303,FLAT,0.0,-1,0.006664884940428625,0.04699148210060623,0.10825395094873233,SUPPORT,0.4208394332357756,0.0,0.09097724667996585,0.04618308128418391,0.24500885578642223,0.021782323901081844,0,ok,0.10967575929850042,0.43417260629205556,FLAT,0.0,-1,0.005631048681850741,0.061638062359030646,0.10867345691949849,UNLOADING,0.3540039947672667,0.0,0.09162109939162948,0.0,-0.0050000000000000044,0.6749999999999999,0,staged_v3,0.1614493992855398,2,0.9988591569053166,0.16328314571812952,2,1,0,0
v3_torso_proxy:v3_right_forearm_proxy,15,0.10447892872021271,1.0000000000000009,0.20923267795539535,0.10787380420726518,0.4695857817218707,FLAT,0.0,-1,0.002759572354243784,0.04651967508811032,0.08041469959930903,SUPPORT,0.4266715465886205,0.0,0.09016899981675482,0.03943943063733535,0.20923267795539535,0.02028311297502709,0,ok,0.12437323070931992,0.4512404539750609,FLAT,0.0,-1,0.006316663949050295,0.05799508386791921,0.10863921404272589,UNLOADING,0.30343199551480005,0.0,0.0883847509577688,0.0,-0.0050000000000000044,0.6699999999999999,0,staged_v3,0.16086254167720565,2,1.0038678949802526,0.1619541664043833,2,1,0,0
v3_torso_proxy:v3_right_forearm_proxy,16,0.07358487438468805,1.0000000000000009,0.18323807197328432,0.10904532309275967,0.4793815202386081,FLAT,0.0,-1,0.0025597023006852363,0.04568942988483764,0.060522243419557614,SUPPORT,0.4313372372708964,0.0,0.08901326016874292,0.03453956284615367,0.18323807197328432,0.018677009458226087,0,ok,0.12562686593418979,0.46260043760545083,FLAT,0.0,-1,0.009481647332380197,0.0544545800025519,0.10863560915100495,UNLOADING,0.26008456758411436,0.0,0.08495685047323714,0.0,-0.0050000000000000044,0.6649999999999999,0,staged_v3,0.159820632721134,2,1.0089065253423164,0.16107784485360147,2,1,0,0
v3_torso_proxy:v3_right_forearm_proxy,17,0.05336068430106053,1.0000000000000009,0.1510467025956734,0.11040117254065679,0.4855478806228939,FLAT,0.0,-1,0.005019649713101661,0.04407443929501146,0.046418414709665214,SUPPORT,0.4350697898167171,0.0,0.08721245054876985,0.028471632673411795,0.1510467025956734,0.01695783571003139,0,ok,0.12656595705504792,0.467515541984866,FLAT,0.0,-1,0.010556956027630125,0.05102911484148539,0.1087430497647758,UNLOADING,0.2229296293578123,0.0,0.08150108825275285,0.0,-0.0050000000000000044,0.6599999999999999,0,staged_v3,0.159481914253295,2,1.0138773545775848,0.16084184239679733,2,1,0,0
v3_torso_proxy:v3_right_forearm_proxy,18,0.040062592804954326,1.0000000000000009,0.1183961422449361,0.11154465423428374,0.4917223257100293,FLAT,0.0,-1,0.0015516311270751479,0.041707697111550805,0.03604631682774466,SUPPORT,0.4380558318533737,0.0,0.08478586277280882,0.022317147041403806,0.1183961422449361,0.01640536107944231,0,ok,0.12765950191523923,0.47163963623421334,FLAT,0.0,-1,0.012712763747418011,0.04744619969285145,0.10843322992777642,UNLOADING,0.1910825394495534,0.0,0.07792959652697054,0.0,-0.0050000000000000044,0.6549999999999999,0,staged_v3,0.15972726415770866,2,1.0180580836108377,0.16119426970523695,2,1,0,0
v3_torso_proxy:v3_right_forearm_proxy,19,0.03395319450167753,1.0000000000000009,0.11669053372630739,0.11269073657726905,0.484596544653612,FLAT,0.0,-1,0.017354227182559443,0.03864442365378093,0.028586780544728577,SUPPORT,0.44044466548269895,0.0,0.08158776316816525,0.021995647409882357,0.11669053372630739,0.01565583313367237,0,ok,0.12841162421863175,0.4819423168689153,FLAT,0.0,-1,0.0037519664796024604,0.0437152316878176,0.108392754082866,UNLOADING,0.1637850338139029,0.0,0.07429745697542352,0.0,-0.0050000000000000044,0.6499999999999999,0,staged_v3,0.16033894684638791,2,1.0217717757690228,0.16183663951314475,2,1,0,0
v3_torso_proxy:v3_right_forearm_proxy,20,0.029423113574765635,1.0000000000000009,0.12204082585168415,0.11338338035008715,0.48502562447020314,FLAT,0.0,-1,0.005117611638454762,0.03516362975627694,0.02295270266513693,SUPPORT,0.44235573238615916,0.0,0.078044375772245,0.023004153716020936,0.12204082585168415,0.014711928528733969,0,ok,0.12911014467598073,0.48626168287109395,FLAT,0.0,-1,0.00882990301017985,0.03970530496670108,0.10843207215604643,UNLOADING,0.1403871718404882,0.0,0.07043004810869395,0.0,-0.0050000000000000044,0.6449999999999999,0,staged_v3,0.16112130106074862,2,1.0254326859313034,0.16264100147084293,2,1,0,0
v3_torso_proxy:v3_right_forearm_proxy,21,0.032825065626123175,1.0000000000000009,0.129216044628756,0.11400137379785398,0.488226464683164,FLAT,0.0,-1,0.002462735725315526,0.030330003870316223,0.01890871867237977,SUPPORT,0.4438845859089273,0.0,0.07317317016981853,0.024356650591897844,0.129216044628756,0.01327697115428712,0,ok,0.1286014075126389,0.4924507061909579,FLAT,0.0,-1,0.004195124334983832,0.039412469819332004,0.10849689780561585,UNLOADING,0.12033186157756133,0.0,0.06915704710488228,0.0,-0.0050000000000000044,0.6399999999999999,0,staged_v3,0.16279539130225038,2,1.0289661147152782,0.16421379473619777,2,1,0,0
v3_torso_proxy:v3_right_forearm_proxy,22,0.02672981892336782,1.0000000000000009,0.12504438838296522,0.11456459845351308,0.48215271047046404,FLAT,0.0,-1,0.015492571980484397,0.025911580805230046,0.016052750179227207,SUPPORT,0.44510766872714186,0.0,0.06864323942722139,0.023570311914993147,0.12504438838296522,0.011709321365136017,0,ok,0.12937452885646314,0.4962741475079147,FLAT,0.0,-1,0.006090486329078852,0.0362833341197861,0.10920839366070693,UNLOADING,0.10314159563790971,0.0,0.06591599583825074,0.0,-0.0050000000000000044,0.6349999999999999,0,staged_v3,0.1635455816974907,2,1.0322003465875667,0.16496459219227477,2,1,0,0
v3_torso_proxy:v3_right_forearm_proxy,23,0.02273129162357067,1.0000000000000009,0.1250486421740992,0.11460794227521613,0.4834040000142478,FLAT,0.0,-1,0.006568868864961996,0.02123989382469741,0.014054494760656015,SUPPORT,0.4460861349817135,0.004462830913335391,0.06401800284327468,0.02357111373573173,0.1250486421740992,0.01005247768396152,0,ok,0.13025376629796886,0.4961478069046474,FLAT,0.0,-1,0.008985888321170785,0.033876460556535294,0.10971906616265223,UNLOADING,0.08840708197535119,0.0,0.0633174395943689,0.0,-0.0050000000000000044,0.6299999999999999,0,staged_v3,0.16412327572469512,2,1.0346129166090492,0.16553673410297545,2,1,0,0
v3_torso_proxy:v3_right_forearm_proxy,24,0.01585535108211752,1.0000000000000009,0.0037552677758632244,0.09560693768177503,0.48046144442489763,FLAT,0.0,-1,0.009155405007582934,0.015981690732169766,0.012548525375255727,SUPPORT,0.4468689079853708,0.009645735536593023,0.05829977872578667,0.0007078512994148634,0.0037552677758632244,0.0099900628344998,0,ok,0.11239399477884794,0.4980412784790584,FLAT,0.0,-1,0.007425998613089939,0.02871777156517813,0.1100209003421426,UNLOADING,0.07577749883601531,0.001783273451929003,0.057691434978767275,0.0,-0.0050000000000000044,0.6249999999999999,1,staged_v3,0.16443428711534963,2,1.0367028743186342,0.16588873045551206,2,1,1,1
v3_torso_proxy:v3_right_forearm_proxy,25,0.0,0.9905984422432734,0.0,0.07560898559184863,0.4790807622750375,FLAT,0.0,-1,0.009397868073599826,0.011028698520953398,0.011650461874759075,SUPPORT,0.44749512638829664,0.014553824572784556,0.05334678651457031,0.0,0.0,0.0099900628344998,0,ok,0.09247184764290912,0.502416208499529,FLAT,0.0,-1,0.004091852539703284,0.023764779353961762,0.11008273636076107,UNLOADING,0.0649521418594417,0.006739357464076293,0.052738442767550915,0.11751947195909329,-0.004952992211216367,0.6200470077887835,1,staged_v3,0.16542159500547568,2,1.0361218164338974,0.1668943065872805,2,1,1,1
v3_torso_proxy:v3_right_forearm_proxy,26,0.0,0.7905984422432732,0.0,0.055608895531296464,0.47622615902860643,FLAT,0.0,-1,0.012217346746998497,0.007075706309737032,0.010832867591020144,SUPPORT,0.4479961011106373,0.018465937069813976,0.049393794303353944,0.0,0.0,0.009990062834499821,0,ok,0.07261229679356078,0.506949809368657,FLAT,0.0,-1,0.0035778018496947436,0.019811787142745396,0.10985267395907311,UNLOADING,0.055673264450950034,0.010680846555208262,0.04878545055633455,2.500000000000002,-0.003952992211216366,0.6160940155775672,1,staged_v3,0.16557720953151767,2,1.0351391322174244,0.1669242199810547,2,1,1,1
v3_torso_proxy:v3_right_forearm_proxy,27,0.38542912305037086,0.9905984422432734,0.9623662182027473,0.0629061768536757,0.4739319004812837,FLAT,0.0,-1,0.014437095284928151,0.051800094221004525,0.009895802303912026,SUPPORT,0.4483968808885099,0.0,0.07873637962696908,0.18140175847012457,0.9623662182027473,0.01347459477335847,0,ok,0.08328495000233126,0.5118123897971121,FLAT,0.0,-1,0.0014216666805544696,0.008873117658485374,0.10946800820965352,SUPPORT,0.13453861156076002,0.021600282751997303,0.03705719458902854,-2.500000000000002,-0.004952992211216367,0.6111410233663508,0,staged_v3,0.17924744954126176,2,1.0387155058076951,0.18084678903249923,2,1,0,0
v3_torso_proxy:v3_right_forearm_proxy,28,0.3738561393773336,1.0000000000000009,0.592286044972819,0.09626293854944226,0.47170842982422395,FLAT,0.0,-1,0.011982442936689644,0.007056603238474551,0.03734143453724922,SUPPORT,0.4487175047108079,0.01981046848838791,0.048698235077209065,0.11164328926262174,0.592286044972819,0.011045524439955785,0,ok,0.10922274668055834,0.5088396867123192,FLAT,0.0,-1,0.007863849570064342,0.013150487453680186,0.10908710872536555,UNLOADING,0.11531880990922289,0.017303867982588095,0.04286352883480546,-0.11751947195909329,-0.0050000000000000044,0.6061410233663508,0,staged_v3,0.16612903691246123,2,1.0379261960246235,0.16752692175427217,2,1,0,0
v3_torso_proxy:v3_right_forearm_proxy,29,0.9999999999999996,0.8000000000000007,0.9999993219380334,0.06453899701648849,0.47155257055384825,FLAT,0.0,-1,0.01156599950220813,0.08262820223536364,0.02844323980656531,SUPPORT,0.4489740037686463,0.0,0.1247466981763911,0.18849543140371802,0.9999993219380334,0.013771518932687608,0,ok,0.08963700446915036,0.5022682248804538,FLAT,0.0,-1,0.013893064122506522,0.03981102093861693,0.1081743942033002,UNLOADING,0.09884469420790533,0.0,0.07953231791696207,2.500000000000002,-0.0040000000000000036,0.6021410233663508,0,staged_v3,0.21270962712007152,2,1.0511713221807053,0.21374094615040917,2,1,1,1
v3_torso_proxy:v3_right_forearm_proxy,30,1.0000000000000002,0.6000000000000005,1.0,0.09657955886459423,0.4695375980454384,FLAT,0.0,-1,0.010516169405276395,0.040296055517487606,0.02155946847127026,SUPPORT,0.44917920301491704,0.0,0.03905633127041659,0.1884955592153876,1.0,0.013772576680184601,0,ok,0.07692366820967754,0.503874094487492,FLAT,0.0,-1,0.007859537310388276,0.13571596270730774,0.10733932621255549,UNLOADING,0.084724023606776,0.0,0.15859258158539258,2.500000000000002,-0.0030000000000000027,0.5991410233663508,0,staged_v3,0.33971393470498173,2,1.0169362249002543,0.33971393470498173,2,1,0,0
v3_torso_proxy:v3_right_forearm_proxy,31,0.6229248046875,0.40000000000000036,0.6229248046875,0.07023327328289639,0.4706213002268225,FLAT,0.0,-1,0.007853747491147775,0.0034390335440332856,0.0159664533447776,SUPPORT,0.4493433624119336,0.022359289123205596,0.026293023890347732,0.11741855940870641,0.6229248046875,0.013772559975361646,0,ok,0.05190643020847004,0.5052237977248581,FLAT,0.0,-1,0.007728933488762069,0.06665271677224927,0.10673646669704889,SUPPORT,0.1577792188854208,0.0,0.09195248986236235,2.500000000000002,-0.0020000000000000018,0.5971410233663508,1,staged_v3,0.35357989733008305,2,1.0286852703195417,0.35357989733008305,2,1,1,1
v3_torso_proxy:v3_right_forearm_proxy,32,0.0,0.0,0.0,0.07023327328289639,0.4774084035373823,FLAT,0.0,-1,0.0029455350881835538,0.0034390335440332856,0.04030575182875386,SUPPORT,0.4494746899295469,0.023576254047404408,0.026293023890347732,0.0,0.0,0.013772559975361646,0,ok,0.05190643020847004,0.5027985552951789,FLAT,0.0,-1,0.00906028332658961,0.06665271677224927,0.10641126555941964,SUPPORT,0.21622337510833664,0.0,0.09195248986236235,5.000000000000004,0.0,0.5971410233663508,1,staged_v3,0.16673693728559796,2,1.0299707713048043,0.16673693728559796,2,1,1,1
v3_torso_proxy:v3_right_forearm_proxy,33,0.03771972656249992,0.20000000000000018,0.020021944663267042,0.05797120193969402,0.48251832999434763,FLAT,0.0,-1,0.0024964928235428987,0.0033932353689307354,0.059002828775906034,SUPPORT,0.44957975194363753,0.02455690606986457,0.026177202828095502,0.0037740476558820665,0.020021944663267042,0.013767820340858956,0,ok,0.06712749301392552,0.5054578632768572,FLAT,0.0,-1,0.01001107637950121,0.06522139884565813,0.10632131929747929,SUPPORT,0.26297870008666935,0.0,0.09004879393838346,2.500000000000002,0.0010000000000000009,0.5981410233663508,1,staged_v3,0.16553816685756442,2,1.0324684459164002,0.16749286146775133,2,1,1,1
v3_torso_proxy:v3_right_forearm_proxy,34,0.0005422703188667265,0.0,0.0003783514336014852,0.07712699671893668,0.4864470126059107,FLAT,0.0,-1,0.0022563725127314185,0.0033929568862200972,0.07239986982474797,SUPPORT,0.44966380155491004,0.025227036605017305,0.026188776206620502,7.131756505665554e-05,0.0003783514336014852,0.013767820341031824,0,ok,0.0722486495207665,0.5103551900366661,FLAT,0.0,-1,0.006369233567801924,0.06517034925880885,0.10644054572627601,SUPPORT,0.30038296006933546,0.0,0.09000280669517544,-2.500000000000002,0.0,0.5981410233663508,1,staged_v3,0.1634794496416088,2,1.0278443580144265,0.1634794496416088,2,1,0,0
v3_torso_proxy:v3_right_forearm_proxy,35,0.025573730468749962,0.20000000000000018,0.014091736015915065,0.055424469468151535,0.49036842965587735,FLAT,0.0,-1,0.002434857046517176,0.003331133384336879,0.08214567052412632,SUPPORT,0.44973104124392804,0.02577615014186944,0.026094821462444996,0.0026562296606355285,0.014091736015915065,0.013767820340815407,0,ok,0.04856315507945756,0.5145077032376765,FLAT,0.0,-1,0.0027984563262771923,0.06489336509483705,0.10668185288320756,SUPPORT,0.33030636805546837,0.0,0.0893822767669625,2.500000000000002,0.0010000000000000009,0.5991410233663508,1,staged_v3,0.16275110756205555,2,1.0270862773818747,0.16275110756205555,2,1,1,1
v3_torso_proxy:v3_right_forearm_proxy,36,0.0007500707752631874,0.0,0.0005404855620755912,0.07947828404937576,0.49402885546927644,FLAT,0.0,-1,0.0019351778981026159,0.003331059356218664,0.08947543991292042,SUPPORT,0.44978483299514244,0.02614271263942736,0.026111972656398242,0.00010187912827128165,0.0005404855620755912,0.013767820340815178,0,ok,0.0729797813439699,0.5188949508158939,FLAT,0.0,-1,0.004035850706010741,0.06482251338970363,0.10703142499826644,SUPPORT,0.3542450944443747,0.0,0.08931898797650491,-2.500000000000002,0.0,0.5991410233663508,1,staged_v3,0.16014022298024386,2,1.0253073225521772,0.16014022298024386,2,1,0,0
v3_torso_proxy:v3_right_forearm_proxy,37,0.025268554687500017,0.20000000000000018,0.014223300996484558,0.05775776496939718,0.4944986970151734,FLAT,0.0,-1,0.0036576818895476646,0.0032689682000513103,0.09496870080343586,SUPPORT,0.44982786639611394,0.026479466840120484,0.025979039391920544,0.0026810290752211363,0.014223300996484558,0.013767820340815553,0,ok,0.04877604362120091,0.519676130491101,FLAT,0.0,-1,0.008601319086831264,0.06457918977217117,0.10748282963369779,SUPPORT,0.37339607555549975,0.0,0.08869049736917188,2.500000000000002,0.0010000000000000009,0.6001410233663508,1,staged_v3,0.15947702809733516,2,1.0246661070266598,0.15947702809733516,2,1,1,1
v3_torso_proxy:v3_right_forearm_proxy,38,0.7002551874293318,0.0,0.5270255356553685,0.0747364296900243,0.4972076008736561,FLAT,0.0,-1,0.0003413618159559609,0.004961754703920091,0.09924809885997389,SUPPORT,0.44986229311689113,0.025000650239078607,0.04408357583790581,0.09934197306414788,0.5270255356553685,0.013767820340815088,0,ok,0.0900493519379674,0.5200549741722976,FLAT,0.0,-1,0.006735528526335823,0.0064693688397936995,0.10793068122446432,SUPPORT,0.3887168604443998,0.023927165221429517,0.03739371215395019,-2.500000000000002,0.0,0.6001410233663508,1,staged_v3,0.1564989028614387,2,1.0228137544960285,0.1564989028614387,2,1,0,0
v3_torso_proxy:v3_right_forearm_proxy,39,0.9999999999999999,0.20000000000000018,0.9999993533704824,0.04765268781253872,0.49711185722463297,FLAT,0.0,-1,0.002318484680530095,0.07514563503703942,0.10259701610454908,SUPPORT,0.4498898344935129,0.0,0.10571628551938583,0.18849543732859508,0.9999993533704824,0.013767820340815275,0,ok,0.08140399009399943,0.5142026264683766,FLAT,0.0,-1,0.010187939375526233,0.0270250942474757,0.10820000192833576,UNLOADING,0.3331858803809141,0.0033849058489410916,0.06198807882353298,2.500000000000002,0.0010000000000000009,0.6011410233663508,0,staged_v3,0.16292385132646173,2,1.0394853880930297,0.16292385132646173,2,1,1,1
v3_torso_proxy:v3_right_forearm_proxy,40,0.9999999999999999,0.40000000000000036,1.0000000000000002,0.09430810184432474,0.4906798539556013,FLAT,0.0,-1,0.012527850291756931,0.03453260768964502,0.07683803988238372,SUPPORT,0.44991186759481033,0.0,0.03806646175813458,0.18849555921538763,1.0000000000000002,0.01376782034081529,0,ok,0.06640218376964782,0.5168810786384106,FLAT,0.0,-1,0.007859499484884177,0.12409099105359969,0.10867420884462882,UNLOADING,0.285587897469355,0.0,0.14204536948972146,2.500000000000002,0.0020000000000000018,0.6031410233663508,0,staged_v3,0.31847318203996905,2,1.003021707615674,0.31847318203996905,2,1,0,0
v3_torso_proxy:v3_right_forearm_proxy,41,0.9964498039208303,0.20000000000000018,0.9755128798393182,0.08779671976960711,0.48981747491107275,FLAT,0.0,-1,0.005456139925310534,0.006586318809613332,0.05851318158707146,SUPPORT,0.44992949407584826,0.021339340269740242,0.04687192875867693,0.1838798458071255,0.9755128798393182,0.01150681206939284,0,ok,0.10184726464199402,0.5230432489575592,FLAT,0.0,-1,0.0032220512227496,0.020440355142530432,0.10927315343374144,UNLOADING,0.25619787361788576,0.01002330252915664,0.05105273546189844,-2.500000000000002,0.0010000000000000009,0.6041410233663508,0,staged_v3,0.35344082869446425,2,1.0234556048900116,0.35492702060024134,2,1,0,0
v3_torso_proxy:v3_right_forearm_proxy,42,0.26013183593750017,0.40000000000000036,0.2601318359375,0.06984155486707384,0.48497171377494785,FLAT,0.0,-1,0.013165206865919807,0.001238879114159674,0.04538033306346713,SUPPORT,0.4499435952606786,0.026030137539013686,0.03347616770456789,0.04903369588476453,0.2601318359375,0.011506368916606589,0,ok,0.10304181337437653,0.524468024440515,FLAT,0.0,-1,0.008955749086968195,0.0414898851530551,0.1096473894948252,UNLOADING,0.21959817738675924,0.0,0.06889432347385306,2.500000000000002,0.0020000000000000018,0.6061410233663508,1,staged_v3,0.24882802752936736,2,1.0328201506244687,0.24882802752936736,2,1,1,1
v3_torso_proxy:v3_right_forearm_proxy,43,0.3375763842144011,0.6000000000000005,0.18381484106692372,0.08185939655687435,0.48705146967311586,FLAT,0.0,-1,0.002733288238621349,0.0024362530735849786,0.03613451983040533,SUPPORT,0.4499548762085429,0.02437047291793529,0.031237707093822766,0.03464828125899738,0.18381484106692372,0.010361554862939732,0,ok,0.10997277293433562,0.525676660602019,FLAT,0.0,-1,0.0063966038127859295,0.02592332119969864,0.11006765398057353,UNLOADING,0.1882270091886508,0.004580061499330039,0.047293921572063975,2.500000000000002,0.0030000000000000027,0.6091410233663508,1,staged_v3,0.1547246040888037,2,1.0282774767317726,0.15648994676718178,2,1,1,1
v3_torso_proxy:v3_right_forearm_proxy,44,0.18125236046326743,0.40000000000000036,0.11924710285684634,0.08048585218650843,0.4843261021487185,FLAT,0.0,-1,0.010624369611207485,0.004942764346757517,0.029649379046528472,SUPPORT,0.4499639009668343,0.021539704605568907,0.032093715840720745,0.022477549337816094,0.11924710285684634,0.009990031432432055,0,ok,0.10618560355342138,0.5258725746652357,FLAT,0.0,-1,0.006667803518159519,0.01927120023959945,0.1105032043256367,UNLOADING,0.16133743644741497,0.011253959976682385,0.03740141472866764,-2.500000000000002,0.0020000000000000018,0.6111410233663508,1,staged_v3,0.15003561979422222,2,1.0290457644140842,0.1519993453321566,2,1,1,1
v3_torso_proxy:v3_right_forearm_proxy,45,0.17314063858869017,0.5458534466695308,0.1604370210515623,0.07767557701421643,0.4844150737137347,FLAT,0.0,-1,0.0044290647947289605,0.004528979895076134,0.024864202263473585,SUPPORT,0.44997112077346746,0.021714230218097548,0.030795566045745106,0.03024166600196515,0.1604370210515623,0.009990024646036762,0,ok,0.10214997767907648,0.5271272456448362,FLAT,0.0,-1,0.0034281197596051248,0.01776457479798424,0.11115379655263319,UNLOADING,0.1382892312406414,0.01279311502964742,0.03258969137707549,1.823168083369131,0.002729267233347654,0.6138702905996984,0,staged_v3,0.14578022824997328,2,1.0243587377283738,0.14578022824997328,2,1,1,1
v3_torso_proxy:v3_right_forearm_proxy,46,0.12419255104488068,0.5136607694457229,0.26141359594454194,0.06059648744736746,0.4858694426377418,FLAT,0.0,-1,0.00498210387792372,0.005482843981444441,0.02121380422948323,SUPPORT,0.449976896618774,0.02057784623002972,0.031808595202140626,0.049275301954071815,0.26141359594454194,0.00999000373335317,0,ok,0.08508686459509965,0.5300401811997139,FLAT,0.0,-1,0.0038328107405183735,0.019215141537407755,0.11158320365705052,UNLOADING,0.11853362677769264,0.01136401864544477,0.03402966552682533,-0.402408465297599,0.0025683038472286146,0.6164385944469271,1,staged_v3,0.14900040649958882,2,1.0344458055575831,0.14991147180389014,2,1,1,1
v3_torso_proxy:v3_right_forearm_proxy,47,0.03422753851162135,0.4093885667615371,0.1804020190306956,0.04331466779483818,0.48457215583398816,FLAT,0.0,-1,0.011211772555166354,0.006095559183268352,0.018004905526892094,SUPPORT,0.4499815172950192,0.019804686093076253,0.03248120210946348,0.034004979460775964,0.1804020190306956,0.009990002509758265,0,ok,0.06709401430926874,0.5356645467707507,FLAT,0.0,1,0.0029594138660061424,0.020879028543987,0.11243055439837385,UNLOADING,0.10160025152373654,0.009742499175931695,0.03586879113421655,-1.3034025335523225,0.0020469428338076856,0.6184855372807347,1,staged_v3,0.14801272946516553,2,1.0380043691912135,0.14855330980707845,2,1,1,1
v3_torso_proxy:v3_right_forearm_proxy,48,0.04598057291125614,0.20938856676153694,0.09140930251037506,0.02715694825037847,0.4855709006239542,FLAT,0.0,-1,0.00869673538536414,0.007791647887263942,0.01571285361281628,SUPPORT,0.44998521383601536,0.017993994793376874,0.0341660277383672,0.01723024759418168,0.09140930251037506,0.009990000882799544,0,ok,0.04649034279430914,0.5373499512022125,FLAT,0.0,1,0.004367462092078461,0.019322523354774256,0.11441856407897139,SUPPORT,0.17128020121898924,0.011398404849174315,0.0348372377640388,-2.500000000000002,0.0010469428338076847,0.6195324801145424,1,staged_v3,0.15265391503701692,2,1.0457456351568686,0.1529317952718602,2,0,1,1
v3_torso_proxy:v3_right_forearm_proxy,49,0.0,0.009388566761536765,0.0,0.01252959465387847,0.4872392083386937,FLAT,0.0,-1,0.00815242869333076,0.007838590721071625,0.042023322171435576,SUPPORT,0.4499881710688123,0.019262575387500154,0.034212970572174886,0.0,0.0,0.009990000882799544,0,ok,0.0265019736438265,0.5362567325483059,FLAT,0.0,1,0.006916925761710201,0.01936946618858194,0.11549868929093961,SUPPORT,0.2270241609751914,0.011405468275965041,0.03488418059784648,-2.500000000000002,4.6942833807683826e-05,0.6195794229483501,1,staged_v3,0.15544478150842753,2,1.0445130949678192,0.15109432876889967,2,0,1,1
v3_torso_proxy:v3_right_forearm_proxy,50,0.0,0.1906114332384634,0.0,0.021887319132947537,0.4897446961682581,FLAT,0.0,-1,0.007539094341667693,0.006885533554879308,0.06053831635639135,SUPPORT,0.4499905368550498,0.02114138226294026,0.03325991340598257,0.0,0.0,0.009990000882799662,0,ok,0.00688397623079373,0.5379498218647166,FLAT,0.0,1,0.005393189699396264,0.018416409022389623,0.11584315183257785,SUPPORT,0.27161932878015316,0.01237574856923927,0.033931123431654164,-2.500000000000002,-0.0009530571661923171,0.6186263657821578,1,staged_v3,0.1602650057252866,2,1.0423591182111736,0.1492318436526713,2,0,1,1
v3_torso_proxy:v3_right_forearm_proxy,51,0.0,0.3906114332384636,0.0,0.039488600039237945,0.49492537517766577,FLAT,0.0,-1,0.00543897293903549,0.0049324763886869905,0.07345844328852721,SUPPORT,0.44999242948403984,0.02374044577573937,0.03130685623979025,0.0,0.0,0.009990000882799766,0,ok,0.013981821484368698,0.5395620033148589,FLAT,0.0,1,0.006319999197246172,0.016463351856197305,0.11575181303039858,SUPPORT,0.31092506934082775,0.014324238795322627,0.031978066265461846,-2.500000000000002,-0.001953057166192318,0.6166733086159655,1,staged_v3,0.1646377421034635,2,1.0404925368538658,0.15058835426148923,2,0,1,1
v3_torso_proxy:v3_right_forearm_proxy,52,0.0,0.0,0.0,0.039488600039237945,0.5035673317952611,FLAT,0.0,-1,0.0023609435258210303,0.0049324763886869905,0.08251677851447076,SUPPORT,0.4499939435872319,0.02419336253703655,0.03130685623979025,0.0,0.0,0.009990000882799766,0,ok,0.013981821484368698,0.5398621314790839,FLAT,0.0,1,0.008807434930932114,0.016463351856197305,0.11534068528433358,SUPPORT,0.3387400554726622,0.014303682408019377,0.031978066265461846,4.882642915480795,0.0,0.6166733086159655,1,staged_v3,0.16359784369194738,2,1.0397516279577856,0.1532411970104957,2,0,1,1
v3_torso_proxy:v3_right_forearm_proxy,53,0.0,0.17796298907784003,0.0,0.05201677704389531,0.509283471876967,FLAT,0.0,-1,0.0027451096151412625,0.004042661443297791,0.0890073593255328,SUPPORT,0.44999515486978553,0.02540770652297885,0.03041704129440105,0.0,0.0,0.009990000882799544,0,ok,0.026945202219744696,0.5429277706861805,FLAT,0.0,1,0.008231532697872274,0.015573536910808105,0.11480366805576304,SUPPORT,0.36099204437812976,0.01516664649198005,0.031088251320072646,-2.2245373634730004,-0.0008898149453892001,0.6157834936705763,1,staged_v3,0.1700349516859273,2,1.0386028149069015,0.15591211916109904,2,0,1,1
v3_torso_proxy:v3_right_forearm_proxy,54,0.0,0.0,0.0,0.05201677704389531,0.5100058347308137,FLAT,0.0,-1,0.007162879321289714,0.004042661443297791,0.09422086899714899,SUPPORT,0.44999612389582844,0.02566838200655966,0.03041704129440105,0.0,0.0,0.009990000882799544,0,ok,0.026945202219744696,0.5395463504388658,FLAT,0.0,1,0.013080909225217981,0.015573536910808105,0.11437455185812613,SUPPORT,0.37879363550250383,0.015145190682098204,0.031088251320072646,2.2245373634730004,0.0,0.6157834936705763,1,staged_v3,0.17368510754788297,2,1.0380479920310526,0.1595480392601212,2,0,1,1
v3_torso_proxy:v3_right_forearm_proxy,55,0.0,0.0,0.0,0.05201677704389531,0.5071022037011205,FLAT,0.0,-1,0.010827544535640084,0.004042661443297791,0.10153146650086597,SUPPORT,0.44999689911666274,0.02603391188174551,0.03041704129440105,0.0,0.0,0.009990000882799544,0,ok,0.026945202219744696,0.5288961923991977,FLAT,0.0,1,0.026067040086676183,0.015573536910808105,0.11275064418131646,SUPPORT,0.39303490840200306,0.01506399529825772,0.031088251320072646,0.0,0.0,0.6157834936705763,1,staged_v3,0.17424716510568838,2,1.0379946947307845,0.15973824100174444,2,0,1,1
v3_torso_proxy:v3_right_forearm_proxy,56,0.0,0.0,0.0,0.05201677704389531,0.5089733299883441,FLAT,0.0,-1,0.008689966607461866,0.004042661443297791,0.10676973851128177,SUPPORT,0.4499975192933302,0.026295825482266298,0.03041704129440105,0.0,0.0,0.009990000882799544,0,ok,0.026945202219744696,0.5360676156491732,FLAT,0.0,1,0.007165796532893311,0.015573536910808105,0.11162419270136525,SUPPORT,0.40442792672160244,0.015007672724260158,0.031088251320072646,0.0,0.0,0.6157834936705763,1,staged_v3,0.1747666912375013,2,1.038042272426945,0.15982792678020497,2,0,1,1
v3_torso_proxy:v3_right_forearm_proxy,57,0.0,0.0,0.0,0.05201677704389531,0.5125858475824878,FLAT,0.0,-1,0.0055170385964357326,0.004042661443297791,0.110523124420047,SUPPORT,0.44999801543466417,0.02648349477770456,0.03041704129440105,0.0,0.0,0.009990000882799544,0,ok,0.026945202219744696,0.5340764978621526,FLAT,0.0,1,0.01729169951336312,0.015573536910808105,0.10983969832299872,SUPPORT,0.41354234137728196,0.014918448005341832,0.031088251320072646,0.0,0.0,0.6157834936705763,1,staged_v3,0.1750108770384071,2,1.0379784280037383,0.15962847097372343,2,0,1,1
v3_torso_proxy:v3_right_forearm_proxy,58,0.0,0.0,0.0,0.05201677704389531,0.513779770623457,FLAT,0.0,-1,0.007326397922161826,0.004042661443297791,0.11321254294434374,SUPPORT,0.44999841234773136,0.0266179657039194,0.03041704129440105,0.0,0.0,0.009990000882799544,0,ok,0.026945202219744696,0.5446423808286084,FLAT,0.0,1,0.002664096065980471,0.015573536910808105,0.10930105101446799,SUPPORT,0.4208338731018256,0.014891515639915295,0.031088251320072646,0.0,0.0,0.6157834936705763,1,staged_v3,0.17519849407982474,2,1.0381675397734944,0.15947727472639192,2,0,1,1
v3_torso_proxy:v3_right_forearm_proxy,59,0.0,0.0,0.0,0.05201677704389531,0.5122118422777122,FLAT,0.0,-1,0.009993175477284604,0.004042661443297791,0.11513959552423952,SUPPORT,0.44999872987818507,0.026714318332914187,0.03041704129440105,0.0,0.0,0.009990000882799544,0,ok,0.026945202219744696,0.5506450124728467,FLAT,0.0,1,0.005852721539498811,0.015573536910808105,0.10912477223190738,SUPPORT,0.42666709848146045,0.014882701700787267,0.031088251320072646,0.0,0.0,0.6157834936705763,1,staged_v3,0.17530417054810574,2,1.0384686487823611,0.1592667913561706,2,0,1,1
v3_torso_proxy:v3_right_forearm_proxy,60,0.0,0.0,0.0,0.05201677704389531,0.5201651699388369,FLAT,0.0,-1,0.00027331757276716933,0.004042661443297791,0.11652038903485684,SUPPORT,0.44999898390254806,0.026783358008445054,0.03041704129440105,0.0,0.0,0.009990000882799544,0,ok,0.026945202219744696,0.5543762708494424,FLAT,0.0,1,0.0046907119290558585,0.015573536910808105,0.1089069928070268,SUPPORT,0.4313336787851684,0.014871812729543236,0.031088251320072646,0.0,0.0,0.6157834936705763,1,staged_v3,0.17537021209832934,2,1.038489067844216,0.15908487260337292,2,0,1,1
v3_torso_proxy:v3_right_forearm_proxy,61,0.0,0.0,0.0,0.05201677704389531,0.510964398565033,FLAT,0.0,-1,0.014798390824307872,0.004042661443297791,0.11750977081865127,SUPPORT,0.44999918712203846,0.026832827097634775,0.03041704129440105,0.0,0.0,0.009990000882799544,0,ok,0.026945202219744696,0.5589780639630464,FLAT,0.0,1,0.0029679174824965545,0.015573536910808105,0.10872589421469454,SUPPORT,0.4350669430281347,0.014862757799926626,0.031088251320072646,0.0,0.0,0.6157834936705763,1,staged_v3,0.17548106077521303,2,1.0386617765714512,0.15899941905310216,2,0,1,1
v3_torso_proxy:v3_right_forearm_proxy,62,0.0,0.0,0.0,0.05201677704389531,0.48065520473613976,FLAT,0.0,-1,0.040021314691215636,0.004042661443297791,0.11508195335994449,SUPPORT,0.4499993496976308,0.026711436224699438,0.03041704129440105,0.0,0.0,0.009990000882799544,0,ok,0.026945202219744696,0.5637309935004402,FLAT,0.0,1,0.004312036987890807,0.015573536910808105,0.10871332900156716,SUPPORT,0.43805355442250776,0.014862129539270255,0.031088251320072646,0.0,0.0,0.6157834936705763,1,staged_v3,0.17560663925214318,2,1.0390734708337888,0.1590009395000913,2,0,1,1
v3_torso_proxy:v3_right_forearm_proxy,63,0.0,0.0,0.0,0.05201677704389531,0.4820088894122638,FLAT,0.0,-1,0.017402217236442127,0.004042661443297791,0.11317267070997653,SUPPORT,0.4499994797581046,0.026615972092201037,0.03041704129440105,0.0,0.0,0.009990000882799544,0,ok,0.026945202219744696,0.5688112714352912,FLAT,0.0,1,0.0018962460770637463,0.015573536910808105,0.10877964945694696,SUPPORT,0.4404428435380062,0.014865445562039243,0.031088251320072646,0.0,0.0,0.6157834936705763,1,staged_v3,0.1758065723562072,2,1.039513867954079,0.1591330215313615,2,0,1,1
v3_torso_proxy:v3_right_forearm_proxy,64,0.0,0.0,0.0,0.05201677704389531,0.4868398796167718,FLAT,0.0,-1,0.010094745471723964,0.004042661443297791,0.11185805014309526,SUPPORT,0.4499995838064837,0.026550241063856974,0.03041704129440105,0.0,0.0,0.009990000882799544,0,ok,0.026945202219744696,0.5651602711515824,FLAT,0.0,1,0.010657969283203174,0.015573536910808105,0.1089785637523494,SUPPORT,0.44235427483040496,0.014875391276809365,0.031088251320072646,0.0,0.0,0.6157834936705763,1,staged_v3,0.17602382700006322,2,1.0400294743036624,0.15931422013766058,2,0,1,1
v3_torso_proxy:v3_right_forearm_proxy,65,0.0,0.0,0.0,0.05201677704389531,0.48930501112346364,FLAT,0.0,-1,0.01583762764844634,0.004042661443297791,0.11023925087335582,SUPPORT,0.44999966704518696,0.02646930110037,0.03041704129440105,0.0,0.0,0.009990000882799544,0,ok,0.026945202219744696,0.5591632066031611,FLAT,0.0,1,0.015731713350533805,0.015573536910808105,0.10886795925525705,SUPPORT,0.44388341986432395,0.014869861051954748,0.031088251320072646,0.0,0.0,0.6157834936705763,1,staged_v3,0.1761609204345368,2,1.0406319116302911,0.1595790833344729,2,0,1,1
v3_torso_proxy:v3_right_forearm_proxy,66,0.0,0.0,0.0,0.05201677704389531,0.5002040267662675,FLAT,0.0,-1,0.005039226944470979,0.004042661443297791,0.1092035638255283,SUPPORT,0.4499997336361496,0.026417516747978625,0.03041704129440105,0.0,0.0,0.009990000882799544,0,ok,0.026945202219744696,0.5578107829373774,FLAT,0.0,1,0.008907287943881487,0.015573536910808105,0.1086368047231531,SUPPORT,0.44510673589145916,0.014858303325349553,0.031088251320072646,0.0,0.0,0.6157834936705763,1,staged_v3,0.17625158017517345,2,1.041387050694153,0.15982636139905368,2,0,1,1
v3_torso_proxy:v3_right_forearm_proxy,67,0.0,0.0,0.0,0.05201677704389531,0.5079582101686051,FLAT,0.0,-1,0.005781211091437594,0.004042661443297791,0.1086762431035151,SUPPORT,0.4499997869089197,0.02639115071187797,0.03041704129440105,0.0,0.0,0.009990000882799544,0,ok,0.026945202219744696,0.5597162369845312,FLAT,0.0,1,0.0068785495068027155,0.015573536910808105,0.1085419790758568,SUPPORT,0.44608538871316733,0.014853562042984738,0.031088251320072646,0.0,0.0,0.6157834936705763,1,staged_v3,0.17630052227367082,2,1.0427014613786438,0.1599628302476933,2,0,1,1
v3_torso_proxy:v3_right_forearm_proxy,68,0.0,0.0,0.0,0.05201677704389531,0.5138758232986929,FLAT,0.0,-1,0.005776355017462408,0.004042661443297791,0.10836193180282101,SUPPORT,0.44999982952713574,0.026375435146843262,0.03041704129440105,0.0,0.0,0.009990000882799544,0,ok,0.026945202219744696,0.5577641567772789,FLAT,0.0,1,0.009388397985636112,0.015573536910808105,0.10868358745972874,SUPPORT,0.44686831097053387,0.014860642462178334,0.031088251320072646,0.0,0.0,0.6157834936705763,1,staged_v3,0.17638350489240034,2,1.0442568208344027,0.16028805985036715,2,0,1,1
v3_torso_proxy:v3_right_forearm_proxy,69,0.0,0.0,0.0,0.05201677704389531,0.5168370882359105,FLAT,0.0,-1,0.007900627825034909,0.004042661443297791,0.10830101035576496,SUPPORT,0.4499998636217086,0.02637238907449046,0.03041704129440105,0.0,0.0,0.009990000882799544,0,ok,0.026945202219744696,0.5546420568269977,FLAT,0.0,1,0.011180458443974924,0.015573536910808105,0.1087687840172804,SUPPORT,0.4474946487764271,0.014864902290055916,0.031088251320072646,0.0,0.0,0.6157834936705763,1,staged_v3,0.17650556648961357,2,1.0459822205664129,0.16067474374776322,2,0,1,1
v3_torso_proxy:v3_right_forearm_proxy,70,0.0,0.0,0.0,0.05201677704389531,0.5185965245739376,FLAT,0.0,-1,0.007463966461642054,0.004042661443297791,0.1087020051941747,SUPPORT,0.44999989089736686,0.026392438816410946,0.03041704129440105,0.0,0.0,0.009990000882799544,0,ok,0.026945202219744696,0.5578580867257897,FLAT,0.0,1,0.006883330527326694,0.015573536910808105,0.10909323366470869,SUPPORT,0.44799571902114166,0.01488112477242733,0.031088251320072646,0.0,0.0,0.6157834936705763,1,staged_v3,0.17652328884085558,2,1.0479765713144362,0.16103599377501385,2,0,1,1
v3_torso_proxy:v3_right_forearm_proxy,71,0.0,0.0,0.0,0.05201677704389531,0.5188176619529857,FLAT,0.0,-1,0.00989806437434518,0.004042661443297791,0.1091002444549562,SUPPORT,0.44999991271789347,0.02641235077945002,0.03041704129440105,0.0,0.0,0.009990000882799544,0,ok,0.026945202219744696,0.5623073079052899,FLAT,0.0,1,0.0025631216281099003,0.015573536910808105,0.10953399395203034,SUPPORT,0.44839657521691334,0.014903162786793413,0.031088251320072646,0.0,0.0,0.6157834936705763,1,staged_v3,0.17656190329789798,2,1.049960990998284,0.161415988352665,2,0,1,1
v3_torso_proxy:v3_right_forearm_proxy,72,0.0,0.061936034341791846,0.0,0.060628638894703574,0.5213176042708656,FLAT,0.0,-1,0.0045836471583130525,0.003732981271588832,0.10962303573253955,SUPPORT,0.4499999301743148,0.02674817051503815,0.030107361122692092,0.0,0.0,0.009990000882799662,0,ok,0.03523377665188636,0.5550591414030255,FLAT,0.0,1,0.013237772448821563,0.015263856739099146,0.11010838504293256,SUPPORT,0.4487172601735307,0.015241562513047483,0.030778571148363687,-0.7742004292723981,-0.00030968017170895923,0.6154738134988673,1,staged_v3,0.17659250844497382,2,1.051706306611526,0.16180558167613635,2,0,1,1
v3_torso_proxy:v3_right_forearm_proxy,73,0.0,0.0,0.0,0.060628638894703574,0.5185218840992087,FLAT,0.0,-1,0.011312413136167295,0.003732981271588832,0.11087809701005319,SUPPORT,0.4499999441394518,0.02681092357891383,0.030107361122692092,0.0,0.0,0.009990000882799662,0,ok,0.03523377665188636,0.5570545912949598,FLAT,0.0,1,0.00677948196109724,0.015263856739099146,0.11067507653282085,SUPPORT,0.44897380813882454,0.015269897087541898,0.030778571148363687,0.7742004292723981,0.0,0.6154738134988673,1,staged_v3,0.1766194115028825,2,1.0539319787640626,0.16344603135408015,2,0,1,1
v3_torso_proxy:v3_right_forearm_proxy,74,0.0,0.0,0.0,0.060628638894703574,0.5138276228446611,FLAT,0.0,-1,0.0136489355465032,0.003732981271588832,0.11225441818380022,SUPPORT,0.44999995531156145,0.02687973963760118,0.030107361122692092,0.0,0.0,0.009990000882799662,0,ok,0.03523377665188636,0.5483866186265612,FLAT,0.0,1,0.01544538063310728,0.015263856739099146,0.11112604462675993,SUPPORT,0.4491790465110596,0.015292445492238852,0.030778571148363687,0.0,0.0,0.6154738134988673,1,staged_v3,0.17679663294615164,2,1.0556235221076398,0.16393252283877005,2,0,1,1
v3_torso_proxy:v3_right_forearm_proxy,75,0.0,0.0,0.0,0.060628638894703574,0.511945377613599,FLAT,0.0,-1,0.007334891288962083,0.003732981271588832,0.1134718742930449,SUPPORT,0.44999996424924915,0.026940612443063415,0.030107361122692092,0.0,0.0,0.009990000882799662,0,ok,0.03523377665188636,0.5420015931679258,FLAT,0.0,1,0.010519895344835913,0.015263856739099146,0.11159749152651123,SUPPORT,0.44934323720884767,0.015316017837226418,0.030778571148363687,0.0,0.0,0.6154738134988673,1,staged_v3,0.1767545382793138,2,1.057441091160194,0.16431295118604647,2,0,1,1
v3_torso_proxy:v3_right_forearm_proxy,76,0.0,0.0,0.0,0.060628638894703574,0.5095669970655198,FLAT,0.0,-1,0.0096467117202013,0.003732981271588832,0.11459359887045692,SUPPORT,0.44999997139939935,0.026996698671934015,0.030107361122692092,0.0,0.0,0.009990000882799662,0,ok,0.03523377665188636,0.5402435002622857,FLAT,0.0,1,0.013113111193639905,0.015263856739099146,0.11177753636979193,SUPPORT,0.44947458976707816,0.01532502007939045,0.030778571148363687,0.0,0.0,0.6154738134988673,1,staged_v3,0.17671155373356687,2,1.0593315059006887,0.16466583277549707,2,0,1,1
v3_torso_proxy:v3_right_forearm_proxy,77,0.0,0.0,0.0,0.060628638894703574,0.5011325435582294,FLAT,0.0,-1,0.015813632408576393,0.003732981271588832,0.11569167149420123,SUPPORT,0.4499999771195195,0.02705160230312123,0.030107361122692092,0.0,0.0,0.009990000882799662,0,ok,0.03523377665188636,0.5353255772500629,FLAT,0.0,1,0.010988424239752655,0.015263856739099146,0.1118973109362778,SUPPORT,0.44957967181366254,0.015331008807714746,0.030778571148363687,0.0,0.0,0.6154738134988673,1,staged_v3,0.17642216597849847,2,1.0613612798009677,0.16483154707560307,2,0,1,1
v3_torso_proxy:v3_right_forearm_proxy,78,0.0,0.0,0.0,0.060628638894703574,0.5021232495740008,FLAT,0.0,-1,0.011776261702163775,0.003732981271588832,0.11671874857364824,SUPPORT,0.4499999816956156,0.027102956157093582,0.030107361122692092,0.0,0.0,0.009990000882799662,0,ok,0.03523377665188636,0.53651388696934,FLAT,0.0,1,0.010773748315499945,0.015263856739099146,0.11180043675530263,SUPPORT,0.44966373745093,0.015326165098665988,0.030778571148363687,0.0,0.0,0.6154738134988673,1,staged_v3,0.17607942934154075,2,1.0634945174291432,0.1649220030790254,2,0,1,1
v3_torso_proxy:v3_right_forearm_proxy,79,0.0,0.0,0.0,0.060628638894703574,0.4925800804567306,FLAT,0.0,-1,0.015394652212227685,0.003732981271588832,0.11758525712709428,SUPPORT,0.4499999853564925,0.027146281584765883,0.030107361122692092,0.0,0.0,0.009990000882799662,0,ok,0.03523377665188636,0.5391872589188829,FLAT,0.0,1,0.00461889078229778,0.015263856739099146,0.11153731953027252,SUPPORT,0.449730989960744,0.015313009237414483,0.030778571148363687,0.0,0.0,0.6154738134988673,1,staged_v3,0.17556004526298685,2,1.0657007654949833,0.16488953167798792,2,0,1,1
v3_torso_proxy:v3_right_forearm_proxy,80,0.0,0.0,0.0,0.060628638894703574,0.4840604554476634,FLAT,0.0,-1,0.020344208453054,0.003732981271588832,0.1164909769171132,SUPPORT,0.449999988285194,0.027091567574266832,0.030107361122692092,0.0,0.0,0.009990000882799662,0,ok,0.03523377665188636,0.5451813354245882,FLAT,0.0,1,0.0034388924263453486,0.015263856739099146,0.11167712126336651,SUPPORT,0.4497847919685952,0.015319999324069182,0.030778571148363687,0.0,0.0,0.6154738134988673,1,staged_v3,0.17501183821767935,2,1.0678901293597904,0.16490721051469334,2,0,1,1
v3_torso_proxy:v3_right_forearm_proxy,81,0.0,0.0,0.0,0.060628638894703574,0.49406992233386154,FLAT,0.0,-1,0.003649904597508293,0.003732981271588832,0.11576584049886435,SUPPORT,0.4499999906281552,0.02705531075335439,0.030107361122692092,0.0,0.0,0.009990000882799662,0,ok,0.03523377665188636,0.5498135682037519,FLAT,0.0,1,0.003090957910995644,0.015263856739099146,0.11183259556519295,SUPPORT,0.44982783357487616,0.015327773039160504,0.030778571148363687,0.0,0.0,0.6154738134988673,1,staged_v3,0.17444228625350933,2,1.070005898160267,0.16659014095152613,2,0,1,1
v3_torso_proxy:v3_right_forearm_proxy,82,0.0,0.0,0.0,0.060628638894703574,0.4982944756660437,FLAT,0.0,-1,0.004628725555257699,0.003732981271588832,0.1150712177315924,SUPPORT,0.44999999250252415,0.02702057961499079,0.030107361122692092,0.0,0.0,0.009990000882799662,0,ok,0.03523377665188636,0.5461091339775745,FLAT,0.0,1,0.00685961874461995,0.015263856739099146,0.11177743156728755,SUPPORT,0.44986226685990094,0.015325014839265235,0.030778571148363687,0.0,0.0,0.6154738134988673,1,staged_v3,0.17391749608098173,2,1.071971910661739,0.16818698802749033,2,0,1,1
v3_torso_proxy:v3_right_forearm_proxy,83,0.0,0.0,0.0,0.060628638894703574,0.502887307883567,FLAT,0.0,-1,0.0032228738757928707,0.003732981271588832,0.11427138509045312,SUPPORT,0.44999999400201934,0.026980587982933825,0.030107361122692092,0.0,0.0,0.009990000882799662,0,ok,0.03523377665188636,0.5439973105115354,FLAT,0.0,1,0.008594081783148853,0.015263856739099146,0.11145800735066451,SUPPORT,0.44988981348792073,0.01530904362843408,0.030778571148363687,0.0,0.0,0.6154738134988673,1,staged_v3,0.17333946707009093,2,1.073666723308895,0.16972522239506022,2,0,1,1
v3_torso_proxy:v3_right_forearm_proxy,84,0.0,0.0,0.0,0.060628638894703574,0.506581432795298,FLAT,0.0,-1,0.003230733773842904,0.003732981271588832,0.11369304850058974,SUPPORT,0.4499999952016155,0.02695167115344066,0.030107361122692092,0.0,0.0,0.009990000882799662,0,ok,0.03523377665188636,0.5427693968788133,FLAT,0.0,1,0.009183615918840772,0.015263856739099146,0.11125401414745596,SUPPORT,0.4499118507903366,0.015298843968273655,0.030778571148363687,0.0,0.0,0.6154738134988673,1,staged_v3,0.1727333492820554,2,1.0751664120391846,0.17123704799575923,2,0,1,1
v3_torso_proxy:v3_right_forearm_proxy,85,0.0,0.0,0.0,0.060628638894703574,0.5064179818816282,FLAT,0.0,-1,0.007536609714221223,0.003732981271588832,0.11387363835497341,SUPPORT,0.4499999961612924,0.02696070064615984,0.030107361122692092,0.0,0.0,0.009990000882799662,0,ok,0.03523377665188636,0.5392771223595009,FLAT,0.0,1,0.01056781232491824,0.015263856739099146,0.11119216760710691,SUPPORT,0.4499294806322693,0.0152957516412562,0.030778571148363687,0.0,0.0,0.6154738134988673,1,staged_v3,0.17244253834579348,2,1.0764543024377922,0.1735341731254175,2,0,1,1
v3_torso_proxy:v3_right_forearm_proxy,86,0.0,0.0,0.0,0.060628638894703574,0.5062512888772998,FLAT,0.0,-1,0.005306448784503708,0.003732981271588832,0.11378143811491456,SUPPORT,0.4499999969290339,0.0269560906341569,0.030107361122692092,0.0,0.0,0.009990000882799662,0,ok,0.03523377665188636,0.5415596535295177,FLAT,0.0,1,0.007444547264734106,0.015263856739099146,0.1119345645832699,SUPPORT,0.44994358450581545,0.015332871490064352,0.030778571148363687,0.0,0.0,0.6154738134988673,1,staged_v3,0.175108395192536,2,1.0776323008579742,0.17583641119999524,2,0,1,1
v3_torso_proxy:v3_right_forearm_proxy,87,0.0,0.0,0.0,0.060628638894703574,0.5080700438969035,FLAT,0.0,-1,0.005450587087902347,0.003732981271588832,0.11378361296213901,SUPPORT,0.4499999975432271,0.026956199376518122,0.030107361122692092,0.0,0.0,0.009990000882799662,0,ok,0.03523377665188636,0.5388680780767243,FLAT,0.0,1,0.006414998280709407,0.015263856739099146,0.1123681484568353,SUPPORT,0.44995486760465236,0.015354550683742623,0.030778571148363687,0.0,0.0,0.6154738134988673,1,staged_v3,0.17789728461253163,2,1.0788485404465022,0.1781019466458143,2,0,1,1
v3_torso_proxy:v3_right_forearm_proxy,88,0.0,0.0,0.0,0.060628638894703574,0.5096271576642418,FLAT,0.0,-1,0.002912711854037888,0.003732981271588832,0.11380217840639031,SUPPORT,0.4499999980345817,0.026957127648730685,0.030107361122692092,0.0,0.0,0.009990000882799662,0,ok,0.03523377665188636,0.5418682674677925,FLAT,0.0,1,0.0017340581178377115,0.015263856739099146,0.11252265798605483,SUPPORT,0.4499638940837219,0.015362276160203598,0.030778571148363687,0.0,0.0,0.6154738134988673,1,staged_v3,0.18026677815162628,2,1.0799606232464896,0.1800133646880118,2,0,1,1
v3_torso_proxy:v3_right_forearm_proxy,89,0.0,0.0,0.0,0.060628638894703574,0.5119449608478364,FLAT,0.0,-1,0.003197357685452392,0.003732981271588832,0.11386180134297891,SUPPORT,0.44999999842766536,0.026960108795560114,0.030107361122692092,0.0,0.0,0.009990000882799662,0,ok,0.03523377665188636,0.5442434960092026,FLAT,0.0,1,0.0015238018858481912,0.015263856739099146,0.11252067534812676,SUPPORT,0.44997111526697753,0.015362177028307195,0.030778571148363687,0.0,0.0,0.6154738134988673,1,staged_v3,0.18234857981340385,2,1.0810562982996492,0.18164843081352572,2,0,1,1
v3_torso_proxy:v3_right_forearm_proxy,90,0.0,0.0,0.0,0.060628638894703574,0.5116139890907072,FLAT,0.0,-1,0.006679988133058698,0.003732981271588832,0.11393795623573072,SUPPORT,0.4499999987421323,0.026963916540197707,0.030107361122692092,0.0,0.0,0.009990000882799662,0,ok,0.03523377665188636,0.5439847530153267,FLAT,0.0,1,0.005190347077274832,0.015263856739099146,0.11258544579612956,SUPPORT,0.449976892213582,0.015365415550707334,0.030778571148363687,0.0,0.0,0.6154738134988673,1,staged_v3,0.1846533194385353,2,1.081450045033055,0.1835128221055184,2,0,1,1
v3_torso_proxy:v3_right_forearm_proxy,91,0.0,0.0,0.0,0.060628638894703574,0.5086627555576024,FLAT,0.0,-1,0.009769529002523458,0.003732981271588832,0.11413653738352267,SUPPORT,0.44999999899370585,0.026973845597587302,0.030107361122692092,0.0,0.0,0.009990000882799662,0,ok,0.03523377665188636,0.5391152243173468,FLAT,0.0,1,0.0118141800708283,0.015263856739099146,0.11266069088258474,SUPPORT,0.4499815137708656,0.015369177805030092,0.030778571148363687,0.0,0.0,0.6154738134988673,1,staged_v3,0.18660028736851836,2,1.0817211938679514,0.18506414510940555,2,0,1,1
v3_torso_proxy:v3_right_forearm_proxy,92,0.0,0.0,0.0,0.060628638894703574,0.4965151776332213,FLAT,0.0,-1,0.014777687117437866,0.003732981271588832,0.11335630169569555,SUPPORT,0.4499999991949647,0.026934833813195946,0.030107361122692092,0.0,0.0,0.009990000882799662,0,ok,0.03523377665188636,0.5344559893859069,FLAT,0.0,1,0.01044726592115378,0.015263856739099146,0.11304733710454391,SUPPORT,0.4499852110166925,0.015388510116128053,0.030778571148363687,0.0,0.0,0.6154738134988673,1,staged_v3,0.1885377567877439,2,1.081882370089044,0.18663956710760893,2,0,1,1
v3_torso_proxy:v3_right_forearm_proxy,93,0.0,0.0,0.0,0.060628638894703574,0.4967159113434187,FLAT,0.0,-1,0.007883204142283806,0.003732981271588832,0.11354407118045143,SUPPORT,0.44999999935597174,0.02694422228743374,0.030107361122692092,0.0,0.0,0.009990000882799662,0,ok,0.03523377665188636,0.528267248881058,FLAT,0.0,1,0.016627307159947504,0.015263856739099146,0.1135048801096878,SUPPORT,0.44998816881335396,0.015411387266385246,0.030778571148363687,0.0,0.0,0.6154738134988673,1,staged_v3,0.19014695411922009,2,1.0818288759475754,0.18790525970788946,2,0,1,1
v3_torso_proxy:v3_right_forearm_proxy,94,0.0,0.0,0.0,0.060628638894703574,0.4970209268705612,FLAT,0.0,-1,0.0042864691951658256,0.003732981271588832,0.11370215491830615,SUPPORT,0.44999999948477737,0.026952126474326477,0.030107361122692092,0.0,0.0,0.009990000882799662,0,ok,0.03523377665188636,0.5258058224312623,FLAT,0.0,1,0.010843633869988507,0.015263856739099146,0.11368208592405796,SUPPORT,0.44999053505068315,0.015420247557103754,0.030778571148363687,0.0,0.0,0.6154738134988673,1,staged_v3,0.19160540387556174,2,1.0816891901633516,0.18902789179651913,2,0,1,1
v3_torso_proxy:v3_right_forearm_proxy,95,0.0,0.0,0.0,0.060628638894703574,0.4964578698701414,FLAT,0.0,-1,0.005907237759547871,0.003732981271588832,0.11368758447542207,SUPPORT,0.4499999995878219,0.026951397952182272,0.030107361122692092,0.0,0.0,0.009990000882799662,0,ok,0.03523377665188636,0.528009808646858,FLAT,0.0,1,0.007636527270681574,0.015263856739099146,0.11360763422871915,SUPPORT,0.4499924280405465,0.015416524972336813,0.030778571148363687,0.0,0.0,0.6154738134988673,1,staged_v3,0.19257983445982263,2,1.0818469328889115,0.18973026072157037,2,0,1,1
v3_torso_proxy:v3_right_forearm_proxy,96,0.0,0.0,0.0,0.060628638894703574,0.4982155754426515,FLAT,0.0,-1,0.004996684850298518,0.003732981271588832,0.1135969888276491,SUPPORT,0.4499999996702575,0.026946868169793626,0.030107361122692092,0.0,0.0,0.009990000882799662,0,ok,0.03523377665188636,0.5299314113777898,FLAT,0.0,1,0.007599512631731846,0.015263856739099146,0.11316752784181075,SUPPORT,0.44999394243243723,0.015394519652991392,0.030778571148363687,0.0,0.0,0.6154738134988673,1,staged_v3,0.19355955699490213,2,1.0820258056714158,0.1904823594101144,2,0,1,1
v3_torso_proxy:v3_right_forearm_proxy,97,0.0,0.0,0.0,0.060628638894703574,0.49811438479523806,FLAT,0.0,-1,0.005022671300669347,0.003732981271588832,0.11424102083117312,SUPPORT,0.449999999736206,0.026979069769969825,0.030107361122692092,0.0,0.0,0.009990000882799662,0,ok,0.03523377665188636,0.530724757145005,FLAT,0.0,1,0.00850986900871815,0.015263856739099146,0.11243191964084889,SUPPORT,0.4499951539459498,0.0153577392429433,0.030778571148363687,0.0,0.0,0.6154738134988673,1,staged_v3,0.19369925071648295,2,1.0821689831898214,0.19050638287746813,2,0,1,1
v3_torso_proxy:v3_right_forearm_proxy,98,0.0,0.0,0.0,0.060628638894703574,0.4993921170297809,FLAT,0.0,-1,0.005411455613602255,0.003732981271588832,0.11458917279639831,SUPPORT,0.4499999997889648,0.026996477368231086,0.030107361122692092,0.0,0.0,0.009990000882799662,0,ok,0.03523377665188636,0.5319218945321054,FLAT,0.0,1,0.007167657752163782,0.015263856739099146,0.11171410589587943,SUPPORT,0.44999612315675985,0.015321848555694826,0.030778571148363687,0.0,0.0,0.6154738134988673,1,staged_v3,0.1940752566400065,2,1.0828529071183763,0.19078950927452637,2,0,1,1
v3_torso_proxy:v3_right_forearm_proxy,99,0.0,0.0,0.0,0.060628638894703574,0.5003617958176979,FLAT,0.0,-1,0.006532701759603792,0.003732981271588832,0.11473875993808785,SUPPORT,0.44999999983117184,0.027003956725315564,0.030107361122692092,0.0,0.0,0.009990000882799662,0,ok,0.03523377665188636,0.5243490588431718,FLAT,0.0,1,0.01547731839933462,0.015263856739099146,0.11177057019522911,SUPPORT,0.44999689852540786,0.015324671770662313,0.030778571148363687,0.0,0.0,0.6154738134988673,1,staged_v3,0.1939285142927873,2,1.0837640544093892,0.19057914164176754,2,0,1,1
v3_torso_proxy:v3_right_forearm_proxy,100,0.0,0.0,0.0,0.060628638894703574,0.4956225505848035,FLAT,0.0,-1,0.012025995577793597,0.003732981271588832,0.11565198163639094,SUPPORT,0.4499999998649375,0.027049617810230717,0.030107361122692092,0.0,0.0,0.009990000882799662,0,ok,0.03523377665188636,0.5186258750641903,FLAT,0.0,1,0.019799338179848174,0.015263856739099146,0.11301896069742444,SUPPORT,0.4499975188203263,0.015387091295772079,0.030778571148363687,0.0,0.0,0.6154738134988673,1,staged_v3,0.19416807788067333,2,1.0845880911212604,0.19076720871955452,2,0,1,1
v3_torso_proxy:v3_right_forearm_proxy,101,0.0,0.0,0.0,0.060628638894703574,0.49488064214274186,FLAT,0.0,-1,0.008447037263920279,0.003732981271588832,0.11622644278786368,SUPPORT,0.44999999989195,0.027078340867804356,0.030107361122692092,0.0,0.0,0.009990000882799662,0,ok,0.03523377665188636,0.5233604258249712,FLAT,0.0,1,0.006525368977224612,0.015263856739099146,0.1143685412075943,SUPPORT,0.449998015056261,0.015454570321280569,0.030778571148363687,0.0,0.0,0.6154738134988673,1,staged_v3,0.19432963962727343,2,1.0851892139971524,0.1908991966479148,2,0,1,1
v3_torso_proxy:v3_right_forearm_proxy,102,0.0,0.20000000000000018,0.0,0.07482712298779418,0.4977205894976056,FLAT,0.0,-1,0.005191457581377083,0.004732981271588832,0.11664416839550218,SUPPORT,0.44999999991356,0.02609922714818628,0.031107361122692093,0.0,0.0,0.009990000882799544,0,ok,0.049589951308304146,0.535764803120024,FLAT,0.0,1,0.0008129034202029157,0.016263856739099147,0.11553963472114165,SUPPORT,0.44999841204500884,0.014513124996957939,0.03177857114836369,2.500000000000002,0.0010000000000000009,0.6164738134988673,1,staged_v3,0.19428635398133667,2,1.08530127001167,0.1908942190523639,2,0,1,1
v3_torso_proxy:v3_right_forearm_proxy,103,0.0,0.40000000000000036,0.0,0.08400197646586526,0.49880872092253253,FLAT,0.0,-1,0.004487376937888549,0.006732981271588834,0.11684887144795059,SUPPORT,0.449999999930848,0.024109462300808696,0.033107361122692094,0.0,0.0,0.009990000882799544,0,ok,0.058873010927628894,0.5336679647201494,FLAT,0.0,1,0.012424937742478584,0.01826385673909915,0.11637495114889716,SUPPORT,0.44999872963600707,0.012554890818345713,0.03377857114836369,2.500000000000002,0.0020000000000000018,0.6184738134988673,1,staged_v3,0.1925286382907661,2,1.085903691363274,0.1917496571152687,2,0,1,1
v3_torso_proxy:v3_right_forearm_proxy,104,0.0,0.3531917448000632,0.0,0.07395199715035458,0.49111991280523704,FLAT,0.0,-1,0.016323050590288848,0.00849893999558915,0.11686155416447036,UNLOADING,0.3857142856550126,0.022344137712634368,0.03487331984669241,0.0,0.0,0.009990000882799676,0,ok,0.04817789056000173,0.5323981029283542,FLAT,0.0,1,0.00929105677511338,0.02002981546309947,0.11687080974247743,SUPPORT,0.44999898370880564,0.0108137250240244,0.035544529872364006,-0.5851031899992143,0.001765958724000316,0.6202397722228676,1,staged_v3,0.1938091000376205,2,1.0866725275720386,0.19319993151434545,2,0,1,1
v3_torso_proxy:v3_right_forearm_proxy,105,0.0,0.15319174480006303,0.0,0.0654790052685003,0.4856436663243795,FLAT,0.0,-1,0.013262436828962026,0.009264898719589465,0.1168386774962751,UNLOADING,0.3374863292655488,0.021577035155224293,0.035639278570692726,0.0,0.0,0.009990000882799752,0,ok,0.03996216255756256,0.5342043083418323,FLAT,0.0,1,0.007169985815293973,0.020795774187099787,0.08881446985827364,SUPPORT,0.4499991869670445,0.008644949305813898,0.03631048859636432,-2.500000000000002,0.0007659587240003152,0.621005730946868,1,staged_v3,0.19189810582423125,2,1.08624577366317,0.1908436281126933,2,0,1,1
v3_torso_proxy:v3_right_forearm_proxy,106,0.0,0.034482390662771145,0.0,0.06066051767263434,0.4864322704037229,FLAT,0.0,-1,0.00949872097284307,0.00909248676627561,0.116773153181716,UNLOADING,0.30031939887715786,0.021746170892810193,0.03546686661737887,0.0,0.0,0.009990000882799544,0,ok,0.03553450475598943,0.5198559253863337,FLAT,0.0,1,0.021435333752026053,0.02062336223378593,0.06856861825108597,SUPPORT,0.4499993495736356,0.00780506867876837,0.036138076643050465,-2.3459266932854272,-0.00017241195331385573,0.6208333189935541,1,staged_v3,0.19084910756371423,2,1.08592078352903,0.18957120917830717,2,0,1,1
v3_torso_proxy:v3_right_forearm_proxy,107,0.0,0.09343573860591814,0.0,0.06766544746813787,0.470214561182622,FLAT,0.0,-1,0.022299855061778676,0.0095596654593052,0.11735928387639369,SUPPORT,0.3302555191017263,0.021308298734514487,0.03593404531040846,0.0,0.0,0.009990000882799676,0,ok,0.041979801444550595,0.5061964150745514,FLAT,0.0,1,0.029296224152094263,0.02109054092681552,0.053228880089702856,SUPPORT,0.44999947965890846,0.006570903077669624,0.036605255336080056,1.598976615858616,0.0004671786930295907,0.6213004976865837,1,staged_v3,0.18866205680654508,2,1.0848693507005356,0.18749307099121224,2,0,1,1
v3_torso_proxy:v3_right_forearm_proxy,108,0.0,0.10656426139408204,0.0,0.06646962965234197,0.4718735344945349,FLAT,0.0,-1,0.010903661912982794,0.00902684415233479,0.11745925626184635,SUPPORT,0.354204415281381,0.02184611866075753,0.03540122400343805,0.0,0.0,0.009990000882799676,0,ok,0.041202829074554234,0.4959088777405568,FLAT,0.0,1,0.022108227586064767,0.02055771961984511,0.06870230462986274,SUPPORT,0.4499995837271268,0.007877395611648026,0.036072434029109646,-2.500000000000002,-0.0005328213069704102,0.6207676763796133,1,staged_v3,0.1906578400010216,2,1.085075555329097,0.18920995315730288,2,0,1,1
v3_torso_proxy:v3_right_forearm_proxy,109,0.0,0.07853379438031993,0.0,0.0774305450835374,0.4727392109630035,FLAT,0.0,-1,0.010865529110010685,0.00941951312423639,0.1175893262952068,SUPPORT,0.3733635322251048,0.02145995319052395,0.03579389297533965,0.0,0.0,0.009990000882799766,0,ok,0.05214743432019525,0.5043201447021506,FLAT,0.0,1,0.002986837366138036,0.02095038859174671,0.08117556855028112,SUPPORT,0.4499996669817014,0.008108389835767348,0.036465103001011245,2.3137256971800246,0.00039266897190159966,0.6211603453515149,1,staged_v3,0.19189219333112598,2,1.0849333700218449,0.19018299140052983,2,0,1,1
v3_torso_proxy:v3_right_forearm_proxy,110,0.0,0.12146620561968025,0.0,0.0739463394514819,0.47382464237456656,FLAT,0.0,-1,0.009857194513143649,0.008812182096137988,0.11766624753883545,SUPPORT,0.38869082578008385,0.022071130280803784,0.03518656194724125,0.0,0.0,0.009990000882799544,0,ok,0.04905769597370229,0.508124378664021,FLAT,0.0,1,0.00935197949001046,0.02034305756364831,0.09194315309821419,SUPPORT,0.4499997335853611,0.009254100091262402,0.035857771972912844,-2.500000000000002,-0.0006073310280984012,0.6205530143234165,1,staged_v3,0.19267696180097588,2,1.0845229936149292,0.19149236757297244,2,0,1,1
v3_torso_proxy:v3_right_forearm_proxy,111,0.0,0.07285401908945222,0.0,0.0826733480627632,0.4752624513115377,FLAT,0.0,-1,0.009429691822158647,0.00917645219158525,0.11775465463734935,SUPPORT,0.4009526606240671,0.02171128054028222,0.03555083204268851,0.0,0.0,0.009990000882799676,0,ok,0.057673505042267335,0.5143128995731459,FLAT,0.0,1,0.005713834932413925,0.02070732765909557,0.09984286709933611,SUPPORT,0.4499997868682889,0.009284815695871237,0.036222042068360105,2.4290028088641558,0.0003642700954472611,0.6209172844188637,1,staged_v3,0.19389293358341375,2,1.083950703900814,0.19223701186081685,2,0,1,1
v3_torso_proxy:v3_right_forearm_proxy,112,0.0,0.08437820008340147,0.0,0.07349425818845166,0.4770814519361664,FLAT,0.0,-1,0.00884847682186668,0.008754561191168242,0.11796479924904765,UNLOADING,0.3436737091063432,0.02214367877128414,0.0351289410422715,0.0,0.0,0.009990000882799766,0,ok,0.04771143911892083,0.5225712128395912,FLAT,0.0,1,0.00202627723146618,0.020285436658678564,0.10576529459437803,SUPPORT,0.44999982949463113,0.010002828071040339,0.0358001510679431,-1.965402739660671,-0.00042189100041700733,0.6204953934184467,1,staged_v3,0.19560193953637564,2,1.0838676715650097,0.1938772665231049,2,0,1,1
v3_torso_proxy:v3_right_forearm_proxy,113,0.0,0.0756501210448679,0.0,0.06647857947418136,0.4813458738787208,FLAT,0.0,-1,0.005073721473546279,0.008376310585943902,0.1179390533704631,UNLOADING,0.3015684356426483,0.022520642082579256,0.03475069043704716,0.0,0.0,0.009990000882799662,0,ok,0.04070990540967362,0.5235463690595265,FLAT,0.0,1,0.0062277260547202035,0.019907186053454224,0.08150649378216387,SUPPORT,0.44999986359570493,0.00916813863565397,0.03542190046271876,0.10910098798166956,-0.0003782506052243395,0.6201171428132224,1,staged_v3,0.1950500605412664,2,1.0830741213187054,0.1926902527221716,2,0,1,1
v3_torso_proxy:v3_right_forearm_proxy,114,0.0,0.016246385175411326,0.0,0.0624726688879896,0.46337432772679166,FLAT,0.0,-1,0.02597515662171245,0.008295078660066846,0.11673218604293156,UNLOADING,0.2684687729334117,0.022541530642079734,0.034669458511170106,0.0,0.0,0.009990000882799537,0,ok,0.036787404976991615,0.523221023727179,FLAT,0.0,1,0.0034023250013640476,0.019825954127577167,0.06392990346737679,SUPPORT,0.44999989087656395,0.008370541045791675,0.0353406685368417,0.7425466983682072,-8.123192587705663e-05,0.6200359108873453,1,staged_v3,0.19487341468896416,2,1.0827074115446,0.19210852370075412,2,0,1,1
v3_torso_proxy:v3_right_forearm_proxy,115,0.0,0.028093205103285612,0.0,0.06876059332405028,0.45521734250933066,FLAT,0.0,-1,0.02010862486963278,0.008435544685583274,0.11504916608000558,SUPPORT,0.3047750183467294,0.022316913618417006,0.034809924536686535,0.0,0.0,0.009990000882799544,0,ok,0.04332989312613712,0.5222624586615332,FLAT,0.0,1,0.003835943911009942,0.019966420153093595,0.05135816404895311,SUPPORT,0.44999991270125117,0.0076014880493540625,0.03548113456235813,0.5542448784837117,0.00014046602551642806,0.6201763769128618,1,staged_v3,0.19379989384743096,2,1.0821121478571363,0.191039715233007,2,0,1,1
v3_torso_proxy:v3_right_forearm_proxy,116,0.0,0.06335640533008391,0.0,0.07635415411508732,0.4565515018938643,FLAT,0.0,-1,0.01284391777363021,0.008752326712233693,0.11360738942117762,SUPPORT,0.3338200146773835,0.02192804275882519,0.035126706563336954,0.0,0.0,0.009990000882799676,0,ok,0.05126257973496361,0.5098243965814022,FLAT,0.0,1,0.019433070219091752,0.020283202179744015,0.07064451025165605,SUPPORT,0.4499999301610009,0.008249023332838789,0.03579791658900855,0.4407900028349787,0.00031678202665041955,0.6204931589395122,1,staged_v3,0.19628276889791518,2,1.0827387961467165,0.1934424398836785,2,0,1,1
v3_torso_proxy:v3_right_forearm_proxy,117,0.0,0.04290058844951261,0.0,0.0819305463575601,0.4635564103354597,FLAT,0.0,-1,0.0063817850786866154,0.008966829654481256,0.11593840626574445,SUPPORT,0.35705601174190676,0.021830090658805968,0.03534120950558452,0.0,0.0,0.009990000882799676,0,ok,0.05707236510566414,0.49201892435812633,FLAT,0.0,1,0.032777759757452965,0.020497705121991578,0.08393882983428834,SUPPORT,0.44999994412880073,0.008699236369722842,0.03601241953125611,-0.2556977110071412,0.00021450294224756306,0.6207076618817597,1,staged_v3,0.19757761907879764,2,1.0833423333960888,0.19478769337356458,2,0,1,1
v3_torso_proxy:v3_right_forearm_proxy,118,0.0,0.08034772287770497,0.0,0.0737698712700829,0.4679413130584371,FLAT,0.0,-1,0.008323859852869351,0.008565091040092732,0.11881215643926571,UNLOADING,0.3060480100644915,0.022375516781870556,0.03493947089119599,0.0,0.0,0.009990000882799544,0,ok,0.04806672562060269,0.4772606324753646,FLAT,0.0,1,0.027945585201068577,0.020095966507603053,0.09315102055581878,SUPPORT,0.4499999553030406,0.009561584520187887,0.03561068091686759,-1.5406038915902198,-0.00040173861438852487,0.6203059232673712,1,staged_v3,0.20012494865336936,2,1.0842525506225091,0.19703560340420698,2,0,1,1
v3_torso_proxy:v3_right_forearm_proxy,119,0.0,0.05327699354602533,0.0,0.06764173642790788,0.47039084209895754,FLAT,0.0,-1,0.007629146405584136,0.008298706072362605,0.12113936353695626,UNLOADING,0.26902431856577375,0.02275826210448521,0.034673085923465866,0.0,0.0,0.009990000882799662,0,ok,0.04185625687244043,0.4655810390000117,FLAT,0.0,1,0.025777574082527722,0.019829581539872927,0.07098923312895362,SUPPORT,0.4499999642424325,0.008719880116574756,0.03534429594913746,0.33838411664599555,-0.00026638496773012665,0.6200395382996411,1,staged_v3,0.19899509780219693,2,1.0841547036082717,0.19561586596502875,2,0,1,1
v3_torso_proxy:v3_right_forearm_proxy,120,0.0,0.0040920882921069435,0.0,0.06414154984311925,0.47688031460032215,FLAT,0.0,-1,0.0030713297744560395,0.00827824563090207,0.12273590205981443,UNLOADING,0.24017772379422178,0.02285854947208865,0.03465262548200533,0.0,0.0,0.009990000882799544,0,ok,0.03835163324425228,0.46235290555783615,FLAT,0.0,1,0.024163682592955857,0.019809121098412392,0.05527184544453871,SUPPORT,0.449999971393946,0.007954471173814547,0.035323835507676926,0.6148113156739798,-2.0460441460534717e-05,0.6200190778581806,1,staged_v3,0.19861220633688223,2,1.0840252208997456,0.19481114661225796,2,0,1,1
v3_torso_proxy:v3_right_forearm_proxy,121,0.0,0.13188030729966993,0.0,0.06889582753818828,0.4737984478281362,FLAT,0.0,-1,0.010706482348670299,0.007618844094403721,0.12401350735133221,SUPPORT,0.2821421790353774,0.023581831273162893,0.03399322394550698,0.0,0.0,0.009990000882799662,0,ok,0.04364361657953454,0.4735677125455293,FLAT,0.0,1,0.007311078237582082,0.019149719561914035,0.04412730527124284,SUPPORT,0.44999997711515677,0.008056645701648109,0.034664433971178576,-1.5973527375945373,-0.0006594015364983496,0.6193596763216822,1,staged_v3,0.20008706332213005,2,1.0838618448668753,0.19415973832674913,2,0,1,1
v3_torso_proxy:v3_right_forearm_proxy,122,0.0,0.3318803072996701,0.0,0.06252969951086716,0.469098459097542,FLAT,0.0,-1,0.013001998958447145,0.00595944255790537,0.125268010972759,SUPPORT,0.3157137432283019,0.02530395799073258,0.03233382240900863,0.0,0.0,0.009990000882799662,0,ok,0.039321946271717895,0.47860282392668024,FLAT,0.0,1,0.005624103675360246,0.017490318025415685,0.06429111211572941,SUPPORT,0.4499999816921254,0.010724237580370787,0.033005032434680226,-2.500000000000002,-0.0016594015364983505,0.6177002747851839,1,staged_v3,0.22117221965386052,2,1.0869274816327155,0.20297578279289397,2,0,1,1
v3_torso_proxy:v3_right_forearm_proxy,123,0.8577865035191327,0.5318803072996703,0.7202143378864643,0.05402401414861844,0.46579092798532706,FLAT,0.0,-1,0.010757680090090729,0.014481861847419102,0.125673274116348,SUPPORT,0.34257099458264156,0.0168018018583983,0.026765845399519227,0.1357572043748492,0.7202143378864643,0.03270868796477949,0,ok,0.09751631789282136,0.4855224614283278,FLAT,0.0,1,0.004776577738391076,0.06263560732510251,0.07939240773377321,SUPPORT,0.44999998535370034,0.0,0.077551115121851,-2.500000000000002,-0.0026594015364983514,0.6150408732486855,0,staged_v3,0.24428497047724684,2,1.0976096791403562,0.2299004097371166,2,0,0,0
v3_torso_proxy:v3_right_forearm_proxy,124,0.3610663909253472,0.7318803072996705,0.4662202725860223,0.062151182690915074,0.4397354790804394,FLAT,0.0,-1,0.03616781024758462,0.004408882371278667,0.12570526795862227,SUPPORT,0.36405679566611326,0.026876381026652445,0.03822125569780392,0.08788045099865271,0.4662202725860223,0.01902991762947336,0,ok,0.05257653220407862,0.4823740159041496,FLAT,0.0,1,0.013192061444592493,0.03415540825241765,0.08997657551102284,UNLOADING,0.3857142731603146,0.0,0.056603590226598666,-2.500000000000002,-0.0036594015364983523,0.6113814717121872,1,staged_v3,0.2215912096346218,2,1.085605940633812,0.20455778956649104,2,0,0,0
v3_torso_proxy:v3_right_forearm_proxy,125,0.3407144940739428,0.6091007208784305,0.35370416323356224,0.03852552302668148,0.41282647602362615,FLAT,0.0,-1,0.048374413980030895,0.013375302747447103,0.09710979912243516,SUPPORT,0.3812454365328906,0.016480187208674658,0.03780551867803011,0.06667166404552105,0.35370416323356224,0.009990721513123853,0,ok,0.018750847323036418,0.4787003338409926,FLAT,0.0,1,0.01223671738618443,0.020824146256195067,0.09855152316224658,UNLOADING,0.3510155118191116,0.009103429901917263,0.039274584529987416,1.5347448302654998,-0.0030455036043921524,0.608335968107795,1,staged_v3,0.20005483806358632,2,1.0830531033888655,0.19973633858262566,2,0,1,1
v3_torso_proxy:v3_right_forearm_proxy,126,0.0002441406250001244,0.4091007208784303,4.509444300055912e-05,0.06353514996703503,0.4144523994378442,FLAT,0.0,-1,0.014990251257727912,0.011322683467768456,0.0764125736512631,SUPPORT,0.3949963492263125,0.0174979452147947,0.035749588261906814,8.500102250896813e-06,4.509444300055912e-05,0.00999012308969387,0,ok,0.040896934221650916,0.47536424192174265,FLAT,0.0,1,0.015661199119764598,0.018779916095861122,0.10464240232595945,UNLOADING,0.3547686535774544,0.01145220402043685,0.03722576584407044,2.500000000000002,-0.0020455036043921515,0.6062904645034028,1,staged_v3,0.19104801412506645,2,1.0776172858761666,0.18721735073066373,2,0,1,1
v3_torso_proxy:v3_right_forearm_proxy,127,0.0,0.20910072087843012,0.0,0.07512356362996939,0.4205228144895814,FLAT,0.0,-1,0.015110430105446193,0.010277179863376305,0.06172510128966712,SUPPORT,0.40599707938105,0.017809075201107052,0.034704084657514664,0.0,0.0,0.00999012308969387,0,ok,0.055042098802862614,0.46161967649137187,FLAT,0.0,1,0.022282398084049457,0.017734412491468978,0.10890064526343136,SUPPORT,0.37381492286196355,0.012710619771702594,0.0361802622396783,2.500000000000002,-0.0010455036043921506,0.6052449608990107,1,staged_v3,0.1967114918946375,2,1.0783810899174004,0.1905352292211169,2,0,1,1
v3_torso_proxy:v3_right_forearm_proxy,128,0.0,0.009100720878429946,0.0,0.09586719646845356,0.4258895457772106,FLAT,0.0,-1,0.008691550436893661,0.010231676258984156,0.07959600466727995,SUPPORT,0.41479766350484,0.018748123974379843,0.034658581053122514,0.0,0.0,0.009990123089693877,0,ok,0.07878806925652798,0.459977404011251,FLAT,0.0,1,0.015176223313387164,0.01768890888707683,0.11188148189822983,SUPPORT,0.38905193828957085,0.012905165207834666,0.03613475863528615,2.500000000000002,-4.550360439214973e-05,0.6051994572946185,1,staged_v3,0.19633991326797484,2,1.0785308775938227,0.19230197345377845,2,0,1,1
v3_torso_proxy:v3_right_forearm_proxy,129,0.0,0.19089927912157023,0.0,0.08770977045656733,0.40635536855469134,FLAT,0.0,-1,0.036303772938774154,0.011186172654592007,0.0921554409577765,UNLOADING,0.35554085443272,0.01842159939329682,0.035613077448730365,0.0,0.0,0.009990123089693746,0,ok,0.07448895023425114,0.4597233742782689,FLAT,0.0,1,0.016545032243490507,0.018643405282684673,0.11408568310174405,SUPPORT,0.4012415506316567,0.012060878872402533,0.03708925503089399,2.500000000000002,0.0009544963956078512,0.6061539536902264,1,staged_v3,0.19675003196376767,2,1.0788917608143567,0.19498078981921102,2,0,1,1
v3_torso_proxy:v3_right_forearm_proxy,130,0.0,0.0007052303344634581,0.0,0.07570345976916457,0.38928314762791427,FLAT,0.0,-1,0.043517298685112685,0.011189698806264324,0.09775556172578923,UNLOADING,0.3047493037994743,0.018698079280025138,0.03561660360040268,0.0,0.0,0.00999012308969387,0,ok,0.059939864581632835,0.4470263645619984,FLAT,0.0,1,0.02543074297689186,0.01864693143435699,0.08720719348461692,SUPPORT,0.4109932405053253,0.010713428239873857,0.03709278118256631,-2.3774256098388347,3.5261516723172903e-06,0.6061574798418987,1,staged_v3,0.19595230909624003,2,1.0786794344497956,0.19370336667863589,2,0,1,1
v3_torso_proxy:v3_right_forearm_proxy,131,0.0,0.20070523033446364,0.0,0.0729754257333812,0.3985333780410374,FLAT,0.0,-1,0.013812648187150224,0.012193224957936642,0.10192329142967843,UNLOADING,0.26637905405191176,0.017902939613547282,0.036620129752075,0.0,0.0,0.009990123089693891,0,ok,0.05832863769471284,0.447753911661309,FLAT,0.0,1,0.01717675656310951,0.019650457586029308,0.06811889427463236,SUPPORT,0.41879459240426026,0.00875548712770231,0.038096307334238626,2.500000000000002,0.0010035261516723182,0.607161005993571,1,staged_v3,0.19638103341904617,2,1.0783050348748906,0.1935293061490489,2,0,1,1
v3_torso_proxy:v3_right_forearm_proxy,132,2.8295383000321805e-05,0.0007052303344634581,1.0765937824749426e-05,0.07150283365562689,0.41239382426644433,FLAT,0.0,-1,0.007511086977767525,0.01219654069817299,0.10514803472127679,SUPPORT,0.30310324324152943,0.01806086103789085,0.03662329594042182,2.0293314707542365e-06,1.0765937824749426e-05,0.009990042663201536,0,ok,0.05260299305845601,0.42908578292152866,FLAT,0.0,1,0.030238783806705794,0.01965336134749717,0.05214534163904142,SUPPORT,0.4250356739234082,0.0079539057344549,0.038099065306325335,-2.500000000000002,3.5261516723172903e-06,0.6071645321452434,1,staged_v3,0.19560847778752682,2,1.0805034962731077,0.19701432754558534,2,1,1,1
v3_torso_proxy:v3_right_forearm_proxy,133,0.00011286773911004056,0.19929476966553672,3.824976926217188e-05,0.0715970914495152,0.4207504017560235,FLAT,0.0,-1,0.007837978124094641,0.011198581776884046,0.10769292907737923,SUPPORT,0.33248259459322355,0.01918606467698492,0.035624892153319404,7.209911646932632e-06,3.824976926217188e-05,0.009990008019473775,0,ok,0.052280815915940484,0.43217885045966714,FLAT,0.0,1,0.016985016497439432,0.018655193117323794,0.06917661723369446,SUPPORT,0.4300285391387266,0.009803637744360931,0.037099965223043825,-2.500000000000002,-0.0009964738483276836,0.6061680582969157,1,staged_v3,0.19707962455528003,2,1.0807126231632385,0.1986687228065714,2,1,1,1
v3_torso_proxy:v3_right_forearm_proxy,134,0.6292724609374996,0.0007052303344634581,0.09364497593645643,0.04207265525129785,0.42595337503364983,FLAT,0.0,-1,0.011668002552862211,0.017565057990750112,0.1096262651209371,SUPPORT,0.35598607567457885,0.012916255265296744,0.03093346535142412,0.01765166210685387,0.09364497593645643,0.009990008019420817,0,ok,0.02269581169606286,0.4394704324617291,FLAT,0.0,1,0.003090848086952395,0.005557201010866665,0.08142566504859206,SUPPORT,0.43402283131098124,0.023514082241562942,0.01236337384987056,2.500000000000002,3.5261516723172903e-06,0.606171584448588,1,staged_v3,0.19886817861331907,2,1.0808000386409429,0.19886817861331907,2,1,1,1
v3_torso_proxy:v3_right_forearm_proxy,135,0.9681142158054192,0.19929476966553672,0.5498850905963766,0.057235081513865756,0.42139762497296934,FLAT,0.0,-1,0.01614052124023632,0.013371150456257242,0.11098846902305587,LOADING,0.33149436500162727,0.017178272994895553,0.028962677396949982,0.10365089765616808,0.5498850905963766,0.02569486726120661,0,ok,0.10680070089897309,0.44723182200076617,FLAT,0.0,1,0.005273660999277619,0.054304605735805464,0.09020511085173,SUPPORT,0.43721826504878497,0.0,0.0705565015463632,-2.500000000000002,-0.0009964738483276836,0.6051751106002603,0,staged_v3,0.22299138727264317,2,1.0890433924508942,0.21312893674653735,2,0,0,0
v3_torso_proxy:v3_right_forearm_proxy,136,0.3133342819917006,0.3992947696655369,0.4999399759933578,0.0696594656447939,0.42476167050532876,FLAT,0.0,-1,0.011533738889844006,0.020932397100655167,0.11203427508961866,LOADING,0.29867149517952374,0.009669316653825769,0.052273393488168673,0.09423646534899544,0.4999399759933578,0.011264895221802632,0,ok,0.06039035444538328,0.4514280419386609,FLAT,0.0,1,0.006695716621761614,0.0268194035610931,0.09663932814915344,UNLOADING,0.37475851289895856,0.003012562846364572,0.05076074517648827,-2.500000000000002,-0.0019964738483276845,0.6031786367519326,0,staged_v3,0.227765281260518,2,1.0842385763132425,0.20671922545242513,2,0,0,0
v3_torso_proxy:v3_right_forearm_proxy,137,0.11080246126260342,0.5992947696655371,0.04440695138993158,0.060319194051628625,0.4261751435326804,FLAT,0.0,-1,0.0109870604252995,0.015225121950368622,0.08464455368543232,LOADING,0.264004774120977,0.014007105733902996,0.04594686375618147,0.008370513135295687,0.04440695138993158,0.009990065365300654,0,ok,0.04953099460394682,0.44525027116651356,FLAT,0.0,1,0.016515770992402694,0.02115810184624725,0.1007106630281796,UNLOADING,0.334521767751502,0.00887743130516173,0.0440197769489422,-2.500000000000002,-0.0029964738483276854,0.6001821629036049,1,staged_v3,0.19373937636929797,2,1.0774797515690993,0.19156609137425654,2,0,1,1
v3_torso_proxy:v3_right_forearm_proxy,138,0.0,0.7992947696655373,0.0,0.05529606346788777,0.4296376915597015,FLAT,0.0,-1,0.008804489114623958,0.011228648102040818,0.06522532706824316,LOADING,0.23967595234243322,0.017032618251371343,0.04195038990785367,0.0,0.0,0.009990065365300674,0,ok,0.04451600486224328,0.4457894716950884,FLAT,0.0,1,0.010745911591854243,0.017161627997919565,0.10378246317416198,UNLOADING,0.3081253663940106,0.013027495160788535,0.04002330310061451,-2.500000000000002,-0.003996473848327686,0.5961856890552772,1,staged_v3,0.19618996625836213,2,1.07798792520515,0.19317760173836998,2,0,1,1
v3_torso_proxy:v3_right_forearm_proxy,139,0.687126881023333,0.7119290551459434,0.999985962602809,0.06891417174956498,0.43035953931046506,FLAT,0.0,-1,0.009838704125063628,0.03006161549861113,0.05146179698894001,LOADING,0.22260055828059558,0.0,0.03526652178103907,0.18849291322835415,0.999985962602809,0.04564883197058241,0,ok,0.07431267889681813,0.4505946691875228,FLAT,0.0,1,0.0034901550207869416,0.06200122014741462,0.10609253005896901,SUPPORT,0.3365002931152085,0.0,0.07324167256329925,1.0920714314949231,-0.003559645275729717,0.5926260437795475,0,staged_v3,0.23814475252826278,2,1.0861036501779282,0.22684355824150962,2,0,0,0
v3_torso_proxy:v3_right_forearm_proxy,140,1.0000000000000004,0.5119290551459432,0.4947948758185662,0.056290168774852496,0.42358239747671056,FLAT,0.0,-1,0.016801161887749782,0.022709799413256185,0.06915328250732464,LOADING,0.19922807844155696,0.005747864712110046,0.0378208078660989,0.0932666368143289,0.4947948758185662,0.045651983381034086,0,ok,0.014136781558819731,0.45164210069839633,FLAT,0.0,1,0.002611538382473927,0.006232723366329077,0.10769748691047559,SUPPORT,0.3592002344921668,0.024152150979194705,0.013223868592029436,2.500000000000002,-0.002559645275729716,0.5900663985038178,0,staged_v3,0.20468178565900502,2,1.0806416872544025,0.20468178565900502,2,1,1,1
v3_torso_proxy:v3_left_forearm_proxy,141,0.960331935894226,0.31192905514594305,0.9999687261556033,0.12418551362774066,0.4311262114917929,FLAT,0.0,-1,0.00033704232281825446,0.04640972211631562,0.08190181533234062,LOADING,0.1866874079154878,0.0,0.04530746502379285,0.18848966423459923,0.9999687261556033,0.06998597351060472,0,ok,0.11296968194968555,0.44642439065925116,FLAT,0.0,1,0.00801674722988443,0.08130623661943519,0.10870001377568744,SUPPORT,0.37736018759373346,0.0,0.08418480866819855,2.500000000000002,-0.0015596452757297152,0.5885067532280881,0,staged_v3,0.24648872040832787,2,1.0798876321038355,0.22350807952084412,2,0,0,0
v3_torso_proxy:v3_right_forearm_proxy,142,0.29787518267652324,0.31192905514594305,0.8452237661593286,0.07092437873552886,0.4355612183938491,FLAT,0.0,-1,0.002029458089140657,0.013946930449867688,0.09100866480029814,UNLOADING,0.16001777821327526,0.01560350279014722,0.03800231081048118,0.15932092646433865,0.8452237661593286,0.06441407336549111,0,ok,0.04165058014720038,0.44261483177144767,FLAT,0.0,1,0.013653256815797024,0.03637775899609768,0.10933318917199077,UNLOADING,0.3234515893660573,0.0,0.055382833347057625,0.0,-0.0015596452757297152,0.5869471079523584,0,staged_v3,0.24717703830287918,2,1.0807672626109943,0.2479860252054439,2,1,0,0
v3_torso_proxy:v3_left_forearm_proxy,143,0.614169050136806,0.11192905514594287,0.5550503456009901,0.04093282717734502,0.4367842443789931,FLAT,0.0,-1,0.003167660255924582,0.009090214994173566,0.06940075812747437,UNLOADING,0.1449220799670253,0.019379822912200154,0.023237788638379952,0.10462452528675278,0.5550503456009901,0.06746497232354189,0,ok,0.030014669279381928,0.43672930488180056,FLAT,0.0,1,0.012476300502375163,0.05971562542067378,0.08159045752048805,UNLOADING,0.30587216107910675,0.0,0.07427227584734614,2.500000000000002,-0.0005596452757297143,0.5863874626766287,0,staged_v3,0.2308505287888735,2,1.0805165467366873,0.21848841865309518,2,0,0,0
v3_torso_proxy:v3_right_forearm_proxy,144,0.6931013063053437,0.08807094485405731,1.0,0.01165895891995844,0.43614615654762,FLAT,0.0,-1,0.0037912801390252455,0.011386340352170884,0.053853829046206766,UNLOADING,0.1581614094908047,0.016306351100139456,0.03967310945052923,0.1884955592153876,1.0,0.03868440209955078,0,ok,0.07837249975827358,0.4402690076770205,FLAT,0.0,1,0.004998421414738826,0.02216487057984466,0.06189894935756953,UNLOADING,0.3033262240853097,0.005930076888033816,0.05212415152389721,2.500000000000002,0.00044035472427028655,0.586827817400899,0,staged_v3,0.24352546389072235,2,1.0748524807559148,0.23557676298964783,2,0,1,1
v3_torso_proxy:v3_right_forearm_proxy,145,0.9999999999999999,0.2880709448540575,0.9999999999999996,0.1811668025498682,0.4365849246601054,FLAT,0.0,-1,0.0024807324369635793,0.053152586815332664,0.04269194280130812,LOADING,0.20569477282677628,0.003600010536483067,0.02353458660358234,0.18849555921538752,0.9999999999999996,0.035157904991919106,0,ok,0.05318593667498589,0.440817512824201,FLAT,0.0,1,0.0013826857687033885,0.03784407945207052,0.04766372479337084,LOADING,0.2651335527108236,0.0051693596903169235,0.02221382654935162,2.500000000000002,0.0014403547242702874,0.5882681721251692,0,staged_v3,0.35557984889565236,2,1.084780735531099,0.3561142879830856,2,1,1,1
v3_torso_proxy:v3_right_forearm_proxy,146,1.0000000000000002,0.48807094485405766,1.0,0.2421036720221706,0.43482483281389844,FLAT,0.0,-1,0.004368986193134902,0.15615931478416162,0.0629653304869245,UNLOADING,0.17630980528009396,0.0,0.10714556109286333,0.1884955592153876,1.0,0.03515781377056,0,ok,0.08780464363206228,0.4407438938895496,FLAT,0.0,1,0.0017119856054699427,0.022411895707601277,0.06573474221796466,LOADING,0.24623117481707302,0.00798359357061168,0.020303143540286554,2.500000000000002,0.0024403547242702883,0.5907085268494395,0,staged_v3,0.39938939538335755,2,1.0812930954199427,0.39938939538335755,2,1,0,0
v3_torso_proxy:v3_right_forearm_proxy,147,0.18688964843750014,0.6880709448540578,0.18688964843750028,0.19503853557896186,0.42907601507797066,FLAT,0.0,-1,0.009571363212594585,0.13387992849968444,0.07750517241211617,UNLOADING,0.15112269024008054,0.0,0.09053659986671975,0.035227868793793804,0.18688964843750028,0.03659108957279038,0,ok,0.08822060651428429,0.43821401059788023,FLAT,0.0,1,0.0053801183883351875,0.016683926136417827,0.05031360615085917,LOADING,0.21377714220095595,0.01639542967019835,0.011120250637344611,2.500000000000002,0.003440354724270289,0.5941488815737098,1,staged_v3,0.29412422321209614,2,1.07707924860029,0.2951220475621383,2,1,1,1
v3_torso_proxy:v3_right_forearm_proxy,148,0.086745195593602,0.888070944854058,0.10193568070192414,0.1645651397264846,0.4290545285053424,FLAT,0.0,-1,0.005012020899352532,0.13306805562030688,0.08797896886561772,UNLOADING,0.1295337344914976,0.0,0.09543615344887416,0.019214423137910386,0.10193568070192414,0.03718470839455271,0,ok,0.08557950312286507,0.43454850143269064,FLAT,0.0,1,0.007843893971311295,0.01440928980964085,0.03928596444660858,LOADING,0.18588916513309767,0.017066081671502895,0.009898216550827534,2.500000000000002,0.00444035472427029,0.5985892362979801,1,staged_v3,0.17686304391463395,2,1.0817993905754406,0.17777451984873588,2,1,1,1
v3_torso_proxy:v3_right_forearm_proxy,149,0.6082583824398323,0.766053208640538,0.910441578025612,0.01901766268993758,0.43100582626621076,FLAT,0.0,-1,0.003104708211419711,0.01396470185421297,0.09560646654676411,UNLOADING,0.11102891527842652,0.015815621473125235,0.04500911615098222,0.17161419438287767,0.910441578025612,0.028793653052239503,0,ok,0.06052949463420258,0.42977633469863336,FLAT,0.0,1,0.010257943892783847,0.01761706760687931,0.031471399509311354,LOADING,0.16251025118912346,0.008956502368586257,0.04068891133195834,-1.5252217026689996,0.0038302660432026903,0.6024195023411828,0,staged_v3,0.17948636062167664,2,1.0809286081938392,0.1789157231899498,2,1,0,0
v3_torso_proxy:v3_right_forearm_proxy,150,0.11439701423155044,0.5660532086405379,0.30151849390307806,0.032754125404733034,0.42542763685520907,FLAT,0.0,-1,0.011754313507001894,0.016446947959891222,0.10120440934586175,LOADING,0.15499720344232193,0.013613272507401866,0.051599968892944076,0.056834897122042136,0.30151849390307806,0.025999677919130087,0,ok,0.054164201656388515,0.42073558236219194,FLAT,0.0,1,0.013088694961725864,0.008596175297068163,0.02640813693616286,LOADING,0.1528095449970292,0.017724231549739983,0.03802420599548646,-2.500000000000002,0.0028302660432026894,0.6052497683843855,0,staged_v3,0.17995079502584968,2,1.0800635451860583,0.18105308829338368,2,1,0,0
v3_torso_proxy:v3_right_forearm_proxy,151,0.2775268554687499,0.766053208640538,0.09785194057361238,0.04387999014953803,0.42283204105268785,FLAT,0.0,-1,0.007775919358698649,0.022119801352006238,0.10528671536141378,LOADING,0.17325971704505252,0.008144534416064452,0.04976424930663406,0.01844465625873394,0.09785194057361238,0.02690372476438378,0,ok,0.06640295123729402,0.41610594480020247,FLAT,0.0,1,0.009456368653014044,0.00617731129159026,0.05100385831629571,LOADING,0.148426735567615,0.021372881624224526,0.02801757134924169,2.500000000000002,0.0038302660432026903,0.6090800344275882,1,staged_v3,0.17674274330139783,2,1.077514110976233,0.17862754015228313,2,1,1,1
v3_torso_proxy:v3_right_forearm_proxy,152,0.25028744449374607,0.5660532086405379,0.2530813752127648,0.0570472759330554,0.4212249915680888,FLAT,0.0,-1,0.005222168540189479,0.0053026337722951004,0.10817810151667734,LOADING,0.17338834561251684,0.025106271303538766,0.047342004334740895,0.04770471534772944,0.2530813752127648,0.024238598845138525,0,ok,0.06484952517546697,0.41781714184883867,FLAT,0.0,1,0.003462927974594522,0.01654263585104492,0.06852779275221091,LOADING,0.13675252844488778,0.011883753786565629,0.04714979049317926,-2.500000000000002,0.0028302660432026894,0.6119103004707909,0,staged_v3,0.17572239943675166,2,1.0785948022955414,0.17717665040550482,2,1,0,0
v3_torso_proxy:v3_right_forearm_proxy,153,0.09148891720827419,0.3660532086405377,0.14402328371107645,0.0659584538742465,0.41704260277783267,FLAT,0.0,-1,0.009312078180965204,0.0052788666238308725,0.11141980369755908,LOADING,0.1630209289732193,0.025292123561047083,0.047967603433348105,0.027147749403155782,0.14402328371107645,0.020964431957262778,0,ok,0.07693851475166637,0.41636701261233006,FLAT,0.0,1,0.006384902064825119,0.013519199115090284,0.08190010903186476,LOADING,0.12737203507739664,0.015575806336502955,0.04615503741196339,-2.500000000000002,0.0018302660432026885,0.6137405665139936,0,staged_v3,0.17816882400491713,2,1.0789095496855057,0.17999217265860998,2,1,0,0
v3_torso_proxy:v3_right_forearm_proxy,154,0.6201171875000003,0.5660532086405379,0.0848491843816175,0.10070948505976493,0.41128831049756687,FLAT,0.0,-1,0.01252264123129013,0.02138172974369526,0.11369553385032247,LOADING,0.14887059914001155,0.009303046948820864,0.04346734741821893,0.01599369445898252,0.0848491843816175,0.022394655502940262,0,ok,0.11524481391925961,0.41333098732972035,FLAT,0.0,1,0.007938767704542101,0.005436581668759492,0.0914087595452443,LOADING,0.11420223170665403,0.024133856308502726,0.01953401321815962,2.500000000000002,0.0028302660432026894,0.6165708325571962,1,staged_v3,0.18102981405582347,2,1.078887734088374,0.1822837889161617,2,1,1,1
v3_torso_proxy:v3_right_forearm_proxy,155,0.5409434469689401,0.3660532086405377,0.13795549547020822,0.06807721972832258,0.4118438837895812,FLAT,0.0,-1,0.0034473597571181348,0.011211843522787687,0.11542705825315888,UNLOADING,0.12760337069143848,0.019559509389870257,0.05261431832287006,0.026003998265492767,0.13795549547020822,0.019171923264184414,0,ok,0.07981120426994336,0.40921951684312274,FLAT,0.0,1,0.00925161805769555,0.021607313122649595,0.09812277696921563,UNLOADING,0.09788762717713202,0.008298825725811188,0.052704502569224196,-2.500000000000002,0.0018302660432026885,0.6184010986003989,0,staged_v3,0.17924268445787664,2,1.0796608480079177,0.18108826197077638,2,1,0,0
v3_torso_proxy:v3_right_forearm_proxy,156,0.04251554793808624,0.16605320864053752,0.11290913157001906,0.08488464093854375,0.41073703817977597,FLAT,0.0,-1,0.004258174962190332,0.013860652586879324,0.08831240626927486,UNLOADING,0.1177537655091912,0.01555496772658442,0.05510352155071073,0.021282869895814516,0.11290913157001906,0.015665291596073373,0,ok,0.09985550656412046,0.4031267741675352,FLAT,0.0,1,0.011195419726775112,0.02117479165382152,0.07447418454831559,UNLOADING,0.088074098789022,0.007548917573594261,0.052822247252260576,-2.500000000000002,0.0008302660432026876,0.6192313646436016,0,staged_v3,0.1830871781551798,2,1.080259344257358,0.18478228137925784,2,1,0,0
v3_torso_proxy:v3_right_forearm_proxy,157,0.04935944022798995,0.03394679135946266,0.12195360827405978,0.10680921956275233,0.40674849905990307,FLAT,0.0,-1,0.007948568169450079,0.014721637438603632,0.0688449065703871,UNLOADING,0.10396250190683881,0.013720607889915724,0.055736374200549665,0.022987713589953218,0.12195360827405978,0.01217696553368652,0,ok,0.12211280324427345,0.3924262548646747,FLAT,0.0,1,0.016569363668408593,0.02098774421926787,0.05730916219967309,UNLOADING,0.07647127691699877,0.006877713890715786,0.0522587171570557,-2.500000000000002,-0.0001697339567973133,0.6190616306868043,0,staged_v3,0.1854882674441043,2,1.0812462285276128,0.1871996548730699,2,1,0,0
v3_torso_proxy:v3_right_forearm_proxy,158,0.15267003896755668,0.23394679135946284,0.15468379148683248,0.09800742587222779,0.40370215381229124,FLAT,0.0,-1,0.008028288116889493,0.011251158650118442,0.05495744809858551,LOADING,0.0896790522738541,0.016496713754810835,0.050090825985365066,0.0291572077778669,0.15468379148683248,0.009990014644243973,0,ok,0.11441832106120604,0.39143259135939046,FLAT,0.0,1,0.009473212944933059,0.013524425657281864,0.04543524337647623,LOADING,0.065683885944635,0.01374733651154195,0.04226644422906037,-2.500000000000002,-0.0011697339567973142,0.617891896730007,1,staged_v3,0.18498440334945757,2,1.081431901041598,0.18682108843365533,2,1,1,1
v3_torso_proxy:v3_right_forearm_proxy,159,0.10316986590178438,0.433946791359463,0.1144379616969514,0.11055057590149106,0.4000843773593316,FLAT,0.0,-1,0.009810856624088033,0.009580705181560276,0.07332721599131961,UNLOADING,0.07686775909187495,0.019085655618005706,0.04998758194925401,0.021571047585535963,0.1144379616969514,0.010010720943340632,0,ok,0.12561719732487034,0.39377880571431495,FLAT,0.0,1,0.006598730533353523,0.01772670146299248,0.0658471031249973,UNLOADING,0.056300473666830005,0.010565653693257387,0.04846352577292591,-2.500000000000002,-0.002169733956797315,0.6157221627732097,0,staged_v3,0.1872537966112343,2,1.0828748179622987,0.1891717573305119,2,1,0,0
v3_torso_proxy:v3_right_forearm_proxy,160,0.03185071980403653,0.6339467913594632,0.09162854948106945,0.11192037305984141,0.3909849026465484,FLAT,0.0,-1,0.021922383212532887,0.008456116137305493,0.05757312628908641,UNLOADING,0.06628313841946404,0.01942254017714883,0.047982265215611164,0.017271574674529,0.09162854948106945,0.00999490857116089,0,ok,0.1269212233122607,0.3827265737450158,FLAT,0.0,1,0.02186737508967572,0.015128725545613148,0.052159588792134226,UNLOADING,0.04835158927997515,0.012479253893993566,0.04561665249708583,-2.500000000000002,-0.003169733956797316,0.6125524288164124,0,staged_v3,0.18832467562850586,2,1.0829295125149216,0.19020727602165188,2,1,1,1
v3_torso_proxy:v3_right_forearm_proxy,161,0.39717516875368153,0.433946791359463,0.999999537133339,0.10847967376236156,0.3872263416854886,FLAT,0.0,-1,0.01827223595875329,0.059110176573924755,0.04598526571827155,UNLOADING,0.057166005746471946,0.0,0.08134926736896489,0.1884954719670775,0.999999537133339,0.014501390723606029,0,ok,0.123650002369105,0.3794532001441493,FLAT,0.0,1,0.015381927408377528,0.010853148855037829,0.043070246029344214,UNLOADING,0.04152673209233368,0.016300363446429385,0.03762494796031452,2.500000000000002,-0.002169733956797315,0.610382694859615,0,staged_v3,0.19408912705059803,2,1.0861967055484738,0.19556412471427037,2,1,1,1
v3_torso_proxy:v3_right_forearm_proxy,162,0.6156616210937496,0.23394679135946284,0.552910914842364,0.11082225911520956,0.3858292105427338,FLAT,0.0,-1,0.012349670747875614,0.009803883681619326,0.037442369556408006,LOADING,0.04947854950454548,0.017068234796201075,0.03726620008632387,0.10422125208950295,0.552910914842364,0.009990023207877872,0,ok,0.1315849593401919,0.3803260283894563,FLAT,0.0,1,0.009448507927862249,0.031163415032846344,0.0376986902222178,LOADING,0.03570977788814824,0.0,0.05528151408626773,2.500000000000002,-0.0011697339567973142,0.6092129609028177,1,staged_v3,0.18718350099594622,2,1.0833431698289921,0.18824094099796582,2,1,1,1
v3_torso_proxy:v3_right_forearm_proxy,163,0.03731945339586347,0.3698471335037423,0.04991127877465073,0.12335316286269951,0.3853027404218807,FLAT,0.0,-1,0.009495213626077886,0.007631427498933793,0.059590007292643896,UNLOADING,0.04241018528961041,0.020348072865698404,0.036931414677131257,0.009408054403782895,0.04991127877465073,0.009990000002630794,0,ok,0.1428482078756457,0.37641403783031474,FLAT,0.0,1,0.015326776098011842,0.025681011570426848,0.06336540937054248,UNLOADING,0.030608381046984205,0.0024872588981002773,0.05083733332227565,-1.6987542768034936,-0.0018492356675187116,0.607363725235299,1,staged_v3,0.18798829320748986,2,1.0823024646364516,0.18798829320748986,2,1,1,1
v3_torso_proxy:v3_right_forearm_proxy,164,0.09716796875000011,0.16984713350374214,0.04830159949841771,0.10859731747784457,0.38450345622001775,FLAT,0.0,-1,0.008355882822575851,0.0030885508537830163,0.04696354679565485,UNLOADING,0.03647060776257251,0.02425962648599973,0.032636313074835506,0.009104637008451932,0.04830159949841771,0.012138430056804306,0,ok,0.0,0.3755030106087861,FLAT,0.0,1,0.01113531072221327,0.03343532146070989,0.054678875753222785,UNLOADING,0.026250218807396235,0.0,0.057517630911082765,2.500000000000002,-0.0008492356675187107,0.6065144895677803,1,staged_v3,0.19093348399613355,2,1.0849679103284215,0.19132050231685996,2,1,1,1
v3_torso_proxy:v3_right_forearm_proxy,165,0.1681279681352157,0.030152866496258035,0.1643613089742043,0.111749204571211,0.38020880188474415,FLAT,0.0,-1,0.009551796975559326,0.005548709820433959,0.03809851124200914,UNLOADING,0.031727540680444644,0.0213562157416665,0.04029153528843886,0.030981376848465747,0.1643613089742043,0.009990198587321832,0,ok,0.0,0.37674369586583173,FLAT,0.0,1,0.010228999914708294,0.020817022647561686,0.04956427714042508,UNLOADING,0.09261430842852292,0.006661191209459568,0.047684303833448835,2.500000000000002,0.00015076433248129018,0.6066652539002616,1,staged_v3,0.18836045195251797,2,1.0839897465131223,0.1900583158607602,2,1,1,1
v3_torso_proxy:v3_right_forearm_proxy,166,0.00023138002436772702,0.16984713350374214,0.00028033790715747037,0.0,0.3761149082307076,FLAT,0.0,-1,0.012031240642575863,0.004711753974588534,0.03256989077574398,LOADING,0.02754697949451861,0.021916740564198667,0.03944615450522121,5.284245057891879e-05,0.00028033790715747037,0.00999003183588867,0,ok,0.0,0.3764329881275932,FLAT,0.0,1,0.012408650956865714,0.019969787562507613,0.046586144389181926,LOADING,0.14587073206078432,0.007359519656951485,0.04683377699099831,-2.500000000000002,-0.0008492356675187107,0.6058160182327429,1,staged_v3,0.18974382674109555,2,1.082274153556927,0.19100449595648844,2,1,1,1
v3_torso_proxy:v3_right_forearm_proxy,167,0.0,0.0,0.0,0.0,0.37318923482685723,FLAT,0.0,-1,0.01692200461550238,0.004711753974588534,0.05764083617834223,LOADING,0.09237324265135118,0.02317028783432858,0.03944615450522121,0.0,0.0,0.00999003183588867,0,ok,0.0,0.37123686638540065,FLAT,0.0,1,0.01948900773943263,0.019969787562507613,0.0736179808438705,LOADING,0.1854780172220878,0.008711111479685913,0.04683377699099831,2.123089168796777,0.0,0.6058160182327429,1,staged_v3,0.19124517292937387,2,1.0854709278619654,0.1927116052018077,2,1,1,1
v3_torso_proxy:v3_right_forearm_proxy,168,0.0,0.0,0.0,0.0,0.37073539108327025,FLAT,0.0,-1,0.016684335469179974,0.004711753974588534,0.07692223850584268,LOADING,0.14234211310264216,0.0241343579507036,0.03944615450522121,0.0,0.0,0.00999003183588867,0,ok,0.0,0.3667776954896391,FLAT,0.0,1,0.020224260896112404,0.019969787562507613,0.09347409748303803,LOADING,0.21488111006303753,0.00970391731164429,0.04683377699099831,0.0,0.0,0.6058160182327429,1,staged_v3,0.1932775378984113,2,1.0869680537819464,0.19448369825975298,2,1,1,1
v3_torso_proxy:v3_right_forearm_proxy,169,0.0,0.0,0.0,0.0,0.3685771050267569,FLAT,0.0,-1,0.017037330246111718,0.004711753974588534,0.09163133873781512,LOADING,0.1808344687751231,0.024869812962302222,0.03944615450522121,0.0,0.0,0.00999003183588867,0,ok,0.0,0.36312039657700684,FLAT,0.0,1,0.022393248107718297,0.019969787562507613,0.10910328134145522,LOADING,0.236605442008119,0.010485376504565151,0.04683377699099831,0.0,0.0,0.6058160182327429,1,staged_v3,0.1959844925972584,2,1.0882238374361337,0.19769149199669975,2,1,1,1
v3_torso_proxy:v3_right_forearm_proxy,170,0.0,0.0,0.0,0.0,0.367251270340465,FLAT,0.0,-1,0.01647251295461245,0.004711753974588534,0.10314853046516725,LOADING,0.2105415433187745,0.02544567254866983,0.03944615450522121,0.0,0.0,0.00999003183588867,0,ok,0.0,0.3593111649022282,FLAT,0.0,1,0.02059188519459843,0.019969787562507613,0.12205457637645922,LOADING,0.2523754721830461,0.011132941256315351,0.04683377699099831,0.0,0.0,0.6058160182327429,1,staged_v3,0.19494013090026488,2,1.0883810821378492,0.19690081728820355,2,1,1,1
v3_torso_proxy:v3_right_forearm_proxy,171,0.0003891463038616542,0.0002929687499930722,0.0011856260758914194,0.0,0.3651449754774254,FLAT,0.0,-1,0.017188940690929782,0.004756800922222044,0.112539801835045,LOADING,0.23324356111424632,0.025870189169530208,0.03946197643342856,0.0002234852501954987,0.0011856260758914194,0.009990000762354203,0,ok,0.0,0.3558045581561183,FLAT,0.0,1,0.023567191610926543,0.020011192495326572,0.13397281218271379,LOADING,0.26352766192893995,0.011687448113809121,0.04684231686937418,-0.0036621093749134026,-1.464843749965361e-06,0.6058145533889929,1,staged_v3,0.19346230431919545,2,1.0880818040363052,0.1944611226744253,2,1,1,1
v3_torso_proxy:v3_right_forearm_proxy,172,0.3403164881828306,0.20029296874999325,0.8668703637957509,0.0,0.35868805622728145,FLAT,0.0,-1,0.019899228599796683,0.031736455815515534,0.12086442271471355,LOADING,0.24966193516673874,0.0,0.05036347432569046,0.16340121399092655,0.8668703637957509,0.009996211134203768,0,ok,0.0,0.35170966170299106,FLAT,0.0,1,0.02534233618066896,0.05467957534438944,0.1449899632008873,LOADING,0.2709651877022075,0.0,0.05859704769899388,-2.500000000000002,-0.0010014648437499662,0.604813088545243,0,staged_v3,0.19184107512224868,2,1.088374529344681,0.1928895916443606,2,1,1,1
v3_torso_proxy:v3_right_forearm_proxy,173,0.9999999999999999,0.0002929687499930722,0.7301669887718086,0.0,0.3549333696150166,FLAT,0.0,-1,0.023828146349904777,0.007578862638959748,0.1271102161496932,LOADING,0.26169309059029355,0.023776648168524917,0.015022381198414855,0.1376332348691577,0.7301669887718086,0.015242055084587067,0,ok,0.0,0.3485259947795391,FLAT,0.0,1,0.026036616761377366,0.037173496933546685,0.1559638032846216,LOADING,0.27560586117979924,0.0,0.03539142498324045,2.500000000000002,-1.464843749965361e-06,0.604811623701493,0,staged_v3,0.18179533934900577,2,1.0857354439194904,0.18038321906673707,2,1,1,1
v3_torso_proxy:v3_right_forearm_proxy,174,0.24853515624999922,0.20029296874999325,0.24184250570980795,0.0,0.3522324229876653,FLAT,0.0,-1,0.026503611036602155,0.00868307926341462,0.13177590047375926,LOADING,0.27051780812671716,0.022905715760273344,0.014730878699946322,0.04558623835582082,0.24184250570980795,0.009990928073502218,0,ok,0.0,0.3465040002841834,FLAT,0.0,1,0.02874122134277349,0.03180516709619396,0.16780297549416442,LOADING,0.2781566085470127,0.0015849816785142648,0.03408467835296464,-2.500000000000002,-0.0010014648437499662,0.603810158857743,1,staged_v3,0.22366365179991562,2,1.068598589473403,0.1950001036657294,2,0,1,1
v3_torso_proxy:v3_right_forearm_proxy,175,1.0000000000000004,0.4002929687499934,0.9999749315329687,0.0,0.34425690043396207,FLAT,0.0,-1,0.031424202200073914,0.011734855777437117,0.13482417082647968,LOADING,0.27598279635770556,0.02000635276388687,0.03424612266622652,0.18849083392067587,0.9999749315329687,0.010193128434096813,0,ok,0.0,0.3469706197598406,FLAT,0.0,1,0.026737948998519123,0.028829043155277408,0.1816636143937787,LOADING,0.2793130234147739,0.00525413756441153,0.0458440882774961,-2.500000000000002,-0.002001464843749967,0.6018086940139931,0,staged_v3,0.1967749756388724,2,1.0900487276794133,0.18715529356917687,2,0,0,0
v3_torso_proxy:v3_right_forearm_proxy,176,0.3853149414062493,0.20029296874999325,0.38531494140625,0.0,0.33771711867455284,FLAT,0.0,-1,0.034294535868697705,0.011260363585349178,0.13659210125704185,LOADING,0.27910376264702885,0.03011772439479938,0.0017118806680527171,0.0726301553544154,0.38531494140625,0.0101934687679603,0,ok,0.0,0.34386536341722396,FLAT,0.0,1,0.03456758490203615,0.050510573022582314,0.19855487648331432,LOADING,0.2787810513065243,0.0,0.07347537684073523,2.500000000000002,-0.0010014648437499662,0.6008072291702431,1,staged_v3,0.2479973756581824,2,1.0907833298812517,0.2479973756581824,2,1,1,1
v3_torso_proxy:v3_right_forearm_proxy,177,0.0,0.0002929687499930722,0.0,0.0,0.3308783318054323,FLAT,0.0,-1,0.03895189271793051,0.011258898741599212,0.13751669188233023,LOADING,0.2803584177576241,0.03016541876981376,0.0017104158243027518,0.0,0.0,0.010193468767960404,0,ok,0.0,0.3343292807773036,FLAT,0.0,1,0.0446451527492209,0.05050910817883246,0.21760711545170763,LOADING,0.27632330831649377,0.0,0.07347391199698537,2.500000000000002,-1.464843749965361e-06,0.6008057643264931,1,staged_v3,0.20927765002379778,2,1.0812471606330836,0.20927765002379778,2,1,1,1
v3_torso_proxy:v3_right_forearm_proxy,178,1.0,0.1997070312500071,0.964317242358129,0.0,0.32105864394920447,FLAT,0.0,-1,0.04384999095809542,0.046812263979904914,0.13793768008032145,LOADING,0.27984615228269455,0.0,0.03703307449890782,0.18176951785933598,0.964317242358129,0.010193468762282335,0,ok,0.0,0.31661173344284105,FLAT,0.0,1,0.05887325782465421,0.011096484180661965,0.25486572932869256,SUPPORT,0.311058646653195,0.026646802285772663,0.03874536152844208,2.500000000000002,0.0009985351562500355,0.6018042994827432,0,staged_v3,0.18289223126733356,2,1.0842303787986394,0.18289223126733356,2,1,0,0
v3_torso_proxy:v3_right_forearm_proxy,179,1.0,0.3997070312500073,1.0000000000000002,0.0,0.30928442725173205,FLAT,0.0,-1,0.051465502715059216,0.008010463003940795,0.1363012942889934,LOADING,0.2780293533157226,0.023804601710508876,0.02073949477505742,0.18849555921538763,1.0000000000000002,0.06477343908326637,0,ok,0.0,0.29773634355286543,FLAT,0.0,1,0.07119227124105838,0.13286034068354335,0.3191716359585558,SUPPORT,0.338846917322556,0.0,0.07937619185688649,2.500000000000002,0.0019985351562500364,0.6038028346389932,0,staged_v3,0.25987403999849246,2,1.099904687467521,0.2583626461402089,2,0,0,0
v3_torso_proxy:v3_right_forearm_proxy,180,0.8467369185926197,0.1997070312500071,1.0,0.0,0.3183247022427458,FLAT,0.0,-1,0.028604366242247346,0.005702098789318044,0.13554762295427833,LOADING,0.2776218093457784,0.026075282358395874,0.030172951569481417,0.1884955592153876,1.0,0.06479028115752986,0,ok,0.19271674024483823,0.3006764323459173,FLAT,0.0,1,0.03629279198701513,0.015809498143560544,0.42355874659057835,SUPPORT,0.3610775338580448,0.030368439185968377,0.04253994676487126,-2.500000000000002,0.0009985351562500355,0.6048013697952432,0,staged_v3,0.4011400349425927,2,1.104504329251459,0.4011400349425927,2,1,0,0
v3_torso_proxy:v3_right_forearm_proxy,181,0.10532639073808879,0.3997070312500073,0.3972778320312501,0.0,0.3237744728747598,FLAT,0.0,-1,0.03232862736191983,0.003924786356195174,0.1361691045303773,LOADING,0.2780347260433445,0.027883668870323692,0.026716381072364022,0.07488510711260732,0.3972778320312501,0.03535460280188983,0,ok,0.1837044588798501,0.29807194257340963,FLAT,0.0,1,0.048940698311993894,0.02474774589392335,0.5247668222187946,UNLOADING,0.30949502902118126,0.02649059521701638,0.048124672579650585,2.500000000000002,0.0019985351562500364,0.6067999049514933,1,staged_v3,0.27915444040247045,2,1.100129900726953,0.27444151812012785,2,0,1,1
v3_torso_proxy:v3_right_forearm_proxy,182,0.47034455348018916,0.1997070312500071,0.46825825864528353,0.0,0.32640958081367555,FLAT,0.0,-1,0.034693489346558595,0.01237030243407938,0.10925905379691382,SUPPORT,0.3124277808346756,0.018092650255766313,0.04233660042087541,0.08826460232056632,0.46825825864528353,0.03533587476389617,0,ok,0.1890734760250792,0.28465170349678176,FLAT,0.0,1,0.06785810005419018,0.028823407929344957,0.6199454301323036,UNLOADING,0.2652814534467268,0.027173863577270224,0.055085198004206415,-2.500000000000002,0.0009985351562500355,0.6077984401077433,0,staged_v3,0.17564327613071368,2,1.1023485599722422,0.17564327613071368,2,1,0,0
v3_torso_proxy:v3_right_forearm_proxy,183,0.18685397312767824,0.0002929687499930722,0.2691955238393309,0.0,0.33131812782127196,FLAT,0.0,-1,0.031749739166660615,0.011271116855263812,0.0905343704822474,SUPPORT,0.3399422246677405,0.01825560166884856,0.04137230791839094,0.05074216080437388,0.2691955238393309,0.0353363476844161,0,ok,0.1898039722308209,0.2717649027279673,FLAT,0.0,1,0.07438114324061641,0.03678100752923312,0.7082362869913807,UNLOADING,0.22738410295433728,0.02363080682033592,0.05898290376252005,-2.500000000000002,-1.464843749965361e-06,0.6077969752639933,0,staged_v3,0.17564811281620304,2,1.1039771623290326,0.17564811281620304,2,1,0,0
v3_torso_proxy:v3_right_forearm_proxy,184,0.13056146725934,0.20029296874999325,0.20566199401314264,0.0008267109995932594,0.3365831884633873,FLAT,0.0,-1,0.03289972172281202,0.01102595032741606,0.07752303279147373,SUPPORT,0.3619537797341924,0.01785020131215763,0.04050029650792726,0.03876637257085902,0.20566199401314264,0.03533634831420113,0,ok,0.19167413368430805,0.2819918126156022,FLAT,0.0,1,0.06682037485090321,0.04337433142942627,0.7860666350856276,UNLOADING,0.19490065967514625,0.02092900032485511,0.06126185699112116,-2.500000000000002,-0.0010014648437499662,0.6067955104202434,0,staged_v3,0.17582286341717626,2,1.1056455881806002,0.17582286341717626,2,1,0,0
v3_torso_proxy:v3_right_forearm_proxy,185,0.11446162594252739,0.4002929687499934,0.26383005673187354,0.001944993479175723,0.3371728283056429,FLAT,0.0,-1,0.03769950808052735,0.009841966634174484,0.06785849057945435,SUPPORT,0.3795630237873539,0.018550957894798235,0.0390486029578138,0.04973079408150194,0.26383005673187354,0.035336348306809665,0,ok,0.1947476046705091,0.21961544448475587,FLAT,0.0,1,0.18881315547296582,0.05344820485914731,0.8295924556597972,UNLOADING,0.1670577082929825,0.013031417923842548,0.061956602083884676,-2.500000000000002,-0.002001464843749967,0.6047940455764934,0,staged_v3,0.17753405746593545,2,1.1059478822271438,0.17753405746593545,2,1,0,0
v3_torso_proxy:v3_right_forearm_proxy,186,0.11676374100533794,0.6002929687499936,0.24947722728749766,0.002924371388438913,0.33829473218720885,FLAT,0.0,-1,0.0387392479750175,0.00850183234727115,0.059605899576219784,SUPPORT,0.3936504190298831,0.01947846263153984,0.037214942452777774,0.04702534946906123,0.24947722728749766,0.035336348306794704,0,ok,0.19968009744677562,0.1710366801393025,FLAT,0.0,1,0.2776594403732599,0.06328183592175907,0.822834868417015,UNLOADING,0.143192321393985,0.007207563323409508,0.05893418009744124,-2.500000000000002,-0.003001464843749968,0.6017925807327434,0,staged_v3,0.17849744062302095,2,1.106099418801847,0.17849744062302095,2,1,0,0
v3_torso_proxy:v3_right_forearm_proxy,187,0.13793029096650591,0.8002929687499938,0.35992846424687214,0.003744611723533713,0.33914269001804764,FLAT,0.0,-1,0.03837013271866659,0.007254369247702213,0.051625755176262195,SUPPORT,0.4049203352239065,0.0203269185111109,0.034925225269103084,0.0678449171457498,0.35992846424687214,0.03533634830679473,0,ok,0.2079597511794534,0.1332035004264222,FLAT,0.0,1,0.4925202552308252,0.07372998816505266,0.8050772031319254,UNLOADING,0.12273627548055857,0.013589511621383853,0.05166434853521242,-2.500000000000002,-0.004001464843749969,0.5977911158889935,0,staged_v3,0.17810394053267598,2,1.1061235228477257,0.17810394053267598,2,1,0,0
v3_torso_proxy:v3_right_forearm_proxy,188,0.13377409604079854,1.0000000000000009,0.34021262680764425,0.0037538090619042893,0.33661600377176554,FLAT,0.0,-1,0.04371191588865678,0.007330859469891409,0.044027204833944775,SUPPORT,0.4139362681791252,0.01987050077180583,0.03308132550867748,0.06412856934224287,0.34021262680764425,0.03533634830679487,0,ok,0.2209136829121623,0.10373899043994983,FLAT,0.0,1,0.7783383394758058,0.08316711377931853,0.7699961191524067,UNLOADING,0.10520252184047878,0.01774048096889215,0.04575932498872819,-2.496337890625089,-0.0050000000000000044,0.5927911158889935,0,staged_v3,0.17695019082980798,2,1.1052220850573158,0.17695019082980798,2,1,0,0
v3_torso_proxy:v3_right_forearm_proxy,189,0.25337449540983337,1.0000000000000009,0.9814377645191296,0.01511210292678127,0.3354985118670468,FLAT,0.0,-1,0.04690673197562187,0.04782422846880184,0.05950547414643275,SUPPORT,0.42114901454330017,0.0,0.06132553304290086,0.18499666025813322,0.9814377645191296,0.030486949159462925,0,ok,0.23695731568015846,0.08079200698966992,FLAT,0.0,1,0.9245506210481598,0.08600497246333155,0.7470519789692635,UNLOADING,0.09017359014898181,0.026740411354407558,0.03561218759405562,0.0,-0.0050000000000000044,0.5877911158889935,0,staged_v3,0.17879801836194742,2,1.104628353912316,0.18070026460533992,2,1,0,0
v3_torso_proxy:v3_right_forearm_proxy,190,0.20735213554059928,1.0000000000000009,0.668636028846917,0.00666964569469296,0.35088909790072803,FLAT,0.0,-1,0.0332060439714822,0.009668317442711037,0.09450840897932751,SUPPORT,0.42691921163464014,0.02005710300625534,0.03408193776783201,0.12603492216905565,0.668636028846917,0.030483439594736112,0,ok,0.2657573161650931,0.06292087830946534,FLAT,0.0,1,1.5065668278587652,0.08582895831216153,0.7347655470029684,UNLOADING,0.07729164869912727,0.02061764868340167,0.04112062866674675,0.0,-0.0050000000000000044,0.5827911158889935,0,staged_v3,0.1732030123344502,2,1.09819187873554,0.1732030123344502,2,1,0,0
v3_torso_proxy:v3_right_forearm_proxy,191,0.1761053984804636,0.9749999999999925,0.30057561690533197,0.005279419935056801,0.37274673495493804,FLAT,0.0,-1,0.028924055665023488,0.025538350207806468,0.12462543176146501,SUPPORT,0.43153536930771214,0.005692921380266783,0.041920379275710844,0.056657168995080665,0.30057561690533197,0.025956967323331925,0,ok,0.29777348787851304,0.04900282929895218,FLAT,0.0,1,1.7063473392222084,0.07257776754730408,0.729500322470582,UNLOADING,0.06624998459925195,0.02523861211883581,0.036236404004693294,0.31250000000010436,-0.004874999999999963,0.5779161158889935,0,staged_v3,0.17402321017263955,2,1.0955768014467344,0.17591154487941094,2,1,0,0
v3_torso_proxy:v3_right_forearm_proxy,192,1.0000000000000002,0.7749999999999924,0.4577764775495745,0.07947238187439765,0.3984208718037126,FLAT,0.0,-1,0.026801406033742713,0.020741337769939493,0.16864744980343727,SUPPORT,0.4352282954461697,0.020523855531201174,0.01290851695897069,0.08628883313135738,0.4577764775495745,0.02218468367871623,0,ok,0.26948850444975164,0.03816344183073834,FLAT,0.0,1,2.128000000795155,0.10891340181959058,0.7529344968839649,UNLOADING,0.0567857010850731,0.0013268667373772663,0.06131985810682099,2.500000000000002,-0.003874999999999962,0.5740411158889935,0,staged_v3,0.17073174798294977,2,1.087385110395488,0.17173837713556594,2,1,1,1
v3_torso_proxy:v3_right_forearm_proxy,193,0.6209106445312497,0.9749999999999925,0.5757222783159006,0.06470915103942991,0.4099877059602847,FLAT,0.0,-1,0.0319616239673037,0.02573131697027471,0.2155324142338122,SUPPORT,0.4381826363569358,0.01779653104849947,0.017980089663191142,0.1085210928039127,0.5757222783159006,0.009990242926135842,0,ok,0.34176329879689565,0.02972171838247903,FLAT,0.0,1,2.476416228627239,0.09088756864742967,0.767863499503039,UNLOADING,0.048673458072919805,0.0045798275557071,0.058813347419444856,-2.500000000000002,-0.004874999999999963,0.5691661158889936,1,staged_v3,0.22003627142389875,2,1.0653286940352777,0.16925136597751259,2,0,1,1
v3_torso_proxy:v3_right_forearm_proxy,194,1.0000000000000002,0.7749999999999924,0.5286113291391175,0.10467581314740966,0.39858013083883187,FLAT,0.0,-1,0.040815993587141886,0.03598230452441488,0.2887381911463007,SUPPORT,0.44054610908554864,0.028864848123116595,0.010572061434198445,0.09964088809366727,0.5286113291391175,0.012088015566458967,0,ok,0.3521599835906542,0.023147297550502436,FLAT,0.0,1,2.6653214971935184,0.11826218588827273,0.7428818053622825,UNLOADING,0.04172010691964555,0.0,0.08332923563126851,2.500000000000002,-0.003874999999999962,0.5652911158889936,0,staged_v3,0.16611563663719567,2,1.0619892419102488,0.16458099265436715,2,1,1,1
v3_torso_proxy:v3_right_forearm_proxy,195,0.10174560546875044,0.5749999999999922,0.06582356886553631,0.1079752250237144,0.3796334040667829,FLAT,0.0,-1,0.042379128441521835,0.03081960550896502,0.40050836092649245,UNLOADING,0.37761095064475597,0.03750182563073759,0.00752359241558703,0.012407450422861843,0.06582356886553631,0.009990230333626896,0,ok,0.36220440962476036,0.01802713345831811,FLAT,0.0,1,3.004096683942829,0.10493318356823664,0.7044040636064297,UNLOADING,0.03576009164541047,0.0,0.07429358048210367,2.500000000000002,-0.002874999999999961,0.5624161158889937,1,staged_v3,0.18521031656731288,2,1.0536497172639803,0.18465003940492966,2,0,1,1
v3_torso_proxy:v3_right_forearm_proxy,196,0.00042724609374996503,0.374999999999992,0.0003319086246408776,0.10577762812868832,0.3468262530988129,FLAT,0.0,-1,0.046197440481844904,0.02893971357872666,0.5102016705134587,UNLOADING,0.32366652912407656,0.04486019958969286,0.00564988393598007,6.25633018100924e-05,0.0003319086246408776,0.00999001580851824,0,ok,0.3821422093346807,0.014039545653870868,AIR,0.0,1,3.02651989645828,0.10300929059301597,0.6302637007581684,UNLOADING,0.030651507124637545,0.0,0.07239357125227326,2.500000000000002,-0.00187499999999996,0.5605411158889937,1,staged_v3,0.17591528278923693,2,1.051206649828148,0.17546076274963449,2,0,1,1
v3_torso_proxy:v3_right_forearm_proxy,197,0.0,0.17499999999999183,0.0,0.09954382244584908,0.3038404732905761,FLAT,0.0,-1,0.06459485775094848,0.0280647135787267,0.602222733845035,UNLOADING,0.2774284535349228,0.05033625275627164,0.004774883935980111,0.0,0.0,0.009990015808518393,0,ok,0.0,0.010934009149201371,AIR,0.0,1,3.0590823423180695,0.10213429059301601,0.5589168222226881,UNLOADING,0.026272720392546467,0.0,0.0715185712522733,2.500000000000002,-0.0008749999999999591,0.5596661158889937,1,staged_v3,0.17403674820512488,2,1.042214672379786,0.17384996492489876,2,0,1,1
v3_torso_proxy:v3_right_forearm_proxy,198,0.0,0.02500000000000835,0.0,0.08934140880973233,0.2672043204226486,FLAT,0.0,-1,0.08658187835384633,0.028189713578726742,0.6651370130126885,UNLOADING,0.2377958173156481,0.05335696671465427,0.004899883935980153,0.0,0.0,0.009990015808518205,0,ok,0.0,0.008515414887507934,AIR,0.0,1,2.787371517342216,0.10225929059301606,0.5015501793608967,UNLOADING,0.023125832768374953,0.0,0.07164357125227334,2.500000000000002,0.00012500000000004174,0.5597911158889938,1,staged_v3,0.17477586386406926,2,1.0301230792492162,0.17569900810205216,2,0,1,1
v3_torso_proxy:v3_right_forearm_proxy,199,0.0,0.22500000000000853,0.0,0.08167672408763534,0.22600026654615507,FLAT,0.0,-1,0.10033879528140574,0.029314713578726784,0.6905304197892748,UNLOADING,0.20382498627055554,0.05350163705348354,0.006024883935980195,0.0,0.0,0.009990015808518205,0,ok,0.0,0.006631811782569079,AIR,0.0,1,2.6320218582611945,0.1033842905930161,0.46256088592836814,UNLOADING,0.02033131309419478,0.0,0.07276857125227339,2.500000000000002,0.0011250000000000426,0.5609161158889938,1,staged_v3,0.17618428505263606,2,1.0190441208781449,0.17665367650775754,2,0,1,1
v3_torso_proxy:v3_right_forearm_proxy,200,0.0,0.02500000000000835,0.0,0.07697182893232497,0.1760091845604918,FLAT,0.0,-1,0.16876078817964926,0.029439713578726826,0.7088422520664673,UNLOADING,0.17470713108904762,0.05429222866734313,0.006149883935980237,0.0,0.0,0.00999001580851824,0,ok,0.0,0.005164860209446968,AIR,0.0,1,1.8333206370532678,0.10350929059301614,0.44819289193561507,UNLOADING,0.017833983591557204,0.0,0.07289357125227343,-2.500000000000002,0.00012500000000004174,0.5610411158889939,1,staged_v3,0.1848543851383006,2,1.0036752350214266,0.18497681730288085,2,0,1,1
v3_torso_proxy:v3_right_forearm_proxy,201,0.0,0.17499999999999183,0.0,0.07773992299633393,0.13707609076347044,FLAT,0.0,-1,0.24050972691625785,0.028564713578726867,0.7034008210774039,UNLOADING,0.15029198763673987,0.05489515711788991,0.005274883935980278,0.0,0.0,0.009990015808518393,0,ok,0.0,0.004022397175571638,AIR,0.0,1,1.5822757947421706,0.10263429059301618,0.44642806155804315,UNLOADING,0.01560436967871541,0.0,0.07201857125227347,-2.500000000000002,-0.0008749999999999591,0.5601661158889939,1,staged_v3,0.1931835255171867,2,0.9829826495657481,0.19359753404389848,2,0,1,1
v3_torso_proxy:v3_right_forearm_proxy,202,0.0,0.374999999999992,0.0,0.08397889846608839,0.10675496682695775,FLAT,0.0,-1,0.410731954665432,0.026689713578726907,0.7033126158822707,UNLOADING,0.12922509487800565,0.056765746858133216,0.003399883935980318,0.0,0.0,0.009990015808518205,0,ok,0.0,0.0031326460701593993,AIR,0.0,1,1.0689782878121517,0.10075929059301622,0.41895850277477764,UNLOADING,0.01363520220502494,0.0,0.07014357125227351,-2.500000000000002,-0.00187499999999996,0.5582911158889939,1,staged_v3,0.20051376665531445,2,0.9692715511961537,0.20104576619135345,2,0,1,1
v3_torso_proxy:v3_right_forearm_proxy,203,0.0,0.5749999999999922,0.0,0.09266274874843898,0.08314085176159654,FLAT,0.0,-1,0.9581489684876201,0.02381471357872695,0.6727446647718367,UNLOADING,0.11076436703829057,0.05811234930261148,0.0005248839359803569,0.0,0.0,0.00999001580851824,0,ok,0.0,0.0024397072125256995,AIR,0.0,1,0.3128611383739128,0.09788429059301627,0.35629712339187475,UNLOADING,0.011911665682990576,0.0,0.06726857125227356,-2.500000000000002,-0.002874999999999961,0.555416115888994,1,staged_v3,0.2109544682593592,2,0.9641186443377627,0.20918844470686135,2,0,1,1
v3_torso_proxy:v3_right_forearm_proxy,204,0.0,0.0,0.0,0.09266274874843898,0.06475016045715498,FLAT,0.0,-1,1.2043403614534547,0.02381471357872695,0.610817741553734,UNLOADING,0.09494088603282048,0.05501600314170634,0.0005248839359803569,0.0,0.0,0.00999001580851824,0,ok,0.0,0.023250294060059712,FLAT,0.0,1,0.093771777644106,0.09788429059301627,0.2929112507795777,LOADING,0.012817336815579387,0.0,0.06726857125227356,7.187499999999902,0.0,0.555416115888994,1,staged_v3,0.23511984640556943,2,0.9626260093432317,0.22318644463452234,2,0,1,1
v3_torso_proxy:v3_right_forearm_proxy,205,0.0,0.0,0.0,0.09266274874843898,0.050427475668031414,FLAT,0.0,-1,1.8056575822189689,0.02381471357872695,0.571188112674814,UNLOADING,0.08137790231384613,0.053034521697760344,0.0005248839359803569,0.0,0.0,0.00999001580851824,0,ok,0.0,0.02589212893915445,FLAT,0.0,1,0.08184357176110085,0.09788429059301627,0.23809574631394675,LOADING,0.014199334087609415,0.0,0.06726857125227356,0.0,0.0,0.555416115888994,1,staged_v3,0.24338069709545418,2,0.9621878439544628,0.2450280074236405,2,0,1,1
v3_torso_proxy:v3_right_forearm_proxy,206,0.0,0.0,0.0,0.09266274874843898,0.03927295753857708,FLAT,0.0,-1,1.945578968880873,0.02381471357872695,0.5267111954356267,UNLOADING,0.0697524876975824,0.05081067583580098,0.0005248839359803569,0.0,0.0,0.00999001580851824,0,ok,0.0,0.05855985351616551,FLAT,0.0,1,0.06997875583611121,0.09788429059301627,0.19197157340634452,LOADING,0.020823072529731965,0.0,0.06726857125227356,0.0,0.0,0.555416115888994,1,staged_v3,0.2683710653648562,2,0.9574824742236309,0.26979302754718487,2,0,1,1
v3_torso_proxy:v3_right_forearm_proxy,207,1.0,0.20000000000000018,1.0000000000000002,0.05999753401174571,0.030585810084573867,FLAT,0.0,-1,2.1991719662525426,0.11443748199653336,0.4948420916359499,UNLOADING,0.05978784659792777,0.023775234049318885,0.02596687053247861,0.18849555921538763,1.0000000000000002,0.010008531409383906,0,ok,0.0,0.12791935664737236,FLAT,0.0,1,0.0388324521048334,0.013753279404051681,0.15603643915059184,LOADING,0.03825031317132193,0.01904854255347791,0.0466400723934758,-2.500000000000002,-0.0010000000000000009,0.554416115888994,0,staged_v3,0.29880545027671335,2,0.9559750797009482,0.2980540581538224,2,0,0,0
v3_torso_proxy:v3_right_forearm_proxy,208,0.05050663303332021,0.0,0.05206298828125004,0.03294252925742758,0.0238202528447394,FLAT,0.0,-1,2.521051353474315,0.11553863730712996,0.4720068809235553,UNLOADING,0.05167246515081926,0.02182138657312012,0.026778957473057648,0.009813642090498398,0.05206298828125004,0.009990003918883533,0,ok,0.0,0.23074957641851934,FLAT,0.0,1,0.0324784016485022,0.012440526472348466,0.1293668591846609,LOADING,0.07077989622887046,0.019027816486884584,0.04585906231674539,2.500000000000002,0.0,0.554416115888994,1,staged_v3,0.2287822093733973,2,1.0255774739220616,0.2303312661433406,2,1,1,1
v3_torso_proxy:v3_right_forearm_proxy,209,0.0,0.20000000000000018,0.0,0.012234091268515296,0.018551231568441906,FLAT,0.0,-1,2.6563687347345963,0.11453863730712996,0.43742175028717534,LOADING,0.045256595872457735,0.021092130041301126,0.025778957473057643,0.0,0.0,0.009990003918883602,0,ok,0.0,0.33571007750864296,FLAT,0.0,1,0.029466698924434594,0.011440526472348465,0.11005048407745399,SUPPORT,0.14662391698309638,0.019061997731524234,0.04485906231674539,-2.500000000000002,-0.0010000000000000009,0.553416115888994,1,staged_v3,0.2290427342062086,2,1.0431208515695047,0.2223120515792343,2,0,1,1
v3_torso_proxy:v3_right_forearm_proxy,210,0.00030052230932091183,0.35597110537077814,0.00036621093750007383,0.028497611853875768,0.014447713672441524,FLAT,0.0,-1,2.8917917741783974,0.11274498640732555,0.41264042130592427,LOADING,0.039933205334211755,0.021640567377475124,0.02399145368782109,6.902913545486777e-05,0.00036621093750007383,0.009990000537274429,0,ok,0.0,0.3922197324555685,FLAT,0.0,1,0.060197619747940974,0.009655980966972962,0.1248592548299276,SUPPORT,0.2072991335864771,0.02158698177452342,0.04307545518218242,-1.9496388171347245,-0.0017798555268538907,0.5516362603621401,1,staged_v3,0.24440417433013842,2,1.0475923433601289,0.24512952429816529,2,0,1,1
v3_torso_proxy:v3_right_forearm_proxy,211,0.0,0.5559711053707783,0.0,0.05545811492383472,0.011251890721688902,FLAT,0.0,-1,2.8489740224108506,0.10996513088047166,0.39488382317322823,LOADING,0.03493135209261525,0.023532592997694213,0.0212115981609672,0.0,0.0,0.009990000537274463,0,ok,0.0,0.43917752040074143,FLAT,0.0,1,0.0537683102519035,0.00687612544011907,0.13555811448068494,SUPPORT,0.2558393068691817,0.02490178028391518,0.04029559965532853,-2.500000000000002,-0.0027798555268538916,0.5488564048352862,1,staged_v3,0.27036576373452886,2,1.0520484057586514,0.2717628771498733,2,0,1,1
v3_torso_proxy:v3_right_forearm_proxy,212,0.824080101673977,0.7559711053707785,0.9999999999999999,0.19458018950063422,0.008762981305085191,FLAT,0.0,-1,2.9052858688963052,0.11386496600851781,0.3821606646418755,LOADING,0.03016717667246009,0.0,0.06029011565515535,0.18849555921538758,0.9999999999999999,0.01146014087902254,0,ok,0.0,0.4493840845991348,FLAT,0.0,1,0.0662349580003756,0.11040396110879086,0.14291786018223596,SUPPORT,0.2946714454953454,0.0,0.15939084806187398,-2.500000000000002,-0.0037798555268538925,0.5450765493084323,0,staged_v3,0.34963055984241703,2,1.0485705500108597,0.30137169878985803,2,0,0,0
v3_torso_proxy:v3_right_forearm_proxy,213,0.7589348669278451,0.9559711053707787,1.0000000000000002,0.0,0.006824616702440428,FLAT,0.0,-1,2.9019262122651597,0.040083893937926926,0.3730441231847672,UNLOADING,0.025857580004965793,0.0035683122213114316,0.05205078434656912,0.18849555921538763,1.0000000000000002,0.0114604728077875,0,ok,0.0,0.44132156860804356,FLAT,0.0,1,0.0729847190410471,0.03644549275575605,0.1475398738587592,SUPPORT,0.3257371563962763,0.0,0.08373576127328754,-2.500000000000002,-0.004779855526853893,0.5402966937815784,0,staged_v3,0.2670357845245732,2,1.0787506367334052,0.2670357845245732,2,1,0,0
v3_torso_proxy:v3_right_forearm_proxy,214,0.12921142578125033,0.7559711053707785,0.12921142578125028,0.0,0.005315016832022794,FLAT,0.0,-1,2.960651299486888,0.0365600193233079,0.3679013599584937,UNLOADING,0.022643584991587726,0.006835048674616782,0.04841791693570194,0.024355779959654322,0.12921142578125028,0.009990072635973495,0,ok,0.015771009395352416,0.4136042919301809,FLAT,0.0,1,0.08208907177081314,0.023829886168135774,0.12177966999465385,SUPPORT,0.3505897251170211,0.007259097331596919,0.06803459714973326,2.500000000000002,-0.0037798555268538925,0.5365168382547245,1,staged_v3,0.25419684017129274,2,1.0923125057491456,0.24514874135377568,2,0,1,1
v3_torso_proxy:v3_right_forearm_proxy,215,9.845454444575927e-05,0.9559711053707787,0.00018310546874988966,0.0,0.00413933927081705,FLAT,0.0,-1,2.30926514837507,0.03177633816215939,0.3769286002405858,UNLOADING,0.019777230551867635,0.012070091849869902,0.04363544581621885,3.451456772740613e-05,0.00018310546874988966,0.009990015224718391,0,ok,0.031932595997473404,0.4034106728890524,FLAT,0.0,1,0.08854129016589694,0.01904893868167606,0.10358548005841037,SUPPORT,0.37047178009361686,0.01113033532124446,0.06325005592022857,-2.500000000000002,-0.004779855526853893,0.5317369827278706,1,staged_v3,0.26228588532065933,2,1.097642713049243,0.2634006127409803,2,1,1,1
v3_torso_proxy:v3_right_forearm_proxy,216,6.103515625036889e-05,0.7559711053707785,6.103514150475465e-05,0.0,0.0032237206655105367,FLAT,0.0,-1,1.5800280679000387,0.02800373957696997,0.33689044087559816,LOADING,0.017257294757207532,0.013840782466809934,0.039860068210088404,1.1504853129729042e-05,6.103514150475465e-05,0.009990007156001065,0,ok,0.05788829980958911,0.3967858193486856,FLAT,0.0,1,0.08261465039463296,0.015265653499369435,0.09164674226823673,SUPPORT,0.3863774240748935,0.014316683614042404,0.05946579522479452,2.500000000000002,-0.0037798555268538925,0.5279571272010167,1,staged_v3,0.26809555832158743,2,1.1063310953870542,0.2689584270877929,2,1,1,1
v3_torso_proxy:v3_right_forearm_proxy,217,0.5003713384599171,0.7559711053707785,0.9999986995045861,0.0,0.019601951289493134,FLAT,0.0,-1,0.13420648592420445,0.14460464024843095,0.29611275091130845,LOADING,0.016763047444739578,0.0,0.12225245398757094,0.1884953140777773,0.9999986995045861,0.01608580347402692,0,ok,0.1386955144664886,0.4262868437833006,FLAT,0.0,1,0.06010054682447015,0.03459216755869099,0.1154413188152033,SUPPORT,0.39910193925991483,0.0,0.0907466233691953,0.0,-0.0037798555268538925,0.5241772716741628,0,staged_v3,0.2774843992283116,2,1.1078402262299534,0.27320713014597675,2,1,0,0
v3_torso_proxy:v3_right_forearm_proxy,218,0.8830438383587838,0.9559711053707787,1.0000000000000002,0.0,0.06410759952759588,FLAT,0.0,-1,0.10054373500934136,0.008869282611349772,0.25865630330872535,LOADING,0.022915590919750012,0.0290635325540865,0.03247563413629631,0.18849555921538763,1.0000000000000002,0.013626683432023983,0,ok,0.11436156639376246,0.45801645666877994,FLAT,0.0,1,0.05209435714039712,0.08069462384398789,0.1527405143693501,UNLOADING,0.3420873765084984,0.0,0.10989408728022199,-2.500000000000002,-0.004779855526853893,0.5193974161473089,0,staged_v3,0.2861394060474928,2,1.1096928129910884,0.28800535998042787,2,1,0,0
v3_torso_proxy:v3_right_forearm_proxy,219,0.17131815459734612,0.7559711053707785,0.15252847608155806,0.0,0.11315407705804585,FLAT,0.0,-1,0.08492771807995575,0.004327400705215475,0.19491560783934503,LOADING,0.03655218900555536,0.03041837968675178,0.025859363833091238,0.028750940395264157,0.15252847608155806,0.012916643397628238,0,ok,0.09747122032099755,0.4794736291206171,FLAT,0.0,1,0.05384761753548367,0.06785620189738178,0.1994478924468559,UNLOADING,0.29321775129299865,0.0,0.09564590203895496,2.500000000000002,-0.0037798555268538925,0.515617560620455,1,staged_v3,0.2512089016415321,2,1.1061569968534863,0.24983841809825777,2,1,1,1
v3_torso_proxy:v3_right_forearm_proxy,220,0.0,0.0,0.0,0.0,0.18138793843479295,FLAT,0.0,-1,0.05400061702578315,0.004327400705215475,0.1479928107721196,LOADING,0.06015051672157784,0.028072239833390505,0.025859363833091238,0.0,0.0,0.012916643397628238,0,ok,0.09747122032099755,0.5466029896092053,FLAT,0.0,1,0.013145748809737377,0.06785620189738178,0.2341111692215758,UNLOADING,0.25132950110828456,0.0,0.09564590203895496,9.449638817134732,0.0,0.515617560620455,1,staged_v3,0.24265048634706335,2,1.1038513383048114,0.23466150330887256,2,0,1,1
v3_torso_proxy:v3_right_forearm_proxy,221,0.09527587890624993,0.20000000000000018,0.06896921355281795,0.0,0.25620317161030043,FLAT,0.0,-1,0.04112703891677398,0.004265200389811468,0.11335590731922415,SUPPORT,0.13812041337726227,0.026402594976149742,0.025099612386094594,0.013000390477283907,0.06896921355281795,0.01076309954762868,0,ok,0.10284978504415242,0.5688798708929068,FLAT,0.0,1,0.02513720397267736,0.06394692905827053,0.2782827677915972,UNLOADING,0.2154252866642439,0.0,0.09154998738572401,2.500000000000002,0.0010000000000000009,0.516617560620455,1,staged_v3,0.24969491490085138,2,1.1060551774545886,0.23757757873806348,2,0,1,1
v3_torso_proxy:v3_right_forearm_proxy,222,0.046325683593750056,0.40000000000000036,0.03271304345509195,0.0,0.34046087539302045,FLAT,0.0,-1,0.02373688436466149,0.005709101661631643,0.08922086115672254,SUPPORT,0.20049633070180983,0.023751941396204485,0.02611671429767671,0.006166263419704832,0.03271304345509195,0.009990946209934962,0,ok,0.11757166684835356,0.527934010742403,FLAT,0.0,1,0.06069704774222227,0.06380986568547611,0.3287391556355871,UNLOADING,0.18465024571220906,0.0,0.09115098246150075,2.500000000000002,0.0020000000000000018,0.518617560620455,1,staged_v3,0.26262617326978605,2,1.110131794693063,0.24692484043886928,2,0,1,1
v3_torso_proxy:v3_right_forearm_proxy,223,0.7552749632401957,0.20000000000000018,0.6112658717644515,0.0,0.4008933603007963,FLAT,0.0,-1,0.023219577694857253,0.004978397895696721,0.07546347018513423,SUPPORT,0.2503970645614479,0.02379477561355999,0.0255452803855303,0.11522090232752169,0.6112658717644515,0.010008809369544003,0,ok,0.04583347800878099,0.4723220798299975,FLAT,0.0,1,0.08542925140051,0.01803188571763134,0.3841647788954777,UNLOADING,0.1582716391818935,0.026176353227142547,0.04697104311998507,-2.500000000000002,0.0010000000000000009,0.519617560620455,0,staged_v3,0.27748786604825293,2,1.1153703190520594,0.2596307408772637,2,0,0,0
v3_torso_proxy:v3_right_forearm_proxy,224,0.045700130187510374,0.40000000000000036,0.025256726481490518,0.0,0.43877829447872574,FLAT,0.0,-1,0.026508913977311126,0.005907417450206794,0.06637313711467414,SUPPORT,0.29031765164915835,0.022411239405526917,0.025721060766978665,0.004760780782078644,0.025256726481490518,0.009990013054507484,0,ok,0.06979767278596319,0.40813481943404617,FLAT,0.0,1,0.10649256119795984,0.020464433009729888,0.4563585019236529,UNLOADING,0.14934146186108846,0.02735349208645276,0.0487214278665485,2.500000000000002,0.0020000000000000018,0.5216175606204551,1,staged_v3,0.2552316420381351,2,1.1112939367149028,0.24775507662955099,2,0,1,1
v3_torso_proxy:v3_right_forearm_proxy,225,0.0,0.6000000000000005,0.0,0.0,0.47184763130746227,FLAT,0.0,-1,0.018280877142768964,0.008907417450206796,0.06065371458548109,SUPPORT,0.3222541213193267,0.01912526827906726,0.028721060766978668,0.0,0.0,0.009990013054507457,0,ok,0.09587203365082145,0.38509703305119963,FLAT,0.0,1,0.04733719005581859,0.02346443300972989,0.5373221832422946,UNLOADING,0.131633129385376,0.02840167615238484,0.0517214278665485,2.500000000000002,0.0030000000000000027,0.5246175606204551,1,staged_v3,0.26737009796136035,2,1.115762641505107,0.25722370935398414,2,0,1,1
v3_torso_proxy:v3_right_forearm_proxy,226,0.0,0.8000000000000007,0.0,0.02828427124746185,0.4939746263283492,FLAT,0.0,-1,0.016193171509094523,0.0129074174502068,0.05719689705363631,SUPPORT,0.350947459151289,0.014952427402475016,0.03272106076697867,0.0,0.0,0.009990013054507457,0,ok,0.06979767278596319,0.3845744193091907,FLAT,0.0,1,0.02551468221094546,0.027464433009729894,0.5949016018047217,UNLOADING,0.11282839661603657,0.027280647080506197,0.055721427866548504,2.500000000000002,0.0040000000000000036,0.5286175606204551,1,staged_v3,0.28218269168901255,2,1.1204292234424065,0.26906933490650004,2,0,1,1
v3_torso_proxy:v3_right_forearm_proxy,227,0.0,1.0000000000000009,0.0,0.05138205504196431,0.5083606742406499,FLAT,0.0,-1,0.016047583606142002,0.01790741745020681,0.05548664399819609,SUPPORT,0.3707579673210312,0.009866914749702995,0.03772106076697868,0.0,0.0,0.00999001305450761,0,ok,0.05413453909248291,0.3968651516929619,FLAT,0.0,1,0.02309144619921712,0.0324644330097299,0.636073286740388,UNLOADING,0.09964943104293406,0.024339231327289504,0.06072142786654851,2.500000000000002,0.0050000000000000044,0.5336175606204551,1,staged_v3,0.2826772579873975,2,1.1209147000378903,0.26628000525771656,2,0,1,1
v3_torso_proxy:v3_right_forearm_proxy,228,0.6670907959295594,0.8000000000000007,0.5595423494191986,0.07288620219947431,0.5154449840192961,FLAT,0.0,-1,0.02131203028071153,0.0093954211464281,0.05508961227114331,SUPPORT,0.386606373856825,0.01835905946712907,0.03148335073132863,0.10547124805846364,0.5595423494191986,0.010007834236281505,0,ok,0.027071733571408206,0.3967896628766855,FLAT,0.0,1,0.019572468049157205,0.026924890517780332,0.6449785861866381,UNLOADING,0.09164581278423813,0.030324038791551572,0.05396996456081213,-2.500000000000002,0.0040000000000000036,0.5376175606204551,0,staged_v3,0.28254094552226894,2,1.1203126345829806,0.2634971054712424,2,0,0,0
v3_torso_proxy:v3_right_forearm_proxy,229,0.05295469391695062,1.0000000000000009,0.033732285650298066,0.08223051381073465,0.5127697423624068,FLAT,0.0,-1,0.02396093818741257,0.013009871848001127,0.0553420142429869,SUPPORT,0.39928509908546,0.014757228864148219,0.034266063486806636,0.006358386047266129,0.033732285650298066,0.009990000237786349,0,ok,0.033461065680304485,0.3787826685298392,FLAT,0.0,1,0.03583825627504281,0.0320077171397473,0.630566415633872,UNLOADING,0.09419241469832054,0.024520603641946297,0.058209898187439,2.500000000000002,0.0050000000000000044,0.5426175606204551,1,staged_v3,0.25653802800750375,2,1.1133829027539655,0.25195732626612405,2,0,1,1
v3_torso_proxy:v3_right_forearm_proxy,230,4.0715478981520854e-05,1.0000000000000009,2.6588322187701496e-05,0.08996107204223708,0.4859882249382824,FLAT,0.0,-1,0.04709817936143436,0.018008791240210886,0.055554829504790695,SUPPORT,0.409428079268368,0.009768950235028651,0.03926445579017521,5.011780659369691e-06,2.6588322187701496e-05,0.009990000103347971,0,ok,0.0400050754390254,0.32287712836763305,FLAT,0.0,1,0.09532560425298903,0.03700758280439799,0.5989072647436613,UNLOADING,0.09255811555258313,0.01793778043278508,0.06320927164393934,0.0,0.0050000000000000044,0.5476175606204551,1,staged_v3,0.25630306144319276,2,1.1122002118713725,0.2509873922620791,2,0,1,1
v3_torso_proxy:v3_right_forearm_proxy,231,0.48264613956166885,0.8000000000000007,0.47607073647643966,0.1238964196512737,0.46092136520650695,FLAT,0.0,-1,0.04140446611356267,0.013385959328537256,0.05511731912258393,SUPPORT,0.4175424634146944,0.014369906627591942,0.035105019851349874,0.08973721969820792,0.47607073647643966,0.01000117992419423,0,ok,0.07326654923811651,0.25145696040855914,FLAT,0.0,1,0.20096643920941376,0.030671199697072736,0.5552894424015122,UNLOADING,0.08775769857952219,0.02209327242300288,0.058511761700995965,-2.500000000000002,0.0040000000000000036,0.5516175606204551,0,staged_v3,0.25797353063415557,2,1.1115480711267245,0.2514029489348181,2,0,0,0
v3_torso_proxy:v3_right_forearm_proxy,232,0.005079527132885137,1.0000000000000009,0.0023798533968367747,0.114585109406477,0.43381798240283664,FLAT,0.0,-1,0.04423063939124161,0.01822462372121415,0.05396735586825538,SUPPORT,0.4240339707317555,0.009473744072198621,0.039854920813199385,0.0004485917968873876,0.0023798533968367747,0.009990027456512836,0,ok,0.06692729452597278,0.19583487767494112,FLAT,0.0,1,0.41002378137081325,0.035663668838955526,0.4877406438422722,UNLOADING,0.07689492902587441,0.013723363353158088,0.06342802579146514,2.500000000000002,0.0050000000000000044,0.5566175606204551,1,staged_v3,0.24398804908169328,2,1.1047686597305098,0.2451360625533202,2,1,1,1
v3_torso_proxy:v3_right_forearm_proxy,233,0.0,0.8000000000000007,0.0,0.10642744545253377,0.4114512543442177,FLAT,0.0,-1,0.042690950082091984,0.022224623721214153,0.05223938402929905,SUPPORT,0.42922717658540444,0.005387345480250803,0.04385492081319939,0.0,0.0,0.009990027456512836,0,ok,0.06530370927598317,0.15251635608593694,FLAT,0.0,1,0.2992607809561671,0.03966366883895553,0.4125970707572286,LOADING,0.06804311595606614,0.005966184698905905,0.06742802579146515,-2.500000000000002,0.0040000000000000036,0.5606175606204551,1,staged_v3,0.24570988256695442,2,1.1050112257408389,0.24675165473238553,2,1,1,1
v3_torso_proxy:v3_right_forearm_proxy,234,0.0,0.6000000000000005,0.0,0.11822763315279235,0.3872516017022053,FLAT,0.0,-1,0.047983920360895396,0.025224623721214156,0.077602702068725,UNLOADING,0.3679090085017752,0.0036555113822220944,0.04685492081319939,0.0,0.0,0.009990027456512927,0,ok,0.0730855727953754,0.11877985755092492,FLAT,0.0,1,0.2453093435650924,0.04266366883895553,0.33318805993030165,LOADING,0.06037768899910648,0.0,0.07042802579146515,-2.500000000000002,0.0030000000000000027,0.5636175606204551,1,staged_v3,0.2492805599259598,2,1.1034590640967512,0.24949696734230029,2,0,1,1
v3_torso_proxy:v3_right_forearm_proxy,235,0.0,0.40000000000000036,0.0,0.12795863861958365,0.3685229881274854,FLAT,0.0,-1,0.041055189546350415,0.027224623721214158,0.09462589710629815,UNLOADING,0.31535057871580735,0.00250667113410075,0.04885492081319939,0.0,0.0,0.00999002745651292,0,ok,0.08159694440386371,0.1513609141011947,FLAT,0.0,1,0.06492760211171457,0.044663668838955534,0.2464789393982591,LOADING,0.0536758276711491,0.0,0.07242802579146515,-2.500000000000002,0.0020000000000000018,0.5656175606204551,1,staged_v3,0.24979452613578335,2,1.103136014478497,0.24936417123718152,2,0,1,1
v3_torso_proxy:v3_right_forearm_proxy,236,0.0,0.20000000000000018,0.0,0.1338683634884329,0.35284447196143126,FLAT,0.0,-1,0.042359637759146467,0.028224623721214162,0.10446692892589202,UNLOADING,0.2703004960421206,0.0019987227250804415,0.049854920813199394,0.0,0.0,0.009990027456512843,0,ok,0.0892797858272399,0.1843553970844901,FLAT,0.0,1,0.05460399993048537,0.045663668838955535,0.18289346901378511,LOADING,0.047508272062116254,0.0,0.07342802579146515,-2.500000000000002,0.0010000000000000009,0.5666175606204551,1,staged_v3,0.2502547170315504,2,1.1031101308055982,0.24936378523718658,2,0,1,1
v3_torso_proxy:v3_right_forearm_proxy,237,0.0,0.0,0.0,0.1410246001627857,0.3502046645868961,FLAT,0.0,-1,0.03394149247267156,0.028224623721214162,0.11005286572640435,UNLOADING,0.23168613946467478,0.0022780195651060584,0.049854920813199394,0.0,0.0,0.009990027456512843,0,ok,0.09808053473269449,0.2195892436616907,FLAT,0.0,1,0.03945798438930089,0.045663668838955535,0.13758093779236044,LOADING,0.041837076643355946,0.0,0.07342802579146515,-2.500000000000002,0.0,0.5666175606204551,1,staged_v3,0.2508696534398877,2,1.1032493993328198,0.24923272279855305,2,0,1,1
v3_torso_proxy:v3_right_forearm_proxy,238,0.0,0.20000000000000018,0.0,0.13205583751916766,0.3547023046385592,FLAT,0.0,-1,0.029375161672591174,0.027224623721214158,0.11294265487648632,UNLOADING,0.19858811954114983,0.003422509022610161,0.04885492081319939,0.0,0.0,0.009990027456512913,0,ok,0.09344004331936052,0.2529304879773645,FLAT,0.0,1,0.03723540796283854,0.044663668838955534,0.10511952427230117,SUPPORT,0.12346966131468476,0.0,0.07242802579146515,-2.500000000000002,-0.0010000000000000009,0.5656175606204551,1,staged_v3,0.2504151707510238,2,1.1034974058390057,0.24882707024138848,2,0,1,1
v3_torso_proxy:v3_right_forearm_proxy,239,0.0,0.0,0.0,0.1372867591131114,0.3606489553995228,FLAT,0.0,-1,0.02623268118401408,0.027224623721214158,0.11376235764651521,UNLOADING,0.17021838817812843,0.003463494161111604,0.04885492081319939,0.0,0.0,0.009990027456512927,0,ok,0.10315965739169788,0.282936011359774,FLAT,0.0,1,0.03557001169182579,0.044663668838955534,0.08108245143687205,SUPPORT,0.1887757290517478,0.0,0.07242802579146515,2.500000000000002,0.0,0.5656175606204551,1,staged_v3,0.25154766181947147,2,1.1047150331151,0.24996227428975626,2,0,1,1
v3_torso_proxy:v3_right_forearm_proxy,240,0.0,0.20000000000000018,0.0,0.1536825001973767,0.36913622899848614,FLAT,0.0,-1,0.02091716111414784,0.028224623721214162,0.11297198619318054,UNLOADING,0.14590147558125294,0.0024239755884448676,0.049854920813199394,0.0,0.0,0.009990027456512836,0,ok,0.126900703812153,0.3147494222586663,FLAT,0.0,1,0.028959040915095633,0.045663668838955535,0.0630331168185745,SUPPORT,0.24102058324139825,0.0,0.07342802579146515,2.500000000000002,0.0010000000000000009,0.5666175606204551,1,staged_v3,0.2500036886677198,2,1.1043093084249005,0.24876371493590366,2,0,1,1
v3_torso_proxy:v3_right_forearm_proxy,241,0.0,0.40000000000000036,0.0,0.14787723280994083,0.37953584943161073,FLAT,0.0,-1,0.013731774372076637,0.030224623721214164,0.11195699092891842,UNLOADING,0.12505840764107395,0.00037322582523175926,0.051854920813199396,0.0,0.0,0.009990027456512836,0,ok,0.12300809467728298,0.3456491654785824,FLAT,0.0,1,0.022490211969761843,0.047663668838955536,0.049393094242759,SUPPORT,0.2828164665931186,0.0,0.07542802579146515,2.500000000000002,0.0020000000000000018,0.5686175606204551,1,staged_v3,0.2488691544233508,2,1.1046894922644483,0.24795457362177975,2,0,1,1
v3_torso_proxy:v3_right_forearm_proxy,242,0.0,0.6000000000000005,0.0,0.1409630014974327,0.39426923987943974,FLAT,0.0,-1,0.005642257483581368,0.033224623721214167,0.11107004559266716,UNLOADING,0.10719292083520625,0.0,0.0548549208131994,0.0,0.0,0.00999002745651292,0,ok,0.11633201958655513,0.3748796872224357,FLAT,0.0,1,0.01718236404248651,0.05066366883895554,0.03934617930054132,SUPPORT,0.31625317327449487,0.0,0.07842802579146516,2.500000000000002,0.0030000000000000027,0.5716175606204551,1,staged_v3,0.2463394651297144,2,1.1040166005445846,0.24605991209701977,2,0,1,1
v3_torso_proxy:v3_right_forearm_proxy,243,0.0,0.8000000000000007,0.0,0.14359288641997575,0.409720767356156,FLAT,0.0,-1,0.0034436925113253336,0.03722462372121417,0.11043452148847573,UNLOADING,0.09187964643017679,0.0,0.0588549208131994,0.0,0.0,0.00999002745651292,0,ok,0.11940411439495428,0.39794859768009677,FLAT,0.0,1,0.013396000200485347,0.05466366883895554,0.03221397029773356,SUPPORT,0.3430025386195959,0.0,0.08242802579146516,2.500000000000002,0.0040000000000000036,0.5756175606204551,1,staged_v3,0.24339264481117667,2,1.1026862538415927,0.24411753262359534,2,0,1,1
v3_torso_proxy:v3_right_forearm_proxy,244,0.0,0.6000000000000005,0.0,0.14494445970040748,0.4227775542330131,FLAT,0.0,-1,0.0024841806808012156,0.04022462372121417,0.1099791485691982,UNLOADING,0.07875398265443725,0.0,0.061854920813199404,0.0,0.0,0.00999002745651283,0,ok,0.12126757850123125,0.41703648119987863,FLAT,0.0,1,0.011004415645070426,0.057663668838955545,0.02724852280232166,SUPPORT,0.36440203089567674,0.0,0.08542802579146516,-2.500000000000002,0.0030000000000000027,0.5786175606204551,1,staged_v3,0.23979925631314858,2,1.1043939538395349,0.24083223434246745,2,1,1,1
v3_torso_proxy:v3_right_forearm_proxy,245,0.0,0.40000000000000036,0.0,0.14719600930215962,0.4341186086555463,FLAT,0.0,-1,0.003710132335488111,0.042224623721214175,0.10965285961454847,UNLOADING,0.06750341370380336,0.0,0.0638549208131994,0.0,0.0,0.009990027456512836,0,ok,0.12405642614843507,0.43406100193112296,FLAT,0.0,1,0.012507815090223506,0.05966366883895555,0.02377720381513321,SUPPORT,0.3815216247165414,0.0,0.08742802579146516,-2.500000000000002,0.0020000000000000018,0.5806175606204551,1,staged_v3,0.23578911758745413,2,1.1030012430280904,0.237590751905051,2,1,1,1
v3_torso_proxy:v3_right_forearm_proxy,246,0.0,0.20000000000000018,0.0,0.14871455134429223,0.4401593229251118,FLAT,0.0,-1,0.006990079092615242,0.043224623721214175,0.10941906336224755,UNLOADING,0.05786006888897431,0.0,0.06485492081319941,0.0,0.0,0.009990027456512927,0,ok,0.1259848105115857,0.44802258220571517,FLAT,0.0,1,0.01166738402418795,0.06066366883895555,0.02122327181459031,SUPPORT,0.3952172997732331,0.0,0.08842802579146516,-2.500000000000002,0.0010000000000000009,0.5816175606204551,1,staged_v3,0.23153067376607817,2,1.102776084190825,0.23277748979586335,2,1,1,1
v3_torso_proxy:v3_right_forearm_proxy,247,4.9867072237298475e-05,0.0,3.548387276466968e-05,0.15085811955121717,0.44073111945882304,FLAT,0.0,-1,0.011014526337781149,0.04322367168672263,0.10925154102717913,UNLOADING,0.04959434476197798,0.0,0.06485344126276417,6.688552439904072e-06,3.548387276466968e-05,0.00999000624521772,0,ok,0.12847974329324705,0.45845528776016153,FLAT,0.0,1,0.011610995919015384,0.06066044007641852,0.01935950627083193,SUPPORT,0.4061738398185865,0.0,0.08842399557888604,-2.500000000000002,0.0,0.5816175606204551,1,staged_v3,0.22676810159711588,2,1.1013738252632979,0.2284634173504461,2,1,1,1
v3_torso_proxy:v3_right_forearm_proxy,248,4.779101384913416e-05,0.20000000000000018,3.416797381242367e-05,0.15238068456492498,0.43783851284930364,FLAT,0.0,-1,0.014794602603957253,0.04222275597167945,0.10915158853801235,UNLOADING,0.042509438367409697,0.0,0.0638520280272017,6.440511331029519e-06,3.416797381242367e-05,0.009990000274704574,0,ok,0.13027414390315872,0.4654175384120732,FLAT,0.0,1,0.013294686968439258,0.059657245091083055,0.01734006730674542,SUPPORT,0.4149390718548692,0.0,0.08741997980853917,-2.500000000000002,-0.0010000000000000009,0.5806175606204551,1,staged_v3,0.22178704570897217,2,1.0997555873864133,0.22282637134035718,2,1,1,1
v3_torso_proxy:v3_right_forearm_proxy,249,0.0,0.29890211450036563,0.0,0.1544562186093356,0.4327090340886695,FLAT,0.0,-1,0.017656180771963136,0.040728245399177986,0.10907996944995457,UNLOADING,0.03643666145777974,0.0,0.06235751745470025,0.0,0.0,0.009990000274704276,0,ok,0.13264161484992634,0.4700900165875238,FLAT,0.0,1,0.01530889246496125,0.05816273451858142,0.015332123824785486,SUPPORT,0.4219512574838954,0.0,0.08592546923603753,-1.2362764312545682,-0.0014945105725018282,0.5791230500479533,1,staged_v3,0.21902976994707446,2,1.0973732253471697,0.21931309869081103,2,1,1,1
v3_torso_proxy:v3_right_forearm_proxy,250,0.0,0.09890211450036546,0.0,0.15720944833107764,0.4325213831241188,FLAT,0.0,-1,0.013226613513291888,0.04023373482667616,0.10902865213092644,UNLOADING,0.03123142410666835,0.0,0.06186300688219843,0.0,0.0,0.009990000274704283,0,ok,0.13573781009421831,0.47752429243363603,FLAT,0.0,1,0.014699310304465179,0.057668223946079594,0.013893369450098638,SUPPORT,0.4275610059871163,0.0,0.0854309586635357,2.500000000000002,-0.0004945105725018273,0.5786285394754515,1,staged_v3,0.21850821332816725,2,1.0956093418962103,0.21814915392242748,2,1,1,1
v3_torso_proxy:v3_right_forearm_proxy,251,0.0,0.10109788549963472,0.0,0.0,0.43260191356665006,FLAT,0.0,-1,0.015447959826904913,0.04073922425417433,0.10899188166506807,UNLOADING,0.026769792091430013,0.0,0.0623684963096966,0.0,0.0,0.00999000027470438,0,ok,0.13807964310044743,0.483783852394165,FLAT,0.0,1,0.015764285067301844,0.05817371337357777,0.012862456892410497,SUPPORT,0.43204880478969304,0.0,0.08593644809103387,2.500000000000002,0.0005054894274981736,0.5791340289029496,1,staged_v3,0.21811332188607155,2,1.0941801005032266,0.214006302735484,2,1,1,1
v3_torso_proxy:v3_right_forearm_proxy,252,0.0,0.09890211450036546,0.0,0.0,0.43269792995030976,FLAT,0.0,-1,0.017417490931742274,0.040244713681672505,0.10896553447497617,SUPPORT,0.11141583367314403,0.0,0.06187398573719478,0.0,0.0,0.0099900002747044,0,ok,0.12290963323648257,0.4897005379758297,FLAT,0.0,1,0.016316435205036717,0.05767920280107594,0.012123775766363237,SUPPORT,0.43563904383175445,0.0,0.08544193751853205,-2.500000000000002,-0.0004945105725018273,0.5786395183304478,1,staged_v3,0.21788871436996543,2,1.0955991112899912,0.2189690668702695,2,0,1,1
v3_torso_proxy:v3_right_forearm_proxy,253,0.0,0.10109788549963472,0.0,0.0,0.43728285249631926,FLAT,0.0,-1,0.012752293763140635,0.04075020310917068,0.1091117084792392,SUPPORT,0.1791326669385152,0.0,0.062379475164692944,0.0,0.0,0.009990000274704269,0,ok,0.11785294934316201,0.4954746070213685,FLAT,0.0,1,0.017525456383584846,0.058184692228574114,0.04004250936138718,UNLOADING,0.37340489471293237,0.0,0.08594742694603022,2.500000000000002,0.0005054894274981736,0.579145007757946,1,staged_v3,0.21779424511622178,2,1.0966350576821546,0.21803343543663328,2,0,1,1
v3_torso_proxy:v3_right_forearm_proxy,254,0.0,0.09224421000413319,0.0,0.0,0.44296859227609936,FLAT,0.0,-1,0.01149688585736525,0.041211424159191344,0.08086957778746455,SUPPORT,0.23330613355081217,0.0,0.06284069621471361,0.0,0.0,0.009990000274704296,0,ok,0.11946487933881307,0.4986291263733532,FLAT,0.0,1,0.02051318385766411,0.05864591327859478,0.06002763282829168,UNLOADING,0.3200613383253706,0.0,0.08640864799605089,-0.11067094369376917,0.00046122105002066593,0.5796062288079666,1,staged_v3,0.22112517048795527,2,1.0963026510124256,0.21448048057285704,2,0,1,1
v3_torso_proxy:v3_right_forearm_proxy,255,0.0,0.10775578999586699,0.0,0.0,0.44281824247513957,FLAT,0.0,-1,0.017797871970175058,0.04067264520921201,0.06063883187513713,SUPPORT,0.27664490684064974,0.0,0.06230191726473428,0.0,0.0,0.0099900002747044,0,ok,0.1274927336046742,0.5085694255752473,FLAT,0.0,1,0.017014032698484987,0.058107134328615445,0.07452573576179336,UNLOADING,0.2743382899931748,0.0,0.08586986904607155,-2.500000000000002,-0.000538778949979335,0.5790674498579873,1,staged_v3,0.22550677073902906,2,1.094994594276455,0.21033882988476238,2,0,1,1
v3_torso_proxy:v3_right_forearm_proxy,256,0.0,0.30775578999586717,0.0,0.0,0.44474107244178446,FLAT,0.0,-1,0.015839361226378582,0.03913386625923267,0.046193758740490906,SUPPORT,0.3113159254725198,0.0,0.060763138314754946,0.0,0.0,0.009990000274704394,0,ok,0.14084366101656007,0.5181549877889776,FLAT,0.0,1,0.016180441492469572,0.05656835537863611,0.0849905340778778,UNLOADING,0.23514710570843553,0.0,0.08433109009609221,-2.500000000000002,-0.0015387789499793358,0.577528670908008,1,staged_v3,0.2298653782661433,2,1.0923743482292925,0.20998609718507494,2,0,1,1
v3_torso_proxy:v3_right_forearm_proxy,257,0.0,0.5077557899958673,0.0,0.0,0.4503544421839182,FLAT,0.0,-1,0.01034284507924585,0.03659508730925334,0.03591869244294224,SUPPORT,0.33905274037801586,0.0,0.05822435936477561,0.0,0.0,0.00999000027470429,0,ok,0.15600890719340055,0.5229590915785962,FLAT,0.0,1,0.014073818790875166,0.05402957642865677,0.0923878801141708,UNLOADING,0.20155466203580188,0.0,0.08179231114611288,-2.500000000000002,-0.0025387789499793367,0.5749898919580286,1,staged_v3,0.23444811006074398,2,1.0887669830139397,0.21636588788045832,2,0,1,1
v3_torso_proxy:v3_right_forearm_proxy,258,0.0,0.7077557899958675,0.0,0.022668507845732152,0.45332952515731273,FLAT,0.0,-1,0.011495495169837971,0.033056308359274,0.02873239345967156,SUPPORT,0.36124219230241267,0.0,0.05468558041479628,0.0,0.0,0.0099900002747044,0,ok,0.14786351972520703,0.5270670137490945,FLAT,0.0,1,0.016285509372455518,0.050490797478677435,0.09777067648515823,UNLOADING,0.17276113888783018,0.0,0.07825353219613354,-2.500000000000002,-0.0035387789499793376,0.5714511130080493,1,staged_v3,0.23923643971124842,2,1.0846987643682542,0.22255053576314038,2,0,1,1
v3_torso_proxy:v3_right_forearm_proxy,259,0.0,0.9077557899958677,0.0,0.043858470684488754,0.45492670511213823,FLAT,0.0,-1,0.012765990810354995,0.02851752940929466,0.023784003587339952,SUPPORT,0.3789937538419301,0.0,0.05014680146481694,0.0,0.0,0.009990000274704394,0,ok,0.1460447159521133,0.5301088860912321,FLAT,0.0,1,0.017729441031305533,0.045952018528698096,0.10142064192045047,UNLOADING,0.14808097618956872,0.0,0.0737147532461542,-2.500000000000002,-0.0045387789499793385,0.56691233405807,1,staged_v3,0.23794133550639018,2,1.0842979208527688,0.2172993389049928,2,0,1,1
v3_torso_proxy:v3_right_forearm_proxy,260,0.0,1.0000000000000009,0.0,0.06421164077055899,0.45050579567699284,FLAT,0.0,-1,0.018962392759004545,0.023517529409294653,0.01973019898803813,SUPPORT,0.3931950030735441,0.0024689805401072566,0.045146801464816935,0.0,0.0,0.009990000274704276,0,ok,0.14947389275424797,0.531981785054316,FLAT,0.0,1,0.015217761140973295,0.04095201852869809,0.10404235793250255,UNLOADING,0.12692655101963035,0.0,0.0687147532461542,-1.1530526250516648,-0.0050000000000000044,0.56191233405807,1,staged_v3,0.2365678204985037,2,1.0837022176557565,0.21217721555646676,2,0,1,1
v3_torso_proxy:v3_right_forearm_proxy,261,0.0,0.8000000000000007,0.0,0.09076354130331621,0.4501430507783112,FLAT,0.0,-1,0.014906466712849946,0.01951752940929465,0.015789821206629667,SUPPORT,0.4045560024588353,0.006271961651036835,0.04114680146481693,0.0,0.0,0.009990000274704262,0,ok,0.1433930839496757,0.533421214178112,FLAT,0.0,1,0.014875574974624063,0.03695201852869809,0.10583862726800078,UNLOADING,0.10879418658825458,0.0,0.0647147532461542,2.500000000000002,-0.0040000000000000036,0.55791233405807,1,staged_v3,0.23540557490355882,2,1.0828822654256496,0.20741787347535204,2,0,1,1
v3_torso_proxy:v3_right_forearm_proxy,262,0.0,0.6000000000000005,0.0,0.11812241975759841,0.4584217711465728,FLAT,0.0,-1,0.00548570026200097,0.01651752940929464,0.013046571599802891,SUPPORT,0.4136448019670682,0.009134799170695505,0.03814680146481692,0.0,0.0,0.009990000274704394,0,ok,0.14276101860833393,0.5348585417625891,FLAT,0.0,1,0.01428378009806348,0.033952018528698086,0.1063866150636525,UNLOADING,0.09325215993278965,0.0,0.0617147532461542,2.500000000000002,-0.0030000000000000027,0.55491233405807,1,staged_v3,0.23086696389652075,2,1.0814743041049455,0.19995753733733035,2,0,1,1
v3_torso_proxy:v3_right_forearm_proxy,263,0.16607666015625003,0.40000000000000036,0.11828160196491103,0.12718041174332828,0.4644444625418728,FLAT,0.0,-1,0.005295608070851577,0.003123033177995134,0.011227454972501027,SUPPORT,0.4209158415736546,0.02243833957062992,0.023787704801816262,0.022295556707267794,0.11828160196491103,0.0099900002747044,0,ok,0.14641943543108837,0.5407148695578903,FLAT,0.0,1,0.009162187563729262,0.03797748776752019,0.10697009098468459,UNLOADING,0.079930422799534,0.0,0.06352314328307933,2.500000000000002,-0.0020000000000000018,0.5529123340580699,1,staged_v3,0.2250019221615398,2,1.059878326199421,0.2250019221615398,2,1,1,1
v3_torso_proxy:v3_right_forearm_proxy,264,0.0,0.0,0.0,0.12718041174332828,0.46661801294649496,FLAT,0.0,-1,0.007908851799007655,0.003123033177995134,0.010335405436956557,SUPPORT,0.42673267325892367,0.022393737093852697,0.023787704801816262,0.0,0.0,0.0099900002747044,0,ok,0.14641943543108837,0.5467642871863653,FLAT,0.0,1,0.007226072578479369,0.03797748776752019,0.10840214992378527,UNLOADING,0.06851179097102914,0.0,0.06352314328307933,5.000000000000004,0.0,0.5529123340580699,1,staged_v3,0.21570302710266342,2,1.0775528387495572,0.21001606437340978,2,1,1,1
v3_torso_proxy:v3_right_forearm_proxy,265,0.015747070312499858,0.20000000000000018,0.01413042197868653,0.15256154982275488,0.4672889825142636,FLAT,0.0,-1,0.007171833518098464,0.003066484035697201,0.01240623275744179,SUPPORT,0.4313861386071389,0.022553827602174892,0.023348174897547015,0.0026635217928219213,0.01413042197868653,0.009990000274703991,0,ok,0.15215878923735257,0.5482058649192372,FLAT,0.0,1,0.008506784443951473,0.03905365359019554,0.11005668656648508,UNLOADING,0.058724392260882115,0.0,0.06407375065204954,2.500000000000002,0.0010000000000000009,0.5539123340580699,1,staged_v3,0.21540115167150456,2,1.0591326278271598,0.21540115167150456,2,1,1,1
v3_torso_proxy:v3_right_forearm_proxy,266,0.03289794921875054,0.40000000000000036,0.03289794921874942,0.17666770487800826,0.4678281176257879,FLAT,0.0,-1,0.0058439899822997675,0.0029490128330748227,0.013726739754856514,SUPPORT,0.43510891088571113,0.022737324154668004,0.022716565813116353,0.006201117335027595,0.03289794921874942,0.010175133153657045,0,ok,0.1615827271351138,0.5489247654806869,FLAT,0.0,1,0.007979357967728124,0.04283300791790415,0.11148873906475273,UNLOADING,0.05033519336647038,0.0,0.0668249167260967,2.500000000000002,0.0020000000000000018,0.55591233405807,1,staged_v3,0.20560717467897505,2,1.0631736198820292,0.20689030376418627,2,1,1,1
v3_torso_proxy:v3_right_forearm_proxy,267,0.05218505859375034,0.6000000000000005,0.05218505859375036,0.19725600485507264,0.46796988123645944,FLAT,0.0,-1,0.004300045340042582,0.0028273321188665686,0.014602465777252188,SUPPORT,0.4380871287085689,0.022902791169996044,0.02106019203962601,0.009836651802316743,0.05218505859375036,0.010175137369862721,0,ok,0.16855964522836872,0.5496579450526183,FLAT,0.0,1,0.006763524782721165,0.04526225921052633,0.11268544219365378,UNLOADING,0.04314445145697461,0.0,0.06698223561056538,2.500000000000002,0.0030000000000000027,0.55891233405807,1,staged_v3,0.20581589669008316,2,1.0596720915577107,0.20581589669008316,2,1,1,1
v3_torso_proxy:v3_right_forearm_proxy,268,0.06280517578124924,0.8000000000000007,0.06280517578124985,0.1962770834286714,0.4688059785070453,FLAT,0.0,-1,0.006645536185828605,0.0025255274540595266,0.015272325180822572,SUPPORT,0.4404697029668551,0.023238088804981603,0.02072790907594011,0.011838496730507408,0.06280517578124985,0.010175137222458028,0,ok,0.15325970100714922,0.5512227916901628,FLAT,0.0,1,0.0066409682916578425,0.051037039278005514,0.11357791339979939,UNLOADING,0.03698095839169253,0.0,0.07201593745672033,2.500000000000002,0.0040000000000000036,0.56291233405807,1,staged_v3,0.20588676123061886,2,1.058435253504862,0.20588676123061886,2,1,1,1
v3_torso_proxy:v3_right_forearm_proxy,269,0.8770135501476134,1.0000000000000009,1.0000000000000002,0.22911001206864393,0.46857404071933545,FLAT,0.0,-1,0.008572957796733404,0.01643556215213432,0.0157414093515934,SUPPORT,0.4423757623734841,0.009351508315445352,0.0475570160073592,0.18849555921538763,1.0000000000000002,0.010178989804414531,0,ok,0.15528770469357292,0.5527331291556686,FLAT,0.0,1,0.006494984005674786,0.01197843701270852,0.11421707725349749,UNLOADING,0.031697964335736455,0.018732416849966356,0.039582900257883746,2.500000000000002,0.0050000000000000044,0.56791233405807,0,staged_v3,0.2035788630326634,2,1.0744396198030586,0.18711537997337904,2,0,0,0
v3_torso_proxy:v3_right_forearm_proxy,270,0.29144287109374994,1.0000000000000009,0.22021838998113968,0.2235063840879032,0.46781584243320534,FLAT,0.0,-1,0.004339011740516501,0.0030026364162361223,0.015790805032216908,SUPPORT,0.44390060989878727,0.022786903835374725,0.0307831483427801,0.041510188569007234,0.22021838998113968,0.010180266330178381,0,ok,0.0,0.5454535555339467,FLAT,0.0,1,0.007601210829766522,0.02689903907394208,0.11431594795118821,UNLOADING,0.02716968371634553,0.003816758323617331,0.04993582182131215,0.0,0.0050000000000000044,0.57291233405807,1,staged_v3,0.17000727075244895,2,1.0743654024120064,0.17000727075244895,2,1,1,1
v3_torso_proxy:v3_right_forearm_proxy,271,0.08948926651050094,1.0000000000000009,0.11759068687053352,0.19462708439575288,0.46478367893647804,FLAT,0.0,-1,0.011656593484829269,0.006297735046316519,0.015823280163552177,SUPPORT,0.4451204879190298,0.01949342896186109,0.03208814505390666,0.022165322280182753,0.11759068687053352,0.009990000125391297,0,ok,0.0,0.5327356487257012,FLAT,0.0,1,0.013263245280789454,0.02750637043559509,0.11396232791099027,SUPPORT,0.11614051778022619,0.0031917459599544243,0.04829483914392141,0.0,0.0050000000000000044,0.57791233405807,1,staged_v3,0.16896381382206715,2,1.0774388246038658,0.17085131910704715,2,1,1,1
v3_torso_proxy:v3_right_forearm_proxy,272,0.014038085937500165,1.0000000000000009,0.008028734194117124,0.20168511364847377,0.44767506211346575,FLAT,0.0,-1,0.03181073682549519,0.011377120835455026,0.04170438428130192,UNLOADING,0.3815318467877398,0.01570809837861007,0.03671874277450701,0.0015133807417118117,0.008028734194117124,0.009990000000535581,0,ok,0.0,0.5216140032044693,FLAT,0.0,1,0.02050762693785559,0.031704735555401625,0.11286742930272384,SUPPORT,0.18546056853907655,0.0,0.05207177684316589,0.0,0.0050000000000000044,0.58291233405807,1,staged_v3,0.16623948269773708,2,1.0734058166943765,0.16623948269773708,2,1,1,1
v3_torso_proxy:v3_right_forearm_proxy,273,0.0,1.0000000000000009,0.0,0.21246204116868578,0.4477489585705341,FLAT,0.0,-1,0.013665251400885346,0.01637712083545503,0.05981705020593854,UNLOADING,0.32702729724663415,0.0116137316748419,0.04171874277450702,0.0,0.0,0.00999000000053549,0,ok,0.0,0.5143340845170102,FLAT,0.0,1,0.012687764998481278,0.03670473555540163,0.08292969169209845,SUPPORT,0.24270455832351662,0.0,0.05707177684316589,0.0,0.0050000000000000044,0.58791233405807,1,staged_v3,0.1667675538194028,2,1.07486232134497,0.166693134209617,2,1,1,1
v3_torso_proxy:v3_right_forearm_proxy,274,0.0,1.0000000000000009,0.0,0.2262815785867926,0.45255991775682647,FLAT,0.0,-1,0.004641437716387293,0.021377120835455034,0.07273759327218646,UNLOADING,0.2803091119256864,0.00725975882815429,0.04671874277450702,0.0,0.0,0.009990000000535581,0,ok,0.0,0.5150369220665987,FLAT,0.0,1,0.004973356336861987,0.041704735555401634,0.061092581749793685,SUPPORT,0.2908780440190299,0.0,0.06207177684316589,0.0,0.0050000000000000044,0.59291233405807,1,staged_v3,0.17040919065566695,2,1.0760297187095134,0.16864681164864406,2,1,1,1
v3_torso_proxy:v3_right_forearm_proxy,275,0.0,1.0000000000000009,0.0,0.24262437362700662,0.4569868730613681,FLAT,0.0,-1,0.003775638906919768,0.02637712083545504,0.08316043334471675,UNLOADING,0.2402649530791598,0.0027809008317808,0.051718742774507026,0.0,0.0,0.009990000000535456,0,ok,0.0,0.5187330235434517,FLAT,0.0,1,0.00573605913494755,0.04670473555540164,0.045172984621041475,SUPPORT,0.3317624961449233,0.0,0.0670717768431659,0.0,0.0050000000000000044,0.59791233405807,1,staged_v3,0.175637201111007,2,1.0791753144601959,0.17342944479142788,2,1,1,1
v3_torso_proxy:v3_right_forearm_proxy,276,0.0,0.8000000000000007,0.0,0.2262815785867926,0.4589486581834145,FLAT,0.0,-1,0.0074714451167026425,0.030377120835455046,0.09057578524183457,UNLOADING,0.20594138835356554,0.0,0.05571874277450703,0.0,0.0,0.00999000000053549,0,ok,0.028284271247461888,0.5229736566623037,FLAT,0.0,1,0.005211515774867378,0.05070473555540164,0.03437367810853488,SUPPORT,0.3664094226217287,0.0,0.0710717768431659,-2.500000000000002,0.0040000000000000036,0.60191233405807,1,staged_v3,0.18132187201180394,2,1.077445161845722,0.173660363253336,2,1,1,1
v3_torso_proxy:v3_right_forearm_proxy,277,0.0,0.6000000000000005,0.0,0.21246204116868564,0.45785964434773596,FLAT,0.0,-1,0.009462172432725801,0.03337712083545505,0.09588911705504224,UNLOADING,0.1765211900173419,0.0,0.05871874277450703,0.0,0.0,0.009990000000535574,0,ok,0.05656854249492382,0.5293257879690767,FLAT,0.0,1,0.0037641824822638495,0.053704735555401645,0.027598465400916376,SUPPORT,0.383127538097383,0.0,0.0740717768431659,-2.500000000000002,0.0030000000000000027,0.60491233405807,1,staged_v3,0.17587707488985288,2,1.0776327222137296,0.17041817991520408,2,1,1,1
v3_torso_proxy:v3_right_forearm_proxy,278,0.0,0.40000000000000036,0.0,0.20168511364847377,0.46295308784636635,FLAT,0.0,-1,0.003314594012292163,0.03537712083545505,0.09980432698143951,UNLOADING,0.15130387715772164,0.0,0.060718742774507034,0.0,0.0,0.009990000000535581,0,ok,0.08485281374238575,0.5345540550214045,FLAT,0.0,1,0.003762762120652864,0.05570473555540165,0.023930066258010706,SUPPORT,0.3965020304779064,0.0,0.0760717768431659,-2.500000000000002,0.0020000000000000018,0.60691233405807,1,staged_v3,0.17102165373460199,2,1.0775165804220845,0.16800926164134342,2,1,1,1
v3_torso_proxy:v3_right_forearm_proxy,279,0.0,0.20000000000000018,0.0,0.2005110560416079,0.4603384420047719,FLAT,0.0,-1,0.01018329556441514,0.03637712083545505,0.1025243156755051,UNLOADING,0.1296890375637614,0.0,0.061718742774507035,0.0,0.0,0.00999000000053549,0,ok,0.10602538302161324,0.5329542345649485,FLAT,0.0,1,0.009865195033396544,0.05670473555540165,0.02201627432278038,SUPPORT,0.4072016243823251,0.0,0.0770717768431659,-2.500000000000002,0.0010000000000000009,0.60791233405807,1,staged_v3,0.16789694243925876,2,1.0766207222366921,0.16489290424987466,2,1,1,1
v3_torso_proxy:v3_right_forearm_proxy,280,0.0,0.0,0.0,0.2054410873903519,0.4608139654411699,FLAT,0.0,-1,0.008490858110832165,0.03637712083545505,0.10445061322611099,UNLOADING,0.11116203219750978,0.0,0.061718742774507035,0.0,0.0,0.00999000000053549,0,ok,0.11269970437393388,0.5329197889207958,FLAT,0.0,1,0.008788492186284103,0.05670473555540165,0.021041377543502687,SUPPORT,0.4157612995058601,0.0,0.0770717768431659,-2.500000000000002,0.0,0.60791233405807,1,staged_v3,0.16717694450809628,2,1.075727096549548,0.1637189258857319,2,1,1,1
v3_torso_proxy:v3_right_forearm_proxy,281,0.0,0.20000000000000018,0.0,0.2058490923067804,0.46171472766678345,FLAT,0.0,-1,0.007188704301189604,0.03537712083545505,0.10595575767542245,UNLOADING,0.09528174188357981,0.0,0.060718742774507034,0.0,0.0,0.009990000000535574,0,ok,0.11343083682362555,0.5341713356805369,FLAT,0.0,1,0.006692709582627679,0.05570473555540165,0.02052325810891764,SUPPORT,0.4226090396046881,0.0,0.0760717768431659,-2.500000000000002,-0.0010000000000000009,0.60691233405807,1,staged_v3,0.16703007739712944,2,1.0753860606569141,0.1638612503130072,2,1,1,1
v3_torso_proxy:v3_right_forearm_proxy,282,0.0,0.40000000000000036,0.0,0.2061932930298991,0.45391025620879233,FLAT,0.0,-1,0.018639533079910436,0.03337712083545505,0.10631998703493527,UNLOADING,0.08167006447163984,0.0,0.05871874277450703,0.0,0.0,0.009990000000535581,0,ok,0.11430118770841217,0.5337787036646372,FLAT,0.0,1,0.005858984225146688,0.053704735555401645,0.02010229253436531,SUPPORT,0.42808723168375046,0.0,0.0740717768431659,-2.500000000000002,-0.0020000000000000018,0.60491233405807,1,staged_v3,0.16620281309250848,2,1.0756084110435162,0.16468786829885643,2,1,1,1
v3_torso_proxy:v3_right_forearm_proxy,283,0.0,0.6000000000000005,0.0,0.20679586607907458,0.4540675307449048,FLAT,0.0,-1,0.008781915231051362,0.030377120835455046,0.1066764352716436,UNLOADING,0.07000291240426272,0.0,0.05571874277450703,0.0,0.0,0.009990000000535407,0,ok,0.11507105324020914,0.5307731958854166,FLAT,0.0,1,0.008677004410963668,0.05070473555540164,0.01961991064775661,SUPPORT,0.43246978534700037,0.0,0.0710717768431659,-2.500000000000002,-0.0030000000000000027,0.60191233405807,1,staged_v3,0.1662158236452285,2,1.0755235619356864,0.16600131851837116,2,1,1,1
v3_torso_proxy:v3_right_forearm_proxy,284,0.0,0.40000000000000036,0.0,0.20733125825557744,0.45278551317757487,FLAT,0.0,-1,0.01191079268339425,0.028377120835455044,0.10702525412957344,UNLOADING,0.060002496346510906,0.0019741418710236304,0.05371874277450703,0.0,0.0,0.00999000000053549,0,ok,0.11600268112216663,0.5274272305803457,FLAT,0.0,1,0.009701745396928392,0.04870473555540164,0.018998672375865104,SUPPORT,0.4359758282776003,0.0,0.0690717768431659,2.500000000000002,-0.0020000000000000018,0.59991233405807,1,staged_v3,0.1662864452534176,2,1.0753713853857154,0.1679198840843551,2,1,1,1
v3_torso_proxy:v3_right_forearm_proxy,285,0.0,0.20000000000000018,0.0,0.2078149494082859,0.455374175727792,FLAT,0.0,-1,0.0068168554802823635,0.02737712083545504,0.10763690030724998,UNLOADING,0.05143071115415221,0.0030047241799074607,0.05271874277450703,0.0,0.0,0.009990000000535581,0,ok,0.11525210076708998,0.5261970156708098,FLAT,0.0,1,0.012269232411711732,0.04770473555540164,0.018290355155622558,SUPPORT,0.4387806626220802,0.0,0.0680717768431659,2.500000000000002,-0.0010000000000000009,0.59891233405807,1,staged_v3,0.16674409360582357,2,1.0712600899338993,0.16484179145188896,2,1,1,1
v3_torso_proxy:v3_right_forearm_proxy,286,0.0,0.0,0.0,0.20815293942668503,0.4583835787239796,FLAT,0.0,-1,0.006831188267486606,0.02737712083545504,0.108232377522296,UNLOADING,0.04408346670355904,0.0030344980406597603,0.05271874277450703,0.0,0.0,0.009990000000535511,0,ok,0.11531378591085188,0.525071535596878,FLAT,0.0,1,0.011816283959886698,0.04770473555540164,0.017472260938889532,SUPPORT,0.4410245300976642,0.0,0.0680717768431659,2.500000000000002,0.0,0.59891233405807,1,staged_v3,0.1676800082325098,2,1.071783891333429,0.1665816689001705,2,1,1,1
v3_torso_proxy:v3_right_forearm_proxy,287,0.0,0.20000000000000018,0.0,0.20795623526805349,0.45900563524969173,FLAT,0.0,-1,0.007732179843918978,0.028377120835455044,0.10887255788922301,UNLOADING,0.0377858286030506,0.0020665070590061077,0.05371874277450703,0.0,0.0,0.00999000000053549,0,ok,0.11491582699194507,0.5252375827239177,FLAT,0.0,1,0.009695626562215162,0.04870473555540164,0.016749833659192824,SUPPORT,0.44281962407813136,0.0,0.0690717768431659,2.500000000000002,0.0010000000000000009,0.59991233405807,1,staged_v3,0.16933736754158232,2,1.0726395240759974,0.1684703845953672,2,1,1,1
v3_torso_proxy:v3_right_forearm_proxy,288,0.0,0.17023704361573966,0.0,0.2075545831578544,0.4586631387264759,FLAT,0.0,-1,0.01001708611516654,0.029228306053533742,0.10938604696000422,UNLOADING,0.03238785308832909,0.0012409962944664697,0.054569927992585726,0.0,0.0,0.009990000000535581,0,ok,0.11427550314677308,0.5286204549930286,FLAT,0.0,1,0.010938352926941959,0.04955592077348034,0.01605418202081991,SUPPORT,0.4442556992625051,0.0,0.0699229620612446,-0.3720369548032565,0.0008511852180786983,0.6007635192761487,1,staged_v3,0.17125609342285558,2,1.073595998970581,0.17051073894779237,2,1,1,1
v3_torso_proxy:v3_right_forearm_proxy,289,0.5054608109742383,0.02976295638426052,0.5396574948339351,0.0,0.4579180278807853,FLAT,0.0,-1,0.011572017074327218,0.029025039112554878,0.10985263790358385,UNLOADING,0.027761016932853506,0.0014675927826243162,0.059792660033223824,0.10172304127349774,0.5396574948339351,0.01012344691205137,0,ok,0.1160822634804953,0.5296534211950438,FLAT,0.0,1,0.011482452448846353,0.022809560400469324,0.015284654831665898,SUPPORT,0.44540455941000406,0.0029546723411139723,0.05340577221420657,-2.500000000000002,-0.0001488147819213026,0.6006147044942274,0,staged_v3,0.17308279238782115,2,1.0746429054371043,0.17300967123695812,2,1,0,0
v3_torso_proxy:v3_right_forearm_proxy,290,0.25727967320464895,0.2297629563842607,0.1072497792696741,0.0,0.46126388492179754,FLAT,0.0,-1,0.0067880550633777036,0.02403685799126542,0.11044859155011535,SUPPORT,0.11220881354628282,0.00648557158624035,0.050576034946811836,0.020216107119164106,0.1072497792696741,0.009990008875795504,0,ok,0.09025476680659215,0.5358173692083515,FLAT,0.0,1,0.006779122793657143,0.01855465628529435,0.014524245626854186,SUPPORT,0.44632364752800324,0.0071715559960483614,0.044751702374268336,-2.500000000000002,-0.0011488147819213035,0.5994658897123061,1,staged_v3,0.17741709632576247,2,1.075928999482941,0.1788519103567127,2,1,1,1
v3_torso_proxy:v3_right_forearm_proxy,291,0.45585389070913435,0.02976295638426052,0.23963291232440645,0.0,0.46215494706315713,FLAT,0.0,-1,0.008914851619513867,0.004635114001500508,0.11114918047145692,SUPPORT,0.17976705083702627,0.02592234502207234,0.021922244072882305,0.04516973981500094,0.23963291232440645,0.009991475938489734,0,ok,0.09993697769241225,0.5399626040561043,FLAT,0.0,1,0.007252567646698609,0.03209829731370453,0.04205603050125263,UNLOADING,0.38256312645257423,0.0,0.04688957615013412,2.500000000000002,-0.0001488147819213026,0.5993170749303848,0,staged_v3,0.18117112122620072,2,1.0772972172239719,0.1824755826141038,2,1,1,1
v3_torso_proxy:v3_right_forearm_proxy,292,0.09194345426780065,0.17023704361573966,0.08105289712911082,0.0,0.45785430875421756,FLAT,0.0,-1,0.013998780704543492,0.003560926777495082,0.08318070242940698,SUPPORT,0.23381364066962101,0.02559810834397527,0.019651296566752272,0.015278111170379027,0.08105289712911082,0.009993570364067225,0,ok,0.1203546719262793,0.5403451684044686,FLAT,0.0,1,0.009396437535487903,0.0357039980506105,0.061408811447980896,UNLOADING,0.32791125124506365,0.0,0.04937171264162919,2.500000000000002,0.0008511852180786983,0.6001682601484635,0,staged_v3,0.1854036010781177,2,1.0788692508114226,0.18672745777208014,2,1,1,1
v3_torso_proxy:v3_right_forearm_proxy,293,0.07756295077876954,0.37023704361573984,0.09874458997484252,0.0,0.45683359738973023,FLAT,0.0,-1,0.012597866702152112,0.005910452906477334,0.0628197661610964,SUPPORT,0.2770509125356968,0.02223053540157749,0.02128605989310984,0.018612916706802096,0.09874458997484252,0.009996012489540528,0,ok,0.1390414075334614,0.544231131810315,FLAT,0.0,1,0.006443263866506232,0.0359322347766082,0.07491982935234803,UNLOADING,0.2810667867814831,0.0,0.04982449371207841,2.500000000000002,0.0018511852180786992,0.6020194453665422,0,staged_v3,0.18932020789221793,2,1.080484196273216,0.19068306098774315,2,1,1,1
v3_torso_proxy:v3_right_forearm_proxy,294,0.08245766268911285,0.57023704361574,0.09577361533579061,0.0,0.45482207725662094,FLAT,0.0,-1,0.01151426262244086,0.008363513122658987,0.04783970666154898,SUPPORT,0.31164073002855747,0.019028472210418465,0.023473119022839172,0.018052901180799275,0.09577361533579061,0.009998299207629905,0,ok,0.1604337618455751,0.5472350835211706,FLAT,0.0,1,0.004783322780959798,0.038289302923217784,0.08425624366647626,UNLOADING,0.24091438866984266,0.0,0.05205484816010336,2.500000000000002,0.0028511852180787,0.6048706305846209,0,staged_v3,0.19368070424204814,2,1.0819804514681057,0.19503176884966017,2,1,1,1
v3_torso_proxy:v3_right_forearm_proxy,295,0.08706337496523009,0.7702370436157402,0.10435582912621157,0.0,0.45506420579620926,FLAT,0.0,-1,0.011922600191957107,0.01216918330017485,0.03684860592819317,SUPPORT,0.339312584022846,0.01467324699623481,0.027026430282929843,0.019670610368530683,0.10435582912621157,0.009999983422152494,0,ok,0.1826590579035207,0.5453285264398113,FLAT,0.0,1,0.0104656797720046,0.0407171613071592,0.09051136847728009,UNLOADING,0.2064980474312937,0.0,0.05490308344149754,2.500000000000002,0.003851185218078701,0.6087218158026996,0,staged_v3,0.19843219594513523,2,1.0838129443585391,0.19974023436666183,2,1,1,1
v3_torso_proxy:v3_right_forearm_proxy,296,0.43222599859786104,0.57023704361574,0.11838158749634003,0.08911349172740987,0.4547622580312696,FLAT,0.0,-1,0.011349094069640697,0.026400300342047243,0.02865428769797223,SUPPORT,0.36145006721827677,3.241404285136973e-05,0.05515388252146339,0.02231440353592795,0.11838158749634003,0.010001092914591992,0,ok,0.13480169439814813,0.5461748228571781,FLAT,0.0,1,0.008530816944269095,0.03385059735935149,0.09474014884921847,UNLOADING,0.17699832636968033,0.0,0.06290947729248585,-2.500000000000002,0.0028511852180787,0.6115730010207783,0,staged_v3,0.20359862515158972,2,1.0855227700304615,0.20484000481401776,2,1,0,0
v3_torso_proxy:v3_right_forearm_proxy,297,0.05509024452232825,0.37023704361573984,0.04901689129833373,0.11823623119337591,0.4524232874645006,FLAT,0.0,-1,0.010861725785615051,0.031410064474866176,0.022089717571203822,SUPPORT,0.3791600537746214,0.0,0.058346145488934006,0.009239466336279284,0.04901689129833373,0.01000427805177986,0,ok,0.11566194930492761,0.5493418808676914,FLAT,0.0,1,0.006018509962192615,0.034067576016904466,0.09756160493640596,UNLOADING,0.1517128511740117,0.0,0.06320346334852066,-2.500000000000002,0.0018511852180786992,0.613424186238857,0,staged_v3,0.20970844586661794,2,1.0906252736635371,0.21127484513086697,2,1,0,0
v3_torso_proxy:v3_right_forearm_proxy,298,0.26827508552258106,0.17023704361573966,0.04971621760266297,0.09486436804086038,0.45187525019356967,FLAT,0.0,-1,0.008630436474565328,0.0267278206598125,0.015827974281499537,SUPPORT,0.39332804301969715,0.0,0.04624445490274844,0.009371286239087853,0.04971621760266297,0.009990000768620822,0,ok,0.1233101078595944,0.5479346562246883,FLAT,0.0,-1,0.007979203200089597,0.037556789257435004,0.09825281358938631,UNLOADING,0.13003958672058147,0.0,0.059506852117098566,-2.500000000000002,0.0008511852180786983,0.6142753714569357,1,staged_v3,0.21245615504027965,2,1.0928021548421192,0.21361481012041586,2,1,1,1
