active_collision_pair,frame_idx,frame_root_angular_budget_usage,frame_root_z_budget_usage,frame_velocity_budget_usage_max,left_anchor_error_xy,left_contact_confidence,left_contact_phase,left_contact_slack,left_elbow_branch_sign,left_foot_vxy,left_heel_height,left_liftoff_probability,left_load_phase,left_lock_weight,left_swing_clearance_error,left_toe_height,max_joint_delta,max_joint_velocity_ratio,min_self_collision_distance,qp_resolve_count,qp_status,right_anchor_error_xy,right_contact_confidence,right_contact_phase,right_contact_slack,right_elbow_branch_sign,right_foot_vxy,right_heel_height,right_liftoff_probability,right_load_phase,right_lock_weight,right_swing_clearance_error,right_toe_height,root_ddz,root_dz,root_z,safety_backtracked,solver_mode,stage_a_high_priority_error,stage_a_iterations,stage_b_detail_error,stage_b_high_priority_error,stage_b_iterations,stage_b_rejected,stage_c_iterations,stage_c_triggered
v3_pelvis_proxy:v3_left_hand_proxy,0,0.4745341022022935,1.0000000000000009,0.4801202501446019,0.0,0.07183526240218772,AIR,0.0,-1,0.0,0.09020350997094118,0.002517375419419252,UNLOADED,0.014330885215673786,0.0,0.09889202874754784,0.09050053504163852,0.4801202501446019,0.04947595030112903,0,ok,0.0,0.061514040554938025,AIR,0.0,1,0.0,0.07728838602049595,0.0031448971116340404,UNLOADED,0.012264117045294374,0.0,0.10591687659428967,0.0,-0.0050000000000000044,0.745,0,staged_v3,0.20307920338137503,2,0.8417527096025734,0.19860261109506963,2,0,0,0
v3_pelvis_proxy:v3_left_hand_proxy,1,0.1469784597548275,1.0000000000000009,0.2033297283197226,0.0,0.12397618839139554,AIR,0.0,-1,0.007511453618293167,0.08232050702148352,0.004504679092578558,UNLOADED,0.036148251262053274,0.0,0.0981679069791572,0.038326750844738945,0.2033297283197226,0.0497188218804932,0,ok,0.0,0.10671075181115502,AIR,0.0,1,0.0034153986200230685,0.07047809886617197,0.005253198364953401,UNLOADED,0.031041329449079044,0.0,0.10772641524500996,0.0,-0.0050000000000000044,0.74,0,staged_v3,0.18895798447487253,2,0.836659160148686,0.19042945242492262,2,1,0,0
v3_pelvis_proxy:v3_left_hand_proxy,2,0.16785232113347498,1.0000000000000009,0.18325350208402583,0.0,0.1584594192873827,FLAT,0.0,-1,0.015607636528839706,0.07658291793181672,0.006847313632879512,UNLOADED,0.06039348059873023,0.0,0.09574746352096161,0.034542471353506646,0.18325350208402583,0.04981256045682811,0,ok,0.0,0.14089690527431037,FLAT,0.0,1,0.006151769564041643,0.06450177368710026,0.006822843108490384,UNLOADED,0.05282018111829362,0.0,0.10543210882108567,0.0,-0.0050000000000000044,0.735,0,staged_v3,0.18388580435883467,2,0.8284481262252448,0.18499400944697125,2,1,0,0
v3_pelvis_proxy:v3_left_hand_proxy,3,0.19124546609480453,1.0000000000000009,0.20730361805524022,0.0,0.188523671001316,FLAT,0.0,-1,0.012984440200123744,0.07195014674082904,0.00987256917260029,UNLOADED,0.08564727608272078,0.0,0.09298668076140822,0.03907581141269563,0.20730361805524022,0.04893466651703424,0,ok,0.0,0.16724641783075345,FLAT,0.0,-1,0.004176014158496521,0.05906919541636481,0.008011548158340173,UNLOADED,0.07543744791463339,0.0,0.10214354158591202,0.0,-0.0050000000000000044,0.73,0,staged_v3,0.17808908174594068,2,0.8141266193220049,0.17946157532898735,2,1,0,0
v3_pelvis_proxy:v3_left_hand_proxy,4,0.19705974454144878,1.0000000000000009,0.36358562510233416,0.0,0.21113312035517817,FLAT,0.0,-1,0.011095665811217079,0.06863100893437185,0.012194018980008391,UNLOADED,0.11022953268182838,0.0,0.09052017207318021,0.06853427572634074,0.36358562510233416,0.04659477146563956,0,ok,0.0,0.1826662138921196,FLAT,0.0,-1,0.012796105845490726,0.0546498781483385,0.00900597320255169,UNLOADED,0.09655418370466583,0.0,0.09895706456184263,0.0,-0.0050000000000000044,0.725,0,staged_v3,0.17098635340013704,2,0.7887677288702863,0.17152231681922347,2,0,0,0
v3_pelvis_proxy:v3_left_hand_proxy,5,0.0982788103245077,1.0000000000000009,0.40321846910852743,0.0,0.23265295680424886,FLAT,0.0,-1,0.005538697611130496,0.06592985952021797,0.013905276537532315,LOADING,0.13406719676598494,0.0,0.08841900840924316,0.07600489082058437,0.40321846910852743,0.04778971086038844,0,ok,0.0,0.1974674079734812,FLAT,0.0,-1,0.009027329900280425,0.05177968087986993,0.01155933833298086,LOADING,0.11628031004272846,0.0,0.09644385190839673,0.0,-0.0050000000000000044,0.72,0,staged_v3,0.16321097550576025,2,0.7594359350554507,0.15946595598676538,2,0,0,0
v3_torso_proxy:v3_left_forearm_proxy,6,0.06510736373473595,1.0000000000000009,0.4454578297544873,0.0,0.24638466081945162,FLAT,0.0,-1,0.008592604957699904,0.0640359716308219,0.04343224064477997,LOADING,0.15439048200069969,0.0,0.08649445505254472,0.08396682272644501,0.4454578297544873,0.0498121437113708,0,ok,0.0,0.21228738537908104,FLAT,0.0,-1,0.0023581800007949037,0.04986829917013238,0.04191266303654801,LOADING,0.13370221917993833,0.0,0.09417311785249534,0.0,-0.0050000000000000044,0.715,0,staged_v3,0.1544362056876852,2,0.7272937965281051,0.15073024104095595,2,0,0,0
v3_torso_proxy:v3_left_forearm_proxy,7,0.06145971429673313,1.0000000000000009,0.48520632499104205,0.0,0.25925121207479074,FLAT,0.0,-1,0.005736201006662016,0.06282508174074261,0.06456648539777232,LOADING,0.17201484009576154,0.0,0.08532540915072934,0.09145923756402957,0.48520632499104205,0.04919726017990336,0,ok,0.0,0.21761774713369939,FLAT,0.0,-1,0.02038691860102069,0.0486047357935037,0.06378148105849021,LOADING,0.14770932832733066,0.0,0.09250538809634487,0.0,-0.0050000000000000044,0.71,0,staged_v3,0.1450860202623613,2,0.6924929587813456,0.14164027533050275,2,0,0,0
v3_torso_proxy:v3_left_forearm_proxy,8,0.07200962538199002,1.0000000000000009,0.5159141653837559,0.0,0.26853257140151704,FLAT,0.0,-1,0.007545229252405344,0.06250020703683566,0.07980963732198748,LOADING,0.18703208893037349,0.0,0.0848992054601568,0.09724752911115103,0.5159141653837559,0.04837829370976167,0,ok,0.0,0.22602210918316454,FLAT,0.0,-1,0.009003227579989588,0.04779607112462191,0.07942414473934709,LOADING,0.1597815619556862,0.0,0.09158076343238837,0.0,-0.0050000000000000044,0.705,0,staged_v3,0.13548763117784376,2,0.6538734931170902,0.13353280581175755,2,0,0,0
v3_torso_proxy:v3_left_forearm_proxy,9,0.07761859884097742,1.0000000000000009,0.5251793500377606,0.0,0.26679831375491325,FLAT,0.0,-1,0.021032741239864823,0.06295396890655766,0.0903234544875415,LOADING,0.1981657048253225,0.0,0.08546010559556824,0.09899397527374149,0.5251793500377606,0.04866691450788399,0,ok,0.0,0.2330927209693896,FLAT,0.0,-1,0.008787387008428432,0.047270991964012764,0.09063081774415215,LOADING,0.17021871697609384,0.0,0.09121707906896451,0.0,-0.0050000000000000044,0.7,0,staged_v3,0.12759237303848345,2,0.6127133685428942,0.12545826601271554,2,0,0,0
v3_torso_proxy:v3_left_forearm_proxy,10,0.073142016455049,1.0000000000000009,0.495007546183598,0.0,0.2636957235070908,FLAT,0.0,-1,0.029334570829455866,0.0637040510396495,0.09775774922645142,LOADING,0.2061160484795374,0.0,0.08641402816305736,0.09330672423371411,0.495007546183598,0.050547915397913826,0,ok,0.0,0.23697088274940842,FLAT,0.0,-1,0.010654185805464173,0.046480884427844794,0.09868125623913061,LOADING,0.17889223325039527,0.0,0.09086451364264257,0.0,-0.0050000000000000044,0.695,0,staged_v3,0.1206651036317317,2,0.5759963707219542,0.11890886490247332,2,0,0,0
v3_torso_proxy:v3_left_forearm_proxy,11,0.056467605784866724,1.0000000000000009,0.4704442068772781,0.0,0.27163024938675406,FLAT,0.0,-1,0.0030018259950903682,0.0638265958551194,0.10277944194902289,LOADING,0.21363528757129183,0.0,0.08682283025846743,0.08867664385497204,0.4704442068772781,0.053818021577228786,0,ok,0.0,0.23769054042796284,FLAT,0.0,-1,0.017171951026415805,0.044952721050169765,0.10437423595095852,LOADING,0.185690140975921,0.0,0.0896118736997134,0.0,-0.0050000000000000044,0.69,0,staged_v3,0.11460228627093742,2,0.5438800920474653,0.1136506187549434,2,0,0,0
v3_torso_proxy:v3_left_forearm_proxy,12,0.031205925039739926,1.0000000000000009,0.5815860493824933,0.0,0.2741833838084629,FLAT,0.0,-1,0.012623497830212008,0.062365275906532625,0.10623642905793151,LOADING,0.21991925409815977,0.0,0.08559881516021656,0.10962638761022109,0.5815860493824933,0.05766425031913411,0,ok,0.0,0.23131069641989147,FLAT,0.0,-1,0.0342102725318947,0.04221244403910481,0.10695299522057258,LOADING,0.1898663777029823,0.0,0.0872598171738809,0.0,-0.0050000000000000044,0.6849999999999999,0,staged_v3,0.11131721595996755,2,0.5196964048295131,0.11119044727583394,2,0,0,0
v3_pelvis_proxy:v3_right_hand_proxy,13,0.01767676037958288,1.0000000000000009,0.6156271366341135,0.0,0.2772399557290871,FLAT,0.0,-1,0.011794670418378402,0.05932387323203879,0.1087167743115207,LOADING,0.2253552676849182,0.0,0.08245219503125126,0.11604298138801505,0.6156271366341135,0.04862838825080487,0,ok,0.0,0.23299898530287316,FLAT,0.0,-1,0.017546703310956546,0.03846616191002771,0.10866920989098276,LOADING,0.19342893609530767,0.0,0.0833835032536491,0.0,-0.0050000000000000044,0.6799999999999999,0,staged_v3,0.11097784363185122,2,0.5042875109607178,0.1108329527864735,2,0,0,0
v3_pelvis_proxy:v3_right_hand_proxy,14,0.012087688584127733,1.0000000000000009,0.595327553006003,0.0,0.2731383209856275,FLAT,0.0,-1,0.024069102126327277,0.05531362234733388,0.1106825621264168,LOADING,0.2288655485087407,0.0,0.07824078919712012,0.11221660002019485,0.595327553006003,0.04145998530468675,0,ok,0.0,0.23751443491370658,FLAT,0.0,-1,0.010720009170191435,0.03399255272173688,0.11002525959135223,LOADING,0.19701951838737267,0.0,0.07875811031308662,0.0,-0.0050000000000000044,0.6749999999999999,0,staged_v3,0.11116520115004563,2,0.4953792197754737,0.11093036051067955,2,0,0,0
v3_pelvis_proxy:v3_right_hand_proxy,15,0.008273749371529306,1.0000000000000009,0.5601160526094008,0.0,0.2666863806020789,FLAT,0.0,-1,0.027552726641485302,0.05060959421340842,0.11277903682571913,LOADING,0.23041438829964042,0.0,0.07373887027656582,0.10557938856212445,0.5601160526094008,0.03592577419680262,0,ok,0.0,0.23889467486049407,FLAT,0.0,-1,0.015664528953193656,0.029156217697334327,0.11300754047018494,LOADING,0.19999516975451515,0.0014941593261749223,0.07415372546910884,0.0,-0.0050000000000000044,0.6699999999999999,0,staged_v3,0.11140311210666193,2,0.4909509447831844,0.1110944515909421,2,0,0,0
v3_pelvis_proxy:v3_right_hand_proxy,16,0.013161512804003602,1.0000000000000009,0.5086678100301563,0.0,0.27412192142210345,FLAT,0.0,-1,0.005048948905072229,0.04565063014662519,0.11467799542706925,LOADING,0.23286874443387234,0.0,0.06890956988383598,0.09588162330650085,0.5086678100301563,0.03160463702592123,0,ok,0.0,0.24218988728980959,FLAT,0.0,-1,0.012363103413429886,0.02421629248301599,0.11514379520627524,LOADING,0.20285678070494828,0.006540897277297775,0.06934330950368994,0.0,-0.0050000000000000044,0.6649999999999999,0,staged_v3,0.11177037774154616,2,0.48897995932874067,0.11139896224570896,2,0,0,0
v3_pelvis_proxy:v3_right_hand_proxy,17,0.010174531984692063,1.0000000000000009,0.43955813862779347,0.0,0.2748833859596256,FLAT,0.0,-1,0.011658449111095034,0.04079311453756529,0.11614431006305684,LOADING,0.23488644449700746,0.0,0.06408377710208962,0.0828547571483208,0.43955813862779347,0.028373393036700473,0,ok,0.0,0.24090186599939728,FLAT,0.0,-1,0.022986869400016003,0.019274086398190393,0.11683207879252488,LOADING,0.20483678460589652,0.011567517541435854,0.06442161617155179,0.0,-0.0050000000000000044,0.6599999999999999,0,staged_v3,0.11194875069714189,2,0.4886326858733017,0.11151822663689104,2,0,0,0
v3_pelvis_proxy:v3_right_hand_proxy,18,0.012947883819818807,1.0000000000000009,0.3587126237472855,0.0,0.2777703228371404,FLAT,0.0,-1,0.0086213187851619,0.035885373765816665,0.11724051173921433,LOADING,0.23695003320595542,0.0,0.05908294879912841,0.06761573661086351,0.3587126237472855,0.02629266958139974,0,ok,0.0,0.24297622982976608,FLAT,0.0,-1,0.016280445451306056,0.014201154227300106,0.11830557152615709,LOADING,0.20671558530321416,0.01671412434900775,0.05949224445790299,0.0,-0.0050000000000000044,0.6549999999999999,0,staged_v3,0.11246025570368363,2,0.48863473870093455,0.11199574567524329,2,0,0,0
v3_pelvis_proxy:v3_right_hand_proxy,19,0.01642028919550558,1.0000000000000009,0.2747315190822777,0.0,0.2767612177697913,FLAT,0.0,-1,0.01696446367688895,0.031023543665217555,0.11807238896465538,LOADING,0.2383766984877533,0.0,0.054051468127424084,0.051785671323506866,0.2747315190822777,0.025074561549782978,0,ok,0.0,0.24750711018034396,FLAT,0.0,-1,0.007101309200035967,0.009095055458574707,0.11964925784247954,LOADING,0.20895108186987713,0.02188740743354927,0.05443472277063375,0.0,-0.0050000000000000044,0.6499999999999999,0,staged_v3,0.11304715832356373,2,0.4888389876664738,0.11254931298820935,2,0,0,0
v3_pelvis_proxy:v3_right_hand_proxy,20,0.01764610525463996,1.0000000000000009,0.20096146354511998,0.0,0.2777028134989621,FLAT,0.0,-1,0.014200850847825915,0.02568313430137996,0.11855575963907342,LOADING,0.23965726788833958,0.005244653680573714,0.04878122484607174,0.03788034345168012,0.20096146354511998,0.02448744031333458,0,ok,0.0,0.24648366066773797,FLAT,0.0,-1,0.014366774663640178,0.006065870901332565,0.120923077217579,LOADING,0.21049648508309002,0.024980282959546386,0.051129459356737336,0.0,-0.0050000000000000044,0.6449999999999999,0,staged_v3,0.11346033362286473,2,0.49147773010345014,0.11300116999522544,2,0,0,0
v3_pelvis_proxy:v3_right_hand_proxy,21,0.0499483792551529,1.0000000000000009,0.999973085176132,0.0,0.2726920318360914,FLAT,0.0,-1,0.023795471370298093,0.021522203689872597,0.1187659064712965,LOADING,0.23978691740818733,0.009416091633692229,0.0446121279183615,0.18849048589061143,0.999973085176132,0.024853807898707322,0,ok,0.0,0.24565924651025856,FLAT,0.0,-1,0.019723433086597183,0.021768131236344093,0.12210942359589236,LOADING,0.21152957557004995,0.009337339943450526,0.06480008088324346,0.0,-0.0050000000000000044,0.6399999999999999,0,staged_v3,0.11402248211724172,2,0.49414665832267485,0.11440824341117756,2,0,0,0
v3_pelvis_proxy:v3_right_hand_proxy,22,0.07128091449918222,1.0000000000000009,0.5882513159433055,0.0,0.26387989118071564,FLAT,0.0,-1,0.034833944783297696,0.018546300727564365,0.1169318675147395,LOADING,0.23882077530778462,0.01230029264817261,0.04189311311557689,0.11088276075792103,0.5882513159433055,0.025768506030031155,0,ok,0.0,0.23686099521543275,FLAT,0.0,-1,0.03725915833438546,0.004617344658493328,0.1202709747783767,LOADING,0.21107870655059943,0.02639620408042551,0.050121321051182825,0.0,-0.0050000000000000044,0.6349999999999999,1,staged_v3,0.11845334635300898,2,0.4917585928931834,0.11845334635300898,2,1,0,0
v3_pelvis_proxy:v3_right_hand_proxy,23,1.0000000000000002,0.8000000000000007,0.06734702898840716,0.0,0.2614305457625834,FLAT,0.0,-1,0.021245085045392107,0.010631273125866859,0.11649629207028103,LOADING,0.23769992977057716,0.020193541477647195,0.01222462940684893,0.012694615890664729,0.06734702898840716,0.02542785972548256,0,ok,0.0,0.23939926847416887,FLAT,0.0,-1,0.01576130947694652,0.0235034525557381,0.11776872056045784,LOADING,0.21110406982505084,0.007384983472284796,0.04593201481554586,2.500000000000002,-0.0040000000000000036,0.6309999999999999,0,staged_v3,0.1152389264652982,2,0.49481382106176375,0.1152389264652982,2,1,1,1
v3_pelvis_proxy:v3_right_hand_proxy,24,1.0000000000000002,0.6000000000000005,1.0,0.0,0.2671413887280182,FLAT,0.0,-1,0.0029885765689521182,0.011965428507576516,0.1159662015907422,LOADING,0.23748022788757386,0.018832881571960596,0.01865192137425486,0.1884955592153876,1.0,0.010466490844951937,0,ok,0.0,0.24740506328295414,FLAT,0.0,-1,0.0013811358842406693,0.06391978991355803,0.11616858805751556,LOADING,0.21261612914065928,0.0,0.041006639570232685,2.500000000000002,-0.0030000000000000027,0.6279999999999999,0,staged_v3,0.20656131897573604,2,0.5663284581520744,0.20630152559644477,2,0,1,1
v3_pelvis_proxy:v3_right_hand_proxy,25,1.0,0.40000000000000036,1.0,0.0,0.26895695209229875,FLAT,0.0,-1,0.014100789638741775,0.06567835671369654,0.11547061392247676,LOADING,0.23756424785315566,0.018389772985450612,0.012383757710673227,0.1884955592153876,1.0,0.03945317256086324,0,ok,0.0,0.2505590363828551,FLAT,0.0,-1,0.005151021144886886,0.0046467761617333654,0.11499391804891351,LOADING,0.2144421575298535,0.026102919740712313,0.08929749978554027,2.500000000000002,-0.0020000000000000018,0.6259999999999999,0,staged_v3,0.38901218217056277,2,0.5273809810918976,0.3820854037881791,2,0,0,0
v3_pelvis_proxy:v3_right_hand_proxy,26,0.6869456083490955,0.20000000000000018,0.7692871093750002,0.0,0.2722813306833125,FLAT,0.0,-1,0.009099801512656118,0.02611143847750045,0.11514970304276104,LOADING,0.23823704154473277,0.021157816794260396,0.009599668357877657,0.1450072038788297,0.7692871093750002,0.0228294171075797,0,ok,0.0,0.25558930114944556,FLAT,0.0,-1,0.003060548319964158,0.023463528918252822,0.11415044053787626,LOADING,0.21683645998917647,0.007243993108640993,0.05487333253089312,2.500000000000002,-0.0010000000000000009,0.6249999999999999,1,staged_v3,0.4996014367879461,2,0.5114579727311216,0.4838475121602795,2,0,0,0
v3_pelvis_proxy:v3_right_hand_proxy,27,0.9999999999999999,0.0,1.0000000000000002,0.0,0.2748262136801546,FLAT,0.0,-1,0.0103592787526252,0.05718249981098743,0.11496299487076939,LOADING,0.23923590705308423,0.017746156129067946,0.013001993614470523,0.18849555921538763,1.0000000000000002,0.08556863981429916,0,ok,0.0,0.26243595882338994,FLAT,0.0,-1,0.001239159819746745,0.014514595609306126,0.11438717731217057,LOADING,0.21995249804501504,0.01654208881624412,0.01417727004936441,2.500000000000002,0.0,0.6249999999999999,0,staged_v3,0.39645962788432004,2,0.5536033301036892,0.3912092663479859,2,0,1,1
v3_pelvis_proxy:v3_right_hand_proxy,28,0.12298583984375035,0.20000000000000018,0.12298583984375021,0.0,0.2805871384630171,FLAT,0.0,-1,0.0021239653298091017,0.05425976971307207,0.11495707502673645,LOADING,0.24105505798950472,0.02054879615215999,0.010199057599176834,0.023182284656921792,0.12298583984375021,0.0838968936414338,0,ok,0.0,0.26532647778259977,FLAT,0.0,-1,0.0045042989473440265,0.011889345750121454,0.11455227477988689,LOADING,0.2229485436746656,0.020797819564541364,0.009929794174452982,2.500000000000002,0.0010000000000000009,0.6259999999999999,1,staged_v3,0.41417169537936505,2,0.605284710701771,0.405365472183942,2,0,1,1
v3_pelvis_proxy:v3_right_hand_proxy,29,0.05413818359374986,0.40000000000000036,0.05413818245501138,0.0,0.2775183405503192,FLAT,0.0,-1,0.01626177065723334,0.05507851119318194,0.1151464113403945,LOADING,0.24195666630256546,0.01962192423564779,0.011135396331371939,0.010204806976762057,0.05413818245501138,0.08311184503195052,0,ok,0.0,0.26594685992870104,FLAT,0.0,-1,0.0064301304484376395,0.013644293937822984,0.1144653163500077,LOADING,0.2254598686346667,0.021476003478420762,0.009247262339079625,2.500000000000002,0.0020000000000000018,0.6279999999999999,1,staged_v3,0.1664717766972838,2,0.6111580437970566,0.1486163455298896,2,0,1,1
v3_pelvis_proxy:v3_right_hand_proxy,30,0.22619628906250017,0.6000000000000005,0.22619628906249994,0.0,0.2676824155782024,FLAT,0.0,-1,0.028435807707263946,0.037844457743466925,0.11224227212779685,LOADING,0.24133959012292008,0.027217261766157592,0.0033948518402322535,0.04263699599928139,0.22619628906249994,0.07883715611932124,0,ok,0.0,0.2680869051275207,FLAT,0.0,-1,0.004462586541170492,0.0220452959622781,0.11406656595235201,LOADING,0.22786932540429944,0.013483836683843061,0.01721949161377454,2.500000000000002,0.0030000000000000027,0.6309999999999999,1,staged_v3,0.1655115266462802,2,0.5651926155888285,0.1655115266462802,2,1,1,1
v3_pelvis_proxy:v3_right_hand_proxy,31,0.6533203124999997,0.8000000000000007,0.6533203124999999,0.0,0.2715430684980883,FLAT,0.0,-1,0.007259618183866005,0.00620500330990276,0.11016136545170552,LOADING,0.24139757475701465,0.024303064962682516,0.01865820159271879,0.12314797765145925,0.6533203124999999,0.056192978572948235,0,ok,0.0,0.2704996040926135,FLAT,0.0,-1,0.00299015164759586,0.033127168477256615,0.11347951793672376,LOADING,0.23025614820706136,0.0022828501690223407,0.028391125727813847,2.500000000000002,0.0040000000000000036,0.6349999999999999,1,staged_v3,0.1526591060359205,2,0.5969199267775157,0.15107939661588612,2,0,1,1
v3_pelvis_proxy:v3_right_hand_proxy,32,1.0000000000000002,1.0000000000000009,0.9999999999999999,0.0,0.2751588303817717,FLAT,0.0,-1,0.003232459312645199,0.05234826428456438,0.1090525752391029,LOADING,0.2421484700713837,0.0,0.038177137463307725,0.18849555921538758,0.9999999999999999,0.04019573371880632,0,ok,0.0,0.2714592924660368,FLAT,0.0,-1,0.005251198298896667,0.024087752380797176,0.11266106385673191,LOADING,0.23238019852225256,0.006545300812039422,0.03126795064998758,2.500000000000002,0.0050000000000000044,0.6399999999999999,0,staged_v3,0.15272399504290957,2,0.5400225614167538,0.1508054469053685,2,1,1,1
v3_pelvis_proxy:v3_right_hand_proxy,33,1.0,0.8000000000000007,0.9477169926322631,0.0,0.2768794395829154,FLAT,0.0,-1,0.009211343728202112,0.025100019020536674,0.1083706871641418,LOADING,0.24309354094784544,0.005318515337670419,0.04360858157809418,0.1786404445041438,0.9477169926322631,0.04357341069736148,0,ok,0.0,0.27285360421964927,FLAT,0.0,-1,0.00580649325749653,0.005472772769076185,0.11152715919277743,LOADING,0.23438876219090632,0.02510358519056269,0.048936015709180415,-2.500000000000002,0.0040000000000000036,0.6439999999999999,0,staged_v3,0.15037755970234526,2,0.5321877256318678,0.1301475424996921,2,0,0,0
v3_pelvis_proxy:v3_right_hand_proxy,34,0.15151372020094347,0.6000000000000005,0.4133655622545158,0.0,0.2781253157921478,FLAT,0.0,-1,0.009272069618827553,0.028551762739168207,0.10842850986496955,LOADING,0.24406855320729257,0.0018696627540802715,0.05022276483672827,0.07791757281754808,0.4133655622545158,0.03911563853573591,0,ok,0.0,0.27044249998043246,FLAT,0.0,-1,0.011432841251074835,0.0060107620515798925,0.11046816461408185,LOADING,0.2356244524275151,0.0245126461791242,0.05318699042031599,-2.500000000000002,0.0030000000000000027,0.6469999999999999,0,staged_v3,0.11067416303761822,2,0.5198358558322619,0.11009027864566802,2,0,0,0
v3_pelvis_proxy:v3_right_hand_proxy,35,0.026166883699400043,0.40000000000000036,0.5570112141985554,0.0,0.2775666701828377,FLAT,0.0,-1,0.009802805116760108,0.03105556429044168,0.11037195457561805,LOADING,0.24464106141977646,0.0,0.05243182952817535,0.10499414030959875,0.5570112141985554,0.03398192452494114,0,ok,0.0,0.2678415992949535,FLAT,0.0,-1,0.014371056918526507,0.007499178605647732,0.11005111590167856,LOADING,0.2361726284235428,0.023003377189436198,0.0547803865611419,-2.500000000000002,0.0020000000000000018,0.6489999999999999,0,staged_v3,0.10998629505058909,2,0.5050078302835167,0.10952404275329396,2,0,0,0
v3_pelvis_proxy:v3_right_hand_proxy,36,0.015791808004091294,0.20000000000000018,0.5551263032190483,0.0,0.2804093657210779,FLAT,0.0,-1,0.004332475018320816,0.032673974939921024,0.11278126776564391,LOADING,0.2454697375281601,0.0,0.053677878490430375,0.10463884296044534,0.5551263032190483,0.031005027883147074,0,ok,0.0,0.26632905585752675,FLAT,0.0,-1,0.01285069344402426,0.008213868676181808,0.1098725307784875,LOADING,0.23635146443295726,0.02227975786274257,0.05544479611796272,-2.500000000000002,0.0010000000000000009,0.6499999999999999,0,staged_v3,0.1098534365213182,2,0.4942099316122533,0.10941457725434163,2,0,0,0
v3_pelvis_proxy:v3_right_hand_proxy,37,0.01599063033959496,0.0,0.458297361208465,0.0,0.280817728222663,FLAT,0.0,-1,0.006825232455902048,0.03302417461656913,0.11549226706265664,LOADING,0.2460528804542966,0.0,0.053819493980083954,0.08638701738792609,0.458297361208465,0.029580619049472845,0,ok,0.0,0.26565741307076063,FLAT,0.0,-1,0.012615726345572589,0.008052088593203468,0.1097702938345003,LOADING,0.23638039570209982,0.022436426098521547,0.05565856405301164,-2.500000000000002,0.0,0.6499999999999999,0,staged_v3,0.10878812061181721,2,0.4885068902692079,0.10931583828641754,2,0,0,0
v3_pelvis_proxy:v3_right_hand_proxy,38,0.01738518821148239,0.20000000000000018,0.3796054358989945,0.0,0.28306426152214326,FLAT,0.0,-1,0.005755797040214234,0.03233291581851859,0.12198261751506137,LOADING,0.24654937275877814,0.0,0.05303576020475504,0.07155393892098194,0.3796054358989945,0.029421955644789638,0,ok,0.0,0.26564510018137477,FLAT,0.0,-1,0.010485916505162311,0.0068811839891466595,0.10969703786303607,LOADING,0.23640524047540956,0.023603667904005147,0.05463873847241271,-2.500000000000002,-0.0010000000000000009,0.6489999999999999,0,staged_v3,0.10796390248968475,2,0.4862604238005435,0.109397001085084,2,0,0,0
v3_pelvis_proxy:v3_right_hand_proxy,39,0.04691453325807887,0.40000000000000036,0.15587588231142324,0.0,0.2837516993242126,FLAT,0.0,-1,0.005264971836850346,0.031487681967219655,0.12724604823882685,LOADING,0.24676858158785347,0.0,0.052385132797960365,0.029381911604483668,0.15587588231142324,0.03006784532147183,0,ok,0.0,0.26801152108311793,FLAT,0.0,-1,0.00632998246354795,0.007732657238856296,0.10964454766579546,LOADING,0.23684929619727518,0.02274957014443348,0.05553856587054801,-2.500000000000002,-0.0020000000000000018,0.6469999999999999,0,staged_v3,0.10717532996330045,2,0.4843540359374789,0.10827651660971321,2,1,0,0
v3_pelvis_proxy:v3_right_hand_proxy,40,0.03834274698662429,0.6000000000000005,0.6818109323917856,0.0,0.2835230996633288,FLAT,0.0,-1,0.006712261353295404,0.028457603206137973,0.13231764890451217,LOADING,0.2466599256046969,0.0031582792390876385,0.0488605659153284,0.12851833298035445,0.6818109323917856,0.03202293978899398,0,ok,0.0,0.2647735703325542,FLAT,0.0,-1,0.014669540704399017,0.017468666219093414,0.10961500542777133,LOADING,0.23669231302386742,0.013012084052295154,0.06421909960218734,-2.500000000000002,-0.0030000000000000027,0.6439999999999999,0,staged_v3,0.10979693362980203,2,0.48439916867694793,0.11076219426300628,2,0,0,0
v3_pelvis_proxy:v3_right_hand_proxy,41,0.5044569880224709,0.6000000000000005,0.5527833519888449,0.0,0.2831222795196219,FLAT,0.0,-1,0.011035933761038088,0.010186126037148226,0.13946129666253454,LOADING,0.24622817613313489,0.021786938795978504,0.029632856896184716,0.10419720705809377,0.5527833519888449,0.03647622257958422,0,ok,0.0,0.26390427762377905,FLAT,0.0,-1,0.015582631965166203,0.024530200083799324,0.10959383748924263,LOADING,0.2364479818931953,0.005949491790662811,0.05849871665877848,0.0,-0.0030000000000000027,0.6409999999999999,0,staged_v3,0.10915902326995928,2,0.4881697152267233,0.10944509301696773,2,1,0,0
v3_pelvis_proxy:v3_right_hand_proxy,42,0.1365907412601036,0.6000000000000005,0.4519970237235649,0.0,0.2751225888449739,FLAT,0.0,-1,0.019566734308053023,0.019697339114420533,0.14683677342634138,LOADING,0.2445847903430122,0.012644499556896536,0.032079225180582475,0.08519943175046418,0.4519970237235649,0.028442481448384987,0,ok,0.0,0.2626218895368286,FLAT,0.0,-1,0.01799386166148128,0.02442049765336137,0.10957866999850652,LOADING,0.23607600336115142,0.006058435846563955,0.061884801492416534,0.0,-0.0030000000000000027,0.6379999999999999,0,staged_v3,0.11299751875566601,2,0.4811695496964371,0.11432243357585621,2,1,0,0
v3_pelvis_proxy:v3_right_hand_proxy,43,1.0000000000000002,0.40000000000000036,0.9500450197351417,0.0,0.2691179122373494,FLAT,0.0,-1,0.022493708672646127,0.02529628312540986,0.1717940879346448,LOADING,0.24148482685939018,0.008293421271322383,0.043998701052343415,0.17907926727476947,0.9500450197351417,0.027868920507454528,0,ok,0.0,0.26116326914392374,FLAT,0.0,-1,0.01884223286977088,0.026591963051038982,0.1098655849797918,LOADING,0.23556091913872862,0.003901316197950609,0.07822378175327341,2.500000000000002,-0.0020000000000000018,0.6359999999999999,0,staged_v3,0.15160847743557695,2,0.47885360701298274,0.12982550579167274,2,1,1,1
v3_pelvis_proxy:v3_right_hand_proxy,44,0.55218505859375,0.20000000000000018,0.55218505859375,0.0,0.2640282177270688,FLAT,0.0,-1,0.024575531566533203,0.0199077717255675,0.21990073500316049,LOADING,0.2364110256776647,0.02985012863582959,0.006144908114328437,0.10408443141001048,0.55218505859375,0.03697257665800016,0,ok,0.0,0.25934444810355756,FLAT,0.0,-1,0.019023733609298224,0.011472775049193185,0.11020578969805911,LOADING,0.23487552903269562,0.019037514435709772,0.048034057247795345,2.500000000000002,-0.0010000000000000009,0.6349999999999999,1,staged_v3,0.22171387944158621,2,0.5013936187917779,0.2095076090660606,2,0,1,1
v3_pelvis_proxy:v3_right_hand_proxy,45,1.0000000000000002,0.0,0.9999978547439801,0.0,0.24628949506040573,FLAT,0.0,-1,0.053781529516434716,0.03800902091965336,0.29845495018934964,LOADING,0.22732133287799722,0.008180228388579736,0.03174251912088775,0.18849515484415447,0.9999978547439801,0.02132232873095155,0,ok,0.0,0.2617926367586272,FLAT,0.0,-1,0.016778374407043065,0.0020979060814888166,0.1107876248865818,LOADING,0.2345774895022167,0.028441475162840277,0.04337685735823245,2.500000000000002,0.0,0.6349999999999999,0,staged_v3,0.19800894790793738,2,0.5372564892518834,0.17221627657263233,2,0,1,1
v3_pelvis_proxy:v3_right_hand_proxy,46,0.28271981984816996,0.15300454392799256,0.9999999660547364,0.0,0.23160855354271512,FLAT,0.0,-1,0.057573198663332104,0.0660699535161679,0.37919160727048434,LOADING,0.21538750444789204,0.016620848709814083,0.02733873165371014,0.18849555281685615,0.9999999660547364,0.041513590744516354,0,ok,0.0,0.2635097375829564,FLAT,0.0,-1,0.017144776348170413,0.01730765826510039,0.11131536502704525,LOADING,0.23452028456700413,0.013258109986251876,0.020774577771088563,1.912556799099907,0.0007650227196399628,0.6357650227196399,0,staged_v3,0.2120517075069745,2,0.5054983181670046,0.21288363467101254,2,1,0,0
v3_pelvis_proxy:v3_right_hand_proxy,47,0.6116093462010932,0.35300454392799274,0.9999978080353902,0.0,0.21549332171244667,FLAT,0.0,-1,0.06684655961625792,0.0357548024980086,0.4615221436516975,UNLOADING,0.20119477266006366,0.02208015842661363,0.02599594875597125,0.1884951460397927,0.9999978080353902,0.03091586598802265,0,ok,0.0,0.2638647496657614,FLAT,0.0,-1,0.019080661461282927,0.010071636093949541,0.11193440913020454,LOADING,0.23449298746052283,0.02052508436256069,0.03994205817179222,2.500000000000002,0.0017650227196399637,0.6375300454392798,0,staged_v3,0.29924972773304526,2,0.49448749336313275,0.29797347912414596,2,1,0,0
v3_pelvis_proxy:v3_right_hand_proxy,48,0.9327868383545196,0.5030045439279984,0.9999979796571786,0.0,0.18965965544937494,FLAT,0.0,-1,0.09747601715121619,0.010580162429149413,0.54332577012665,UNLOADING,0.18482590186439574,0.04158612607718309,0.020149974394548697,0.18849517838973767,0.9999979796571786,0.02465456034761948,0,ok,0.0,0.26469968471205774,FLAT,0.0,-1,0.018864494936528527,0.03824692531248787,0.08400341851146614,LOADING,0.2360871912318858,0.0,0.06595112211067063,1.875000000000071,0.002515022719639992,0.6400450681589198,0,staged_v3,0.27859060473933156,2,0.4735317699615271,0.279560315439812,2,1,0,0
v3_pelvis_proxy:v3_right_hand_proxy,49,0.45710728134468365,0.30300454392799825,0.8339500690990262,0.0,0.16107056026372588,FLAT,0.0,-1,0.11891187168769898,0.043037037053157555,0.6240230699477114,UNLOADING,0.16707346085087604,0.013164116444228019,0.05111796276910682,0.1571958846325321,0.8339500690990262,0.04766503268046246,0,ok,0.0,0.2657503802820911,FLAT,0.0,-1,0.01901704276378766,0.0038952637891634537,0.06522565507524927,LOADING,0.23855308051384766,0.02436601896459901,0.05282014148554372,-2.500000000000002,0.0015150227196399912,0.6415600908785598,1,staged_v3,0.16502254034291652,2,0.47921232089378524,0.1663216982813648,2,1,0,0
v3_pelvis_proxy:v3_right_hand_proxy,50,0.17345708925912112,0.10300454392799807,0.29729900981797897,0.0,0.12544187846313962,FLAT,0.0,-1,0.2651780499304686,0.05335420627447243,0.700829481703331,UNLOADING,0.14856703955731165,0.00668726781069412,0.06092587667478494,0.056039543109820955,0.29729900981797897,0.05156656918342317,0,ok,0.0,0.2660814006113477,FLAT,0.0,-1,0.02118165514706403,0.006411668548921782,0.0543167493402953,LOADING,0.2411682091851234,0.021304168918092985,0.05746701850080855,-2.500000000000002,0.0005150227196399904,0.6420751135981998,0,staged_v3,0.14631674954691135,2,0.47278864622932026,0.14631674954691135,2,1,0,0
v3_torso_proxy:v3_left_forearm_proxy,51,0.7987575300417036,0.0969954560720021,0.9999837435735937,0.0,0.09769423317704114,FLAT,0.0,-1,0.3367510036348768,0.011067207394681502,0.73622503083748,UNLOADING,0.13102450438392857,0.050744044147192496,0.023235136838146705,0.1884924949512013,0.9999837435735937,0.050379822931159654,0,ok,0.0,0.2662852483171325,FLAT,0.0,-1,0.022131468341432713,0.018306695255477196,0.04713067134876085,LOADING,0.24368157650683364,0.009049838311960847,0.053189099892244816,-2.500000000000002,-0.00048497728036001053,0.6415901363178398,0,staged_v3,0.16613514891130474,2,0.4786474620765806,0.12730854558746513,2,0,0,0
v3_torso_proxy:v3_left_forearm_proxy,52,0.37963867187499983,0.10300454392799807,0.27907898605668735,0.0,0.07608434529984005,FLAT,0.0,-1,0.49219639887269834,0.005015408059459098,0.7402280730846047,UNLOADING,0.11513022904145817,0.05699599559477114,0.008024384053748891,0.05260514954201864,0.27907898605668735,0.05036496539538507,0,ok,0.0,0.2659396014534872,FLAT,0.0,-1,0.024028828555085868,0.032775132315192884,0.04288911919863294,LOADING,0.24585199844288924,0.0,0.05361912186336361,2.500000000000002,0.0005150227196399904,0.6421051590374798,1,staged_v3,0.24554473196305016,2,0.5117899345051935,0.24554473196305016,2,1,1,1
v3_pelvis_proxy:v3_left_hand_proxy,53,0.7794907832151272,0.09327169253017242,0.6978904659144671,0.0,0.0592545476989906,FLAT,0.0,-1,0.6498542671000158,0.03458137503971325,0.7199661965287701,UNLOADING,0.1010535215162664,0.026416934786725257,0.052399113023323396,0.13154925364363487,0.6978904659144671,0.04841654533842714,0,ok,0.0,0.2672345887700547,FLAT,0.0,-1,0.022829788271771463,0.003884239783480116,0.04063559733396415,LOADING,0.24795666907972885,0.023147540083218093,0.050796824146362156,-2.453452955727131,-0.0004663584626508621,0.6416388005748289,1,staged_v3,0.12079335318390307,2,0.47864920372767417,0.12204692468087622,2,1,0,0
v3_pelvis_proxy:v3_left_hand_proxy,54,0.000396234056991795,0.00035799767155175743,0.0005903061406727023,0.0,0.04614748814851579,FLAT,0.0,-1,0.7283931506741033,0.034593035903584965,0.6821245258918057,UNLOADING,0.08871289768167287,0.024513190391005323,0.052418377463507936,0.00011127008609437827,0.0005903061406727023,0.04841447832607988,0,ok,0.0,0.26593038023706606,FLAT,0.0,-1,0.025936752775164,0.0038830781726839044,0.03976645891051651,LOADING,0.24943638940344523,0.023105244772841923,0.05079942995445279,1.1614211857327583,-1.7899883577587872e-06,0.6416370105864712,1,staged_v3,0.1206679239236777,2,0.46756806451512634,0.1206679239236777,2,1,0,0
v3_pelvis_proxy:v3_right_hand_proxy,55,0.6540217431990226,0.00035799767155175743,0.6654185245367426,0.0,0.035939699906842475,FLAT,0.0,-1,0.8518867405130782,0.05860851580276728,0.6334932796866473,UNLOADING,0.07792136109027717,0.0,0.0698042432112829,0.1254284368948314,0.6654185245367426,0.05991837995488561,0,ok,0.0,0.2638384108627212,FLAT,0.0,-1,0.02590556393673261,0.006715825019039379,0.0412372890212339,LOADING,0.2501407975345706,0.020346039432022317,0.044829508684198396,0.0,-1.7899883577587872e-06,0.6416352205981134,0,staged_v3,0.12106407418495257,2,0.4410363154062573,0.12257709646348502,2,1,0,0
v3_torso_proxy:v3_left_forearm_proxy,56,0.7544725878691203,0.20035799767155194,0.9999663370865084,0.0,0.027989866430800217,AIR,0.0,-1,0.8713702979642711,0.008321093897180023,0.5777321091194263,UNLOADING,0.06847819834363228,0.045565511558791294,0.044621021048435225,0.18848921390568418,0.9999663370865084,0.05072014315790917,0,ok,0.0,0.2572262228298427,FLAT,0.0,-1,0.034446183303704095,0.007312224022814409,0.042670546264890634,LOADING,0.24958500351363747,0.019821303290430123,0.04607946428630155,-2.500000000000002,-0.0010017899883577597,0.6406334306097556,0,staged_v3,0.18769372557092648,2,0.45299359377428494,0.14334404686459912,2,0,0,0
v3_pelvis_proxy:v3_right_hand_proxy,57,1.0000000000000002,0.00035799767155175743,0.9999943335277749,0.0,0.021798529894371237,AIR,0.0,-1,0.9124377987597156,0.07713562174115636,0.5190412172066426,UNLOADING,0.06019334063806787,0.0,0.13082584860496227,0.18849449111053676,0.9999943335277749,0.04289708469861567,0,ok,0.0,0.244112716380553,FLAT,0.0,-1,0.04955728488131685,0.03878156967527577,0.044328856681307684,LOADING,0.24725735712055136,0.0,0.02858872892233084,2.500000000000002,-1.7899883577587872e-06,0.6406316406213979,0,staged_v3,0.21348691625982746,2,0.44200584202446824,0.1900843265201556,2,1,1,1
v3_pelvis_proxy:v3_right_hand_proxy,58,0.816501858704049,0.20035799767155194,0.9157104492187499,0.0,0.01697671215154175,AIR,0.0,-1,0.9242688001933711,0.02456105330971505,0.4765785075544712,UNLOADING,0.05286371711994076,0.02426787206800851,0.07079590480812376,0.17260735320486206,0.9157104492187499,0.05168388508336279,0,ok,0.0,0.23777916195905247,FLAT,0.0,-1,0.04215112485932788,0.003324550692411947,0.04646842439725323,LOADING,0.24432486881023202,0.023998870527450717,0.04009014411564639,-2.500000000000002,-0.0010017899883577597,0.6396298506330401,1,staged_v3,0.22472610877862337,2,0.42778881338126096,0.22649140071269586,2,1,0,0
v3_pelvis_proxy:v3_right_hand_proxy,59,1.0000000000000002,0.00035799767155175743,0.3380993080498529,0.0,0.01322147671759855,AIR,0.0,-1,0.9437934727521109,0.054858770138488666,0.4459834519302506,UNLOADING,0.04635817423015901,0.0,0.08756023459636994,0.06373021814119262,0.3380993080498529,0.05944422217184053,0,ok,0.0,0.23218671884548706,FLAT,0.0,-1,0.04232617487682494,0.004433869081845788,0.05016170331777417,LOADING,0.24092700720026064,0.023074216084042923,0.027291923942281,2.500000000000002,-1.7899883577587872e-06,0.6396280606446824,0,staged_v3,0.17402070594735258,2,0.43203518778532984,0.17402070594735258,2,1,1,1
v3_pelvis_proxy:v3_right_hand_proxy,60,1.0000000000000002,0.20035799767155194,0.9999994542805621,0.0,0.010296896421026097,AIR,0.0,-1,0.9826238978240562,0.020381045915058967,0.42421074685990157,UNLOADING,0.04058255538298252,0.025829491427936113,0.06919211507566586,0.188495456349697,0.9999994542805621,0.04308445576467489,0,ok,0.0,0.22851721532910024,FLAT,0.0,-1,0.03991430397056006,0.04374588423702399,0.056548151176562526,LOADING,0.23730814749882673,0.0,0.03919282501562367,-2.500000000000002,-0.0010017899883577597,0.6386262706563246,0,staged_v3,0.25609577322671584,2,0.43364785679498613,0.1586126771590518,2,0,0,0
v3_pelvis_proxy:v3_left_hand_proxy,61,0.2662819421374314,0.4003579976715521,0.9529418945312499,0.0,0.00801923099590027,AIR,0.0,-1,1.0026785170164823,0.022126815093740086,0.40741413986269454,UNLOADING,0.03546391645646292,0.023243891899394645,0.07025771658132333,0.17962531530943887,0.9529418945312499,0.046325567658782485,0,ok,0.0,0.22182407767180867,FLAT,0.0,-1,0.04831892692327552,0.003983878054266393,0.06601447241843397,LOADING,0.233004194743937,0.024316845566655306,0.04361570598193821,-2.500000000000002,-0.0020017899883577606,0.6366244806679668,1,staged_v3,0.30696829173559403,2,0.4321118415696847,0.30696829173559403,2,1,0,0
v3_pelvis_proxy:v3_left_hand_proxy,62,1.0000000000000002,0.20035799767155194,0.18799133727600117,0.0,0.006245383379237613,AIR,0.0,-1,1.0211795686417806,0.0540194484004678,0.39392142456193585,UNLOADING,0.030938384542904346,0.0,0.09344251850578275,0.03543553224748838,0.18799133727600117,0.04507370992874349,0,ok,0.0,0.21196595286277453,FLAT,0.0,-1,0.061210281803398874,0.009424352134266949,0.07826320981923462,LOADING,0.22762885506899475,0.019488808356694785,0.022663326374775,2.500000000000002,-0.0010017899883577597,0.6356226906796091,0,staged_v3,0.26036369144202987,2,0.4354907955766958,0.26036369144202987,2,1,1,1
v3_pelvis_proxy:v3_left_hand_proxy,63,0.9999999999999999,0.00035799767155175743,1.0000000000000002,0.0,0.00486390946633139,AIR,0.0,-1,1.020507603551571,0.03446554070186962,0.3814710759036317,UNLOADING,0.026948396563791166,0.009608013093311968,0.09183935078463525,0.18849555921538763,1.0000000000000002,0.03963238522300236,0,ok,0.0,0.2049387551631702,FLAT,0.0,-1,0.05947040155770473,0.04925146394800002,0.09255320372445718,LOADING,0.2216777353170693,0.010130079690336871,0.01949758049588599,2.500000000000002,-1.7899883577587872e-06,0.6356209006912513,0,staged_v3,0.3023219596003954,2,0.45909988496416465,0.19926895439092748,2,0,0,0
v3_pelvis_proxy:v3_left_hand_proxy,64,0.34179687500000033,0.19964200232844842,0.29512192571227197,0.0,0.0037880165011673055,AIR,0.0,-1,1.0198674584159115,0.010524898492844072,0.3753099860136313,UNLOADING,0.023436673637691686,0.0332406008078375,0.05813544958872616,0.05562917242385679,0.29512192571227197,0.03878687281988981,0,ok,0.0,0.19772350388386353,FLAT,0.0,-1,0.06288577894288822,0.03882268980693496,0.10677691637286127,LOADING,0.21523965853530327,0.0,0.032392664882042205,2.500000000000002,0.000998210011642242,0.6366191107028936,1,staged_v3,0.30309511124358535,2,0.442716144335023,0.3048068795322711,2,1,1,1
v3_pelvis_proxy:v3_left_hand_proxy,65,0.43227780663775806,0.00035799767155175743,0.5303531306029808,0.0,0.0029501102173965007,AIR,0.0,-1,0.9711892154398263,0.02589689763475981,0.3795395394404054,UNLOADING,0.020350066938619644,0.01808007933726046,0.07563019067070614,0.09996920993464037,0.5303531306029808,0.03051582290853319,0,ok,0.0,0.19317741322677187,FLAT,0.0,-1,0.054199040477406445,0.004025585797676427,0.11981119507162813,LOADING,0.20878150681414948,0.02696497395590498,0.03820212032859415,-2.500000000000002,-1.7899883577587872e-06,0.6366173207145358,1,staged_v3,0.1237174079151159,2,0.44830836731793877,0.1255032998289998,2,1,0,0
v3_pelvis_proxy:v3_left_hand_proxy,66,0.11298561390177347,0.20035799767155194,0.27950292512237895,0.0,0.0022975481474553474,AIR,0.0,-1,0.9285845960354675,0.026637986575037263,0.39326162508879936,UNLOADING,0.01764205889442645,0.018025094679402706,0.07514250494843122,0.052685060173279424,0.27950292512237895,0.025914780224952604,0,ok,0.0,0.19240690308984643,FLAT,0.0,-1,0.04997990317762054,0.007967475704776385,0.1355790829325908,LOADING,0.20271565607198885,0.023811478441853155,0.04111803704887155,-2.500000000000002,-0.0010017899883577597,0.635615530726178,0,staged_v3,0.12157529040366756,2,0.44964295188202563,0.12351650791410226,2,1,0,0
v3_pelvis_proxy:v3_left_hand_proxy,67,0.17550961769602097,0.4003579976715521,1.0000000000000002,0.0,0.0017893322963824802,AIR,0.0,-1,0.8453617002954621,0.022413689372062742,0.4135318394149293,UNLOADING,0.015271677112441944,0.02326290259868373,0.068791902608344,0.18849555921538763,1.0000000000000002,0.014295909780153396,0,ok,0.0,0.19771608631756127,FLAT,0.0,-1,0.0355204768023231,0.004520496350112802,0.15325317367516478,LOADING,0.19767277214781362,0.02814216233364544,0.03516432779432676,-2.500000000000002,-0.0020017899883577606,0.6336137407378203,0,staged_v3,0.13271218780519206,2,0.4488842575654404,0.13100252242191973,2,0,0,0
v3_pelvis_proxy:v3_left_hand_proxy,68,0.27304083138502355,0.20035799767155194,0.999995893854497,0.0,0.0013935333935976308,AIR,0.0,-1,0.6903586346737914,0.01296292844883926,0.4362963897672508,UNLOADING,0.013202228925657505,0.03385189103952328,0.05833659551194547,0.1884947852251948,0.999995893854497,0.02018760385044366,0,ok,0.0,0.20996038901979544,FLAT,0.0,-1,0.01106117538158626,0.03207085309402047,0.15664661522143544,LOADING,0.19472963394802148,0.0007614776670513065,0.05062307850024166,2.500000000000002,-0.0010017899883577597,0.6326119507494625,0,staged_v3,0.13909133238529747,2,0.4466229929705167,0.1399583220042068,2,0,0,0
v3_torso_proxy:v3_right_hand_proxy,69,0.3105953384307785,0.4003579976715521,0.8660040993793966,0.0,0.0010852848981699871,AIR,0.0,-1,0.6104853742238237,0.024496415608759224,0.44466637570258793,UNLOADING,0.011402295535691574,0.022736903176370178,0.06904897586308299,0.16323792699533746,0.8660040993793966,0.027872398715797386,0,ok,0.0,0.22334424713601875,FLAT,0.0,-1,0.01693464973882354,0.005224409308604596,0.14817790261895114,LOADING,0.19408962410307481,0.027184485822342962,0.03661016050542841,-2.500000000000002,-0.0020017899883577606,0.6306101607611048,0,staged_v3,0.14520090498354896,2,0.44388519874158483,0.14553864050794124,2,0,0,0
v3_torso_proxy:v3_left_forearm_proxy,70,0.06856282380893515,0.6003579976715523,0.6031060629505092,0.0,0.0008452207285503558,AIR,0.0,-1,0.40050856438329924,0.024744552647715697,0.4453148120171684,UNLOADING,0.009840372090407484,0.022521187953142723,0.06721389646127468,0.11368281460204699,0.6031060629505092,0.021982163157648265,0,ok,0.0,0.21370952262135307,FLAT,0.0,-1,0.039193139556469,0.005577144326489598,0.12981248749723645,LOADING,0.19292930035806818,0.025913480048372226,0.03739549290369354,-2.500000000000002,-0.0030017899883577615,0.627608370772747,0,staged_v3,0.14586930395933878,2,0.43818289627197415,0.14619659901289578,2,0,0,0
v3_torso_proxy:v3_left_forearm_proxy,71,0.05353311815871611,0.8003579976715525,0.5492420250229462,0.0,0.0006582585652632005,AIR,0.0,-1,0.3505883623871816,0.02505979829509146,0.43140026631590916,UNLOADING,0.008488074026764119,0.021510215020704,0.06353875395336461,0.10352968265129214,0.5492420250229462,0.01795171316552806,0,ok,0.0,0.21924285790730366,FLAT,0.0,-1,0.02735277758855779,0.006341401659352531,0.11521474713065437,LOADING,0.1931400097811169,0.02441933569718019,0.03869557259777652,-2.500000000000002,-0.004001789988357762,0.6236065807843892,0,staged_v3,0.14326574763476904,2,0.4386906999035929,0.14369041636797256,2,0,0,0
v3_torso_proxy:v3_left_forearm_proxy,72,0.07928306347320621,1.0000000000000009,0.30165117213138365,0.0,0.00051265228609044,AIR,0.0,-1,0.2609405972476192,0.026743545729078062,0.4015559236333558,UNLOADING,0.007319319697775908,0.018334250452589733,0.05770951405110957,0.0568599063788823,0.30165117213138365,0.019573557609826212,0,ok,0.0,0.2250936869248892,FLAT,0.0,-1,0.02303053567600788,0.008321524141202831,0.13359977147946703,LOADING,0.1935162521829442,0.023358464432770523,0.04093083978156775,-2.4955250291056053,-0.0050000000000000044,0.6186065807843892,0,staged_v3,0.13452938493799999,2,0.4522237867004819,0.1365078224000517,2,1,0,0
v3_torso_proxy:v3_left_hand_proxy,73,0.08406538564579859,1.0000000000000009,0.27609575964171545,0.0,0.00039925400185058054,AIR,0.0,-1,0.15086408733128462,0.027443672786072446,0.3671267493262047,UNLOADING,0.006309799337807306,0.01591266468023779,0.05690325582279064,0.0520428246106624,0.27609575964171545,0.02110714473082549,0,ok,0.0,0.21339862419349198,FLAT,0.0,-1,0.07722384288176604,0.009729836007063005,0.1747643166429384,LOADING,0.19102881036591976,0.024008379825083918,0.04465377044695232,0.0,-0.0050000000000000044,0.6136065807843892,0,staged_v3,0.13624877335405966,2,0.49514653631685107,0.13811082978585215,2,1,0,0
v3_torso_proxy:v3_left_hand_proxy,74,0.12374347005000037,1.0000000000000009,0.2343480871662933,0.0,0.006124885829818119,FLAT,0.0,-1,0.1341823247985717,0.018313086469441252,0.32482374272700326,LOADING,0.005999167645377835,0.022928100666908913,0.0518055233966048,0.044173573741466854,0.2343480871662933,0.022575266797041825,0,ok,0.0,0.18972152070288983,FLAT,0.0,-1,0.11388542096960573,0.009100454435815742,0.25120492452573984,LOADING,0.18403362894419006,0.028459791790471253,0.04855556788562294,0.0,-0.0050000000000000044,0.6086065807843892,0,staged_v3,0.13744748460326797,2,0.5610252940127779,0.1388316318182279,2,1,0,0
v3_torso_proxy:v3_left_hand_proxy,75,0.07663311986623891,1.0000000000000009,0.2686735153303354,0.0,0.02657610222994438,FLAT,0.0,-1,0.07284971620222076,0.014850352581629155,0.28710039473423615,LOADING,0.008588552674148256,0.024504667155082652,0.05085080350900491,0.05064376451855558,0.2686735153303354,0.025462129422162735,0,ok,0.0,0.1888853461323983,FLAT,0.0,-1,0.0866386888506945,0.008312111936483534,0.37982031357883345,LOADING,0.1744778040570121,0.03567890374245814,0.048586824177677415,0.0,-0.0050000000000000044,0.6036065807843892,0,staged_v3,0.13636807419189878,2,0.6348970832652352,0.13801835284552605,2,1,0,0
v3_torso_proxy:v3_left_hand_proxy,76,0.18730885759049412,1.0000000000000009,0.9999996188397455,0.0,0.058720754317437056,FLAT,0.0,-1,0.06253512857818071,0.04986108821810384,0.2555659218661143,LOADING,0.015613588260844132,0.0,0.07916047339441537,0.1884954873683723,0.9999996188397455,0.02959834828920821,0,ok,0.0,0.1954509226683555,FLAT,0.0,-1,0.08644411602734398,0.012499012843477892,0.5047980492113067,UNLOADING,0.16337921464727034,0.03774088961708745,0.04971762400912676,0.0,-0.0050000000000000044,0.5986065807843892,0,staged_v3,0.14421357642871668,2,0.6977543540295155,0.14529266290135,2,1,0,0
v3_torso_proxy:v3_left_hand_proxy,77,0.4378996833812984,1.0000000000000009,0.5185107932914504,0.0,0.0774660426179029,FLAT,0.0,-1,0.08727723172662387,0.01182743260498375,0.22499740501537852,LOADING,0.02449814741908811,0.02442243764578518,0.0505145994105182,0.0977369819406862,0.5185107932914504,0.029602671926910892,0,ok,0.0,0.17040717127116647,FLAT,0.0,-1,0.11766264839101706,0.0251311124071861,0.6289505036220691,UNLOADING,0.14907211185185373,0.031316412773917356,0.06078671541280603,0.0,-0.0050000000000000044,0.5936065807843892,0,staged_v3,0.13050953096040022,2,0.7889694126167266,0.13050953096040022,2,1,0,0
v3_torso_proxy:v3_left_hand_proxy,78,0.7954493325972667,0.8000000000000007,0.8604125976562501,0.0,0.1096456214690272,FLAT,0.0,-1,0.05326675846257036,0.07068862672959056,0.20496432730974426,LOADING,0.03703295401970433,0.0,0.09659222550803281,0.16218395375117917,0.8604125976562501,0.03533260798943247,0,ok,0.0,0.13271323842696747,FLAT,0.0,-1,0.15663130471554076,0.008413545549094466,0.7341314180725766,UNLOADING,0.13281670737352805,0.05329302535453437,0.035069189592743535,2.500000000000002,-0.0040000000000000036,0.5896065807843892,1,staged_v3,0.1926292475303648,2,0.8121780974309863,0.19325421120531025,2,1,0,0
v3_torso_proxy:v3_left_hand_proxy,79,0.0,0.0,0.0,0.0,0.13094586179191303,FLAT,0.0,-1,0.038789686916354794,0.07068862672959056,0.19174306771482968,LOADING,0.050793943325237366,0.0,0.09659222550803281,0.0,0.0,0.03533260798943247,0,ok,0.0,0.10335717401086433,FLAT,0.0,-1,0.21380221278841674,0.008413545549094466,0.8094968365511485,UNLOADING,0.11665573040791019,0.05706129627846295,0.035069189592743535,10.000000000000009,0.0,0.5896065807843892,1,staged_v3,0.30972517921293236,2,0.8908585486536952,0.29918517764748875,2,0,1,1
v3_torso_proxy:v3_left_hand_proxy,80,0.6487865721485453,0.20000000000000018,0.9999992298932343,0.0,0.12477467394999339,FLAT,0.0,-1,0.09955126327199403,0.008645620437352983,0.18591967173930624,LOADING,0.060950476165756225,0.02565036314961233,0.04845358562249191,0.18849541405368214,0.9999992298932343,0.04982642615755829,0,ok,0.0,0.0804946480557086,FLAT,0.0,-1,0.2466424477421608,0.0155177464939718,0.8634985186255416,UNLOADING,0.10156028873568301,0.05265717943730528,0.03600498998697411,2.500000000000002,0.0010000000000000009,0.5906065807843892,0,staged_v3,0.13069168564869227,2,0.8749507017533912,0.12795619748825154,2,1,0,0
v3_torso_proxy:v3_left_hand_proxy,81,1.0000000000000002,0.40000000000000036,1.0,0.0,0.12008638004107176,FLAT,0.0,-1,0.08895043948246525,0.084804465387389,0.18077447178252298,LOADING,0.06843594655677931,0.0,0.11097936212869668,0.1884955592153876,1.0,0.05806129083768102,0,ok,0.0,0.062689294938843,FLAT,0.0,-1,0.3929408941322504,0.084208902519259,0.8795067527850096,UNLOADING,0.08813076701812822,0.0,0.12367729792900148,2.500000000000002,0.0020000000000000018,0.5926065807843892,0,staged_v3,0.28780690988976554,2,0.8786551014997235,0.2882637629082981,2,1,1,1
v3_torso_proxy:v3_left_hand_proxy,82,0.9999999999999997,0.6000000000000005,1.0000000000000002,0.0,0.10371148475626284,FLAT,0.0,-1,0.1203418414313197,0.0058874102180846224,0.17644475724803485,LOADING,0.07183118464634561,0.027934827644317123,0.04869008749337185,0.18849555921538763,1.0000000000000002,0.05806303888821496,0,ok,0.0,0.04882247198856519,FLAT,0.0,-1,0.6118212190404865,0.027004214354145052,0.8540918738968013,UNLOADING,0.07655831392976382,0.04202107119681372,0.02568352249802635,2.500000000000002,0.0030000000000000027,0.5956065807843892,0,staged_v3,0.39264684285850326,2,0.8603811491379972,0.39264684285850326,2,1,0,0
v3_torso_proxy:v3_left_hand_proxy,83,1.0,0.8000000000000007,1.0,0.0,0.10062262165905203,FLAT,0.0,-1,0.09355488633209688,0.022855311155877352,0.171581644643247,LOADING,0.07413647306637182,0.012367926514621784,0.02121115571754057,0.1884955592153876,1.0,0.08627027055217765,0,ok,0.0,0.0380229794161763,AIR,0.0,-1,0.94502581724707,0.10635036470438751,0.7861230448528036,UNLOADING,0.06678316037739132,0.0,0.13041742033106818,2.500000000000002,0.0040000000000000036,0.5996065807843892,0,staged_v3,0.36437994200446866,2,0.8942904093937099,0.351893822920971,2,0,1,1
v3_torso_proxy:v3_right_hand_proxy,84,0.7342639340742757,1.0000000000000009,0.99999272451868,0.0,0.09703750372378583,FLAT,0.0,-1,0.07307531696323485,0.07130686255174053,0.14761204578770484,LOADING,0.07585189830929462,0.0,0.07168106594030835,0.18849418781946764,0.99999272451868,0.09615077832404506,0,ok,0.0,0.02961232614402601,AIR,0.0,-1,1.0832481323303564,0.11327645395731718,0.6989417912546093,UNLOADING,0.0585162851614361,0.022304466783319613,0.037642622779410856,2.500000000000002,0.0050000000000000044,0.6046065807843892,0,staged_v3,0.3206243101739013,2,0.8819888246175511,0.3054842484630339,2,0,0,0
v3_torso_proxy:v3_right_hand_proxy,85,1.0000000000000009,1.0000000000000009,1.0,0.0,0.08182182622085411,FLAT,0.0,-1,0.12635123108070354,0.01333566115068462,0.12894925436493934,LOADING,0.07519747894209501,0.01811180156756235,0.0827263117221565,0.1884955592153876,1.0,0.10585886988955309,0,ok,0.0,0.023062102789533294,AIR,0.0,-1,2.624023719646683,0.09926314444301429,0.6364736933564293,UNLOADING,0.05135448457416143,0.013134184581103658,0.04368950008671781,0.0,0.0050000000000000044,0.6096065807843892,0,staged_v3,0.33836853076295603,2,0.8390170377321851,0.2782186729613531,2,0,1,1
v3_torso_proxy:v3_right_hand_proxy,86,0.9999999999999999,1.0000000000000009,1.0000000000000002,0.0,0.06790374080595246,FLAT,0.0,-1,0.1311003998719296,0.011383836028065353,0.11517475444023487,LOADING,0.07303825968366051,0.01937490169394639,0.03943824464130776,0.18849555921538763,1.0000000000000002,0.10462712195334076,0,ok,0.0,0.01796078371176176,AIR,0.0,-1,2.9324051537507554,0.11829161505497215,0.5734903581229953,UNLOADING,0.04511247926767178,0.0,0.06016734360707347,0.0,0.0050000000000000044,0.6146065807843892,0,staged_v3,0.30276201607853187,2,0.6244597073265395,0.3028229061571043,2,0,0,0
v3_torso_proxy:v3_right_hand_proxy,87,0.8483239716399915,1.0000000000000009,1.0000000000000002,0.0,0.052883486513153485,FLAT,0.0,-1,0.16071317265211693,0.010253555952915928,0.10454532545667478,LOADING,0.06936918904375933,0.019973710319917813,0.036674275215832774,0.18849555921538763,1.0000000000000002,0.11031563704863634,0,ok,0.0,0.013987872419296193,AIR,0.0,-1,3.4735976702615035,0.049478836574889,0.5283608263838746,UNLOADING,0.039610300599216476,0.03550553061064761,0.01591251070854612,0.0,0.0050000000000000044,0.6196065807843892,0,staged_v3,0.21657505493670334,2,0.5259209769097599,0.20139173495556834,2,0,0,0
v3_torso_proxy:v3_right_hand_proxy,88,0.2816359495048901,1.0000000000000009,0.4696789599933689,0.0,0.04229470104817249,FLAT,0.0,-1,0.1462884253067747,0.007500704059536997,0.13881497910274065,LOADING,0.0646626710383671,0.02444004489560004,0.02829342337861126,0.08853239821565173,0.4696789599933689,0.10932675818777754,0,ok,0.0,0.010893765993650783,AIR,0.0,-1,3.8194046618887207,0.03485172946461072,0.496024103861261,UNLOADING,0.03473599986775353,0.0339868678916233,0.015814337301439753,0.0,0.0050000000000000044,0.6246065807843892,0,staged_v3,0.13155966922024312,2,0.5592504298414723,0.13263808060073426,2,1,0,0
v3_torso_proxy:v3_right_hand_proxy,89,0.22333635057381468,1.0000000000000009,0.3595423775201853,0.0,0.032939146296087705,FLAT,0.0,-1,0.15216722566363108,0.008304465897102823,0.2170703360900555,LOADING,0.05910929442418272,0.027549050907399956,0.026066193933527215,0.06777214151229734,0.3595423775201853,0.10384277053907603,0,ok,0.0,0.00848407348645187,AIR,0.0,-1,4.001257231757782,0.021647523978994304,0.4728538296924717,UNLOADING,0.03041262086478742,0.03165226444382187,0.016990427040801722,0.0,0.0050000000000000044,0.6296065807843892,0,staged_v3,0.13929081990517495,2,0.5678360611859664,0.1407996464955721,2,1,0,0
v3_torso_proxy:v3_right_hand_proxy,90,0.279010414438842,1.0000000000000009,0.3780513569041954,0.0,0.04355497820393223,FLAT,0.0,-1,0.08131675031919397,0.009566750469572095,0.2830986026470952,LOADING,0.05512577018302438,0.029588179662782668,0.026852513518560876,0.0712610019317924,0.3780513569041954,0.09771984731847486,0,ok,0.0,0.00660740307488406,AIR,0.0,-1,4.066742821638629,0.011789073727220125,0.4562516027759551,UNLOADING,0.02658121286007228,0.03602350641157763,0.024865197638023986,0.0,0.0050000000000000044,0.6346065807843893,0,staged_v3,0.14118314022517925,2,0.552789188729885,0.14296946161919727,2,1,0,0
v3_torso_proxy:v3_right_hand_proxy,91,0.3398814854362692,1.0000000000000009,0.3104041598980822,0.0,0.05787567657984691,FLAT,0.0,-1,0.07012447522331212,0.013637774431336212,0.34882462807265835,LOADING,0.05263454804579638,0.028803456972296703,0.030467950777322526,0.05850980570277159,0.3104041598980822,0.0944618588412352,0,ok,0.0,0.005145850688788115,AIR,0.0,-1,4.083839004199826,0.004724392662102732,0.4488385869434589,UNLOADING,0.023189067356777733,0.042717536685070216,0.036619023590313035,0.0,0.0050000000000000044,0.6396065807843893,0,staged_v3,0.14247008706079503,2,0.5524825938076939,0.1431918703416634,2,1,0,0
v3_torso_proxy:v3_right_hand_proxy,92,0.3330159033747788,1.0000000000000009,0.3792805004501421,0.0,0.07339800913493857,FLAT,0.0,-1,0.059565089746174096,0.018321864255932817,0.4233945337503443,LOADING,0.051161283079118,0.0278478624315844,0.03444628340497103,0.07149269003184161,0.3792805004501421,0.09141802463369161,0,ok,0.0,0.004007592545996712,AIR,0.0,-1,4.082562919133428,0.002990936688290845,0.4485108638469574,UNLOADING,0.02019207827027307,0.04443460650405703,0.055321191462834624,0.0,0.0050000000000000044,0.6446065807843893,0,staged_v3,0.14313381024484162,2,0.5503277480030604,0.1433997578067477,2,1,0,0
v3_torso_proxy:v3_right_hand_proxy,93,0.3539006711236206,1.0000000000000009,0.29045102153315033,0.0,0.06561333036085956,FLAT,0.0,-1,0.12087046554613459,0.028874490340805484,0.505527073631313,UNLOADING,0.04848738770671966,0.02140186334076017,0.04205222445599499,0.054748727728571756,0.29045102153315033,0.08796074914379928,0,ok,0.0,0.0031211162130533646,AIR,0.0,-1,3.833748300168644,0.002784614041880123,0.46520538807926404,UNLOADING,0.017545946536508258,0.04547565536208308,0.0727023219806324,0.0,0.0050000000000000044,0.6496065807843893,0,staged_v3,0.14360501155696653,2,0.5542996024825563,0.14468378971431334,2,1,0,0
v3_torso_proxy:v3_right_hand_proxy,94,0.3440243031398862,0.8250000000000091,0.2725738430437541,0.0,0.06160248123634007,FLAT,0.0,-1,0.11974712056131988,0.04078350975092272,0.5915223743459153,UNLOADING,0.04515536593001978,0.013792608966373042,0.05027621186990318,0.05137895897201972,0.2725738430437541,0.08443838450921178,0,ok,0.0,0.002430727750782818,AIR,0.0,-1,3.6840451538154744,0.005500188909530063,0.46089513664821813,UNLOADING,0.015226585195854386,0.04254456792288085,0.08964339032916854,-2.187499999999898,0.004125000000000045,0.6537315807843893,0,staged_v3,0.14558606667101956,2,0.5931763235491285,0.14678528550919667,2,1,0,0
v3_torso_proxy:v3_right_hand_proxy,95,0.20664136718303588,0.6342211648427298,0.3947129760992811,0.0,0.047976060626003174,FLAT,0.0,-1,0.2849083542657289,0.056923107795990996,0.6768155236688151,UNLOADING,0.040919616229995244,0.001917668387449764,0.05700920186038043,0.07440164315940391,0.3947129760992811,0.08077534240587622,0,ok,0.0,0.0018930526757430534,AIR,0.0,-1,2.4940114081799947,0.009184629635530864,0.45780670654142824,UNLOADING,0.013197987377154,0.038705705691540554,0.09835638794249321,-2.3847354394659903,0.003171105824213649,0.656902686608603,0,staged_v3,0.14797902128311619,2,0.6008181606371679,0.1496433199537213,2,1,0,0
v3_torso_proxy:v3_right_hand_proxy,96,0.20282566389401518,0.43422116484272966,0.25960298561095335,0.0,0.03736379358421247,FLAT,0.0,-1,0.5136201182720945,0.0758656601685431,0.7581972317894303,UNLOADING,0.03636462372849748,0.001719628901999587,0.061190232687471924,0.04893400994672087,0.25960298561095335,0.08077494276223914,0,ok,0.0,0.0014743109062641084,AIR,0.0,-1,1.9423298951346109,0.01214373129978005,0.45559374966939453,UNLOADING,0.011427221190746396,0.035635956183689685,0.10001648356531932,-2.500000000000002,0.0021711058242136483,0.6590737924328166,0,staged_v3,0.15094436059954008,2,0.6133717109248703,0.15094436059954008,2,1,0,0
v3_torso_proxy:v3_right_hand_proxy,97,0.07787265373710747,0.23422116484272948,0.47487062555491977,0.0,0.029098951701903006,FLAT,0.0,-1,0.9416630798712553,0.10494717081850496,0.8267407455937104,UNLOADING,0.03188991500669446,0.0032461756947592124,0.0630908615849263,0.08951100411893553,0.47487062555491977,0.08077495156335256,0,ok,0.0,0.0011481944882892003,AIR,0.0,-1,0.8981808362037756,0.015036146251327261,0.4318044718328311,UNLOADING,0.009887960874027213,0.03155407734031429,0.08889801965510274,-2.500000000000002,0.0011711058242136474,0.6602448982570303,0,staged_v3,0.15048046225215986,2,0.5999257872456861,0.15048046225215986,2,1,0,0
v3_torso_proxy:v3_right_hand_proxy,98,0.19613506406869427,0.0342211648427293,0.6979979928399592,0.0,0.02266228637199905,FLAT,0.0,-1,1.4444101696903915,0.1376897511567539,0.8596243388583134,UNLOADING,0.027788674781802625,0.0030554016927078487,0.06492581525020782,0.13156952199158622,0.6979979928399592,0.0655406565919238,0,ok,0.0,0.0008942147665979002,FLAT,0.0,-1,0.4171621528527636,0.017284343880367505,0.3614795207037814,LOADING,0.008556962812217876,0.02578963215482157,0.08183045389320806,-2.500000000000002,0.0001711058242136465,0.6604160040812439,0,staged_v3,0.17243937184352054,2,0.5357673267702322,0.1686785452315438,2,1,0,0
v3_torso_proxy:v3_right_hand_proxy,99,0.10103335048783395,0.16577883515727088,0.6956284259167228,0.0,0.017649406372701286,FLAT,0.0,-1,1.622956809893757,0.17071883825215242,0.8803457212023029,UNLOADING,0.024120553668792687,0.0,0.06984782323676314,0.1311228691492925,0.6956284259167228,0.052372025081143914,0,ok,0.0,0.011810362202518972,FLAT,0.0,-1,0.1325459092239861,0.017391647694760492,0.3114883711475006,LOADING,0.008496192655814512,0.023182770862614544,0.07709901185100607,-2.500000000000002,-0.0008288941757863544,0.6595871099054575,0,staged_v3,0.1900671799062769,2,0.5048625765800635,0.17860067825438564,2,1,0,0
v3_torso_proxy:v3_right_hand_proxy,100,0.12453467734551829,0.36577883515727105,0.596966003263647,0.0,0.013745371503805205,FLAT,0.0,-1,2.5735489623312833,0.18464499352891506,0.893542688674162,UNLOADING,0.020883802472318004,0.0,0.07158173477938287,0.11252544061775605,0.596966003263647,0.03550829582439703,0,ok,0.0,0.009197919331678697,FLAT,0.0,-1,0.15951691025536183,0.01604146602172318,0.3117095404135246,LOADING,0.00818685657984679,0.024544010998953054,0.0774998132211264,-2.500000000000002,-0.0018288941757863553,0.6577582157296712,0,staged_v3,0.19130492824073034,2,0.4747623359011341,0.18627879576755882,2,0,0,0
v3_torso_proxy:v3_right_hand_proxy,101,0.054780134905465405,0.5657788351572712,0.5055494382628583,0.0,0.010704906090770868,AIR,0.0,-1,2.718864250010867,0.19126906128577137,0.8737009188153139,UNLOADING,0.01809354780533439,0.0,0.07304216702886832,0.09529382407638254,0.5055494382628583,0.028066269858047166,0,ok,0.0,0.018539721829082288,FLAT,0.0,-1,0.12302841485109374,0.012975493238980233,0.34109643948236823,LOADING,0.008992663008715188,0.029079328735138184,0.07594345747798091,-2.500000000000002,-0.002828894175786356,0.6549293215538848,0,staged_v3,0.18422736114961266,2,0.472334305028659,0.18434609808066926,2,0,0,0
v3_torso_proxy:v3_right_hand_proxy,102,0.07023501407962142,0.7657788351572714,0.591285809137648,0.0,0.008336989246198204,AIR,0.0,-1,3.1306583107056034,0.18789542138798426,0.8369568344351697,UNLOADING,0.015702939421426636,0.0,0.07326201784796282,0.11145474924952391,0.591285809137648,0.023097393747963775,0,ok,0.0,0.014438749878415305,FLAT,0.0,-1,0.16315445654849092,0.009992310718288763,0.3849688104052087,LOADING,0.008976608509467791,0.03425612980197168,0.07184436419130469,-2.500000000000002,-0.003828894175786357,0.6511004273780985,0,staged_v3,0.19041532165034641,2,0.49270192203172225,0.18450178429704395,2,0,0,0
v3_torso_proxy:v3_right_hand_proxy,103,0.11480144690327018,0.9657788351572716,0.4988774583395929,0.0,0.0064928537533970425,AIR,0.0,-1,3.395287506416562,0.1745825808806331,0.7718117674802929,UNLOADING,0.01367131847865092,0.0,0.0702242109469948,0.0940361854896728,0.4988774583395929,0.024354971472302117,0,ok,0.0,0.011244909711881992,FLAT,0.0,-1,0.15592393710543112,0.016251978774607,0.46270112883960846,UNLOADING,0.008557361193043067,0.03188307766737343,0.07110497428769433,-2.500000000000002,-0.004828894175786358,0.6462715332023121,0,staged_v3,0.1836280609370196,2,0.5169878011746177,0.18005192279537977,2,0,0,0
v3_torso_proxy:v3_right_hand_proxy,104,0.14062825221122568,1.0000000000000009,0.3781751423646571,0.0,0.005056639587513727,AIR,0.0,-1,3.512194065780693,0.1580679752939125,0.6785634311576774,UNLOADING,0.01195047139296974,0.0,0.06817699100884017,0.07128433494138486,0.3781751423646571,0.028587550676939577,0,ok,0.0,0.008757544489180941,FLAT,0.0,-1,0.16803714662598643,0.02117460099440536,0.5472690901742923,UNLOADING,0.007901282606097772,0.031188853514309257,0.07142690130591686,-0.42776456053411627,-0.0050000000000000044,0.6412715332023121,0,staged_v3,0.1800919991724313,2,0.5883541314279543,0.18081914769680235,2,1,0,0
v3_torso_proxy:v3_right_hand_proxy,105,0.0895084452271092,1.0000000000000009,0.334761616424698,0.0,0.003938114870465556,AIR,0.0,-1,3.5551422452923473,0.14091993262794344,0.593525091346209,UNLOADING,0.010471939034294152,0.0,0.07127231668244205,0.06310107809182053,0.334761616424698,0.03784859246167606,0,ok,0.0,0.006820382505956783,FLAT,0.0,-1,0.24167740940963606,0.02619906234837435,0.641365517697912,UNLOADING,0.007121959997958951,0.030869213536521254,0.06848425789849139,0.0,-0.0050000000000000044,0.6362715332023121,0,staged_v3,0.17211066836960476,2,0.6824711975870875,0.17366883014437245,2,1,0,0
v3_torso_proxy:v3_left_hand_proxy,106,0.07680243027820684,1.0000000000000009,0.319086772139629,0.0,0.003067006944943719,AIR,0.0,-1,3.4680671992278445,0.12350327872000876,0.5143694710946791,UNLOADING,0.009188723772942033,0.0,0.07692341914776549,0.06014643955269233,0.319086772139629,0.04181267483167149,0,ok,0.0,0.0053117192364856534,FLAT,0.0,-1,0.2181194150839552,0.030352576542219106,0.7244604549345286,UNLOADING,0.006313621241384354,0.030870446204507327,0.06541146471920292,0.0,-0.0050000000000000044,0.6312715332023121,0,staged_v3,0.1693892882955125,2,0.7209815023978301,0.171031988640006,2,1,0,0
v3_torso_proxy:v3_left_hand_proxy,107,0.10346233170280159,1.0000000000000009,0.29537096154339876,0.0,0.0023885874104076056,AIR,0.0,-1,3.2529569442002586,0.10512609503500898,0.4394290035991699,UNLOADING,0.008067330780327838,0.0,0.08261996252933598,0.05567611457210969,0.29537096154339876,0.046266619660259856,0,ok,0.0,0.004136771100830472,FLAT,0.0,-1,0.30323504126404394,0.03208257425186153,0.8025672886593321,UNLOADING,0.005528351626134114,0.033045790181105074,0.06315634011413772,0.0,-0.0050000000000000044,0.6262715332023121,0,staged_v3,0.17390361411296978,2,0.6976214266529357,0.17514907451842956,2,1,0,0
v3_torso_proxy:v3_left_hand_proxy,108,0.08333074903315989,0.9500000000000064,0.2667238491023161,0.0,0.0018602337456599424,AIR,0.0,-1,2.9818367841898947,0.08893666874220363,0.3857318122096003,UNLOADING,0.007078095299111444,0.0,0.08543479798247988,0.05027626109262173,0.2667238491023161,0.04859727981598223,0,ok,0.0,0.0032217205727139288,FLAT,0.0,-1,0.3360766796788401,0.036075401872875903,0.8585332805929347,UNLOADING,0.004803696571010397,0.031851262156770824,0.060079111836858545,0.6249999999999312,-0.004750000000000032,0.6215215332023121,0,staged_v3,0.174738225491537,2,0.6964420567317182,0.17585215960464082,2,1,0,0
v3_torso_proxy:v3_left_hand_proxy,109,0.07592665576560496,0.7500000000000062,0.26350266583303744,0.0,0.0014487514978158158,AIR,0.0,-1,2.830795223154869,0.07596186772226027,0.34725609328910034,UNLOADED,0.006202033643886605,0.0,0.08920639198257087,0.049669082350943805,0.26350266583303744,0.05084730112340513,0,ok,0.0,0.002509078504866863,FLAT,0.0,-1,0.2934630324910391,0.041577467221345386,0.898634666140681,UNLOADING,0.004153787572341064,0.028354266085688674,0.05611160031918891,2.500000000000002,-0.003750000000000031,0.617771533202312,0,staged_v3,0.17602926318789897,2,0.7105091003379939,0.17747134119065186,2,1,0,0
v3_torso_proxy:v3_left_hand_proxy,110,0.048214847149269345,0.550000000000006,0.24651857746203729,0.0,0.001128288800974828,AIR,0.0,-1,2.3540184708521568,0.06677244777460578,0.3196870359857258,UNLOADED,0.005425684480253561,0.0,0.0796355558004607,0.046467657115688565,0.24651857746203729,0.052928810568880935,0,ok,0.0,0.0019540723043779424,FLAT,0.0,-1,0.7496646375749251,0.055387977974532564,0.9170574061930228,UNLOADING,0.00358354303706541,0.018871410879824572,0.05198145942982658,2.500000000000002,-0.00275000000000003,0.615021533202312,0,staged_v3,0.1751259571408961,2,0.6623293045236671,0.17693453789314725,2,1,0,0
v3_torso_proxy:v3_left_hand_proxy,111,0.047597829068811985,0.35000000000000586,0.37756643499598297,0.0,0.0008787122017298925,AIR,0.0,-1,1.9766405671645326,0.06135443705434335,0.2999329432248549,UNLOADED,0.00473846633519126,0.0,0.06873324189543342,0.0711695963055281,0.37756643499598297,0.05482218409031181,0,ok,0.0,0.001521833040827686,FLAT,0.0,-1,0.9337966266216555,0.07483631769622329,0.877540415910604,UNLOADING,0.0030982316090893886,0.020390829318052306,0.0484861914774779,2.500000000000002,-0.0017500000000000293,0.613271533202312,0,staged_v3,0.178247008799166,2,0.5697672480072244,0.17977670562966622,2,1,0,0
v3_torso_proxy:v3_left_hand_proxy,112,0.06766810927757119,0.15000000000000568,0.5225452217548818,0.0,0.0006843417508016385,AIR,0.0,-1,1.2751319202882507,0.0575679093964401,0.28436471146852527,UNLOADED,0.004131505302490947,0.0,0.055197867714055424,0.09849745379001518,0.5225452217548818,0.056420857397225674,0,ok,0.0,0.0011852047639005392,AIR,0.0,-1,1.4279772652322047,0.10815257713535603,0.7880033480854923,UNLOADING,0.0026915212994737675,0.014247936291648881,0.05015223111262574,2.500000000000002,-0.0007500000000000284,0.612521533202312,0,staged_v3,0.18252941536765938,2,0.6547341802477633,0.18403640456825238,2,1,0,0
v3_torso_proxy:v3_left_hand_proxy,113,0.07538172474092524,0.04999999999999449,0.4042826557398359,0.0,0.0005329658914127723,AIR,0.0,-1,0.49002495983561073,0.056730550722242465,0.2343496827384413,UNLOADED,0.0035995853312564942,0.0,0.04664142463311361,0.0762054852747624,0.4042826557398359,0.05769060616169103,0,ok,0.0,0.0009230383982256994,AIR,0.0,-1,1.6556960582807798,0.12215414561274693,0.6719422184515829,UNLOADING,0.002350276818006933,0.010554603911816972,0.048042507010762174,2.500000000000002,0.00024999999999997247,0.6127715332023119,0,staged_v3,0.19155400543605589,2,1.1849143309588916,0.19327470877840452,2,1,0,0
v3_torso_proxy:v3_left_hand_proxy,114,0.1629623809859465,0.24999999999999467,0.25785186006734323,0.0,0.0004150742535826164,FLAT,0.0,-1,0.17579462374982502,0.05765881746102157,0.19939615431384575,LOADING,0.003132831718743217,0.0,0.04174622931119453,0.04860393055812173,0.25785186006734323,0.0589003342073887,0,ok,0.0,0.00071886302734315,AIR,0.0,-1,1.8461345780194323,0.11969734441790654,0.570557797950924,UNLOADING,0.0020586244327822152,0.01151078021002537,0.04201710968752083,2.500000000000002,0.0012499999999999734,0.6140215332023119,0,staged_v3,0.2029287943066355,2,0.7407471123785258,0.20394229595959154,2,1,0,0
v3_torso_proxy:v3_left_hand_proxy,115,0.2148577767663185,0.44999999999999485,0.35283708194963703,0.0,0.00032326015372292053,FLAT,0.0,-1,0.1824710354057841,0.05707812891755126,0.17775787988165082,LOADING,0.002723255489515174,0.0,0.03860010309892571,0.06650822307402238,0.35283708194963703,0.06357700221322284,0,ok,0.0,0.000559851088615926,AIR,0.0,-1,3.201902309814147,0.10191671685790722,0.5080365680230445,UNLOADING,0.0018038818370921168,0.020313010616161344,0.03008881778499089,2.500000000000002,0.0022499999999999742,0.6162715332023119,0,staged_v3,0.21112468369277557,2,0.4100387986029383,0.20938588269046815,2,0,0,0
v3_torso_proxy:v3_left_hand_proxy,116,0.13529702534253546,0.649999999999995,0.3180290120266699,0.0,0.008407056937359434,FLAT,0.0,-1,0.11715811884987802,0.05362305966546273,0.17250867117176882,LOADING,0.0035699577349381706,0.0,0.035127339563558915,0.05994705646868437,0.3180290120266699,0.06797641433675904,0,ok,0.0,0.00043601246621746166,AIR,0.0,-1,3.445193120043993,0.08611725818267431,0.46323814920413586,UNLOADING,0.0015796179829842363,0.022652549920287385,0.025509357539919408,2.500000000000002,0.003249999999999975,0.6195215332023118,0,staged_v3,0.2216136108940213,2,0.4142694849201937,0.21655960260425294,2,0,0,0
v3_torso_proxy:v3_left_hand_proxy,117,0.10569298726723697,0.8499999999999952,0.32025517330310577,0.0,0.027218219238687988,FLAT,0.0,-1,0.06374672806184663,0.05156249539440079,0.20242386340763827,LOADING,0.007197686617013868,0.0012967902148487767,0.033824402955533135,0.060366677983389794,0.32025517330310577,0.07187756260847705,0,ok,0.0,0.0003395668501190536,AIR,0.0,-1,3.965641179655311,0.06634709959605813,0.4311386794561898,UNLOADING,0.0013815534778110065,0.02021901294878813,0.026337921024021365,2.500000000000002,0.004249999999999976,0.6237715332023118,0,staged_v3,0.22798692041901816,2,0.4165642978751538,0.2217654273901336,2,0,0,0
v3_torso_proxy:v3_left_hand_proxy,118,0.039592503773092945,1.0000000000000009,0.3406477425755045,0.0,0.027440132201802775,FLAT,0.0,-1,0.12638850772439447,0.050739642140754285,0.2720749737331295,LOADING,0.00975302108436383,0.005853792529579828,0.03274995615707665,0.06421058673222912,0.3406477425755045,0.07402724670722831,0,ok,0.0,0.00026445492877780934,AIR,0.0,-1,4.322786443038827,0.05158790622319638,0.4081384043289702,UNLOADING,0.0012065487975707917,0.011060297253537965,0.03434662296291055,1.875000000000071,0.0050000000000000044,0.6287715332023118,0,staged_v3,0.2328139949263042,2,0.4611359865002498,0.2318526872788654,2,0,0,0
v3_torso_proxy:v3_left_hand_proxy,119,0.03408796112138422,1.0000000000000009,0.3655093449078858,0.0,0.021370396446346876,FLAT,0.0,-1,0.2158507411233875,0.051196505605221036,0.34073413492252264,LOADING,0.010620171447540969,0.009703936620234173,0.03233277012589196,0.06889688836686192,0.3655093449078858,0.07442158192795295,0,ok,0.0,0.00020595770561925052,AIR,0.0,-1,4.557641648951226,0.04109366243321275,0.4125799742061627,UNLOADING,0.0010514680665960072,0.004535336277095382,0.0482210134868435,0.0,0.0050000000000000044,0.6337715332023118,0,staged_v3,0.24689755917680956,2,0.5009958126511962,0.2442024069961031,2,0,0,0
v3_torso_proxy:v3_right_hand_proxy,120,0.04642822908161656,1.0000000000000009,0.37263057487433676,0.0,0.029735068419555352,FLAT,0.0,-1,0.10866525759189755,0.05272764853563823,0.38993057367245554,LOADING,0.01212422838453846,0.010836560734103308,0.03365996794951947,0.07023920859168947,0.37263057487433676,0.07389228232289788,0,ok,0.0,0.00016040002241586219,AIR,0.0,-1,4.629734582953003,0.036986488864712126,0.42890984660403486,UNLOADING,0.0009143444675688906,0.00945900346548962,0.0671164960260978,0.0,0.0050000000000000044,0.6387715332023118,0,staged_v3,0.24863743624723877,2,0.5569324142240624,0.24577513779342225,2,0,0,0
v3_torso_proxy:v3_right_hand_proxy,121,0.07250360746668735,1.0000000000000009,0.36308579040981803,0.0,0.03124792333946204,FLAT,0.0,-1,0.12022780493514179,0.05507409617538819,0.42518136240550813,LOADING,0.013291760451960106,0.009529203630754213,0.036729864489521195,0.06844005910645967,0.36308579040981803,0.07240262298078698,0,ok,0.0,0.00012491966306214436,AIR,0.0,-1,4.516104964883262,0.03857500931028756,0.4506953432915525,UNLOADING,0.0007935265368639757,0.008959757854290068,0.0894005150900265,0.0,0.0050000000000000044,0.6437715332023118,0,staged_v3,0.2511013105402075,2,0.625110156623174,0.24867327738629827,2,0,0,0
v3_torso_proxy:v3_right_hand_proxy,122,0.10244565946768304,0.8000000000000007,0.3383095912345887,0.0,0.05390513203900511,FLAT,0.0,-1,0.05444154889982218,0.05698602369125529,0.4504396562551621,UNLOADING,0.016558232940161392,0.006534842445093579,0.04098714036766453,0.06376985558769299,0.3383095912345887,0.0706942682167396,0,ok,0.0,9.728753141381408e-05,AIR,0.0,-1,4.231910996113095,0.04313911250606499,0.47690205549843034,UNLOADING,0.0006874357326988646,0.005705990268856528,0.11207074999154744,-2.500000000000002,0.0040000000000000036,0.6477715332023118,0,staged_v3,0.2556662063677618,2,0.669435289610589,0.2550139411033614,2,0,0,0
v3_torso_proxy:v3_right_hand_proxy,123,0.12045660152558599,0.6000000000000005,0.29821662967988655,0.0,0.052314412219251684,FLAT,0.0,-1,0.11487991031775065,0.059282329246556076,0.5019915861156795,UNLOADING,0.018457189842649123,0.004861607486572515,0.045237971819211464,0.05621251037883837,0.29821662967988655,0.068959376454621,0,ok,0.0,7.576760564816231e-05,AIR,0.0,-1,3.4769476493600315,0.04808438137185524,0.48749915226081836,UNLOADING,0.0005947779083312913,0.0012905762411856841,0.1271666153413682,-2.500000000000002,0.0030000000000000027,0.6507715332023118,0,staged_v3,0.2585312843834311,2,0.7006815936071904,0.25871393743052684,2,0,0,0
v3_torso_proxy:v3_right_hand_proxy,124,0.12458083924823074,0.40000000000000036,0.28862561004909215,0.0,0.04753709497424949,FLAT,0.0,-1,0.08902760694608758,0.06179792444664349,0.55760944000035,UNLOADING,0.018971744287402253,0.003075708079371395,0.0498047639206461,0.054404645770086024,0.28862561004909215,0.06729264218920751,0,ok,0.0,5.900787061023421e-05,AIR,0.0,-1,3.123294675792098,0.05242216248098491,0.490949708767637,UNLOADING,0.0005141007748152699,0.0,0.13624521531165942,-2.500000000000002,0.0020000000000000018,0.6527715332023118,0,staged_v3,0.2605871339458442,2,0.7267687044545829,0.26141297894529036,2,0,0,0
v3_torso_proxy:v3_right_hand_proxy,125,0.1402495751522709,0.20000000000000018,0.24125538879538025,0.0,0.03702192679088525,FLAT,0.0,-1,0.39977384641219027,0.06873990548876129,0.6358840478264793,UNLOADING,0.018187248549882153,0.004746008976686915,0.05204819341463705,0.045475569424710954,0.24125538879538025,0.0656649310039227,0,ok,0.0,4.595537583862654e-05,AIR,0.0,-1,0.342200686451237,0.05185136162181661,0.46584568176031227,UNLOADING,0.0004441645587631642,0.0,0.1304238956074618,-2.500000000000002,0.0010000000000000009,0.6537715332023118,0,staged_v3,0.25933229728231266,2,0.7108286531962644,0.26089711958793377,2,0,0,0
v3_torso_proxy:v3_right_hand_proxy,126,0.12685924253198286,0.0,0.11713410691916984,0.0,0.028832705575553657,FLAT,0.0,-1,0.7437153543180828,0.07899945701035223,0.7154580240742846,UNLOADING,0.01676108661643505,0.0064301161602390855,0.054342785043475145,0.022079258986923922,0.11713410691916984,0.06483048123858617,0,ok,0.0,3.5790082689463066e-05,FLAT,0.0,-1,0.28092846413476236,0.049854506973993594,0.4399365680213201,LOADING,0.0003835760098744067,0.0,0.12310152677889569,-2.500000000000002,0.0,0.6537715332023118,0,staged_v3,0.2592832743956289,2,0.6985628126667545,0.2600650958221789,2,1,0,0
v3_torso_proxy:v3_right_hand_proxy,127,0.14819702642228125,0.20000000000000018,0.22779867443197488,0.0,0.02245493368030845,FLAT,0.0,-1,1.1262996673387793,0.10278844413624555,0.7961167650766916,UNLOADING,0.015020672031048564,0.0071580424203062515,0.05764779583352833,0.04293903852557912,0.22779867443197488,0.06292539265438665,0,ok,0.0,2.787334442474417e-05,FLAT,0.0,-1,0.22427205673095874,0.04646958072511483,0.43676138460090863,LOADING,0.0003310222004523964,0.0003684885049306044,0.11352790662707204,-2.500000000000002,-0.0010000000000000009,0.6527715332023118,0,staged_v3,0.25981897055603614,2,0.6607091078500494,0.2608601913256805,2,0,0,0
v3_torso_proxy:v3_right_hand_proxy,128,0.14089912583885955,0.40000000000000036,0.3663344466266265,0.0,0.017487919934040683,FLAT,0.0,-1,1.60119996361055,0.1392839795348242,0.853911278476378,UNLOADING,0.01323983143593755,0.003206278570388854,0.06448928535343004,0.06905241637674553,0.3663344466266265,0.06071342669725016,0,ok,0.0,2.1707782464809736e-05,FLAT,0.0,-1,0.24164577782377877,0.04298853672714932,0.4613012286928413,LOADING,0.0002854038797794249,0.005076524707492744,0.1054678458157226,-2.500000000000002,-0.0020000000000000018,0.6507715332023118,0,staged_v3,0.28160111577179303,2,0.5622347206661719,0.27960889485068,2,0,0,0
v3_torso_proxy:v3_right_hand_proxy,129,0.13353451907951192,0.6000000000000005,0.49107554911346013,0.0,0.013619605738920916,FLAT,0.0,-1,1.8586750063946644,0.18474954147594774,0.8631124979382625,UNLOADING,0.01161476320347027,0.0,0.07727190170019534,0.09256556024714521,0.49107554911346013,0.05832654685324429,0,ok,0.0,1.6906037982337535e-05,FLAT,0.0,-1,0.22672030398692425,0.04001175338162874,0.5087315694197065,UNLOADING,0.00024581838306049475,0.01042482508935659,0.09835993364451447,-2.500000000000002,-0.0030000000000000027,0.6477715332023118,0,staged_v3,0.37082748846414504,2,0.4979060635186175,0.3435611398433276,2,0,0,0
v3_torso_proxy:v3_right_hand_proxy,130,0.07524133610214784,0.8000000000000007,0.3178982594692148,0.0,0.010606959614595408,FLAT,0.0,-1,3.084554994426172,0.1898527376809681,0.7903908401871318,UNLOADING,0.010273127873400855,0.0,0.07338650766533118,0.05992241019224803,0.3178982594692148,0.05659587804014242,0,ok,0.0,1.3166435619279385e-05,FLAT,0.0,-1,0.25790793811739465,0.03852487307581483,0.5439567877665077,UNLOADING,0.0002115592517080643,0.01367296631251056,0.09566552386311952,-2.500000000000002,-0.0040000000000000036,0.6437715332023118,0,staged_v3,0.31669969765007444,2,0.4878774894596498,0.30670487228251947,2,0,0,0
v3_torso_proxy:v3_right_hand_proxy,131,0.0951701404260766,1.0000000000000009,0.26726044754348577,0.0,0.00826070845385367,FLAT,0.0,-1,3.774218983477631,0.17777108696464813,0.6918759184735543,UNLOADING,0.009169155777929506,0.0,0.0616890732437123,0.050377407515864114,0.26726044754348577,0.05583306257098403,0,ok,0.0,1.0254030370554023e-05,FLAT,0.0,-1,0.2598639895747703,0.035087530436728846,0.6030998139194719,UNLOADING,0.00018191790525864772,0.020067460259244753,0.08890038554280738,-2.500000000000002,-0.0050000000000000044,0.6387715332023118,0,staged_v3,0.32328784854499276,2,0.49454993091189575,0.3183412237302464,2,0,0,0
v3_torso_proxy:v3_right_hand_proxy,132,0.09160522636773548,1.0000000000000009,0.3398744968319227,0.0,0.0064334462125858125,AIR,0.0,-1,3.8825976818524164,0.16038414039336568,0.6212868925070505,UNLOADING,0.008207337867804879,0.006700081449391784,0.049364263175960744,0.06406483334338176,0.3398744968319227,0.056469094412902515,0,ok,0.0,7.985846882225441e-06,FLAT,0.0,-1,0.1859646266006203,0.030995617319371747,0.6791917227491406,UNLOADING,0.00015629562247608032,0.027963968818085286,0.07974131877605127,0.0,-0.0050000000000000044,0.6337715332023118,0,staged_v3,0.33356140173980897,2,0.5260560427064409,0.32773836056085226,2,0,0,0
v3_torso_proxy:v3_right_hand_proxy,133,0.09221041524988291,1.0000000000000009,0.38464151043066686,0.0,0.005010372948209595,AIR,0.0,-1,3.8719736217978484,0.14037369358096477,0.5524846580417451,UNLOADING,0.007355177995726526,0.014441023655251982,0.03818320924683528,0.07250321660607989,0.38464151043066686,0.05746674913732697,0,ok,0.0,6.219383805365511e-06,FLAT,0.0,-1,0.25350321076586374,0.026548079254304902,0.7520492005844281,UNLOADING,0.00013418797657755637,0.0360543807749165,0.07049144065116486,0.0,-0.0050000000000000044,0.6287715332023118,0,staged_v3,0.3352930610454017,2,0.549449012289546,0.32891115038170793,2,0,0,0
v3_torso_proxy:v3_right_hand_proxy,134,0.1045931460808517,1.0000000000000009,0.40561766097524954,0.0,0.0039020823755454162,AIR,0.0,-1,3.9521388534909128,0.12026035533839635,0.48496271563251536,UNLOADING,0.0065915408406340414,0.01929450674629992,0.02995362903532585,0.07645712783316716,0.40561766097524954,0.058516588850500664,0,ok,0.0,4.843660977840275e-06,FLAT,0.0,-1,0.29728165815324464,0.022018987382560147,0.8204200676656308,UNLOADING,0.00011514252625371277,0.04400201600072139,0.0623086125270997,0.0,-0.0050000000000000044,0.6237715332023118,0,staged_v3,0.33265124369918514,2,0.5676446831823541,0.326455350789408,2,0,0,0
v3_torso_proxy:v3_right_hand_proxy,135,0.10138508169980985,1.0000000000000009,0.41202788694262044,0.0,0.003038944809683898,AIR,0.0,-1,3.9964636892362835,0.10162650378925302,0.43658112974554203,UNLOADING,0.005894491985034571,0.020869257914260114,0.025959798573016987,0.07766542696158374,0.41202788694262044,0.06058916480058113,0,ok,0.0,3.7722469624744125e-06,FLAT,0.0,-1,0.255370550214295,0.017693430133198875,0.871325355731702,UNLOADING,9.876293572260931e-05,0.050872837653386224,0.05390402891792931,0.0,-0.0050000000000000044,0.6187715332023118,0,staged_v3,0.3291022274070168,2,0.5910398954711564,0.3224119261929431,2,0,0,0
v3_torso_proxy:v3_right_hand_proxy,136,0.09151871799934051,0.8000000000000007,0.4019046751259882,0.0,0.0023667325974926013,AIR,0.0,-1,4.046585092942653,0.08715062799933437,0.4019142086023107,UNLOADING,0.0052546372926864995,0.01708321320829223,0.028012497221823307,0.07575724648915183,0.4019046751259882,0.06317333547588738,0,ok,0.0,2.937828888313801e-06,FLAT,0.0,-1,0.3120395364900536,0.014473806240382255,0.9078005885048203,UNLOADING,8.469264006146171e-05,0.05591622318485876,0.04578292357449535,2.500000000000002,-0.0040000000000000036,0.6147715332023118,0,staged_v3,0.3388622819051364,2,0.6140590099728301,0.33230823238550045,2,0,0,0
v3_torso_proxy:v3_right_hand_proxy,137,0.07025518092378107,0.6000000000000005,0.37677285779840103,0.0,0.001843213200247858,AIR,0.0,-1,4.028780008516302,0.07710020315546647,0.39529726133939225,UNLOADING,0.004663202832320608,0.00937368972855425,0.03539117333841536,0.07102001052788931,0.37677285779840103,0.06588665908571806,0,ok,0.0,2.287983438748583e-06,FLAT,0.0,-1,0.3112891225061466,0.012665313154974722,0.9339362348472268,UNLOADING,7.261528473847731e-05,0.05903149858738661,0.03782225317977342,2.500000000000002,-0.0030000000000000027,0.6117715332023118,0,staged_v3,0.354146981523806,2,0.6337225957160947,0.3465013668637211,2,0,0,0
v3_torso_proxy:v3_right_hand_proxy,138,0.03083044823792859,0.40000000000000036,0.3363993409040943,0.0,0.0014354958837205821,AIR,0.0,-1,3.8653479724591358,0.0712739948873511,0.39055601144509555,UNLOADING,0.004122010190121781,0.0,0.04598793183240889,0.06340978188340507,0.3363993409040943,0.06828606102481044,0,ok,0.0,1.7818832937518022e-06,FLAT,0.0,-1,0.5759696342452741,0.01344730769208093,0.9526632437736444,UNLOADING,6.225372242942343e-05,0.0591858544966013,0.028909956348823772,2.500000000000002,-0.0020000000000000018,0.6097715332023118,0,staged_v3,0.36716078340258573,2,0.6464464212995445,0.3586253878678037,2,0,0,0
v3_torso_proxy:v3_right_hand_proxy,139,0.010093335812589404,0.20000000000000018,0.304645539818129,0.0,0.0011179653183373678,AIR,0.0,-1,3.7482661398107573,0.06882232820618199,0.3689357702671781,UNLOADING,0.003633938437602181,0.0,0.059272455966980594,0.057424331390491856,0.304645539818129,0.0702065597962905,0,ok,0.0,1.3877321045157578e-06,FLAT,0.0,-1,0.6180174841858302,0.017608943569876412,0.9515681026971725,UNLOADING,5.3369935010758614e-05,0.054969461564982225,0.020256441086986786,2.500000000000002,-0.0010000000000000009,0.6087715332023118,0,staged_v3,0.3725755047122659,2,0.6556331900592574,0.36361936924650395,2,0,0,0
v3_torso_proxy:v3_right_hand_proxy,140,0.06251164015671085,0.0,0.2258174201520541,0.0,0.0008706722653678145,AIR,0.0,-1,3.0271374048263495,0.06810948828364392,0.35344419052104353,UNLOADING,0.0031952241195626926,0.0,0.06784437184815946,0.04256558089213758,0.2258174201520541,0.07192759418842676,0,ok,0.0,1.0807668496902008e-06,AIR,0.0,-1,1.4069851813735206,0.028117622346013817,0.8760545093357126,UNLOADING,4.576479517743289e-05,0.056720275629846995,0.012082449836938642,2.500000000000002,0.0,0.6087715332023118,0,staged_v3,0.3618064385022964,2,1.0071323075454195,0.3539720428305273,2,0,0,0
v3_torso_proxy:v3_right_hand_proxy,141,0.05723561931613712,0.20000000000000018,0.17997515488324134,0.0,0.000678080242067008,AIR,0.0,-1,2.582967737789632,0.07013018050745631,0.34234398858268733,UNLOADED,0.0028024697521135474,0.0,0.07616772047490002,0.033924517464592574,0.17997515488324134,0.07490892168494574,0,ok,0.0,8.417020688563438e-07,AIR,0.0,-1,1.665295180360853,0.04078630195413197,0.7744400378757017,UNLOADING,3.925408933590979e-05,0.05569955293727377,0.008022448956511313,2.500000000000002,0.0010000000000000009,0.6097715332023118,0,staged_v3,0.36267637405984293,2,0.6454233511207162,0.3605412028106133,2,0,0,0
v3_torso_proxy:v3_right_hand_proxy,142,0.049886806593538835,0.40000000000000036,0.13721927332215675,0.0,0.0005280894235070336,AIR,0.0,-1,1.794544055831131,0.07231483476328252,0.33439034634016324,UNLOADED,0.002452331418709032,0.0,0.07923886180458811,0.025865223659989056,0.13721927332215675,0.07618977809729152,0,ok,0.0,6.555182303381421e-07,AIR,0.0,-1,2.3808061569564867,0.051649747480208126,0.6622236820112427,UNLOADING,3.36779935070967e-05,0.04894981820029039,0.009161365900271747,2.500000000000002,0.0020000000000000018,0.6117715332023118,0,staged_v3,0.37197669908126724,2,0.6233279352320328,0.368765370468912,2,0,0,0
v3_torso_proxy:v3_right_hand_proxy,143,0.034433246599822095,0.6000000000000005,0.09929173536217072,0.0,0.00041127645655900455,AIR,0.0,-1,0.6433283308775731,0.07567155606317327,0.2977165936069668,UNLOADED,0.002143260163305101,0.0,0.08157073836370465,0.018716051182558646,0.09929173536217072,0.07726212678716692,0,ok,0.0,5.105181111049266e-07,AIR,0.0,-1,2.879798591835107,0.05771049004604438,0.5635941622984679,UNLOADING,2.8898679160931246e-05,0.04019906205585819,0.01298064605906521,2.500000000000002,0.0030000000000000027,0.6147715332023118,0,staged_v3,0.3850286404450896,2,0.6056223773655257,0.38096786848243475,2,0,0,0
v3_torso_proxy:v3_right_hand_proxy,144,0.03399757623520827,0.8000000000000007,0.1463268671663367,0.0,0.00032030242642698537,FLAT,0.0,-1,0.2050232322700013,0.08044822890332418,0.26635603335912444,LOADING,0.0018706498460684567,0.0,0.08481489184135127,0.027581964654754376,0.1463268671663367,0.07906635502782504,0,ok,0.0,3.9759190470065133e-07,AIR,0.0,-1,3.1345778246150333,0.05907587032689385,0.47470003610001077,UNLOADING,2.480013285411052e-05,0.02995296920539678,0.01878203259960376,2.500000000000002,0.0040000000000000036,0.6187715332023118,0,staged_v3,0.40156881264433936,2,0.591119116296948,0.39693090121067415,2,0,0,0
v3_torso_proxy:v3_right_hand_proxy,145,0.031284398790585095,1.0000000000000009,0.19895235336658643,0.0,0.005493785318023937,FLAT,0.0,-1,0.08136769196037363,0.08604065374437622,0.27897732284605614,LOADING,0.0022887486363968954,0.0,0.0899193643464921,0.03750163510505211,0.19895235336658643,0.08048759577295819,0,ok,0.0,3.0964488672371866e-07,AIR,0.0,-1,4.380240509687439,0.05942333324717582,0.43935148029533955,UNLOADING,2.128205701029127e-05,0.019799928246152725,0.027167645768614253,2.500000000000002,0.0050000000000000044,0.6237715332023118,0,staged_v3,0.4179369158191671,2,0.626388369701084,0.4128921200623752,2,0,0,0
v3_torso_proxy:v3_right_hand_proxy,146,0.04303715658149955,1.0000000000000009,0.24088161658204071,0.0,0.012608776373856136,FLAT,0.0,-1,0.09295153983911708,0.0913769238457098,0.3274568970010466,LOADING,0.0035269880266161364,0.0,0.09504557154508966,0.04540511502233835,0.24088161658204071,0.08163555842116318,0,ok,0.0,2.411516802544886e-07,AIR,0.0,-1,4.631809297039224,0.05924790325414293,0.4140231332777278,UNLOADING,1.8261950195392566e-05,0.007701239632073635,0.037999917031812755,0.0,0.0050000000000000044,0.6287715332023118,0,staged_v3,0.43438921791073404,2,0.6738887169111198,0.42879867250851417,2,0,0,0
v3_torso_proxy:v3_right_hand_proxy,147,0.05061269372958477,1.0000000000000009,0.28816082331749504,0.0,0.009902768157513531,FLAT,0.0,-1,0.14955478914095466,0.09658137754719212,0.3804170169837803,LOADING,0.004048707748322963,0.0,0.09961380808741904,0.05431703553519773,0.28816082331749504,0.08264191754945106,0,ok,0.0,1.8780911742118074e-07,AIR,0.0,-1,5.077631940983541,0.059528907972262596,0.39587457959453065,UNLOADING,1.5669308776339064e-05,0.0,0.05295275587556163,0.0,0.0050000000000000044,0.6337715332023118,0,staged_v3,0.45102134229395774,2,0.7301933127997,0.44455555259130086,2,0,0,0
v3_torso_proxy:v3_right_hand_proxy,148,0.058300697604447296,1.0000000000000009,0.31701157749490255,0.0,0.0184675529074007,FLAT,0.0,-1,0.09243089645935522,0.10160410801496228,0.4183646011631536,LOADING,0.0053872426988256835,0.0,0.10342553228046192,0.05975527457765384,0.31701157749490255,0.08353634304011623,0,ok,0.0,1.46265887715565e-07,AIR,0.0,-1,5.292975911207501,0.0619619679932054,0.3828705726388907,UNLOADING,1.3443731091651822e-05,0.0,0.0723438472000709,0.0,0.0050000000000000044,0.6387715332023118,0,staged_v3,0.46715071309714584,2,0.7855862280518067,0.45977718312899984,2,0,0,0
v3_torso_proxy:v3_right_hand_proxy,149,0.06654765479535342,1.0000000000000009,0.3331429467707383,0.0,0.023782908241285112,FLAT,0.0,-1,0.08298257391935501,0.10632735621584952,0.4637782205657084,UNLOADING,0.006860376834513423,0.0,0.10645042454790357,0.06279596605021243,0.3331429467707383,0.08432820821342496,0,ok,0.0,1.139119878895162e-07,AIR,0.0,-1,5.436212208786002,0.06782057682262813,0.3878877129785128,UNLOADING,1.1533159068191022e-05,0.0,0.09638005736036223,0.0,0.0050000000000000044,0.6437715332023118,0,staged_v3,0.4828133523374722,2,0.8437811874358477,0.4745131369580073,2,0,0,0
v3_torso_proxy:v3_right_hand_proxy,150,0.07150518899972945,0.8000000000000007,0.3247163742642937,0.0,0.018522147562028215,FLAT,0.0,-1,0.15381985058922695,0.10977135796417757,0.5377932981965702,UNLOADING,0.007200513614603039,0.0,0.10721984865350256,0.06120759455334113,0.3247163742642937,0.08504136047632732,0,ok,0.0,8.871474536957561e-08,AIR,0.0,-1,5.061921817982051,0.07602115747536836,0.3842207444742293,UNLOADING,9.893369015571995e-06,0.0,0.12208918567106128,-2.500000000000002,0.0040000000000000036,0.6477715332023118,0,staged_v3,0.49528524721233025,2,0.889944372787378,0.48615092883981886,2,0,0,0
v3_torso_proxy:v3_right_hand_proxy,151,0.07939677105229162,0.6000000000000005,0.30222343733622625,0.0,0.014425063025471686,FLAT,0.0,-1,0.2159476412691692,0.11200715470173012,0.6349154782781057,UNLOADING,0.0069242069890115355,0.0,0.1059766786747198,0.056967775828688616,0.30222343733622625,0.08572493059134992,0,ok,0.0,6.909111316380578e-08,AIR,0.0,-1,4.5767357088121905,0.0859656915428849,0.39571518798333183,UNLOADING,8.485994971966026e-06,0.0,0.147679221786224,-2.500000000000002,0.0030000000000000027,0.6507715332023118,0,staged_v3,0.5022952610179813,2,1.0607922555514802,0.4927082153787325,2,0,0,0
v3_torso_proxy:v3_right_hand_proxy,152,0.09004096827303823,0.40000000000000036,0.25626428046039595,0.0,0.011234250380091718,FLAT,0.0,-1,0.31898162798691715,0.11341498113232426,0.738405509180406,UNLOADING,0.006354865705998448,0.0,0.1028765783667267,0.04830467885231127,0.25626428046039595,0.08642138687686958,0,ok,0.0,5.3808213035246986e-08,FLAT,0.0,-1,3.70831025324814,0.09551755628794512,0.4293262196788442,LOADING,7.278096681163044e-06,0.0,0.16920003802831135,-2.500000000000002,0.0020000000000000018,0.6527715332023118,0,staged_v3,0.49961992566375446,2,1.1642328800964297,0.4900589826066823,2,0,0,0
v3_torso_proxy:v3_right_hand_proxy,153,0.09278833774202858,0.20000000000000018,0.1819003578166085,0.0,0.008749242993235658,FLAT,0.0,-1,0.6495707700872703,0.11258831341211997,0.8125593566541532,UNLOADING,0.005681308281633132,0.0,0.09500635336513708,0.034287409668120716,0.1819003578166085,0.0871631742103822,0,ok,0.0,4.1905878447523325e-08,FLAT,0.0,-1,2.0576224083436077,0.10112085520264172,0.4384284259408461,LOADING,6.24173046244291e-06,0.0,0.1796506230875145,-2.500000000000002,0.0010000000000000009,0.6537715332023118,0,staged_v3,0.4887292332973638,2,0.9461392245650484,0.4789610731447935,2,0,0,0
v3_torso_proxy:v3_right_hand_proxy,154,0.1166595933077351,0.0,0.12759930084029733,0.0,0.0068139172944139325,FLAT,0.0,-1,0.7282677809186159,0.11060844497784952,0.8656929101686062,UNLOADING,0.00500042958456619,0.0,0.08446022647016499,0.024051901567384324,0.12759930084029733,0.08797379121513649,0,ok,0.0,3.263633095022628e-08,FLAT,0.0,-1,1.278181492333912,0.10215551099390155,0.4015635361164707,LOADING,5.3528447921636346e-06,0.0,0.179512360449183,-2.500000000000002,0.0,0.6537715332023118,0,staged_v3,0.47521172360305025,2,0.8775946916697879,0.46626652080060504,2,0,0,0
v3_torso_proxy:v3_right_hand_proxy,155,0.1185997140573293,0.20000000000000018,0.13259689349854378,0.0,0.005306684124673359,FLAT,0.0,-1,2.2052762993512824,0.11202637816771957,0.9037647649037597,UNLOADING,0.004359038214530939,0.0,0.07157345456100049,0.024993925590231204,0.13259689349854378,0.08877462716202661,0,ok,0.0,2.5417200100613753e-08,FLAT,0.0,-1,0.23750438805397261,0.10154195471719679,0.37498720215616743,LOADING,4.590422118332864e-06,0.0,0.17754085760198657,-2.500000000000002,-0.0010000000000000009,0.6527715332023118,0,staged_v3,0.4805163619512577,2,0.7586095935593296,0.4681604417781859,2,0,0,0
v3_torso_proxy:v3_right_hand_proxy,156,0.11175783945912307,0.40000000000000036,0.17632367762933884,0.0,0.004132849751808205,FLAT,0.0,-1,2.160462778595304,0.11653502734600704,0.9310444408731142,UNLOADING,0.003777030321801283,0.010549711554430824,0.06100251048922489,0.033236230217655954,0.17632367762933884,0.08958237080139818,0,ok,0.0,1.9794935341840583e-08,FLAT,0.0,-1,0.16771178009983484,0.10019705872109037,0.3848881209652959,LOADING,3.9363869728386675e-06,0.0,0.17496716048773187,-2.500000000000002,-0.0020000000000000018,0.6507715332023118,0,staged_v3,0.5010470998784262,2,0.6871443589728822,0.48944936734457833,2,0,0,0
v3_torso_proxy:v3_right_hand_proxy,157,0.10825869175816054,0.6000000000000005,0.16293190582448208,0.0,0.0032186666230246915,FLAT,0.0,-1,3.0695012192394033,0.12161586069842073,0.9505911828474641,UNLOADING,0.0032601732059228134,0.016824710158642918,0.0557048489837303,0.03071194070241462,0.16293190582448208,0.09049432303973648,0,ok,0.0,0.010114655441880704,FLAT,0.0,-1,0.12886514372722174,0.09858441841860088,0.4305923761205542,LOADING,0.0011550214938823907,0.0,0.17223437686744592,-2.500000000000002,-0.0030000000000000027,0.6477715332023118,0,staged_v3,0.517779742774894,2,0.8484392458895458,0.5094014168146234,2,0,0,0
v3_torso_proxy:v3_right_hand_proxy,158,0.08672238792337843,0.8000000000000007,0.14208463297170562,0.0,0.0025067000864574243,AIR,0.0,-1,3.714329840392859,0.12514475301395167,0.9119716255887664,UNLOADING,0.002825957138469175,0.017127001283616022,0.053471579995822305,0.02678232234791475,0.14208463297170562,0.09146121121416573,0,ok,0.0,0.007877301578634139,FLAT,0.0,-1,0.30694609737427553,0.09663495983806353,0.5069983986855804,UNLOADING,0.00170072165356656,0.0,0.16912549853502973,-2.500000000000002,-0.0040000000000000036,0.6437715332023118,0,staged_v3,0.5317020775664988,2,0.9926728923210564,0.5261769281567933,2,0,0,0
v3_torso_proxy:v3_right_hand_proxy,159,0.07505665218189421,1.0000000000000009,0.11956330268824311,0.0,0.0019522199902582004,AIR,0.0,-1,4.014233876109543,0.1266093203532237,0.7976542306451149,UNLOADING,0.002478680898099119,0.011788257639334498,0.05309445389292125,0.02253715160185904,0.11956330268824311,0.09239335992049655,0,ok,0.0,0.006134848637929881,FLAT,0.0,-1,0.35648191788547634,0.09383056817378155,0.5779755833720784,UNLOADING,0.0018783885063578393,0.0,0.16484956169475568,-2.500000000000002,-0.0050000000000000044,0.6387715332023118,0,staged_v3,0.5469499035223494,2,1.01401344798399,0.5436962703127212,2,0,0,0
v3_torso_proxy:v3_right_hand_proxy,160,0.10100773733969415,1.0000000000000009,0.12384916206110042,0.0,0.0015203904571407369,AIR,0.0,-1,4.410674685376355,0.12751378003291616,0.6970803651576223,UNLOADING,0.002190377358669946,0.0041312689526084995,0.055722749305272615,0.023345017061064288,0.12384916206110042,0.09330873413648974,0,ok,0.0,0.0047778249232443325,FLAT,0.0,-1,0.2887547664547043,0.09138186635973072,0.6705900580529616,UNLOADING,0.0018348848669637234,0.0,0.16078364053267125,0.0,-0.0050000000000000044,0.6337715332023118,0,staged_v3,0.5465933611815029,2,1.182562828446635,0.5454425512180517,2,0,0,0
v3_torso_proxy:v3_right_hand_proxy,161,0.11937302918475005,1.0000000000000009,0.15144585950328904,0.0,0.0011840812785954972,AIR,0.0,-1,4.453560775117027,0.1286820698739585,0.6067930543329979,UNLOADING,0.0019439790192853842,0.0,0.06151001040561177,0.02854687197792749,0.15144585950328904,0.09417380333771311,0,ok,0.0,0.003720973791600761,FLAT,0.0,-1,0.27677572377622706,0.08888849388242981,0.7639674625806527,UNLOADING,0.0016982257267835368,0.0,0.15631263584327632,0.0,-0.0050000000000000044,0.6287715332023118,0,staged_v3,0.5463106059392289,2,1.359493158995711,0.5468286613051018,2,0,0,0
v3_torso_proxy:v3_right_hand_proxy,162,0.12213460967435726,1.0000000000000009,0.18040488546899702,0.0,0.0009221634269903635,AIR,0.0,-1,4.58799850871518,0.1268234528951478,0.5238763820022474,UNLOADING,0.0017289911289937376,0.0,0.06396416835354658,0.03400551977166655,0.18040488546899702,0.0948946544762583,0,ok,0.0,0.002897897302686847,FLAT,0.0,-1,0.31732786899867615,0.08107011797685273,0.8308752966248582,UNLOADING,0.0015256371974899654,0.0,0.14291818706291765,0.0,-0.0050000000000000044,0.6237715332023118,0,staged_v3,0.5681807815776502,2,1.2937924521956037,0.5611841965028562,2,0,0,0
v3_torso_proxy:v3_right_hand_proxy,163,0.09379742248254903,0.8000000000000007,0.2059511102697647,0.0,0.0007181815990599053,AIR,0.0,-1,4.429665315776143,0.1286613081840935,0.46446399010867734,UNLOADING,0.0015369369831286196,0.0,0.07485450651165457,0.03882086970132925,0.2059511102697647,0.09548345506862907,0,ok,0.0,0.0022568846885930283,FLAT,0.0,-1,0.3704650036333383,0.07708634964431432,0.8788168546402062,UNLOADING,0.0013467599386025506,0.0,0.13466254209840828,2.500000000000002,-0.0040000000000000036,0.6197715332023118,0,staged_v3,0.6025412201401955,2,1.022312721151032,0.5967769288382488,2,0,0,0
v3_torso_proxy:v3_right_hand_proxy,164,0.09521812838119097,0.6000000000000005,0.21972399103549867,0.0,0.000559320391735328,AIR,0.0,-1,4.4004568496191405,0.13343379006879774,0.4036701639034548,UNLOADING,0.0013650230480429573,0.0,0.09149669109936553,0.041416996563273134,0.21972399103549867,0.09596217923781539,0,ok,0.0,0.0017576635627781143,FLAT,0.0,-1,0.4286407233594926,0.07434231448146986,0.913168482035893,UNLOADING,0.001176168603834504,0.0,0.12723892218730704,2.500000000000002,-0.0030000000000000027,0.6167715332023118,0,staged_v3,0.6413263309240135,2,0.793657197082007,0.6354500641882758,2,0,0,0
v3_torso_proxy:v3_right_hand_proxy,165,0.05037225301891211,0.40000000000000036,0.20718508476846084,0.0,0.00043559915907127834,AIR,0.0,-1,3.9698867648985328,0.1381154378338001,0.3601094839378315,UNLOADING,0.001209839151278873,0.0,0.10756975834030635,0.03905346841451851,0.20718508476846084,0.09645615159803653,0,ok,0.0,0.001368869759067671,FLAT,0.0,-1,0.8673728915958976,0.0708264995056643,0.9016257289787546,UNLOADING,0.001027381883954048,0.0,0.11645148828669202,2.500000000000002,-0.0020000000000000018,0.6147715332023118,0,staged_v3,0.6530341076963204,2,0.7942852886608235,0.6461341710805447,2,0,0,0
v3_torso_proxy:v3_right_hand_proxy,166,0.03153149111068701,0.20000000000000018,0.19378773472392435,0.0,0.00033924496618995703,AIR,0.0,-1,3.8460507326182736,0.14295603343981203,0.32889689283257795,UNLOADED,0.001069529036939175,0.0,0.1233563625619166,0.036528127425869306,0.19378773472392435,0.09699238176288913,0,ok,0.0,0.0010660768402846674,AIR,0.0,-1,1.2210927359018051,0.06789904520515018,0.8259895957156118,UNLOADING,0.0009071142522429209,0.0,0.10431344332768364,2.500000000000002,-0.0010000000000000009,0.6137715332023118,0,staged_v3,0.6586023565755129,2,0.8268563233258124,0.6512176176290948,2,0,0,0
v3_torso_proxy:v3_right_hand_proxy,167,0.0382765544653204,0.0,0.17132488065790236,0.0,0.0002642042453217708,AIR,0.0,-1,3.4907749918218065,0.1474108338013087,0.32475508119892615,UNLOADED,0.0009422252565448926,0.0,0.13742742717602263,0.03229397918712085,0.17132488065790236,0.09759485491583528,0,ok,0.0,0.000830261478027988,AIR,0.0,-1,1.9819555168482452,0.06643559950798426,0.7173835414271721,UNLOADING,0.0008110472960096054,0.0,0.09175636466938442,2.500000000000002,0.0,0.6137715332023118,0,staged_v3,0.6546965426945751,2,0.8398031512292621,0.6472518664286897,2,0,0,0
v3_torso_proxy:v3_right_hand_proxy,168,0.04534389008992877,0.20000000000000018,0.15398038861621288,0.0,0.00020576247314738465,AIR,0.0,-1,2.8764545050163495,0.15163274697138013,0.32178734348091587,UNLOADED,0.0008275574646849401,0.0,0.14850763963680486,0.02902461946041575,0.15398038861621288,0.0983037819138233,0,ok,0.0,0.0006466082892422191,AIR,0.0,-1,2.550033125300565,0.0673587678992631,0.621340915834229,UNLOADING,0.0007301611255251553,0.0,0.08273548380061067,2.500000000000002,0.0010000000000000009,0.6147715332023118,0,staged_v3,0.6473071196147139,2,0.8506741345380254,0.6407909520829402,2,0,0,0
v3_torso_proxy:v3_right_hand_proxy,169,0.05174418989436877,0.40000000000000036,0.13370543770422003,0.0,0.0001602479752138921,AIR,0.0,-1,2.521457789193792,0.15552727226723662,0.34760104162790184,UNLOADED,0.0007242700571743459,0.0,0.15627311565715796,0.025202881250195125,0.13370543770422003,0.0991263026681364,0,ok,0.0,0.0005035790420023017,AIR,0.0,-1,2.8866509363891866,0.07047318671688989,0.5525233674471698,UNLOADING,0.0006580438010129003,0.0,0.07822256677171745,2.500000000000002,0.0020000000000000018,0.6167715332023118,0,staged_v3,0.6404315228459275,2,0.8618839721167956,0.6350692317401221,2,0,0,0
v3_torso_proxy:v3_right_hand_proxy,170,0.043069776116175525,0.6000000000000005,0.08740778920825097,0.0,0.00012480124858218623,AIR,0.0,-1,0.9626328083020189,0.1601256762730174,0.37610082621761315,UNLOADING,0.0006319262484176445,0.0,0.162704574482177,0.016475980106589988,0.08740778920825097,0.1002388785543327,0,ok,0.0,0.0003921877522497404,AIR,0.0,-1,3.9698932176724697,0.07631834376820071,0.5032134393109151,UNLOADING,0.0005918709158088476,0.0,0.08219318897408043,2.500000000000002,0.0030000000000000027,0.6197715332023118,0,staged_v3,0.6534713214548354,2,0.8805775627568225,0.6491758191415765,2,0,0,0
v3_torso_proxy:v3_right_hand_proxy,171,0.04693859752290587,0.8000000000000007,0.09563633007846427,0.0,9.71953101240957e-05,AIR,0.0,-1,0.6734633675172956,0.1650505436494888,0.3823704906387342,UNLOADING,0.0005502268831728612,0.0,0.1681513508721569,0.018027023519447516,0.09563633007846427,0.10162777235841661,0,ok,0.0,0.00030543612856311195,AIR,0.0,-1,4.26117260367461,0.08426133401589556,0.46788133187914516,UNLOADING,0.0005305362515400112,0.0,0.09213367883220072,2.500000000000002,0.0040000000000000036,0.6237715332023118,0,staged_v3,0.6713630895057977,2,0.8910181328244487,0.6663477186315238,2,0,0,0
v3_torso_proxy:v3_right_hand_proxy,172,0.04365410263776491,1.0000000000000009,0.12158817891768901,0.0,7.569578363551378e-05,AIR,0.0,-1,0.11955611990053644,0.17038297516493128,0.42350949922920067,UNLOADING,0.0004778570284644919,0.0,0.17366347518844955,0.022918831779070392,0.12158817891768901,0.10300150966131197,0,ok,0.0,0.0002378738961032499,AIR,0.0,-1,5.041309630949643,0.09397320017210757,0.4425647706357251,UNLOADING,0.0004736881141534509,0.0,0.10573480585685413,2.500000000000002,0.0050000000000000044,0.6287715332023118,0,staged_v3,0.6863754902323833,2,0.8866204272676996,0.6805549653913993,2,0,0,0
v3_torso_proxy:v3_right_hand_proxy,173,0.04394167885630021,1.0000000000000009,0.15222630191453096,0.0,5.8951935570541765e-05,AIR,0.0,-1,0.1072523709972428,0.17547315162463467,0.4674647011197417,UNLOADING,0.00041407659391651133,0.0,0.1791489547919296,0.02869398190666994,0.15222630191453096,0.10457522055850424,0,ok,0.0,0.00018525637655745703,AIR,0.0,-1,5.231463878593684,0.10523215910750447,0.4244246618287557,UNLOADING,0.00042125109807230617,0.0,0.12354384454229242,0.0,0.0050000000000000044,0.6337715332023118,0,staged_v3,0.7015039374195603,2,0.8791421292362728,0.6950983080750716,2,0,0,0
v3_torso_proxy:v3_right_hand_proxy,174,0.04378650492595274,1.0000000000000009,0.18058329510489274,0.0,0.004978011165440239,FLAT,0.0,-1,0.12816097886200642,0.18049212161171513,0.4807369923595073,UNLOADING,0.0008482406851000996,0.0,0.1849603561264957,0.034039149195754126,0.18058329510489274,0.10645889812092665,0,ok,0.0,0.00014427781113191858,AIR,0.0,-1,5.299524589486691,0.11866704464668443,0.4114267058913469,UNLOADING,0.0003732035221426481,0.0,0.14617425180802468,0.0,0.0050000000000000044,0.6387715332023118,0,staged_v3,0.7167150700807807,2,0.927438709663051,0.7098709721609427,2,0,0,0
v3_torso_proxy:v3_right_hand_proxy,175,0.05292565674603255,1.0000000000000009,0.19462344544890856,0.0,0.02224959253688075,FLAT,0.0,-1,0.08523356156294051,0.18554050527244653,0.4902470045958535,UNLOADING,0.0029469518365194203,0.0,0.19073089512362332,0.0366856551863175,0.19462344544890856,0.10829139858716555,0,ok,0.0,0.00011236367228936644,AIR,0.0,-1,5.252722114459247,0.1341112207158672,0.4263810347574626,UNLOADING,0.00032909643804076666,0.0,0.17225861142395804,0.0,0.0050000000000000044,0.6437715332023118,0,staged_v3,0.7302680771253719,2,0.965550405887077,0.723013082005908,2,0,0,0
v3_torso_proxy:v3_right_hand_proxy,176,0.061096221045281514,0.8000000000000007,0.19974579538624063,0.0,0.04654500481138754,FLAT,0.0,-1,0.06925826878076222,0.18933865622596802,0.5152842133045348,UNLOADING,0.0068697811939947215,0.0,0.1948877463225692,0.037651195402251814,0.19974579538624063,0.11008117905719356,0,ok,0.0,8.75089159677373e-05,AIR,0.0,-1,4.949149072907156,0.1501641338912979,0.4427323118720653,UNLOADING,0.0002890492170766461,0.0,0.1995676522656759,-2.500000000000002,0.0040000000000000036,0.6477715332023118,0,staged_v3,0.7440499194624357,2,0.9947581689766835,0.7363607976970838,2,0,0,0
v3_torso_proxy:v3_right_hand_proxy,177,0.06553962435070759,0.6000000000000005,0.19294282759447504,0.0,0.03624928619517093,FLAT,0.0,-1,0.21184519547532707,0.19138373866824554,0.5620036845567336,UNLOADING,0.008671235713382443,0.0,0.19639229394885493,0.03636886618401869,0.19294282759447504,0.11187731767217218,0,ok,0.0,6.815201228140358e-05,AIR,0.0,-1,4.491666871930934,0.16558706894695208,0.44479247390084936,UNLOADING,0.00025316197322818767,0.0,0.2256790863236856,-2.500000000000002,0.0030000000000000027,0.6507715332023118,0,staged_v3,0.7574685395242853,2,1.021819521477528,0.7491363700161427,2,0,0,0
v3_torso_proxy:v3_right_hand_proxy,178,0.06130951583566796,0.40000000000000036,0.17255791909271448,0.0,0.028230972474578585,FLAT,0.0,-1,0.2919131819393035,0.1919428919851069,0.6321404973898744,UNLOADING,0.00901399486924568,0.0,0.1954709742373421,0.032526401456424825,0.17255791909271448,0.11369616867421284,0,ok,0.0,5.307684053264911e-05,AIR,0.0,-1,3.6447756607998536,0.1792555800189727,0.46449163167672763,UNLOADING,0.00022105641880550278,0.0,0.24857281629075387,-2.500000000000002,0.0020000000000000018,0.6527715332023118,0,staged_v3,0.7648958792411473,2,1.0395871281514528,0.7562156592766042,2,0,0,0
v3_torso_proxy:v3_right_forearm_proxy,179,0.060935312323214266,0.20000000000000018,0.1484048538474579,0.0,0.02198630347006908,FLAT,0.0,-1,0.3978524635026657,0.19160617813083936,0.6969219408001976,UNLOADING,0.00867821934288007,0.0,0.19299475915920078,0.027973655916254447,0.1484048538474579,0.11547918076233205,0,ok,0.0,4.133628496978321e-05,AIR,0.0,-1,3.2722651321174188,0.1908215852833794,0.4968296821924768,UNLOADING,0.00019244824349689212,0.0,0.26780630483858114,-2.500000000000002,0.0010000000000000009,0.6537715332023118,0,staged_v3,0.7697958976635374,2,1.052865132834807,0.7610522113547331,2,0,0,0
v3_torso_proxy:v3_right_forearm_proxy,180,0.06296840455158759,0.0,0.09584901196856906,0.0,0.017122950359335344,FLAT,0.0,-1,1.0476302959720585,0.1875785202439842,0.7781945508687591,UNLOADING,0.00798103996459782,0.0,0.1836172752048058,0.018067113111257804,0.09584901196856906,0.1170094305186948,0,ok,0.0,3.219273110372991e-05,AIR,0.0,-1,1.9176816747644243,0.19456939177318994,0.5382238950873273,UNLOADING,0.0001670793278509906,0.0,0.27371547653601025,-2.500000000000002,0.0,0.6537715332023118,0,staged_v3,0.7612181955931571,2,1.0513559846903855,0.7523667746759287,2,0,0,0
v3_torso_proxy:v3_right_forearm_proxy,181,0.062075376083563165,0.20000000000000018,0.08539688605096275,0.0,0.01333536714834316,FLAT,0.0,-1,1.3824939491786075,0.18213783772846817,0.841069450841584,UNLOADING,0.007143662430243171,0.0,0.1703461626517785,0.016096933791428958,0.08539688605096275,0.1184324146161673,0,ok,0.0,2.5071724192792025e-05,AIR,0.0,-1,1.4675789291372063,0.19433215385839006,0.5440035273193947,UNLOADING,0.0001448440835574111,0.0,0.27301512200573685,-2.500000000000002,-0.0010000000000000009,0.6527715332023118,0,staged_v3,0.7764305028369458,2,1.004618101608765,0.7653398242138381,2,0,0,0
v3_torso_proxy:v3_right_forearm_proxy,182,0.05005954328271588,0.40000000000000036,0.13264204190128173,0.0,0.01038559437767434,FLAT,0.0,-1,1.782297484873431,0.17630993902342548,0.8861212853213082,UNLOADING,0.006292096102908975,0.0,0.15341079201177,0.025002435863652972,0.13264204190128173,0.11946833427974024,0,ok,0.0,1.9525878434296715e-05,FLAT,0.0,-1,0.2605913032616807,0.1935536034913224,0.5351768937560792,UNLOADING,0.0001254486544014911,0.0,0.2717870759055827,-2.500000000000002,-0.0020000000000000018,0.6507715332023118,0,staged_v3,0.8052198906972686,2,0.9337668504137194,0.7933152593957916,2,0,0,0
v3_torso_proxy:v3_right_forearm_proxy,183,0.033106177661775905,0.6000000000000005,0.1527467392399149,0.0,0.008088309033994755,FLAT,0.0,-1,2.27279876214496,0.17248757589182168,0.8882109878832574,UNLOADING,0.0055223943848655786,0.0,0.13888988381221656,0.02879208203135475,0.1527467392399149,0.12025447025253133,0,ok,0.0,1.5206769414787338e-05,FLAT,0.0,-1,0.19262938185198053,0.19305783736455712,0.5543392936659495,UNLOADING,0.00010849556942962853,0.0,0.27119067714894274,-2.500000000000002,-0.0030000000000000027,0.6477715332023118,0,staged_v3,0.8277953058504419,2,0.8734268574757511,0.8174040185949365,2,0,0,0
v3_torso_proxy:v3_right_forearm_proxy,184,0.03574093087595416,0.8000000000000007,0.1594610916965705,0.0,0.006299181409398634,FLAT,0.0,-1,2.5954982651941894,0.17028975106541622,0.8621921920620862,UNLOADING,0.004857491813003708,0.0,0.12728363433767242,0.030057707652441257,0.1594610916965705,0.1209094179031934,0,ok,0.0,1.1843043928222669e-05,FLAT,0.0,-1,0.22044848700174705,0.19211020133868728,0.5993557416617034,UNLOADING,9.367403773269454e-05,0.0,0.27019920932619246,-2.500000000000002,-0.0040000000000000036,0.6437715332023118,0,staged_v3,0.85374879029456,2,1.1338000817308402,0.845414963216922,2,0,0,0
v3_torso_proxy:v3_right_forearm_proxy,185,0.06953070100132655,1.0000000000000009,0.13445843884209685,0.0,0.004905807414348492,AIR,0.0,-1,4.383501063011658,0.16926277818081592,0.8110693571060391,UNLOADING,0.004295972603818438,0.0,0.12039643143440684,0.02534481862076904,0.13445843884209685,0.12148590806122417,0,ok,0.0,9.223371885248861e-06,FLAT,0.0,-1,0.2866836832040659,0.18971372333240588,0.6344545893637368,UNLOADING,8.07736839513445e-05,0.0,0.2672662449535487,-2.500000000000002,-0.0050000000000000044,0.6387715332023118,0,staged_v3,0.8529162186812302,2,0.856673102452192,0.845803813517505,2,0,0,0
v3_torso_proxy:v3_right_forearm_proxy,186,0.09558809138177161,1.0000000000000009,0.11240499061870532,0.0,0.0038206466558921097,AIR,0.0,-1,4.196068008823135,0.16959482758545077,0.7337648030868195,UNLOADING,0.003827575176811107,0.0,0.11769610534851267,0.021187841565273258,0.11240499061870532,0.12192173409738574,0,ok,0.0,7.183169246790592e-06,FLAT,0.0,-1,0.32580226956600317,0.18673797659446156,0.690895881894761,UNLOADING,6.955177870047099e-05,0.0,0.26324223562136556,0.0,-0.0050000000000000044,0.6337715332023118,0,staged_v3,0.8546814979804921,2,0.8630905798290265,0.8489635379445153,2,0,0,0
v3_torso_proxy:v3_right_forearm_proxy,187,0.1031767892259199,1.0000000000000009,0.09475110153766492,0.0,0.0029755226074479196,AIR,0.0,-1,4.220094649641916,0.17075091480483384,0.6716762905813835,UNLOADING,0.003420340811543271,0.0,0.11794248733077535,0.01786016187061612,0.09475110153766492,0.12220516650484678,0,ok,0.0,5.5942578343349466e-06,FLAT,0.0,-1,0.2280968450162654,0.18292721352169455,0.7453616015259202,UNLOADING,5.981931215120173e-05,0.0,0.25785950974502114,0.0,-0.0050000000000000044,0.6287715332023118,0,staged_v3,0.8509241451381724,2,0.8900678223302911,0.8466671325436211,2,0,0,0
v3_torso_proxy:v3_right_forearm_proxy,188,0.09054862156232261,1.0000000000000009,0.07972562172430787,0.0,0.0023173393367271083,AIR,0.0,-1,4.185483275610596,0.17239997083792535,0.6068132266603705,UNLOADING,0.0030618845779714792,0.0,0.12032983112399993,0.015027925650717866,0.07972562172430787,0.12236202012603761,0,ok,0.0,4.356812382083398e-06,FLAT,0.0,-1,0.26203574383812095,0.17817964867131073,0.8054736943573286,UNLOADING,5.139476964632504e-05,0.0,0.2510580519404024,0.0,-0.0050000000000000044,0.6237715332023118,0,staged_v3,0.841019049590469,2,0.9197996626382474,0.8380131033897952,2,0,0,0
v3_torso_proxy:v3_right_forearm_proxy,189,0.07365118981241543,1.0000000000000009,0.07653570746294212,0.0,0.001804745690085242,AIR,0.0,-1,4.248700656228681,0.17450974713048023,0.5481881523429495,UNLOADING,0.0027409589932310555,0.0,0.12462763732393518,0.014426640978172589,0.07653570746294212,0.12239946452134254,0,ok,0.0,3.393088894861743e-06,FLAT,0.0,-1,0.25671744819543835,0.17271250567235605,0.8430957568189275,UNLOADING,4.412871541757781e-05,0.0,0.24320845848082687,0.0,-0.0050000000000000044,0.6187715332023118,0,staged_v3,0.8300184601155534,2,0.952264540889962,0.82808872983577,2,0,0,0
v3_torso_proxy:v3_right_forearm_proxy,190,0.054143639786651904,1.0000000000000009,0.09384178878781169,0.0,0.0014055373566831293,AIR,0.0,-1,4.118869283402537,0.17714119537516065,0.5146855116925882,UNLOADING,0.00244684022892028,0.0,0.13124857554982547,0.017688760455330854,0.09384178878781169,0.12243622160026671,0,ok,0.0,2.642540288349213e-06,FLAT,0.0,-1,0.2576956655814829,0.16658123844192047,0.8669441274104102,UNLOADING,3.787484257276947e-05,0.0,0.23438120967292253,0.0,-0.0050000000000000044,0.6137715332023118,0,staged_v3,0.8430529241020712,2,0.9699913654361567,0.8377437883704926,2,0,0,0
v3_torso_proxy:v3_right_forearm_proxy,191,0.04393195515389317,0.8000000000000007,0.10846386234830684,0.0,0.0010946335940209336,AIR,0.0,-1,4.044808715194307,0.18133278312915183,0.471545684143433,UNLOADING,0.0021799293172233753,0.0,0.14110334885454684,0.02044495638800492,0.10846386234830684,0.1225058047069362,0,ok,0.0,2.0580124458641034e-06,FLAT,0.0,-1,0.2786412008285985,0.16089689046875882,0.878038781802459,UNLOADING,3.2500007591654306e-05,0.0,0.2257003301208649,2.500000000000002,-0.0040000000000000036,0.6097715332023118,0,staged_v3,0.8727838305869521,2,0.9866421371130134,0.866820990392005,2,0,0,0
v3_torso_proxy:v3_right_forearm_proxy,192,0.035339758912339654,0.6000000000000005,0.11833989881044846,0.0,0.0008525015001997694,AIR,0.0,-1,3.908866878478703,0.18695630674766395,0.4512647228251924,UNLOADING,0.001935339078620616,0.0,0.15379084201217724,0.022306545403767863,0.11833989881044846,0.12267188577451477,0,ok,0.0,1.602781704409661e-06,FLAT,0.0,-1,0.3381590091411898,0.15555093732332528,0.8869323652874125,UNLOADING,2.7883038326600578e-05,0.0,0.21690018172520498,2.500000000000002,-0.0030000000000000027,0.6067715332023118,0,staged_v3,0.9018774894831655,2,0.9988552649443376,0.8953360936221417,2,0,0,0
v3_torso_proxy:v3_right_forearm_proxy,193,0.019376525155040885,0.40000000000000036,0.12059341708550274,0.0,0.0006639288359251278,AIR,0.0,-1,3.6936907343395187,0.19309722830784753,0.45799293073910297,UNLOADING,0.0017102697991830391,0.0,0.16763283510029509,0.022731323591226316,0.12059341708550274,0.12293222094981782,0,ok,0.0,1.2482476464867649e-06,AIR,0.0,-1,0.7351032639865186,0.14974385650644867,0.8817472793456792,UNLOADING,2.392083409140727e-05,0.0,0.20632785106704266,2.500000000000002,-0.0020000000000000018,0.6047715332023118,0,staged_v3,0.9214696143014977,2,1.0076928798851144,0.914362845818121,2,0,0,0
v3_torso_proxy:v3_right_forearm_proxy,194,0.018301400463899213,0.20000000000000018,0.12065403379693718,0.0,0.0005170682973221758,AIR,0.0,-1,3.574397037380698,0.19972136850951605,0.39903344725257284,UNLOADING,0.001510337078182132,0.0,0.18243978886443948,0.02274274957214595,0.12065403379693718,0.12327105905078639,0,ok,0.0,9.721362445509307e-07,AIR,0.0,-1,0.8673166549398232,0.14368434668251856,0.8607193157155061,UNLOADING,2.0522914907114632e-05,0.0,0.19399389832773856,2.500000000000002,-0.0010000000000000009,0.6037715332023118,0,staged_v3,0.9353531454465134,2,1.0131810763622249,0.9278091013796299,2,0,0,0
v3_torso_proxy:v3_right_forearm_proxy,195,0.025683582823525206,0.0,0.11388968628132207,0.0,0.00040269319485590846,AIR,0.0,-1,2.8532913791546974,0.20540566928230344,0.28591995892266303,UNLOADED,0.0013356539488881519,0.0,0.19498608487824887,0.02146770010446286,0.11388968628132207,0.12373257458410783,0,ok,0.0,7.571004685083596e-07,AIR,0.0,-1,1.5392558095757602,0.1378514818687843,0.6167323393258066,UNLOADING,1.7632523081164046e-05,0.0,0.18045245086894326,2.500000000000002,0.0,0.6037715332023118,0,staged_v3,0.9336006463825193,2,1.118693948535344,0.9259348314232906,2,0,0,0
