active_collision_pair,frame_idx,frame_root_angular_budget_usage,frame_root_z_budget_usage,frame_velocity_budget_usage_max,left_anchor_error_xy,left_contact_confidence,left_contact_phase,left_contact_slack,left_elbow_branch_sign,left_foot_vxy,left_heel_height,left_liftoff_probability,left_load_phase,left_lock_weight,left_swing_clearance_error,left_toe_height,max_joint_delta,max_joint_velocity_ratio,min_self_collision_distance,qp_resolve_count,qp_status,right_anchor_error_xy,right_contact_confidence,right_contact_phase,right_contact_slack,right_elbow_branch_sign,right_foot_vxy,right_heel_height,right_liftoff_probability,right_load_phase,right_lock_weight,right_swing_clearance_error,right_toe_height,root_ddz,root_dz,root_z,safety_backtracked,solver_mode,stage_a_high_priority_error,stage_a_iterations,stage_b_detail_error,stage_b_high_priority_error,stage_b_iterations,stage_b_rejected,stage_c_iterations,stage_c_triggered
v3_pelvis_proxy:v3_left_hand_proxy,0,0.9999654852728977,1.0000000000000009,1.0,0.0,0.04739123138147976,AIR,0.0,1,0.0,0.10256615372006478,0.11311358212752783,UNLOADED,0.008406127887697215,0.0,0.08623473650500636,0.1884955592153876,1.0,0.05248427798801242,0,ok,0.0,0.04261826013561731,AIR,0.0,1,0.0,0.093023742315334,0.10276468211040915,UNLOADED,0.007647721636136375,0.0,0.1020186482860054,0.0,-0.0050000000000000044,0.745,0,staged_v3,0.746510856410379,2,0.9710116007392596,0.7480248544855918,2,1,0,0
v3_pelvis_proxy:v3_left_hand_proxy,1,0.9998051805982308,1.0000000000000009,0.8557874450731826,0.0,0.060681098106158515,AIR,0.0,1,0.0687053676838166,0.11243680747776864,0.20019715633163843,UNLOADED,0.016431485274602656,0.0,0.08294412654360175,0.16131213302857736,0.8557874450731826,0.046309254453274384,0,ok,0.0,0.0331911343667596,AIR,0.0,1,0.7257115014815534,0.09632740415206134,0.172494180666822,UNLOADED,0.011611348676661701,0.0,0.12731662114870212,0.0,-0.0050000000000000044,0.74,0,staged_v3,0.6875412847687533,2,0.8490458590236659,0.6885718683011248,2,1,0,0
v3_pelvis_proxy:v3_left_hand_proxy,2,0.9993183880941527,1.0000000000000009,0.7592259711365592,0.0,0.06904507078614057,FLAT,0.0,1,0.07144501672733028,0.1204090829308975,0.2603533101264638,UNLOADED,0.0233589798314927,0.0,0.08250964279991752,0.14311072400023145,0.7592259711365592,0.04039891933028103,0,ok,0.0,0.025849281435860592,FLAT,0.0,-1,0.4718825170348799,0.09903632281034389,0.1858173133835988,UNLOADED,0.01349828642263985,0.0,0.15703517632884945,0.0,-0.0050000000000000044,0.735,0,staged_v3,0.6301477993363571,2,1.126970177884335,0.6316305706947463,2,1,0,0
v3_pelvis_proxy:v3_left_hand_proxy,3,0.9990126346414716,1.0000000000000009,0.5950850091407468,0.0,0.05666699185245126,FLAT,0.0,1,0.134634222851332,0.12158099435048639,0.32294266133857413,UNLOADED,0.02636054440390803,0.0,0.08254471102712282,0.1121708815786791,0.5950850091407468,0.040779876225886885,0,ok,0.0,0.02013144062408136,FLAT,0.0,-1,0.239279267378594,0.09815591333245391,0.16096910586499935,UNLOADED,0.014176809263521613,0.0,0.1663321778942225,0.0,-0.0050000000000000044,0.73,0,staged_v3,0.5769504094256106,2,1.089445452837872,0.5782576488980733,2,1,0,0
v3_pelvis_proxy:v3_left_hand_proxy,4,0.9986537134913225,1.0000000000000009,0.408458055456629,0.0,0.05389046495616564,FLAT,0.0,-1,0.11958523850066954,0.12075975104177539,0.3771368224504482,UNLOADED,0.027801712771570446,0.0,0.08315214687332247,0.07699252957932709,0.408458055456629,0.04915503453457465,0,ok,0.0,0.05796462858568609,FLAT,0.0,1,0.04846778558906151,0.09564436429291673,0.12994396079831064,UNLOADED,0.0214279424430291,0.0,0.1608841259415333,0.0,-0.0050000000000000044,0.725,0,staged_v3,0.528401576488867,2,0.8471446997203402,0.5296529700405624,2,1,0,0
v3_torso_proxy:v3_left_forearm_proxy,5,0.9999999999999999,1.0000000000000009,0.4387657177549687,0.0,0.0419699363079439,FLAT,0.0,-1,0.37211018727198103,0.12450589597641369,0.4262152313341492,LOADING,0.02727028383211382,0.0,0.08427814371702172,0.08270538933276375,0.4387657177549687,0.05972738249182494,0,ok,0.0,0.0747290863636216,FLAT,0.0,1,0.06932201288343877,0.09181003531665728,0.10502278085097194,LOADING,0.030518519935075605,0.0,0.147512928685181,0.0,-0.0050000000000000044,0.72,0,staged_v3,0.47780643296792985,2,0.8201542685667306,0.47905096182640555,2,0,0,0
v3_torso_proxy:v3_left_forearm_proxy,6,1.0000000000000002,1.0000000000000009,0.5213432599472567,0.0,0.0326862192620837,FLAT,0.0,-1,0.3619781508924538,0.13261182365453456,0.5161998253382604,LOADING,0.025633614511530133,0.0,0.08181613662935544,0.09827088932693134,0.5213432599472567,0.05621919765936027,0,ok,0.0,0.10262871950807778,FLAT,0.0,1,0.0694074919012616,0.08561528617828665,0.11820129614616387,LOADING,0.04251439031614086,0.0,0.13372592385791132,0.0,-0.0050000000000000044,0.715,0,staged_v3,0.42784266619721634,2,0.8219777677840011,0.4253718274029612,2,0,0,0
v3_torso_proxy:v3_left_forearm_proxy,7,1.0,1.0000000000000009,0.7214990603224096,0.0,0.02545605315695442,FLAT,0.0,-1,0.39815374027796196,0.14513851765878122,0.6101847096875322,LOADING,0.023389263688681227,0.0,0.07573799733231398,0.13599936884884928,0.7214990603224096,0.04988491181188018,0,ok,0.0,0.1357587175767959,FLAT,0.0,1,0.06756107472169007,0.07749643467600992,0.12982542695517882,LOADING,0.05763826907381285,0.0,0.12075002838072409,0.0,-0.0050000000000000044,0.71,0,staged_v3,0.370586726554503,2,0.8425853477757438,0.3629517003472501,2,0,0,0
v3_torso_proxy:v3_left_forearm_proxy,8,0.9999999999999996,1.0000000000000009,0.8526318456856559,0.0,0.01982519413254341,FLAT,0.0,-1,0.44296067482379264,0.16443188307326792,0.7016190439167427,UNLOADING,0.020893006073127406,0.0,0.07129523125254263,0.16071731655736576,0.8526318456856559,0.046953226786588934,0,ok,0.0,0.17085798851231657,FLAT,0.0,1,0.06617569888241051,0.07018164800845528,0.13811287835884156,LOADING,0.075562675244706,0.0,0.11028116533344566,0.0,-0.0050000000000000044,0.705,0,staged_v3,0.31647587538407573,2,0.8707534500880176,0.2935825496613484,2,0,0,0
v3_torso_proxy:v3_left_forearm_proxy,9,0.6487756731724019,1.0000000000000009,1.0000000000000002,0.0,0.01543987671496743,FLAT,0.0,-1,0.4199877772915952,0.19397397336889238,0.7862007024874034,UNLOADING,0.018379867319157937,0.0,0.07748737423309948,0.18849555921538763,1.0000000000000002,0.04618397463234718,0,ok,0.0,0.1952848755558078,FLAT,0.0,1,0.060624387792392896,0.06550171046025074,0.11591600136453195,LOADING,0.09497978692664646,0.0,0.10408087016763279,0.0,-0.0050000000000000044,0.7,0,staged_v3,0.2675368140943511,2,0.9153597902046715,0.2465355064217655,2,0,0,0
v3_torso_proxy:v3_left_forearm_proxy,10,0.383597890263621,1.0000000000000009,0.7467033785596109,0.0,0.012024588076142585,FLAT,0.0,-1,0.9743501012879806,0.20610627536696244,0.8468061091535437,UNLOADING,0.016017328192593973,0.0,0.07971427499523204,0.14075027090961312,0.7467033785596109,0.0451397240142911,0,ok,0.0,0.20643577754456544,FLAT,0.0,1,0.056082711147348516,0.06293376827695338,0.10060403227227029,LOADING,0.11311733072498133,0.0,0.10147713667565773,0.0,-0.0050000000000000044,0.695,0,staged_v3,0.22025823498810812,2,0.961843422348764,0.20485491094243846,2,0,0,0
v3_torso_proxy:v3_left_forearm_proxy,11,0.1707113490804676,1.0000000000000009,0.5946500035537905,0.0,0.009364758609810923,FLAT,0.0,-1,1.205744056119774,0.21312240604175825,0.8878500791933213,UNLOADING,0.01387917515600397,0.0,0.08221753380644371,0.11208888495730396,0.5946500035537905,0.04468135532926093,0,ok,0.0,0.21141986000669655,FLAT,0.0,-1,0.05743701575244778,0.06082602982584881,0.088703607050573,LOADING,0.12902709574438015,0.0,0.09911191874512834,0.0,-0.0050000000000000044,0.69,0,staged_v3,0.18765172217839585,2,0.9978333408477593,0.18023764389617405,2,0,0,0
v3_torso_proxy:v3_left_forearm_proxy,12,0.059137478751852636,1.0000000000000009,0.4985777912211487,0.0,0.007293281338595428,AIR,0.0,-1,1.6739757877492951,0.2114386558805708,0.9065179286509089,UNLOADING,0.011993834568926772,0.0,0.08310858946563912,0.09397969956860319,0.4985777912211487,0.04844815308051373,0,ok,0.0,0.21236233298054347,FLAT,0.0,-1,0.05961906724690902,0.057143527149498566,0.07915955439226777,LOADING,0.14233204166192437,0.0,0.0948697995696556,0.0,-0.0050000000000000044,0.6849999999999999,0,staged_v3,0.16297390419815957,2,1.0278135118770015,0.16043460421971503,2,0,0,0
v3_torso_proxy:v3_left_forearm_proxy,13,0.04885401290827586,1.0000000000000009,0.3635306751764951,0.0,0.005680013217658183,AIR,0.0,-1,1.7660038233960835,0.20067134617400284,0.8897827189348585,UNLOADING,0.010369863289546427,0.0,0.0781073689994441,0.06852391790934087,0.3635306751764951,0.0543238860351344,0,ok,0.0,0.21363867804278835,FLAT,0.0,-1,0.050948234160135115,0.05310322407220496,0.0712348085481319,LOADING,0.15354966687232635,0.0,0.0899580025046092,0.0,-0.0050000000000000044,0.6799999999999999,0,staged_v3,0.14391499672346728,2,1.0503201096090105,0.14366538297265205,2,0,0,0
v3_torso_proxy:v3_left_forearm_proxy,14,0.10623128437688285,1.0000000000000009,0.3998607886863167,0.0,0.004423598741768123,AIR,0.0,-1,1.7992150186136733,0.19153488989589113,0.8478126836699876,UNLOADING,0.008984627908329868,0.0,0.07595022187080731,0.0753719829717332,0.3998607886863167,0.060824808221120893,0,ok,0.0,0.20977243806565826,FLAT,0.0,-1,0.05063771801758594,0.047115992430088946,0.06431705233078977,LOADING,0.16209583213566747,0.0,0.08276839399623262,0.0,-0.0050000000000000044,0.6749999999999999,0,staged_v3,0.12822200312928111,2,1.0659901045357798,0.12911242398264813,2,0,0,0
v3_torso_proxy:v3_left_forearm_proxy,15,0.08323498048705241,1.0000000000000009,0.3426575494141751,0.0,0.003445102164082696,AIR,0.0,-1,1.7692156665361058,0.17862885813908774,0.7917253253715483,UNLOADING,0.007803613568895044,0.0,0.07102867489753248,0.06458942639619925,0.3426575494141751,0.06373913014083449,0,ok,0.0,0.21131119043041147,FLAT,0.0,-1,0.05378900172108573,0.04038034567981212,0.05876597795647173,LOADING,0.1694553220428584,0.0,0.07586177442763421,0.0,-0.0050000000000000044,0.6699999999999999,0,staged_v3,0.11822212168708078,2,1.072021052333584,0.11921211828402173,2,1,0,0
v3_torso_proxy:v3_left_forearm_proxy,16,0.07843205590050539,1.0000000000000009,0.3076003050332258,0.0,0.0026830482631485953,AIR,0.0,-1,1.7524640348191751,0.16689170450780283,0.7261772747385232,UNLOADING,0.00679376585725624,0.0,0.06850204011636098,0.0579812915120617,0.3076003050332258,0.06458976345695132,0,ok,0.0,0.20740733317805554,FLAT,0.0,-1,0.05903594459218074,0.0341170345551988,0.05405007714979398,LOADING,0.17480364779795646,0.0,0.06927898929915327,0.0,-0.0050000000000000044,0.6649999999999999,0,staged_v3,0.11450042366947123,2,1.0750014043362297,0.1157309106928916,2,1,0,0
v3_torso_proxy:v3_left_forearm_proxy,17,0.08132851983121889,1.0000000000000009,0.22403802337256315,0.0,0.0020895600883584988,AIR,0.0,-1,1.7438233211871452,0.15405347443880935,0.6575425986043366,UNLOADING,0.0059254543516366835,0.0,0.06612593796558422,0.04223017250112137,0.22403802337256315,0.06568012012606701,0,ok,0.0,0.2008010908969405,FLAT,0.0,-1,0.06725192533469272,0.02821392411855851,0.04886603848703085,LOADING,0.17804066565055174,0.0,0.06268540562087863,0.0,-0.0050000000000000044,0.6599999999999999,0,staged_v3,0.11421339900799982,2,1.0764879871711683,0.11561352771055444,2,1,0,0
v3_torso_proxy:v3_left_forearm_proxy,18,0.08407671550220128,1.0000000000000009,0.22484042561115875,0.0,0.0016273510330883528,AIR,0.0,-1,1.7010045035283903,0.13975013998595007,0.5885868884126334,UNLOADING,0.005174605665998271,0.0,0.06365737301180308,0.04238142175980113,0.22484042561115875,0.06696490090201768,0,ok,0.0,0.20291138369714007,FLAT,0.0,-1,0.057956792721868045,0.022396089765460054,0.044893877213215035,LOADING,0.1811929135108968,0.004848604095200697,0.056070690780396296,0.0,-0.0050000000000000044,0.6549999999999999,0,staged_v3,0.11470959358364613,2,1.0769001643102627,0.11618232343558556,2,1,0,0
v3_torso_proxy:v3_left_forearm_proxy,19,0.07822122961352666,1.0000000000000009,0.21985738822376913,0.0,0.0012673822589012688,AIR,0.0,-1,1.676676268155521,0.12506637009729438,0.5209549758400266,UNLOADING,0.004522109594403558,0.0,0.06163408714904069,0.041442141340873935,0.21985738822376913,0.06838136870862577,0,ok,0.0,0.20705607659229303,FLAT,0.0,-1,0.05426598844478071,0.016631678628292543,0.04205015550416041,LOADING,0.1846241980834186,0.010470829146915477,0.04945586322419279,0.0,-0.0050000000000000044,0.6499999999999999,0,staged_v3,0.11549691299805064,2,1.0766255576794883,0.1169936316265133,2,1,0,0
v3_torso_proxy:v3_left_forearm_proxy,20,0.06256865072954726,1.0000000000000009,0.20912492707767652,0.0,0.000987038295683114,AIR,0.0,-1,1.5591850802342442,0.11014765930987876,0.47249459288776474,UNLOADING,0.003950475086345863,0.0,0.058291457039438194,0.03941912007538379,0.20912492707767652,0.06983336039812386,0,ok,0.0,0.2075334764864441,FLAT,0.0,-1,0.05748913217116507,0.011310680527116111,0.03969769643867702,LOADING,0.18755833357393925,0.01567420429481774,0.04326516366704339,0.0,-0.0050000000000000044,0.6449999999999999,0,staged_v3,0.11646813881229046,2,1.0751517706091025,0.11798521377099842,2,1,0,0
v3_torso_proxy:v3_left_forearm_proxy,21,0.06426572888755458,1.0000000000000009,0.24086335565023861,0.0,0.0007687061975994741,AIR,0.0,-1,1.520131186185974,0.0953747822819106,0.4377712111800728,UNLOADING,0.0034478627532157,0.0,0.054401843303813265,0.04540167291778652,0.24086335565023861,0.07127202344269207,0,ok,0.0,0.20769790831547108,FLAT,0.0,-1,0.0557961574273194,0.00894664214157365,0.03783038585312486,LOADING,0.19001479011975336,0.017944877151082596,0.0391111567833381,0.0,-0.0050000000000000044,0.6399999999999999,0,staged_v3,0.11782668291036372,2,1.0736350856336438,0.11932761604225366,2,1,0,0
v3_torso_proxy:v3_left_forearm_proxy,22,0.9172237529594041,0.8999999999999897,0.9999999999999999,0.0,0.0005986689886423126,AIR,0.0,-1,1.4505079801693328,0.06553264208099854,0.4128908209775064,UNLOADING,0.003005522939674602,0.013546404497430713,0.03209813655144461,0.18849555921538758,0.9999999999999999,0.06968299924296151,0,ok,0.0,0.2084611541989775,FLAT,0.0,-1,0.05441921872057602,0.05366699508929201,0.036523716224526076,LOADING,0.19218130772763806,0.0,0.05877563353250333,1.2500000000001399,-0.0044999999999999485,0.6355,0,staged_v3,0.13121904207388874,2,1.0658144704408223,0.12713045891388006,2,1,0,0
v3_torso_proxy:v3_left_forearm_proxy,23,0.6517247883565098,1.0000000000000009,0.9985961914062497,0.0,0.00046624387715519904,AIR,0.0,-1,1.3664510028108243,0.05989057059919422,0.3950632423780742,UNLOADING,0.0026164550996221362,0.007312171793892125,0.03744099032501159,0.18823094752947728,0.9985961914062497,0.07387029608413447,0,ok,0.0,0.21003965931415686,FLAT,0.0,-1,0.05276861120756753,0.004385542031346567,0.035185401332001306,LOADING,0.19427491210322073,0.0223737280352535,0.027936866381402747,-1.2500000000001399,-0.0050000000000000044,0.6305,1,staged_v3,0.24187129099851354,2,1.0546194208006825,0.23241295432568398,2,0,0,0
v3_torso_proxy:v3_left_forearm_proxy,24,1.0000000000000002,0.8000000000000007,0.29305475614152793,0.0,0.0003631110966307169,AIR,0.0,-1,1.3165054006768355,0.021743198508361795,0.3822892241198659,UNLOADING,0.0022747183192804664,0.022371262697631504,0.025166781140152708,0.05523952013962635,0.29305475614152793,0.07387899038474134,0,ok,0.0,0.21042351577612067,FLAT,0.0,-1,0.05209803444866578,0.038830072402364815,0.03387036806430642,LOADING,0.1960792084520562,0.0,0.07430026392425972,2.500000000000002,-0.0040000000000000036,0.6265,0,staged_v3,0.2291053626422515,2,1.0594281696377041,0.2291053626422515,2,1,1,1
v3_torso_proxy:v3_left_forearm_proxy,25,0.3386296968353141,0.6000000000000005,1.0,0.0,0.0002827912063979189,AIR,0.0,-1,1.1377260813045227,0.013991213572640169,0.3731362400760183,UNLOADING,0.0019750830677998338,0.029665598431160754,0.043960424805175924,0.1884955592153876,1.0,0.08559371989660541,0,ok,0.0,0.21354633350055352,FLAT,0.0,-1,0.04715319327700769,0.07479212685297051,0.03255774907678678,LOADING,0.19818211587327988,0.0,0.03250088193475292,2.500000000000002,-0.0030000000000000027,0.6234999999999999,0,staged_v3,0.23345975066908092,2,1.0305960554522253,0.19174289590715496,2,1,0,0
v3_torso_proxy:v3_left_forearm_proxy,26,1.0000000000000002,0.40000000000000036,1.0,0.0,0.0002202380129884065,AIR,0.0,-1,1.0295869572034408,0.05145237155623628,0.36914078507369236,UNLOADING,0.0017127767981099712,0.0,0.1277855915405932,0.1884955592153876,1.0,0.07023567024669486,0,ok,0.0,0.2139096031717213,FLAT,0.0,-1,0.04889843453205958,0.012621879229873671,0.031403160440711536,LOADING,0.19998412581532607,0.013948278792161907,0.035492971018828985,2.500000000000002,-0.0020000000000000018,0.6214999999999999,0,staged_v3,0.35860242797879993,2,1.0168547326462085,0.3603878790911375,2,0,0,0
v3_torso_proxy:v3_left_forearm_proxy,27,0.8655331630359885,0.20000000000000018,1.0000000000000002,0.0,0.00017152153697746122,AIR,0.0,-1,0.8342803204867087,0.0625004183684116,0.3722982069926679,UNLOADING,0.0014834750235657075,5.093337628468003e-05,0.04356397697334872,0.18849555921538763,1.0000000000000002,0.06771063606821294,0,ok,0.0,0.21171772925822008,FLAT,0.0,-1,0.05358258057669241,0.0066357446141364,0.030575861532130932,LOADING,0.20103615610916556,0.01989304846247015,0.019814936153871067,2.500000000000002,-0.0010000000000000009,0.6204999999999999,0,staged_v3,0.4473119672859507,2,1.0738158458661649,0.43211843568929825,2,0,0,0
v3_torso_proxy:v3_left_forearm_proxy,28,0.3518676757812503,0.0,0.35186743247598207,0.0,0.00013358110731165774,AIR,0.0,-1,0.5816896258896925,0.0295671302557058,0.3735237984559369,UNLOADING,0.0012835050751572718,0.029034392891863263,0.01464179703093358,0.06632544845424287,0.35186743247598207,0.06771067515927215,0,ok,0.0,0.2096139001767634,FLAT,0.0,-1,0.05616237849811901,0.022678374657200375,0.029983075960929407,LOADING,0.2014947310243918,0.01067325204063609,0.015825901757410384,2.500000000000002,0.0,0.6204999999999999,1,staged_v3,0.35505291932943744,2,1.0561449846135191,0.35505291932943744,2,1,1,1
v3_torso_proxy:v3_left_forearm_proxy,29,0.9999999999999999,0.20000000000000018,1.0000000000000002,0.0,0.00010403307097786441,AIR,0.0,-1,0.46233705065092057,0.06895884182022842,0.32634461215274785,UNLOADED,0.0011101589842460236,0.022834790324715467,0.018482440282921928,0.18849555921538763,1.0000000000000002,0.08098899502081497,0,ok,0.0,0.20644511222471792,FLAT,0.0,-1,0.056969352359395486,0.04257173702695578,0.03289709552188253,LOADING,0.20123172197059805,0.0,0.10436903785571774,2.500000000000002,0.0010000000000000009,0.6214999999999999,0,staged_v3,0.22341951794784481,2,1.0519551310916833,0.20448905749976823,2,0,0,0
v3_torso_proxy:v3_left_forearm_proxy,30,0.9999999999999999,0.0,1.0000000000000002,0.0,0.005215211083640515,FLAT,0.0,-1,0.1019274398103185,0.019493552724989816,0.2910384355909739,UNLOADED,0.0016276040291130333,0.020058369054558885,0.02181178054304994,0.18849555921538763,1.0000000000000002,0.08099758396488696,0,ok,0.0,0.20447300315917216,FLAT,0.0,-1,0.056432757448844614,0.006010434879395895,0.046060778964508234,LOADING,0.20034930702571951,0.021292604068829518,0.02988228168909473,-2.500000000000002,0.0,0.6214999999999999,0,staged_v3,0.293783451035653,2,1.0703842637052352,0.293783451035653,2,1,0,0
v3_torso_proxy:v3_left_forearm_proxy,31,0.92938232421875,0.20000000000000018,0.92938232421875,0.0,0.015970563723804784,FLAT,0.0,-1,0.08932655036563081,0.008359048698477718,0.2634850378484217,UNLOADED,0.003654595050605917,0.02981520319394337,0.04705839344520244,0.17518444092850996,0.92938232421875,0.08099708893845177,0,ok,0.0,0.20680547273159744,FLAT,0.0,-1,0.05072298676844966,0.048882725339592356,0.06556534515074576,LOADING,0.19933457752674347,0.006008587182971051,0.02226968007456624,2.500000000000002,0.0010000000000000009,0.6224999999999999,1,staged_v3,0.24315144347057802,2,1.0780217501133074,0.24315144347057802,2,1,1,1
v3_torso_proxy:v3_left_forearm_proxy,32,1.0,0.40000000000000036,0.8920281055082833,0.0,0.04004316577246391,FLAT,0.0,-1,0.0639071501420345,0.005978825081912189,0.24161808898193488,UNLOADED,0.008997278556831606,0.031102079367184555,0.027354574226156562,0.16814333658362662,0.8920281055082833,0.08080915727409348,0,ok,0.0,0.2104198604438965,FLAT,0.0,-1,0.04596404373478886,0.01801832253994085,0.09125853291594013,LOADING,0.19817495969198148,0.01154460410585616,0.034177784713609966,2.500000000000002,0.0020000000000000018,0.6244999999999999,0,staged_v3,0.27411346628239364,2,1.0781075556960455,0.27505822300876503,2,1,1,1
v3_torso_proxy:v3_right_forearm_proxy,33,0.380874992088926,0.6000000000000005,0.9999949832646723,0.0,0.06007305168789594,FLAT,0.0,-1,0.05650143104071707,0.029275851627734634,0.22297655375610848,LOADING,0.01653345677524855,0.012146733702503194,0.02400209398530223,0.18849461358305658,0.9999949832646723,0.06471457734192751,0,ok,0.0,0.21691937375609927,FLAT,0.0,-1,0.038916832555566105,0.04239634269781703,0.15760095878385383,LOADING,0.19596891866074767,0.0,0.03419220571511697,2.500000000000002,0.0030000000000000027,0.6275,0,staged_v3,0.362998544389351,2,1.081814810240668,0.34155115422153653,2,0,0,0
v3_torso_proxy:v3_right_forearm_proxy,34,0.6128512411902205,0.40000000000000036,1.0000000000000002,0.0,0.07344974058178953,FLAT,0.0,-1,0.06770469802539496,0.017466541540408376,0.20675160347945049,LOADING,0.024879543208469815,0.017871038633564148,0.040990768133311616,0.18849555921538763,1.0000000000000002,0.06468621345600593,0,ok,0.0,0.22493565006739624,FLAT,0.0,-1,0.03656362580639264,0.013117153193357642,0.27604002353131935,LOADING,0.19123684569917793,0.02568484798320833,0.033155995840532665,-2.500000000000002,0.0020000000000000018,0.6295,0,staged_v3,0.36369619260088176,2,1.0785682765828484,0.36369619260088176,2,1,0,0
v3_torso_proxy:v3_left_forearm_proxy,35,0.46171156669000085,0.20000000000000018,0.9999999999999999,0.0,0.07199992085729082,FLAT,0.0,-1,0.1026059308362335,0.024699322240622986,0.1923562040361949,LOADING,0.031533692444831035,0.009918487961186762,0.04744458169098366,0.18849555921538758,0.9999999999999999,0.07329083133186809,0,ok,0.0,0.224031507593976,FLAT,0.0,-1,0.04508304615970117,0.0050386411602221445,0.41358032059036953,LOADING,0.18268536557942616,0.040640374869296336,0.02711314477138682,-2.500000000000002,0.0010000000000000009,0.6305,0,staged_v3,0.2526039867161656,2,1.0701063794790628,0.24839315640721385,2,0,0,0
v3_torso_proxy:v3_left_forearm_proxy,36,0.0829241844525791,0.0,0.7300244996912366,0.0,0.07398725581303042,FLAT,0.0,-1,0.09984421143364612,0.023554475422598087,0.1808704499277318,LOADING,0.03734798346890671,0.010489047073788504,0.045473577464091294,0.1376063763102332,0.7300244996912366,0.06963216930882646,0,ok,0.0,0.22165147076933295,FLAT,0.0,-1,0.05498018428626788,0.02564915040146232,0.5555755163539322,UNLOADING,0.17065993341751562,0.02712962541623429,0.04648063473710687,-2.500000000000002,0.0,0.6305,0,staged_v3,0.17341698440766606,2,1.062950694723217,0.14046178536138465,2,0,0,0
v3_torso_proxy:v3_left_forearm_proxy,37,0.026466177303581338,0.20000000000000018,0.5090570912398052,0.0,0.07957774269756032,FLAT,0.0,-1,0.09041129407068602,0.023717824170947404,0.14268994304724536,LOADING,0.04352294659996879,0.00841667298141487,0.04453622786121322,0.09595500108580568,0.5090570912398052,0.07002748452143019,0,ok,0.0,0.2101170446308322,FLAT,0.0,-1,0.07493082965006208,0.03205564415264342,0.6815559422820034,UNLOADING,0.1558385892561499,0.027022152961456755,0.05094766266949785,-2.500000000000002,-0.0010000000000000009,0.6295,0,staged_v3,0.11608097429273279,2,1.0592561233782762,0.11677918015392057,2,0,0,0
v3_torso_proxy:v3_left_forearm_proxy,38,0.09665655658761699,0.40000000000000036,0.1959518483194032,0.0,0.08937868292126375,FLAT,0.0,-1,0.0779547045838607,0.021935619249921007,0.11501778900973575,LOADING,0.05063806616538659,0.008815270200565783,0.04233401832435816,0.03693605322825472,0.1959518483194032,0.0705251480139985,0,ok,0.0,0.19984016995582107,FLAT,0.0,-1,0.07227971334792162,0.03877044458959761,0.7718248619788886,UNLOADING,0.14009001341410446,0.02482079850934682,0.05393574328805355,-2.500000000000002,-0.0020000000000000018,0.6275,0,staged_v3,0.11236370795014168,2,1.053722125125838,0.11088793140301095,2,1,0,0
v3_torso_proxy:v3_left_forearm_proxy,39,0.04825157397634185,0.6000000000000005,0.1690342108734464,0.0,0.09926609421254787,FLAT,0.0,-1,0.07191463378924347,0.01904002782102522,0.09415479551975113,LOADING,0.05849439601429349,0.010667711954962338,0.0391486669465473,0.03186219810512203,0.1690342108734464,0.07104992149638083,0,ok,0.0,0.17952564492009895,FLAT,0.0,-1,0.07515693453045501,0.04346178035200808,0.8365053693133777,UNLOADING,0.12427022278565944,0.023363488113660805,0.05386480142153982,-2.500000000000002,-0.0030000000000000027,0.6244999999999999,0,staged_v3,0.1088044873108214,2,1.050998821292368,0.10864981979128566,2,1,0,0
v3_torso_proxy:v3_left_forearm_proxy,40,0.0217734337361997,0.8000000000000007,0.18982488362978245,0.0,0.10939151253356091,FLAT,0.0,-1,0.06111814003650637,0.01460073406151817,0.07873469487064745,LOADING,0.06695123784599327,0.014336000682014204,0.03415166843903294,0.03578114759279172,0.18982488362978245,0.07157505686371204,0,ok,0.0,0.13981471284517205,FLAT,0.0,-1,0.18476946175729672,0.04789303226661551,0.8828509780023369,UNLOADING,0.1088572133692361,0.02124951663350133,0.04940735227856648,-2.500000000000002,-0.0040000000000000036,0.6204999999999999,0,staged_v3,0.10749717349664828,2,1.0501017402506079,0.1086466762578303,2,1,0,0
v3_torso_proxy:v3_left_forearm_proxy,41,0.025792076324977514,0.9500000000000064,0.2368132860115257,0.0,0.11606925893657347,FLAT,0.0,-1,0.05706369660608613,0.0092819371905946,0.06604948505085258,LOADING,0.07524157910751036,0.01902053706194803,0.02799961879507818,0.044638252776376064,0.2368132860115257,0.0723953838451613,0,ok,0.0,0.10888780784872361,FLAT,0.0,-1,0.24676558779973892,0.05083247332601233,0.8863178347845702,UNLOADING,0.09507455456817446,0.02744731562525987,0.04186857611396863,-1.875000000000071,-0.004750000000000032,0.6157499999999999,0,staged_v3,0.10920332273274296,2,1.0500341009157712,0.11025910889664327,2,1,0,0
v3_torso_proxy:v3_left_forearm_proxy,42,0.045858341183580946,0.7500000000000062,0.3558128910372482,0.0,0.12172273992337795,FLAT,0.0,-1,0.0485827336304394,0.00496409804061948,0.05692982548576231,LOADING,0.08315188040238654,0.022882393233668637,0.0224343607848916,0.06706914987210988,0.3558128910372482,0.07354357936381069,0,ok,0.0,0.0848019100195146,FLAT,0.0,-1,0.3919534544350165,0.05567638385063245,0.8481012294255232,UNLOADING,0.08333266189762549,0.03430233851786247,0.0331027229534137,2.500000000000002,-0.003750000000000031,0.6119999999999999,0,staged_v3,0.11094894650591472,2,1.0495474243218061,0.1120580897515745,2,1,0,0
v3_pelvis_proxy:v3_left_hand_proxy,43,0.6788495047162474,0.550000000000006,1.0,0.0,0.1281518882655217,FLAT,0.0,-1,0.04432883246287087,0.038464813146587604,0.050034188962499435,LOADING,0.09086948681633793,0.0,0.047459630210474765,0.1884955592153876,1.0,0.08450800386710325,0,ok,0.0,0.06604379392914879,AIR,0.0,-1,0.5690555796118622,0.07105146324763284,0.7760007806341547,UNLOADING,0.07354138995283444,0.019488952521249207,0.04431108651045853,2.500000000000002,-0.00275000000000003,0.6092499999999998,0,staged_v3,0.13750081910085807,2,1.046193046010732,0.11836879814159423,2,0,0,0
v3_torso_proxy:v3_left_forearm_proxy,44,0.25141519578665245,0.35000000000000586,0.7910869105899357,0.0,0.13283184301496997,FLAT,0.0,-1,0.04337950078835164,0.016385603942600767,0.04494355357367109,LOADING,0.09806797104549778,0.011068725060865509,0.016178452617818046,0.14911636959962327,0.7910869105899357,0.08813588701627825,0,ok,0.0,0.05143495842902757,AIR,0.0,-1,0.6626343975487832,0.04851054534882453,0.6916888720080466,UNLOADING,0.06530090139549705,0.04650032649856898,0.013084117101833354,2.500000000000002,-0.0017500000000000293,0.6074999999999998,0,staged_v3,0.24549484354292028,2,1.0470809237272294,0.24587291818503837,2,1,0,0
v3_pelvis_proxy:v3_left_hand_proxy,45,0.9999999999999999,0.15000000000000568,0.8679977420886571,0.0,0.13716023046703993,FLAT,0.0,-1,0.03275564294589196,0.047178040554566064,0.041083973310258,LOADING,0.10475940548025886,0.001781711693676205,0.025272486971836698,0.1636137197926952,0.8679977420886571,0.06625770848484655,0,ok,0.0,0.04005758590177183,AIR,0.0,-1,1.0407569610008989,0.11569346573260966,0.6130537624458046,UNLOADING,0.05818650578902527,0.0,0.08380013135803835,2.500000000000002,-0.0007500000000000284,0.6067499999999998,0,staged_v3,0.27837963888576706,2,1.052623869639493,0.2797966036624446,2,1,1,1
v3_pelvis_proxy:v3_left_hand_proxy,46,0.9999999999999999,0.04999999999999449,1.0000000000000002,0.0,0.13869524904298675,FLAT,0.0,-1,0.03455411843013021,0.010568732879393241,0.03802556621703329,LOADING,0.11049178111751004,0.01633254543145842,0.025841832202265907,0.18849555921538763,1.0000000000000002,0.09755036038697598,0,ok,0.0,0.03119687926824997,AIR,0.0,-1,1.1252132785027753,0.14574227407895207,0.5384862571566585,UNLOADING,0.05193097475003907,0.0,0.12404641519643647,2.500000000000002,0.00024999999999997247,0.6069999999999998,0,staged_v3,0.2665178850896297,2,1.048005754341861,0.2649644740221562,2,0,1,1
v3_torso_proxy:v3_left_forearm_proxy,47,0.9999999999999999,0.24999999999999467,1.0,0.0,0.13937920514347527,FLAT,0.0,-1,0.037840133171590275,0.038240892196820225,0.035776258338020415,LOADING,0.1152719726326709,0.019720098051678677,0.007068714865222346,0.1884955592153876,1.0,0.09640069902253524,0,ok,0.0,0.024296154003497154,AIR,0.0,-1,1.29685385838476,0.05732837088520043,0.4850563048656088,UNLOADING,0.046299571402907067,0.03337514886112691,0.015877666382153533,2.500000000000002,0.0012499999999999734,0.6082499999999997,0,staged_v3,0.2762361812500744,2,1.0331775910279102,0.24075733348510134,2,0,0,0
v3_torso_proxy:v3_left_forearm_proxy,48,0.136405729336912,0.44999999999999485,0.23455810546875003,0.0,0.13910605172600607,FLAT,0.0,-1,0.04596954015308357,0.03489658968955503,0.03424383308979126,LOADING,0.11908608356792089,0.02405107439838888,0.0026611172561006842,0.0442131612588339,0.23455810546875003,0.09640027995440795,0,ok,0.0,0.01892186376354703,AIR,0.0,-1,1.413501284229908,0.04946336897969822,0.4467720711266079,UNLOADING,0.04118079027396772,0.02776565586642233,0.01957294768990807,2.500000000000002,0.0022499999999999742,0.6104999999999997,1,staged_v3,0.23624489076244798,2,1.016335405687839,0.23624489076244798,2,1,1,1
v3_torso_proxy:v3_left_forearm_proxy,49,0.7174083801247308,0.649999999999995,0.9542604537468303,0.0,0.13708165409172934,FLAT,0.0,-1,0.052820355056694746,0.005567917406484584,0.032977808733497954,LOADING,0.12178106715878086,0.021080973030190315,0.011167765012440618,0.1798738578661383,0.9542604537468303,0.09617651477413057,0,ok,0.0,0.014736362316220868,AIR,0.0,-1,1.48017372938823,0.02915380944131856,0.41934021895128826,UNLOADING,0.03652022207997109,0.03289473872538895,0.013072272222175472,2.500000000000002,0.003249999999999975,0.6137499999999997,0,staged_v3,0.12460988637609138,2,1.03646147173512,0.12579642701006963,2,1,0,0
v3_torso_proxy:v3_left_forearm_proxy,50,0.192942324847002,0.8499999999999952,0.2544236174544388,0.0,0.1389681976555516,FLAT,0.0,-1,0.04074758697439412,0.004996293773706772,0.031866389998154526,LOADING,0.12433281030136852,0.021597025726200956,0.011765593116502465,0.0479577220496763,0.2544236174544388,0.09637654296549414,0,ok,0.0,0.011476690511496754,AIR,0.0,-1,1.6157055755765692,0.028676122370755237,0.39968443796064,UNLOADING,0.03228728119922679,0.02365575534415498,0.02132846655387702,2.500000000000002,0.004249999999999976,0.6179999999999997,0,staged_v3,0.11861136292742007,2,1.0400098920809804,0.12043674451950445,2,1,0,0
v3_torso_proxy:v3_left_forearm_proxy,51,0.1340162782350926,1.0000000000000009,0.23113366138108937,0.0,0.13930090415702784,FLAT,0.0,-1,0.039227885919998186,0.00813035014262909,0.03147698810303602,LOADING,0.1264494744919218,0.01844349926252271,0.013804896788987962,0.04356766875552848,0.23113366138108937,0.0967820499071254,0,ok,0.0,0.008938055557421835,AIR,0.0,-1,1.6467032287796772,0.02798175180305091,0.38560045544705945,UNLOADING,0.02845931777986137,0.016298270969302066,0.02811846445525748,1.875000000000071,0.0050000000000000044,0.6229999999999997,0,staged_v3,0.11513254541821014,2,1.0425616392863721,0.11710448317475736,2,1,0,0
v3_torso_proxy:v3_left_forearm_proxy,52,0.11847822498380028,1.0000000000000009,0.17765704454084263,0.0,0.13961523177039056,FLAT,0.0,-1,0.03355938557676985,0.012634735244580773,0.035462417919030306,LOADING,0.12809240720823478,0.014138385651370742,0.017373869626899845,0.033487563959279154,0.17765704454084263,0.09698103316599846,0,ok,0.0,0.006960964667255847,AIR,0.0,-1,1.6991938862514773,0.026897320040485926,0.37550884099850534,UNLOADING,0.025014709653141613,0.016878122009439344,0.03531979222592572,0.0,0.0050000000000000044,0.6279999999999997,0,staged_v3,0.11208247784651489,2,1.043421321311515,0.11305144951217098,2,1,0,0
v3_torso_proxy:v3_left_forearm_proxy,53,0.08683519901626104,1.0000000000000009,0.151832882931843,0.0,0.1381697256350004,FLAT,0.0,-1,0.03948493696853921,0.018141794775137558,0.04299862043556191,LOADING,0.1289196493759349,0.009008136246640538,0.02136404819946238,0.028619824175522224,0.151832882931843,0.09715490810564303,0,ok,0.0,0.005421204733791235,AIR,0.0,-1,1.7266988619356087,0.026290501868747283,0.3682778832718774,UNLOADING,0.021930421835499543,0.017123392294846586,0.043081612449592306,0.0,0.0050000000000000044,0.6329999999999997,0,staged_v3,0.10966788101182129,2,1.044396453481916,0.11066146525436354,2,1,0,0
v3_torso_proxy:v3_left_forearm_proxy,54,0.0818751274339296,0.8250000000000091,0.14311172307793368,0.0,0.13614273095905205,FLAT,0.0,-1,0.03947743836022101,0.023508231683268505,0.053951547904776104,LOADING,0.12890221659191958,0.004189345711970303,0.024830805876974674,0.026975924271852803,0.14311172307793368,0.09724957432612241,0,ok,0.0,0.004222038491867021,AIR,0.0,-1,1.7415343312121092,0.025388722796817108,0.363096675655313,UNLOADING,0.019181651623425514,0.01776611098594854,0.050375102870000625,-2.187499999999898,0.004125000000000045,0.6371249999999997,0,staged_v3,0.10829639865987353,2,1.0449241235019717,0.10926035502366173,2,1,0,0
v3_torso_proxy:v3_left_forearm_proxy,55,0.06350635712118803,0.7187500000000124,0.2502390842217377,0.0,0.13158710787984113,FLAT,0.0,-1,0.054606353493526584,0.028594782829969998,0.06720105464865023,LOADING,0.12802251642909537,0.00010949662197231452,0.0282505561104602,0.04716895611792292,0.2502390842217377,0.0971244797644821,0,ok,0.0,0.0032881268836236492,AIR,0.0,-1,1.709232235708261,0.024173086664079267,0.3593841781714613,UNLOADING,0.016742333692340308,0.0187961222444938,0.05725390437472023,-1.3281249999999578,0.003593750000000062,0.6407187499999998,0,staged_v3,0.10786040463045912,2,1.0460260281432068,0.10894182878420745,2,1,0,0
v3_torso_proxy:v3_left_forearm_proxy,56,0.05641266271644153,0.5187500000000123,0.5003002507496547,0.0,0.1293049844110531,FLAT,0.0,-1,0.050591248124937135,0.03282602374843448,0.08642922421466964,LOADING,0.12660919335655543,0.0,0.030579018552375506,0.0943043755406548,0.5003002507496547,0.09589612883195044,0,ok,0.0,0.002560795791804236,AIR,0.0,-1,1.658046088656608,0.022279546574777948,0.35672405748385505,UNLOADING,0.014585900068658014,0.0205566562994148,0.06299529663283593,-2.500000000000002,0.0025937500000000613,0.6433124999999998,0,staged_v3,0.10847128196732043,2,1.0478356753961056,0.11001450029191652,2,1,0,0
v3_torso_proxy:v3_left_forearm_proxy,57,0.07342168804539603,0.3187500000000121,0.4448718740940911,0.0,0.12569876809622405,FLAT,0.0,-1,0.056309595578354736,0.037217586294251495,0.10700474020839792,LOADING,0.12455765203012922,0.0,0.03306671267466291,0.08385637268656321,0.4448718740940911,0.09331683835030628,0,ok,0.0,0.0019943497679430974,AIR,0.0,-1,1.5596839775712752,0.021306038613550755,0.35928266272306253,UNLOADING,0.012684744983551923,0.021658094522602377,0.0687475917924155,-2.500000000000002,0.0015937500000000604,0.6449062499999999,0,staged_v3,0.10956440742079179,2,1.0477240205325427,0.10960744642747146,2,1,0,0
v3_torso_proxy:v3_left_forearm_proxy,58,0.0407206990881571,0.1187500000000119,0.6302712698499977,0.0,0.12195597475817721,FLAT,0.0,-1,0.060985373248094846,0.03988721240250757,0.14735282375537562,LOADING,0.1216187613834994,0.0,0.033791020857845626,0.11880333546776778,0.6302712698499977,0.08701884667568391,0,ok,0.0,0.001553201160992359,AIR,0.0,-1,1.3689805991342259,0.018988717471017404,0.37502833271700897,UNLOADING,0.011011310945788973,0.024762699164833046,0.07155163070169915,-2.500000000000002,0.0005937500000000595,0.6455,0,staged_v3,0.11092705466884442,2,1.0516214856327653,0.11137212200447982,2,0,0,0
v3_torso_proxy:v3_left_forearm_proxy,59,0.06267803008033535,0.08124999999998828,0.23564508193084707,0.0,0.11827195348813012,FLAT,0.0,-1,0.06892078213652758,0.04302348483210383,0.18835593377047755,LOADING,0.11795818536443019,0.0,0.035296586895975805,0.04441805149491085,0.23564508193084707,0.08231353795875547,0,ok,0.0,0.0012096342804482642,AIR,0.0,-1,1.270595183670967,0.018053213202721675,0.3980117346237895,UNLOADING,0.00954229304528007,0.0268473735284678,0.0749014202937259,-2.500000000000002,-0.0004062499999999414,0.64509375,0,staged_v3,0.11287155516984052,2,1.0529160847249213,0.11359331746544346,2,0,0,0
v3_torso_proxy:v3_left_forearm_proxy,60,0.04684999889377252,0.28124999999998845,0.18870245311598413,0.0,0.11588150501890263,FLAT,0.0,-1,0.06955847166221726,0.04612791887439123,0.23844336007405412,LOADING,0.11371420596833404,0.0,0.037004325532359036,0.03556957442541289,0.18870245311598413,0.07825666061235298,0,ok,0.0,0.0009420641248431235,AIR,0.0,-1,0.8671629105306238,0.017508577870660322,0.41997218540107306,UNLOADING,0.008257168809603603,0.028490031399393333,0.07465959395225855,-2.500000000000002,-0.0014062499999999423,0.6436875000000001,0,staged_v3,0.11535567818487341,2,1.0540195216925743,0.11619623177020885,2,0,0,0
v3_torso_proxy:v3_left_forearm_proxy,61,0.038795789919813764,0.48124999999998863,0.22654078750715662,0.0,0.11319285489369758,FLAT,0.0,-1,0.07532524193503136,0.048641186722231264,0.2797422517455515,LOADING,0.10911618094203306,0.0008975184989227086,0.03808959408835487,0.04270193242625578,0.22654078750715662,0.07440525212532761,0,ok,0.0,0.0007336802781313023,AIR,0.0,-1,0.7256855886937937,0.01681258664607474,0.4373466873209622,UNLOADING,0.007136545785222782,0.030054747719973372,0.07257957883637269,-2.500000000000002,-0.002406249999999943,0.6412812500000001,0,staged_v3,0.1186715982243111,2,1.0550728559804614,0.11957302699668765,2,0,0,0
v3_torso_proxy:v3_left_forearm_proxy,62,0.09100262860640966,0.6812499999999888,0.6896632395726411,0.0,0.10954647843725979,FLAT,0.0,-1,0.0795337996459197,0.0521173037558916,0.30994157326007116,LOADING,0.10432722231678762,0.0005129132105064216,0.03998416545249714,0.12999845801354082,0.6896632395726411,0.07120590941167235,0,ok,0.0,0.0005713907751327043,FLAT,0.0,-1,0.4957117412182057,0.0051217303755170295,0.4230903607074009,LOADING,0.006164130793901945,0.041032787659853014,0.058102386693185244,-2.500000000000002,-0.003406249999999944,0.6378750000000002,0,staged_v3,0.12324806946785716,2,1.0564212847049745,0.12429500198845829,2,0,0,0
v3_torso_proxy:v3_left_forearm_proxy,63,0.14511709573238793,0.881249999999989,0.9999869159358054,0.0,0.0977359971918956,FLAT,0.0,-1,0.10414958795492833,0.0518994554992199,0.37382585514870237,LOADING,0.09816615548050711,0.005581780482614207,0.038109512274820914,0.18849309292739042,0.9999869159358054,0.06390749070039409,0,ok,0.0,0.00044499958311312713,FLAT,0.0,-1,0.3142713148561128,0.024670161469582858,0.3966565487931166,LOADING,0.005321896049667539,0.020162665970072973,0.0736764397254098,-2.500000000000002,-0.004406249999999945,0.6334687500000002,0,staged_v3,0.13132445943199894,2,1.0572022485633206,0.13036313324536583,2,0,0,0
v3_torso_proxy:v3_left_forearm_proxy,64,0.11314185929980876,1.0000000000000009,0.4226230399618371,0.0,0.08991393058046476,FLAT,0.0,-1,0.10763473192180605,0.055485878188355445,0.4382899855299917,LOADING,0.09135749830435012,0.007491337322000774,0.03942316195449881,0.07966256625491358,0.4226230399618371,0.061101741943733245,0,ok,0.0,0.00034656602379495215,FLAT,0.0,-1,0.24346182648809878,0.0033743850660939547,0.38030715775918766,LOADING,0.004592305826044975,0.04064097282186543,0.05656879278219927,-1.4843750000001488,-0.0050000000000000044,0.6284687500000002,0,staged_v3,0.1391398313246201,2,1.0596861363956163,0.14016888026820126,2,0,0,0
v3_torso_proxy:v3_left_forearm_proxy,65,0.059913715784978325,1.0000000000000009,0.5199194187001309,0.0,0.0700250395450939,FLAT,0.0,-1,0.22530231241057394,0.06790164041389114,0.49630998361307543,UNLOADING,0.08334512902029488,0.0030481481477874425,0.04676735103286633,0.09800250157482043,0.5199194187001309,0.057563784667134174,0,ok,0.0,0.021450981388967387,FLAT,0.0,-1,0.07759710721487803,0.004189996128573782,0.4215773294100502,LOADING,0.006155391449192345,0.04188887034192873,0.055131940925296066,0.0,-0.0050000000000000044,0.6234687500000002,0,staged_v3,0.15350614226845008,2,1.0610868523081984,0.1530858543484301,2,0,0,0
v3_torso_proxy:v3_left_forearm_proxy,66,0.15049067628904375,1.0000000000000009,0.999999614489683,0.0,0.05453555563232522,FLAT,0.0,-1,0.25522454468764144,0.07606003699716737,0.5519107772470992,UNLOADING,0.07492965269392221,0.005330630600715487,0.047264908261639475,0.1884954865484048,0.999999614489683,0.05186504525938852,0,ok,0.0,0.05886459072037398,FLAT,0.0,-1,0.05253096663096614,0.026680337498333536,0.4155523398998019,LOADING,0.011804967621209559,0.01909727949665656,0.07310058416636157,0.0,-0.0050000000000000044,0.6184687500000002,0,staged_v3,0.16380943628099956,2,1.0617829146278683,0.16310661672574592,2,0,0,0
v3_torso_proxy:v3_left_forearm_proxy,67,0.05356781684694053,1.0000000000000009,0.5698705918628416,0.0,0.04247233343168905,FLAT,0.0,-1,0.36126412035356303,0.08620697818066425,0.6192834110289553,UNLOADING,0.06653540543904096,0.011085765856114232,0.04487840469533354,0.10741807589359025,0.5698705918628416,0.05069104985692452,0,ok,0.0,0.09402589453491356,FLAT,0.0,-1,0.045671452712406996,0.004396102909721502,0.4102994201758031,LOADING,0.02053339900211311,0.04111886809906866,0.05277332763126123,0.0,-0.0050000000000000044,0.6134687500000002,0,staged_v3,0.16943259957414178,2,1.0629446247799261,0.16966300546051247,2,0,0,0
v3_torso_proxy:v3_left_forearm_proxy,68,1.0,0.8000000000000007,1.0,0.0,0.03307748653546924,FLAT,0.0,-1,0.37255439544741237,0.12365692809446191,0.6868260518191516,UNLOADING,0.058510205669779644,0.03261000568506775,0.02673129690588983,0.1884955592153876,1.0,0.05013650351055145,0,ok,0.0,0.13888601944126194,FLAT,0.0,-1,0.04732215702817023,0.06717612070525533,0.40758950065269967,LOADING,0.03288222642760186,0.0,0.05271250890751697,2.500000000000002,-0.0040000000000000036,0.6094687500000002,0,staged_v3,0.17842788339651042,2,1.0607763737459945,0.18001097819701478,2,1,1,1
v3_torso_proxy:v3_left_forearm_proxy,69,0.1371464864004987,0.6000000000000005,1.0000000000000002,0.0,0.025760772415857298,FLAT,0.0,-1,0.3114357434964513,0.15041445731685724,0.7543751250378449,UNLOADING,0.051055531503178764,0.0280143868564598,0.03470436939543244,0.18849555921538763,1.0000000000000002,0.038173297748730114,0,ok,0.0,0.1813561390880111,FLAT,0.0,-1,0.05227828965070135,0.014849304201568363,0.40753453059301104,LOADING,0.04779523115700502,0.03052742232808219,0.0229069983444158,2.500000000000002,-0.0030000000000000027,0.6064687500000002,0,staged_v3,0.2936657554233251,2,1.0593229353036508,0.28516129174458454,2,0,1,1
v3_torso_proxy:v3_left_forearm_proxy,70,1.0000000000000002,0.8000000000000007,0.8347444707716855,0.0,0.02006250972999391,FLAT,0.0,-1,0.4745886736258812,0.1406596060034373,0.8240020864338439,UNLOADING,0.044266306981778886,0.02943362670945076,0.03676647761224144,0.15734562582006162,0.8347444707716855,0.04362385890783134,0,ok,0.0,0.21455381867649526,FLAT,0.0,-1,0.06437717168620849,0.011385754412742057,0.40861428209860146,LOADING,0.06361299774290115,0.034044959692188015,0.05225396210558722,-2.500000000000002,-0.0040000000000000036,0.6024687500000002,0,staged_v3,0.2967976960170834,2,1.0597912242529939,0.24759326491826414,2,0,0,0
v3_torso_proxy:v3_left_forearm_proxy,71,0.18519884729578306,0.6000000000000005,0.3701171875000001,0.0,0.015624698288096935,FLAT,0.0,-1,0.6024045345301507,0.12043042016159924,0.8738919843341897,UNLOADING,0.038224034512451745,0.05721374943115383,0.011480849785555653,0.06976544623303899,0.3701171875000001,0.04362523716985088,0,ok,0.0,0.16709468199621472,FLAT,0.0,-1,0.1870819231358725,0.027425767715164025,0.3893932538122499,LOADING,0.07129622621011802,0.017043894975448472,0.05720387229281127,2.500000000000002,-0.0030000000000000027,0.5994687500000002,1,staged_v3,0.19512920098769365,2,1.05082406832203,0.19512920098769365,2,1,1,1
v3_torso_proxy:v3_left_forearm_proxy,72,1.0,0.40000000000000036,0.969184663527529,0.0,0.012168527262024331,FLAT,0.0,-1,1.0098365629582966,0.1810810393643729,0.8995177684983402,UNLOADING,0.03293813254972678,0.02296855457602944,0.04700733384888756,0.18268700513459885,0.969184663527529,0.043625190900384636,0,ok,0.0,0.1301334691857194,FLAT,0.0,-1,0.4958156554950744,0.008656198404555194,0.32139169407505025,LOADING,0.07469891158174596,0.03241338629919732,0.013999143207110761,2.500000000000002,-0.0020000000000000018,0.5974687500000002,0,staged_v3,0.161767826187381,2,1.0580104771415737,0.161767826187381,2,1,1,1
v3_torso_proxy:v3_left_forearm_proxy,73,0.4614257812500001,0.20000000000000018,0.4614257812500001,0.0,0.009476858560490287,FLAT,0.0,-1,1.2118501544564715,0.1421702909438578,0.8883851515936096,UNLOADING,0.028383793347136945,0.05944059420567946,0.009978663374001027,0.08697671067311588,0.4614257812500001,0.03718499517751031,0,ok,0.0,0.13077163743477907,FLAT,0.0,-1,0.09591872546533435,0.020062186227470465,0.2722637258214851,LOADING,0.07879258210439871,0.01855100006360379,0.02512538662464336,2.500000000000002,-0.0010000000000000009,0.5964687500000002,1,staged_v3,0.24772507340973934,2,1.034151343505416,0.24068031165786313,2,0,1,1
v3_torso_proxy:v3_left_forearm_proxy,74,0.70611572265625,0.0,0.31333713073801006,0.0,0.007380584867966783,AIR,0.0,-1,1.6202381456283748,0.17954470697458408,0.8522867635743167,UNLOADING,0.024484710022911926,0.03153912296643362,0.03607521521228222,0.05906265768140623,0.31333713073801006,0.037184403806059516,0,ok,0.0,0.10184505363773579,FLAT,0.0,-1,0.2733128670798762,0.01229079305327441,0.23143375474435623,LOADING,0.07871859472837235,0.030586388474231636,0.0059852992629861775,2.500000000000002,0.0,0.5964687500000002,1,staged_v3,0.1801081239515987,2,1.056109197231163,0.1801081239515987,2,1,1,1
v3_torso_proxy:v3_left_forearm_proxy,75,0.29925537109375,0.20000000000000018,0.2992553710937501,0.0,0.005748005274697492,AIR,0.0,-1,1.656126518692765,0.14461521163235852,0.801984303460379,UNLOADING,0.021149493629379172,0.05699290619823871,0.008106308974780239,0.056408308522524764,0.2992553710937501,0.03190106958088433,0,ok,0.0,0.07931700752501786,FLAT,0.0,-1,0.22212780705659296,0.01675243471785777,0.1917822615388751,LOADING,0.07663099725908687,0.01800481201568224,0.016584301061261516,2.500000000000002,0.0010000000000000009,0.5974687500000002,1,staged_v3,0.24183629379361504,2,1.0346173091851263,0.2105611158960871,2,0,1,1
v3_torso_proxy:v3_left_forearm_proxy,76,0.6659373603820189,0.40000000000000036,1.0,0.0,0.004476551009032972,AIR,0.0,-1,1.7456983126081744,0.1459914729214976,0.7405840974494513,UNLOADING,0.0182940357566567,0.02532952567491243,0.03669967919756014,0.1884955592153876,1.0,0.018574118525312305,0,ok,0.0,0.06456637785534462,FLAT,0.0,-1,0.14440050891874945,0.018222582431669042,0.14990293508371869,LOADING,0.07352481026594647,0.01759733277050948,0.014897813983676459,2.500000000000002,0.0020000000000000018,0.5994687500000002,0,staged_v3,0.24590371002140465,2,1.0321583497871072,0.19452964050586544,2,0,0,0
v3_torso_proxy:v3_left_forearm_proxy,77,0.2604227224429447,0.6000000000000005,0.7071957323800271,0.0,0.0034863414312939663,AIR,0.0,-1,1.6583247057625867,0.13180176824852924,0.6713520329507142,UNLOADING,0.01584428479482495,0.026813873617406274,0.03175372803012944,0.1333032550497088,0.7071957323800271,0.015952744580651813,0,ok,0.0,0.09651863038536931,FLAT,0.0,-1,0.05514502960924885,0.01419601917780788,0.11942410077744929,LOADING,0.0758182441614223,0.016775185861064586,0.024098779374901576,2.500000000000002,0.0030000000000000027,0.6024687500000002,0,staged_v3,0.20257487448147396,2,1.037191130325373,0.18797708051175144,2,1,0,0
v3_torso_proxy:v3_left_forearm_proxy,78,0.7142503440165296,0.8000000000000007,0.5545620065249439,0.0,0.0027151654367460233,AIR,0.0,-1,1.6436325501570872,0.12226194393871916,0.598481780503126,UNLOADING,0.013736556737250202,0.02571184358580408,0.029212245439352223,0.10453247553952674,0.5545620065249439,0.02989285693607004,0,ok,0.0,0.12259700061056128,FLAT,0.0,-1,0.05194017542027329,0.021086658171449314,0.09703577818379279,LOADING,0.08279473637980114,0.008765130737740327,0.04271985974152406,2.500000000000002,0.0040000000000000036,0.6064687500000002,0,staged_v3,0.13410278750258056,2,1.0527580186708523,0.12767316434361325,2,0,0,0
v3_torso_proxy:v3_left_forearm_proxy,79,0.3548286906454742,1.0000000000000009,0.30663851515266816,0.0,0.002114572968306216,AIR,0.0,-1,1.6360855134699404,0.12249912346885058,0.5280449758376135,UNLOADING,0.011916760537121615,0.014897897749398883,0.03650435104248179,0.05779999839067829,0.30663851515266816,0.03391171326895741,0,ok,0.0,0.1410822102336824,FLAT,0.0,-1,0.05079313804902852,0.008458180241286955,0.08037848191480798,LOADING,0.09218423637382356,0.020560743854453445,0.038071711409442745,2.500000000000002,0.0050000000000000044,0.6114687500000002,0,staged_v3,0.12276603028413177,2,1.064165585653244,0.1247258453738249,2,1,0,0
v3_torso_proxy:v3_left_forearm_proxy,80,0.1251578119337865,0.8499999999999952,0.33038915360336585,0.0,0.001646831083578506,AIR,0.0,-1,1.6043829819783504,0.11074047290248273,0.4775747998780038,UNLOADING,0.010337272754447902,0.012447738648014121,0.03643100134588607,0.06227688826716504,0.33038915360336585,0.03669266516405609,0,ok,0.0,0.16022341648148716,FLAT,0.0,-1,0.052482906688472906,0.008566835722464798,0.06838036527121388,LOADING,0.10360084524655509,0.019852182541095897,0.03796705675153383,-1.875000000000071,0.004249999999999976,0.6157187500000002,0,staged_v3,0.12089447622611049,2,1.0681740455011939,0.12275751927459931,2,1,0,0
v3_torso_proxy:v3_left_forearm_proxy,81,0.08472575219214107,0.7374999999999909,0.3489739371813619,0.0,0.0012825533374772706,AIR,0.0,-1,1.5738554932583015,0.09755160511918921,0.4414113385527749,UNLOADING,0.00896286518267193,0.01138963846255276,0.03568092846508599,0.06578003744059635,0.3489739371813619,0.03875387126258155,0,ok,0.0,0.17405032785661956,FLAT,0.0,-1,0.05108311887601537,0.009008824117194107,0.05928542967683831,LOADING,0.11562701207409312,0.01895544736664781,0.03743708737470164,-1.4062500000000533,0.0036874999999999547,0.6194062500000002,0,staged_v3,0.11950146346439966,2,1.0705456565509612,0.12139999781040237,2,1,0,0
v3_torso_proxy:v3_left_forearm_proxy,82,1.0000000000000002,0.9374999999999911,0.2678678076994597,0.0,0.0009988535435581421,AIR,0.0,-1,1.5307386961002873,0.11378019394084227,0.41549908621452414,UNLOADING,0.007765860272139882,0.010132385387962212,0.035642568922764,0.05049189220810957,0.2678678076994597,0.0387544801796874,0,ok,0.0,0.18552797982963393,FLAT,0.0,-1,0.04947127762062334,0.015227784218161964,0.05238483676706006,LOADING,0.12766343503738173,0.01239145762019104,0.01619989615451404,2.500000000000002,0.004687499999999956,0.6240937500000001,0,staged_v3,0.11835420521523327,2,1.0747854886217925,0.11835420521523327,2,1,1,1
v3_torso_proxy:v3_left_forearm_proxy,83,1.0000000000000002,0.7374999999999909,0.8332292639757534,0.0,0.0007779079218967288,AIR,0.0,-1,1.4643654624437767,0.08036883179584194,0.3969321460866786,UNLOADING,0.006723470413405675,0.00621170323248401,0.03863490407184992,0.15706001606773545,0.8332292639757534,0.055112083515254276,0,ok,0.0,0.1912303020880192,FLAT,0.0,-1,0.054139391841992346,0.02446171297184972,0.04671143589514728,LOADING,0.1385902800480704,0.0028738588229076482,0.04583521155475799,-2.500000000000002,0.0036874999999999547,0.6277812500000001,0,staged_v3,0.12693885755923726,2,1.0653185819132818,0.12301782812108004,2,0,0,0
v3_torso_proxy:v3_left_forearm_proxy,84,0.23970451750306712,0.5374999999999908,0.35912214108351526,0.0,0.0006058352987306216,AIR,0.0,-1,1.4224606733029932,0.07514042688931641,0.3836283521435283,UNLOADING,0.005816320311691751,0.0,0.049170198925533475,0.06769292881016453,0.35912214108351526,0.061977340066798614,0,ok,0.0,0.19278817623544664,FLAT,0.0,-1,0.056333760713845604,0.01204693878174502,0.0419953792090897,LOADING,0.14781061677193835,0.015052830178709467,0.04087402359118231,-2.500000000000002,0.002687499999999954,0.63046875,0,staged_v3,0.1265593069622425,2,1.0761273009297518,0.12482875491139095,2,1,0,0
v3_torso_proxy:v3_left_forearm_proxy,85,0.08983722874613587,0.3374999999999906,0.29695089526435825,0.0,0.0004718250050637066,AIR,0.0,-1,1.2616170421693573,0.06726286259280703,0.3740957672338392,UNLOADING,0.005027605591134971,0.0,0.05189827647356671,0.055973925062365204,0.29695089526435825,0.0634840366719303,0,ok,0.0,0.19440106210927888,FLAT,0.0,-1,0.05451672077393867,0.0074858541145540886,0.03825445484773962,LOADING,0.15564136450884405,0.019426868627832893,0.03601949341210834,-2.500000000000002,0.001687499999999953,0.63215625,0,staged_v3,0.1173663399131543,2,1.0822422903102442,0.11882864514202118,2,1,0,0
v3_torso_proxy:v3_left_forearm_proxy,86,0.01507146492260771,0.1374999999999904,0.32079229920029784,0.0,0.0003674576834162843,AIR,0.0,-1,1.1540777126407629,0.05752851666588023,0.3672653716753438,UNLOADING,0.004342590963935895,0.0,0.052003864658248675,0.06046792382975008,0.32079229920029784,0.06486825361123318,0,ok,0.0,0.1946960754790562,FLAT,0.0,-1,0.05536514119271108,0.005282998110209363,0.03557396541234403,LOADING,0.16206708441188428,0.02149570016040784,0.032426082783247184,-2.500000000000002,0.000687499999999952,0.6328437499999999,0,staged_v3,0.11526580773279353,2,1.0835285326631694,0.11678642779467158,2,1,0,0
v3_torso_proxy:v3_left_forearm_proxy,87,0.016088102873321856,0.06250000000000977,0.20641857244256287,0.0,0.0002861763315902066,AIR,0.0,-1,0.9638186828449639,0.050358787401665314,0.3666395770644135,UNLOADING,0.0037481140780036425,0.0,0.05119712337196489,0.03890898424500289,0.20641857244256287,0.06589712085755116,0,ok,0.0,0.19575356521826318,FLAT,0.0,-1,0.0575968426109532,0.004387629873474484,0.03562529363816166,LOADING,0.16740962492483652,0.0223936348084336,0.03048301520173167,-2.500000000000002,-0.00031250000000004885,0.6325312499999999,1,staged_v3,0.11466474504371212,2,1.0829644085700239,0.11617892748702142,2,1,0,0
v3_torso_proxy:v3_left_forearm_proxy,88,0.13664145431820066,0.21250000000001545,0.25927516169758785,0.0,0.0002228743511389549,AIR,0.0,-1,0.6372843288227011,0.03950095437481925,0.3686076742277436,UNLOADING,0.003232772231848923,0.003929429336567931,0.0466738874392734,0.04887221659484686,0.25927516169758785,0.06568409996648185,0,ok,0.0,0.19771031691577634,FLAT,0.0,-1,0.05695883420638124,0.00938661682895953,0.042520168100840805,LOADING,0.17178842814091863,0.017739391576082512,0.031262193438772276,-1.875000000000071,-0.0010625000000000773,0.6314687499999998,0,staged_v3,0.11437057945636402,2,1.0806046773725706,0.11500269353563469,2,1,0,0
v3_torso_proxy:v3_left_forearm_proxy,89,0.21634149819941886,0.41250000000001563,1.0000000000000002,0.0,0.00017357471919354935,FLAT,0.0,-1,0.4878993269480885,0.027545474389481045,0.3233921795297665,LOADING,0.002787725057647974,0.013624134587007286,0.038579982612247404,0.18849555921538763,1.0000000000000002,0.07233315113330781,0,ok,0.0,0.19956397908625959,FLAT,0.0,-1,0.05695828596811639,0.008113954501783,0.05661383767901531,LOADING,0.17508392178627324,0.019716737382167768,0.03177138176652425,-2.500000000000002,-0.002062500000000078,0.6294062499999997,0,staged_v3,0.1393014484674637,2,1.0664252484311423,0.12702976252311202,2,0,0,0
v3_torso_proxy:v3_left_forearm_proxy,90,0.8040745777133466,0.6125000000000158,0.9999999999999999,0.0,0.002658557049621207,FLAT,0.0,-1,0.14229076427241685,0.007976324222403321,0.2828078990433188,LOADING,0.002661863780259839,0.031164070729762624,0.023709764704442245,0.18849555921538758,0.9999999999999999,0.0592916598112945,0,ok,0.0,0.20762413499827592,FLAT,0.0,-1,0.038350188522764804,0.01765362451770821,0.10564479078568989,LOADING,0.17720508276788324,0.012628615021576285,0.038408527372083494,-2.500000000000002,-0.003062500000000079,0.6263437499999996,0,staged_v3,0.16063656415852182,2,1.0643814029278305,0.13348494256441124,2,0,0,0
v3_torso_proxy:v3_left_forearm_proxy,91,1.0,0.41250000000001563,0.6626116695162784,0.0,0.01722018901212672,FLAT,0.0,-1,0.1057806593966226,0.03390134570432987,0.2483031057764722,LOADING,0.0047183635438794265,0.02394964140728848,0.013465513881535128,0.12489935718811249,0.6626116695162784,0.069046863180684,0,ok,0.0,0.21797725472890023,FLAT,0.0,-1,0.03449734379755474,0.037565602004946866,0.17802656284275437,LOADING,0.1775983688726295,0.026383954617718166,0.007517373524419555,2.500000000000002,-0.002062500000000078,0.6242812499999996,0,staged_v3,0.20642506876256717,2,1.0550982149752512,0.19655789568758553,2,1,1,1
v3_torso_proxy:v3_left_forearm_proxy,92,0.2639160156249998,0.21250000000001545,0.18544380989687462,0.0,0.048275932602846,FLAT,0.0,-1,0.04637510950310774,0.04530151574573811,0.22093809174788254,LOADING,0.011296678870348307,0.010414644162670593,0.025632260424723538,0.03495533464954341,0.18544380989687462,0.06889821314753071,0,ok,0.0,0.22634731004745118,FLAT,0.0,-1,0.03642788736058213,0.022524206312793834,0.2634608212463521,LOADING,0.17604341072731772,0.037957993255287745,0.0002150478070298634,2.500000000000002,-0.0010625000000000773,0.6232187499999995,1,staged_v3,0.18012480750878482,2,1.0694045777549352,0.17523012736235596,2,1,1,1
v3_torso_proxy:v3_left_forearm_proxy,93,0.5955950196989043,0.35023727416994,0.6114103151802119,0.0,0.06464230328975865,FLAT,0.0,-1,0.07362490143335966,0.015939868845908582,0.19988633409398163,LOADING,0.01938158114783414,0.0190544478587905,0.028240403432354386,0.11524812926995043,0.6114103151802119,0.0702510651592481,0,ok,0.0,0.22806340350718898,FLAT,0.0,-1,0.04225225684690863,0.003168123164617621,0.38885757593252557,LOADING,0.17080566937490976,0.041274755632008664,0.02026624091373907,-1.7217159271240567,-0.0017511863708497,0.6214675636291498,1,staged_v3,0.12828601269048429,2,1.0634642675187655,0.12300912099627027,2,0,0,0
v3_torso_proxy:v3_left_forearm_proxy,94,0.07221531308092406,0.35023727416994,0.28989589457357595,0.0,0.07304138810393208,FLAT,0.0,-1,0.08991931298922382,0.00999203900759691,0.18299048773967685,LOADING,0.027440366692189418,0.024157485379386938,0.02851273098729038,0.05464408876189125,0.28989589457357595,0.07067963220547581,0,ok,0.0,0.22886216833361692,FLAT,0.0,-1,0.04643265066157696,0.006717072818964696,0.5255949834903713,UNLOADING,0.16191533957088536,0.044562676355553874,0.03022084772431671,0.0,-0.0017511863708497,0.6197163772583001,0,staged_v3,0.11618720576583082,2,1.0597606641827633,0.11774819060932758,2,1,0,0
v3_torso_proxy:v3_left_forearm_proxy,95,0.05383698990817733,0.5002372741699457,0.18108103333371064,0.0,0.08927358918556097,FLAT,0.0,-1,0.07108598500136622,0.008219089851377023,0.14243906267588774,LOADING,0.03726380191780301,0.023902863282417364,0.02673046240352811,0.03413297064153803,0.18108103333371064,0.07077600096796088,0,ok,0.0,0.2251339205259542,FLAT,0.0,-1,0.05830337020827683,0.010396897036197356,0.6551898225806485,UNLOADING,0.1498743577864258,0.04736259409283507,0.0325590277629807,-1.875000000000071,-0.0025011863708497284,0.6172151908874504,0,staged_v3,0.11298230178905438,2,1.0573885487640549,0.1139793349726888,2,1,0,0
v3_torso_proxy:v3_left_forearm_proxy,96,0.03044873571720731,0.3384049188934313,0.18880342382419055,0.0,0.10264506874679005,FLAT,0.0,-1,0.06747518219262318,0.007556747427695722,0.11340790365351641,LOADING,0.048011902870211516,0.0231136477549801,0.025815688743637412,0.03558860695552063,0.18880342382419055,0.07091821488184502,0,ok,0.0,0.2141859775493028,FLAT,0.0,-1,0.06924585168632204,0.014750242527726797,0.7529327116745312,UNLOADING,0.13602349934128583,0.04789639305599978,0.03445380581562753,2.02290444095643,-0.0016920245944671564,0.6155231662929832,0,staged_v3,0.11213035272028454,2,1.0575044452669444,0.11325318628764684,2,1,0,0
v3_torso_proxy:v3_left_forearm_proxy,97,0.030052440400869195,0.1384049188934311,0.1839447237496621,0.0,0.11437775309519291,FLAT,0.0,-1,0.06042538584736944,0.006884319464605784,0.09272776340069347,LOADING,0.059163874269744995,0.02275206870542889,0.025003754576930173,0.034672763567912546,0.1839447237496621,0.07115313227122445,0,ok,0.0,0.19360099507922518,FLAT,0.0,-1,0.08056438874842378,0.020546094785350556,0.8229685520962396,UNLOADING,0.12148778007459986,0.04560233281946143,0.03599862521702694,2.500000000000002,-0.0006920245944671555,0.614831141698516,0,staged_v3,0.11163814513980352,2,1.058107005351205,0.11279381175877577,2,1,0,0
v3_torso_proxy:v3_left_forearm_proxy,98,0.02637830832017017,0.06159508110656908,0.1946007562581344,0.0,0.1223978402163085,FLAT,0.0,-1,0.0648016156533171,0.006934127592922626,0.09112974905743834,LOADING,0.06957985056624078,0.022622359859949294,0.02424062740663524,0.03668137837461438,0.1946007562581344,0.07151064809658343,0,ok,0.0,0.15518912365595205,FLAT,0.0,-1,0.13202987427291357,0.02825749207187575,0.8715989164622453,UNLOADING,0.10697901886832828,0.040322453751236526,0.03716695692318181,2.500000000000002,0.0003079754055328454,0.6151391171040489,0,staged_v3,0.11147995955669926,2,1.0586040887466848,0.11265021323269134,2,1,0,0
v3_torso_proxy:v3_left_forearm_proxy,99,0.0259539831457486,0.26159508110656926,0.18439883500629178,0.0,0.1272208944176534,FLAT,0.0,-1,0.0665249329098321,0.007980340992331521,0.08998472174575003,LOADING,0.0788184719796397,0.02151889509495598,0.024138486618263098,0.03475836152317696,0.18439883500629178,0.07205021966873,0,ok,0.0,0.12102082435451605,FLAT,0.0,-1,0.14793358994333242,0.03718321803721833,0.8726055185018915,UNLOADING,0.0938987854827267,0.031447057887876245,0.038432411171199624,2.500000000000002,0.0013079754055328463,0.6164470925095817,0,staged_v3,0.11118989664633007,2,1.0590151046277398,0.11237489279680017,2,1,0,0
v3_torso_proxy:v3_left_forearm_proxy,100,0.047520881062120816,0.3507825638993767,0.3073801849479267,0.0,0.13497132688461147,FLAT,0.0,-1,0.05362101620788776,0.009605712395171613,0.08916427382546323,LOADING,0.08764211889084894,0.01985250129610155,0.02448080452038499,0.05793979985348871,0.3073801849479267,0.07287340124976559,0,ok,0.0,0.09425111277524405,FLAT,0.0,-1,0.3611382295554931,0.0488180598065317,0.8352367149548463,UNLOADING,0.08270311940805296,0.02866035175033097,0.038101483997411346,1.1148435349100927,0.0017539128194968834,0.6182010053290786,0,staged_v3,0.1112304122911824,2,1.05728841311814,0.11240743387070319,2,1,0,0
v3_torso_proxy:v3_left_forearm_proxy,101,0.054358179343243225,0.24624097857575133,0.23176147928800228,0.0,0.14195521517254617,FLAT,0.0,-1,0.046406607112384805,0.010668756689156848,0.10765344306959175,LOADING,0.09544834461218651,0.019713915464322742,0.024266230960543037,0.04368600964297746,0.23176147928800228,0.07396041745697732,0,ok,0.0,0.07340284043471136,FLAT,0.0,-1,0.4595361644968792,0.058064949705193894,0.7677888160898412,UNLOADING,0.07332338241829008,0.025812678819966378,0.03757676198452568,-1.3067698165453168,0.0012312048928787567,0.6194322102219574,0,staged_v3,0.11145753543970482,2,1.0548260576765087,0.11261312304977476,2,1,0,0
v3_torso_proxy:v3_left_forearm_proxy,102,0.06998716737959149,0.2524639639033044,0.14338837435266663,0.0,0.1507497973747503,FLAT,0.0,-1,0.035498047031474446,0.011585943524368945,0.14235863062695137,LOADING,0.1022165282203873,0.020531988006978627,0.02389429248354681,0.027028071808591236,0.14338837435266663,0.07531331196632847,0,ok,0.0,0.05716618961021859,AIR,0.0,-1,0.65891230223427,0.0641371391901303,0.6858047422907242,UNLOADING,0.06541452002665435,0.02114587242815956,0.03814436468637665,0.07778731659441318,0.001262319819516522,0.6206945300414739,0,staged_v3,0.11173550353899661,2,1.0508934927073175,0.11292862009524636,2,1,0,0
v3_torso_proxy:v3_left_forearm_proxy,103,0.07721925020445337,0.3158334774352012,0.12526790315615768,0.0,0.1586881735773245,FLAT,0.0,-1,0.030144653422257906,0.012505437656929116,0.1669577474463126,LOADING,0.10821201329040683,0.020842449715386513,0.023667053792625518,0.02361244345715896,0.12526790315615768,0.0768743546429195,0,ok,0.0,0.044521073233646645,AIR,0.0,-1,0.9635720536191777,0.06679280494669633,0.6088375992678654,UNLOADING,0.05855744143559578,0.01634908175979643,0.039092798203596846,0.7921189191487099,0.001579167387176006,0.6222736974286499,0,staged_v3,0.11188244005646075,2,1.045965438408264,0.11310192171633561,2,1,0,0
v3_torso_proxy:v3_left_forearm_proxy,104,0.07957972809582438,0.35417958798698024,0.12526732501253854,0.0,0.16297062845359578,FLAT,0.0,-1,0.03018064259901695,0.013484028291387725,0.18497052975659728,LOADING,0.11313478362707918,0.020764498196442143,0.0235948842058413,0.023612334479654162,0.12526732501253854,0.07860749294607809,0,ok,0.0,0.03467304669754337,AIR,0.0,-1,1.1136701789182761,0.06743115820613961,0.5354652442291769,UNLOADING,0.05249306912757834,0.011629889021440472,0.04014337319001837,0.4793263818972382,0.0017708979399349012,0.6240445953685848,0,staged_v3,0.11195925540373294,2,1.040447109333917,0.11319232959287201,2,1,0,0
v3_torso_proxy:v3_left_forearm_proxy,105,0.061392310370246325,0.2903189835791631,0.3041665103279616,0.0,0.12692165305729938,FLAT,0.0,-1,0.17418081179501513,0.015489900667260574,0.21088162705692554,LOADING,0.11128070144489952,0.020054180685585704,0.020634952574836055,0.05733403645886209,0.3041665103279616,0.08038326522993916,0,ok,0.0,0.027003395919518166,AIR,0.0,-1,1.434129401262108,0.06705227277608156,0.48289165451342,UNLOADING,0.04698887087884731,0.010163069897695838,0.038981512827975164,-0.7982575550977145,0.0014515949178958154,0.6254961902864806,0,staged_v3,0.11478840725485415,2,1.03027762292603,0.11614317721112549,2,1,0,0
v3_torso_proxy:v3_left_forearm_proxy,106,0.07492265061321209,0.3147385714204143,0.18275574239303433,0.0,0.11366159139032521,FLAT,0.0,-1,0.10625395053587892,0.016293149240755953,0.2731338594780711,LOADING,0.10718585298983761,0.022363543733147608,0.019380125365163186,0.03444864586219833,0.18275574239303433,0.08223555659920202,0,ok,0.0,0.021030265887707927,AIR,0.0,-1,1.4301164008610339,0.06385904712598221,0.44522103137282,UNLOADING,0.041942910641745976,0.008694035186902697,0.0385670163817383,0.30524484801564,0.0015736928571020714,0.6270698831435827,0,staged_v3,0.11541779493778297,2,1.0285107801615736,0.11688333448860584,2,1,0,0
v3_torso_proxy:v3_left_forearm_proxy,107,0.10019156142201291,0.41317534518900967,0.15554328230245285,0.0,0.13121786123562598,FLAT,0.0,-1,0.02040523481684795,0.014733019778385086,0.32124509618264996,LOADING,0.10459712638873306,0.026329235030747418,0.02190524752948939,0.02931921797979775,0.15554328230245285,0.08399992338761875,0,ok,0.0,0.016378387541546788,AIR,0.0,-1,1.4218207103228626,0.055775631667080605,0.41822885040375457,UNLOADING,0.03731227674272205,0.005979646889142556,0.039931795631045174,1.2304596721074423,0.0020658767259450483,0.6291357598695277,0,staged_v3,0.11182720518475753,2,1.0433745512455979,0.113237572831245,2,1,0,0
v3_torso_proxy:v3_left_forearm_proxy,108,0.22472199751322253,0.3070423675527012,0.21939419875004068,0.0,0.11490193874567661,FLAT,0.0,-1,0.08840120433982972,0.017464508177415693,0.3570389487344314,LOADING,0.10020860423725293,0.025387439259305884,0.023331196492513258,0.04135483218200081,0.21939419875004068,0.08580700047281839,0,ok,0.0,0.01275550104280358,AIR,0.0,-1,1.4499725920567248,0.047360867170014365,0.39888810759874527,UNLOADING,0.033077306260956875,0.004316836377418157,0.04062756900251911,-1.3266622204538558,0.001535211837763506,0.6306709717072913,0,staged_v3,0.10699594256497606,2,1.0446460462148748,0.10821962120653669,2,1,0,0
v3_torso_proxy:v3_left_forearm_proxy,109,0.1978360323542464,0.3681240205866576,0.5001906056763235,0.0,0.09547778230550559,FLAT,0.0,-1,0.08631545297136807,0.02286166267416229,0.38831051146750384,LOADING,0.09423634017831276,0.021553862899212902,0.024533649147675474,0.09428370793124202,0.5001906056763235,0.09317042061654983,0,ok,0.0,0.009933994200603551,AIR,0.0,-1,1.5143609181872308,0.039313265434534186,0.38502985980920135,UNLOADING,0.029224706767420144,0.004938227555925885,0.041416659728318136,0.7635206629244551,0.001840620102933288,0.6325115918102245,0,staged_v3,0.10916667383061705,2,1.0459491363688502,0.10993415488568187,2,1,0,0
v3_torso_proxy:v3_left_forearm_proxy,110,0.08340467563194268,0.3681240205866576,0.5007454030253479,0.0,0.10970190480049063,FLAT,0.0,-1,0.018450963002855616,0.023851323289356137,0.4059439813311756,LOADING,0.09008387398229177,0.021445875777202646,0.026551079206090365,0.09438828476779759,0.5007454030253479,0.09741141521363866,0,ok,0.0,0.007736602462456841,AIR,0.0,-1,1.6810511829784855,0.034109689094399036,0.3750999913583032,UNLOADING,0.025740406221452503,0.009645310473516126,0.04392031617638681,0.0,0.001840620102933288,0.6343522119131578,0,staged_v3,0.11096500144398556,2,1.0414055278670225,0.10953960437339623,2,1,0,0
v3_torso_proxy:v3_left_forearm_proxy,111,0.0709230633333829,0.3681240205866576,0.5007009266294019,0.0,0.11402775236239893,FLAT,0.0,-1,0.01669822204427516,0.024703198182688006,0.4216674295233505,LOADING,0.08663560100331023,0.02138017329347952,0.02936686976786558,0.09437990116467188,0.5007009266294019,0.09953540074148653,0,ok,0.0,0.006025272056073547,AIR,0.0,-1,1.6968892111617846,0.029660984570769947,0.3679849297033557,UNLOADING,0.02260721429582725,0.013738261914397837,0.04729996178454181,0.0,0.001840620102933288,0.6361928320160911,0,staged_v3,0.11410764432875163,2,1.0380269166887997,0.11282753238784361,2,1,0,0
v3_torso_proxy:v3_left_forearm_proxy,112,0.10900643612900873,0.5681240205866578,1.0,0.0,0.09674574858865115,FLAT,0.0,-1,0.08662134219972456,0.02550289312327656,0.4203136141422963,LOADING,0.08227082848090209,0.020512787583838253,0.03351944740149783,0.1884955592153876,1.0,0.10061805861117804,0,ok,0.0,0.004692486595488332,AIR,0.0,-1,1.7205579577945465,0.02569111445379247,0.3628867652509229,UNLOADING,0.01980470444126168,0.017453223808753672,0.0513891811954263,2.500000000000002,0.002840620102933289,0.6390334521190244,0,staged_v3,0.12013816877484697,2,1.0451233096681232,0.1200011878998542,2,0,0,0
v3_torso_proxy:v3_left_forearm_proxy,113,0.15989136441483107,0.3681240205866576,1.0,0.0,0.07534566475967078,FLAT,0.0,-1,0.4305442428549174,0.04206833046677076,0.4330317380425833,LOADING,0.07662051021146132,0.02057773221429938,0.02607385468782979,0.1884955592153876,1.0,0.09628721015221367,0,ok,0.0,0.003654512235118384,AIR,0.0,-1,1.7357266125074748,0.02347248966966642,0.3592337707943005,UNLOADING,0.017309987810293283,0.01948919887004861,0.054998173483040515,-2.500000000000002,0.001840620102933288,0.6408740722219577,0,staged_v3,0.11246860397474763,2,1.0409467675801924,0.11397119646195605,2,0,0,0
v3_torso_proxy:v3_left_forearm_proxy,114,0.3979785939662822,0.16812402058665743,1.0,0.0,0.05867926271586715,FLAT,0.0,-1,0.5064101471281761,0.07024280777641861,0.4599649983329893,UNLOADING,0.07020170242962145,0.03245884698817586,0.015539402928473608,0.1884955592153876,1.0,0.09292163321722427,0,ok,0.0,0.0028461369904542273,AIR,0.0,-1,1.7185068683006877,0.02147912735353807,0.35661628588877814,UNLOADING,0.01509872643564964,0.02135168694090084,0.05744399812549763,-2.500000000000002,0.0008406201029332871,0.641714692324891,0,staged_v3,0.1706125649392596,2,1.0416719312846492,0.17019982747863707,2,0,0,0
v3_torso_proxy:v3_left_forearm_proxy,115,0.31213370102155974,0.03187597941334275,0.8542774325449055,0.0,0.04569945575317003,FLAT,0.0,-1,0.596838161676602,0.06914666078645906,0.4071161095720527,UNLOADING,0.06404352652787257,0.016413324928026465,0.02894248055057617,0.16102750237263752,0.8542774325449055,0.08806341710609268,0,ok,0.0,0.002216573716894244,AIR,0.0,-1,1.5515790150814603,0.019123100069231656,0.3326866697600915,UNLOADED,0.013153072543234398,0.02251123341877292,0.06466494374719349,-2.500000000000002,-0.00015937989706671374,0.6415553124278243,0,staged_v3,0.135955918890824,2,1.0488671104639056,0.13640409357631292,2,0,0,0
v3_torso_proxy:v3_left_forearm_proxy,116,0.05526257163651786,0.23187597941334293,0.9999999999999999,0.0,0.04080120890361565,FLAT,0.0,-1,0.07595285677230822,0.055322055586673476,0.3754834018195547,UNLOADING,0.05853459876476731,0.009038785669325533,0.03473538442165221,0.18849555921538758,0.9999999999999999,0.08312371698893563,0,ok,0.0,0.0017262693464527316,AIR,0.0,-1,1.3477421512407695,0.015912110327212507,0.3233562034879958,UNLOADED,0.011440929243398923,0.025255699847187285,0.06645766065051302,-2.500000000000002,-0.0011593798970667146,0.6403959325307576,0,staged_v3,0.12370255753009647,2,1.0537608798590783,0.12306602657740533,2,0,0,0
v3_torso_proxy:v3_left_forearm_proxy,117,0.19689714709349654,0.4318759794133431,1.0000000000000002,0.0,0.03796770552917786,FLAT,0.0,-1,0.07934391109941275,0.04268602341052386,0.3900473771613606,LOADING,0.05348087059418443,0.010337153965903866,0.03416521489216417,0.18849555921538763,1.0000000000000002,0.08140094458408734,0,ok,0.0,0.0013444199188095496,AIR,0.0,-1,1.3182333973494125,0.011499588557602695,0.31762898182235266,UNLOADED,0.009937566949892847,0.02938186053351494,0.06294810507172276,-2.500000000000002,-0.0021593798970667155,0.6382365526336908,0,staged_v3,0.21677985277707526,2,1.0636946403555383,0.21643883224409663,2,0,0,0
v3_torso_proxy:v3_left_forearm_proxy,118,0.4319237804365851,0.6318759794133433,0.6990972410527772,0.0,0.029569278797548226,FLAT,0.0,-1,0.16268649581299613,0.030170051272298066,0.4024393845904067,LOADING,0.04836495142865534,0.020032074336227022,0.025089894893293316,0.13177672539817786,0.6990972410527772,0.08069977672560188,0,ok,0.0,0.0010470352855456717,FLAT,0.0,-1,0.9471620892012226,0.04804704547833044,0.3473605054035647,LOADING,0.008615534039848606,0.0,0.08777634985023225,-2.500000000000002,-0.0031593798970667164,0.6350771727366241,0,staged_v3,0.1692849973782145,2,1.0636875655335507,0.17039736514336795,2,1,0,0
v3_torso_proxy:v3_left_forearm_proxy,119,0.4911449190387316,0.8318759794133435,1.0,0.0,0.03611644975947817,FLAT,0.0,-1,0.11041121667890981,0.04028764543448894,0.43588149825409583,LOADING,0.04436623801409001,0.013368600505864303,0.03342547440684049,0.1884955592153876,1.0,0.07991615949938241,0,ok,0.0,0.0008154319002863611,FLAT,0.0,-1,0.8648005136529472,0.006267650168971428,0.3563268312760345,LOADING,0.007459725124889652,0.036548691394830295,0.05357784394879067,-2.500000000000002,-0.004159379897066717,0.6309177928395574,0,staged_v3,0.1617320319010098,2,1.0500079845947352,0.16305200095831232,2,1,0,0
v3_torso_proxy:v3_left_forearm_proxy,120,0.5559378368304344,1.0000000000000009,0.9999955556997939,0.0,0.03728519037245292,FLAT,0.0,-1,0.12082081963329647,0.028984878949894596,0.45411063591749584,UNLOADING,0.040935859563807644,0.028144113000375674,0.01956141879549912,0.18849472148453494,0.9999955556997939,0.06267598251887667,0,ok,0.0,0.0006350590024844217,FLAT,0.0,-1,0.25976713188328615,0.04452721557186373,0.355970329511122,LOADING,0.006452478227064136,0.0,0.07212975587240965,-2.101550257333218,-0.0050000000000000044,0.6259177928395574,0,staged_v3,0.2348056269320954,2,1.0569837921537955,0.2017430402073193,2,0,0,0
v3_torso_proxy:v3_left_forearm_proxy,121,0.29374604034478113,1.0000000000000009,0.9999691089869905,0.0,0.033348844866766425,FLAT,0.0,-1,0.1361410561856482,0.045019838373927486,0.4667535544598223,UNLOADING,0.03762833005298855,0.02055955628427402,0.0277781214387171,0.18848973639661565,0.9999691089869905,0.04738298093411099,0,ok,0.0,0.0004945844484314129,FLAT,0.0,-1,0.31954020092246266,0.018132256966507977,0.3206019992399338,LOADING,0.0055786984354080195,0.022897842995488714,0.061099135238973104,0.0,-0.0050000000000000044,0.6209177928395574,0,staged_v3,0.23425726944549793,2,1.0675198482143862,0.21333776253647052,2,0,0,0
v3_torso_proxy:v3_left_forearm_proxy,122,0.2761229364208161,1.0000000000000009,0.775221869287275,0.0,0.02643855979629426,FLAT,0.0,-1,0.14857839169216677,0.042625282166628115,0.49759786325000055,UNLOADING,0.0341503956074546,0.0210383513443973,0.02884154181810273,0.146125879767303,0.775221869287275,0.04251016083110859,0,ok,0.0,0.0003851827557333233,FLAT,0.0,-1,0.3352767534483249,0.028873244016493944,0.27370999726410034,LOADING,0.004821706428166214,0.009812255846711075,0.06659664879388415,0.0,-0.0050000000000000044,0.6159177928395574,0,staged_v3,0.2357218002403821,2,1.0745177833625013,0.20754770435381215,2,0,0,0
v3_torso_proxy:v3_left_forearm_proxy,123,0.37580275780984196,1.0000000000000009,0.9279844868060387,0.0,0.02059037107263413,FLAT,0.0,-1,0.3309668999219786,0.06476155890524588,0.5287348930368051,UNLOADING,0.030657985295812058,0.0134270145232976,0.038009730128542654,0.17492095478370875,0.9279844868060387,0.04691273545798799,0,ok,0.0,0.03486350415237835,FLAT,0.0,-1,0.07470732511505393,0.004764089833942088,0.23080013234366017,LOADING,0.009220765698542108,0.031775916783240925,0.04914591663498035,0.0,-0.0050000000000000044,0.6109177928395574,0,staged_v3,0.193888521909084,2,1.0633583351388018,0.175028894054582,2,0,0,0
v3_torso_proxy:v3_left_forearm_proxy,124,0.4278356258150234,0.8000000000000007,1.0,0.0,0.016035797115098265,FLAT,0.0,-1,0.5990936807837599,0.08036172869077454,0.5609052977629798,UNLOADING,0.027284163619179954,0.00841497138664727,0.044630293501501724,0.1884955592153876,1.0,0.04691775368312105,0,ok,0.0,0.027151724334485434,FLAT,0.0,-1,0.24467146164933434,0.010999121965226663,0.1995442527070873,LOADING,0.011723363317324027,0.023978090670127704,0.0597009658555529,2.500000000000002,-0.0040000000000000036,0.6069177928395574,0,staged_v3,0.19172588134810786,2,1.0627563034841918,0.19172588134810786,2,1,1,1
v3_torso_proxy:v3_left_forearm_proxy,125,0.6750151687102734,0.6000000000000005,1.0,0.0,0.012488691350412704,FLAT,0.0,-1,0.36916822831556284,0.12949078307230547,0.6205170742336993,UNLOADING,0.024063460978246663,0.02815233480989586,0.02787351890178911,0.1884955592153876,1.0,0.045812428166993616,0,ok,0.0,0.032674943866423965,FLAT,0.0,-1,0.12613835158531095,0.05845690766864627,0.17978838695968627,LOADING,0.014738764336795484,0.0,0.07133812021674518,2.500000000000002,-0.0030000000000000027,0.6039177928395574,0,staged_v3,0.2553831375629586,2,1.0565981999002374,0.2570500723925879,2,1,1,1
v3_torso_proxy:v3_left_forearm_proxy,126,0.9487063772179539,0.8000000000000007,1.0000000000000002,0.0,0.009726202603238495,FLAT,0.0,-1,0.5796051485471165,0.12097635244476768,0.7037426680597134,UNLOADING,0.021037460671803725,0.02646384563170629,0.033723287771279385,0.18849555921538763,1.0000000000000002,0.04558041122998245,0,ok,0.0,0.02544727186998518,FLAT,0.0,-1,0.16006887693149313,0.003682546615576752,0.16763709369028307,LOADING,0.01602728450370726,0.029699308068937405,0.0471756020686846,-2.500000000000002,-0.0040000000000000036,0.5999177928395574,0,staged_v3,0.34303852994199574,2,1.0598401000874729,0.34442586978012,2,1,0,0
v3_torso_proxy:v3_left_forearm_proxy,127,1.0,0.6000000000000005,1.0000000000000002,0.0,0.0075747742037132765,FLAT,0.0,-1,0.738231836360629,0.1893099617119701,0.7877223456777324,UNLOADING,0.018261817047258204,0.004813933420042882,0.05957218386384375,0.18849555921538763,1.0000000000000002,0.04558031590095693,0,ok,0.0,0.019818355259375392,FLAT,0.0,-1,0.23956439883488762,0.026102991823774152,0.15649815013159124,LOADING,0.016165191467492297,0.006721915682805411,0.05986145392813457,2.500000000000002,-0.0030000000000000027,0.5969177928395574,0,staged_v3,0.31001541012351047,2,1.0546421578104592,0.31001541012351047,2,1,1,1
v3_pelvis_proxy:v3_left_hand_proxy,128,1.0000000000000007,0.40000000000000036,1.0000000000000002,0.0,0.005899240081440977,FLAT,0.0,-1,0.5802147399412503,0.19875352289444653,0.8478964141429358,UNLOADING,0.015781171121966874,0.02796298152879486,0.039431839178351934,0.18849555921538763,1.0000000000000002,0.027702713247190522,0,ok,0.0,0.07656512891156979,FLAT,0.0,-1,0.06209850057735167,0.059331253860612165,0.1485898565383434,LOADING,0.025969818652145808,0.0017723876729853552,0.030657105153931816,2.500000000000002,-0.0020000000000000018,0.5949177928395574,0,staged_v3,0.20348540794596934,2,1.0693408115758198,0.18195048288246565,2,0,1,1
v3_torso_proxy:v3_left_forearm_proxy,129,0.9999999999999999,0.20000000000000018,1.0000000000000002,0.0,0.0045943327949524515,FLAT,0.0,-1,0.48782698620853765,0.17631868744526957,0.8910130182828649,UNLOADING,0.013598249885161024,0.019709375679038695,0.04984127523510456,0.18849555921538763,1.0000000000000002,0.04033228932259797,0,ok,0.0,0.06670288011331327,FLAT,0.0,-1,0.13652191733304458,0.00701398899693476,0.14178833763806736,LOADING,0.032224892846991704,0.025075427884968613,0.07122796350668639,2.500000000000002,-0.0010000000000000009,0.5939177928395574,0,staged_v3,0.3519409220149567,2,1.0743857273351949,0.33968240741383504,2,0,0,0
v3_pelvis_proxy:v3_left_hand_proxy,130,1.0000000000000002,0.0,1.0,0.0,0.0035780699783996054,FLAT,0.0,-1,1.5755900973352752,0.15636213585784384,0.9163489423005955,UNLOADING,0.011698401235597395,0.06429522931004172,0.00652221780498805,0.1884955592153876,1.0,0.03226118791870952,0,ok,0.0,0.051948255265366415,FLAT,0.0,-1,0.17362035861801955,0.05384913545031938,0.13589022108411264,LOADING,0.03475771335207773,0.0,0.0343401416436948,2.500000000000002,0.0,0.5939177928395574,0,staged_v3,0.41529187112323873,2,1.0655538472360662,0.4169577052962724,2,1,1,1
v3_pelvis_proxy:v3_left_hand_proxy,131,0.7094726562499999,0.20000000000000018,0.70947265625,0.0,0.0027866037010618972,AIR,0.0,-1,1.6606233128146377,0.21251969791459582,0.9026877279726007,UNLOADING,0.010065939735853523,0.008910081203391255,0.06122430519523878,0.13373244508787022,0.70947265625,0.03284456796766111,0,ok,0.0,0.040457341879860595,FLAT,0.0,-1,0.20669752094483484,0.0027263078155345235,0.11472042444275646,LOADING,0.034969382371177644,0.0280097134066033,0.04152793783079864,2.500000000000002,0.0010000000000000009,0.5949177928395574,1,staged_v3,0.4268790581970796,2,1.0717869929242558,0.42854745752772533,2,1,1,1
v3_pelvis_proxy:v3_left_hand_proxy,132,0.8272777668992002,0.40000000000000036,0.9999826909990742,0.0,0.0021702091444966804,AIR,0.0,-1,1.7350384008453588,0.13792204414358344,0.8628235659798884,UNLOADING,0.008670477138091576,0.061091288310285236,0.007049889988709191,0.18849229654557864,0.9999826909990742,0.0172537797975948,0,ok,0.0,0.05973473192016725,FLAT,0.0,-1,0.09770088754104739,0.039576634881980446,0.09824763362274175,LOADING,0.03874869306972651,0.0,0.03238681091637356,2.500000000000002,0.0020000000000000018,0.5969177928395574,0,staged_v3,0.3583184287980609,2,1.0595405968888127,0.33730613665001713,2,0,0,0
v3_pelvis_proxy:v3_left_hand_proxy,133,0.7186087643478425,0.6000000000000005,1.0000000000000002,0.0,0.0016901605811627384,AIR,0.0,-1,1.6999318379263273,0.140513812303312,0.7996540757545249,UNLOADING,0.0074802113731865395,0.050150260538921826,0.014832443248804426,0.18849555921538763,1.0000000000000002,0.054831078535938715,0,ok,0.0,0.08408912098840113,FLAT,0.0,-1,0.0782686240609767,0.013841581875772425,0.12325640913494645,LOADING,0.045743874033392556,0.0173212385809749,0.037649230882253845,2.500000000000002,0.0030000000000000027,0.5999177928395574,0,staged_v3,0.2976103164037946,2,1.083701104698102,0.2967847972276659,2,0,0,0
v3_pelvis_proxy:v3_left_hand_proxy,134,0.8280029296875003,0.8000000000000007,0.5353044814714455,0.0,0.0013162983841259613,AIR,0.0,-1,1.66888736160593,0.16674752333795437,0.7268601857374333,UNLOADING,0.0064629716764676454,0.03253352585906508,0.028809483427806596,0.1009025175854632,0.5353044814714455,0.05483156822156417,0,ok,0.0,0.10581436489473907,FLAT,0.0,-1,0.06693264764583653,0.009218408028097296,0.1407796684304375,LOADING,0.054778669964650126,0.02575985533991062,0.006279128081611261,2.500000000000002,0.0040000000000000036,0.6039177928395574,1,staged_v3,0.2271533503597992,2,1.0936147159554646,0.2271533503597992,2,1,1,1
v3_pelvis_proxy:v3_left_hand_proxy,135,0.6895757838597281,1.0000000000000009,0.9999927411481865,0.0,0.0010251342123129236,AIR,0.0,-1,1.6071808775416874,0.11205213048618193,0.6747010843217225,UNLOADING,0.005587329300927996,0.051069218597299945,0.007665835618786188,0.18849419095405576,0.9999927411481865,0.04075276645304808,0,ok,0.0,0.11325696548143582,FLAT,0.0,-1,0.09130259058933354,0.045773467642341206,0.15266910024076272,LOADING,0.06301616126479728,0.0,0.038205436955061234,2.500000000000002,0.0050000000000000044,0.6089177928395574,0,staged_v3,0.1930948420946138,2,1.079244180026938,0.14258970946801486,2,0,0,0
v3_pelvis_proxy:v3_left_hand_proxy,136,0.4624543293234025,1.0000000000000009,0.9591451421556764,0.0,0.0007983753273025927,AIR,0.0,-1,1.6013458981151387,0.1148730716405981,0.6191044678485728,UNLOADING,0.00483258191438821,0.03688458091987776,0.01907064247255089,0.18079459993935665,0.9591451421556764,0.04270174365621822,0,ok,0.0,0.14268120435908643,FLAT,0.0,-1,0.048461684617790955,0.014767803514672568,0.16074941750459476,LOADING,0.07436198578573967,0.018269667360557174,0.0319439703356574,0.0,0.0050000000000000044,0.6139177928395574,0,staged_v3,0.2798785507453755,2,1.080336815399642,0.281712701655516,2,1,0,0
v3_pelvis_proxy:v3_left_hand_proxy,137,0.6230468750000003,1.0000000000000009,0.3068494972903416,0.0,0.0006217753300881484,AIR,0.0,-1,1.5871065906419999,0.13459144667111603,0.5610447642061992,UNLOADING,0.004181203288994124,0.005994964036236464,0.0470572741740735,0.057839767586703505,0.3068494972903416,0.040947950982442916,0,ok,0.0,0.14570833512593903,FLAT,0.0,-1,0.08710548144444516,0.0012741123421276266,0.16700025497560006,LOADING,0.08376458983015915,0.03207590040665238,0.02186350485351425,0.0,0.0050000000000000044,0.6189177928395574,1,staged_v3,0.20694762783771375,2,1.0668785462919628,0.20694762783771375,2,1,1,1
v3_pelvis_proxy:v3_left_hand_proxy,138,0.5268061312288783,0.8499999999999952,0.31655205459945923,0.0,0.0004842391139671312,AIR,0.0,-1,1.5072157434552218,0.10072907896942652,0.5194431686638035,UNLOADING,0.003617132021168834,0.019716419263546302,0.03125573916964387,0.05966865655250497,0.31655205459945923,0.04743574578079297,0,ok,0.0,0.19377893120387552,FLAT,0.0,-1,0.007468320936016815,0.0062694179950715904,0.17138471768054037,LOADING,0.09912530862153981,0.02729981788895543,0.0325990577669521,-1.875000000000071,0.004249999999999976,0.6231677928395574,0,staged_v3,0.1114569215180144,2,1.0673597017054113,0.11293539271859418,2,1,0,0
v3_pelvis_proxy:v3_left_hand_proxy,139,1.0000000000000004,1.0000000000000009,0.22084634739715203,0.0,0.00037712580115140506,AIR,0.0,-1,1.481883514355535,0.11417299910955853,0.48963432288784997,UNLOADING,0.0031278948845534435,0.021459797920671906,0.028021918223720594,0.04162855575330193,0.22084634739715203,0.04620965467902127,0,ok,0.0,0.20179879727241265,FLAT,0.0,-1,0.05149067457584363,0.020598769165349758,0.1741038969817894,LOADING,0.11263321494944135,0.014658948661522408,0.019046246187567065,1.875000000000071,0.0050000000000000044,0.6281677928395574,0,staged_v3,0.11109648420658108,2,1.06741512876113,0.11109648420658108,2,1,1,1
v3_torso_proxy:v3_left_forearm_proxy,140,0.8677199769495023,0.8000000000000007,0.241884507319827,0.0,0.00029370586925314517,AIR,0.0,-1,1.4439805592860833,0.09218870333900742,0.46827535155731403,UNLOADING,0.0027033628510564063,0.004820457545388138,0.043593310032477565,0.045594155472789305,0.241884507319827,0.04952912309039907,0,ok,0.0,0.15716106133862265,FLAT,0.0,-1,0.2160780452674604,0.004832074307827609,0.1453609221889681,LOADING,0.11696976886560179,0.027435971801620794,0.03520636924726376,-2.500000000000002,0.0040000000000000036,0.6321677928395574,0,staged_v3,0.10963852321173198,2,1.057463584855591,0.11068853000854106,2,1,0,0
v3_torso_proxy:v3_left_forearm_proxy,141,0.15197747551149576,0.6000000000000005,0.24707016888233627,0.0,0.0002287383609670171,AIR,0.0,-1,1.3767498555538307,0.0865095059159815,0.45297097983733714,UNLOADING,0.0023350433754016913,0.0,0.04870761272487198,0.04657162964891623,0.24707016888233627,0.05110456138190099,0,ok,0.0,0.12624541873728695,FLAT,0.0,-1,0.14144117582056628,0.008548771197754344,0.12127853588781891,LOADING,0.11610759605484212,0.022515155596636603,0.037427770841502964,-2.500000000000002,0.0030000000000000027,0.6351677928395574,0,staged_v3,0.11447570503467831,2,1.0593033024677903,0.116435884269972,2,1,0,0
v3_torso_proxy:v3_left_forearm_proxy,142,0.07214424122499415,0.40000000000000036,0.38962279096136737,0.0,0.0001781416146395826,FLAT,0.0,-1,1.2036485002328507,0.07547304186470487,0.4237819311339144,LOADING,0.0020161298099403506,0.0,0.052177188881019645,0.07344216586532301,0.38962279096136737,0.05255079729902036,0,ok,0.0,0.11288385260039115,FLAT,0.0,-1,0.12080970099521506,0.008611525602093602,0.09401599237202006,LOADING,0.11413093450063447,0.0210892740165074,0.03451855883766208,-2.500000000000002,0.0020000000000000018,0.6371677928395574,0,staged_v3,0.11071614399255224,2,1.0676401559082351,0.11137441438598498,2,1,0,0
v3_torso_proxy:v3_left_forearm_proxy,143,0.10348413452021245,0.20000000000000018,0.5000282985411896,0.0,0.00013873682897891138,FLAT,0.0,-1,1.1407922211376111,0.06254480213106045,0.40286706381204873,LOADING,0.0017399461699553838,0.0,0.051875684157552705,0.09425311375704032,0.5000282985411896,0.05878054174919396,0,ok,0.0,0.13833649608962895,FLAT,0.0,-1,0.05020747880307418,0.007745221072028786,0.10252368741006107,LOADING,0.11613549328193411,0.02238096329847427,0.03163683917779024,-2.500000000000002,0.0010000000000000009,0.6381677928395574,0,staged_v3,0.11329052829302547,2,1.0688070799101432,0.11498886429199345,2,1,0,0
v3_torso_proxy:v3_left_forearm_proxy,144,0.06387163602516648,0.0,0.50016108283819,0.0,0.00010804835104961976,FLAT,0.0,-1,1.1119716885367243,0.051320561288320125,0.3882366945387499,LOADING,0.0015008252908742937,0.0,0.051427097467985745,0.09427814300735843,0.50016108283819,0.06446953870265577,0,ok,0.0,0.15969205020304486,FLAT,0.0,-1,0.04475240924088309,0.005957041010430989,0.11233719960088684,LOADING,0.12125893312248939,0.024659818969613355,0.02925685102782725,-2.500000000000002,0.0,0.6381677928395574,0,staged_v3,0.11621194699736771,2,1.0720330280246129,0.1161431613193144,2,1,0,0
v3_torso_proxy:v3_left_forearm_proxy,145,0.10128381082836545,0.20000000000000018,1.0000000000000002,0.0,8.414814040701792e-05,FLAT,0.0,-1,0.8625264226725312,0.03995429697112473,0.3837548939296861,LOADING,0.001293829660708072,0.004233447725359579,0.04826529480528327,0.18849555921538763,1.0000000000000002,0.07274632114520245,0,ok,0.0,0.17562964785725896,FLAT,0.0,-1,0.04805762676652974,0.0043826880201269375,0.1288964938357232,LOADING,0.12760546690496263,0.02706213667165923,0.026364669978390244,-2.500000000000002,-0.0010000000000000009,0.6371677928395574,0,staged_v3,0.12149138997247887,2,1.0662030239363653,0.1202178811497381,2,0,0,0
v3_torso_proxy:v3_left_forearm_proxy,146,0.23339757713785514,0.35000000000000586,0.21677459390813375,0.0,6.553463764298808e-05,FLAT,0.0,-1,0.617214382751305,0.029596832154180387,0.3342910107387676,LOADING,0.001115229280233621,0.012117718382757998,0.04513421805109044,0.040861048302402225,0.21677459390813375,0.0719804651380404,0,ok,0.0,0.18944326841560252,FLAT,0.0,-1,0.04476272066316255,0.009563542678847809,0.15440143774308213,LOADING,0.1341229646042671,0.0231565292083063,0.02938165737979522,-1.875000000000071,-0.0017500000000000293,0.6354177928395573,0,staged_v3,0.1266627090261898,2,1.0680152294806378,0.1282364745915601,2,1,0,0
v3_torso_proxy:v3_left_forearm_proxy,147,0.03609813815746856,0.550000000000006,0.15365829467612294,0.0,5.1038427114659885e-05,FLAT,0.0,-1,0.1513637758818145,0.02521351893152127,0.2898541763747664,LOADING,0.0009610886296088003,0.014279189887217051,0.044734020492321516,0.028963906183058608,0.15365829467612294,0.07197879987944958,0,ok,0.0,0.20238767736194488,FLAT,0.0,-1,0.03973057087954313,0.0049831845722258,0.20493768099417312,LOADING,0.13948053490373188,0.03026369947748286,0.026273851939287197,-2.500000000000002,-0.00275000000000003,0.6326677928395573,0,staged_v3,0.12900944902377687,2,1.0645797010915412,0.12900944902377687,2,1,0,0
v3_torso_proxy:v3_left_forearm_proxy,148,0.20591880543264324,0.7500000000000062,0.9999720761771114,0.0,0.02319423170018111,FLAT,0.0,-1,0.06012702687675321,0.02016054635161607,0.25486398151507333,LOADING,0.004225442395865005,0.0175826527241376,0.04186458693597231,0.1884902956987768,0.9999720761771114,0.07061936234998982,0,ok,0.0,0.21391625514104115,FLAT,0.0,-1,0.034533052253732696,0.024362271890409973,0.28665108018002217,LOADING,0.14210381383034482,0.014970282118591138,0.04316698903544246,-2.500000000000002,-0.003750000000000031,0.6289177928395573,0,staged_v3,0.15260131968309137,2,1.0583111311946463,0.12230103762108518,2,0,0,0
v3_torso_proxy:v3_left_forearm_proxy,149,0.9999999999999999,0.550000000000006,0.9026937541868836,0.0,0.03508808143903151,FLAT,0.0,-1,0.09782301513022479,0.01786203820688132,0.22504093472721431,LOADING,0.008818719275533453,0.0193944608994992,0.01685758583686152,0.17015376399569426,0.9026937541868836,0.07061733073743404,0,ok,0.0,0.22518576261774043,FLAT,0.0,-1,0.032752919222979134,0.025919245008086452,0.3830153809009536,LOADING,0.14165129070818624,0.02310828551914705,0.02104248352590063,2.500000000000002,-0.00275000000000003,0.6261677928395573,0,staged_v3,0.15184496578351203,2,1.0523744373830002,0.15184496578351203,2,1,1,1
v3_torso_proxy:v3_left_forearm_proxy,150,0.8547137159066885,0.7500000000000062,0.32687261011018937,0.0,0.054084180557069234,FLAT,0.0,-1,0.06966957547997972,0.011782927967296988,0.20316149520467544,LOADING,0.015674246934061845,0.02337514679293679,0.034710857736831205,0.061614035434913506,0.32687261011018937,0.07059772620127697,0,ok,0.0,0.22873063037369373,FLAT,0.0,-1,0.039378406829090246,0.009078182783643626,0.4941846230882161,UNLOADING,0.13794331632326534,0.040631048370767184,0.02922648152605294,-2.500000000000002,-0.003750000000000031,0.6224177928395572,0,staged_v3,0.14485626911328023,2,1.0501383509598254,0.14604760063956004,2,1,0,0
v3_torso_proxy:v3_left_forearm_proxy,151,0.1736377747158752,0.550000000000006,0.21802158885823864,0.0,0.06806935934010683,FLAT,0.0,-1,0.0748973288871205,0.009539464918064094,0.1707136482189504,LOADING,0.02382919568229558,0.02399621749288343,0.03212211942599717,0.04109610131286101,0.21802158885823864,0.07048492927395522,0,ok,0.0,0.23063959043608048,FLAT,0.0,-1,0.046782213330464145,0.009630879471838081,0.6285931956133513,UNLOADING,0.13047443016978602,0.04679878030882949,0.02928145594417362,2.500000000000002,-0.00275000000000003,0.6196677928395572,0,staged_v3,0.12622622318145077,2,1.0521962528769424,0.1212843723252194,2,0,0,0
v3_torso_proxy:v3_left_forearm_proxy,152,0.019183854609791787,0.35000000000000586,0.13871791446015924,0.0,0.07569504834808194,FLAT,0.0,-1,0.08371824705349704,0.007662215702387565,0.15449221149757558,LOADING,0.031863507131710635,0.02506239487249122,0.029798919959170243,0.026147710859360018,0.13871791446015924,0.07014069597395406,0,ok,0.0,0.22651407254987854,FLAT,0.0,-1,0.06257557748504679,0.012908073730445956,0.7338753956968116,UNLOADING,0.1204467927064509,0.04878569605439463,0.030636764491273456,2.500000000000002,-0.0017500000000000293,0.6179177928395572,0,staged_v3,0.12503479411592242,2,1.0501376556169708,0.12048166474782314,2,0,0,0
v3_torso_proxy:v3_left_forearm_proxy,153,0.021948494955189423,0.15000000000000568,0.15588136814696923,0.0,0.08498184816750037,FLAT,0.0,-1,0.07397234494637422,0.006841944523900776,0.14286904418421909,LOADING,0.04005892025472874,0.02530150768531018,0.02858966348261279,0.029382945660122672,0.15588136814696923,0.07053131322465601,0,ok,0.0,0.20815482127491958,FLAT,0.0,-1,0.08915992281303234,0.01797121484945052,0.8093133885027053,UNLOADING,0.10891044196777783,0.04749445457568474,0.03255955698811016,2.500000000000002,-0.0007500000000000284,0.6171677928395571,0,staged_v3,0.12229619410723533,2,1.048918965387058,0.11807112846169508,2,0,0,0
v3_torso_proxy:v3_left_forearm_proxy,154,0.025328874566822077,0.04999999999999449,0.16657434819913303,0.0,0.09156362365289146,FLAT,0.0,-1,0.06911984914582375,0.007150244696392027,0.13454068087616133,LOADING,0.047896054480411565,0.024576789347416042,0.028523727581114527,0.03139852491473427,0.16657434819913303,0.0712216976918837,0,ok,0.0,0.1758486921574293,FLAT,0.0,-1,0.10925001197723769,0.024523093423244338,0.8633670723549685,UNLOADING,0.09678419620552664,0.043645260194504085,0.03541059111495755,2.500000000000002,0.00024999999999997247,0.6174177928395571,0,staged_v3,0.11885352303494304,2,1.0478509503933746,0.11602064119249021,2,0,0,0
v3_torso_proxy:v3_left_forearm_proxy,155,0.03312796949239361,0.24999999999999467,0.2187549611656367,0.0,0.09591161228620387,FLAT,0.0,-1,0.0726729609435809,0.007233876660467084,0.12857314780010407,LOADING,0.05503283446112595,0.024194780729538123,0.028727241100834935,0.041234338736057086,0.2187549611656367,0.07302852668186673,0,ok,0.0,0.13695109915428835,FLAT,0.0,-1,0.19881913004543803,0.03424746368503495,0.9020982292869718,UNLOADING,0.08487327604878003,0.03585744777931364,0.037283785747458,2.500000000000002,0.0012499999999999734,0.6186677928395571,0,staged_v3,0.11532343390446993,2,1.0465448145421945,0.11581535130759006,2,0,0,0
v3_torso_proxy:v3_left_forearm_proxy,156,0.09526273372967607,0.24999999999999467,0.2531707780351017,0.0,0.09844276127259291,FLAT,0.0,-1,0.06815558713311701,0.008128379333537602,0.12429722350422431,LOADING,0.06126758744336485,0.023086481841673615,0.029372208898926503,0.047721567382721264,0.2531707780351017,0.07041040271997469,0,ok,0.0,0.10665762326384938,FLAT,0.0,-1,0.21832004862666385,0.046234796537220915,0.9147663339741099,UNLOADING,0.0740472109332952,0.029402624916753856,0.04133569178195165,0.0,0.0012499999999999734,0.6199177928395571,0,staged_v3,0.11333327476290485,2,1.048944383564906,0.1116639624366756,2,1,0,0
v3_torso_proxy:v3_left_forearm_proxy,157,0.04894427295637416,0.24999999999999467,0.41619120610311067,0.0,0.10265040663909925,FLAT,0.0,-1,0.05369007873993366,0.009291898365667836,0.12123338986458326,LOADING,0.06705521992894455,0.02176977112756133,0.029134359512248874,0.07845019413493248,0.41619120610311067,0.07012115963645003,0,ok,0.0,0.08306504051842079,FLAT,0.0,-1,0.30443367648614295,0.05562539792233645,0.8831212374057957,UNLOADING,0.06485597210720023,0.026455164253954985,0.042700897616334804,0.0,0.0012499999999999734,0.621167792839557,0,staged_v3,0.11441971943562246,2,1.069281961661295,0.11513869682392594,2,1,0,0
v3_torso_proxy:v3_left_forearm_proxy,158,0.06640716035012313,0.14999999999998348,0.2654698333704966,0.0,0.07994421707312863,FLAT,0.0,-1,0.177388732792363,0.009900303147886168,0.1190380571313912,LOADING,0.06772973850192628,0.021051599708683394,0.02623788538288958,0.050039884695987524,0.2654698333704966,0.06884202303353949,0,ok,0.0,0.06469111860160408,AIR,0.0,-1,0.8888987611727649,0.06601549779653106,0.8212158711245796,UNLOADING,0.0572430825611951,0.023483202712006913,0.04257759084422207,-1.2500000000001399,0.0007499999999999174,0.621917792839557,0,staged_v3,0.11247254702434087,2,1.0486958267824995,0.1142064787191183,2,1,0,0
v3_torso_proxy:v3_left_forearm_proxy,159,0.04406050322901997,2.220446049250313e-14,0.408045438674887,0.0,0.06226061885858295,FLAT,0.0,-1,0.2269777129286265,0.01057513836014667,0.09288268464710425,LOADING,0.06612230234896647,0.019068995872208543,0.021740246051887197,0.07691475314831098,0.408045438674887,0.07055440437122393,0,ok,0.0,0.05038149382469438,AIR,0.0,-1,1.1746565818849295,0.077673419192264,0.7500697704586338,UNLOADING,0.050864336240487626,0.020687417604697084,0.04181607091823461,-1.875000000000071,-1.1102230246251565e-16,0.6219177928395568,0,staged_v3,0.1153170973225993,2,1.0027607871957065,0.11653937720692523,2,1,0,0
v3_torso_proxy:v3_left_forearm_proxy,160,0.08246583652768243,0.017013970733303907,0.18393179936025308,0.0,0.0957155875742757,FLAT,0.0,-1,0.02809411268864448,0.010289137635710283,0.07421558200448572,LOADING,0.07062024178628308,0.018421641464514003,0.020001800283031432,0.034670327377903376,0.18393179936025308,0.07257192565088928,0,ok,0.0,0.03923714684297913,AIR,0.0,-1,1.3444413431628255,0.07543476934641498,0.676279891541358,UNLOADING,0.04541255298207752,0.018083727834922063,0.04073026674214584,-0.21267463416602128,-8.506985366651953e-05,0.6218327229858903,0,staged_v3,0.11516399541701357,2,1.004903217392669,0.11641523757502746,2,1,0,0
v3_torso_proxy:v3_left_forearm_proxy,161,0.08271594301238329,0.18298602926669627,0.15991943981184734,0.0,0.11895864423562401,FLAT,0.0,-1,0.03277430066159149,0.010900510990661527,0.08209595545862838,LOADING,0.07833471756443394,0.018204286782269895,0.019012826407738825,0.030144104236745684,0.15991943981184734,0.07481868638330082,0,ok,0.0,0.03055792068679985,AIR,0.0,-1,1.4169744627786038,0.07263205586051731,0.6020127454774024,UNLOADING,0.04066242583578913,0.014532464324488424,0.0405681729493817,2.500000000000002,0.0009149301463334814,0.6227476531322238,0,staged_v3,0.11501564658068253,2,1.0061520608007648,0.11632943560507823,2,1,0,0
v3_torso_proxy:v3_left_forearm_proxy,162,0.09186461644103582,0.38298602926669645,0.13862819626699163,0.0,0.13675641102456465,FLAT,0.0,-1,0.039110096128662945,0.012376957934437608,0.10938929994652202,LOADING,0.0870271186434249,0.018092507062888494,0.018613850236910954,0.026130799378367098,0.13862819626699163,0.07724116378171324,0,ok,0.0,0.023798532559913606,AIR,0.0,-1,1.5630496959197722,0.06793109932680508,0.5305750227982219,UNLOADING,0.03644945437415828,0.010292098779706271,0.04123665236020482,2.500000000000002,0.0019149301463334822,0.6246625832785573,0,staged_v3,0.11504847917101722,2,1.0065084355259588,0.11639233872103542,2,1,0,0
v3_torso_proxy:v3_left_forearm_proxy,163,0.09297356651460084,0.5829860292666966,0.1372472455775583,0.0,0.15139063431659594,FLAT,0.0,-1,0.038090348774252415,0.014660630258856933,0.12824065897337117,LOADING,0.09601693483662772,0.016751402689811627,0.019190831466735742,0.025870496305913482,0.1372472455775583,0.07972004102963366,0,ok,0.0,0.01853431579361104,AIR,0.0,-1,1.6452315587415882,0.06327235589791902,0.4793876577425018,UNLOADING,0.03262084568605738,0.006056099163536589,0.042913283723588505,2.500000000000002,0.002914930146333483,0.6275775134248908,0,staged_v3,0.11492147836501607,2,1.0075693137570585,0.1163022276913255,2,1,0,0
v3_torso_proxy:v3_left_forearm_proxy,164,0.09304852939245765,0.5371436963045095,0.13574013102407584,0.0,0.1608113130736068,FLAT,0.0,-1,0.039747489498755804,0.016685735351276383,0.1421571290831034,LOADING,0.10440371556589792,0.015422121102878793,0.019615158690237396,0.025586411905353157,0.13574013102407584,0.08219443467416426,0,ok,0.0,0.014434539653756986,AIR,0.0,-1,1.6923701511388431,0.05839266141975802,0.44271030797430766,UNLOADING,0.029109899182074166,0.0022835299598172737,0.04485198543889811,-0.5730291620273387,0.0026857184815225477,0.6302632319064133,0,staged_v3,0.11496453825971648,2,1.008710758685314,0.11633829436632781,2,1,0,0
v3_torso_proxy:v3_left_forearm_proxy,165,0.0910577462229663,0.38714369630450385,0.19414416098808174,0.0,0.168953208494365,FLAT,0.0,-1,0.0411563148407656,0.01837265226863056,0.15329229685875845,LOADING,0.11213376907323976,0.014291962574307364,0.01958834665668262,0.036595312193850704,0.19414416098808174,0.08462240553605099,0,ok,0.0,0.011241630785621185,AIR,0.0,-1,1.7547597849164784,0.05130357055416498,0.41642983847653026,UNLOADING,0.02588852505511388,3.98473072115782e-05,0.045781644616614936,-1.875000000000071,0.0019357184815225192,0.6321989503879358,0,staged_v3,0.1157791901780174,2,1.011600342967061,0.11632867800304685,2,1,0,0
v3_pelvis_proxy:v3_left_hand_proxy,166,0.08512253802447706,0.38714369630450385,0.5001393980250607,0.0,0.17947832793850899,FLAT,0.0,-1,0.025431624705175394,0.018510224668568897,0.16631011961458536,LOADING,0.11963286840875777,0.014805281312160374,0.01985616438920952,0.09427405551638113,0.5001393980250607,0.09282866184653835,0,ok,0.0,0.008754990858841391,AIR,0.0,-1,1.7432562754326453,0.04322939532204284,0.3975990592247933,UNLOADING,0.02294359500864681,0.0016505576391968313,0.04719570582260825,0.0,0.0019357184815225192,0.6341346688694584,0,staged_v3,0.12359806954516554,2,1.0284203900890845,0.12361795689270898,2,1,0,0
v3_torso_proxy:v3_left_forearm_proxy,167,0.09027485126355324,0.587143696304504,1.0,0.0,0.1844892350099561,FLAT,0.0,-1,0.01904507915100624,0.01750056880896327,0.18145748747834864,LOADING,0.1259087511186556,0.016572305564954166,0.022955724612237598,0.1884955592153876,1.0,0.10040411618347325,0,ok,0.0,0.006818393736648667,AIR,0.0,-1,1.7055973440225067,0.03518993874996813,0.38410621628842057,UNLOADING,0.02026585376702582,0.009015372064452895,0.052014301745827496,2.500000000000002,0.00293571848152252,0.6370703873509809,0,staged_v3,0.13023194045371883,2,1.0520816352047706,0.13029110304350003,2,0,0,0
v3_torso_proxy:v3_left_forearm_proxy,168,0.2050614526331878,0.7871436963045042,0.9254192133660477,0.0,0.16330039312376704,FLAT,0.0,-1,0.050669257342828865,0.023054695855090193,0.1778804711307734,LOADING,0.12757748934673865,0.010839327701448478,0.026554007058769733,0.17443741213209726,0.9254192133660477,0.09709879286523604,0,ok,0.0,0.005310170381391145,AIR,0.0,-1,1.7092431255356713,0.03274060513752889,0.37443817185585515,UNLOADING,0.017845280356242124,0.010981303455263873,0.0589312361457532,2.500000000000002,0.003935718481522521,0.6410061058325034,0,staged_v3,0.1318697571114553,2,1.0514743774888828,0.1319317705919992,2,0,0,0
v3_torso_proxy:v3_left_forearm_proxy,169,0.22319353842483958,0.587143696304504,0.636935638644063,0.0,0.13612966610213736,FLAT,0.0,-1,0.03883425258597193,0.03067137971279638,0.1657734924497282,LOADING,0.1255754160009718,0.004184211125287295,0.02910446349719912,0.12005953939042269,0.636935638644063,0.09414453605575254,0,ok,0.0,0.004135564851270005,AIR,0.0,-1,1.7341496549576019,0.03163264285894241,0.36751071530790336,UNLOADING,0.015669626084575755,0.011742892906452758,0.06557232167841606,-2.500000000000002,0.00293571848152252,0.6439418243140259,0,staged_v3,0.12966169761602162,2,1.0515651594507383,0.12972336655468739,2,0,0,0
v3_torso_proxy:v3_left_forearm_proxy,170,0.10946199292447986,0.38714369630450385,0.3624338461606258,0.0,0.12899319715746785,FLAT,0.0,-1,0.04938860292364643,0.03438090398878972,0.16868032744638636,LOADING,0.12295529691834581,0.002028390852254071,0.03140562552006525,0.06831717051063092,0.3624338461606258,0.09139672803996016,0,ok,0.0,0.0032207811446116575,AIR,0.0,-1,1.7528572797790163,0.030131973171097382,0.36254697578865647,UNLOADING,0.0137244075983443,0.012995375618335438,0.06887431718851736,-2.500000000000002,0.0019357184815225192,0.6458775427955484,0,staged_v3,0.12705055636208235,2,1.0552122535622912,0.12711892014756784,2,0,0,0
v3_torso_proxy:v3_left_forearm_proxy,171,0.09866332145702886,0.18714369630450367,0.3038087785616493,0.0,0.12187934561049364,FLAT,0.0,-1,0.05999729977026802,0.0374000343275076,0.1843906867653594,LOADING,0.11959110155441957,0.0012656456823376336,0.03295388865593034,0.057266605609521945,0.3038087785616493,0.08869162189840511,0,ok,0.0,0.0025083468775251748,AIR,0.0,-1,1.6606802624314998,0.02846918578092048,0.3653307619410139,UNLOADING,0.011991202313087477,0.014797352316130215,0.07226844444529887,-2.500000000000002,0.0009357184815225184,0.646813261277071,0,staged_v3,0.12367656333167527,2,1.0587354602874357,0.12374969428245076,2,0,0,0
v3_torso_proxy:v3_left_forearm_proxy,172,0.07987343931646101,0.012856303695496507,0.26785533687379554,0.0,0.11386114441409775,FLAT,0.0,-1,0.07078083125146188,0.04016236700120571,0.2011743989701678,LOADING,0.1155002580638648,0.0010155197225654097,0.03404320022594298,0.05048954151285212,0.26785533687379554,0.0854591061696748,0,ok,0.0,0.0019535025124313194,AIR,0.0,-1,1.4916044621333409,0.02660401075520651,0.3839454061411755,UNLOADING,0.010450096867917561,0.01759325955185227,0.07591724668879236,-2.500000000000002,-6.428151847748254e-05,0.6467489797585935,0,staged_v3,0.11995103394574244,2,1.0620141640725662,0.11963577172889768,2,0,0,0
v3_torso_proxy:v3_left_forearm_proxy,173,0.09598843974385982,0.21285630369549668,0.24880507903928356,0.0,0.11354191698573844,FLAT,0.0,-1,0.06195020518002717,0.04322363808010671,0.2326863967665629,LOADING,0.1114462579747925,0.0009459843579432414,0.03568833548038491,0.046898652509138467,0.24880507903928356,0.08209998696837885,0,ok,0.0,0.0015213892864134684,AIR,0.0,-1,1.2119410096170158,0.02486239754379335,0.4041628885389135,UNLOADING,0.009086725915047117,0.02034574688315233,0.07651459870976106,-2.500000000000002,-0.0010642815184774834,0.645684698240116,0,staged_v3,0.12316748358940992,2,1.0642403570315393,0.12289898056619825,2,0,0,0
v3_torso_proxy:v3_left_forearm_proxy,174,0.10608180388032072,0.41285630369549686,0.23877470976215942,0.0,0.11225489299247521,FLAT,0.0,-1,0.07266850857896938,0.0460317705530279,0.25596754204728867,LOADING,0.10745697597130928,0.000505813548549193,0.037292563553815244,0.04500797244311011,0.23877470976215942,0.07882714600324486,0,ok,0.0,0.0011848591676152551,AIR,0.0,-1,1.0669600214271937,0.022608192373623655,0.42388489617625924,UNLOADING,0.007886138678949982,0.023586052435189308,0.0748948661484616,-2.500000000000002,-0.0020642815184774843,0.6436204167216385,0,staged_v3,0.12745612630213488,2,1.0657792253185345,0.1273342899275521,2,0,0,0
v3_torso_proxy:v3_left_forearm_proxy,175,0.20254467467817217,0.612856303695497,1.0,0.0,0.11254022940228721,FLAT,0.0,-1,0.06697628658643179,0.04999321204022135,0.27119584636419625,LOADING,0.10382309178105269,0.0,0.04011758176926458,0.1884955592153876,1.0,0.07676284969461113,0,ok,0.0,0.0009227692475680937,FLAT,0.0,-1,0.6425408094319405,0.011145708699398342,0.43668108925383886,LOADING,0.006833806491587144,0.035688345763293605,0.06093245915957225,-2.500000000000002,-0.003064281518477485,0.640556135203161,0,staged_v3,0.1351778594140708,2,1.0664109944812294,0.1353527163779144,2,0,0,0
v3_torso_proxy:v3_left_forearm_proxy,176,0.1256734950117098,0.8128563036954972,0.819928813424928,0.0,0.10311205085596797,FLAT,0.0,-1,0.09832078692631654,0.05194456046073924,0.30804652966843277,LOADING,0.09918389887272974,0.0,0.040695121175454055,0.154552940203341,0.819928813424928,0.07414187609216634,0,ok,0.0,0.0007186534126002425,FLAT,0.0,-1,0.5343604516133346,0.008418593306741964,0.40232152029416934,LOADING,0.005918908946943026,0.03669748270796651,0.05614369524924147,-2.500000000000002,-0.004064281518477486,0.6364918536846835,0,staged_v3,0.14255732937517562,2,1.066883423954242,0.1426032339697052,2,0,0,0
v3_torso_proxy:v3_left_forearm_proxy,177,0.6752217671518206,1.0000000000000009,0.9999962218121987,0.0,0.08482008581509201,FLAT,0.0,-1,0.1325080493569191,0.037152830085900805,0.33190326712486995,LOADING,0.09311020220737566,0.016925567580589326,0.024669595775654172,0.18849484704376518,0.9999962218121987,0.05912047884878302,0,ok,0.0,0.0005596878404900063,FLAT,0.0,-1,0.22385174474379,0.04364823659499036,0.34960218316252156,LOADING,0.00512535334731762,0.0,0.08877532079465454,-2.339296203806296,-0.0050000000000000044,0.6314918536846835,0,staged_v3,0.15232148520806735,2,1.0684617496962554,0.15052330210203024,2,0,0,0
v3_torso_proxy:v3_left_forearm_proxy,178,0.48506517664361026,1.0000000000000009,0.5911528120358042,0.0,0.06605794925297742,FLAT,0.0,-1,0.18144332144966885,0.053614422466041416,0.3609440054747921,LOADING,0.08583942024291588,0.005391144282675744,0.037656055991063864,0.11142967988643782,0.5911528120358042,0.05962729617988499,0,ok,0.0,0.018260807399606567,FLAT,0.0,-1,0.08990433805271691,0.009106453278245701,0.3445354298007597,LOADING,0.006494145132588941,0.03312031821179229,0.06123064109619438,0.0,-0.0050000000000000044,0.6264918536846835,0,staged_v3,0.18961127525378074,2,1.0668746555699686,0.19161014371494547,2,1,0,0
v3_torso_proxy:v3_left_forearm_proxy,179,0.13906351444641102,1.0000000000000009,0.20721872230189517,0.0,0.05144598260630994,FLAT,0.0,-1,0.17476238361034757,0.056873750812292644,0.3833464478749443,LOADING,0.07810869562489145,0.007310891260066656,0.03685643113368056,0.03905980894019384,0.20721872230189517,0.061069302570438966,0,ok,0.0,0.04263258350779684,FLAT,0.0,-1,0.07260777568671631,0.006010883415051779,0.3591993756624504,LOADING,0.01065911333185494,0.03694908536807075,0.0564551493874758,0.0,-0.0050000000000000044,0.6214918536846835,0,staged_v3,0.16245558289197876,2,1.067225918433286,0.16240778598195127,2,0,0,0
v3_torso_proxy:v3_left_forearm_proxy,180,0.751535506749162,1.0000000000000009,0.9999998043700646,0.0,0.040066171539672055,FLAT,0.0,-1,0.3077913221813315,0.05341571875898415,0.41548841690485716,LOADING,0.07029590215779485,0.033502767460539665,0.012271653384703193,0.18849552234001354,0.9999998043700646,0.04758873089907119,0,ok,0.0,0.07395145068764614,FLAT,0.0,-1,0.05029785056282582,0.05573864005205871,0.37139414052249475,LOADING,0.017824553709307182,0.0,0.08303972037928418,0.0,-0.0050000000000000044,0.6164918536846835,0,staged_v3,0.17453179197177587,2,1.0612949835552892,0.15955255573225577,2,0,0,0
v3_torso_proxy:v3_left_forearm_proxy,181,0.5932411276640089,1.0000000000000009,0.9690584532021328,0.0,0.03120356576976983,FLAT,0.0,-1,0.2801398263282679,0.06769267713420556,0.4536801540956745,UNLOADING,0.06268893431282503,0.018652250331703202,0.02903175737308053,0.18266321504873453,0.9690584532021328,0.053880347804475925,0,ok,0.0,0.1052372405868706,FLAT,0.0,-1,0.0593830176661046,0.022113163594112573,0.38136893678066536,LOADING,0.02728024817435068,0.021955283244920697,0.061231143879395954,0.0,-0.0050000000000000044,0.6114918536846835,0,staged_v3,0.2615371990407003,2,1.0644925149914424,0.2602082036718103,2,0,0,0
v3_torso_proxy:v3_left_forearm_proxy,182,0.96807861328125,0.8000000000000007,0.9680763560967941,0.0,0.02430136145611683,FLAT,0.0,-1,0.2623659956483209,0.08780318004267235,0.5047070530078264,UNLOADING,0.05545284268692462,0.04333147748826688,0.006903875162124439,0.1824780941056599,0.9680763560967941,0.03499976387558355,0,ok,0.0,0.13168599514503354,FLAT,0.0,-1,0.06759349984534259,0.005443966260315185,0.36087306499701566,LOADING,0.038657011831453175,0.03759968698953559,0.027196300710128556,2.500000000000002,-0.0040000000000000036,0.6074918536846835,1,staged_v3,0.30878221091594305,2,1.0591550391951712,0.28613893283036307,2,0,1,1
v3_torso_proxy:v3_left_forearm_proxy,183,0.0,0.0,0.0,0.0,0.018925919331725043,FLAT,0.0,-1,0.2890327005904799,0.08780318004267235,0.5699830942213064,UNLOADING,0.048693645913084754,0.04659527954894088,0.006903875162124439,0.0,0.0,0.03499976387558355,0,ok,0.0,0.14755903144782978,FLAT,0.0,-1,0.0647422117663498,0.005443966260315185,0.345993691422776,LOADING,0.05022651695604768,0.03685571831082361,0.027196300710128556,10.000000000000009,0.0,0.6074918536846835,1,staged_v3,0.21784492954835907,2,1.0401226016840797,0.21784492954835907,2,1,1,1
v3_torso_proxy:v3_left_forearm_proxy,184,0.7126565094659003,0.20000000000000018,0.9999995574624821,0.0,0.014739520795893702,FLAT,0.0,-1,0.27511283720251994,0.12130738136734234,0.6430426972048956,UNLOADING,0.0424890364380433,0.023892857330457644,0.03325927752978714,0.1884954757990307,0.9999995574624821,0.044224623961735404,0,ok,0.0,0.15742267893819306,FLAT,0.0,-1,0.06057620772549619,0.02023259897580813,0.33485458576163263,LOADING,0.06112300816340973,0.021510130312273504,0.05878500386425342,-2.500000000000002,-0.0010000000000000009,0.6064918536846835,0,staged_v3,0.17729456589704762,2,1.055773300537745,0.1791291801679308,2,0,0,0
v3_torso_proxy:v3_left_forearm_proxy,185,1.0000000000000002,0.0,0.8493751907861002,0.0,0.011479150337939273,FLAT,0.0,-1,0.4428798690212771,0.1946181600643514,0.7241564919916319,UNLOADING,0.03687152396091892,0.0,0.0619959412753847,0.1601034515709025,0.8493751907861002,0.04423200805917987,0,ok,0.0,0.12260090563026312,FLAT,0.0,-1,0.3110668791310562,0.01339775728561993,0.29193934660674514,LOADING,0.06626018200016157,0.031010874425729355,0.008586092904607906,2.500000000000002,0.0,0.6064918536846835,0,staged_v3,0.17931420704475426,2,1.0052094147550055,0.17931420704475426,2,1,1,1
v3_torso_proxy:v3_left_forearm_proxy,186,0.9999999999999999,0.20000000000000018,1.0,0.0,0.008939971272181487,FLAT,0.0,-1,0.6586872641149804,0.1637414652309852,0.8023494896934925,UNLOADING,0.03185659052136938,0.045872847669012465,0.019244626815662167,0.1884955592153876,1.0,0.03703108893961185,0,ok,0.0,0.09548168131011232,FLAT,0.0,-1,0.2046515580522626,0.06520674634139176,0.22159298815521963,LOADING,0.06787286764703328,0.0,0.04071515700329172,2.500000000000002,0.0010000000000000009,0.6074918536846835,0,staged_v3,0.22053520761279277,2,0.9819334349316495,0.19780799822891734,2,0,1,1
v3_torso_proxy:v3_left_forearm_proxy,187,0.57269287109375,0.40000000000000036,0.57269287109375,0.0,0.006962456627410806,FLAT,0.0,-1,1.0837758786817215,0.24226707035777972,0.853086874130863,UNLOADING,0.027451774199296786,0.0,0.08578194188347497,0.1079500629954823,0.57269287109375,0.03496658630571148,0,ok,0.0,0.11160596451353055,FLAT,0.0,-1,0.07052887800252695,0.002450756491973621,0.17066570641636786,LOADING,0.07281002486553638,0.031082528828844776,0.020189325051765513,2.500000000000002,0.0020000000000000018,0.6094918536846835,1,staged_v3,0.353628282038515,2,0.9997003253268627,0.35460198415915084,2,1,1,1
v3_torso_proxy:v3_left_forearm_proxy,188,0.999620322288677,0.40000000000000036,1.0000000000000002,0.0,0.0054223666735282285,FLAT,0.0,-1,1.4126187514328614,0.1715414665167506,0.8816933641131979,UNLOADING,0.023621735307924364,0.04075510964639747,0.028329558559262426,0.18849555921538763,1.0000000000000002,0.04714602434724846,0,ok,0.0,0.12739530972514515,FLAT,0.0,-1,0.0554927331801061,0.009007147509725557,0.13402852937329499,LOADING,0.08031216063515481,0.022694278958939194,0.017590184126717607,0.0,0.0020000000000000018,0.6114918536846835,0,staged_v3,0.24490343520393978,2,1.055705449415567,0.246156081828292,2,1,0,0
v3_torso_proxy:v3_left_forearm_proxy,189,0.5209285842180841,0.6000000000000005,0.7429273257241266,0.0,0.004222943411444073,AIR,0.0,-1,1.5570762067237833,0.19834833539568897,0.8911727453381142,UNLOADING,0.020312854740800877,0.022313274468213774,0.04724536279869194,0.14003850171876164,0.7429273257241266,0.047150817995681646,0,ok,0.0,0.1303846849055654,FLAT,0.0,-1,0.0668767842347236,0.022778647451439295,0.10718350720545931,LOADING,0.08753164792642548,0.016282074932950412,0.014077100427322554,2.500000000000002,0.0030000000000000027,0.6144918536846835,0,staged_v3,0.15244764131860794,2,1.076235737018491,0.15244764131860794,2,1,1,1
v3_torso_proxy:v3_left_forearm_proxy,190,0.9999999999999999,0.8000000000000007,0.7037183176485635,0.0,0.003288831635698874,AIR,0.0,-1,1.6550143451357253,0.17769299491196772,0.8915032546489994,UNLOADING,0.01746199371046943,0.025421901888617766,0.044153260843832205,0.13264777781527776,0.7037183176485635,0.06252311436840494,0,ok,0.0,0.13813312541373346,FLAT,0.0,-1,0.05699891387412505,0.024925266190761488,0.0878532347188416,LOADING,0.09522485504600309,0.004467395545180594,0.03577392648858534,2.500000000000002,0.0040000000000000036,0.6184918536846835,0,staged_v3,0.13110689805050163,2,1.078243662595573,0.12799750728773876,2,0,0,0
v3_torso_proxy:v3_left_forearm_proxy,191,0.45049964800872505,0.649999999999995,0.38511094832643195,0.0,0.0025613446532722923,AIR,0.0,-1,1.6549802157504796,0.1567357631659541,0.8664789250245593,UNLOADING,0.015016279393472012,0.031725866325407755,0.03659807992582021,0.07259170356475902,0.38511094832643195,0.06399165205778264,0,ok,0.0,0.14528716095937252,FLAT,0.0,-1,0.05113213306732169,0.012399664904764119,0.07375439292586079,LOADING,0.1030942029573809,0.01628805474152892,0.040422180148589566,-1.875000000000071,0.003249999999999975,0.6217418536846835,0,staged_v3,0.11936199946071814,2,1.0925042897083894,0.12113144647136988,2,1,0,0
v3_torso_proxy:v3_left_forearm_proxy,192,0.19859913417642985,0.649999999999995,0.4321198235366194,0.0,0.001994777221684217,AIR,0.0,-1,1.684119165607743,0.14694314565457645,0.8271966997329667,UNLOADING,0.01292034006400523,0.03307679224381744,0.0332830427428309,0.08145266778558968,0.4321198235366194,0.06966549216167363,0,ok,0.0,0.14867943925955485,FLAT,0.0,-1,0.05931053555398338,0.005971160505384012,0.06366173941640285,LOADING,0.11031821187407195,0.02221192646543613,0.03658937293140787,0.0,0.003249999999999975,0.6249918536846835,0,staged_v3,0.12662693644039352,2,1.0957260381095693,0.12837978704078434,2,1,0,0
v3_torso_proxy:v3_left_forearm_proxy,193,0.21874108993881183,0.44999999999999485,0.8387573691233815,0.0,0.0015535340623006697,AIR,0.0,-1,1.7336455093926544,0.13628211822079356,0.7753235444424594,UNLOADING,0.011124440415819573,0.03202146871717756,0.03174470850494541,0.15810203933893907,0.8387573691233815,0.07778203531105293,0,ok,0.0,0.15781659234469267,FLAT,0.0,-1,0.04783416298484804,0.012825104829785692,0.05678146355989791,LOADING,0.11802567655072262,0.015013968348209204,0.04502344529471407,-2.500000000000002,0.0022499999999999742,0.6272418536846834,0,staged_v3,0.1367940095691751,2,1.0894419056710525,0.13815716864379274,2,0,0,0
v3_torso_proxy:v3_left_forearm_proxy,194,0.07377782333743356,0.24999999999999467,0.5910691256503733,0.0,0.0012098935442478624,FLAT,0.0,-1,1.7509208570225754,0.12898769665529966,0.714387762444363,UNLOADING,0.00958460041389917,0.027434092725934202,0.03328529539628395,0.11141390537441731,0.5910691256503733,0.08085656108544488,0,ok,0.0,0.1667522389010045,FLAT,0.0,-1,0.04284923645890385,0.005315447256143819,0.05221703112180172,LOADING,0.12602952765111422,0.02229540429994627,0.03989878009091842,-2.500000000000002,0.0012499999999999734,0.6284918536846834,1,staged_v3,0.14792386854245299,2,1.0771036653327228,0.14832515875493194,2,0,0,0
v3_torso_proxy:v3_left_forearm_proxy,195,1.0,0.44999999999999485,0.48883915668170663,0.0,0.0009422660396932726,FLAT,0.0,-1,1.7741687516330273,0.1296877162443214,0.6475412153361084,UNLOADING,0.00826281606093934,0.02339046592230727,0.033986594844498154,0.09214401020509677,0.48883915668170663,0.08020723460722282,0,ok,0.0,0.16242697572365486,FLAT,0.0,-1,0.06593904818858015,0.02125992536245914,0.047860304120498125,LOADING,0.13175425637452098,0.009352100911087093,0.018040914294937815,2.500000000000002,0.0022499999999999742,0.6307418536846834,0,staged_v3,0.15603747212187485,2,1.07453699546966,0.1570163665724677,2,1,1,1
v3_torso_proxy:v3_left_forearm_proxy,196,0.9697438125916631,0.44999999999999485,0.9300852042624775,0.0,0.0007338375295747122,FLAT,0.0,-1,1.735377320832469,0.09979873040740216,0.5814205841518991,UNLOADING,0.007126295092870405,0.03033858776453122,0.023732441443063742,0.1753169306954137,0.9300852042624775,0.07566446350797408,0,ok,0.0,0.1598313118080363,FLAT,0.0,-1,0.060095307568942886,0.04343266629168946,0.04397840727007675,LOADING,0.13596384215618315,0.0,0.04902176298430259,0.0,0.0022499999999999742,0.6329918536846834,0,staged_v3,0.15729493868796174,2,1.0676397500591939,0.15852018868059203,2,1,0,0
v3_torso_proxy:v3_left_forearm_proxy,197,0.17750804621835956,0.649999999999995,0.7868797783475091,0.0,0.0005715132426799711,FLAT,0.0,-1,1.6803510544030023,0.06371174576975844,0.5158200944561121,UNLOADING,0.0061477836835829,0.04510902011366552,0.005681984609140083,0.14832334385489399,0.7868797783475091,0.06822170432484606,0,ok,0.0,0.15930466016277908,FLAT,0.0,-1,0.05367553076229667,0.039725550758699935,0.040924496936587104,LOADING,0.1393281131421392,0.0,0.036591615787701766,2.500000000000002,0.003249999999999975,0.6362418536846833,0,staged_v3,0.20396272842182225,2,1.0415355229841932,0.1916351318630675,2,0,0,0
v3_torso_proxy:v3_left_forearm_proxy,198,0.6543958187657484,0.44999999999999485,0.6599095336973004,0.0,0.00044509496093483934,AIR,0.0,-1,1.5935136232873712,0.08767546111925925,0.46881528960010754,UNLOADING,0.005303304248488861,0.003620307163643019,0.04482045731636236,0.12439001658583831,0.6599095336973004,0.07053339374763337,0,ok,0.0,0.15905789462193398,FLAT,0.0,-1,0.05437262866070086,0.010245792647334957,0.037921623004799704,LOADING,0.14206772273494012,0.01665028850290503,0.039612542012317106,-2.500000000000002,0.0022499999999999742,0.6384918536846833,0,staged_v3,0.19130680832660202,2,1.05301555916126,0.19224365780084993,2,1,0,0
v3_torso_proxy:v3_left_forearm_proxy,199,0.20999029651540377,0.24999999999999467,0.8093967639204496,0.0,0.0003466403041171892,AIR,0.0,-1,1.541276525421792,0.08058652477830834,0.43513487517336935,UNLOADING,0.004573661501369752,0.0,0.04881684184707888,0.1525676956423102,0.8093967639204496,0.07977476939877337,0,ok,0.0,0.1576678509172981,FLAT,0.0,-1,0.05521191423456272,0.005693673625136907,0.03531698673013224,LOADING,0.14407407769168878,0.021072175711369705,0.035731482577296116,-2.500000000000002,0.0012499999999999734,0.6397418536846833,1,staged_v3,0.17153753691365722,2,1.0499772637568867,0.17151189805508976,2,0,0,0
v3_torso_proxy:v3_left_forearm_proxy,200,0.05838805959463924,0.04999999999999449,0.313419475474243,0.0,0.0002699637402905769,AIR,0.0,-1,1.3865119386279439,0.070828717421903,0.41100180368351025,UNLOADING,0.003942996737760073,0.0,0.04945091760526671,0.05907817929851089,0.313419475474243,0.08089028439003011,0,ok,0.0,0.1554738850821063,FLAT,0.0,-1,0.054613580972471834,0.0061822071315065785,0.03345068328667673,LOADING,0.14531389763192615,0.02049032703282726,0.035778085425298874,-2.500000000000002,0.00024999999999997247,0.6399918536846833,0,staged_v3,0.17300932614924022,2,1.04742079213932,0.1730634812171419,2,0,0,0
v3_torso_proxy:v3_left_forearm_proxy,201,0.5566357948896286,0.04999999999999449,0.5698243620909224,0.0,0.00021024797233918667,AIR,0.0,-1,1.293055230641178,0.04625000746505367,0.39370970234071057,UNLOADING,0.003397921676041747,0.010860547844490788,0.03382493727254474,0.10740936178687993,0.5698243620909224,0.07386546148845931,0,ok,0.0,0.1529045090029741,FLAT,0.0,-1,0.055935500025753516,0.029826870006398803,0.03777598701757495,LOADING,0.14567679615673074,0.0,0.042394422298959095,0.0,0.00024999999999997247,0.6402418536846832,0,staged_v3,0.1735572043240845,2,1.0385474922890519,0.17180432857836833,2,1,0,0
v3_torso_proxy:v3_left_forearm_proxy,202,0.28977709403875995,0.15000000000000568,0.3175552618670762,0.0,0.00016374128549693365,AIR,0.0,-1,1.150146469182313,0.04408378425003779,0.3866933599948482,UNLOADING,0.0029268505248412472,0.002846038674540023,0.04148862932520239,0.05985775666742338,0.3175552618670762,0.07308596839844318,0,ok,0.0,0.1522898993423612,FLAT,0.0,-1,0.05746635733141986,0.02699552178343067,0.049727360794969984,LOADING,0.14553967164467405,0.0004908462563178312,0.046380488158107476,-2.500000000000002,-0.0007500000000000284,0.6394918536846832,0,staged_v3,0.1736508453310232,2,1.0424386139740847,0.17259676371567823,2,0,0,0
v3_torso_proxy:v3_left_forearm_proxy,203,0.4854587023078971,0.04999999999999449,0.4062798517452793,0.0,0.0001275218413661304,AIR,0.0,-1,0.7890880606861436,0.02633092914652655,0.38621410839091697,UNLOADING,0.0025199106080214325,0.017979776273019298,0.028760570475699174,0.0765819478526712,0.4062798517452793,0.06592397955171726,0,ok,0.0,0.1533409971251503,FLAT,0.0,-1,0.05300030675900119,0.03995586318558704,0.0690201475102251,LOADING,0.14514220125032168,0.0,0.04733109006045331,2.500000000000002,0.00024999999999997247,0.6397418536846832,0,staged_v3,0.17321279692048636,2,1.0381121837741663,0.1719328329973801,2,0,0,0
v3_torso_proxy:v3_left_forearm_proxy,204,0.5341008747594268,0.15000000000000568,0.46229094661081366,0.0,9.931410991464983e-05,FLAT,0.0,-1,0.6150007746308831,0.03200008577822353,0.3463882165120504,LOADING,0.0021691966458050613,0.010319325047378987,0.04050364652930913,0.08713979050161622,0.46229094661081366,0.07067725564702318,0,ok,0.0,0.15426401683311283,FLAT,0.0,-1,0.050506535025150096,0.01873581682983556,0.09806103145557932,LOADING,0.14428427653255815,0.011167234742943406,0.040915718705550226,-2.500000000000002,-0.0007500000000000284,0.6389918536846831,0,staged_v3,0.1724065193717619,2,1.0413878853829874,0.17167608523362257,2,0,0,0
v3_torso_proxy:v3_left_forearm_proxy,205,0.30005235105047423,0.15000000000000568,0.21913126676943512,0.0,7.734590657156886e-05,FLAT,0.0,-1,0.2049080155589671,0.023266938257174446,0.3057115324035249,LOADING,0.0018669828922541147,0.0170186383630018,0.03530951483350257,0.04130527067128095,0.21913126676943512,0.06672718358516815,0,ok,0.0,0.15761083836666664,FLAT,0.0,-1,0.03705771126887724,0.025726384232715924,0.18329464673835466,LOADING,0.14206103923163735,0.008438348104201809,0.043206885152746836,0.0,-0.0007500000000000284,0.6382418536846831,0,staged_v3,0.1697860029581697,2,1.037232989133864,0.1680918906730611,2,1,0,0
v3_torso_proxy:v3_left_forearm_proxy,206,0.325776089236093,0.35000000000000586,0.33834467220409903,0.0,7.480289592354865e-05,FLAT,0.0,-1,0.1499589828587203,0.028666311274277146,0.26611130347691997,LOADING,0.0016081134790443103,0.009639253899568854,0.04342516303415295,0.06377646819465865,0.33834467220409903,0.06945807663993561,0,ok,0.0,0.16393477512245413,FLAT,0.0,-1,0.032478467883770706,0.014661527302914992,0.30219920120064747,LOADING,0.13810857891732353,0.025448432757117383,0.03893244328557782,-2.500000000000002,-0.0017500000000000293,0.6364918536846831,0,staged_v3,0.16522364744173235,2,1.0424094482335284,0.16470820466471844,2,0,0,0
v3_torso_proxy:v3_left_forearm_proxy,207,0.28236503820487163,0.35000000000000586,0.14465500040461557,0.0,0.027039645277994715,FLAT,0.0,-1,0.0690582563892195,0.022295460111869222,0.23445271859802996,LOADING,0.005426516169763943,0.014427175818032278,0.036819504965710056,0.027266825194570132,0.14465500040461557,0.06567288571704409,0,ok,0.0,0.16182527203234545,FLAT,0.0,-1,0.05673227348707879,0.02502652734200157,0.42703232928030666,LOADING,0.13162458895484214,0.02132508912201377,0.04489727867839775,0.0,-0.0017500000000000293,0.634741853684683,0,staged_v3,0.15754184368979438,2,1.0372493064999673,0.15603552748842256,2,1,0,0
v3_pelvis_proxy:v3_left_hand_proxy,208,0.326092765283652,0.550000000000006,0.3633590115128234,0.0,0.039620994762741904,FLAT,0.0,-1,0.09504190011205436,0.026822968640327394,0.21176835128384736,LOADING,0.010587317340933175,0.008765448923864976,0.0411665017127533,0.06849156007106011,0.3633590115128234,0.062479327838959015,0,ok,0.0,0.1593970116435352,FLAT,0.0,-1,0.053233152193073695,0.021261059507003757,0.5630487721224253,UNLOADING,0.12277089338381594,0.03189137909911751,0.047143005334991724,-2.500000000000002,-0.00275000000000003,0.631991853684683,0,staged_v3,0.14234322642051853,2,1.0416821653285466,0.13440036272243241,2,0,0,0
v3_pelvis_proxy:v3_left_hand_proxy,209,0.050203674927704896,0.7500000000000062,0.24646372254416746,0.0,0.045561469003260496,FLAT,0.0,-1,0.10885695099393543,0.02426468024998623,0.16218924855997302,LOADING,0.016104231589213175,0.008844782178012427,0.038182829342393435,0.04645731720726898,0.24646372254416746,0.05819032975961827,0,ok,0.0,0.15823430091975343,FLAT,0.0,-1,0.061117918341358726,0.02448195221140141,0.686910764032055,UNLOADING,0.11230954524025474,0.03486358599020134,0.049368106687795225,-2.500000000000002,-0.003750000000000031,0.628241853684683,0,staged_v3,0.13951403826255065,2,1.0416777073810208,0.13258793264149504,2,0,0,0
v3_pelvis_proxy:v3_left_hand_proxy,210,0.04446332601136057,0.9500000000000064,0.20176912554707901,0.0,0.06723860385106178,FLAT,0.0,-1,0.0703827644246077,0.020152211972773407,0.12689729478178127,LOADING,0.024624626654862175,0.011192652766315661,0.03327612580183245,0.03803258415239641,0.20176912554707901,0.05614345283428113,0,ok,0.0,0.15690482463077302,FLAT,0.0,-1,0.05973338561028427,0.026831853530700736,0.775661759425342,UNLOADING,0.10129386053383876,0.036951234440566375,0.04665792847434307,-2.500000000000002,-0.004750000000000032,0.623491853684683,0,staged_v3,0.13428718167945916,2,1.0423689682602992,0.13012532151005973,2,0,0,0
v3_pelvis_proxy:v3_left_hand_proxy,211,0.04374983687204789,0.9656687967541933,0.1720107186861017,0.0,0.08414613054355533,FLAT,0.0,-1,0.07147204209061256,0.01570067371565239,0.102045248967629,LOADING,0.03481158486440486,0.014401588732729061,0.02788781929074935,0.03242325660977746,0.1720107186861017,0.055155610847271,0,ok,0.0,0.14584590248219148,FLAT,0.0,-1,0.08814529354616515,0.02883306231746377,0.8392546264692222,UNLOADING,0.09017245961078084,0.038129669005997346,0.04218328586019669,-0.1958599594273358,-0.004828343983770966,0.618663509700912,0,staged_v3,0.12938557207677848,2,1.0425424122887443,0.13106084678180824,2,0,0,0
v3_pelvis_proxy:v3_left_hand_proxy,212,0.08478440531802481,0.8828343983770859,0.2153624595842729,0.0,0.09607778598056192,FLAT,0.0,-1,0.07229225175198316,0.011100132086538896,0.08491269684554924,LOADING,0.04543318030472447,0.018145502755738566,0.022258480336438798,0.04059486725333883,0.2153624595842729,0.05350450096880478,0,ok,0.0,0.11658122574897839,FLAT,0.0,-1,0.13382881570492838,0.03490735342099752,0.8848209068353186,UNLOADING,0.07920892536092562,0.034333691920768405,0.03897805648948513,1.0354299797138422,-0.004414171991885429,0.6142493377090266,0,staged_v3,0.12456878178801678,2,1.0389390951520008,0.12426616248752527,2,1,0,0
v3_pelvis_proxy:v3_left_hand_proxy,213,0.044335128090013706,0.6828343983770857,0.2808078432845006,0.0,0.10774540606779331,FLAT,0.0,-1,0.07034857303438274,0.008028273500832656,0.07173917455688317,LOADING,0.0563497121586183,0.020558685227011503,0.017704940708415544,0.05293103145197886,0.2808078432845006,0.052642889419825895,0,ok,0.0,0.0907935499047286,FLAT,0.0,-1,0.30023469050413826,0.04385784968942004,0.9138263907407027,UNLOADING,0.06901108000832976,0.03640007179868949,0.03429124773834565,2.500000000000002,-0.0034141719918854285,0.6108351657171411,0,staged_v3,0.1204121239880753,2,1.0361734454796352,0.1216504478218474,2,1,0,0
v3_pelvis_proxy:v3_left_hand_proxy,214,0.04221607970276625,0.4828343983770855,0.3620765086017821,0.0,0.11658944963079229,FLAT,0.0,-1,0.06613717085560256,0.006055963734656449,0.05986485990425632,LOADING,0.06700173743936076,0.02193727926055637,0.014030287924737192,0.06824981396764801,0.3620765086017821,0.052073001532220664,0,ok,0.0,0.07071008776363531,FLAT,0.0,-1,0.38536655360184585,0.05409485463216953,0.8904326534166154,UNLOADING,0.060259142391845474,0.040646464843367425,0.028875167827463355,2.500000000000002,-0.0024141719918854276,0.6084209937252557,0,staged_v3,0.11932783257580204,2,1.033886749081499,0.12059986490875607,2,1,0,0
v3_pelvis_proxy:v3_left_hand_proxy,215,0.06063445730792964,0.28283439837708535,0.1894324418299931,0.0,0.1294375108165241,FLAT,0.0,-1,0.05186603575274094,0.0044366415319833106,0.05204058143658852,LOADING,0.07814169145027411,0.02316538753984612,0.01069155531828166,0.03570717405628093,0.1894324418299931,0.052473761463669624,0,ok,0.0,0.05506907172136694,AIR,0.0,-1,0.6819675819335838,0.05779611442096763,0.827138653290642,UNLOADING,0.053010595464408936,0.04068597905557226,0.025670953608959844,2.500000000000002,-0.0014141719918854267,0.6070068217333703,0,staged_v3,0.11978330338452685,2,1.0298227407920562,0.121049733332296,2,1,0,0
v3_pelvis_proxy:v3_left_hand_proxy,216,0.10350744734624953,0.08283439837708517,0.3734226757836008,0.0,0.13992578267297393,FLAT,0.0,-1,0.0472017760261424,0.0029630918878162044,0.045974371740004474,LOADING,0.0892119097050904,0.024335626699184022,0.0074570297049407555,0.0703885160955362,0.3734226757836008,0.05712479227098968,0,ok,0.0,0.04288783617961593,AIR,0.0,-1,0.8252311451498098,0.061545429417137476,0.7465537460999543,UNLOADING,0.04699047631486516,0.03845651991288874,0.023871167392108976,2.500000000000002,-0.00041417199188542586,0.6065926497414849,0,staged_v3,0.12716366969132406,2,1.0284428846121922,0.12716690127482924,2,1,0,0
v3_pelvis_proxy:v3_left_hand_proxy,217,0.12111628446404928,0.117165601622915,0.665794081286037,0.0,0.15142864590313904,FLAT,0.0,-1,0.04022006344404081,0.001752409947923487,0.04150294316491719,LOADING,0.10039831004780846,0.025322737210322376,0.004619109300160071,0.12549922767430677,0.665794081286037,0.06690731748090559,0,ok,0.0,0.03340108040092302,AIR,0.0,-1,1.1029270106818467,0.05942023492799933,0.6705891497607444,UNLOADING,0.04184936231185268,0.037893286573375845,0.020636170914661377,2.500000000000002,0.000585828008114575,0.6071784777495994,0,staged_v3,0.1431385244540964,2,1.0292088158487078,0.14315819961601642,2,0,0,0
v3_pelvis_proxy:v3_left_hand_proxy,218,0.1698608398437501,0.3171656016229152,0.08958912360294206,0.0,0.15783143039975212,FLAT,0.0,-1,0.03861568062523769,0.004353174188618845,0.06070500125520642,LOADING,0.10996870268209159,0.027265951324930714,0.0007692987378296089,0.016887151953153046,0.08958912360294206,0.06603239616852047,0,ok,0.0,0.0260127875716698,AIR,0.0,-1,1.3042775524938133,0.06780668879263063,0.5979351508112022,UNLOADING,0.03736500019758567,0.025604553828511158,0.029292203712048957,2.500000000000002,0.001585828008114576,0.608764305757714,1,staged_v3,0.15688556366594494,2,1.0286315428154218,0.15581882050908713,2,1,1,1
v3_pelvis_proxy:v3_left_hand_proxy,219,0.22795250931212444,0.5171656016229154,0.5123625804019355,0.0,0.1587268089716545,FLAT,0.0,-1,0.039703343129064,0.002761275208867619,0.09407001108807254,LOADING,0.1167340374040166,0.02694222534553601,0.0037352105220993534,0.09657807111390182,0.5123625804019355,0.07694577500536005,0,ok,0.0,0.02025877933068655,AIR,0.0,-1,1.4074655433452785,0.06014637635120171,0.5276532985480608,UNLOADING,0.03339416696825808,0.026996342387350367,0.02438632254005267,2.500000000000002,0.002585828008114577,0.6113501337658286,0,staged_v3,0.16493353851871828,2,1.0276477809927902,0.165023870008564,2,0,0,0
v3_pelvis_proxy:v3_left_hand_proxy,220,0.0825475450298731,0.7171656016229155,0.38431760428511175,0.0,0.1619918168341502,FLAT,0.0,-1,0.04187640761034411,0.004911214878524366,0.13910914953063536,LOADING,0.1212786845158991,0.027664750744583518,0.004290706731948255,0.07244216173604018,0.38431760428511175,0.08000859091032549,0,ok,0.0,0.015777553206809476,AIR,0.0,-1,1.6084388448577593,0.05491587242089432,0.4772941508363986,UNLOADING,0.02980171730803396,0.02372655426982634,0.02513815327199359,2.500000000000002,0.0035858280081145777,0.6149359617739432,0,staged_v3,0.17298846375982835,2,1.0277259518600166,0.17308489794572934,2,0,0,0
v3_pelvis_proxy:v3_left_hand_proxy,221,0.0828208260709099,0.9171656016229157,0.34735463841852804,0.0,0.16405619226272783,FLAT,0.0,-1,0.047869928484039904,0.008322269283817608,0.1947405429456417,LOADING,0.12344450767429721,0.028493176280249836,0.006243850867032251,0.0654748068147592,0.34735463841852804,0.08340267499124035,0,ok,0.0,0.012287570792413974,AIR,0.0,-1,1.6550321224875166,0.051016211560585605,0.4412102447271823,UNLOADING,0.02652521036059917,0.019188255554008465,0.027872256682350653,2.500000000000002,0.004585828008114579,0.6195217897820577,0,staged_v3,0.17627100345349905,2,1.0291389602595318,0.1763239628860187,2,0,0,0
v3_pelvis_proxy:v3_left_hand_proxy,222,0.09297000269040352,1.0000000000000009,0.34040480205585233,0.0,0.16238118966695209,FLAT,0.0,-1,0.058391992793177215,0.0123864518728449,0.2740091480343304,LOADING,0.1226506148964704,0.029379063947958653,0.009321393453757869,0.06416479352312121,0.34040480205585233,0.08651591706177798,0,ok,0.0,0.009569569755177325,AIR,0.0,-1,1.7438356122212253,0.044358731081238736,0.415354996192124,UNLOADING,0.02353515190136434,0.01595272065093277,0.029815029158673435,1.0354299797135647,0.0050000000000000044,0.6245217897820577,0,staged_v3,0.17523959120586152,2,1.0322002142356104,0.17529621757649336,2,0,0,0
v3_pelvis_proxy:v3_left_hand_proxy,223,0.08868797996545139,1.0000000000000009,0.3278519780534283,0.0,0.15999959795532073,FLAT,0.0,-1,0.05913550788389695,0.016799341252842114,0.36574556914052014,LOADING,0.11962630618824571,0.030769176187002107,0.012518102270023906,0.06179864194305196,0.3278519780534283,0.08897848520904317,0,ok,0.0,0.007452788418988533,AIR,0.0,-1,1.7991574701963529,0.040674548216373306,0.39682890107408764,UNLOADING,0.020815173998418524,0.01056921260905068,0.0342722324446537,0.0,0.0050000000000000044,0.6295217897820578,0,staged_v3,0.17102364010801535,2,1.0361223656053944,0.1710814026751092,2,0,0,0
v3_pelvis_proxy:v3_left_hand_proxy,224,0.08802437355604743,1.0000000000000009,0.3244457313498152,0.0,0.15834631251171324,FLAT,0.0,-1,0.06040078956567561,0.021569509780751495,0.42927735150748214,LOADING,0.11544709485502616,0.030486124414047158,0.01597774316132695,0.06115657956582883,0.3244457313498152,0.09100233964289542,0,ok,0.0,0.0058042374567737675,AIR,0.0,-1,1.8366377131749754,0.037755037160033186,0.3835543738593463,UNLOADING,0.01835272011197444,0.006422681532934134,0.0399728894614505,0.0,0.0050000000000000044,0.6345217897820578,0,staged_v3,0.16515029682780275,2,1.0404707165512688,0.16520917357165155,2,0,0,0
v3_pelvis_proxy:v3_left_hand_proxy,225,0.15604208521570345,1.0000000000000009,0.7317852176268361,0.0,0.13932371330209214,FLAT,0.0,-1,0.0802350962012312,0.03272804665208193,0.48449017065522637,UNLOADING,0.10921504468545695,0.022089587788771046,0.027134920743990276,0.1379382638221246,0.7317852176268361,0.09508971897601431,0,ok,0.0,0.00452034467646779,AIR,0.0,-1,1.6185247793508006,0.029241254509823476,0.37404275947692034,UNLOADING,0.01613512330739166,0.014460883464022543,0.05267331027125065,0.0,0.0050000000000000044,0.6395217897820578,0,staged_v3,0.12272455419655923,2,1.0643526637452072,0.12231623638146115,2,0,0,0
v3_pelvis_proxy:v3_left_hand_proxy,226,0.17282776469571406,0.8000000000000007,0.5264471822638199,0.0,0.12725681448065143,FLAT,0.0,-1,0.05031412897096377,0.03856715642214101,0.5112259302957652,UNLOADING,0.10249858560343522,0.016094925010495593,0.03446637150429267,0.09923295601818383,0.5264471822638199,0.09351300149926264,0,ok,0.0,0.003520447973785771,AIR,0.0,-1,1.7662752379462348,0.02556819401593955,0.33888052101518706,UNLOADED,0.014162596653510334,0.0163758320348198,0.06214676155639476,-2.500000000000002,0.0040000000000000036,0.6435217897820578,0,staged_v3,0.12781839006927326,2,1.0679333643930378,0.1273106853900888,2,0,0,0
v3_pelvis_proxy:v3_left_hand_proxy,227,0.2220725768462661,0.6000000000000005,0.7471409535739979,0.0,0.1087789715992804,FLAT,0.0,-1,0.08242008542208368,0.043149564556277414,0.5134542405403606,UNLOADING,0.09541678013866026,0.007523147470740621,0.043977769682798803,0.14083275185664867,0.7471409535739979,0.08487515547608114,0,ok,0.0,0.002741727638746499,AIR,0.0,-1,2.0288713801148326,0.029842040748403187,0.3136856762074932,UNLOADED,0.01240818098163879,0.010842243061971471,0.06524125955762029,-2.500000000000002,0.0030000000000000027,0.6465217897820578,0,staged_v3,0.12760769028036906,2,1.0541278847811306,0.127202037520256,2,0,0,0
v3_pelvis_proxy:v3_left_hand_proxy,228,0.11672153134148419,0.40000000000000036,0.3931456053806325,0.0,0.08549600765276479,FLAT,0.0,-1,0.07405899043475977,0.04613993412936869,0.5217545596473686,UNLOADING,0.08762696523717857,0.004947793852999746,0.04860867304345455,0.07410620073929441,0.3931456053806325,0.08697152298628723,0,ok,0.0,0.0021352596320242875,AIR,0.0,-1,1.6873352001315365,0.028297558634269256,0.3029982839128422,UNLOADED,0.010848195073949329,0.01185235556137286,0.0719762661224268,-2.500000000000002,0.0020000000000000018,0.6485217897820578,0,staged_v3,0.13884705245630335,2,1.061723583986537,0.1391269790468279,2,0,0,0
v3_torso_proxy:v3_left_forearm_proxy,229,0.07975335619624864,0.20000000000000018,0.5804823819414331,0.0,0.06658435770945204,FLAT,0.0,-1,0.16527993991947879,0.047264302503572185,0.5155913961195138,UNLOADING,0.079716546740198,0.0035152673024035075,0.04944161290102503,0.10941835119873065,0.5804823819414331,0.09149934914316521,0,ok,0.0,0.001662941873481275,AIR,0.0,-1,1.5222566544310334,0.024901124434358487,0.30863441477418174,UNLOADED,0.009462695889321696,0.015530596304350604,0.07977401664582212,-2.500000000000002,0.0010000000000000009,0.6495217897820578,0,staged_v3,0.1543666159200848,2,1.0680928557921014,0.1552127221986523,2,0,0,0
v3_torso_proxy:v3_left_forearm_proxy,230,0.07661578926416719,0.0,0.9124608448797894,0.0,0.05185594992442778,FLAT,0.0,-1,0.5296632173672535,0.05780827523238101,0.4922138969045462,UNLOADING,0.07209014445366088,0.0022259320124839305,0.047384762832743385,0.17199481721776094,0.9124608448797894,0.08876186580785501,0,ok,0.0,0.0012951004332694461,AIR,0.0,-1,1.2605295582597495,0.028834900078811496,0.3177085803003956,UNLOADED,0.008237115892742737,0.012050528936208282,0.0786763506281824,-2.500000000000002,0.0,0.6495217897820578,0,staged_v3,0.13159527336870722,2,1.0641471212497737,0.12884143658933736,2,0,0,0
v3_torso_proxy:v3_left_forearm_proxy,231,0.08444184428555851,0.20000000000000018,0.5754668978947475,0.0,0.04038545440805592,FLAT,0.0,-1,0.22248108893039034,0.06743877544736868,0.4970619680713362,UNLOADING,0.0646931782400711,0.0014508355722257019,0.04840226283134111,0.10847295472861479,0.5754668978947475,0.087220125774756,0,ok,0.0,0.0010086252315863603,FLAT,0.0,-1,1.0230566461335957,0.022601650467395675,0.32623247406452915,LOADING,0.007157467754762637,0.01870997323583078,0.06882535128286213,-2.500000000000002,-0.0010000000000000009,0.6485217897820578,0,staged_v3,0.11356914965937147,2,1.0646470214887034,0.11165780385379467,2,0,0,0
v3_torso_proxy:v3_left_forearm_proxy,232,0.04725635809837235,0.40000000000000036,1.0,0.0,0.03145222351768847,FLAT,0.0,-1,0.21591588612715493,0.05733821648703146,0.49685052448851486,UNLOADING,0.057712034172431655,0.0,0.05288084822282452,0.1884955592153876,1.0,0.0838628575852696,0,ok,0.0,0.0007855181201850345,FLAT,0.0,-1,0.6528788536357238,0.022732983570010055,0.3070230991971019,LOADING,0.006212736063003738,0.017618171389845044,0.06269461161982941,-2.500000000000002,-0.0020000000000000018,0.6465217897820578,0,staged_v3,0.12183224820040275,2,1.0655177723536438,0.12218573027870698,2,0,0,0
v3_torso_proxy:v3_left_forearm_proxy,233,0.043474106786655614,0.6000000000000005,0.6409273023108794,0.0,0.05688193977984259,FLAT,0.0,-1,0.04714697276579998,0.055803690052527305,0.5178653604454204,UNLOADING,0.05338527979535852,0.0,0.05680411276416769,0.12081195026549899,0.6409273023108794,0.08088908479137231,0,ok,0.0,0.0006117621271168827,FLAT,0.0,-1,0.33010323297699595,0.02036884465266101,0.27751632022835715,LOADING,0.0053883435043952516,0.01850697135875685,0.06331096007951678,-2.500000000000002,-0.0030000000000000027,0.6435217897820578,0,staged_v3,0.12970637720217215,2,1.0669527206115832,0.12917009367813517,2,0,0,0
v3_torso_proxy:v3_left_forearm_proxy,234,0.05878036771043974,0.8000000000000007,0.4141516946811833,0.0,0.047893152634995495,FLAT,0.0,-1,0.13715185550676204,0.05575001924404574,0.5370637164077888,UNLOADING,0.04892616526607292,0.0,0.05726307562493415,0.07806575528893012,0.4141516946811833,0.07733975774041896,0,ok,0.0,0.0004764408236520566,FLAT,0.0,-1,0.19922791810965415,0.0136503599573898,0.2498030639774382,LOADING,0.004669640781781621,0.02383979324148211,0.06451987418559478,-2.500000000000002,-0.0040000000000000036,0.6395217897820578,0,staged_v3,0.13548114867656252,2,1.0679413789026582,0.13517685504306615,2,0,0,0
v3_torso_proxy:v3_left_forearm_proxy,235,0.07496213315730442,1.0000000000000009,0.3312974698827753,0.0,0.04102908910919068,FLAT,0.0,-1,0.10565237159393458,0.053973298008953924,0.5528718992402846,UNLOADING,0.044557464326533014,0.0,0.05486343264056263,0.06244810185219676,0.3312974698827753,0.07429157433909185,0,ok,0.0,0.0250658856664139,FLAT,0.0,-1,0.034451803687205414,0.01287625116637834,0.21832900468586858,LOADING,0.007654367784884491,0.023040199067915094,0.06393168284561647,-2.500000000000002,-0.0050000000000000044,0.6345217897820578,0,staged_v3,0.1573029046480172,2,1.0664014169764506,0.15808446345832167,2,0,0,0
v3_torso_proxy:v3_left_forearm_proxy,236,0.051710513020111475,1.0000000000000009,0.21352257044340409,0.0,0.03586261784812106,FLAT,0.0,-1,0.13452198411711702,0.055338365769515535,0.5799631023410474,UNLOADING,0.040344058386007346,0.001365529704865892,0.05263262541218648,0.040248056320836445,0.21352257044340409,0.07207866870085208,0,ok,0.0,0.0647949259151125,FLAT,0.0,-1,0.031013927411236656,0.011249609486655002,0.19159614386605367,LOADING,0.016599587821445657,0.023330197706647682,0.06244885907162179,0.0,-0.0050000000000000044,0.6295217897820578,0,staged_v3,0.17683531571453812,2,1.0644401460419024,0.17671222316618437,2,0,0,0
v3_torso_proxy:v3_left_forearm_proxy,237,0.0184496164634529,1.0000000000000009,0.34012621955934186,0.0,0.02792983486310722,FLAT,0.0,-1,0.30401895889577263,0.0624012918425446,0.5954944382696455,UNLOADING,0.036194589122340186,0.0019641095538883158,0.052810612359593966,0.06411228195965385,0.34012621955934186,0.07018170490986003,0,ok,0.0,0.10759826155422292,FLAT,0.0,-1,0.03144841581916065,0.00819275721597671,0.19463274893064514,LOADING,0.030610893482709716,0.026538880230555548,0.059462452760413315,0.0,-0.0050000000000000044,0.6245217897820577,0,staged_v3,0.1850515279434325,2,1.0626947837028529,0.18376797712378234,2,0,0,0
v3_torso_proxy:v3_left_forearm_proxy,238,0.07764445796336097,1.0000000000000009,1.0,0.0,0.02175177726244293,FLAT,0.0,-1,0.9348389046662138,0.08357478737960214,0.6318829332020337,UNLOADING,0.03216781931107633,0.007533733591860534,0.04906041306824115,0.1884955592153876,1.0,0.06618918204262114,0,ok,0.0,0.08379761035555065,FLAT,0.0,-1,0.1784339880637734,0.008939775870797816,0.19876254285758208,LOADING,0.03791707163334628,0.025998351272081287,0.05350334723773085,0.0,-0.0050000000000000044,0.6195217897820577,0,staged_v3,0.17614527347491238,2,1.0621326299708798,0.17191157737490237,2,0,0,0
v3_torso_proxy:v3_left_forearm_proxy,239,0.4053203730485243,1.0000000000000009,0.9999850823848139,0.0,0.016940301165185332,FLAT,0.0,-1,0.35272183892633746,0.1352329666436532,0.7316518108796355,UNLOADING,0.02822183071532701,0.013659652427520062,0.047922938116461714,0.18849274731117094,0.9999850823848139,0.0597751585622346,0,ok,0.0,0.06526164456441531,FLAT,0.0,-1,0.24609530838081792,0.010529836153223986,0.20434822485797527,LOADING,0.040718765975950005,0.02468757508967478,0.04400992365753214,0.0,-0.0050000000000000044,0.6145217897820577,0,staged_v3,0.14797287513496557,2,1.0611473468798727,0.14304747961932648,2,0,0,0
v3_torso_proxy:v3_left_forearm_proxy,240,0.28151845051997,1.0000000000000009,0.9991175718165753,0.0,0.013193119812911769,FLAT,0.0,-1,0.19103104688007322,0.16257461292721664,0.8056133663085046,UNLOADING,0.02455650720575465,0.021278399029375346,0.04400226928604988,0.18832922542148556,0.9991175718165753,0.061396661610644346,0,ok,0.0,0.09898188453628445,FLAT,0.0,-1,0.05694985805781566,0.004514654336116916,0.20765286056949842,LOADING,0.04826061539431304,0.030867988692358007,0.03983783570937729,0.0,-0.0050000000000000044,0.6095217897820577,0,staged_v3,0.11349068578304211,2,1.0652964551073447,0.114127116093789,2,1,0,0
v3_torso_proxy:v3_left_forearm_proxy,241,0.3997192382812499,0.8000000000000007,0.3997157793226031,0.0,0.010274812041450553,FLAT,0.0,-1,0.2073730686443574,0.1356609349353085,0.8607158906030057,UNLOADING,0.021252880182706123,0.055036159267596294,0.012999635262554005,0.07534464935062854,0.3997157793226031,0.05865647603732563,0,ok,0.0,0.12453905789767754,FLAT,0.0,-1,0.06271665041992693,0.027277840161113346,0.2094212231528017,LOADING,0.0583000795279401,0.00819322099652674,0.057033062548344435,2.500000000000002,-0.0040000000000000036,0.6055217897820577,1,staged_v3,0.155508129069889,2,1.0719818355859807,0.15493273124956208,2,1,1,1
v3_torso_proxy:v3_left_forearm_proxy,242,0.3093061395743894,1.0000000000000009,0.6780065361884537,0.0,0.00800203166379319,FLAT,0.0,-1,0.17355775504398507,0.13081945045022397,0.9001985745516686,UNLOADING,0.01833084218039514,0.052095409508816116,0.01791451921876732,0.12780122119053053,0.6780065361884537,0.05865406415434973,0,ok,0.0,0.10342840755512249,FLAT,0.0,-1,0.1373872274846757,0.008847556012580637,0.20992171111668073,LOADING,0.06298337147496763,0.026648529543253405,0.04610030190175329,-2.500000000000002,-0.0050000000000000044,0.6005217897820577,0,staged_v3,0.1570359981830938,2,1.0850801725102859,0.1570359981830938,2,1,0,0
v3_torso_proxy:v3_left_forearm_proxy,243,0.05627441406250019,0.04501953125000124,0.05627441406250001,0.0,0.006231988525924314,FLAT,0.0,-1,0.6057983997616813,0.12768048490076872,0.9214800856657137,UNLOADING,0.015782055469651238,0.056990188702705905,0.014083815580579796,0.01060747714822921,0.05627441406250001,0.05796968314003206,0,ok,0.0,0.08055012479575781,FLAT,0.0,-1,0.24279673175354594,0.01079361971660342,0.20909602152569506,LOADING,0.06312818001348743,0.024661181359681338,0.04747392425639331,11.937255859374995,-0.00022509765625000622,0.6002966921258077,1,staged_v3,0.22770444550320298,2,1.0795002321955396,0.2260193739391915,2,1,1,1
v3_torso_proxy:v3_left_forearm_proxy,244,0.01367187500000017,0.15498046874999893,0.013671875000000106,0.0,0.004853477544081866,FLAT,0.0,-1,0.9270289287069026,0.12802228438972368,0.9437380228759121,UNLOADING,0.013566485580066404,0.058249273856587874,0.013937627287207741,0.0025770877236478973,0.013671875000000106,0.05796967472549115,0,ok,0.0,0.06273250026743557,FLAT,0.0,-1,0.2529499120602024,0.011866304851274833,0.1605219919287001,LOADING,0.06163309063525195,0.021159794745160176,0.047853727596316495,2.500000000000002,0.0007749023437499947,0.6010715944695577,1,staged_v3,0.17426406006378875,2,1.0563359586312762,0.17426406006378875,2,1,1,1
v3_torso_proxy:v3_left_forearm_proxy,245,0.02041423399369804,0.3549804687499991,0.036315917968750104,0.0,0.003779892111950436,FLAT,0.0,-1,1.552394276278779,0.12863849881310965,0.9393069725996132,UNLOADING,0.01166118951084565,0.05815897671539699,0.013806371914583674,0.006845389265939694,0.036315917968750104,0.05778428911943487,0,ok,0.0,0.0956354600160233,FLAT,0.0,-1,0.048592078502236256,0.015035658675576605,0.12539770349408222,LOADING,0.06603507109968433,0.016234226499127504,0.049769234023854976,2.500000000000002,0.0017749023437499956,0.6028464968133077,1,staged_v3,0.18015941685385073,2,1.0667838462097998,0.18056529690601156,2,1,1,1
v3_torso_proxy:v3_left_forearm_proxy,246,0.9999999999999999,0.5549804687499993,0.6461894051692159,0.0,0.0029437829367124258,FLAT,0.0,-1,1.5719653357928978,0.14846907385278874,0.9046184769467944,UNLOADING,0.010035417080730795,0.04338259117289386,0.02684833267444587,0.12180383328643002,0.6461894051692159,0.05778421653729074,0,ok,0.0,0.11976334518470316,FLAT,0.0,-1,0.047066509026691586,0.034783563230460994,0.0998443729330992,LOADING,0.0743891866966207,0.0,0.06666804783295019,2.500000000000002,0.0027749023437499964,0.6056213991570577,0,staged_v3,0.12515934494871092,2,1.0790539060716782,0.12515934494871092,2,1,1,1
v3_torso_proxy:v3_left_forearm_proxy,247,0.9981968654570309,0.7549804687499995,0.5273983929046248,0.0,0.002292620456303877,AIR,0.0,-1,1.6287260702094637,0.15350177167469992,0.8482401357926803,UNLOADING,0.008651490036216052,0.04100098486826997,0.026411021921364054,0.09941225499985396,0.5273983929046248,0.06076481959197015,0,ok,0.0,0.1390249863717237,FLAT,0.0,-1,0.0470288778018903,0.011468630679569946,0.08138865985625152,LOADING,0.08505333516617565,0.017600802313242632,0.040790698908902426,2.500000000000002,0.0037749023437499973,0.6093963015008077,0,staged_v3,0.1297986639147689,2,1.0771590525763717,0.1302642881693024,2,1,0,0
v3_torso_proxy:v3_left_forearm_proxy,248,0.9999999999999997,0.9549804687499996,0.6090337579673246,0.0,0.0017854946066549811,AIR,0.0,-1,1.591040605583063,0.17826942689626585,0.7770622613011321,UNLOADING,0.0074724277639090005,0.026172165156811568,0.03768094790824505,0.11480015878909988,0.6090337579673246,0.0425577837377403,0,ok,0.0,0.15655170295230114,FLAT,0.0,-1,0.045368785684337824,0.011649312005247776,0.06844292550047498,LOADING,0.09721003741497337,0.016772834269775973,0.023161253179846852,2.500000000000002,0.004774902343749998,0.6141712038445577,0,staged_v3,0.1499044959181017,2,1.0556761109954584,0.15148492266287883,2,1,1,1
v3_torso_proxy:v3_left_forearm_proxy,249,1.0000000000000002,1.0000000000000009,1.0,0.0,0.0013905445978326693,AIR,0.0,-1,1.564180223599551,0.14200172599746008,0.6971148705844222,UNLOADING,0.006465105980560955,0.034380686354193876,0.02547505717502724,0.1884955592153876,1.0,0.0634642149085809,0,ok,0.0,0.17016189293567016,FLAT,0.0,-1,0.04537668233156122,0.008665036988842075,0.059257955200177556,LOADING,0.10978371935344086,0.019297860771166804,0.0366934659552045,0.5627441406250155,0.0050000000000000044,0.6191712038445577,0,staged_v3,0.16786319382016654,2,1.0558660351708398,0.16648140697240454,2,0,0,0
v3_torso_proxy:v3_left_forearm_proxy,250,0.30408644195448514,0.8000000000000007,1.0,0.0,0.0010829572216877947,AIR,0.0,-1,1.5588664387562954,0.13513465718081727,0.6169416603169066,UNLOADING,0.005600781668379039,0.026755732393092948,0.029091350622752383,0.1884955592153876,1.0,0.07720919783832803,0,ok,0.0,0.17548728513484052,FLAT,0.0,-1,0.05233788675463452,0.012053115993289863,0.05245669350287312,LOADING,0.12108333596372686,0.015569718681853795,0.043042556046767766,-2.500000000000002,0.0040000000000000036,0.6231712038445577,0,staged_v3,0.1862561552168441,2,1.065114678002134,0.186298812758331,2,0,0,0
v3_torso_proxy:v3_left_forearm_proxy,251,0.26201088212816626,1.0000000000000009,0.8124889217558748,0.0,0.0008434079322832875,AIR,0.0,-1,1.5535433864776866,0.1228107607151172,0.5412720577136163,UNLOADING,0.0048559406850797945,0.026014236506875826,0.026049366378804995,0.15315055366268093,0.8124889217558748,0.0823822366847697,0,ok,0.0,0.1798155541190316,FLAT,0.0,-1,0.04845894569546873,0.03393489098323526,0.047446799762807426,LOADING,0.13112344507668303,0.0,0.05237674976391366,2.500000000000002,0.0050000000000000044,0.6281712038445577,0,staged_v3,0.20278599808578618,2,1.0681266099187352,0.20230110607651527,2,0,0,0
v3_torso_proxy:v3_left_forearm_proxy,252,0.3578491192612133,0.8000000000000007,0.7477169216193821,0.0,0.0006568467581108587,AIR,0.0,-1,1.569788323269345,0.12836435084072195,0.4870524181896829,UNLOADING,0.004210367438095954,0.006796465647257305,0.04255615526222684,0.14094131927545356,0.7477169216193821,0.0880389608882662,0,ok,0.0,0.1845657740618011,FLAT,0.0,-1,0.04488587444275543,0.007016107146460785,0.04397334881406724,LOADING,0.14018871584131506,0.020182560294242577,0.03922451948592606,-2.500000000000002,0.0040000000000000036,0.6321712038445577,0,staged_v3,0.21809871196670055,2,1.0677865178297061,0.21827975547543055,2,0,0,0
v3_torso_proxy:v3_left_forearm_proxy,253,0.04446075897979684,0.6000000000000005,0.6105995793743493,0.0,0.0005115527695746504,AIR,0.0,-1,1.5617574920481536,0.11858061649606072,0.44820234882276055,UNLOADING,0.0036492111778971756,0.003028789752212817,0.044381327688925214,0.11509530917084843,0.6105995793743493,0.08930604129632651,0,ok,0.0,0.1874120957210586,FLAT,0.0,-1,0.04506459623643873,0.0054401152703217395,0.041332574064864486,LOADING,0.14808414695185534,0.021626513432921487,0.03648445803640176,-2.500000000000002,0.0030000000000000027,0.6351712038445577,0,staged_v3,0.23181765548670588,2,1.0627405147172955,0.23197997569413895,2,0,0,0
v3_torso_proxy:v3_left_forearm_proxy,254,0.026750638174219868,0.40000000000000036,0.47118927629496604,0.0,0.00039839769752708366,AIR,0.0,-1,1.5550217032357059,0.107320658016333,0.42036505770339705,UNLOADING,0.003160884613400038,0.0008358056921284954,0.04518244719304136,0.0888170861315134,0.47118927629496604,0.08842286850658311,0,ok,0.0,0.18800708815662304,FLAT,0.0,-1,0.045372297548004814,0.006415578241485392,0.03920666522244634,LOADING,0.15459450899984814,0.020544755019636925,0.0366470350988398,-2.500000000000002,0.0020000000000000018,0.6371712038445577,0,staged_v3,0.2434415504266723,2,1.055364460941465,0.24354251169082095,2,0,0,0
v3_torso_proxy:v3_left_forearm_proxy,255,0.018194376012001016,0.20000000000000018,0.2940761243188039,0.0,0.00031027243880793747,AIR,0.0,-1,1.5144604900035006,0.09685643567335109,0.4004187670148154,UNLOADING,0.0027359058874031443,0.0,0.04579872295326589,0.05543204350536679,0.2940761243188039,0.0872239464760639,0,ok,0.0,0.18482932004197053,FLAT,0.0,-1,0.054000509368835714,0.006182640363700545,0.03745644025595023,LOADING,0.15925686153153262,0.02069018164909697,0.03565518319366962,-2.500000000000002,0.0010000000000000009,0.6381712038445577,0,staged_v3,0.25225054711874445,2,1.049075090826975,0.25234204785173026,2,0,0,0
v3_torso_proxy:v3_left_forearm_proxy,256,0.02172119940512658,0.0,0.24951904331910807,0.0,0.00024164041830909626,AIR,0.0,-1,1.4906546236535354,0.08614924354061326,0.3861266252066402,UNLOADING,0.0023662531347846787,0.0,0.04607849431276888,0.0470332316053238,0.24951904331910807,0.08634407448967339,0,ok,0.0,0.18220910794576578,FLAT,0.0,-1,0.052710025078236,0.0064051446594228685,0.036228262263387684,LOADING,0.16252708694449183,0.020406268453746518,0.03488911619294673,-2.500000000000002,0.0,0.6381712038445577,0,staged_v3,0.258009807307519,2,1.0450421342427583,0.25800199646310545,2,0,0,0
v3_torso_proxy:v3_left_forearm_proxy,257,0.07051976880596479,0.20000000000000018,0.27258953695497584,0.0,0.000188189747000826,AIR,0.0,-1,1.4512560788372124,0.07336960914944224,0.375885858105922,UNLOADING,0.002044995813024394,0.0,0.044000675015177355,0.05138191720459173,0.27258953695497584,0.08482368461120596,0,ok,0.0,0.18196247206610056,FLAT,0.0,-1,0.05050700816674633,0.013046892788199017,0.035600158931067626,LOADING,0.16511858538380494,0.013733115158354365,0.03776076501781907,-2.500000000000002,-0.0010000000000000009,0.6371712038445577,0,staged_v3,0.2622948880748434,2,1.0428467321661623,0.262072859912099,2,0,0,0
v3_torso_proxy:v3_left_forearm_proxy,258,0.6169464142822336,0.0,0.5780071924186079,0.0,0.00014656232233025286,AIR,0.0,-1,1.372338564380495,0.047003708354236784,0.36854802783396345,UNLOADING,0.001766074563661005,0.016624851381367732,0.026802550010330446,0.10895178896546164,0.5780071924186079,0.07477054021593228,0,ok,0.0,0.17971590034457136,FLAT,0.0,-1,0.051242202234522465,0.043160254389163905,0.03444841652334502,LOADING,0.16679986273777067,0.0,0.04981895954341929,2.500000000000002,0.0,0.6371712038445577,0,staged_v3,0.26506684441216716,2,1.0397913878390588,0.2637387937956091,2,0,0,0
v3_torso_proxy:v3_left_forearm_proxy,259,0.1370409173280268,0.20000000000000018,0.4905897385196585,0.0,0.00011414285139956457,AIR,0.0,-1,1.3315693792918146,0.04419053520678093,0.36329024269242893,UNLOADING,0.0015241604641684345,0.00908478088337223,0.03407973125124922,0.0924739871075938,0.4905897385196585,0.07498916585589187,0,ok,0.0,0.17558467339342837,FLAT,0.0,-1,0.05141465019178579,0.02738979122328041,0.03322944968616674,LOADING,0.16738990845486443,0.0,0.039598477789114475,2.500000000000002,0.0010000000000000009,0.6381712038445577,0,staged_v3,0.26624773697834525,2,1.0399720877018708,0.26525152190758683,2,0,0,0
v3_torso_proxy:v3_left_forearm_proxy,260,0.33723471104654323,0.0,0.34098466741426003,0.0,8.889454205198388e-05,AIR,0.0,-1,1.1526871842256923,0.04575866664001985,0.3599454172239267,UNLOADING,0.0013145514491478228,0.0,0.04415180153334995,0.0642740955681239,0.34098466741426003,0.07922022782118886,0,ok,0.0,0.17332425716223052,FLAT,0.0,-1,0.054448902538439446,0.018823198243088795,0.0323560217807774,LOADING,0.167455161508362,0.007794602845950075,0.03859045664146051,-2.500000000000002,0.0,0.6381712038445577,0,staged_v3,0.2666735461662596,2,1.0441688192433212,0.2662087512028909,2,0,0,0
v3_torso_proxy:v3_left_forearm_proxy,261,0.09716383509700244,0.20000000000000018,0.4083725903377412,0.0,6.923113896085898e-05,AIR,0.0,-1,1.0391722546337463,0.04270927705310705,0.36395114897161707,UNLOADING,0.001133049011611197,0.0004882803954738002,0.04764666900021444,0.07697641978394892,0.4083725903377412,0.08048344451287136,0,ok,0.0,0.17103292564269373,FLAT,0.0,-1,0.054029715085960724,0.005701985249907969,0.03566592294964732,LOADING,0.16709483536357725,0.0210813108975744,0.02904643637870928,-2.500000000000002,-0.0010000000000000009,0.6371712038445577,1,staged_v3,0.266261724937699,2,1.0469836154462606,0.2662986949729905,2,0,0,0
v3_torso_proxy:v3_left_forearm_proxy,262,0.7035208795947326,0.0,0.6416294745984076,0.0,5.391726523564222e-05,FLAT,0.0,-1,0.8513076022808643,0.01722129938053172,0.3676746307795772,LOADING,0.0009760553320449521,0.026162432158447137,0.02698450568296941,0.12094430662350217,0.6416294745984076,0.06928093863501605,0,ok,0.0,0.1695858958842159,FLAT,0.0,-1,0.054756972575232675,0.04418604749770001,0.04603730730757456,LOADING,0.1663353757231182,0.0,0.04700452113244537,2.500000000000002,0.0,0.6371712038445577,0,staged_v3,0.2651580442411718,2,1.04569934746317,0.2627034064676147,2,0,0,0
v3_torso_proxy:v3_left_forearm_proxy,263,0.5859489583000053,0.20000000000000018,0.7561002793837747,0.0,4.199080838658679e-05,FLAT,0.0,-1,0.47778016354752123,0.02964755495017038,0.3465334284860071,LOADING,0.0008405387974087424,0.012679116474129976,0.04186121528944271,0.1425215449853554,0.7561002793837747,0.0751082568831723,0,ok,0.0,0.16750341806252558,FLAT,0.0,-1,0.05763662984393659,0.0055279206070947134,0.09724887165984705,LOADING,0.16417516485649808,0.02433452297589764,0.027471440579479166,-2.500000000000002,-0.0010000000000000009,0.6361712038445577,0,staged_v3,0.26194973948926753,2,1.0490615882205045,0.26196957366720725,2,0,0,0
v3_torso_proxy:v3_left_forearm_proxy,264,0.23875267235375408,0.20856646440035043,0.6235254178041518,0.0,3.270247445327511e-05,FLAT,0.0,-1,0.3094066499882323,0.021777294181739296,0.30649337123816295,LOADING,0.0007237017381803879,0.018547374380168857,0.03335672819756842,0.1175317723140018,0.6235254178041518,0.07132781496971433,0,ok,0.0,0.16500062446433178,FLAT,0.0,-1,0.06029646988386118,0.02764445939139621,0.1504355852842212,LOADING,0.16074709258425235,0.004877319872814853,0.040330800643077265,-0.10708080500437811,-0.0010428323220017521,0.635128371522556,0,staged_v3,0.2565468265885062,2,1.0497325811601652,0.2553779633784119,2,0,0,0
v3_torso_proxy:v3_left_forearm_proxy,265,0.17081909631718603,0.4085664644003506,0.6508567279921668,0.0,0.0015153679188296884,FLAT,0.0,-1,0.14567547404235268,0.02322558069352823,0.2670030358747123,LOADING,0.0008011134073513137,0.015124571100207387,0.039031200814247886,0.12268360291198088,0.6508567279921668,0.07265621180147926,0,ok,0.0,0.16928330157523974,FLAT,0.0,-1,0.03905933020060897,0.004799083138232647,0.22624188866863915,LOADING,0.15649526903032981,0.03151301129519932,0.02592769376212975,-2.500000000000002,-0.002042832322001753,0.6330855392005542,1,staged_v3,0.2499187319761355,2,1.0486686763718411,0.2499644487422439,2,0,0,0
v3_torso_proxy:v3_left_forearm_proxy,266,0.7371599867571497,0.2030035038935729,0.6350597614996133,0.0,0.01589945996245635,FLAT,0.0,-1,0.10574617124796805,0.002846901951368383,0.23151684376367337,LOADING,0.0030845841607613634,0.03372894023681529,0.020938612651055996,0.11970594487906028,0.6350597614996133,0.06237804000296494,0,ok,0.0,0.17803615630007544,FLAT,0.0,-1,0.028577012220877617,0.048048402531360695,0.3372041547517653,LOADING,0.1509961769830906,0.0,0.04715430733657486,2.569537006334721,-0.0010150175194678646,0.6320705216810864,1,staged_v3,0.24126891261383293,2,1.0419496867524654,0.2371800394068279,2,0,0,0
v3_torso_proxy:v3_left_forearm_proxy,267,0.4737111790765297,0.4030035038935731,0.6005594138921726,0.0,0.047630380190673546,FLAT,0.0,-1,0.05405342170430806,0.016088327936164323,0.20608987602307738,LOADING,0.01003051553705821,0.01921616586498955,0.03769059283820604,0.1132027825636705,0.6005594138921726,0.06378232976492806,0,ok,0.0,0.18622151617737023,FLAT,0.0,-1,0.026478085091330466,0.020570984119025606,0.4573995534662746,UNLOADING,0.14386013424722457,0.027298993554288126,0.04157368811453721,-2.500000000000002,-0.0020150175194678654,0.6300555041616185,0,staged_v3,0.160271540378557,2,1.0344999978275446,0.16142114285688722,2,1,0,0
v3_torso_proxy:v3_left_forearm_proxy,268,0.1067503040750731,0.6030035038935733,0.21622306186981685,0.0,0.06583028783352338,FLAT,0.0,-1,0.07254543350359012,0.014162542153820939,0.1595237885613696,LOADING,0.019090170612893427,0.01881364727424754,0.036583617801405885,0.04075708696241448,0.21622306186981685,0.06652498570682688,0,ok,0.0,0.18557518604580436,FLAT,0.0,-1,0.043445032352004434,0.02155765651035524,0.5846125766535368,UNLOADING,0.1343209148359935,0.03267297232232161,0.04220309597018293,-2.500000000000002,-0.0030150175194678663,0.6270404866421506,0,staged_v3,0.1263061996321614,2,1.036914864619247,0.12356774585187479,2,1,0,0
v3_pelvis_proxy:v3_left_hand_proxy,269,0.04235461062648656,0.8030035038935734,0.185447066229258,0.0,0.0769055255461697,FLAT,0.0,-1,0.08363491306612109,0.010744695791101981,0.12516306205888944,LOADING,0.02872809538622733,0.020513457311842495,0.03357671321738015,0.03495594845373701,0.185447066229258,0.06602412658425964,0,ok,0.0,0.1844016451186937,FLAT,0.0,-1,0.056225250695692335,0.022841687030725408,0.7023619051536893,UNLOADING,0.1229729204793735,0.03727640822695906,0.042560038801830985,-2.500000000000002,-0.004015017519467867,0.6230254691226828,0,staged_v3,0.12577465009135835,2,1.0357079152783268,0.12319976840784241,2,1,0,0
v3_pelvis_proxy:v3_left_hand_proxy,270,0.06764451146856758,0.917445496416458,0.22957441952788116,0.0,0.09085636196668248,FLAT,0.0,-1,0.07205680413375187,0.0077054718812726505,0.1005450177621467,LOADING,0.039326717796769536,0.022321779006834686,0.02948035619576015,0.04327375859045596,0.22957441952788116,0.06402038909951087,0,ok,0.0,0.1700321132122533,FLAT,0.0,-1,0.08172982660863638,0.025464593798298085,0.7867329858230873,UNLOADING,0.11058568056788701,0.038872055492856286,0.041922420246660846,-1.430524906536057,-0.00458722748208229,0.6184382416406005,0,staged_v3,0.12119553022887279,2,1.0315445138020218,0.12077855849486553,2,1,0,0
v3_pelvis_proxy:v3_left_hand_proxy,271,0.06924205203696895,0.9646806870520663,0.24379284990436564,0.0,0.1020452674717946,FLAT,0.0,-1,0.07236918484932005,0.004442774075672566,0.08284295582469252,LOADING,0.050179681414717583,0.02469937371556206,0.025057683092101563,0.04595386957543646,0.24379284990436564,0.062492813442555945,0,ok,0.0,0.14847604680648308,FLAT,0.0,-1,0.10626077511867327,0.028324891132365568,0.8471875068296578,UNLOADING,0.09802901118512816,0.03903448420911733,0.03970029922628533,-0.5904398829451041,-0.004823403435260332,0.6136148382053401,0,staged_v3,0.11887963510051945,2,1.028824640511428,0.12024246865570225,2,1,0,0
v3_pelvis_proxy:v3_left_hand_proxy,272,0.17364926382821042,0.7646806870520662,0.8520783961570578,0.0,0.10949913972017808,FLAT,0.0,-1,0.07480468980650357,0.030504491542485204,0.06896493779910415,LOADING,0.060533252803838186,0.0,0.04386472455867034,0.1606129937789752,0.8520783961570578,0.06074847021488751,0,ok,0.0,0.11679416983669758,FLAT,0.0,-1,0.14405789278260048,0.031070948716205644,0.8905050639966064,UNLOADING,0.0858517767518011,0.038454304483624684,0.03357573444984521,2.500000000000002,-0.0038234034352603308,0.6097914347700798,0,staged_v3,0.12158942998782817,2,1.028995436093832,0.12285327217772553,2,1,0,0
v3_pelvis_proxy:v3_left_hand_proxy,273,0.20768664159098205,0.564680687052066,0.7914019807861992,0.0,0.11967812018920376,FLAT,0.0,-1,0.0650763486558473,0.00955260015640589,0.05824116598329465,LOADING,0.07096818762840969,0.018359458142758845,0.02257627940910628,0.14917575893246005,0.7914019807861992,0.06327212199769817,0,ok,0.0,0.09095939092699473,FLAT,0.0,-1,0.32395562163230696,0.03533746897419536,0.9210858944337944,UNLOADING,0.07461266278409388,0.04688881304443802,0.02416548167725171,2.500000000000002,-0.00282340343526033,0.6069680313348195,0,staged_v3,0.12952079363400842,2,1.0334292033418677,0.12963980722098614,2,1,0,0
v3_pelvis_proxy:v3_left_hand_proxy,274,0.13034883733013578,0.3646806870520658,0.9482054796948678,0.0,0.12833602765123037,FLAT,0.0,-1,0.058657523078860706,0.013578098823024277,0.048738611003054724,LOADING,0.0811907716870997,0.01385883172712846,0.027885207795163312,0.17873252214617896,0.9482054796948678,0.06553289354074184,0,ok,0.0,0.07083924488164153,FLAT,0.0,-1,0.4148498162665961,0.0678043942162866,0.9009130876773391,UNLOADING,0.06495645982159343,0.0283717441860403,0.04167391019782665,2.500000000000002,-0.001823403435260329,0.6051446278995591,0,staged_v3,0.1540480560335222,2,1.0354498193456874,0.1481482754493371,2,0,0,0
v3_pelvis_proxy:v3_left_hand_proxy,275,0.7099609375000001,0.16468068705206562,0.4495250129925471,0.0,0.1410591580794139,FLAT,0.0,-1,0.04540375084303174,0.010316484137199518,0.04174884624038494,LOADING,0.09198663754527142,0.0240556883577256,0.0030317539542936466,0.08473346870533455,0.4495250129925471,0.07026175694205769,0,ok,0.0,0.055169659386009436,AIR,0.0,-1,0.8296537517161223,0.07942142127942523,0.8442076995916146,UNLOADING,0.05690482386829344,0.012722122425868787,0.05448826255371195,2.500000000000002,-0.0008234034352603281,0.6043212244642988,1,staged_v3,0.16796273069255968,2,1.0398340004642137,0.16378452573039065,2,1,1,1
v3_pelvis_proxy:v3_left_hand_proxy,276,0.9269142469136645,0.035319312947934556,0.450674408257064,0.0,0.1512908066431412,FLAT,0.0,-1,0.04276671663609362,0.01244815333308769,0.03571391784192199,LOADING,0.10276683387710712,0.01433754255900841,0.020966893743591782,0.08495012460847917,0.450674408257064,0.08330669927709308,0,ok,0.0,0.04296617393160683,AIR,0.0,-1,0.9528854385819802,0.05204758306269776,0.7670620459883443,UNLOADING,0.05020534226529973,0.04762837118047214,0.015724731118945064,2.500000000000002,0.00017659656473967278,0.6044978210290385,0,staged_v3,0.18642507050078405,2,1.0361482687130739,0.18644708586811296,2,0,0,0
v3_pelvis_proxy:v3_left_hand_proxy,277,1.0,0.23531931294793473,0.7750398172863987,0.0,0.16206443375994128,FLAT,0.0,-1,0.0368884763144325,0.05373048617614229,0.03127402698923576,LOADING,0.11361267235859324,0.0058648265165657555,0.020698874832896032,0.14609156377359156,0.7750398172863987,0.07807390645996162,0,ok,0.0,0.03346208990351758,AIR,0.0,-1,1.1981997684003909,0.053180409082930674,0.6852839887574128,UNLOADING,0.044537587007724894,0.03560690808628873,0.023657291351581917,2.500000000000002,0.0011765965647396737,0.6056744175937782,0,staged_v3,0.20745208905112825,2,1.0229266269807442,0.20260001149200288,2,0,1,1
v3_pelvis_proxy:v3_left_hand_proxy,278,1.0000000000000002,0.4353193129479349,0.5437850848184806,0.0,0.17112832101497993,FLAT,0.0,-1,0.036412215166104656,0.0035316104050142185,0.029421956776766362,LOADING,0.1241088160770339,0.022939487433824103,0.010805186986373881,0.10250107365584649,0.5437850848184806,0.0921137253551331,0,ok,0.0,0.026060301820065242,AIR,0.0,-1,1.3469670219628205,0.0636663034773886,0.6084644630561559,UNLOADING,0.039632722330341034,0.029887815419198042,0.025535407733609752,2.500000000000002,0.0021765965647396746,0.6078510141585178,0,staged_v3,0.22387165410288853,2,1.0320901904515367,0.22419392732445,2,0,0,0
v3_pelvis_proxy:v3_left_hand_proxy,279,0.2132510652177689,0.6353193129479351,0.25632126282349976,0.0,0.1778910251206217,FLAT,0.0,-1,0.03562071986756394,0.0038923689491274756,0.028431946466940198,LOADING,0.13385370026511573,0.022529228374219536,0.013994383957487897,0.04831541977470993,0.25632126282349976,0.0946477175333493,0,ok,0.0,0.020295783464543967,AIR,0.0,-1,1.4250426861537675,0.06290284039774706,0.5351978804503781,UNLOADING,0.035318551022040914,0.021863365328241194,0.02989652869427771,2.500000000000002,0.0031765965647396754,0.6110276107232575,0,staged_v3,0.24316140557515234,2,1.0265246826052479,0.24319825641280912,2,0,0,0
v3_pelvis_proxy:v3_left_hand_proxy,280,0.05767464710266449,0.8353193129479353,0.2957933151937902,0.0,0.1837161583752875,FLAT,0.0,-1,0.03205805376834565,0.0017202561991414124,0.03013923842948615,LOADING,0.14271877886702566,0.024786705722332898,0.011482656692242556,0.05575572635962689,0.2957933151937902,0.09539785655826785,0,ok,0.0,0.015806372055234514,AIR,0.0,-1,1.553714723242366,0.059850877802755165,0.4827000799945973,UNLOADING,0.0314411344474277,0.01589198932598864,0.033243014673741224,2.500000000000002,0.004176596564739676,0.6152042072879972,0,staged_v3,0.260708451754617,2,1.0253148806674124,0.26076573828316624,2,0,0,0
v3_pelvis_proxy:v3_left_hand_proxy,281,0.0707511992721686,1.0000000000000009,0.285590545416503,0.0,0.18645795972905965,FLAT,0.0,-1,0.03171992043354377,0.004849811850546144,0.030353991526122878,LOADING,0.15033466637351364,0.02166788772576,0.01359850340789214,0.05383254956491129,0.285590545416503,0.09774097213688873,0,ok,0.0,0.012310014934134611,AIR,0.0,-1,1.590237022302495,0.05793911469754781,0.4450837622317755,UNLOADING,0.027925404836955263,0.009110841530769548,0.03814334658081923,2.0585085881508203,0.0050000000000000044,0.6202042072879972,0,staged_v3,0.2746738339934362,2,1.0256816569569573,0.2747168330038176,2,0,0,0
v3_pelvis_proxy:v3_left_hand_proxy,282,0.07352676900052607,1.0000000000000009,0.27302019523541643,0.0,0.18784431004600652,FLAT,0.0,-1,0.031881318378983586,0.009020456662982426,0.030200689151984664,LOADING,0.1567019895846785,0.01748957779461681,0.016660688218019092,0.05146309437799412,0.27302019523541643,0.09983696137454126,0,ok,0.0,0.009587049270324723,AIR,0.0,-1,1.6616063127183105,0.05567553004183426,0.4181304927662206,UNLOADING,0.024732977236640197,0.002308174420068518,0.043598350218242515,0.0,0.0050000000000000044,0.6252042072879972,0,staged_v3,0.28630800946342305,2,1.0286805075756127,0.28636614699591806,2,0,0,0
v3_pelvis_proxy:v3_left_hand_proxy,283,0.07668508391386161,1.0000000000000009,0.2621396814770526,0.0,0.19139495078194974,FLAT,0.0,-1,0.03026471151395942,0.01362072577551577,0.030090843200929335,LOADING,0.1624887347334469,0.012883816384530698,0.019819721978358167,0.04941216585256061,0.2621396814770526,0.1011928121169374,0,ok,0.0,0.007466401479073035,AIR,0.0,-1,1.6638312586607136,0.05310863417919734,0.39881763127181813,UNLOADING,0.02184093319241513,0.0,0.04804284759139167,0.0,0.0050000000000000044,0.6302042072879972,0,staged_v3,0.2968865793957886,2,1.0328290838152867,0.2969521458652408,2,0,0,0
v3_pelvis_proxy:v3_left_hand_proxy,284,0.0802622260929987,1.0000000000000009,0.26013429247466024,0.0,0.19447075515878684,FLAT,0.0,-1,0.028889601442268133,0.01862108678281395,0.03495446398505712,LOADING,0.16752561461704596,0.008126636416438907,0.02322331146974354,0.04903415893111028,0.26013429247466024,0.10203694558246551,0,ok,0.0,0.005814839318627575,AIR,0.0,-1,1.6767589398688925,0.05040971383912149,0.3849793613143039,UNLOADING,0.01923169219229826,0.0,0.05190576544075086,0.0,0.0050000000000000044,0.6352042072879972,0,staged_v3,0.30608730560379305,2,1.0376648399976087,0.306161269328472,2,0,0,0
v3_torso_proxy:v3_left_forearm_proxy,285,0.08341857612717152,0.8000000000000007,0.3670708633401168,0.0,0.19145102970706263,FLAT,0.0,-1,0.04566827145377933,0.02293971381316661,0.045778887551412684,LOADING,0.17055781460293692,0.004349230564404026,0.0250571803837085,0.06919122765697043,0.3670708633401168,0.09711538952777621,0,ok,0.0,0.00452860141478155,AIR,0.0,-1,1.6681677555637044,0.04814862765524709,0.37506380760557223,UNLOADING,0.01688860572554502,0.0,0.05472599017781174,-2.500000000000002,0.0040000000000000036,0.6392042072879972,0,staged_v3,0.31133155484396063,2,1.0508142493851895,0.31141528252341044,2,0,0,0
v3_torso_proxy:v3_left_forearm_proxy,286,0.06247665491310579,0.6000000000000005,0.305816653981937,0.0,0.19222401990957685,FLAT,0.0,-1,0.02518190373799346,0.02506973709592134,0.06096246243523225,LOADING,0.17254736574568752,0.0029783860258402774,0.02774844596102949,0.05764508120970391,0.305816653981937,0.0962319598713462,0,ok,0.0,0.0035268783280501433,AIR,0.0,-1,1.6823928795049368,0.0460246359640713,0.36795900291159,UNLOADING,0.014794395149762921,0.0,0.057786506637667226,-2.500000000000002,0.0030000000000000027,0.6422042072879972,0,staged_v3,0.3148911812686021,2,1.05447127294899,0.3149822063176516,2,0,0,0
v3_torso_proxy:v3_left_forearm_proxy,287,0.05910258604555307,0.40000000000000036,0.9999999999999996,0.0,0.17882537389604228,FLAT,0.0,-1,0.05962636536495532,0.02332318698504342,0.07923226288322772,LOADING,0.1714201184764921,0.005638426159117967,0.032747809726641194,0.18849555921538752,0.9999999999999996,0.10022919914631687,0,ok,0.0,0.0027467356036830187,AIR,0.0,-1,1.6722806362851332,0.04541800091932707,0.36286818789284003,UNLOADING,0.01293091479016162,0.0,0.06233710670952357,-2.500000000000002,0.0020000000000000018,0.6442042072879972,0,staged_v3,0.31322739704388,2,1.0568585872553344,0.31332742002005964,2,0,0,0
v3_pelvis_proxy:v3_left_hand_proxy,288,0.0794357452597081,0.20000000000000018,0.6784796019579216,0.0,0.17026002981445584,FLAT,0.0,-1,0.055480148067091686,0.02592776775910315,0.09814238297751324,LOADING,0.1688672879459422,0.003979351389772515,0.03539878850163851,0.12789039198729202,0.6784796019579216,0.08926981442869195,0,ok,0.0,0.0021391598390384427,AIR,0.0,-1,1.427897928201146,0.040188315242546666,0.35922045953556647,UNLOADING,0.011279459799944106,0.002772707734231661,0.06685322059857991,-2.500000000000002,0.0010000000000000009,0.6452042072879972,0,staged_v3,0.3088527603691806,2,1.0787155328077853,0.3089565368023447,2,0,0,0
v3_pelvis_proxy:v3_left_hand_proxy,289,0.12348820328792136,0.0,0.896495122333732,0.0,0.16206239157576635,FLAT,0.0,-1,0.058589888028030744,0.0300779408570283,0.11776961673675004,LOADING,0.1651685847868715,0.000810539979809205,0.036329124886318946,0.16898534941816412,0.896495122333732,0.08082936258839038,0,ok,0.0,0.0016659793577580397,AIR,0.0,-1,1.300395995041837,0.0348377624087141,0.35660674795511205,UNLOADING,0.009821234096641748,0.007992574989041504,0.07290452199909528,-2.500000000000002,0.0,0.6452042072879972,0,staged_v3,0.3023309826672436,2,1.0863377101215,0.30242939307418865,2,0,0,0
v3_pelvis_proxy:v3_left_hand_proxy,290,0.10970520763818138,0.20000000000000018,0.34168626220195025,0.0,0.16482884175665496,FLAT,0.0,-1,0.04809641709143481,0.03233880663464754,0.1411128759868966,LOADING,0.16179726836743047,0.0,0.03782543969191356,0.06440634306997217,0.34168626220195025,0.07580722456251643,0,ok,0.0,0.0012974660284027575,AIR,0.0,-1,1.0572289893406217,0.029985600748326464,0.36016443706481194,UNLOADING,0.008536795640931835,0.013022621104914138,0.07209640903701664,-2.500000000000002,-0.0010000000000000009,0.6442042072879972,0,staged_v3,0.2963756588785157,2,1.0853254153088359,0.29646262909236293,2,0,0,0
v3_pelvis_proxy:v3_left_hand_proxy,291,0.10498991339500248,0.40000000000000036,0.25537571126526704,0.0,0.16281319645251044,FLAT,0.0,-1,0.057928869557270064,0.034301224071517596,0.17519580805573037,LOADING,0.15786751673463706,0.0,0.03818133070378146,0.048137187504973866,0.25537571126526704,0.07439480054494736,0,ok,0.0,0.0010104675589286132,AIR,0.0,-1,0.8624331478771686,0.025328353410389786,0.3688177152496761,UNLOADING,0.007408366152585951,0.018112532352094025,0.0694820745585702,-2.500000000000002,-0.0020000000000000018,0.6422042072879972,0,staged_v3,0.28939926973099706,2,1.0853904207670393,0.28949012297813254,2,0,0,0
v3_torso_proxy:v3_left_forearm_proxy,292,0.12537828094488776,0.6000000000000005,0.7912246461231126,0.0,0.15797096334222477,FLAT,0.0,-1,0.07046336031586695,0.036717178663393746,0.20192942745356107,LOADING,0.15332529679543774,0.0,0.037281864864311065,0.14914233213597328,0.7912246461231126,0.07678247373073054,0,ok,0.0,0.0007869529261618548,AIR,0.0,-1,0.5089298077882304,0.02108097321764786,0.3518200871790128,UNLOADING,0.006422897713512788,0.02151003114130278,0.06444490001999058,-2.500000000000002,-0.0030000000000000027,0.6392042072879972,0,staged_v3,0.28134615532548496,2,1.0859350273573027,0.2814448358909389,2,0,0,0
v3_torso_proxy:v3_left_forearm_proxy,293,0.10112141397061462,0.8000000000000007,0.5140268571888249,0.0,0.1473837577230324,FLAT,0.0,-1,0.08715249107534251,0.038255901118546654,0.24715496885940316,LOADING,0.14727270149217728,0.0017054045761157668,0.03565234386685439,0.09689177989753572,0.5140268571888249,0.07589374971737106,0,ok,0.0,0.000612879555135186,FLAT,0.0,-1,0.32304838095090915,0.005254243581738785,0.3395986390942288,LOADING,0.005563161824765618,0.03672568837297266,0.05304166121370087,-2.500000000000002,-0.0040000000000000036,0.6352042072879972,0,staged_v3,0.2705495592866369,2,1.0792771495877005,0.27055526703322136,2,0,0,0
v3_torso_proxy:v3_left_forearm_proxy,294,0.7607870632088004,1.0000000000000009,0.9999992274641634,0.0,0.13271327601512573,FLAT,0.0,-1,0.10394675743544117,0.047911222007833126,0.31148114545249384,LOADING,0.13928740024832073,0.03490739421213186,0.005666663060492833,0.18849541359581307,0.9999992274641634,0.06195221788251688,0,ok,0.0,0.0004773110774677371,FLAT,0.0,-1,0.3079039857445782,0.0658685402252472,0.30497062127742164,LOADING,0.004815816595746217,0.0,0.09707220786191981,-2.500000000000002,-0.0050000000000000044,0.6302042072879972,0,staged_v3,0.25532996464973856,2,1.0891701908663036,0.25285103561283134,2,0,0,0
v3_torso_proxy:v3_left_forearm_proxy,295,0.5605953570903119,1.0000000000000009,0.8802490715864494,0.0,0.1134536214293023,FLAT,0.0,-1,0.12039160447612393,0.031724353025397105,0.36021901288772595,LOADING,0.1297585530570608,0.016374186983432047,0.026636763660954254,0.16592304099751354,0.8802490715864494,0.06160837574112625,0,ok,0.0,0.02877923607733212,FLAT,0.0,-1,0.08005061676815525,0.0028132360420489695,0.2749029702644455,LOADING,0.00802620099614334,0.035931912471173305,0.054954390027631736,0.0,-0.0050000000000000044,0.6252042072879972,1,staged_v3,0.29990131636328854,2,1.0820844761853452,0.3010861429575622,2,1,0,0
v3_torso_proxy:v3_left_forearm_proxy,296,0.11438717916081087,1.0000000000000009,0.5183643842771234,0.0,0.09032186558443557,FLAT,0.0,-1,0.14361885994831305,0.03342329487435902,0.4217950911155493,LOADING,0.11868226634326957,0.01707347464471559,0.029016279911061878,0.09770938449165645,0.5183643842771234,0.06160842364802066,0,ok,0.0,0.06352969706114986,FLAT,0.0,-1,0.06571284444624485,0.004149975070651933,0.24850378176028734,LOADING,0.015969426214388415,0.033275214017362435,0.056976943805191,0.0,-0.0050000000000000044,0.6202042072879972,0,staged_v3,0.258592832559658,2,1.0860084169928625,0.258592832559658,2,1,0,0
v3_pelvis_proxy:v3_left_hand_proxy,297,0.8470784480697664,1.0000000000000009,0.9999845463948632,0.0,0.0703427396456286,FLAT,0.0,-1,0.18578301739085673,0.03746475347256227,0.4853206164955701,UNLOADING,0.10689965084777746,0.029004403587813848,0.020261627236964664,0.18849264627944545,0.9999845463948632,0.03862226306564158,0,ok,0.0,0.09427128710386806,FLAT,0.0,-1,0.07191139488008086,0.044067459772398926,0.22552712028748073,LOADING,0.027377652011018407,0.0,0.06681885039813315,0.0,-0.0050000000000000044,0.6152042072879972,0,staged_v3,0.1718910878137616,2,1.0927502846989474,0.16350350867198324,2,0,0,0
v3_pelvis_proxy:v3_left_hand_proxy,298,0.30718267695489776,1.0000000000000009,0.9324332135969837,0.0,0.054782980719403504,FLAT,0.0,-1,0.28600330237357924,0.036101780353563366,0.5488013718567979,UNLOADING,0.09515941583326501,0.02693484635404369,0.025505222238796206,0.1757595200279644,0.9324332135969837,0.03473760262787244,0,Stage B: NoSolutionFound: QP solver proxqp failed to find a solution.,0.0,0.09663082199108353,FLAT,0.0,-1,0.10063611757863747,0.009227563941438099,0.18020973070772275,LOADING,0.03774552312521562,0.02478292259394804,0.04977297134423672,0.0,-0.0050000000000000044,0.6102042072879972,0,staged_v3,0.25901339303275167,2,1.0822406938607554,0.25901339303275167,1,0,0,0
v3_pelvis_proxy:v3_left_hand_proxy,299,0.4093017578125003,0.8000000000000007,0.40930175781250006,0.0,0.04266502828325713,FLAT,0.0,-1,0.2773959524141184,0.03084434391412033,0.6220187646828224,UNLOADING,0.08386901072784828,0.050113472046219396,0.00598746618792172,0.07715156372670834,0.40930175781250006,0.03497954989060956,0,ok,0.0,0.08650093448034941,FLAT,0.0,-1,0.12207344862730238,0.013241126967429497,0.14195637580188936,LOADING,0.04504073356378096,0.018856691822664973,0.04035504584508175,2.500000000000002,-0.0040000000000000036,0.6062042072879972,1,staged_v3,0.2874677841744019,2,1.0888232201312746,0.27788343410359456,2,0,1,1
v3_pelvis_proxy:v3_left_hand_proxy,300,0.0,0.0,0.0,0.0,0.03322755743676429,FLAT,0.0,-1,0.4543799100661698,0.03084434391412033,0.7198466070451367,UNLOADING,0.07321755390322883,0.055004864164335115,0.00598746618792172,0.0,0.0,0.03497954989060956,0,ok,0.0,0.09565587361572243,FLAT,0.0,-1,0.08712902531722663,0.013241126967429497,0.1146386745352979,LOADING,0.052970589061604775,0.0174908067593354,0.04035504584508175,10.000000000000009,0.0,0.6062042072879972,1,staged_v3,0.19500923816548216,2,1.0742021142585492,0.18045785155462585,2,0,1,1
v3_pelvis_proxy:v3_left_hand_proxy,301,0.04071044921874981,0.20000000000000018,0.04071044921875011,0.0,0.02587764775130211,FLAT,0.0,-1,0.31894809565027954,0.0341447230876317,0.799261322184358,UNLOADING,0.06349999545913547,0.05873090345934244,0.006232162649875458,0.007673738891397941,0.04071044921875011,0.033472538281549905,0,ok,0.0,0.11143882119964083,FLAT,0.0,-1,0.0773054734292906,0.014439485437648596,0.0947084282271047,LOADING,0.06255339636935212,0.01529593597370664,0.040603562277351055,2.500000000000002,0.0010000000000000009,0.6072042072879972,1,staged_v3,0.2090554844210428,2,1.0600741479691318,0.17517421160617805,2,0,1,1
v3_pelvis_proxy:v3_left_hand_proxy,302,0.9999999999999999,0.40000000000000036,0.9999871334834673,0.0,0.020153532332760064,FLAT,0.0,-1,0.3445234157620667,0.14758017071772833,0.8561644521019084,UNLOADING,0.05484268101713961,0.015145857300442336,0.05266236530465308,0.18849313393415862,0.9999871334834673,0.03558641747951741,0,ok,0.0,0.13482814104956276,FLAT,0.0,-1,0.059091110943621544,0.012884067849224898,0.08037926183551808,LOADING,0.07484086801495045,0.016134895242551007,0.014667314835185064,2.500000000000002,0.0020000000000000018,0.6092042072879972,0,staged_v3,0.1999555794056172,2,1.0415294463337494,0.1999555794056172,2,1,1,1
v3_pelvis_proxy:v3_left_hand_proxy,303,1.0000000000000002,0.6000000000000005,0.9999999234463796,0.0,0.015695586762408415,FLAT,0.0,-1,0.7695193269025339,0.17208839017135258,0.8969373263574814,UNLOADING,0.04723910217699423,0.03143463757881405,0.03841222873906002,0.18849554478537012,0.9999999234463796,0.01822251310395088,0,ok,0.0,0.14692476293134069,FLAT,0.0,-1,0.06722158485658988,0.05575809025642471,0.06996040800418372,LOADING,0.08720186372610958,0.005060319106042047,0.02343770129416714,2.500000000000002,0.0030000000000000027,0.6122042072879972,0,staged_v3,0.23964780365681163,2,1.0300090041321213,0.2205702794342521,2,0,1,1
v3_pelvis_proxy:v3_left_hand_proxy,304,0.5504683882934996,0.40000000000000036,0.9999999760199907,0.0,0.01222373526132885,FLAT,0.0,-1,1.0135364362684904,0.1745958800785578,0.9243963604022895,UNLOADING,0.040622681705314384,0.003505458868340819,0.06771435915177366,0.18849555469526233,0.9999999760199907,0.02808270400107235,0,ok,0.0,0.1533003930732038,FLAT,0.0,-1,0.06909741305649063,0.01456164834240644,0.06166880670204278,LOADING,0.09853079913397271,0.013521791992695702,0.05497260852761613,-2.500000000000002,0.0020000000000000018,0.6142042072879972,0,staged_v3,0.4089076542710438,2,1.0196989754767583,0.30098748905708517,2,0,0,0
v3_pelvis_proxy:v3_left_hand_proxy,305,0.8671599240608215,0.20000000000000018,0.8985555867169388,0.0,0.009519854593580453,FLAT,0.0,-1,1.3582995244213742,0.15028488485535085,0.8998003475224101,UNLOADING,0.034955710907685754,0.03220740148737138,0.03778261588874913,0.16937373780432008,0.8985555867169388,0.027909623097156444,0,ok,0.0,0.16149324370379364,FLAT,0.0,-1,0.0643815027557694,0.01085540660394527,0.05500015115309258,LOADING,0.10934685748515452,0.01689460095370936,0.03817017988719996,-2.500000000000002,0.0010000000000000009,0.6152042072879972,0,staged_v3,0.28308897721714854,2,1.0321285675970695,0.2848550388727952,2,1,0,0
v3_torso_proxy:v3_left_forearm_proxy,306,0.8356503453520129,0.0,1.0000000000000002,0.0,0.007414070212206368,AIR,0.0,-1,1.3669985763581616,0.16087663171539024,0.8454977805272246,UNLOADING,0.03012567939274677,0.03321445248281155,0.03406043654354967,0.18849555921538763,1.0000000000000002,0.05862979368260786,0,ok,0.0,0.1697263025427438,FLAT,0.0,-1,0.056839970188252695,0.0084282658878451,0.05025887321508941,LOADING,0.11971669595252005,0.01908467777290937,0.03755610394788115,-2.500000000000002,0.0,0.6152042072879972,0,staged_v3,0.22816167184143638,2,1.0577985173835032,0.2275839857104608,2,0,0,0
v3_pelvis_proxy:v3_left_hand_proxy,307,0.6480779994568329,0.0,0.9487491621013182,0.0,0.005774083687012696,AIR,0.0,-1,1.4233481215246706,0.13952415902579032,0.7728454881954019,UNLOADING,0.026009383645360415,0.05369267887229935,0.009949595537470757,0.1788350038654184,0.9487491621013182,0.05862046169276308,0,ok,0.0,0.1797443724754393,FLAT,0.0,-1,0.045825991821475946,0.05963610962189965,0.04689947701022377,LOADING,0.1300362478441781,0.0,0.06068160893383593,0.0,0.0,0.6152042072879972,0,staged_v3,0.24906260502629202,2,1.0521532893550143,0.25105185518933726,2,1,0,0
v3_torso_proxy:v3_left_forearm_proxy,308,0.6753098288779972,0.0,0.9319855914557729,0.0,0.004496860896965312,AIR,0.0,-1,1.4629898668582895,0.15440714129955535,0.6905586608595177,UNLOADING,0.022492545218578273,0.031059429174963436,0.02846850386801245,0.17567514524213967,0.9319855914557729,0.06687445652483838,0,ok,0.0,0.18822808695220855,FLAT,0.0,-1,0.04745842308972658,0.013869596440912197,0.044315669844847694,LOADING,0.14000632491440393,0.013346187051330189,0.04144023481447237,0.0,0.0,0.6152042072879972,0,staged_v3,0.26982125967197523,2,1.0661726083736682,0.27003227604756164,2,1,0,0
v3_torso_proxy:v3_left_forearm_proxy,309,0.30688625555791976,0.20000000000000018,0.5696469318185315,0.0,0.003502158787919765,AIR,0.0,-1,1.503362560224819,0.15053507657044435,0.612243930770324,UNLOADING,0.01947332209098451,0.026089978545999145,0.02952221799251706,0.10737591696846388,0.5696469318185315,0.07650521867554594,0,ok,0.0,0.19471423822951434,FLAT,0.0,-1,0.04734176222535684,0.010378913813674721,0.04240961173340238,LOADING,0.14929635652897022,0.0167415667729954,0.03995548314595823,2.500000000000002,0.0010000000000000009,0.6162042072879972,0,staged_v3,0.28910000927612284,2,1.0763362557379577,0.2889702837937176,2,0,0,0
v3_torso_proxy:v3_left_forearm_proxy,310,1.0,0.40000000000000036,1.0,0.0,0.0027274840064723154,AIR,0.0,-1,1.6223051817126064,0.11952005610587338,0.5379059874048823,UNLOADING,0.01687146951067812,0.042997698025843994,0.008897601344400128,0.1884955592153876,1.0,0.06482284339482326,0,ok,0.0,0.19931849832314025,FLAT,0.0,-1,0.046552065409279926,0.01909331673652439,0.04098697551862207,LOADING,0.15766689240556842,0.02301769665979917,0.004031652116131935,2.500000000000002,0.0020000000000000018,0.6182042072879972,0,staged_v3,0.307827382783958,2,1.0699462184142972,0.30919932486746105,2,0,1,1
v3_torso_proxy:v3_left_forearm_proxy,311,1.0,0.6000000000000005,0.967015628779335,0.0,0.002124166680055372,AIR,0.0,-1,1.6261636215070943,0.18157019999444662,0.4846405234198822,UNLOADING,0.01461764664178157,0.0,0.0670747647344508,0.1822781517167804,0.967015628779335,0.06576853257605364,0,ok,0.0,0.1996846731957389,FLAT,0.0,-1,0.049049801181406776,0.0022648979734507186,0.03983678915894555,LOADING,0.1644794893187282,0.025304927333631277,0.0016869121243160016,2.500000000000002,0.0030000000000000027,0.6212042072879972,0,staged_v3,0.3180954199464924,2,1.075631061538603,0.31973744452589,2,1,1,1
v3_torso_proxy:v3_left_forearm_proxy,312,0.9350104523241762,0.8000000000000007,0.999989610214282,0.0,0.0016543026738013102,AIR,0.0,-1,1.6604723442344984,0.10729678725386552,0.44647415070238916,UNLOADING,0.0126602255918858,0.03179368477710634,0.015530022758013125,0.18849360078691857,0.999989610214282,0.06747231349362046,0,ok,0.0,0.19409357063526098,FLAT,0.0,-1,0.058255833955427924,0.04465940685971306,0.03741072078957796,LOADING,0.16895006950641714,0.0025536815917347154,0.024316854447744184,2.500000000000002,0.0040000000000000036,0.6252042072879972,0,staged_v3,0.3224453877341154,2,1.0782380919347356,0.32389345209490805,2,1,0,0
v3_torso_proxy:v3_left_forearm_proxy,313,1.0000000000000002,0.6000000000000005,0.9999689231147185,0.0,0.0012883722177935793,AIR,0.0,-1,1.6504172005190325,0.10830855154207217,0.4191267496392761,UNLOADING,0.010958533501305573,0.014528094300866767,0.03142824318109704,0.1884897013605178,0.9999689231147185,0.0741837439167868,0,ok,0.0,0.19294244224712107,FLAT,0.0,-1,0.04804260390254132,0.017106584822743832,0.03510779072221445,LOADING,0.17239378747778894,0.00964880471336689,0.04047829923016908,-2.500000000000002,0.0030000000000000027,0.6282042072879972,0,staged_v3,0.33276107711219305,2,1.0788514921739258,0.33225840955910046,2,0,0,0
v3_torso_proxy:v3_left_forearm_proxy,314,0.25792741572324124,0.40000000000000036,0.5551126940434232,0.0,0.0010033852921050822,AIR,0.0,-1,1.6477953150938929,0.1019005056126781,0.39953148051473675,UNLOADING,0.009479100326951009,0.003868001292056028,0.041108572733680813,0.10463627769127543,0.5551126940434232,0.07989985667632536,0,ok,0.0,0.1921261257155472,FLAT,0.0,-1,0.043811150447592706,0.005205724006569292,0.032959511713571796,LOADING,0.17507377846713965,0.021442251579109298,0.032546003153789825,-2.500000000000002,0.0020000000000000018,0.6302042072879972,1,staged_v3,0.33898283662715,2,1.073753499595759,0.33912798758809776,2,0,0,0
v3_torso_proxy:v3_left_forearm_proxy,315,0.011978070503236972,0.20000000000000018,0.24560727610701888,0.0,0.0007814372512137683,AIR,0.0,-1,1.643420839324548,0.0935860585033286,0.4037138438252837,UNLOADING,0.008191508882360579,0.004137248383783675,0.04104844380748051,0.04629588085716063,0.24560727610701888,0.08025478522271202,0,ok,0.0,0.19527674177598747,FLAT,0.0,-1,0.04304535974797417,0.005224680464554144,0.031205151933957374,LOADING,0.17789564304965164,0.021335577132143724,0.032051825792783664,-2.500000000000002,0.0010000000000000009,0.6312042072879972,1,staged_v3,0.3471187182713053,2,1.0658597804943675,0.34735876504800545,2,0,0,0
v3_torso_proxy:v3_left_forearm_proxy,316,0.15531953775799984,0.0,0.6054888856626084,0.0,0.0006085839431664489,AIR,0.0,-1,1.609832473808535,0.06944392766339277,0.4067106380894856,UNLOADING,0.007072874239067668,0.007686601412570382,0.037648930491903904,0.11413196610167525,0.6054888856626084,0.07792090134562776,0,ok,0.0,0.19650971637662326,FLAT,0.0,-1,0.04324070009204181,0.02545107508382295,0.029649579616582183,LOADING,0.18045317161881783,0.0010314038970061605,0.04393016983068064,-2.500000000000002,0.0,0.6312042072879972,0,staged_v3,0.3542172213180222,2,1.0612341739961901,0.3537203583280926,2,0,0,0
v3_torso_proxy:v3_left_forearm_proxy,317,0.21641695600601787,0.20000000000000018,0.3729730459132506,0.0,0.0004739656515027138,AIR,0.0,-1,1.5528406002225297,0.052361238744356976,0.4088579350111342,UNLOADING,0.006102489495481303,0.010019652957100687,0.03542324379345602,0.0703037628616846,0.3729730459132506,0.07414190442009216,0,ok,0.0,0.19564126207195567,FLAT,0.0,-1,0.046088271725081856,0.026299276627534035,0.029441581809247254,LOADING,0.18233879206493422,0.0001728024629283273,0.04071904407228314,2.500000000000002,0.0010000000000000009,0.6322042072879972,0,staged_v3,0.3583419507951358,2,1.0563847314619603,0.357767885409717,2,0,0,0
v3_torso_proxy:v3_left_forearm_proxy,318,0.28404741173076764,0.0,0.4897009370255827,0.0,0.00036912482053926205,AIR,0.0,-1,1.4118402264602985,0.050118231423159784,0.41039654048859414,UNLOADING,0.005261796320581327,0.0,0.04593373986644253,0.09230645197293652,0.4897009370255827,0.07706258309115695,0,ok,0.0,0.19378005397984813,FLAT,0.0,-1,0.04633597566823094,0.005432795621104422,0.03183575218101736,LOADING,0.18339321769269168,0.02115899198794645,0.02853841703221182,-2.500000000000002,0.0,0.6322042072879972,1,staged_v3,0.3606915814293673,2,1.0558466070992634,0.3607390385060196,2,0,0,0
v3_torso_proxy:v3_left_forearm_proxy,319,4.337483363885111e-05,0.00026855468751030287,0.00042604064398999055,0.0,0.0002874746992870691,AIR,0.0,-1,1.341902978419064,0.05010571844361013,0.41149899948781454,UNLOADING,0.004534279581662906,0.0,0.045935608391868124,8.030676943737713e-05,0.00042604064398999055,0.07706228581775816,0,ok,0.0,0.19084664496589918,FLAT,0.0,-1,0.046482491382019916,0.005432142534338536,0.03648202629394578,LOADING,0.18349140868338173,0.021391958780358756,0.02853632809246448,-0.003356933593878786,-1.3427734375515143e-06,0.6322028645145596,1,staged_v3,0.3610278290714179,2,1.0560320317508658,0.3610959128087518,2,0,0,0
v3_torso_proxy:v3_left_forearm_proxy,320,0.07089416772009285,0.20026855468751048,0.43570834276361226,0.0,0.00022388552091798605,AIR,0.0,-1,0.844368449513473,0.040098693434890934,0.413590489120257,UNLOADING,0.00390528086982743,0.005580831021121918,0.04407424997132897,0.08212908772403688,0.43570834276361226,0.07590544165751704,0,ok,0.0,0.19033372365359022,FLAT,0.0,-1,0.047076246315809145,0.0060114465970646305,0.04167528816202824,LOADING,0.1833357089962379,0.021072317811036783,0.02672607683835141,-2.500000000000002,-0.0010013427734375524,0.6312015217411221,0,staged_v3,0.3609517115719729,2,1.0576419620281103,0.3610176717495764,2,0,0,0
v3_torso_proxy:v3_left_forearm_proxy,321,0.04047734398604995,0.23379944264889652,0.18023301195776,0.0,0.00017436221900927692,FLAT,0.0,-1,0.5077252476861452,0.0334628068942426,0.3757066431441247,LOADING,0.0033629340562826744,0.010322525262963636,0.03826598680327506,0.03397312237805161,0.18023301195776,0.07506953164612876,0,ok,0.0,0.19382852418502206,FLAT,0.0,-1,0.03778130636382552,0.005574274783394447,0.048292676757556136,LOADING,0.18356217238102246,0.021840359054483362,0.025777299864296988,-0.41913609951732544,-0.0011689972132444826,0.6300325245278776,1,staged_v3,0.36162562705601714,2,1.0591357312109293,0.36171161306533905,2,0,0,0
v3_torso_proxy:v3_left_forearm_proxy,322,0.08426903070147931,0.4337994426488967,0.3156206942138833,0.0,0.00013579343270249267,FLAT,0.0,-1,0.1798637804907897,0.022282708745074258,0.30761484733186817,LOADING,0.002895946527761299,0.018098033621519155,0.035994090491230965,0.05949309925579478,0.3156206942138833,0.07361292060806372,0,ok,0.0,0.2018463289031743,FLAT,0.0,-1,0.023533947577719965,0.005635941732129737,0.08359042442347255,LOADING,0.18384451962518558,0.02354357948904389,0.025629231804040534,-2.500000000000002,-0.0021689972132444835,0.6278635273146331,0,staged_v3,0.3623988205631916,2,1.059273774269805,0.3624637298689319,2,0,0,0
v3_torso_proxy:v3_left_forearm_proxy,323,0.001415210717111148,0.018723079238402995,0.005313283245968713,0.0,0.04872029293812236,FLAT,0.0,-1,0.03450515156447214,0.02211555298327493,0.25746345733570736,LOADING,0.009552076797382028,0.01575761988351044,0.035916509207106415,0.0010015302967186224,0.005313283245968713,0.07358295830176656,0,ok,0.0,0.21173099610485274,FLAT,0.0,-1,0.015426759759350506,0.0055913201405256956,0.11157101852973311,LOADING,0.18469720634317233,0.024987230785960962,0.025608223124587177,5.188454542631171,-9.361539619201498e-05,0.6277699119184411,1,staged_v3,0.3641777080693629,2,1.0569816182725325,0.3642108321320242,2,0,0,0
v3_torso_proxy:v3_left_forearm_proxy,324,4.554423689681004e-06,1.3349797312045553e-05,1.4554472619484992e-05,0.0,0.0869427589729285,FLAT,0.0,-1,0.039942117671494526,0.02211527073334035,0.222107394918491,LOADING,0.021168087291990642,0.0139900990125842,0.035916421252645825,2.743453455494871e-06,1.4554472619484992e-05,0.07358287028280211,0,ok,0.0,0.21474576403000195,FLAT,0.0,-1,0.029142705303039494,0.005591303671366423,0.1355569106669065,LOADING,0.18488486341039595,0.026186541861978902,0.025608336362688743,0.23387161801363687,-6.674898656022776e-08,0.6277698451694546,1,staged_v3,0.3646322269466187,2,1.0532065266151334,0.3646702153126296,2,0,0,0
v3_torso_proxy:v3_left_forearm_proxy,325,0.0,0.0,0.0,0.0,0.11400085849658732,FLAT,0.0,-1,0.046509209308519865,0.02211527073334035,0.1958161172393198,LOADING,0.03527000043835981,0.012675535128625643,0.035916421252645825,0.0,0.0,0.07358287028280211,0,ok,0.0,0.2115860725946358,FLAT,0.0,-1,0.03859476475508617,0.005591303671366423,0.17925276182844121,LOADING,0.18328112359714144,0.028371334420055638,0.025608336362688743,0.0001668724664005694,0.0,0.6277698451694546,1,staged_v3,0.3615970356399781,2,1.0514130984848566,0.3616035091706447,2,0,0,0
v3_torso_proxy:v3_left_forearm_proxy,326,0.0,0.0,0.0,0.0,0.13688244455042592,FLAT,0.0,-1,0.03766544014960953,0.02211527073334035,0.175128784799078,LOADING,0.05079807802588438,0.011641168506613554,0.035916421252645825,0.0,0.0,0.07358287028280211,0,ok,0.0,0.2126629749322071,FLAT,0.0,-1,0.03315377863290008,0.005591303671366423,0.23909027927835902,LOADING,0.1802148666351925,0.03136321029255153,0.025608336362688743,0.0,0.0,0.6277698451694546,1,staged_v3,0.3551685286038753,2,1.0493882982427951,0.35515549231747867,2,0,0,0
v3_torso_proxy:v3_left_forearm_proxy,327,0.1697556243159431,0.20000000000000018,0.39740966249266324,0.0,0.1581393350502601,FLAT,0.0,-1,0.025516757683357927,0.016747263339345318,0.15994686368051977,LOADING,0.06720755129759712,0.01625007984468067,0.03360494381656977,0.074909956569153,0.39740966249266324,0.07678091949705286,0,ok,0.0,0.22098100021000083,FLAT,0.0,-1,0.016122952082200635,0.005666742583449066,0.3075920690154236,LOADING,0.17632831385049486,0.034712860867322115,0.02965849372531986,-2.500000000000002,-0.0010000000000000009,0.6267698451694546,0,staged_v3,0.3469610757125579,2,1.0466125231829186,0.3469666919749076,2,0,0,0
v3_pelvis_proxy:v3_left_hand_proxy,328,0.0306479642513425,0.3177905769895517,0.3839475601585329,0.0,0.172395471930635,FLAT,0.0,-1,0.025691380796169037,0.013801114983900981,0.1493484928605174,LOADING,0.0830957346424411,0.01866630965912489,0.030210066389914907,0.07237241006146633,0.3839475601585329,0.07391175840482979,0,ok,0.0,0.23510974681414798,FLAT,0.0,-1,0.006020605040743239,0.015570130725621176,0.38208710459392736,LOADING,0.17189246107072687,0.028534224504075195,0.03485637418596333,-1.4723822123693941,-0.0015889528849477585,0.6251808922845068,0,staged_v3,0.3393210158215947,2,1.0467815701398502,0.33878695156672906,2,0,0,0
v3_pelvis_proxy:v3_left_hand_proxy,329,0.06468659027897342,0.11779057698955153,0.12577719700648235,0.0,0.1813020277192497,FLAT,0.0,-1,0.025675208984987843,0.013539119436240862,0.14061402133738696,LOADING,0.0976382718189576,0.01849158163062849,0.02948114061207434,0.023708443086280867,0.12577719700648235,0.07252782778194103,0,ok,0.0,0.23989301668225882,FLAT,0.0,-1,0.010106666713660535,0.0156522541347594,0.4581181754670858,UNLOADING,0.16590691885669262,0.03225365463859489,0.035705089201014145,2.500000000000002,-0.0005889528849477577,0.624591939399559,0,staged_v3,0.21351996766136713,2,1.0469865812523094,0.21347986776440891,2,0,0,0
v3_pelvis_proxy:v3_left_hand_proxy,330,0.03194327929017467,0.08220942301044865,0.13442121373027863,0.0,0.19073981514072708,FLAT,0.0,-1,0.018613687500358748,0.01348202265441608,0.10564411601969621,LOADING,0.11222847265125102,0.016800183146568733,0.028750669590253318,0.025337801852500008,0.13442121373027863,0.07550374266019574,0,ok,0.0,0.22657716579034987,FLAT,0.0,-1,0.04484078748699551,0.01888439746797095,0.5206825602110815,UNLOADING,0.15772055716591651,0.032149730542583126,0.03532187122030801,2.500000000000002,0.00041104711505224323,0.6250029865146113,0,staged_v3,0.24543010221261174,2,1.0493936988536823,0.24538923786117514,2,0,0,0
v3_pelvis_proxy:v3_left_hand_proxy,331,0.02932935267581387,0.2822094230104488,0.13480182748174943,0.0,0.1976341936413914,FLAT,0.0,-1,0.015430276831099534,0.014263784096509337,0.08110165835254114,LOADING,0.1261039246789823,0.014791298821117724,0.029019041952645715,0.02540954585442856,0.13480182748174943,0.07789783100307582,0,ok,0.0,0.20393740143992514,FLAT,0.0,-1,0.05414720496903872,0.02319300521409334,0.566207931668592,UNLOADING,0.14782711002517956,0.03011739136933626,0.035966708539856576,2.500000000000002,0.0014110471150522441,0.6264140336296635,0,staged_v3,0.275772535786898,2,1.04859272539169,0.27573048701558084,2,0,0,0
v3_pelvis_proxy:v3_left_hand_proxy,332,0.026349804902766893,0.482209423010449,0.13673013564685718,0.0,0.20336212721410385,FLAT,0.0,-1,0.01050947299995242,0.015823904907845816,0.06484075277784024,LOADING,0.1389183345029935,0.012418132731046198,0.030390769739612765,0.025773023380350146,0.13673013564685718,0.07837191660896176,0,ok,0.0,0.16839056181837816,FLAT,0.0,-1,0.08783343669947744,0.02847808571132638,0.5769334815242815,UNLOADING,0.13688615269767843,0.025368588364887694,0.037518354364282566,2.500000000000002,0.002411047115052245,0.6288250807447158,0,staged_v3,0.3037781001456573,2,1.0434405055621738,0.303736735299458,2,0,0,0
v3_pelvis_proxy:v3_left_hand_proxy,333,0.019997002064901723,0.331012095036165,0.1438911969365304,0.0,0.20881548074436296,FLAT,0.0,-1,0.014611485818737308,0.016902774514658315,0.05475483889576559,LOADING,0.1506110321498475,0.010834967430129967,0.030947561563387342,0.027122851632722766,0.1438911969365304,0.08068373540847595,0,ok,0.0,0.13226028306247517,FLAT,0.0,-1,0.13419653408239562,0.031960048472798167,0.5722224211071483,UNLOADING,0.12541355712260277,0.02165107258255925,0.03911123981104725,-1.8899665996785497,0.001655060475180825,0.6304801412198966,0,staged_v3,0.3293250756345582,2,1.0420818453633802,0.3292842397699203,2,0,0,0
v3_torso_proxy:v3_right_forearm_proxy,334,0.01633728721773522,0.22390895229975616,0.1458772580859284,0.0,0.2134524076124355,FLAT,0.0,-1,0.016974834864618333,0.01762299648602718,0.048047296552674874,LOADING,0.1611281450166777,0.009779368341606566,0.030979594285475906,0.027497215339714498,0.1458772580859284,0.08075891813168867,0,ok,0.0,0.10300441201830134,FLAT,0.0,-1,0.15986783637015917,0.03384616261923142,0.5488234111818673,UNLOADING,0.11413636028332161,0.018595007939861942,0.04005547560686494,-1.3387892842051108,0.0011195447614987808,0.6315996859813954,0,staged_v3,0.35229491886158915,2,1.042430220645094,0.3522552329289371,2,0,0,0
v3_torso_proxy:v3_right_forearm_proxy,335,0.04163861373487118,0.20662875417774007,0.18840833116939493,0.0,0.20990323072899253,FLAT,0.0,-1,0.011238025299738717,0.01636439465423296,0.04364515372202448,LOADING,0.16905091040475737,0.010817863031868265,0.032684854494506886,0.03551413374461304,0.18840833116939493,0.07937608661554074,0,ok,0.0,0.08021991673966271,FLAT,0.0,-1,0.20225316751144262,0.034791232842425496,0.5144437243919867,UNLOADING,0.10339563510023217,0.015930953377173845,0.04079234559348483,-0.2160024765252011,0.0010331437708887004,0.6326328297522841,0,staged_v3,0.36961941236365675,2,1.0050792072827344,0.3695760802858903,2,0,0,0
v3_torso_proxy:v3_right_forearm_proxy,336,0.03258049598883569,0.1728244469556106,0.14634105129207525,0.0,0.21218450000432765,FLAT,0.0,-1,0.0019356125469122008,0.015846504116661532,0.040704701055706644,LOADING,0.17595024699640527,0.011188730936123801,0.03365533569957723,0.027584638299467445,0.14634105129207525,0.07872115097514111,0,ok,0.0,0.062475333974772215,FLAT,0.0,-1,0.2370396751942675,0.035105532041722405,0.47148794491759016,UNLOADING,0.09334182539319426,0.013468865204157104,0.04110924475745609,-0.42255384027661824,0.0008641222347780531,0.6334969519870621,0,staged_v3,0.38470405003969305,2,0.9822772433692141,0.3846647756380843,2,0,0,0
v3_torso_proxy:v3_right_forearm_proxy,337,0.01020819042306146,0.0881357941479699,0.1584922862271851,0.0,0.2096787748767655,FLAT,0.0,-1,0.020833269483687546,0.016826899384337686,0.038633955686101756,LOADING,0.18107580847309632,0.010104798399967405,0.033113540436733285,0.029875092123718527,0.1584922862271851,0.07879782076729291,0,ok,0.0,0.048655839022200144,FLAT,0.0,-1,0.31622216725524327,0.03472532716837029,0.46013201576345986,UNLOADING,0.0837598117276312,0.013281273619802705,0.04136531359765888,-1.0586081600955088,0.0004406789707398495,0.633937630957802,0,staged_v3,0.3959114744145413,2,1.0010191096342118,0.39587986048017104,2,0,0,0
v3_torso_proxy:v3_right_forearm_proxy,338,0.008758870474519547,0.04011726749395539,0.13153104307204,0.0,0.2059196984362918,FLAT,0.0,-1,0.026708697057931195,0.017663441737409878,0.037016258393081244,LOADING,0.18452011111262678,0.009187371182244185,0.03250149418799616,0.02479301751804741,0.13153104307204,0.0799296066917057,0,ok,0.0,0.03789320553148569,AIR,0.0,1,0.35633570535782083,0.03351038635482561,0.4518775875529226,UNLOADING,0.07476128365672258,0.014083493022820526,0.04179489734662279,-0.6002315831751814,0.00020058633746977694,0.6341382172952718,0,staged_v3,0.40345978561241264,2,1.015156564892609,0.40342932509614665,2,0,0,0
v3_torso_proxy:v3_right_forearm_proxy,339,0.010838135947796274,0.017681512893163998,0.13563462668135876,0.0,0.19960386262290172,FLAT,0.0,-1,0.03822177971707445,0.018377576235845173,0.0357668675431667,LOADING,0.1861090204315742,0.008410767141313162,0.03188706518185143,0.02556652480527305,0.13563462668135876,0.0817831788128267,0,ok,0.0,0.029511258141006743,AIR,0.0,1,0.37628967463270363,0.03190359775776196,0.4453260606982625,UNLOADING,0.0664195468210226,0.015362705277151167,0.042332231819566024,-0.2804469325098924,8.840756446581999e-05,0.6342266248597376,0,staged_v3,0.4069396750168008,2,1.0268995326342538,0.40691014794717095,2,0,0,0
v3_torso_proxy:v3_right_forearm_proxy,340,0.005908097808945693,0.015538033894157977,0.12924707178381997,0.0,0.1922740033865051,FLAT,0.0,-1,0.04741146016580956,0.018897728721012533,0.031102083263267293,LOADING,0.18614599261002263,0.007657375442150834,0.03155684750832975,0.02436249907284249,0.12924707178381997,0.08440943395118326,0,ok,0.0,0.022983390949638423,AIR,0.0,-1,0.4440288905095316,0.029540861753109188,0.43788624359933837,UNLOADING,0.05877665159252311,0.017353450426857736,0.04329452587200657,-0.026793487487575263,7.769016947078988e-05,0.6343043150292084,0,staged_v3,0.40707738544671046,2,1.0329283870653538,0.40704892234217394,2,0,0,0
v3_pelvis_proxy:v3_right_hand_proxy,341,0.007975670144035904,0.014291704593483168,0.13277272704899862,0.0,0.19728680829813375,FLAT,0.0,-1,0.02208646462028858,0.019393802891443445,0.027599738450839482,LOADING,0.18728514288587897,0.0069861840310985295,0.031313326437780585,0.025027069433653015,0.13277272704899862,0.08528086454037141,0,ok,0.0,0.017899482869214643,AIR,0.0,-1,0.45499938688013847,0.027029839822452183,0.42929548279611474,UNLOADING,0.05183931789774472,0.019434934317353554,0.044401449197676524,-0.01557911625843511,7.145852296741584e-05,0.6343757735521758,0,staged_v3,0.4095891442519847,2,1.0378460365584727,0.4095607698947948,2,0,0,0
v3_pelvis_proxy:v3_right_hand_proxy,342,0.01300820521874579,0.011710321782798516,0.14255034851256637,0.0,0.20416901926369818,FLAT,0.0,-1,0.020026732704183276,0.01998130062131305,0.024827838364033482,LOADING,0.18964810307959834,0.006260091296888627,0.031164567182250816,0.026870107659224596,0.14255034851256637,0.08581586944645124,0,ok,0.0,0.01394013127511756,AIR,0.0,-1,0.47715382975401555,0.024237834260998056,0.423139933698955,UNLOADING,0.04558248749115399,0.021919162423949694,0.04579948717959097,-0.03226728513355814,5.855160891399258e-05,0.6344343251610898,0,staged_v3,0.41477921651232363,2,1.0411614873051902,0.4147511874931863,2,0,0,0
v3_pelvis_proxy:v3_right_hand_proxy,343,0.013892106993343669,0.009007546941042222,0.17140340280287703,0.0,0.21371534833088762,FLAT,0.0,-1,0.013996496979601942,0.020603687480438213,0.025031506716895087,LOADING,0.19339162869440657,0.0056478878554065415,0.031103131390034122,0.03230878026274864,0.17140340280287703,0.08769255852126034,0,ok,0.0,0.010856585153179738,AIR,0.0,-1,0.4843406777033685,0.021021968693598635,0.4187292900370657,UNLOADING,0.039972219986669395,0.024914495808254656,0.04777179668399288,-0.03378468552195368,4.503773470521111e-05,0.634479362895795,0,staged_v3,0.42296533839538314,2,1.0433948396425938,0.4229371587348688,2,0,0,0
v3_pelvis_proxy:v3_right_hand_proxy,344,0.018251453243871032,0.003455088853843158,0.18741616663032645,0.0,0.22309659702574752,FLAT,0.0,-1,0.01135861799532262,0.02124535311595771,0.0269945719530496,LOADING,0.19812814293249636,0.005104375481694772,0.031087368197895038,0.03532711513498765,0.18741616663032645,0.0901928315386265,0,ok,0.0,0.008455117018777767,AIR,0.0,-1,0.4865893500070628,0.017431178476543924,0.3958937172472702,UNLOADING,0.03499158703320994,0.02736350738581959,0.04987230551870109,-0.0694057260899883,1.727544426921579e-05,0.6344966383400642,0,staged_v3,0.43330745516015506,2,1.045004649523394,0.4332793568817705,2,0,0,0
v3_torso_proxy:v3_left_forearm_proxy,345,0.01773683883424209,0.06908875602487097,0.1585945488877913,0.0,0.22612506314747696,FLAT,0.0,-1,0.016808223933166572,0.021509355392300422,0.03101595874280446,LOADING,0.20232482984963324,0.005041442544839802,0.030992062531293794,0.02989436818111635,0.1585945488877913,0.09289697872614924,0,ok,0.0,0.006584851755184488,AIR,0.0,-1,0.47634327075359506,0.013934379900759318,0.37908066694040604,UNLOADING,0.030576883422769298,0.030019653446260987,0.050995309023235305,-0.9067980609839266,-0.00034544378012435484,0.6341511945599398,0,staged_v3,0.4424668820272503,2,1.04701805071204,0.442437884482901,2,0,0,0
v3_torso_proxy:v3_left_forearm_proxy,346,0.021231701126237828,0.08531671186577938,0.13545645612716148,0.0,0.23168934644970168,FLAT,0.0,-1,0.011453219843088523,0.02175927314719648,0.03476753317991569,LOADING,0.20658667976162234,0.004979103511799306,0.030877680177455853,0.025532940447023922,0.13545645612716148,0.09217772110916476,0,ok,0.0,0.0051282877033467945,AIR,0.0,-1,0.4681232097499675,0.010685004658910636,0.3700104468963043,UNLOADING,0.02667029545929063,0.032815517685904586,0.05161576839405645,-0.20284944801135518,-0.0004265835593288969,0.633724611000611,0,staged_v3,0.4517551198183037,2,1.04868941843611,0.45172125614860653,2,0,0,0
v3_torso_proxy:v3_left_forearm_proxy,347,0.025957712492979464,0.12775516368448425,0.10764409116772809,0.0,0.24016859605581353,FLAT,0.0,-1,0.004063818757326011,0.021986792100749733,0.03808822186305063,LOADING,0.21147354406623833,0.004917618992402801,0.03073235276728941,0.020290433160893073,0.10764409116772809,0.0912319515344738,0,ok,0.0,0.00399391447918194,AIR,0.0,-1,0.4602207656957083,0.008159561355255078,0.3569010800776758,UNLOADING,0.023227179263366832,0.03468549264862871,0.051460472077624705,-0.5304806477338109,-0.0006387758184224213,0.6330858351821885,0,staged_v3,0.4623690264128747,2,1.0496224550352884,0.46233661106698803,2,0,0,0
v3_torso_proxy:v3_left_forearm_proxy,348,0.024611570413999213,0.15406006747493706,0.23828814254103306,0.0,0.24956909695814858,FLAT,0.0,-1,0.001599237966321435,0.02223573390035099,0.040096804131635716,LOADING,0.21709127000501235,0.0047691063062308,0.030687553464151147,0.04491625668266802,0.23828814254103306,0.09017650308317054,0,ok,0.0,0.003110463723907117,AIR,0.0,-1,0.38635895059958136,0.00850447981149106,0.3423911340927578,UNLOADED,0.020201220586017882,0.03361507689314683,0.046073588827311204,-0.32881129738066006,-0.0007703003373746853,0.6323155348448138,0,staged_v3,0.4745803459224622,2,1.0500444381243377,0.4745458064442413,2,0,0,0
v3_torso_proxy:v3_left_forearm_proxy,349,0.023823380714129153,0.16697858632352958,0.36706006916609596,0.0,0.25809421329465004,FLAT,0.0,-1,0.0016973742182444763,0.02252918444757207,0.04083563161611202,LOADING,0.22318397061966977,0.004512597133233532,0.03072889632849285,0.06918919300310211,0.36706006916609596,0.0890720984080446,0,ok,0.0,0.0024224315838940608,AIR,0.0,-1,0.33661930273279494,0.010033628548430588,0.2986187054492914,UNLOADED,0.01755805310233992,0.029897306724033984,0.03757157118802225,-0.1614814856074065,-0.0008348929316176479,0.6314806419131962,0,staged_v3,0.4878224870765729,2,1.0503421673927218,0.48778669063452773,2,0,0,0
v3_torso_proxy:v3_left_forearm_proxy,350,0.028520758961867208,0.36455526725587273,0.08035183285764348,0.0,0.2541108789462983,FLAT,0.0,-1,0.02318477831160103,0.02244690726319048,0.039406034135345575,LOADING,0.22736665189101138,0.0045233944435768,0.030594856527270307,0.015145963668482865,0.08035183285764348,0.08780495997127966,0,ok,0.0,0.01648489331696539,FLAT,0.0,-1,0.09262075570913858,0.007802648270110801,0.26278969572320093,UNLOADED,0.016785878833172875,0.030336836516049247,0.03727191931592548,-2.4697085116542894,-0.0018227763362793636,0.6296578655769168,0,staged_v3,0.4969160391809423,2,1.0505326385305538,0.4968730030942575,2,0,0,0
v3_torso_proxy:v3_left_forearm_proxy,351,0.0241292916495329,0.30326774444935367,0.06027169564402521,0.0,0.25065506717100317,FLAT,0.0,-1,0.02713218288179093,0.0223637414153023,0.036418697429379955,LOADING,0.2301986287369214,0.0044571934561667,0.030585556369197367,0.011360946975280173,0.06027169564402521,0.08658366483607612,0,ok,0.0,0.03206754876275514,FLAT,0.0,-1,0.0805688156730298,0.0067535274575160655,0.23077969422550873,UNLOADED,0.018362104999483285,0.029785457253759372,0.03717711777436703,0.7660940350814882,-0.0015163387222467684,0.6281415268546701,1,staged_v3,0.5030403284092796,2,1.0507128889979205,0.5029966218344795,2,0,0,0
v3_torso_proxy:v3_left_forearm_proxy,352,1.130727461114103e-05,0.00015978099543456636,3.7036766194627325e-05,0.0,0.24472166396644654,FLAT,0.0,-1,0.03637542889314403,0.022363575459598814,0.03216444285999388,LOADING,0.23152896858737615,0.004244646683400882,0.03058553376880639,6.98126595538584e-06,3.7036766194627325e-05,0.08658277837684918,0,ok,0.0,0.052785417583325056,FLAT,0.0,-1,0.05429811836257837,0.006753430211036526,0.2021755699341587,UNLOADED,0.02311238313942738,0.028355348285671413,0.03717694919865448,3.788849543173989,-7.989049771728318e-07,0.6281407279496929,1,staged_v3,0.5058941765489536,2,1.050129202375197,0.5058294659356684,2,0,0,0
v3_torso_proxy:v3_left_forearm_proxy,353,0.8973388671875002,0.1998402190045656,0.60663468628569,0.0,0.24963438851237768,FLAT,0.0,-1,0.01643088432760463,0.02108441791877829,0.02791454181372064,LOADING,0.23375636665712218,0.023656732463830727,0.002738994626855306,0.11434794443087234,0.60663468628569,0.07211939533235667,0,ok,0.0,0.08259798906927057,FLAT,0.0,-1,0.027317456232982366,0.0465596895455469,0.1774391451882814,LOADING,0.03207828101045154,0.0051086885516476305,0.028763268707766444,2.500000000000002,0.000999201095022828,0.6291399290447157,1,staged_v3,0.5107408784046413,2,1.038253754899717,0.5076002898263549,2,0,1,1
v3_torso_proxy:v3_left_forearm_proxy,354,0.817663204088894,0.00015978099543456636,0.5862969027791236,0.0,0.25578829765820976,FLAT,0.0,-1,0.013210642672695382,0.02598308223052297,0.05321622358984664,LOADING,0.2354403354093706,0.0016777289489693648,0.03322689518457083,0.11051436255560064,0.5862969027791236,0.07499130611814178,0,ok,0.0,0.11507043416198905,FLAT,0.0,-1,0.013353653937081293,0.013236881705363635,0.15722725211754088,LOADING,0.04505827000810665,0.019624480900513414,0.040413694186482385,-2.500000000000002,-7.989049771728318e-07,0.6291391301397385,0,staged_v3,0.5147004594623954,2,1.0435189923704258,0.5142282925839042,2,0,0,0
v3_torso_proxy:v3_left_forearm_proxy,355,0.05298012245273802,0.20015978099543474,0.1508626561259481,0.0,0.24970146265122362,FLAT,0.0,-1,0.033302721840965145,0.028469016274150005,0.07134567079261515,LOADING,0.23493262239381407,9.826726548075454e-05,0.03358708985763117,0.028436940731179305,0.1508626561259481,0.07247737788913167,0,ok,0.0,0.14659547867221623,FLAT,0.0,-1,0.012028127208196938,0.012979994587279529,0.1433059279229656,LOADING,0.06116411152084192,0.019185301808868755,0.04285312938521746,-2.500000000000002,-0.0010007989049771737,0.6281383312347614,0,staged_v3,0.5124961616395605,2,1.0425704687280029,0.5134215001514114,2,0,0,0
v3_torso_proxy:v3_left_forearm_proxy,356,0.5747001743621227,0.20015978099543474,0.4558481053810115,0.0,0.24750776533497088,FLAT,0.0,-1,0.029821555444882495,0.015547401927869305,0.0843359873567932,LOADING,0.23374709827569387,0.013669397439970359,0.01812074101970863,0.0859253435410687,0.4558481053810115,0.06918288401581886,0,ok,0.0,0.17602743714649435,FLAT,0.0,-1,0.0048473693850959185,0.03751280863466891,0.13457024062824174,LOADING,0.07939916573117711,0.0,0.05450766447663379,0.0,-0.0010007989049771737,0.6271375323297842,0,staged_v3,0.5090579594729931,2,1.0397913615004368,0.5102341467018389,2,1,0,0
v3_torso_proxy:v3_left_forearm_proxy,357,0.2540723096947032,0.4001597809954349,0.4664873603003188,0.0,0.24419201048931466,FLAT,0.0,-1,0.034343908861515164,0.020589968584657094,0.09185092931557386,LOADING,0.23203504814979942,0.0090025778811216,0.021587141094611323,0.08793079584671859,0.4664873603003188,0.05842368702203324,0,ok,0.0,0.19788084526248534,FLAT,0.0,-1,0.012274229860017843,0.015956167823999917,0.129163020139434,LOADING,0.09798372411706943,0.015501983182971787,0.039820403046878144,-2.500000000000002,-0.0020007989049771746,0.625136733424807,0,staged_v3,0.507059176761223,2,1.0371649761736272,0.5075165832255738,2,0,0,0
v3_torso_proxy:v3_left_forearm_proxy,358,0.9999999999999999,0.20015978099543474,0.7864944673636961,0.0,0.249803407665718,FLAT,0.0,-1,0.021693294098046018,0.0077632372098234426,0.09671543369703334,LOADING,0.2311219788075897,0.022072534475028226,0.021471101827768187,0.14825071444552831,0.7864944673636961,0.06474178020797765,0,ok,0.0,0.21970450652509949,FLAT,0.0,-1,0.0028979100356606095,0.062138943332208776,0.1254561887833761,LOADING,0.11681522258924117,0.0,0.055125908275886364,2.500000000000002,-0.0010007989049771737,0.6241359345198298,0,staged_v3,0.506195332263249,2,1.0253120276277365,0.5077608809594436,2,1,1,1
v3_torso_proxy:v3_left_forearm_proxy,359,0.7676998221704692,0.00015978099543456636,0.9260672454840306,0.0,0.25946294961522215,FLAT,0.0,-1,0.015410358172089094,0.007396723987283943,0.10020100339677245,LOADING,0.2315904833899699,0.025479766472372028,0.004530283697466599,0.17455956330856598,0.9260672454840306,0.05449889977399178,0,ok,0.0,0.23489354682864022,FLAT,0.0,-1,0.006223688433897305,0.020625853767925695,0.1228731687608238,LOADING,0.1346584645530602,0.010517804670115496,0.0428514939944452,2.500000000000002,-7.989049771728318e-07,0.6241351356148527,0,staged_v3,0.5058971776361662,2,1.0395805410199421,0.50389472148682,2,0,0,0
v3_torso_proxy:v3_left_forearm_proxy,360,0.9999999999999999,0.1998402190045656,0.8952567968662004,0.0,0.27677681086104194,FLAT,0.0,-1,0.0014916890421749146,0.05728046108592816,0.1029795177352368,LOADING,0.23492728038363092,0.0,0.03139248536372164,0.16875193056667112,0.8952567968662004,0.0570590754712981,0,ok,0.0,0.24286898575293103,FLAT,0.0,-1,0.010909356385214616,0.055219682658264026,0.12084804194118014,LOADING,0.15043052051773795,0.01574220120965727,0.015300200887401739,2.500000000000002,0.000999201095022828,0.6251343367098755,0,staged_v3,0.5081388664498124,2,1.026345643333885,0.5095556343073828,2,1,1,1
v3_torso_proxy:v3_left_forearm_proxy,361,0.9304022151059046,0.3998402190045658,0.8293985816237317,0.0,0.2900914220158212,FLAT,0.0,-1,0.006358574319285941,0.00732839708413437,0.10635135529699151,LOADING,0.23978978553178615,0.027687536302955944,0.0026300314618936333,0.1563379494556146,0.8293985816237317,0.052204459515343596,0,ok,0.0,0.24780468602810515,FLAT,0.0,-1,0.011671622073902202,0.02677760327810287,0.11927998587914292,LOADING,0.16399372572976784,0.004186396015854278,0.04277098739308802,2.500000000000002,0.001999201095022829,0.6271335378048983,0,staged_v3,0.5244285660341119,2,1.0424548953296238,0.5215831444159829,2,0,0,0
v3_torso_proxy:v3_left_forearm_proxy,362,0.6504153493494594,0.2498402190045601,0.4524772914407326,0.0,0.297957506253988,FLAT,0.0,-1,0.015585622526003519,0.03157928295604734,0.10988859251789863,LOADING,0.24487490347774776,0.0,0.032264252272349705,0.0852899600823848,0.4524772914407326,0.052553506284707674,0,ok,0.0,0.24931916835066575,FLAT,0.0,-1,0.01437418903254853,0.006682516337160445,0.11804903460481878,LOADING,0.17517243682749295,0.024219935393080497,0.030820104156615305,-1.875000000000071,0.0012492010950228005,0.6283827388999211,1,staged_v3,0.5345627595006884,2,1.0499695236291817,0.5364410694065571,2,1,0,0
v3_pelvis_proxy:v3_left_hand_proxy,363,0.1684773546074892,0.04984021900455993,0.2496407815639863,0.0,0.30826996791782957,FLAT,0.0,-1,0.014302190856153097,0.03246808913937935,0.11396094792372641,LOADING,0.2505277688136976,0.0017496899547795736,0.02894835744140675,0.047056178723870024,0.2496407815639863,0.05639744069593787,0,ok,0.0,0.24606632851318955,FLAT,0.0,-1,0.018965361276272075,0.006687584609581684,0.11679350900556934,LOADING,0.18360342517359776,0.024152090840696784,0.03250434507701071,-2.500000000000002,0.00024920109502279963,0.6286319399949439,1,staged_v3,0.5463609042157389,2,1.0627518353115148,0.5462746076831203,2,0,0,0
v3_torso_proxy:v3_left_forearm_proxy,364,0.2024055449713679,0.0453755709229009,0.3754838763090423,0.0,0.31716035877949156,FLAT,0.0,-1,0.014380282901234854,0.02670052046806021,0.11734233037768096,LOADING,0.256411019686335,0.007960736689244411,0.02290637982963964,0.07077704324123435,0.3754838763090423,0.0560346247027084,0,ok,0.0,0.24044685359793988,FLAT,0.0,-1,0.021423239087444503,0.021793714045772794,0.11400344041607109,LOADING,0.18948975714898927,0.008906457975030764,0.04245893962219931,-1.1901973740932603,-0.0002268778546145045,0.6284050621403294,0,staged_v3,0.5588373952442515,2,1.0679952401927821,0.5592308728094011,2,0,0,0
v3_torso_proxy:v3_left_forearm_proxy,365,0.10712426867495878,0.15462442907709928,0.16521645992966338,0.0,0.3149642302159332,FLAT,0.0,-1,0.018023140401674617,0.024669106282356114,0.11963714835558954,LOADING,0.2605853773248451,0.009677603641314817,0.021304253776464662,0.031142569006028575,0.16521645992966338,0.05326707484774644,0,ok,0.0,0.2424240494354456,FLAT,0.0,-1,0.01121789061139506,0.02118312183883042,0.11179400848197141,LOADING,0.19465630435851652,0.009406578585268152,0.040980866127950016,2.500000000000002,0.0007731221453854964,0.6291781842857149,0,staged_v3,0.5678418907341088,2,1.0690166479444996,0.5682695637958849,2,0,0,0
v3_torso_proxy:v3_left_forearm_proxy,366,0.15563906007678774,0.1682058423315258,0.22674571216298142,0.0,0.3133531463144612,FLAT,0.0,-1,0.0174185867605025,0.020352046466334126,0.12113117950569617,LOADING,0.26354756387979,0.014251197617073354,0.016805361358211455,0.0427405598138525,0.22674571216298142,0.04895122020687284,0,ok,0.0,0.24440054903299255,FLAT,0.0,-1,0.010605332072451047,0.02338142991189925,0.11008372076038683,LOADING,0.1992242489347251,0.0071227561261200945,0.04013461602252992,0.16976766568033153,0.000841029211657629,0.6300192134973726,0,staged_v3,0.5742200132596362,2,1.0689673653865923,0.5746253310227967,2,0,0,0
v3_torso_proxy:v3_left_forearm_proxy,367,0.042868598708719466,0.1172400130128537,0.08527391558924168,0.0,0.3132314515929387,FLAT,0.0,-1,0.018539158391004878,0.019794916056830196,0.12219653568954793,LOADING,0.26582918177168663,0.01442505788146883,0.01668476890300857,0.016073754405479868,0.08527391558924168,0.04837495832351989,0,ok,0.0,0.2470057771536187,FLAT,0.0,-1,0.010110613099217215,0.02280606430978631,0.10885962487670305,LOADING,0.20340276332983953,0.007636916934048846,0.03928044909585608,-0.6370728664834013,0.0005862000650642685,0.6306054135624368,0,staged_v3,0.579228427379424,2,1.0691910139190348,0.5795484846683384,2,0,0,0
v3_torso_proxy:v3_left_forearm_proxy,368,0.4104003906249999,0.31724001301285387,0.16101087972365524,0.0,0.30756542529377495,FLAT,0.0,-1,0.022676213900480472,0.011947866287474296,0.12253953676237492,LOADING,0.2666386455281799,0.028071100966498303,0.0030558758716204464,0.030349835813271907,0.16101087972365524,0.04837480633593502,0,ok,0.0,0.24885925439089113,FLAT,0.0,-1,0.009295162997349893,0.029007537925420372,0.10797397437735712,LOADING,0.20711999699061578,0.0013911607934474837,0.038895232156656113,2.500000000000002,0.0015862000650642694,0.6321916136275011,1,staged_v3,0.5809666625135308,2,1.0631272485644907,0.5809666625135308,2,1,1,1
v3_torso_proxy:v3_left_forearm_proxy,369,0.6903956284347815,0.517240013012854,0.3163497606460962,0.0,0.2994412964467526,FLAT,0.0,-1,0.02491780461366557,0.030681155554315668,0.12230228281874458,LOADING,0.2660929736414557,0.001454251063436541,0.02966086307750069,0.059630525040639926,0.3163497606460962,0.06038159370631703,0,ok,0.0,0.24966440773077256,FLAT,0.0,-1,0.008529558776636914,0.020752234194498908,0.10789821266635374,LOADING,0.21024121046653632,0.00964267643881878,0.039332125975640765,2.500000000000002,0.0025862000650642702,0.6347778136925654,0,staged_v3,0.5796846267454238,2,1.069532777443112,0.5791179937383225,2,0,0,0
v3_torso_proxy:v3_left_forearm_proxy,370,0.18730799204118098,0.31724001301285387,0.41129211085979833,0.0,0.28754019025642324,FLAT,0.0,-1,0.030960101050170205,0.03580309316431565,0.1210262343432369,LOADING,0.2641854465222978,0.0,0.03571285359645567,0.07752673643739488,0.41129211085979833,0.06611159007962539,0,ok,0.0,0.2523503676757466,FLAT,0.0,-1,0.006064147168219717,0.0066304464926005245,0.10800879519559982,LOADING,0.21321183007241357,0.02376999326717947,0.03165814625690462,-2.500000000000002,0.0015862000650642694,0.6363640137576296,0,staged_v3,0.5754198812484934,2,1.0689330528905663,0.5753056232253124,2,0,0,0
v3_torso_proxy:v3_left_forearm_proxy,371,0.024136491282168694,0.1172400130128537,0.07364234617690554,0.0,0.27929016949597296,FLAT,0.0,-1,0.027867229405065516,0.03593845460495279,0.11902697644489516,LOADING,0.2615942548862674,0.0,0.0365077787508766,0.013881255224548972,0.07364234617690554,0.06793474224842914,0,ok,0.0,0.25431412622297334,FLAT,0.0,-1,0.006727949567670933,0.006729609773709063,0.10808803104020707,LOADING,0.21593462666869515,0.023674791778301292,0.031856345474653616,-2.500000000000002,0.0005862000650642685,0.6369502138226939,0,staged_v3,0.5697277293969686,2,1.066745029133372,0.5696878083209999,2,0,0,0
v3_torso_proxy:v3_left_forearm_proxy,372,0.029627793734036494,0.08275998698714648,0.28934137325939324,0.0,0.27701962789845996,FLAT,0.0,-1,0.02126608571556119,0.035183299359059894,0.11761854284448026,LOADING,0.2591432160347611,0.0,0.036210628578809495,0.05453956395667753,0.28934137325939324,0.06829856586487142,0,ok,0.0,0.254181340546721,FLAT,0.0,-1,0.010865145234548632,0.012965230128816937,0.10814480600378792,LOADING,0.21808629109165872,0.01744201017137246,0.03857265359212201,-2.500000000000002,-0.0004137999349357324,0.6365364138877582,0,staged_v3,0.5641734311478095,2,1.0639552022899172,0.5645251942911567,2,0,0,0
v3_torso_proxy:v3_left_forearm_proxy,373,0.017995242187279856,0.28275998698714666,0.11194182741059118,0.0,0.27843350209850076,FLAT,0.0,-1,0.015209291831193652,0.033297354532394574,0.11629233080808796,LOADING,0.2572733024818534,0.0,0.03442808819148936,0.02110053735735179,0.11194182741059118,0.06915840340884441,0,ok,0.0,0.25436140933725404,FLAT,0.0,-1,0.00988043685451497,0.009263732355772533,0.10818548704285029,LOADING,0.21983767214996647,0.021145541996369983,0.03374914737444692,-2.500000000000002,-0.0014137999349357333,0.6351226139528224,0,staged_v3,0.5604033822499424,2,1.0625339968554308,0.5602766782086882,2,0,0,0
v3_torso_proxy:v3_left_forearm_proxy,374,0.9546075666273915,0.48275998698714684,1.0000000000000002,0.0,0.2760060689854668,FLAT,0.0,-1,0.02225889033772202,0.02551150477424297,0.11512929462784623,LOADING,0.2554099285487551,0.005244959957149343,0.02800750935051594,0.18849555921538763,1.0000000000000002,0.05879457360329088,0,ok,0.0,0.2545825744282878,FLAT,0.0,-1,0.009787724662009415,0.03551685078115893,0.10821463628108516,LOADING,0.22127674046657883,0.0,0.042350519527089944,-2.500000000000002,-0.002413799934935734,0.6327088140178867,0,staged_v3,0.561608552860614,2,1.0597809684625943,0.5592201055198249,2,0,0,0
v3_torso_proxy:v3_left_forearm_proxy,375,0.6516142259243191,0.6327599869871525,0.987949104856168,0.0,0.2763741920034122,FLAT,0.0,-1,0.02141644094615295,0.028334988512732237,0.11424957555199539,LOADING,0.2538940184522896,0.0023774902648675336,0.03711313064272416,0.186224018996205,0.987949104856168,0.06021255736630107,0,ok,0.0,0.2561879471408278,FLAT,0.0,-1,0.0052090645678927365,0.007426179514754525,0.10823552262295981,LOADING,0.2227132545317305,0.022985596616393468,0.026907603076825198,-1.875000000000071,-0.0031637999349357626,0.6295450140829509,0,staged_v3,0.553460291668725,2,1.0518056753177105,0.5552248284028239,2,1,0,0
v3_torso_proxy:v3_left_forearm_proxy,376,0.9999999999999996,0.43275998698715235,0.9999999999999999,0.0,0.28139416847662413,FLAT,0.0,-1,0.012495463715475878,0.06369574601778985,0.11348458877288554,LOADING,0.2532606253853863,0.013914354904811198,0.01675987453383308,0.18849555921538758,0.9999999999999999,0.06313787130493842,0,ok,0.0,0.25318450238223245,FLAT,0.0,-1,0.015413415567597639,0.08954569657380401,0.10825048834087635,LOADING,0.2233260348971872,0.011756088114440889,0.01865643630260293,2.500000000000002,-0.0021637999349357617,0.6273812141480152,0,staged_v3,0.5524713587646886,2,1.047830359631214,0.5537270353472055,2,1,1,1
v3_torso_proxy:v3_left_forearm_proxy,377,0.8208007812500002,0.23275998698715217,0.8208007812500002,0.0,0.2810881883670235,FLAT,0.0,-1,0.019824369948479564,0.027138169534178413,0.11289584477755935,LOADING,0.2527026074566646,0.010630677847886471,0.0200141143909915,0.15471730226614583,0.8208007812500002,0.05259366299110188,0,ok,0.0,0.25064269750911966,FLAT,0.0,-1,0.016576635164487555,0.05587698204611556,0.10786203214445725,LOADING,0.22338240128047326,0.028658608454695755,0.00173449315252711,2.500000000000002,-0.0011637999349357608,0.6262174142130794,1,staged_v3,0.5712251968652361,2,1.0828470845537717,0.5644574492233878,2,0,1,1
v3_torso_proxy:v3_left_forearm_proxy,378,1.0000000000000002,0.03275998698715199,0.7082932611280266,0.0,0.28462929574318363,FLAT,0.0,-1,0.007313665411023589,0.03518512590750296,0.11247399127099582,LOADING,0.2526902210797547,0.018399012365496573,0.012224687198053221,0.13351013434481793,0.7082932611280266,0.06745738811647836,0,ok,0.0,0.2496850967102046,FLAT,0.0,-1,0.013721221953048882,0.00624570745380626,0.10772222104298976,LOADING,0.2232975530305839,0.02414040359834323,0.010630108805877898,2.500000000000002,-0.00016379993493575995,0.6260536142781437,0,staged_v3,0.5448186444429205,2,1.0554448644709933,0.5401601733121079,2,0,0,0
v3_torso_proxy:v3_left_forearm_proxy,379,0.4490966796875001,0.1672400130128482,0.44909650992472433,0.0,0.28418566259427536,FLAT,0.0,-1,0.00817622537201127,0.025254579779613054,0.11225628125055856,LOADING,0.25263219477217774,0.025557103315775407,0.005055710746752522,0.08465269777993978,0.44909650992472433,0.06776672492499144,0,ok,0.0,0.2512248195472915,FLAT,0.0,-1,0.01126504948203065,0.031614220694763225,0.10788756819146457,LOADING,0.22346219936386605,0.015301891193617224,0.015092487215956005,2.500000000000002,0.0008362000650642409,0.6268898143432079,1,staged_v3,0.5500196485687185,2,1.057366349139707,0.5517369472748532,2,1,1,1
v3_torso_proxy:v3_left_forearm_proxy,380,0.04663085937500018,0.36724001301284837,0.026636157719499138,0.0,0.27976621594398615,FLAT,0.0,-1,0.022815321989322047,0.024829635106097894,0.11194556356093815,LOADING,0.25203439969541314,0.025981592835514777,0.0046156853425321324,0.0050207974446862536,0.026636157719499138,0.06776672167399797,0,ok,0.0,0.25283962258210024,FLAT,0.0,-1,0.011781818937282534,0.03313628153769899,0.10767369043622535,LOADING,0.22389284895712946,0.013213225854786743,0.017170458667024525,2.500000000000002,0.0018362000650642418,0.6287260144082721,1,staged_v3,0.5473134525777628,2,1.0624419067469797,0.5473134525777628,2,1,1,1
v3_torso_proxy:v3_left_forearm_proxy,381,0.6406376395002399,0.5672400130128485,0.4284398779714061,0.0,0.2852865613138146,FLAT,0.0,-1,0.007578598032426262,0.018906728341277386,0.11244122012425686,LOADING,0.25226923821125763,0.01171533266493546,0.019578612631510544,0.08075901438839261,0.4284398779714061,0.06557134975441446,0,ok,0.0,0.2556691281730767,FLAT,0.0,-1,0.008652324157030733,0.025452939433261088,0.1074722332383159,LOADING,0.22475263836534815,0.004920672228654707,0.04149371405198541,2.500000000000002,0.0028362000650642427,0.6315622144733364,0,staged_v3,0.5436177418945779,2,1.0654246582200935,0.5424080852868587,2,0,0,0
v3_torso_proxy:v3_left_forearm_proxy,382,0.26223873521988766,0.36724001301284837,0.3034786503302062,0.0,0.28333185999119104,FLAT,0.0,-1,0.019697914257885196,0.03057189513180325,0.11234431811454218,LOADING,0.2521595092354145,4.53207739238605e-05,0.03189310703613499,0.0572043779039233,0.3034786503302062,0.06691930344652369,0,ok,0.0,0.2592263382789559,FLAT,0.0,-1,0.0048691282500109455,0.011497682206291698,0.1075498288611076,LOADING,0.22607142868443103,0.018879809236763686,0.03640071534892204,-2.500000000000002,0.0018362000650642418,0.6333984145384006,0,staged_v3,0.5472997179665444,2,1.0646102137663107,0.5469622490854754,2,0,0,0
v3_torso_proxy:v3_left_forearm_proxy,383,0.0723135994976434,0.1672400130128482,0.17073059499724189,0.0,0.2883549288837407,FLAT,0.0,-1,0.005415977168747982,0.03357089158675168,0.11335564925605929,LOADING,0.2528612611291195,0.0,0.035215910349818434,0.03218195897918097,0.17073059499724189,0.06734687732821314,0,ok,0.0,0.26023278056100807,FLAT,0.0,-1,0.00556211939818824,0.0058251909304412736,0.10746401070729569,LOADING,0.22731056739642694,0.024548009604923513,0.034009743101447255,-2.500000000000002,0.0008362000650642409,0.6342346146034649,1,staged_v3,0.5505135682553116,2,1.0638583204829049,0.5506498581992315,2,0,0,0
v3_torso_proxy:v3_left_forearm_proxy,384,0.0680889190140307,0.03275998698715199,0.2745254446310013,0.0,0.2885060221246986,FLAT,0.0,-1,0.011806370155306431,0.031675124128287345,0.11467924622169709,LOADING,0.2533730826986992,0.0,0.033004961982496014,0.05174682720457352,0.2745254446310013,0.06537372108368043,0,ok,0.0,0.25930501631784436,FLAT,0.0,-1,0.007006810516380875,0.014751331617362817,0.10718738364822633,LOADING,0.22815061192751634,0.015608037565048503,0.03888280780468567,-2.500000000000002,-0.00016379993493575995,0.6340708146685291,0,staged_v3,0.5517804862850799,2,1.063753021726946,0.5514828058762733,2,0,0,0
v3_torso_proxy:v3_left_forearm_proxy,385,0.05371653600225607,0.23275998698715217,0.12371460870140717,0.0,0.2930647132713863,FLAT,0.0,-1,0.009300224042827317,0.032317107957286526,0.11695221311688056,LOADING,0.2544564954525261,0.0,0.03386107438138922,0.023319654350284602,0.12371460870140717,0.0643168957533793,0,ok,0.0,0.2575304513536266,FLAT,0.0,-1,0.005921179835690863,0.00985218057645875,0.10715080439414665,LOADING,0.22850766080903265,0.020505359643248584,0.038236892927863475,-2.500000000000002,-0.0011637999349357608,0.6329070147335933,0,staged_v3,0.5537644841952637,2,1.06439307813213,0.5541280046480693,2,0,0,0
v3_torso_proxy:v3_left_forearm_proxy,386,0.9475421781772827,0.30956147824081626,1.0000000000000002,0.0,0.29628652469906236,FLAT,0.0,-1,0.007606135672079601,0.012963140969791342,0.11894196259027705,LOADING,0.2557743211544815,0.01798395715972251,0.013452124937229245,0.18849555921538763,1.0000000000000002,0.04944680366754857,0,ok,0.0,0.2567727531188332,FLAT,0.0,-1,0.004069519363747083,0.029132794018694116,0.10720347559137551,LOADING,0.22865529295669174,0.0012273797608746626,0.03985374207674562,-0.9600186406708011,-0.0015478073912040813,0.6313592073423893,0,staged_v3,0.5618967080787234,2,1.062202417579478,0.5591906824145896,2,0,0,0
v3_torso_proxy:v3_left_forearm_proxy,387,0.24346923828125006,0.10956147824081608,0.2406180219166641,0.0,0.299080867473163,FLAT,0.0,-1,0.003762886259459738,0.0015464578556065528,0.12054675003264884,LOADING,0.2572249851040508,0.03065526192007523,0.00037207558155721247,0.04535542859848199,0.2406180219166641,0.04944434280748858,0,ok,0.0,0.25818975499005903,FLAT,0.0,-1,0.001132607574505224,0.028933778205122246,0.10900371741510652,LOADING,0.2289334567448828,0.0015164076656330808,0.03876149753767665,2.500000000000002,-0.0005478073912040804,0.6308113999511852,1,staged_v3,0.5608067231001065,2,1.060079613348228,0.5608067231001065,2,1,1,1
v3_torso_proxy:v3_left_forearm_proxy,388,0.7609975412677323,0.25956147824082176,0.7507490861152935,0.0,0.30508781019327247,FLAT,0.0,-1,0.004177438431499533,0.020414089858520473,0.12154656797486235,LOADING,0.2593810748699034,0.010663238540222646,0.03071611704936169,0.14151286881774341,0.7507490861152935,0.050526213863885144,0,ok,0.0,0.2562856150351439,FLAT,0.0,-1,0.0047101628005031555,0.005885764611820173,0.11010236332414211,LOADING,0.22880981480044144,0.024619353554386936,0.026181921181535835,-1.875000000000071,-0.0012978073912041088,0.6295135925599811,0,staged_v3,0.5649425761455308,2,1.0557075803224554,0.5665647526980678,2,1,0,0
v3_torso_proxy:v3_left_forearm_proxy,389,1.0,0.059561478240821586,0.9999987485124018,0.0,0.30920033307777745,FLAT,0.0,-1,0.0053632419319017775,0.07085552969849053,0.12194233306960106,LOADING,0.26180400451119784,0.0,0.04694630405394742,0.18849532331553293,0.9999987485124018,0.05318129624149125,0,ok,0.0,0.25263682067533266,FLAT,0.0,-1,0.006168963724175239,0.07485245428650024,0.11075623753917341,LOADING,0.22821637225087466,0.004606353213281851,0.02593145866367682,2.500000000000002,-0.00029780739120410793,0.629215785168777,0,staged_v3,0.5715734880287248,2,1.0562755674257962,0.5726477652995421,2,1,1,1
v3_torso_proxy:v3_left_forearm_proxy,390,0.5316162109375002,0.1404385217591786,0.5316162109375,0.0,0.3084468019709334,FLAT,0.0,-1,0.006893251437855103,0.03650691002565369,0.12166183279544124,LOADING,0.26362732335360967,0.02724155839244451,0.003841533247327553,0.10020729496862951,0.5316162109375,0.0526101880459003,0,ok,0.0,0.25146862326127284,FLAT,0.0,-1,0.007293572543492836,0.039557143540039974,0.11102229417985987,LOADING,0.22754974761397193,0.021490983344708434,0.00906013136428456,2.500000000000002,0.000702192608795893,0.6299179777775729,1,staged_v3,0.5792486501872434,2,1.06526824215796,0.5807637192176359,2,1,1,1
v3_torso_proxy:v3_left_forearm_proxy,391,0.9999999999999999,0.17994390441453678,0.6298253519585764,0.0,0.30869591206430436,FLAT,0.0,-1,0.009167712595705986,0.028692043182899484,0.12084661362476706,LOADING,0.2651800699731926,0.009950359350894104,0.02109197133034425,0.11871928192546016,0.6298253519585764,0.05745921700976468,0,ok,0.0,0.2510437749778976,FLAT,0.0,-1,0.006891173518795783,0.006608589025222517,0.11103371406438713,LOADING,0.2269239911333127,0.023943096677996843,0.02704580941747793,0.4938172831919774,0.0008997195220726839,0.6308176972996455,0,staged_v3,0.5719115570770718,2,1.066743738272216,0.5681178366310147,2,0,0,0
v3_torso_proxy:v3_left_forearm_proxy,392,0.8987444374256396,0.279943904414548,0.9999977259408831,0.0,0.30852722608315264,FLAT,0.0,-1,0.01412735289734587,0.01687371265947101,0.11852660929076472,LOADING,0.26653576399888035,0.021366927714084348,0.009559402750453888,0.18849513056534267,0.9999977259408831,0.056225764249063045,0,ok,0.0,0.25138189624563345,FLAT,0.0,-1,0.00614107225977644,0.06303881795375321,0.1107861555950306,LOADING,0.22643945845346675,0.0,0.04838944039285119,1.2500000000001399,0.0013997195220727399,0.6322174168217183,0,staged_v3,0.5791432481375893,2,1.065064716947558,0.5810998743409597,2,1,0,0
v3_torso_proxy:v3_left_forearm_proxy,393,0.8919961121538608,0.0799439044145478,0.9940185546875001,0.0,0.31344606929165353,FLAT,0.0,-1,0.0052940042923472885,0.03429533944333773,0.11648411081059473,LOADING,0.2686155277237321,0.0,0.032165810897436475,0.18736808333629168,0.9940185546875001,0.0563214239693825,0,ok,0.0,0.25075775402289924,FLAT,0.0,-1,0.007351859355117117,0.005533392407004723,0.11053167055045424,LOADING,0.22595397589829555,0.02499319112051799,0.03321820958594014,-2.500000000000002,0.000399719522072739,0.632617136343791,1,staged_v3,0.5856313572781453,2,1.0682137566250478,0.5849881622273354,2,0,0,0
v3_torso_proxy:v3_left_forearm_proxy,394,0.03746989003635363,0.279943904414548,0.7578327816515229,0.0,0.31893972230106804,FLAT,0.0,-1,0.003362452930231446,0.03345011130261664,0.114720097104872,LOADING,0.2713626074566034,8.72389751644595e-05,0.030648765880079143,0.14284811396915653,0.7578327816515229,0.05719309484753546,0,ok,0.0,0.24603457378366947,FLAT,0.0,-1,0.019776803932511956,0.027315086183908155,0.1103189548606055,LOADING,0.22494516459057912,0.003200861559122123,0.046928135536711865,2.500000000000002,0.0013997195220727399,0.6340168558658638,0,staged_v3,0.5907677438190395,2,1.0678861785650569,0.5901705447590128,2,0,0,0
v3_torso_proxy:v3_left_forearm_proxy,395,0.1889958042772146,0.0799439044145478,0.6399635413207567,0.0,0.327364909036854,FLAT,0.0,-1,0.0022801159145065066,0.03875572892701056,0.11332399489430062,LOADING,0.2751434079166004,0.0,0.035928788787453474,0.12063028559871586,0.6399635413207567,0.05998198085845059,0,ok,0.0,0.2465091091594015,FLAT,0.0,-1,0.008414211833218813,0.005676717619423344,0.11018952538942196,LOADING,0.22414533928006178,0.024832758650047755,0.03377715038661934,-2.500000000000002,0.000399719522072739,0.6344165753879365,0,staged_v3,0.5989211192469033,2,1.06748608221671,0.5987429549608021,2,0,0,0
v3_torso_proxy:v3_left_forearm_proxy,396,0.002160331846562777,0.022730347198862688,0.014840699218203853,0.0,0.33367204127553396,FLAT,0.0,-1,0.0030287432675909234,0.03863465510603404,0.11231186787054831,LOADING,0.27935406854602035,0.0,0.03577092311106929,0.002797405898282701,0.014840699218203853,0.0601399640676447,0,ok,0.0,0.24785106493880704,FLAT,0.0,-1,0.006940641223831625,0.005592570967773984,0.11007379713996454,LOADING,0.22363445611088276,0.024911118889224246,0.03359927975304774,-1.283428145167631,-0.00011365173599431344,0.6343029236519422,1,staged_v3,0.6079752981865589,2,1.0673144629198061,0.6078338086949924,2,0,0,0
v3_torso_proxy:v3_left_forearm_proxy,397,1.3558081556751884e-06,1.3594381553794221e-05,7.431398438258244e-06,0.0,0.33975931238375345,FLAT,0.0,-1,0.0012389040461044502,0.0386345909828391,0.11165343479980214,LOADING,0.28384805846699396,0.0,0.03577084643123629,1.4007856043718458e-06,7.431398438258244e-06,0.06014005808746037,0,ok,0.0,0.24861324392804046,FLAT,0.0,-1,0.008027166346835162,0.005592548080472524,0.11003823402580923,LOADING,0.2232947168965811,0.02490936362081794,0.03359922323840231,0.2839594102163612,-6.797190776897111e-08,0.6343028556800344,1,staged_v3,0.6177146836837358,2,1.0673541179864023,0.6175535287574447,2,0,0,0
v3_torso_proxy:v3_left_forearm_proxy,398,0.0,0.0,0.0,0.0,0.3447622983881946,FLAT,0.0,-1,0.0034657047250379516,0.03863459098283881,0.11120596560458157,LOADING,0.28836298159197127,0.0,0.03577084643123597,0.0,0.0,0.06014005808746048,0,ok,0.0,0.24972685242280773,FLAT,0.0,-1,0.005164572842074425,0.005592548080472409,0.11001970859479826,LOADING,0.2231457540386344,0.024908437349267506,0.03359922323840219,0.00016992976942242777,0.0,0.6343028556800344,1,staged_v3,0.6274829915135027,2,1.0667384258171881,0.6273137871603134,2,0,0,0
v3_torso_proxy:v3_left_forearm_proxy,399,0.0,0.0,0.0,0.0,0.3464281852847855,FLAT,0.0,-1,0.00578105302566148,0.03863459098283881,0.11065555281033704,LOADING,0.2923091818601801,0.0,0.03577084643123597,0.0,0.0,0.06014005808746048,0,ok,0.0,0.24608904491614256,FLAT,0.0,-1,0.016582179573808822,0.005592548080472409,0.11000475371374392,LOADING,0.22255608633861404,0.024907689605214788,0.03359922323840219,0.0,0.0,0.6343028556800344,1,staged_v3,0.6360219971086049,2,1.0657729112509444,0.6358442730717749,2,0,0,0
v3_torso_proxy:v3_left_forearm_proxy,400,0.0,0.0,0.0,0.0,0.3493594949377458,FLAT,0.0,-1,0.0016213148213095631,0.03863459098283881,0.11079797176151106,LOADING,0.29597757978474765,0.0,0.03577084643123597,0.0,0.0,0.06014005808746048,0,ok,0.0,0.2425574333774502,FLAT,0.0,-1,0.01956253556023785,0.005592548080472409,0.10897337084190617,LOADING,0.2216373786101761,0.024856120461622902,0.03359922323840219,0.0,0.0,0.6343028556800344,1,staged_v3,0.6440001418509745,2,1.0641956488810635,0.6438076582004847,2,0,0,0
v3_torso_proxy:v3_left_forearm_proxy,401,0.0,0.0,0.0,0.0,0.3518064414925991,FLAT,0.0,-1,0.0007836606850442712,0.03863459098283881,0.11093215246546209,LOADING,0.2993380229651202,0.0,0.03577084643123597,0.0,0.0,0.06014005808746048,0,ok,0.0,0.24632618163936099,FLAT,0.0,-1,0.003567312097129763,0.005592548080472409,0.1082343527210449,LOADING,0.22135564263891927,0.024819169555579838,0.03359922323840219,0.0,0.0,0.6343028556800344,1,staged_v3,0.6513074858154649,2,1.0624526679475874,0.6511016084749913,2,0,0,0
v3_torso_proxy:v3_left_forearm_proxy,402,0.0,0.0,0.0,0.0,0.3516308994039935,FLAT,0.0,-1,0.0042721697974811585,0.03863459098283881,0.11116618115480406,LOADING,0.30197870540034066,0.0,0.03577084643123597,0.0,0.0,0.06014005808746048,0,ok,0.0,0.24516526372776004,FLAT,0.0,-1,0.012732634105602086,0.005592548080472409,0.10711736549651328,LOADING,0.22100538034278572,0.024763320194353258,0.03359922323840219,0.0,0.0,0.6343028556800344,1,staged_v3,0.6570489386667255,2,1.0603945825661312,0.6568324038517068,2,0,0,0
v3_torso_proxy:v3_left_forearm_proxy,403,0.0,0.0,0.0,0.0,0.35231417679438537,FLAT,0.0,-1,0.001991524954707198,0.03863459098283881,0.11135911559574771,LOADING,0.3041991206512163,0.0,0.03577084643123597,0.0,0.0,0.06014005808746048,0,ok,0.0,0.2482137538608788,FLAT,0.0,-1,0.0022922507539865815,0.005592548080472409,0.10631700917662547,LOADING,0.221169186257006,0.024723302378358868,0.03359922323840219,0.0,0.0,0.6343028556800344,1,staged_v3,0.6618952195916928,2,1.0585931577766599,0.661665848006848,2,0,0,0
v3_torso_proxy:v3_left_forearm_proxy,404,0.0,0.0,0.0,0.0,0.35224309916108915,FLAT,0.0,-1,0.002432427543785682,0.03863459098283881,0.111447563277666,LOADING,0.3059565893366155,0.0,0.03577084643123597,0.0,0.0,0.06014005808746048,0,ok,0.0,0.2494016071411081,FLAT,0.0,-1,0.0038937803584613573,0.005592548080472409,0.10574352881381023,LOADING,0.22154114922763915,0.024694628360218105,0.03359922323840219,0.0,0.0,0.6343028556800344,1,staged_v3,0.6657485575366336,2,1.0568979362766304,0.665505082622426,2,0,0,0
v3_torso_proxy:v3_left_forearm_proxy,405,0.0,0.0,0.0,0.0,0.35138617684099027,FLAT,0.0,-1,0.0033430195353601902,0.03863459098283881,0.11136022371521617,LOADING,0.30721641818480105,0.0,0.03577084643123597,0.0,0.0,0.06014005808746048,0,ok,0.0,0.2483389706981354,FLAT,0.0,-1,0.008587854637772814,0.005592548080472409,0.10491685048843948,LOADING,0.22168972498990056,0.024653294443949567,0.03359922323840219,0.0,0.0,0.6343028556800344,1,staged_v3,0.6685262151709451,2,1.05554241373088,0.6682740335213261,2,0,0,0
v3_torso_proxy:v3_left_forearm_proxy,406,0.0,0.0,0.0,0.0,0.3516504738389546,FLAT,0.0,-1,0.0022200075503001284,0.03863459098283881,0.11123921621988767,LOADING,0.30827976469699225,0.0,0.03577084643123597,0.0,0.0,0.06014005808746048,0,ok,0.0,0.25209792320177854,FLAT,0.0,-1,0.0006726225376714268,0.005592548080472409,0.10442918922689513,LOADING,0.22250608828712698,0.02462891138087235,0.03359922323840219,0.0,0.0,0.6343028556800344,1,staged_v3,0.6708859055627733,2,1.053971283136844,0.6706235582845245,2,0,0,0
v3_torso_proxy:v3_left_forearm_proxy,407,0.0,0.0,0.0,0.0,0.3485859576701179,FLAT,0.0,-1,0.009234932709161522,0.03863459098283881,0.11307366685237305,LOADING,0.3084578248022161,0.0,0.03577084643123597,0.0,0.0,0.06014005808746048,0,ok,0.0,0.2531082531517832,FLAT,0.0,-1,0.005654467601229187,0.005592548080472409,0.10783958638043889,LOADING,0.22316750339418548,0.024799431238549538,0.03359922323840219,0.0,0.0,0.6343028556800344,1,staged_v3,0.6713448302305275,2,1.0520160798831033,0.6710703458084815,2,0,0,0
v3_torso_proxy:v3_left_forearm_proxy,408,0.0,0.0,0.0,0.0,0.34745618747503404,FLAT,0.0,-1,0.0034715319131147834,0.03863459098283881,0.11484184188022725,LOADING,0.30832866110657375,0.0,0.03577084643123597,0.0,0.0,0.06014005808746048,0,ok,0.0,0.25468670501731205,FLAT,0.0,-1,0.005458709789760772,0.005592548080472409,0.110334299295004,LOADING,0.2238512078912431,0.024924166884277794,0.03359922323840219,0.0,0.0,0.6343028556800344,1,staged_v3,0.6711274653657241,2,1.0506154202760138,0.6708410613699379,2,0,0,0
v3_torso_proxy:v3_left_forearm_proxy,409,1.0161562188883867e-05,1.22070312524869e-05,1.1114558494799873e-05,0.0,0.3447809499308879,FLAT,0.0,-1,0.003608740464584949,0.038634495816945204,0.11589377956656405,LOADING,0.30782784988004136,0.0,0.03577085850474819,2.095044918909439e-06,1.1114558494799873e-05,0.06014066937139052,0,ok,0.0,0.2571499999449579,FLAT,0.0,-1,0.0024759875526294646,0.005592546598886316,0.1121218392091827,LOADING,0.22474454011269207,0.025013545361572822,0.033599305306836254,-0.00015258789065608624,-6.10351562624345e-08,0.6343027946448782,1,staged_v3,0.6701005696394701,2,1.049491164415119,0.669802791664847,2,0,0,0
v3_torso_proxy:v3_left_forearm_proxy,410,1.0761332576980614e-05,1.2207776300954265e-05,1.1430318908555099e-05,0.0,0.34057891294097115,FLAT,0.0,-1,0.00871040256379825,0.03863440346009119,0.11625332053641105,LOADING,0.30685036895530715,0.0,0.035770874792993096,2.154564354678312e-06,1.1430318908555099e-05,0.060141292755611156,0,ok,0.0,0.25793928629854035,FLAT,0.0,-1,0.004973345852389272,0.0055925461902811245,0.11340266752659212,LOADING,0.22553328872462977,0.025077587186048484,0.03359939528545948,-9.313105842068126e-09,-6.103888150477133e-08,0.6343027336059966,1,staged_v3,0.6680607041358992,2,1.0482758265162408,0.667752965952384,2,0,0,0
v3_torso_proxy:v3_left_forearm_proxy,411,0.1861591256351442,0.20001220777630113,0.1893829501404605,0.0,0.33935571924818053,FLAT,0.0,-1,0.006006917752582406,0.0372313524792297,0.11636826168635515,LOADING,0.3058525282625414,0.0,0.036295797422249074,0.03569784509258597,0.1893829501404605,0.07056862909764468,0,ok,0.0,0.25891366683410477,FLAT,0.0,-1,0.003660317219388104,0.005591825244787418,0.11432042111948551,LOADING,0.22628954046131178,0.02512419581118686,0.03518462755836676,-2.500000000000002,-0.0010000610388815057,0.6333026725671151,0,staged_v3,0.6659721543790128,2,1.0467180388195019,0.6656540319844904,2,0,0,0
v3_torso_proxy:v3_left_forearm_proxy,412,0.08321895055075766,0.4000122077763013,0.38781820768598774,0.0,0.34051309804071606,FLAT,0.0,-1,0.0022756308720652966,0.03296191969614042,0.1165644353515105,LOADING,0.3051337929447221,0.0,0.032422388160107146,0.07310200993167959,0.38781820768598774,0.07132230968171509,0,ok,0.0,0.2600912050749864,FLAT,0.0,-1,0.0017166506377476402,0.015660375222007163,0.11499060318545928,LOADING,0.22706826447308556,0.015089154937265804,0.04057170944383334,-2.500000000000002,-0.0020000610388815065,0.6313026115282336,0,staged_v3,0.6642487978025209,2,1.045113339710594,0.6638031440687122,2,0,0,0
v3_torso_proxy:v3_left_forearm_proxy,413,0.07279551676226105,0.6000122077763015,0.10500488811177323,0.0,0.3415670471018408,FLAT,0.0,-1,0.003686954000269755,0.029779442043498958,0.11641989311362494,LOADING,0.3046578008079201,0.0011465951195534924,0.029674399536127757,0.019792955104977902,0.10500488811177323,0.06887738540061852,0,ok,0.0,0.2599822010630659,FLAT,0.0,-1,0.0063930298923125135,0.010793044701440057,0.1155322062291292,LOADING,0.22764378833725743,0.019983565610016404,0.03944521813164967,-2.500000000000002,-0.0030000610388815074,0.6283025504893521,0,staged_v3,0.6615743054090015,2,1.0442562777048905,0.663510501719708,2,0,0,0
v3_torso_proxy:v3_left_forearm_proxy,414,1.0,0.4000122077763013,0.9999830261627294,0.0,0.3299758579212364,FLAT,0.0,-1,0.021051668892182122,0.04840079686403929,0.11592124327100287,LOADING,0.30281020729558733,0.0,0.07528440894339541,0.18849235972243925,0.9999830261627294,0.0740167646927787,0,ok,0.0,0.24571986235087995,FLAT,0.0,-1,0.031723864416970456,0.058042912996811885,0.11599236389980758,LOADING,0.22615442352617296,0.0,0.06898757682300807,2.500000000000002,-0.0020000610388815065,0.6263024894504706,0,staged_v3,0.6648862126108323,2,1.0407420539041232,0.6663179240632245,2,1,1,1
v3_torso_proxy:v3_left_forearm_proxy,415,0.96490478515625,0.20001220777630113,0.9572052670316329,0.0,0.31999453440332454,FLAT,0.0,-1,0.026330747181489558,0.008687665528652962,0.11368213017855205,LOADING,0.30006830255148353,0.028133611410898318,0.002550495098029287,0.18042894209304206,0.9572052670316329,0.059332823209581095,0,ok,0.0,0.23535866119344184,FLAT,0.0,-1,0.03328050234415438,0.015231852240065975,0.11615291984221371,LOADING,0.223563943806101,0.015575793752044712,0.03725752964476981,2.500000000000002,-0.0010000610388815057,0.6253024284115891,1,staged_v3,0.6549729944440978,2,1.038486489432728,0.6517122994758958,2,0,1,1
v3_torso_proxy:v3_left_forearm_proxy,416,0.08269889514380019,1.2207776300954265e-05,0.49322374062246904,0.0,0.3229389621389053,FLAT,0.0,-1,0.005181879264737037,0.011468335328971263,0.11179173973073828,LOADING,0.2981781241490656,0.01922456301021493,0.011365023976321987,0.09297048480693759,0.49322374062246904,0.06160113155480666,0,ok,0.0,0.24078655557786738,FLAT,0.0,-1,0.007052116027484501,0.02693491420927535,0.11634865976110828,LOADING,0.22202214648349927,0.0038825187787800627,0.04617325109775182,2.500000000000002,-6.103888150477133e-08,0.6253023673727076,0,staged_v3,0.6419152156892858,2,1.0421435080864432,0.6431004670146837,2,1,0,0
v3_torso_proxy:v3_left_forearm_proxy,417,0.28686523437500006,0.19998779222369922,0.13330844801384314,0.0,0.3260319144156199,FLAT,0.0,-1,0.005369271756709936,0.0040633047355159305,0.11043765464142191,LOADING,0.2970134941919571,0.030245235804981445,0.00027664692708965436,0.02512805045650479,0.13330844801384314,0.061601651248758715,0,ok,0.0,0.2343391805469789,FLAT,0.0,-1,0.03129351098415347,0.02900795522286443,0.11436145184002056,LOADING,0.21995324150537449,0.0017101173691366003,0.044381159460507844,2.500000000000002,0.0009999389611184961,0.6263023063338261,1,staged_v3,0.646637253492517,2,1.0425397553504356,0.646637253492517,2,1,1,1
v3_torso_proxy:v3_left_forearm_proxy,418,0.2759349174598569,0.3999877922236994,0.4333191189582634,0.0,0.3280728577902974,FLAT,0.0,-1,0.0061662791626581285,0.007133578410576314,0.10924193972500307,LOADING,0.29633064394084324,0.024384095367986247,0.006078001618263909,0.08167872964675693,0.4333191189582634,0.05879103165211015,0,ok,0.0,0.2354521252809712,FLAT,0.0,-1,0.016176858460132906,0.045365273006410245,0.112282985098862,LOADING,0.21839061526268563,0.0,0.04963418479748698,2.500000000000002,0.001999938961118497,0.6283022452949446,0,staged_v3,0.6394768346898057,2,1.0479829614169396,0.635584358023703,2,0,0,0
v3_torso_proxy:v3_left_forearm_proxy,419,0.709484388764564,0.3815856361513825,0.6366294909503064,0.0,0.3270983920448929,FLAT,0.0,-1,0.0056869302865002564,0.03043905552491246,0.1087837758020431,LOADING,0.29564275107779026,1.3326518969597467e-07,0.031193264117730254,0.12000183190968555,0.6366294909503064,0.06523095443388949,0,ok,0.0,0.24067878275015506,FLAT,0.0,-1,0.0037836692704576826,0.012748409954834145,0.1107704629683509,LOADING,0.21776605344776787,0.017790113193583403,0.038931263352535356,-0.23002695090396097,0.0019079281807569126,0.6302101734757015,0,staged_v3,0.6436067111435103,2,1.049477946021872,0.6429911450820487,2,0,0,0
v3_torso_proxy:v3_left_forearm_proxy,420,0.03634711938420228,0.18158563615138235,0.0964368894708995,0.0,0.32472781490967695,FLAT,0.0,-1,0.012438998952844638,0.032016642924745306,0.10920866086041611,LOADING,0.2947316045094291,0.0,0.03265240757044018,0.018177925409809725,0.0964368894708995,0.0651623315663915,0,ok,0.0,0.24729093696156462,FLAT,0.0,-1,0.003479481726563484,0.014773800664528026,0.11023394329460778,LOADING,0.2182190591260689,0.015737896500202363,0.04251610950901281,-2.500000000000002,0.0009079281807569117,0.6311181016564584,0,staged_v3,0.6418225294810687,2,1.0491167012245488,0.6419540097233781,2,0,0,0
v3_torso_proxy:v3_left_forearm_proxy,421,0.58587582541708,0.3815856361513825,0.49478389745518353,0.0,0.32783066341030875,FLAT,0.0,-1,0.0041711924586129955,0.016238578170101495,0.1095389682066185,LOADING,0.2943300082643467,0.014749580762072365,0.01572736764825856,0.09326456744158382,0.49478389745518353,0.059553497418692355,0,ok,0.0,0.2516607618866603,FLAT,0.0,-1,0.005780236520050732,0.045174049750652784,0.10993354880694062,LOADING,0.21937420754825537,0.0,0.05220999221981362,2.500000000000002,0.0019079281807569126,0.6330260298372153,0,staged_v3,0.640958416832845,2,1.047477305174272,0.6381443561151322,2,0,0,0
v3_torso_proxy:v3_left_forearm_proxy,422,0.6662042035508725,0.18158563615138235,0.7512116029472132,0.0,0.3309293618335109,FLAT,0.0,-1,0.002607439929461586,0.03679424945119376,0.10993158863002626,LOADING,0.29437396088404383,0.0,0.03764558368854438,0.14160005118662267,0.7512116029472132,0.06523130015248284,0,ok,0.0,0.25128990004134794,FLAT,0.0,-1,0.012310177920110063,0.005776630703922012,0.11137239151803896,LOADING,0.2201599946204871,0.024791988871979937,0.03605153091566795,-2.500000000000002,0.0009079281807569117,0.6339339580179723,0,staged_v3,0.6414856670968248,2,1.0479921496330997,0.6411046796263179,2,0,0,0
v3_torso_proxy:v3_left_forearm_proxy,423,0.0030161141753814623,0.018414363848617832,0.003299855818788227,0.0,0.332956204998148,FLAT,0.0,-1,0.0030008004388462246,0.03672744507192051,0.11076920747317962,LOADING,0.29471415071668017,0.0,0.03758281845991919,0.0006220081678926376,0.003299855818788227,0.06531393270913075,0,ok,0.0,0.2551626997576382,FLAT,0.0,-1,0.0030102472610461914,0.005659034273539823,0.11380227553327693,LOADING,0.22135291647519062,0.025031079503124026,0.0359270413328218,-2.500000000000002,-9.207181924308916e-05,0.6338418861987292,1,staged_v3,0.6418173434919588,2,1.0496791683949585,0.6416553455827025,2,0,0,0
v3_torso_proxy:v3_left_forearm_proxy,424,0.0,0.0,0.0,0.0,0.3306704667172791,FLAT,0.0,-1,0.009358782520818544,0.03672744507192051,0.11156468942411202,LOADING,0.2945806032994744,0.0,0.03758281845991919,0.0,0.0,0.06531393270913075,0,ok,0.0,0.2542410926587845,FLAT,0.0,-1,0.004010020309301835,0.005659034273539823,0.11554445552473083,LOADING,0.222055321987255,0.02511818850269672,0.0359270413328218,0.2301795481077229,0.0,0.6338418861987292,1,staged_v3,0.6415538130093527,2,1.0505350000629892,0.6413738641214648,2,0,0,0
v3_torso_proxy:v3_left_forearm_proxy,425,0.0,0.0,0.0,0.0,0.3276044498678793,FLAT,0.0,-1,0.008068869569258048,0.03672744507192051,0.11243414287758552,LOADING,0.29403630630584965,0.0,0.03758281845991919,0.0,0.0,0.06531393270913075,0,ok,0.0,0.25211722017170324,FLAT,0.0,-1,0.010436001684574932,0.005659034273539823,0.11675471767367625,LOADING,0.22218052665178079,0.025178701610143992,0.0359270413328218,0.0,0.0,0.6338418861987292,1,staged_v3,0.6403878023574782,2,1.0504877356530329,0.6402032616347374,2,0,0,0
v3_torso_proxy:v3_left_forearm_proxy,426,0.0,0.0,0.0,0.0,0.3235940630402793,FLAT,0.0,-1,0.015251325449863325,0.03672744507192051,0.1131303791403655,LOADING,0.293029083119437,0.0,0.03758281845991919,0.0,0.0,0.06531393270913075,0,ok,0.0,0.2552922740882716,FLAT,0.0,-1,0.005765213313801032,0.005659034273539823,0.11746760049906074,LOADING,0.2228051619664594,0.025214345751413215,0.0359270413328218,0.0,0.0,0.6338418861987292,1,staged_v3,0.6381950295067712,2,1.0506055343670888,0.6380062076517979,2,0,0,0
v3_torso_proxy:v3_left_forearm_proxy,427,0.0,0.0,0.0,0.0,0.3189944775206865,FLAT,0.0,-1,0.02056530814102901,0.03672744507192051,0.11430623651074699,LOADING,0.29152941686345807,0.0,0.03758281845991919,0.0,0.0,0.06531393270913075,0,ok,0.0,0.2535707221542381,FLAT,0.0,-1,0.01621953108661388,0.005659034273539823,0.11795803983111683,LOADING,0.22297613293524018,0.02523886771801602,0.0359270413328218,0.0,0.0,0.6338418861987292,1,staged_v3,0.6350438661088936,2,1.0505704257819761,0.6348530877410139,2,0,0,0
v3_torso_proxy:v3_left_forearm_proxy,428,0.0,0.0,0.0,0.0,0.31959963710142286,FLAT,0.0,-1,0.010462470317432668,0.03672744507192051,0.11556300295869446,LOADING,0.2902631777820317,0.0,0.03758281845991919,0.0,0.0,0.06531393270913075,0,ok,0.0,0.2571776721865535,FLAT,0.0,-1,0.005759897089443124,0.005659034273539823,0.11819354421372727,LOADING,0.22373709267182987,0.02525064293714654,0.0359270413328218,0.0,0.0,0.6338418861987292,1,staged_v3,0.6323002805861758,2,1.0504426857231295,0.6321066189195436,2,0,0,0
v3_torso_proxy:v3_left_forearm_proxy,429,0.0,0.0,0.0,0.0,0.31501468086649204,FLAT,0.0,-1,0.01927623472301265,0.03672744507192051,0.11622217134085117,LOADING,0.2885688653348762,0.0,0.03758281845991919,0.0,0.0,0.06531393270913075,0,ok,0.0,0.2508856274937844,FLAT,0.0,-1,0.026963672819446383,0.005659034273539823,0.11842708619203415,LOADING,0.22337093281331638,0.025262320036061887,0.0359270413328218,0.0,0.0,0.6338418861987292,1,staged_v3,0.6285961718582493,2,1.050152565896442,0.6283985220700661,2,0,0,0
v3_torso_proxy:v3_left_forearm_proxy,430,0.0,0.0,0.0,0.0,0.30868553950661615,FLAT,0.0,-1,0.02419771973312736,0.03672744507192051,0.11661089436602146,LOADING,0.286300376382307,0.0,0.03758281845991919,0.0,0.0,0.06531393270913075,0,ok,0.0,0.24244951790913688,FLAT,0.0,-1,0.03719238571058966,0.005659034273539823,0.11515741174066706,LOADING,0.22210789368983522,0.025098836313493533,0.0359270413328218,0.0,0.0,0.6338418861987292,1,staged_v3,0.6237895325986685,2,1.0500800009986897,0.6235928419305083,2,0,0,0
v3_torso_proxy:v3_left_forearm_proxy,431,0.0,0.0,0.0,0.0,0.3138701151069444,FLAT,0.0,-1,0.00623563770742718,0.03672744507192051,0.11679721003913897,LOADING,0.2850018885202331,0.0,0.03758281845991919,0.0,0.0,0.06531393270913075,0,ok,0.0,0.2487824687046315,FLAT,0.0,-1,0.007634081180803485,0.005659034273539823,0.11281458762087936,LOADING,0.22190907703277507,0.024981695107504146,0.0359270413328218,0.0,0.0,0.6338418861987292,1,staged_v3,0.6209939174220322,2,1.049583120898868,0.6207950619662449,2,0,0,0
v3_torso_proxy:v3_left_forearm_proxy,432,0.0,0.0,0.0,0.0,0.31548878986255346,FLAT,0.0,-1,0.011418817401098895,0.03672744507192051,0.11759645778127509,LOADING,0.28405710811805923,0.0,0.03758281845991919,0.0,0.0,0.06531393270913075,0,ok,0.0,0.25282033208435056,FLAT,0.0,-1,0.010467053588031142,0.005659034273539823,0.11113588078388399,LOADING,0.2224718459858365,0.02489775976565438,0.0359270413328218,0.0,0.0,0.6338418861987292,1,staged_v3,0.6189559338881218,2,1.0482404655648359,0.6187530855991783,2,0,0,0
v3_torso_proxy:v3_left_forearm_proxy,433,0.0,0.0,0.0,0.0,0.31694926272079116,FLAT,0.0,-1,0.010475779949133093,0.03672744507192051,0.11972331665433422,LOADING,0.2833350992121525,0.0,0.03758281845991919,0.0,0.0,0.06531393270913075,0,ok,0.0,0.2569315922066893,FLAT,0.0,-1,0.008119527354709574,0.005659034273539823,0.1103259447367753,LOADING,0.2236945511014217,0.024857262963298946,0.0359270413328218,0.0,0.0,0.6338418861987292,1,staged_v3,0.6173910975586095,2,1.0474660941505494,0.6171869023544797,2,0,0,0
v3_torso_proxy:v3_left_forearm_proxy,434,0.0,0.0,0.0,0.0,0.30882907670563686,FLAT,0.0,-1,0.028488551842638033,0.03672744507192051,0.12127691033373489,LOADING,0.28162654796206743,0.0,0.03758281845991919,0.0,0.0,0.06531393270913075,0,ok,0.0,0.25818644819985437,FLAT,0.0,-1,0.011638729119045574,0.005659034273539823,0.10974560019945956,LOADING,0.22492596517689628,0.024828245736433156,0.0359270413328218,0.0,0.0,0.6338418861987292,1,staged_v3,0.6136269140192795,2,1.0469690804634826,0.6134248205780574,2,0,0,0
v3_torso_proxy:v3_left_forearm_proxy,435,0.0,0.0,0.0,0.0,0.2974082186915631,FLAT,0.0,-1,0.031191058497962658,0.03672744507192051,0.12234342561369019,LOADING,0.2786830808833681,0.0,0.03758281845991919,0.0,0.0,0.06531393270913075,0,ok,0.0,0.2588941226948927,FLAT,0.0,-1,0.013785138142681884,0.005659034273539823,0.10933230767456442,LOADING,0.22605849830497268,0.0248075811101884,0.0359270413328218,0.0,0.0,0.6338418861987292,1,staged_v3,0.6073280726843098,2,1.046891530573772,0.6071227499907764,2,0,0,0
v3_torso_proxy:v3_left_forearm_proxy,436,0.0,0.0,0.0,0.0,0.3038332400581366,FLAT,0.0,-1,0.004757607225361029,0.03672744507192051,0.12295473820131433,LOADING,0.27693914126716285,0.0,0.03758281845991919,0.0,0.0,0.06531393270913075,0,ok,0.0,0.26237938542196304,FLAT,0.0,-1,0.004612774679441762,0.005659034273539823,0.1090336281330389,LOADING,0.22760104046039603,0.024792647133112123,0.0359270413328218,0.0,0.0,0.6338418861987292,1,staged_v3,0.6035406533443926,2,1.0466654311372365,0.6033344864891496,2,0,0,0
v3_torso_proxy:v3_left_forearm_proxy,437,0.0,0.0,0.0,0.0,0.31036409718366725,FLAT,0.0,-1,0.003253327717595777,0.03672744507192051,0.12339614009743005,LOADING,0.27624303045276516,0.0,0.03758281845991919,0.0,0.0,0.06531393270913075,0,ok,0.0,0.2631032523207393,FLAT,0.0,-1,0.009042372626920299,0.005659034273539823,0.1089329893666926,LOADING,0.22896935807498522,0.024787615194794808,0.0359270413328218,0.0,0.0,0.6338418861987292,1,staged_v3,0.6020265237081259,2,1.046179542906347,0.6018182014623022,2,0,0,0
v3_torso_proxy:v3_left_forearm_proxy,438,0.0,0.0,0.0,0.0,0.3153399451406137,FLAT,0.0,-1,0.003891128939407974,0.03672744507192051,0.12378192180229877,LOADING,0.2762557365042275,0.0,0.03758281845991919,0.0,0.0,0.06531393270913075,0,ok,0.0,0.2665242916471901,FLAT,0.0,-1,0.0031700610084035284,0.005659034273539823,0.10887849730593754,LOADING,0.2306765919154111,0.024784890591757057,0.0359270413328218,0.0,0.0,0.6338418861987292,1,staged_v3,0.6020555166372582,2,1.045325988408061,0.6018475732368775,2,0,0,0
v3_torso_proxy:v3_left_forearm_proxy,439,0.0,0.0,0.0,0.0,0.3018184855339829,FLAT,0.0,-1,0.036256556034515386,0.03672744507192051,0.1243668913141399,LOADING,0.27454523968176353,0.0,0.03758281845991919,0.0,0.0,0.06531393270913075,0,ok,0.0,0.2652880406573839,FLAT,0.0,-1,0.012571854157983477,0.005659034273539823,0.1087538686454265,LOADING,0.2318286615184345,0.0247786591587315,0.0359270413328218,0.0,0.0,0.6338418861987292,1,staged_v3,0.5982511929969366,2,1.044257504323058,0.5980462315714314,2,0,0,0
v3_torso_proxy:v3_left_forearm_proxy,440,0.0,0.0,0.0,0.0,0.28595210930102993,FLAT,0.0,-1,0.045566630083287846,0.03672744507192051,0.1204523098191137,LOADING,0.27125427933266494,0.0,0.03758281845991919,0.0,0.0,0.06531393270913075,0,ok,0.0,0.26243647679378335,FLAT,0.0,-1,0.016557295897868883,0.005659034273539823,0.10868083990713993,LOADING,0.23224586122946048,0.024775007721817177,0.0359270413328218,0.0,0.0,0.6338418861987292,1,staged_v3,0.5912558437173174,2,1.0442735340517795,0.5910509006402169,2,0,0,0
v3_torso_proxy:v3_left_forearm_proxy,441,0.0,0.0,0.0,0.0,0.29047389539870955,FLAT,0.0,-1,0.015645614007211723,0.03672744507192051,0.1175504307947079,LOADING,0.2691220342651377,0.0,0.03758281845991919,0.0,0.0,0.06531393270913075,0,ok,0.0,0.26462674587742235,FLAT,0.0,-1,0.00744890224667129,0.005659034273539823,0.10864431339064742,LOADING,0.23297199993692208,0.02477318139599255,0.0359270413328218,0.0,0.0,0.6338418861987292,1,staged_v3,0.586588808646902,2,1.0440196289536687,0.5863846114699466,2,0,0,0
v3_torso_proxy:v3_left_forearm_proxy,442,0.0,0.0,0.0,0.0,0.29039140841192973,FLAT,0.0,-1,0.015818756049874053,0.03672744507192051,0.11503156783482554,LOADING,0.2673884907153384,0.0,0.03758281845991919,0.0,0.0,0.06531393270913075,0,ok,0.0,0.26324207995870647,FLAT,0.0,-1,0.012963664834170836,0.005659034273539823,0.10848429559507058,LOADING,0.23331448961821866,0.024765180506213708,0.0359270413328218,0.0,0.0,0.6338418861987292,1,staged_v3,0.5828949350343906,2,1.0433839372127989,0.5826889828149712,2,0,0,0
v3_torso_proxy:v3_left_forearm_proxy,443,0.0,0.0,0.0,0.0,0.2968731979996549,FLAT,0.0,-1,0.00781545353847771,0.03672744507192051,0.11316289007570064,LOADING,0.2668013018885755,0.0,0.03758281845991919,0.0,0.0,0.06531393270913075,0,ok,0.0,0.26355644043196735,FLAT,0.0,-1,0.012097863728543125,0.005659034273539823,0.10847912874243092,LOADING,0.23364480517446515,0.024764922163581726,0.0359270413328218,0.0,0.0,0.6338418861987292,1,staged_v3,0.5815939151995286,2,1.0425488115268375,0.5813905179396196,2,0,0,0
v3_torso_proxy:v3_left_forearm_proxy,444,0.0,0.0,0.0,0.0,0.3026698413270242,FLAT,0.0,-1,0.007148932756340142,0.03672744507192051,0.11189285702622004,LOADING,0.26720169111991454,0.0,0.03758281845991919,0.0,0.0,0.06531393270913075,0,ok,0.0,0.26541653348288613,FLAT,0.0,-1,0.0061135102283287595,0.005659034273539823,0.10842252478540915,LOADING,0.23424372470014823,0.024762091965730634,0.0359270413328218,0.0,0.0,0.6338418861987292,1,staged_v3,0.5824399686957862,2,1.0417211863102414,0.582236707003612,2,0,0,0
v3_torso_proxy:v3_left_forearm_proxy,445,0.0,0.0,0.0,0.0,0.30272246795264424,FLAT,0.0,-1,0.015225463200184202,0.03672744507192051,0.1107235371349299,LOADING,0.26760214600207405,0.0,0.03758281845991919,0.0,0.0,0.06531393270913075,0,ok,0.0,0.26265058259327184,FLAT,0.0,-1,0.015225463200184202,0.005659034273539823,0.10895770634830154,LOADING,0.23421358939196474,0.024788851043875255,0.0359270413328218,0.0,0.0,0.6338418861987292,1,staged_v3,0.583360788229051,2,1.0416287300158142,0.5831567125280307,2,0,0,0
v3_torso_proxy:v3_left_forearm_proxy,446,0.0,0.0,0.0,0.0,0.30356927596870464,FLAT,0.0,-1,0.010379674942626475,0.03672744507192051,0.10973539114475322,LOADING,0.2681331133478091,0.0,0.03758281845991919,0.0,0.0,0.06531393270913075,0,ok,0.0,0.2651366517628521,FLAT,0.0,-1,0.005498730558411171,0.005659034273539823,0.10996898763294455,LOADING,0.23456684003039233,0.024839415108107405,0.0359270413328218,0.0,0.0,0.6338418861987292,1,staged_v3,0.5844948579689073,2,1.0415876937036155,0.5842881899345557,2,0,0,0
v3_torso_proxy:v3_left_forearm_proxy,447,0.0,0.0,0.0,0.0,0.3027553258434485,FLAT,0.0,-1,0.014061577495934775,0.03672744507192051,0.10905583337505696,LOADING,0.26845410897321814,0.0,0.03758281845991919,0.0,0.0,0.06531393270913075,0,ok,0.0,0.26239780758029185,FLAT,0.0,-1,0.014061577495934775,0.005659034273539823,0.11064636647307263,LOADING,0.2343950691119123,0.02487328405011381,0.0359270413328218,0.0,0.0,0.6338418861987292,1,staged_v3,0.5852334572665737,2,1.0414208922306594,0.5850267371586445,2,0,0,0
v3_torso_proxy:v3_left_forearm_proxy,448,0.0,0.0,0.0,0.0,0.3083790140190664,FLAT,0.0,-1,0.002289008339321172,0.03672744507192051,0.10917278238158001,LOADING,0.26970577098467785,0.0,0.03758281845991919,0.0,0.0,0.06531393270913075,0,ok,0.0,0.2651149506120764,FLAT,0.0,-1,0.004396455434045655,0.005659034273539823,0.11118966776136005,LOADING,0.23464343675651989,0.02490044911452818,0.0359270413328218,0.0,0.0,0.6338418861987292,1,staged_v3,0.5879319836927158,2,1.0418551875191921,0.5877260458112825,2,0,0,0
v3_torso_proxy:v3_left_forearm_proxy,449,0.0,0.0,0.0,0.0,0.3117129218015155,FLAT,0.0,-1,0.0020345560263596886,0.03672744507192051,0.10925658000649427,LOADING,0.2712958635920723,0.0,0.03758281845991919,0.0,0.0,0.06531393270913075,0,ok,0.0,0.26390683845278695,FLAT,0.0,-1,0.01294967565719015,0.005659034273539823,0.11161198059702894,LOADING,0.23461604200844152,0.024921564756311625,0.0359270413328218,0.0,0.0,0.6338418861987292,1,staged_v3,0.5913763094898339,2,1.0423021814545215,0.5911731742812802,2,0,0,0
v3_torso_proxy:v3_left_forearm_proxy,450,0.0,0.0,0.0,0.0,0.3138057893618728,FLAT,0.0,-1,0.0073593253459856576,0.03672744507192051,0.10931662362849706,LOADING,0.27293701087240935,0.0,0.03758281845991919,0.0,0.0,0.06531393270913075,0,ok,0.0,0.26202466896059035,FLAT,0.0,-1,0.015927639848274118,0.005659034273539823,0.11191193587292253,LOADING,0.234342461865914,0.024936562520106304,0.0359270413328218,0.0,0.0,0.6338418861987292,1,staged_v3,0.5949687684906375,2,1.0420668616781419,0.5947608589117426,2,0,0,0
v3_torso_proxy:v3_left_forearm_proxy,451,0.0,0.0,0.0,0.0,0.3160703126730737,FLAT,0.0,-1,0.0066861656463678525,0.03672744507192051,0.1093596467636623,LOADING,0.27465060368326066,0.0,0.03758281845991919,0.0,0.0,0.06531393270913075,0,ok,0.0,0.2637744362428628,FLAT,0.0,-1,0.007835667938396594,0.005659034273539823,0.11211149347141752,LOADING,0.23432243735022548,0.024946540400031053,0.0359270413328218,0.0,0.0,0.6338418861987292,1,staged_v3,0.5986944928054225,2,1.041960220960435,0.5984845206910518,2,0,0,0
v3_torso_proxy:v3_left_forearm_proxy,452,0.0,0.0,0.0,0.0,0.31830139318112904,FLAT,0.0,-1,0.006322612311607897,0.03672744507192051,0.10939047418708725,LOADING,0.2764169335159355,0.0,0.03758281845991919,0.0,0.0,0.06531393270913075,0,ok,0.0,0.25980962569564264,FLAT,0.0,-1,0.020620997905540596,0.005659034273539823,0.11227084537832725,LOADING,0.23379645764038842,0.024954507995376542,0.0359270413328218,0.0,0.0,0.6338418861987292,1,staged_v3,0.6025316574573261,2,1.0425068716469434,0.6023217593483107,2,0,0,0
v3_pelvis_proxy:v3_left_hand_proxy,453,0.10136876278603814,0.20000000000000018,0.1938347126734383,0.0,0.3187182972333288,FLAT,0.0,-1,0.007624587224990876,0.03433410806433851,0.10941256300119556,LOADING,0.2779028491042791,0.0,0.03671100213591904,0.03653698256073373,0.1938347126734383,0.06851033188335837,0,ok,0.0,0.2534357949325562,FLAT,0.0,-1,0.023622321408266214,0.005734762127137402,0.11110382496009613,LOADING,0.23257955065372532,0.024820429120867404,0.03501441876919034,-2.500000000000002,-0.0010000000000000009,0.6328418861987292,0,staged_v3,0.6057478752008857,2,1.0429248608768797,0.6055132631198636,2,0,0,0
v3_pelvis_proxy:v3_left_hand_proxy,454,0.1879092092983871,0.40000000000000036,0.33553333866847745,0.0,0.31500413106812075,FLAT,0.0,-1,0.014468568776230145,0.02868327530798924,0.10958720161415984,LOADING,0.27841902125291634,0.0017960847727187534,0.030722611981588002,0.0632465443077207,0.33553333866847745,0.06631549686192524,0,ok,0.0,0.25329978259980557,FLAT,0.0,-1,0.013973764793855176,0.01680570021735101,0.11020582813056803,LOADING,0.23155171060220758,0.013704591189177395,0.043185358036318566,-2.500000000000002,-0.0020000000000000018,0.6308418861987292,0,staged_v3,0.6066631305636128,2,1.0420280194423193,0.6069940288875306,2,0,0,0
v3_pelvis_proxy:v3_left_hand_proxy,455,0.16747297424034793,0.6000000000000005,0.2058196771531567,0.0,0.3099466650375998,FLAT,0.0,-1,0.01893679496275548,0.029493763560575377,0.1068695301373291,LOADING,0.27819099115641394,0.0008497129462910792,0.03175335632361499,0.03879609514251481,0.2058196771531567,0.06804856951861896,0,ok,0.0,0.25291572254041694,FLAT,0.0,-1,0.01578498757360509,0.005582051386839933,0.10731279540588676,LOADING,0.23072641328082152,0.024783588383454406,0.0352663876365462,-2.500000000000002,-0.0030000000000000027,0.6278418861987292,1,staged_v3,0.6060445224452293,2,1.0432473205393182,0.6062682787922898,2,0,0,0
