active_collision_pair,frame_idx,frame_root_angular_budget_usage,frame_root_z_budget_usage,frame_velocity_budget_usage_max,left_anchor_error_xy,left_contact_confidence,left_contact_phase,left_contact_slack,left_elbow_branch_sign,left_foot_vxy,left_heel_height,left_liftoff_probability,left_load_phase,left_lock_weight,left_swing_clearance_error,left_toe_height,max_joint_delta,max_joint_velocity_ratio,min_self_collision_distance,qp_resolve_count,qp_status,right_anchor_error_xy,right_contact_confidence,right_contact_phase,right_contact_slack,right_elbow_branch_sign,right_foot_vxy,right_heel_height,right_liftoff_probability,right_load_phase,right_lock_weight,right_swing_clearance_error,right_toe_height,root_ddz,root_dz,root_z,safety_backtracked,solver_mode,stage_a_high_priority_error,stage_a_iterations,stage_b_detail_error,stage_b_high_priority_error,stage_b_iterations,stage_b_rejected,stage_c_iterations,stage_c_triggered
v3_pelvis_proxy:v3_left_hand_proxy,0,1.0,1.0000000000000009,1.0,0.0,0.0,AIR,0.0,1,0.0,0.16687704340913911,0.15804531500935512,UNLOADED,0.0,0.0,0.08706652010014096,0.1884955592153876,1.0,0.045496964279940794,0,ok,0.0,0.18959728433102987,AIR,0.0,1,0.0,0.09971312624663689,0.17305328940159326,UNLOADED,0.0313573701231872,0.0,0.08804512071750939,0.0,-0.0050000000000000044,0.745,0,staged_v3,1.073522111681707,2,1.267235216667795,1.062398445054659,2,0,0,0
v3_pelvis_proxy:v3_left_hand_proxy,1,1.0,1.0000000000000009,1.0,0.0,0.0,AIR,0.0,1,4.714989520666159,0.256827416859069,0.2788625361592622,UNLOADED,0.0,0.0,0.12876321353330267,0.1884955592153876,1.0,0.028740048664442422,0,ok,0.0,0.14765851350521786,AIR,0.0,-1,0.31766886973604624,0.0979600942232494,0.3021115029537793,UNLOADED,0.045695731711796875,0.0,0.08333119434277314,0.0,-0.0050000000000000044,0.74,0,staged_v3,0.976327485573232,2,1.215432517621436,0.9716178382227141,2,0,0,0
v3_pelvis_proxy:v3_left_hand_proxy,2,1.0000000000000004,1.0000000000000009,0.9999999999999999,0.0,0.0,AIR,0.0,1,4.684455332261501,0.28133436010553337,0.36734858587978725,UNLOADED,0.0,0.0,0.15123908097636773,0.18849555921538758,0.9999999999999999,0.026429842266086787,0,ok,0.0,0.11499656594502328,FLAT,0.0,-1,0.36010647950733227,0.09619898776969313,0.44848125813245415,UNLOADED,0.049241137643255,0.0,0.07548785841416818,0.0,-0.0050000000000000044,0.735,0,staged_v3,0.8940497697650734,2,1.168073933207638,0.8927100384848661,2,0,0,0
v3_torso_proxy:v3_right_forearm_proxy,3,1.0000000000000002,1.0000000000000009,1.0000000000000002,0.0,0.0,AIR,0.0,1,4.738773987734093,0.2400558732892979,0.4069758847440218,UNLOADING,0.0,0.0,0.14696531688779632,0.18849555921538763,1.0000000000000002,0.04965558358679255,0,ok,0.0,0.08955941560850658,FLAT,0.0,-1,0.4053795189323255,0.10067686344469014,0.5915432616365922,UNLOADED,0.047432567521244785,0.0,0.0672883495751605,0.0,-0.0050000000000000044,0.73,0,staged_v3,0.8096679112604509,2,1.098466423176197,0.8088093225084161,2,0,0,0
v3_torso_proxy:v3_right_forearm_proxy,4,1.0000000000000007,1.0000000000000009,1.0000000000000002,0.0,0.0,AIR,0.0,1,4.737514802983559,0.17244942091766785,0.41714709795631183,UNLOADING,0.0,0.0,0.14679086576854072,0.18849555921538763,1.0000000000000002,0.04856015261332662,0,ok,0.0,0.06974894300732233,FLAT,0.0,-1,0.3320713096057795,0.10952812718860519,0.707327957947772,UNLOADED,0.04357271010120089,0.0,0.06647408023396346,0.0,-0.0050000000000000044,0.725,0,staged_v3,0.7214267037651014,2,1.0034035859609216,0.7199311750531677,2,0,0,0
v3_torso_proxy:v3_left_forearm_proxy,5,1.000000000000001,1.0000000000000009,0.7988392744742443,0.0,0.0,AIR,0.0,1,4.585117590770051,0.12333409470290457,0.4062121035120402,UNLOADING,0.0,0.0,0.16620345153698055,0.15057765576523718,0.7988392744742443,0.04977916969031512,0,ok,0.0,0.05432053143250542,FLAT,0.0,-1,0.626906634503258,0.12245522968042513,0.79029131814001,UNLOADING,0.03897539252169289,0.0,0.07149492909909466,0.0,-0.0050000000000000044,0.72,0,staged_v3,0.6304900804021508,2,0.8852979114238675,0.6298571644860854,2,0,0,0
v3_torso_proxy:v3_left_forearm_proxy,6,1.000000000000001,1.0000000000000009,0.6724542311585866,0.0,0.0,AIR,0.0,-1,4.192620748363108,0.10239492950813209,0.40814332241460183,UNLOADING,0.0,0.0,0.1853739916747713,0.1267546363489913,0.6724542311585866,0.04984168371263974,0,ok,0.0,0.042304872416490086,FLAT,0.0,-1,0.7072268454384614,0.1445381355073168,0.8497371633481595,UNLOADING,0.034315600751950476,0.0,0.07566335110422302,0.0,-0.0050000000000000044,0.715,0,staged_v3,0.5493226304051126,2,0.977265011848585,0.548609441598104,2,0,0,0
v3_torso_proxy:v3_left_forearm_proxy,7,0.9999999999999987,1.0000000000000009,0.8405392062640694,0.0,0.0,AIR,0.0,-1,3.5843458376935318,0.09338741457871574,0.4200083799534701,UNLOADING,0.0,0.0,0.19690828821207593,0.1584379077272038,0.8405392062640694,0.049818670379652735,0,ok,0.0,0.032947067765698355,FLAT,0.0,-1,0.9679280676953108,0.18128745020628076,0.8923319727233215,UNLOADING,0.029920135757512376,0.0,0.07763153474152568,0.0,-0.0050000000000000044,0.71,0,staged_v3,0.4831699970798872,2,0.9639562367229455,0.4812513195026903,2,0,0,0
v3_pelvis_proxy:v3_left_hand_proxy,8,1.0,1.0000000000000009,1.0000000000000002,0.0,0.0,AIR,0.0,-1,2.6682788456937345,0.08855237613962913,0.4285100651818288,UNLOADING,0.0,0.0,0.20282008697915402,0.18849555921538763,1.0000000000000002,0.04134498125485525,0,ok,0.0,0.02565920217583252,FLAT,0.0,-1,0.9232674628664004,0.21155273866887958,0.9228524873085471,UNLOADING,0.02592862259579812,0.0,0.0820363203987889,0.0,-0.0050000000000000044,0.705,0,staged_v3,0.4170404135122475,2,0.9557788425552053,0.41294753934290546,2,0,0,0
v3_pelvis_proxy:v3_left_hand_proxy,9,0.8347257172620215,1.0000000000000009,0.9840530296203842,0.0,0.0,AIR,0.0,-1,2.212816693320108,0.08534461958710036,0.43460178884059053,UNLOADING,0.0,0.0,0.20496816675297946,0.1854896261158907,0.9840530296203842,0.02126864982779396,0,ok,0.0,0.019983406747525863,FLAT,0.0,-1,1.0894471887203938,0.2373043049806913,0.9447213916236852,UNLOADING,0.022382341498629974,0.0,0.09019830624496664,0.0,-0.0050000000000000044,0.7,0,staged_v3,0.37830096175729344,2,0.9530585535358217,0.35821038146398787,2,0,0,0
v3_pelvis_proxy:v3_left_hand_proxy,10,0.4398187375751746,1.0000000000000009,0.7582286399110755,0.0,0.0,AIR,0.0,-1,1.2496690653273257,0.0754761158786363,0.4571896867548556,UNLOADING,0.0,0.0,0.1861003436079932,0.14292273149316093,0.7582286399110755,0.02118789364476522,0,ok,0.0,0.015563092823407537,FLAT,0.0,-1,2.2275463699229223,0.24080486872697254,0.9049950226261798,UNLOADING,0.019396088610476335,0.0,0.08894855186721373,0.0,-0.0050000000000000044,0.695,0,staged_v3,0.3288341926382389,2,0.9601522775972734,0.3168312870519833,2,0,0,0
v3_pelvis_proxy:v3_left_hand_proxy,11,0.28940737197415,1.0000000000000009,0.5711242535705142,0.0,0.0,AIR,0.0,-1,1.1097009143888332,0.06689592039670227,0.47337462285047094,UNLOADING,0.0,0.0,0.1629112887607769,0.10765438555824491,0.5711242535705142,0.03419588620199562,0,ok,0.0,0.012120548877882751,AIR,0.0,-1,2.4690107206178227,0.24477948961297985,0.8306871413990853,UNLOADING,0.016918385205883492,0.0,0.09009927979101778,0.0,-0.0050000000000000044,0.69,0,staged_v3,0.29838328271803316,2,0.9645707555037418,0.2896901449278743,2,0,0,0
v3_pelvis_proxy:v3_left_hand_proxy,12,0.16248702451860925,1.0000000000000009,0.4443778152142101,0.0,0.0,AIR,0.0,-1,0.8271907583388001,0.061359590604159436,0.46482074023986447,UNLOADING,0.0,0.0,0.13410923458855353,0.08376324478171471,0.4443778152142101,0.04244373618891986,0,ok,0.0,0.009439492957350325,AIR,0.0,-1,2.778454596424469,0.24648467104651367,0.7453182239021098,UNLOADING,0.014844911152448922,0.0,0.09026900214425111,0.0,-0.0050000000000000044,0.6849999999999999,0,staged_v3,0.2810008536597813,2,0.963916377258618,0.2744385811921372,2,0,0,0
v3_pelvis_proxy:v3_left_hand_proxy,13,0.12508950212879297,1.0000000000000009,0.3904990191055221,0.0,0.0,AIR,0.0,-1,0.48059123695538397,0.0578572826493399,0.4138376424938381,UNLOADING,0.0,0.0,0.11368013060289361,0.07360733097935572,0.3904990191055221,0.047931496789680894,0,ok,0.0,0.007351484506981444,AIR,0.0,-1,3.254586582504335,0.24034574379892581,0.6286454012166488,UNLOADING,0.013114210642035093,0.0,0.08602864082898021,0.0,-0.0050000000000000044,0.6799999999999999,0,staged_v3,0.26878719367551873,2,0.9596053274056285,0.2636646959164504,2,0,0,0
v3_pelvis_proxy:v3_left_hand_proxy,14,0.08576844907795375,1.0000000000000009,0.4205351533613694,0.0,0.0,FLAT,0.0,-1,0.3498747918516628,0.05518176259617656,0.392219357618993,LOADING,0.0,0.0,0.09932692184953357,0.07926900890258011,0.4205351533613694,0.050987338973968344,0,ok,0.0,0.005725341890774449,AIR,0.0,-1,3.405902750814618,0.23106761345680205,0.5213112855765036,UNLOADING,0.011632274343077197,0.0,0.08140449138362599,0.0,-0.0050000000000000044,0.6749999999999999,0,staged_v3,0.26167115736970165,2,0.9531811057541941,0.2575068720933331,2,0,0,0
v3_pelvis_proxy:v3_left_hand_proxy,15,0.03859022196945851,1.0000000000000009,0.49056277231099843,0.0,0.0,FLAT,0.0,-1,0.2397122769479868,0.05239333661673377,0.3971489440328638,LOADING,0.0,0.0,0.08634562051613182,0.09246890409701251,0.49056277231099843,0.05231625418625238,0,ok,0.0,0.004458900747886659,AIR,0.0,-1,3.9057708325055147,0.21329194749530928,0.4727498999702128,UNLOADING,0.01030637170340133,0.0,0.07338727036745146,0.0,-0.0050000000000000044,0.6699999999999999,0,staged_v3,0.2539799679596998,2,0.9407535534972848,0.24989612456396385,2,0,0,0
v3_torso_proxy:v3_right_forearm_proxy,16,0.058177262556508076,1.0000000000000009,0.5133233704182288,0.0,0.0,FLAT,0.0,-1,0.20551810864787912,0.05126751998733275,0.42185800176287563,LOADING,0.0,0.0,0.07656254591733976,0.0967591757653116,0.5133233704182288,0.05456139510409809,0,ok,0.0,0.003472595394091803,AIR,0.0,-1,3.893824083132205,0.19301583127228256,0.45617713387585734,UNLOADING,0.009103815285787497,0.0,0.0673585420086981,0.0,-0.0050000000000000044,0.6649999999999999,0,staged_v3,0.24888629821196093,2,0.934666174677874,0.24449038243904447,2,0,0,0
v3_pelvis_proxy:v3_right_hand_proxy,17,0.09426317026919136,1.0000000000000009,0.5454450882765131,0.0,0.012468328792747063,FLAT,0.0,-1,0.1228172122186523,0.05170183334024182,0.4475067967126857,LOADING,0.0013777333828688555,0.0,0.07096531128579506,0.10281397693596778,0.5454450882765131,0.05327971102323904,0,ok,0.0,0.00270446001220885,AIR,0.0,-1,4.101373193122684,0.1672786246185442,0.4625252152438353,UNLOADING,0.0080109243968098,0.0,0.06396859650246511,0.0,-0.0050000000000000044,0.6599999999999999,0,staged_v3,0.24367354107164324,2,0.935365035836803,0.2383263862586804,2,0,0,0
v3_pelvis_proxy:v3_right_hand_proxy,18,0.10878870901417335,1.0000000000000009,0.5031802137247477,0.0,0.009710344227383157,FLAT,0.0,-1,0.19983806245688523,0.055755443860330045,0.49939156635643367,UNLOADING,0.00207440274905711,0.0,0.06807951364603909,0.09484723577216458,0.5031802137247477,0.03175637880426882,0,ok,0.0,0.0021062355752935534,AIR,0.0,-1,4.302285082749804,0.1434242181065386,0.48529680148346077,UNLOADING,0.007021376081184531,0.0,0.06494513165602923,0.0,-0.0050000000000000044,0.6549999999999999,0,staged_v3,0.22602940838990984,2,0.9975539677408845,0.21921883280901858,2,0,0,0
v3_pelvis_proxy:v3_right_hand_proxy,19,0.08301344522919805,1.0000000000000009,0.6279649507321697,0.0,0.007562423688178899,FLAT,0.0,-1,0.2646807402976318,0.056373874344139326,0.5639277840272054,UNLOADING,0.0023190747704115535,0.0,0.0659349311967218,0.11836860455592366,0.6279649507321697,0.01215957344739646,0,ok,0.0,0.0016403379153714704,AIR,0.0,-1,4.494193872276705,0.12234780022269756,0.5042613336958919,UNLOADING,0.006134490773937357,0.0,0.06973721755481067,0.0,-0.0050000000000000044,0.6499999999999999,0,staged_v3,0.20660962206121228,2,1.0546241813063455,0.1986767408942507,2,0,0,0
v3_pelvis_proxy:v3_right_hand_proxy,20,0.038368797000415004,1.0000000000000009,0.07741898459403401,0.0,0.005889621490271468,FLAT,0.0,-1,0.41800563613033226,0.0540596775593772,0.6445042417333467,UNLOADING,0.0022868834400081362,0.0031655345272901397,0.06143069256456064,0.01459313479493992,0.07741898459403401,0.009990321935939808,0,ok,0.0,0.001277496452993017,AIR,0.0,-1,4.602310448886083,0.11478717823295284,0.5541019534352478,UNLOADING,0.005339511116643876,0.0,0.06611787709317779,0.0,-0.0050000000000000044,0.6449999999999999,1,staged_v3,0.18659511382647356,2,0.9754357816181332,0.17904575949888463,2,0,1,1
v3_pelvis_proxy:v3_right_hand_proxy,21,0.0,1.0000000000000009,0.0,0.0,0.004586841828617593,FLAT,0.0,-1,0.32463569162831507,0.04905967755937719,0.7452761584257719,UNLOADING,0.0021270969444753783,0.013204130361911405,0.05643069256456064,0.0,0.0,0.009990321935939794,0,ok,0.0,0.0009949152379619037,FLAT,0.0,-1,4.6102897385104,0.10978717823295284,0.5895446866077217,UNLOADING,0.004635062135094238,0.0,0.061117877093177786,0.0,-0.0050000000000000044,0.6399999999999999,1,staged_v3,0.17402063210454324,2,0.938062641172875,0.16569597465050626,2,0,1,1
v3_pelvis_proxy:v3_right_hand_proxy,22,0.7167824077673749,1.0000000000000009,0.8824773172778483,0.0,0.010122319446273956,FLAT,0.0,-1,0.11269085006021842,0.09356241095517494,0.8174823919624281,UNLOADING,0.002087154742854056,0.005283347377602124,0.060590772220519284,0.16634305541518304,0.8824773172778483,0.010840676845695923,0,ok,0.0,0.0007748407664144038,FLAT,0.0,-1,4.387171912108466,0.06895534284064131,0.6042747916816226,UNLOADING,0.004016713833466906,0.0,0.0809001425300136,0.0,-0.0050000000000000044,0.6349999999999999,0,staged_v3,0.1862341848003795,2,1.090830494004624,0.16474314488630648,2,0,0,0
v3_pelvis_proxy:v3_right_hand_proxy,23,0.11301517688298196,1.0000000000000009,0.24339186842010355,0.0,0.007883270311257067,FLAT,0.0,-1,0.3596800462487572,0.10181270606923572,0.8692204191100454,UNLOADING,0.0019362713206389653,0.0070819935054297,0.06137902745007257,0.04587828634632546,0.24339186842010355,0.009990034327013814,0,ok,0.0,0.0006034465956391852,FLAT,0.0,-1,4.30922513413515,0.05971409720714195,0.5767409294964863,UNLOADING,0.0034793853208528835,0.0,0.08572546980444504,0.0,-0.0050000000000000044,0.6299999999999999,1,staged_v3,0.1653493633065718,2,1.0668184901760882,0.16249280311160805,2,0,1,1
v3_pelvis_proxy:v3_right_hand_proxy,24,0.0,1.0000000000000009,0.0,0.0,0.006139497091570561,FLAT,0.0,-1,0.4375579130662498,0.09681270606923571,0.90629233550863,UNLOADING,0.001741849408205204,0.013935589325358926,0.05637902745007257,0.0,0.0,0.009990034327013744,0,ok,0.0,0.00046996468122557087,FLAT,0.0,-1,4.182042339861747,0.054714097207141946,0.5387890679624132,UNLOADING,0.003013294967681442,0.0,0.08072546980444503,0.0,-0.0050000000000000044,0.6249999999999999,1,staged_v3,0.18260297052461893,2,0.9859248870774789,0.15913010010724193,2,0,1,1
v3_pelvis_proxy:v3_right_hand_proxy,25,0.0,1.0000000000000009,0.0,0.0,0.004781445142579765,FLAT,0.0,-1,1.038412884117136,0.09181270606923571,0.9328555243511897,UNLOADING,0.0015388777251676134,0.020263748767486926,0.05137902745007256,0.0,0.0,0.009990034327013828,0,ok,0.0,0.0003660088617543778,FLAT,0.0,-1,3.633558848722771,0.04971409720714194,0.49337238370128955,UNLOADING,0.0026093142861804966,0.0,0.07572546980444503,0.0,-0.0050000000000000044,0.6199999999999999,1,staged_v3,0.20446933412057144,2,0.9814652075571557,0.16786471007510706,2,0,1,1
v3_pelvis_proxy:v3_right_hand_proxy,26,0.0,1.0000000000000009,0.0,0.0,0.003723793221254086,FLAT,0.0,-1,0.9181625486530034,0.0868127060692357,0.9518888808655681,UNLOADING,0.0013446317443293464,0.026215416593205858,0.04637902745007256,0.0,0.0,0.0099900343270138,0,ok,0.0,0.000285047988145383,AIR,0.0,-1,3.255980992146125,0.04471409720714194,0.4728929075787647,UNLOADING,0.0022580195047592596,0.003930548171796298,0.07072546980444502,0.0,-0.0050000000000000044,0.6149999999999999,1,staged_v3,0.22643670997587692,2,1.0468867762498153,0.1830701815125092,2,0,1,1
v3_pelvis_proxy:v3_right_hand_proxy,27,0.0,1.0000000000000009,0.0,0.0,0.0029000930767086714,FLAT,0.0,-1,1.0190055177673383,0.0818127060692357,0.9655268767534338,UNLOADING,0.0011668236760051386,0.03189731638759915,0.041379027450072554,0.0,0.0,0.009990034327013828,0,ok,0.0,0.0002219955963805528,AIR,0.0,-1,2.6415029881931402,0.03971409720714193,0.4664034850702569,UNLOADING,0.001952367586444853,0.008606077046370918,0.06572546980444502,0.0,-0.0050000000000000044,0.6099999999999999,1,staged_v3,0.2399980041979761,2,1.033682948225756,0.1922128275174782,2,0,1,1
v3_pelvis_proxy:v3_right_hand_proxy,28,0.0,1.0000000000000009,0.0,0.0,0.002258594759120673,AIR,0.0,-1,1.5530234072319409,0.0768127060692357,0.9752989278205662,UNLOADING,0.0010081045383142804,0.03738591894095577,0.03637902745007255,0.0,0.0,0.0099900343270138,0,ok,0.0,0.00017289034429957806,AIR,0.0,-1,2.012917830952599,0.03471409720714193,0.4617536106553688,UNLOADING,0.0016867518746058452,0.013373583325626513,0.060725469804445015,0.0,-0.0050000000000000044,0.6049999999999999,1,staged_v3,0.2656829717064855,2,1.0467361746512325,0.21098134845377517,2,0,1,1
v3_pelvis_proxy:v3_right_hand_proxy,29,0.0012809980154393596,1.0000000000000009,0.0023193359375000256,0.0,0.0017589953670441513,AIR,0.0,-1,1.9547415424550425,0.0721133114400443,0.9778604026573385,UNLOADING,0.000869652954148521,0.042450101767106486,0.03144291836576044,0.00043718452454741263,0.0023193359375000256,0.0099900005763454,0,ok,0.0,0.0001346471355259962,AIR,0.0,-1,1.7004531482491518,0.029686534704594036,0.4584218300468655,UNLOADING,0.0014562047424118104,0.01823455679774924,0.05580220613851821,0.0,-0.0050000000000000044,0.5999999999999999,1,staged_v3,0.2890470526447887,2,1.0623178543176561,0.23520973322197744,2,0,1,1
v3_pelvis_proxy:v3_right_hand_proxy,30,0.0,1.0000000000000009,0.0,0.0,0.0013699069692729583,AIR,0.0,-1,2.8935721232310985,0.06711331144004425,0.9205669575754946,UNLOADING,0.0007609619433284301,0.04458542951301438,0.02644291836576036,0.0,0.0,0.009990000576345456,0,ok,0.0,0.00010486329458596741,AIR,0.0,-1,1.0377526295387378,0.02468653470459384,0.43692558805500975,UNLOADING,0.0012566106132006387,0.02215974469815665,0.05080220613851805,0.0,-0.0050000000000000044,0.5949999999999999,1,staged_v3,0.2932276475258661,2,1.0445133022419804,0.23714935110425317,2,0,1,1
v3_pelvis_proxy:v3_right_hand_proxy,31,0.0,1.0000000000000009,0.0,0.0,0.0010668846204047548,AIR,0.0,-1,3.1886170258948834,0.06211331144004425,0.8196182907060259,UNLOADING,0.0006797454473455205,0.04453799616954095,0.021442918365760354,0.0,0.0,0.009990000576345429,0,ok,0.0,8.166761593899884e-05,AIR,0.0,-1,0.7847678003515379,0.019686534704593837,0.3808867661576715,UNLOADING,0.0010843178830011457,0.02435780360328974,0.04580220613851804,0.0,-0.0050000000000000044,0.5899999999999999,1,staged_v3,0.29910029504583124,2,1.0570425093661873,0.24466598039227808,2,0,1,1
v3_pelvis_proxy:v3_right_hand_proxy,32,0.5263675641051913,1.0000000000000009,0.9999999999999999,0.0,0.0008308905778180617,AIR,0.0,-1,3.7551481259327737,0.2054386799079649,0.6994855916646185,UNLOADING,0.0006183096106367944,0.0,0.08712642384555491,0.18849555921538758,0.9999999999999999,0.010028982674247948,0,ok,0.0,6.360280324486704e-05,FLAT,0.0,-1,0.27851698690297816,0.005748000971222959,0.34374198984593296,LOADING,0.0009353781638720817,0.036439098521073694,0.04745552396727987,0.0,-0.0050000000000000044,0.5849999999999999,0,staged_v3,0.3094062802563883,2,1.0682094095280543,0.26984263040662104,2,0,0,0
v3_pelvis_proxy:v3_right_hand_proxy,33,0.5129576099944368,1.0000000000000009,0.5459874752392885,0.0,0.0006470982326513585,AIR,0.0,-1,4.13005382318599,0.2298662095617605,0.6186403561995045,UNLOADING,0.0005652335450469456,0.0,0.09250983497467778,0.10291621446982727,0.5459874752392885,0.010176564662852793,0,ok,0.0,4.9533912972638944e-05,FLAT,0.0,-1,0.22352220943749004,0.03185760144689804,0.3215822043381357,LOADING,0.0008065533816116992,0.009221508770008748,0.06268661629553031,0.0,-0.0050000000000000044,0.5799999999999998,0,staged_v3,0.322003392535463,2,0.9804138030587979,0.298896568812714,2,0,0,0
v3_pelvis_proxy:v3_right_hand_proxy,34,0.017348995171937956,1.0000000000000009,0.024243797515816276,0.0,0.0005039606103130001,AIR,0.0,-1,4.185800997060547,0.22491496854623672,0.5424892265006406,UNLOADING,0.0005174240969884548,0.0,0.08740751000425323,0.004569848170248414,0.024243797515816276,0.009990064163851224,0,ok,0.0,3.857705021168203e-05,FLAT,0.0,-1,0.31146572845917053,0.02686622633221895,0.32687694176940935,LOADING,0.000695041055955171,0.01447762075625152,0.05811412066439169,0.0,-0.0050000000000000044,0.5749999999999998,1,staged_v3,0.32982040858559414,2,1.0360612159208158,0.3112373280508116,2,0,1,1
v3_pelvis_proxy:v3_right_hand_proxy,35,0.0,1.0000000000000009,0.0,0.0,0.0003924849179489076,AIR,0.0,-1,5.038904692231475,0.2199149685462367,0.5061475449132382,UNLOADING,0.0004711963174634747,0.0,0.08240751000425323,0.0,0.0,0.00999006416385137,0,ok,0.0,3.004383691344287e-05,FLAT,0.0,-1,0.20627288871723137,0.021866226332218946,0.34307424229846933,LOADING,0.0005985689865799502,0.020287485782704524,0.05311412066439169,0.0,-0.0050000000000000044,0.5699999999999998,1,staged_v3,0.35467241253972726,2,1.0451880280664334,0.3331345812102908,2,0,1,1
v3_pelvis_proxy:v3_right_hand_proxy,36,0.5816962145155663,1.0000000000000009,0.7365326378921604,0.0,0.00030566756144232533,AIR,0.0,-1,5.080914563923995,0.17504896311719026,0.49833057935436076,UNLOADING,0.00042578885331996923,0.0,0.05524310296305826,0.13883313145986736,0.7365326378921604,0.024755090190963072,0,ok,0.0,2.3398163714658887e-05,FLAT,0.0,-1,0.2581398323812885,0.02427299826857463,0.38285782476024754,LOADING,0.0005151219875901688,0.01986989296943775,0.05115166738064604,0.0,-0.0050000000000000044,0.5649999999999998,0,staged_v3,0.37772467091243894,2,1.0760724394442092,0.34628772494155247,2,0,0,0
v3_pelvis_proxy:v3_right_hand_proxy,37,0.22027549155087886,1.0000000000000009,0.6833944261502575,0.0,0.00023805413621080974,AIR,0.0,-1,5.237484135119515,0.13655157697333625,0.5109524659551473,UNLOADING,0.0003815932726004128,0.0142905086499139,0.036257114647843466,0.1288168145218717,0.6833944261502575,0.04226052639092952,0,ok,0.0,1.8222508223409272e-05,FLAT,0.0,-1,0.3337806621790843,0.0232981040990092,0.4357944224386605,LOADING,0.0004430018809025454,0.023491617022923825,0.04256341963894861,0.0,-0.0050000000000000044,0.5599999999999998,0,staged_v3,0.3398148422427641,2,1.0847125340116373,0.31822707693549923,2,0,0,0
v3_torso_proxy:v3_right_forearm_proxy,38,0.14665953087662245,0.8000000000000007,0.6465255357320489,0.0,0.0001853967476943655,AIR,0.0,-1,5.205437624319815,0.10431464966080647,0.5199964429031227,UNLOADING,0.0003397929619957092,0.024674711303005678,0.02632511084215046,0.12186719240484062,0.6465255357320489,0.04103799793710319,0,ok,0.0,1.4191703673916257e-05,FLAT,0.0,-1,0.3711288822750745,0.02516345324087381,0.49505972583502966,UNLOADING,0.00038073960687989253,0.024589533050877674,0.03604595128466596,2.500000000000002,-0.0040000000000000036,0.5559999999999998,0,staged_v3,0.30773266390604836,2,1.090505588674032,0.29108467333469284,2,0,0,0
v3_torso_proxy:v3_right_forearm_proxy,39,0.13065222345869384,0.6000000000000005,0.5994528410936728,0.0,0.00014438713228326355,AIR,0.0,-1,5.2835294360327785,0.0780919652140063,0.5002404094125752,UNLOADING,0.0003015595180128902,0.02517048810565746,0.024841532364971303,0.11299419850520473,0.5994528410936728,0.037557768280117476,0,ok,0.0,1.1052509934363314e-05,FLAT,0.0,-1,0.36398532831279307,0.02800499947273171,0.5846925463210766,UNLOADING,0.00032700397586242236,0.02622962784332212,0.030812634143779827,2.500000000000002,-0.0030000000000000027,0.5529999999999998,0,staged_v3,0.2798731583855796,2,1.0956541590898925,0.2672531195885333,2,0,0,0
v3_torso_proxy:v3_right_forearm_proxy,40,0.10400995172018393,0.40000000000000036,0.5272723631345639,0.0,0.00011244881168764017,AIR,0.0,-1,5.248831970037932,0.061443358601193834,0.48397405004711186,UNLOADING,0.00026676908756421844,0.01704409566802486,0.03215460683433074,0.09938849894786855,0.5272723631345639,0.03842487599475544,0,ok,0.0,8.60770339178663e-06,FLAT,0.0,-1,0.3986933627523616,0.03232429460258752,0.7024192059243777,UNLOADING,0.00028065504891214705,0.0337214770169108,0.026399483279308085,2.500000000000002,-0.0020000000000000018,0.5509999999999998,0,staged_v3,0.2681400921864551,2,1.1011412543954615,0.25951984612511225,2,0,0,0
v3_torso_proxy:v3_right_forearm_proxy,41,0.09563137739101556,0.20000000000000018,0.47405909250460165,0.0,8.757522259778312e-05,AIR,0.0,-1,5.291452482231364,0.05138757555385458,0.47231869425271217,UNLOADING,0.0002352609047424026,0.0023005227971665057,0.046315411915469104,0.08935803374279405,0.47405909250460165,0.042691670675646956,0,ok,0.0,6.703686141969815e-06,FLAT,0.0,-1,0.40566193516314836,0.03891346472917705,0.7867740436194054,UNLOADING,0.00024076567048025418,0.04086025694333195,0.02347844523763831,2.500000000000002,-0.0010000000000000009,0.5499999999999998,0,staged_v3,0.2780436263074524,2,1.107160711673622,0.26968237352496716,2,0,0,0
v3_torso_proxy:v3_right_forearm_proxy,42,0.0958060279664322,0.0,0.42091406684405636,0.0,6.820365193680608e-05,AIR,0.0,-1,5.257110389434445,0.047263396444030235,0.4457442797127479,UNLOADING,0.00020705252752641016,2.381754160716426e-05,0.06583924589930404,0.07934043241139344,0.42091406684405636,0.04893109162053608,0,ok,0.0,5.220836016831017e-06,FLAT,0.0,-1,0.4649471545518768,0.04899840665218477,0.847216926026263,UNLOADING,0.0002064845254652699,0.04532176216503824,0.0220390841362749,2.500000000000002,0.0,0.5499999999999998,0,staged_v3,0.28271577696306677,2,1.1140786293746994,0.2747874196067347,2,0,0,0
v3_torso_proxy:v3_right_forearm_proxy,43,0.11165562668103528,0.20000000000000018,0.366436289233438,0.0,5.3117057536714115e-05,AIR,0.0,-1,4.902635239044965,0.04516484260996362,0.4084798924572969,UNLOADING,0.00018196213896356145,0.0002591520129012273,0.08565905996345755,0.06907161325586841,0.366436289233438,0.055602443650539055,0,ok,0.0,4.06599117819539e-06,FLAT,0.0,-1,0.7320871857051587,0.06593677250696023,0.890526143772106,UNLOADING,0.0001770503246464693,0.04755992780061478,0.02196637938799053,2.500000000000002,0.0010000000000000009,0.5509999999999998,0,staged_v3,0.28070808162494437,2,1.1213386213527663,0.2732975652346752,2,0,0,0
v3_torso_proxy:v3_right_forearm_proxy,44,0.13066392626850917,0.40000000000000036,0.3183140854399098,0.0,4.136760600404182e-05,AIR,0.0,-1,4.6501855235881955,0.04546973625653042,0.40437247220454237,UNLOADING,0.00015948750266805325,0.0,0.10603711094080352,0.06000079154113047,0.3183140854399098,0.06177865541211294,0,ok,0.0,3.1665971135399936e-06,FLAT,0.0,-1,0.8195406313781909,0.09320097547962222,0.9215585543234606,UNLOADING,0.00015179290576203958,0.04419850765179774,0.026879420064375284,2.500000000000002,0.0020000000000000018,0.5529999999999998,0,staged_v3,0.2775964606037722,2,1.1228342984154058,0.27277323294094746,2,0,0,0
v3_torso_proxy:v3_right_forearm_proxy,45,0.16259477267009068,0.6000000000000005,0.2878325488430327,0.0,3.221712394973712e-05,AIR,0.0,-1,3.4491316789820883,0.04820993529505781,0.41730644771047876,UNLOADING,0.0001393853894867348,0.0,0.12082004373191804,0.05425515725455782,0.2878325488430327,0.06708319390309933,0,ok,0.0,2.4661483116965974e-06,FLAT,0.0,-1,0.856351727349756,0.12950826462508475,0.9437942481260865,UNLOADING,0.00013012800661318984,0.032383723568187445,0.03980598883811688,2.500000000000002,0.0030000000000000027,0.5559999999999998,0,staged_v3,0.28998484024140514,2,1.1228141129052167,0.2896159076885205,2,0,0,0
v3_torso_proxy:v3_right_forearm_proxy,46,0.15664624712738853,0.8000000000000007,0.2883151994485049,0.0,2.5090721360363782e-05,AIR,0.0,-1,2.912808167561771,0.05283222784373538,0.4265740461306766,UNLOADING,0.00012152857253567784,0.0,0.13355716066145545,0.054346134750341946,0.2883151994485049,0.07156435821344022,0,ok,0.0,1.920638236319533e-06,FLAT,0.0,-1,1.198150850655981,0.16382321636808223,0.9597268189479995,UNLOADING,0.00011154934141293796,0.017582381531582203,0.05540395941581777,2.500000000000002,0.0040000000000000036,0.5599999999999998,0,staged_v3,0.3071496203456822,2,1.1208015735677035,0.3060344990949655,2,0,0,0
v3_torso_proxy:v3_right_forearm_proxy,47,0.12264753401831174,1.0000000000000009,0.2143705508518345,0.0,1.954067344327774e-05,AIR,0.0,-1,1.9786591427806557,0.058791273074828954,0.4332145705725726,UNLOADING,0.00010574954345755948,0.0,0.14332724098864835,0.04040789686212723,0.2143705508518345,0.07527821495506024,0,ok,0.0,1.4957945624425344e-06,FLAT,0.0,-1,1.9381026785964057,0.1875715362417508,0.9291634834544913,UNLOADING,9.562885790769985e-05,0.0034901435019544375,0.06796803067077013,2.500000000000002,0.0050000000000000044,0.5649999999999998,0,staged_v3,0.31592448854100036,2,1.1135525952757472,0.31405070308168626,2,0,0,0
v3_torso_proxy:v3_right_forearm_proxy,48,0.10816419740884718,1.0000000000000009,0.15121154807155096,0.0,1.5218291779367309e-05,AIR,0.0,-1,1.6083669703351418,0.057031526829313554,0.4379727142538216,UNLOADING,9.186433656682973e-05,0.0,0.13797560265896072,0.028502705313571464,0.15121154807155096,0.07833517453530806,0,ok,0.0,1.1649259765441952e-06,AIR,0.0,-1,2.516193447394201,0.20201625905924106,0.8480046003109465,UNLOADING,8.19928872622303e-05,0.0,0.07570295070303051,0.0,0.0050000000000000044,0.5699999999999998,0,staged_v3,0.321275290879923,2,1.0968665905843016,0.3183146204759883,2,0,0,0
v3_torso_proxy:v3_right_forearm_proxy,49,0.09876226295525664,0.8000000000000007,0.15244586181339345,0.0,1.1852017554780384e-05,AIR,0.0,-1,1.2738203517325954,0.04968419680110533,0.4290345103101544,UNLOADING,7.970758748685089e-05,0.0,0.12055037626547432,0.0287353679725873,0.15244586181339345,0.08080423152388627,0,ok,0.0,9.072452627528403e-07,AIR,0.0,-1,2.745556369387061,0.20897144191263145,0.7436102128662755,UNLOADING,7.031284742759674e-05,0.0,0.07901279891088313,-2.500000000000002,0.0040000000000000036,0.5739999999999998,0,staged_v3,0.3252200885328028,2,1.0701648371573294,0.32173041795294754,2,0,0,0
v3_torso_proxy:v3_right_forearm_proxy,50,0.12087961308195355,0.6000000000000005,0.197010647730965,0.0,9.230360552639e-06,AIR,0.0,-1,0.5024727411910462,0.047486778296765446,0.3965710947808161,UNLOADING,6.911648446916609e-05,0.0,0.1101349702137214,0.03713563221543398,0.197010647730965,0.08274270380147937,0,ok,0.0,7.065633210697345e-07,AIR,0.0,-1,3.252522124966481,0.1994341781145215,0.6219101599150787,UNLOADING,6.0306318425521934e-05,0.0,0.07111957632448052,-2.500000000000002,0.0030000000000000027,0.5769999999999998,0,staged_v3,0.32407028033091456,2,1.0351367200552166,0.3213888812552387,2,0,0,0
v3_torso_proxy:v3_right_forearm_proxy,51,0.11803666192920498,0.40000000000000036,0.1686090972125482,0.0,7.188612026426659e-06,FLAT,0.0,-1,0.4141900318668728,0.04886243489146611,0.3569928036506125,LOADING,5.9903033725678946e-05,0.0,0.10770601888704046,0.03178206606788092,0.1686090972125482,0.08309273870546141,0,ok,0.0,5.502720677386417e-07,AIR,0.0,-1,3.435390874893544,0.1865731019936937,0.5164852742996588,UNLOADING,5.1729139314432114e-05,0.0,0.06270881352698521,-2.500000000000002,0.0020000000000000018,0.5789999999999998,0,staged_v3,0.3375675260284342,2,1.000137889759872,0.3387018791561088,2,1,0,0
v3_torso_proxy:v3_right_forearm_proxy,52,0.14657659861703265,0.20000000000000018,0.2789842674382885,0.0,5.598496675377601e-06,FLAT,0.0,-1,0.3847244004023149,0.04658497021861836,0.3395728844905479,LOADING,5.187365733779751e-05,0.0,0.09388590622302255,0.05258729550307545,0.2789842674382885,0.08401888279217122,0,ok,0.0,4.285523172571753e-07,AIR,0.0,-1,3.8314411839463163,0.17311224879871134,0.4875148989625706,UNLOADING,4.4370637509171725e-05,0.0,0.054627243776588584,-2.500000000000002,0.0010000000000000009,0.5799999999999998,0,staged_v3,0.35726485360528115,2,0.979399055726343,0.3491320048003828,2,0,0,0
v3_torso_proxy:v3_right_forearm_proxy,53,0.13687951369745902,0.0,0.32607530145816177,0.0,4.360113594806733e-06,FLAT,0.0,-1,0.26460835038809827,0.04666904205228139,0.3839480516636865,LOADING,4.484685721454763e-05,0.0,0.08433866499756186,0.06146374629468229,0.32607530145816177,0.08443110138195681,0,ok,0.0,3.3375688026695324e-07,AIR,0.0,-1,4.013124947805788,0.1550453884899657,0.46675671795447216,UNLOADING,3.80573998098956e-05,0.0026369756486225096,0.045700860249101104,-2.500000000000002,0.0,0.5799999999999998,0,staged_v3,0.3708159989105319,2,0.9668400431879675,0.3630109120214536,2,0,0,0
v3_torso_proxy:v3_right_forearm_proxy,54,0.12745682919382756,0.20000000000000018,0.3681386348288829,0.0,3.3956598819157616e-06,FLAT,0.0,-1,0.20935238861639316,0.04718555643560845,0.43990974586621967,LOADING,3.871185989907141e-05,0.0,0.07662882185431354,0.06939249784085966,0.3681386348288829,0.08435744389310296,0,ok,0.0,2.599301197073723e-07,AIR,0.0,-1,4.1124423213455845,0.13386248706505063,0.4701058184890107,UNLOADING,3.264030490248657e-05,0.010863511489166207,0.03764177943528433,-2.500000000000002,-0.0010000000000000009,0.5789999999999998,0,staged_v3,0.38262112088646916,2,0.9585058164517203,0.3749319059453182,2,0,0,0
v3_torso_proxy:v3_right_forearm_proxy,55,0.1426361337865792,0.40000000000000036,0.40161490145127654,0.0,2.6445425750801494e-06,FLAT,0.0,-1,0.23498155586131456,0.04854088529783825,0.482584052177506,UNLOADING,3.337706969963864e-05,0.0005883173110370482,0.06902364724206689,0.07570262543829115,0.40161490145127654,0.08406003224877089,0,ok,0.0,2.0243378077194554e-07,AIR,0.0,-1,4.358838258148652,0.1115301285935888,0.49072854106166625,UNLOADING,2.7992131880255938e-05,0.016883416678987982,0.032653010374095334,-2.500000000000002,-0.0020000000000000018,0.5769999999999998,0,staged_v3,0.3840795317321152,2,0.9804094238596491,0.3758582675964243,2,0,0,0
v3_torso_proxy:v3_right_forearm_proxy,56,0.138478809755716,0.6000000000000005,0.416488738084736,0.0,2.05957182833809e-06,FLAT,0.0,-1,0.19382960952878,0.04924292525125692,0.5393374762733089,UNLOADING,2.8744455107724352e-05,0.0027239485624085263,0.060852180131564765,0.07850627759219342,0.416488738084736,0.08354735615446551,0,ok,0.0,1.5765558698529628e-07,AIR,0.0,-1,4.568688699924674,0.09057919912780776,0.507426122873805,UNLOADING,2.4004349757895368e-05,0.018100877445214478,0.032270428698475774,-2.500000000000002,-0.0030000000000000027,0.5739999999999998,0,staged_v3,0.3832932356505236,2,0.9958606857304473,0.37473530032278135,2,0,0,0
v3_torso_proxy:v3_right_forearm_proxy,57,0.11850757092479589,0.8000000000000007,0.4103120151047216,0.0,0.008691149758576468,FLAT,0.0,-1,0.12438843800802726,0.04813201247577881,0.5956346264153973,UNLOADING,0.00072587556788748,0.006649718844991062,0.052088488430373475,0.07734199273995707,0.4103120151047216,0.08287665484371694,0,ok,0.0,1.2278229459973072e-07,AIR,0.0,-1,4.740254360191968,0.07234666877547857,0.5563527397936968,UNLOADING,2.058293865371046e-05,0.01648408017823782,0.036333556811447024,-2.500000000000002,-0.0040000000000000036,0.5699999999999998,0,staged_v3,0.4068269729099133,2,1.0034149657792404,0.4000824124325129,2,0,0,0
v3_torso_proxy:v3_right_forearm_proxy,58,0.11362317815624128,1.0000000000000009,0.3760925364536757,0.0,0.006768674237770204,FLAT,0.0,-1,0.1831237506055044,0.04482686358212941,0.7102595489147647,UNLOADING,0.000972932199690094,0.019785198219492352,0.04072777922624589,0.07089177297556915,0.3760925364536757,0.08215579800376059,0,ok,0.0,9.56229471815742e-08,AIR,0.0,-1,4.715808768161142,0.058022884761305266,0.5892184058890598,UNLOADING,1.76481302955628e-05,0.01157774605933208,0.04288317423512091,-2.500000000000002,-0.0050000000000000044,0.5649999999999998,0,staged_v3,0.4342457109304029,2,1.0119368252915242,0.42628258806494923,2,0,0,0
v3_torso_proxy:v3_right_forearm_proxy,59,0.12551284812919483,0.8000000000000007,0.34175497029555524,0.0,0.0052714487967306795,FLAT,0.0,-1,0.1979467960188282,0.042510432478713556,0.7923918948576555,UNLOADING,0.000997224858960905,0.03462222218256183,0.029997372560320958,0.06441929424049886,0.34175497029555524,0.08142337303057794,0,ok,0.0,7.447122614460558e-08,AIR,0.0,-1,4.8232408935283635,0.04898355462682219,0.574342623108961,UNLOADING,1.513149728573591e-05,0.004733576528625862,0.052789972515590894,2.500000000000002,-0.0040000000000000036,0.5609999999999998,0,staged_v3,0.4615484706461672,2,1.016868671339577,0.45249681042918655,2,0,0,0
v3_torso_proxy:v3_right_forearm_proxy,60,0.15670514957850093,0.6000000000000005,0.3119871488769094,0.0,0.004105408450814668,FLAT,0.0,-1,0.5135392247634261,0.04317355298870967,0.8512422923366149,UNLOADING,0.0009420086148472155,0.04702080663066584,0.02054130798616491,0.058808192095567424,0.3119871488769094,0.08052975005538963,0,ok,0.0,5.79982492377065e-08,FLAT,0.0,-1,4.328991076593913,0.044301117220588965,0.5552935935208014,UNLOADING,1.2973539415345149e-05,0.008463562455451108,0.06567180714816336,2.500000000000002,-0.0030000000000000027,0.5579999999999998,0,staged_v3,0.4785956605311041,2,1.0183092147727417,0.4685267880975028,2,0,0,0
v3_torso_proxy:v3_right_forearm_proxy,61,0.17606841555815364,0.40000000000000036,0.28422821732003883,0.0,0.0031972953163224268,FLAT,0.0,-1,0.6917224612076965,0.047570958856417246,0.893410444770002,UNLOADING,0.0008561214249698652,0.05731457225008607,0.012355949988414019,0.053575756768533433,0.28422821732003883,0.0794878648858731,0,ok,0.0,4.5169081923096336e-08,FLAT,0.0,-1,4.125084800725292,0.04345131149246569,0.5234213802074393,UNLOADING,1.1123251872970157e-05,0.007719757517906274,0.08048905902166424,2.500000000000002,-0.0020000000000000018,0.5559999999999998,0,staged_v3,0.4929899919748733,2,1.0203278257301265,0.48200258148735875,2,0,0,0
v3_torso_proxy:v3_right_forearm_proxy,62,0.3146335030710175,0.20000000000000018,0.2522228539055235,0.0,0.002490056096062441,FLAT,0.0,-1,1.0122276120827,0.06999338925880257,0.9236252462975723,UNLOADING,0.0007609865672658842,0.04992287722437434,0.021258385090504272,0.04754288789382266,0.2522228539055235,0.07834835238914015,0,ok,0.0,3.517771637232386e-08,FLAT,0.0,-1,3.700994489039517,0.05160374513951885,0.4999089914483888,UNLOADING,9.53672904249716e-06,0.0,0.10249844376742889,2.500000000000002,-0.0010000000000000009,0.5549999999999998,0,staged_v3,0.5033507914441427,2,1.021182965105011,0.4910903021324666,2,0,1,1
v3_torso_proxy:v3_right_forearm_proxy,63,0.20064421030938098,0.0,0.21617300066142545,0.0,0.0019392576375051544,FLAT,0.0,-1,0.9514253051008131,0.07926345040804872,0.9452750976348491,UNLOADING,0.0006674350126383783,0.06222117707643704,0.01004257780530542,0.040747650646943745,0.21617300066142545,0.0770247982505089,0,ok,0.0,2.7396433057429603e-08,AIR,0.0,-1,2.990584172838299,0.05156760996929931,0.49118231657723227,UNLOADING,8.176330577797898e-06,0.0,0.11066811342335595,2.500000000000002,0.0,0.5549999999999998,0,staged_v3,0.5003858093823417,2,1.0293879708147695,0.48684769618385115,2,0,0,0
v3_torso_proxy:v3_right_forearm_proxy,64,0.1798349858166175,0.20000000000000018,0.1960957124478809,0.0,0.0015102953666662167,FLAT,0.0,-1,0.9779638593685731,0.09612004502564891,0.9607878939872757,UNLOADING,0.0005805474196940731,0.06416692181220106,0.008872472887162742,0.036963170977603155,0.1960957124478809,0.07560772866460994,0,ok,0.0,2.1336363518489497e-08,AIR,0.0,-1,2.6670875983482927,0.05517309667802871,0.47950841926954896,UNLOADING,7.009869837766024e-06,0.0,0.12106566189573582,2.500000000000002,0.0010000000000000009,0.5559999999999998,0,staged_v3,0.48577525937960214,2,1.02711300056116,0.4743600694070507,2,0,0,0
v3_torso_proxy:v3_right_forearm_proxy,65,0.13475897689677233,0.40000000000000036,0.1605652957107235,0.0,0.0011762192142287641,AIR,0.0,-1,1.88054754719506,0.11369120468696442,0.9556433555315262,UNLOADING,0.0005050653793809959,0.05871273461110016,0.014069433165476156,0.030265845205576902,0.1605652957107235,0.07423807695565653,0,ok,0.0,1.6616776616095774e-08,AIR,0.0,-1,1.875708441676826,0.06101860455772054,0.4711437063321708,UNLOADING,6.00971527335572e-06,0.0,0.13146777484085836,2.500000000000002,0.0020000000000000018,0.5579999999999998,0,staged_v3,0.4623583399130081,2,1.0274819854427337,0.45452571490880433,2,0,0,0
v3_torso_proxy:v3_right_forearm_proxy,66,0.10937201969545249,0.6000000000000005,0.1349713952393506,0.0,0.000916040445104994,AIR,0.0,-1,2.2034246735995344,0.1307618152473592,0.8880073726104072,UNLOADING,0.00044756886464691653,0.04682192110706443,0.022578447523455936,0.025441508623722492,0.1349713952393506,0.07291649283335712,0,ok,0.0,1.2941158640737997e-08,AIR,0.0,-1,1.6628752036268415,0.06674439127801578,0.4627373335989901,UNLOADING,5.152177777361709e-06,0.0,0.13911184205979082,2.500000000000002,0.0030000000000000027,0.5609999999999998,0,staged_v3,0.4462489497094528,2,1.0268316832672402,0.4409981691029869,2,0,0,0
v3_torso_proxy:v3_right_forearm_proxy,67,0.0953628629017909,0.8000000000000007,0.11324447037031153,0.0,0.0007134130159728476,AIR,0.0,-1,2.65318201725269,0.14735284073181062,0.792849321726278,UNLOADING,0.0004047424540042252,0.030970648472394065,0.033671817613919845,0.021346079770502263,0.11324447037031153,0.0716341930397384,0,ok,0.0,1.007858448325803e-08,AIR,0.0,-1,1.3046474117494782,0.07030141878380036,0.4453103188007469,UNLOADING,4.4169510215691734e-06,0.0,0.14090943431034691,2.500000000000002,0.0040000000000000036,0.5649999999999998,0,staged_v3,0.43489639844032024,2,1.0283835627990374,0.43186925420305333,2,0,0,0
v3_torso_proxy:v3_right_forearm_proxy,68,0.07748567123668712,0.6000000000000005,0.08730180649797303,0.0,0.0005556066154929864,AIR,0.0,-1,3.2310932537398065,0.1598352368424557,0.6733553123256978,UNLOADING,0.00037284866763040485,0.01495843952118845,0.043709326095096444,0.016456002836348987,0.08730180649797303,0.07041175301514879,0,ok,0.0,7.849209487812664e-09,AIR,0.0,-1,0.7597479988312766,0.07165944418876527,0.38686369952077854,UNLOADING,3.7866455378117263e-06,0.0,0.13901310204546505,-2.500000000000002,0.0030000000000000027,0.5679999999999998,0,staged_v3,0.45311509099807806,2,1.0395304981944007,0.4493994973950295,2,0,0,0
v3_torso_proxy:v3_right_forearm_proxy,69,0.05763676964771097,0.40000000000000036,0.10628609124707446,0.0,0.00043270686722559075,AIR,0.0,-1,3.425831499056322,0.16809331345610184,0.5533473367791081,UNLOADING,0.0003471945257746726,0.0006595408390271673,0.05200782599992824,0.020034456206435014,0.10628609124707446,0.06926758445659983,0,ok,0.0,6.112970495600003e-09,FLAT,0.0,-1,0.40092896821610496,0.07169805418414074,0.351196683939893,LOADING,3.24626276319984e-06,0.0,0.1355424659219303,-2.500000000000002,0.0020000000000000018,0.5699999999999998,0,staged_v3,0.474384342457323,2,1.0572378364359805,0.47188909601150963,2,0,0,0
v3_torso_proxy:v3_right_forearm_proxy,70,0.12232265152450637,0.20000000000000018,0.15451585574280347,0.0,0.0003369924470356645,AIR,0.0,-1,4.5662820858438815,0.17434234330346754,0.495704733724024,UNLOADING,0.00032187297863698266,0.0,0.06028332872283945,0.0291255526358839,0.15451585574280347,0.06835350133969766,0,ok,0.0,4.760786208865676e-09,FLAT,0.0,-1,0.27074468310122407,0.07169440371868833,0.34807320653639096,LOADING,2.78295432332665e-06,0.0,0.131676006763454,-2.500000000000002,0.0010000000000000009,0.5709999999999998,0,staged_v3,0.4822950773647645,2,1.0378488272166224,0.4812856525165688,2,0,0,0
v3_torso_proxy:v3_right_forearm_proxy,71,0.16598476330778006,0.0,0.19446647227937103,0.0,0.00026244998164052445,AIR,0.0,-1,4.777388784111953,0.17835330653299772,0.45440200381207996,UNLOADING,0.00029634715084350324,0.0,0.06817034251480408,0.03665606644094371,0.19446647227937103,0.06758055287529258,0,ok,0.0,3.7077040275001335e-09,FLAT,0.0,-1,0.21696338953861505,0.0715275158013586,0.3523421990300567,LOADING,2.3857324661995712e-06,0.0,0.12729376444136342,-2.500000000000002,0.0,0.5709999999999998,0,staged_v3,0.4887869540683301,2,1.0188075990123804,0.48910462456300974,2,0,0,0
v3_torso_proxy:v3_right_forearm_proxy,72,0.1874439046345063,0.20000000000000018,0.23695098729394182,0.0,0.00020439625121871627,AIR,0.0,-1,5.258491281726746,0.18029703322055854,0.44303029179539866,UNLOADING,0.00027027506078006034,0.0,0.0766128226834206,0.044664208856609766,0.23695098729394182,0.06685259689217798,0,ok,0.0,2.8875628000141055e-09,FLAT,0.0,-1,0.2189825467970081,0.07171143763269464,0.3795018940052064,LOADING,2.045169503492254e-06,0.0,0.12314432421657298,-2.500000000000002,-0.0010000000000000009,0.5699999999999998,0,staged_v3,0.49110416294736475,2,1.0177779996468312,0.4928411177772918,2,0,0,0
v3_torso_proxy:v3_right_forearm_proxy,73,0.18950578934916962,0.40000000000000036,0.20718168576931995,0.0,0.0001591839605059958,AIR,0.0,-1,5.364934271246613,0.18162468795901598,0.45310509125801757,UNLOADING,0.000244101037462068,0.0,0.08580197022097294,0.039052827718274674,0.20718168576931995,0.06658682118362477,0,ok,0.0,2.2488361698188437e-09,FLAT,0.0,-1,0.29901749007330886,0.07358473649482802,0.4113043296265322,LOADING,1.753191557295725e-06,0.0,0.12218895896323895,-2.500000000000002,-0.0020000000000000018,0.5679999999999998,0,staged_v3,0.4902730049048813,2,1.0272819592877482,0.4914053819356564,2,1,0,0
v3_torso_proxy:v3_right_forearm_proxy,74,0.1979513712642496,0.6000000000000005,0.22852723920734874,0.0,0.00012397259309447712,AIR,0.0,-1,5.491180875442168,0.18112046222537187,0.4857622043661969,UNLOADING,0.00021833680253775976,0.0,0.09445350836341498,0.04307636975033785,0.22852723920734874,0.06648699507864257,0,ok,0.0,1.7513953700542143e-09,FLAT,0.0,-1,0.2838458473744937,0.07408024201567924,0.43252225578323644,LOADING,1.5028776030954543e-06,0.0,0.11884631273248954,-2.500000000000002,-0.0030000000000000027,0.5649999999999998,0,staged_v3,0.48836391960463,2,1.0414332546520908,0.4894259624005276,2,1,0,0
v3_torso_proxy:v3_right_forearm_proxy,75,0.17877681678745933,0.8000000000000007,0.3187368380651333,0.0,9.654995258137142e-05,AIR,0.0,-1,5.493026798390834,0.17369769330061918,0.5246990949285726,UNLOADING,0.0001937015850104411,0.0,0.09952107183947881,0.06008047853363174,0.3187368380651333,0.06599498554754961,0,ok,0.0,1.363988085665855e-09,FLAT,0.0,-1,0.3935090203037332,0.06972117844012432,0.4520791667296742,UNLOADING,1.288287568008742e-06,0.0,0.1075600620767386,-2.500000000000002,-0.0040000000000000036,0.5609999999999998,0,staged_v3,0.49338981947866534,2,1.0492820512213583,0.48862630289049575,2,0,0,0
v3_torso_proxy:v3_right_forearm_proxy,76,0.14143668458593978,1.0000000000000009,0.320229432386302,0.0,7.519317867587907e-05,AIR,0.0,-1,5.540673994552658,0.1662200999729163,0.5207448629386339,UNLOADING,0.0001711780324592907,0.0,0.10647595260196088,0.06036182593488215,0.320229432386302,0.0651668070783808,0,ok,0.0,1.0622749892166343e-09,FLAT,0.0,-1,0.36652427083278794,0.06509185838394213,0.5213620392621796,UNLOADING,1.104319121883862e-06,0.0,0.0963477829635182,-2.500000000000002,-0.0050000000000000044,0.5559999999999998,0,staged_v3,0.5125299578062423,2,1.0524291238344676,0.5069241361418417,2,0,0,0
v3_torso_proxy:v3_right_forearm_proxy,77,0.12536393006303057,0.9618236422582749,0.30858945526342907,0.0,5.856050643440269e-05,AIR,0.0,-1,5.517817971760622,0.160519455996674,0.50631755843081,UNLOADING,0.00015085406979311548,0.0,0.11587878491471143,0.0581677419378519,0.30858945526342907,0.06447365127720214,0,ok,0.0,8.27300593439083e-10,FLAT,0.0,-1,0.31375365687123835,0.06144479483757924,0.6126682446997364,UNLOADING,9.466050244420271e-07,0.0,0.08597283061445656,0.4772044717715751,-0.004809118211291374,0.5511908817887085,0,staged_v3,0.529158467525057,2,1.0535089956940518,0.523028857598534,2,0,0,0
v3_torso_proxy:v3_right_forearm_proxy,78,0.14423036128501035,0.7618236422582747,0.3014168703896405,0.0,4.560696826817086e-05,AIR,0.0,-1,5.440566500388579,0.15776196215148988,0.4883285175976999,UNLOADING,0.00013263717197433463,0.0,0.12932040525827349,0.05681574154104729,0.3014168703896405,0.06414251754126755,0,ok,0.0,6.443023500057958e-10,FLAT,0.0,-1,0.42315431962200695,0.05953228295848381,0.7224646697478558,UNLOADING,8.114012804739505e-07,0.0015909505289089798,0.07677715872384372,2.500000000000002,-0.0038091182112913735,0.5473817635774171,0,staged_v3,0.5428324384675405,2,1.05440071858488,0.5369291285470622,2,0,0,0
v3_torso_proxy:v3_right_forearm_proxy,79,0.15865551431528763,0.5618236422582745,0.29233115865811343,0.0,3.551874260076418e-05,AIR,0.0,-1,5.300440089301394,0.15871645418861913,0.45721581941618683,UNLOADING,0.00011644314906341871,0.0,0.14736052445013526,0.055103125227343286,0.29233115865811343,0.06407969466251671,0,ok,0.0,5.017831747192601e-10,FLAT,0.0,-1,0.3920216792405646,0.059538602931338544,0.8011372460839017,UNLOADING,6.955010669753852e-07,0.005518259372856535,0.06876083884212063,2.500000000000002,-0.0028091182112913726,0.5445726453661257,0,staged_v3,0.5559078480467118,2,1.0560426761746005,0.5501291987787198,2,0,0,0
v3_torso_proxy:v3_right_forearm_proxy,80,0.15493476716744528,0.36182364225827435,0.2582278819788346,0.0,2.766202455118681e-05,AIR,0.0,-1,4.650687584681258,0.1581199094698015,0.4296871506130453,UNLOADING,0.0001020621289174445,0.0,0.1619931567978039,0.04867480901860555,0.2582278819788346,0.06408034468654904,0,ok,0.0,3.9078912940341537e-10,FLAT,0.0,-1,0.8734489502092996,0.061193799902825835,0.8575086103121852,UNLOADING,5.961517265626336e-07,0.009236682296668672,0.05863874821894059,2.500000000000002,-0.0018091182112913717,0.5427635271548343,0,staged_v3,0.5532462148296645,2,1.0553986628985244,0.5464031030279353,2,0,0,0
v3_torso_proxy:v3_right_forearm_proxy,81,0.1595701461327873,0.16182364225827417,0.23296909117777015,0.0,2.1543206381804716e-05,AIR,0.0,-1,4.14758211632221,0.15739971427702676,0.43137684633866324,UNLOADING,8.923181992249512e-05,0.0,0.1745485380714148,0.043913639121454406,0.23296909117777015,0.06411709827853179,0,ok,0.0,3.0434687999517247e-10,FLAT,0.0,-1,0.8304934403381767,0.06655929881309866,0.8979004578015095,UNLOADING,5.109916332932741e-07,0.020666717653743963,0.049228305236331524,2.500000000000002,-0.0008091182112913708,0.541954408943543,0,staged_v3,0.543082082061848,2,1.0538400370073886,0.535675093632533,2,0,0,0
v3_torso_proxy:v3_right_forearm_proxy,82,0.17545017472399763,0.03817635774172601,0.20917863228352615,0.0,1.67778660000184e-05,AIR,0.0,-1,3.291841535922915,0.1558990269930723,0.43665592730002534,UNLOADING,7.783466155694794e-05,0.0,0.18295051050216352,0.03942924326819319,0.20917863228352615,0.0648397030322696,0,ok,0.0,2.370255884655792e-10,FLAT,0.0,-1,0.91425769439012,0.07738963682432624,0.9268424812195317,UNLOADING,4.379953057090835e-07,0.029044591981223694,0.0422975320797529,2.500000000000002,0.00019088178870863004,0.5421452907322516,0,staged_v3,0.5213849801704254,2,1.0491920943138513,0.5137370057810412,2,0,0,0
v3_torso_proxy:v3_right_forearm_proxy,83,0.17271702096159963,0.23817635774172619,0.1826371461521989,0.0,1.306661517908143e-05,AIR,0.0,-1,2.435916117757414,0.15334170339971737,0.44043855409989524,UNLOADING,6.77599347749021e-05,0.0,0.18710302708304793,0.03442629099746121,0.1826371461521989,0.06608298653334442,0,ok,0.0,1.8459571390495362e-10,FLAT,0.0,-1,1.5695138124694037,0.091561049008329,0.9427982721642746,UNLOADING,3.7542605620689823e-07,0.03201257968244864,0.04012733392576509,2.500000000000002,0.001190881788708631,0.5433361725209602,0,staged_v3,0.508190348539434,2,1.0402378638165204,0.5078932392856246,2,0,0,0
v3_torso_proxy:v3_right_forearm_proxy,84,0.2589549083271036,0.43817635774172636,0.14605145951172294,0.0,1.0176290133561323e-05,AIR,0.0,-1,2.0292855561461303,0.15392941025695145,0.44314892463821753,UNLOADING,5.888946953621138e-05,0.0,0.19191332643056716,0.027530051534885754,0.14605145951172294,0.06782239583349504,0,ok,0.0,1.437632865408029e-10,FLAT,0.0,-1,2.098924086342425,0.10772430080742185,0.8797510395125493,UNLOADING,3.217962320895932e-07,0.025136462862438078,0.0438510891131894,2.500000000000002,0.002190881788708632,0.5455270543096689,0,staged_v3,0.5065136233771337,2,1.2411829361118156,0.5037716122355623,2,0,0,0
v3_torso_proxy:v3_right_forearm_proxy,85,0.2057644601555887,0.6381763577417265,0.11815889109650926,0.0,7.92530272477937e-06,AIR,0.0,-1,1.529222236505562,0.15082029086263704,0.4450909899921822,UNLOADING,5.110494844375541e-05,0.0,0.18880795388117,0.022272426253506596,0.11815889109650926,0.06905634980442434,0,ok,0.0,1.1196296013489607e-10,AIR,0.0,-1,2.8548818466014216,0.12237181113866916,0.7888246177854037,UNLOADING,2.758287194797799e-07,0.015292195785427176,0.04914903510384301,2.500000000000002,0.0031908817887086327,0.5487179360983775,0,staged_v3,0.505491440679898,2,1.030151992489488,0.5030939633981762,2,0,0,0
v3_torso_proxy:v3_right_forearm_proxy,86,0.17169094923134245,0.7647861044858484,0.0966100480798289,0.0,6.172231968136112e-06,AIR,0.0,-1,1.0460088243048906,0.14753048697417204,0.43620050459742316,UNLOADING,4.430137027595361e-05,0.0,0.183047475338399,0.01821056503863283,0.0966100480798289,0.06991124585028144,0,ok,0.0,8.719684102804955e-11,AIR,0.0,-1,3.0778134504392103,0.13491137968880607,0.666786710337186,UNLOADING,2.3642876743213237e-07,0.002842864533810066,0.05549647098304923,1.582621834301523,0.003823930522429242,0.5525418666208067,0,staged_v3,0.5033417726308236,2,1.0175298972906033,0.501323082566486,2,0,0,0
v3_torso_proxy:v3_right_forearm_proxy,87,0.146733609071325,0.5647861044858482,0.09104770883077187,0.0,4.8069390900827625e-06,AIR,0.0,-1,0.4558088331577971,0.1467028024938759,0.3982525928525706,UNLOADING,3.8385826398499226e-05,0.0,0.1790144957184203,0.017162088791336128,0.09104770883077187,0.07052974848958708,0,ok,0.0,6.79089680739978e-11,AIR,0.0,-1,3.394686710475566,0.14314260647869514,0.5486407277876422,UNLOADING,2.0265760799074298e-07,0.0,0.06106267579096737,-2.500000000000002,0.002823930522429241,0.555365797143236,0,staged_v3,0.5000949002317208,2,1.0022588674525912,0.49873827849844304,2,0,0,0
v3_torso_proxy:v3_right_forearm_proxy,88,0.15471366590600588,0.36478610448584803,0.08196722625508913,0.0,3.7436479275330018e-06,FLAT,0.0,-1,0.3506325611716409,0.14717679657682514,0.37310106961251344,LOADING,3.323740675321616e-05,0.0,0.17558849908459148,0.015450458150287227,0.08196722625508913,0.07094253784894422,0,ok,0.0,5.2887557513600516e-11,AIR,0.0,-1,3.7709241605950323,0.14648287000709886,0.4639854320723895,UNLOADING,1.7371057092082105e-07,0.0,0.06492059480288649,-2.500000000000002,0.0018239305224292401,0.5571897276656652,0,staged_v3,0.5192711545605139,2,0.9873027290761954,0.5155254735075312,2,0,0,0
v3_torso_proxy:v3_right_forearm_proxy,89,0.17140626694847927,0.16478610448584785,0.10212003062012662,0.0,2.915555937506344e-06,FLAT,0.0,-1,0.3428341866097403,0.14792554846415906,0.3584475265579467,LOADING,2.875641752035183e-05,0.0,0.17161557106464556,0.01924917227883327,0.10212003062012662,0.07117124291214064,0,ok,0.0,4.118887120632605e-11,AIR,0.0,-1,3.834777115516856,0.14568063347525412,0.44989711820654815,UNLOADING,1.4889801194881068e-07,0.0,0.06725858865099768,-2.500000000000002,0.0008239305224292393,0.5580136581880945,0,staged_v3,0.5408576032115031,2,0.9733887825105427,0.5363868043138367,2,0,0,0
v3_torso_proxy:v3_right_forearm_proxy,90,0.1645671074673571,0.03521389551415233,0.13234358423302375,0.0,2.2706372472184244e-06,FLAT,0.0,-1,0.20372500041429653,0.1473100504254776,0.38630432472608073,LOADING,2.4847426482977827e-05,0.0,0.16620051581010592,0.024946177918572565,0.13234358423302375,0.07129364380669764,0,ok,0.0,3.207792514931397e-11,AIR,0.0,-1,4.314498962996403,0.14033946970842848,0.45802538738588117,UNLOADING,1.2762935101627432e-07,0.0,0.0673344055853884,-2.500000000000002,-0.00017606947757076163,0.5578375887105237,0,staged_v3,0.5509505220812175,2,0.965534361001399,0.54604479455948,2,0,0,0
v3_torso_proxy:v3_right_forearm_proxy,91,0.16110499539597817,0.2352138955141525,0.1636693971097272,0.0,1.7683740662048082e-06,FLAT,0.0,-1,0.2062918005695018,0.14525798462879919,0.4604072163166659,UNLOADING,2.1434108683263403e-05,0.0,0.1592530660921015,0.03085095453464337,0.1636693971097272,0.0713325184953542,0,ok,0.0,2.4982313225591632e-11,AIR,0.0,-1,4.388509893405279,0.13161931076866945,0.4820725339310445,UNLOADING,1.093984350176902e-07,0.0,0.0663257608308072,-2.500000000000002,-0.0011760694775707625,0.5566615192329529,0,staged_v3,0.5591578303283564,2,0.9608178799565283,0.5538010954092873,2,0,0,0
v3_torso_proxy:v3_right_forearm_proxy,92,0.16012563039816208,0.4352138955141527,0.19451596255557804,0.0,1.377211107523469e-06,FLAT,0.0,-1,0.15624670833536528,0.14093952254324246,0.538187479190552,UNLOADING,1.846295220469037e-05,0.0,0.1499217382626567,0.03666539513823308,0.19451596255557804,0.07132258306520582,0,ok,0.0,1.945624510302588e-11,AIR,0.0,-1,4.604533470575854,0.12000923019738174,0.5216222351972055,UNLOADING,9.377141679159787e-08,0.0,0.065001677498677,-2.500000000000002,-0.0021760694775707634,0.5544854497553822,0,staged_v3,0.5627196595724404,2,0.9623170294068564,0.556852016301728,2,0,0,0
v3_torso_proxy:v3_right_forearm_proxy,93,0.1638716789974649,0.6352138955141529,0.21664290735224656,0.0,1.0725730889939145e-06,FLAT,0.0,-1,0.18044904519743932,0.13414901277518804,0.5919108698906486,UNLOADING,1.5887916949572636e-05,0.0,0.13739331133175742,0.040836225971409124,0.21664290735224656,0.07128461730493199,0,ok,0.0,1.515253892186574e-11,AIR,0.0,-1,4.562583621505446,0.1065424684772665,0.5846345318328702,UNLOADING,8.03763992272872e-08,0.0,0.06418979470382406,-2.500000000000002,-0.0031760694775707643,0.5513093802778114,0,staged_v3,0.5586176614419066,2,0.966989823698219,0.5521355644247884,2,0,0,0
v3_torso_proxy:v3_right_forearm_proxy,94,0.1687749904713592,0.835213895514153,0.2301446075719163,0.0,8.353207616097763e-07,FLAT,0.0,-1,0.1731195004805191,0.1256335233581275,0.6486448957634973,UNLOADING,1.3660142272957448e-05,0.0,0.12227543173867553,0.04338123650467429,0.2301446075719163,0.07123045425611327,0,ok,0.0,1.1800809177868979e-11,AIR,0.0,-1,4.627806625637739,0.09225095617374628,0.6279429363407312,UNLOADING,6.889468370544783e-08,0.0,0.0648005628274152,-2.500000000000002,-0.004176069477570765,0.5471333108002406,0,staged_v3,0.5497867869273836,2,0.9749780272980091,0.5428277446697967,2,0,0,0
v3_torso_proxy:v3_right_forearm_proxy,95,0.1665073033590332,0.6352138955141529,0.2251333649004141,0.0,6.505484632574961e-07,FLAT,0.0,-1,0.1517217023233368,0.11703194939483699,0.7212802910516551,UNLOADING,1.1734596330868659e-05,0.0,0.10646038614045021,0.04243663951494547,0.2251333649004141,0.07116520941789636,0,ok,0.0,9.190479428600582e-12,FLAT,0.0,-1,4.4523058620967015,0.08072096725401068,0.644812399499382,UNLOADING,5.90530523681461e-08,0.0,0.06821573665053715,2.500000000000002,-0.0031760694775707643,0.5439572413226699,0,staged_v3,0.5476449795995406,2,0.981193865324288,0.5435655822819652,2,0,0,0
v3_torso_proxy:v3_right_forearm_proxy,96,0.1642440512510316,0.4352138955141527,0.23150773554323872,0.0,5.066476526108371e-07,FLAT,0.0,-1,0.17514056992688457,0.11054022825667129,0.7944208088986535,UNLOADING,1.0073104885687012e-05,0.0,0.09219322208347104,0.04363818007391085,0.23150773554323872,0.07108481491020495,0,ok,0.0,7.157552575795771e-12,FLAT,0.0,-1,4.468381918224158,0.07325375735115935,0.6110268483401208,UNLOADING,5.0617299757808596e-08,0.0,0.07573580858429045,2.500000000000002,-0.0021760694775707634,0.5417811718450991,0,staged_v3,0.5583982283451168,2,0.9985585505686976,0.5535326439276328,2,0,0,0
v3_torso_proxy:v3_right_forearm_proxy,97,0.16312388428826735,0.2352138955141525,0.23463751640578603,0.0,3.9457758859460904e-07,FLAT,0.0,-1,0.2829220461130386,0.10798784370942602,0.8526960727734527,UNLOADING,8.642393163216806e-06,0.0,0.08120830537151219,0.04422812986781832,0.23463751640578603,0.07098961688763447,0,ok,0.0,5.574307550904498e-12,FLAT,0.0,-1,4.313415243165685,0.07095834181401783,0.5633560023256692,UNLOADING,4.338660464782641e-08,0.0,0.08847366994771033,2.500000000000002,-0.0011760694775707625,0.5406051023675283,0,staged_v3,0.5630269736451369,2,1.0036763051964246,0.5575866538081257,2,0,0,0
v3_torso_proxy:v3_right_forearm_proxy,98,0.15825557805095455,0.03521389551415233,0.2244085252765461,0.0,3.0729733497990814e-07,AIR,0.0,-1,0.6922896308752188,0.10872762596343949,0.8797972828264896,UNLOADING,7.413042421992228e-06,0.0,0.0713174898980947,0.042300010464703,0.2244085252765461,0.07087071496765175,0,ok,0.0,4.341275085725268e-12,FLAT,0.0,-1,3.619310273184438,0.07252760289018306,0.5109753613773736,UNLOADING,3.718882155391978e-08,0.0,0.10349902468673898,2.500000000000002,-0.00017606947757076163,0.5404290328899576,0,staged_v3,0.5613201814242446,2,1.0101630801439658,0.5548390613329458,2,0,0,0
v3_torso_proxy:v3_right_forearm_proxy,99,0.1584518357481728,0.16478610448584785,0.2316127116395944,0.0,2.393234051181083e-07,AIR,0.0,-1,0.8061686100572066,0.1129396355558476,0.8943435737584942,UNLOADING,6.357648655379157e-06,0.007093494644178758,0.06262368404374595,0.04365796760189766,0.2316127116395944,0.0707208972888974,0,ok,0.0,3.380988436291219e-12,AIR,0.0,-1,3.203273651722722,0.07676193199843562,0.48662150412543176,UNLOADING,3.18763807214681e-08,0.0,0.11942970236707018,2.500000000000002,0.0008239305224292393,0.5412529634123868,0,staged_v3,0.5549112558752791,2,1.0183552145175916,0.5474510755631623,2,0,0,0
v3_torso_proxy:v3_right_forearm_proxy,100,0.1647782174236531,0.36478610448584803,0.2491960234071078,0.0,1.863852553132978e-07,AIR,0.0,-1,1.3451184895070898,0.12012320823286121,0.9077467113484615,UNLOADING,5.451869512147679e-06,0.016466746835466964,0.05392058873195611,0.046972343786373605,0.2491960234071078,0.07053501081680501,0,ok,0.0,2.633116441738966e-12,AIR,0.0,-1,1.815377499507995,0.07885543993309965,0.47223123276881446,UNLOADING,2.732281057220386e-08,0.0,0.1288923788438422,2.500000000000002,0.0018239305224292401,0.5430768939348161,0,staged_v3,0.5383341391810018,2,1.0242123527674707,0.5296873595974553,2,0,0,0
v3_torso_proxy:v3_right_forearm_proxy,101,0.17229793478228383,0.5647861044858482,0.2361844894511004,0.0,1.4515698279096005e-07,AIR,0.0,-1,1.5882440231491557,0.13073757077756953,0.8863270055141121,UNLOADING,4.675388214541495e-06,0.020047597488999168,0.04926875278670644,0.044519727417085986,0.2361844894511004,0.07030846306599124,0,ok,0.0,2.0506731467444982e-12,AIR,0.0,-1,1.519656950579373,0.08048186792107495,0.4659293743515096,UNLOADING,2.3419708376787665e-08,0.0,0.13529812590372903,2.500000000000002,0.002823930522429241,0.5459008244572453,0,staged_v3,0.51870910797554,2,1.0288733912009767,0.5101887271686124,2,0,0,0
v3_torso_proxy:v3_right_forearm_proxy,102,0.1679321555762193,0.7647861044858484,0.17603543437228092,0.0,1.1304837186588213e-07,AIR,0.0,-1,2.408630031902193,0.14166340503950064,0.8300967058777184,UNLOADING,4.010219511146306e-06,0.017183785628145563,0.049321049665740364,0.033181897643726754,0.17603543437228092,0.07003397872682636,0,ok,0.0,1.5970658525081172e-12,AIR,0.0,-1,0.9478019619777525,0.08304961213420853,0.4614138954807077,UNLOADING,2.0074158631171735e-08,0.0,0.14062785178510137,2.500000000000002,0.003823930522429242,0.5497247549796745,0,staged_v3,0.4971188259016101,2,1.030205060052663,0.4899051230985715,2,0,0,0
v3_torso_proxy:v3_right_forearm_proxy,103,0.16035665508121338,0.9647861044858486,0.11598679439335599,0.0,8.804216053409639e-08,AIR,0.0,-1,2.8762027038792772,0.15119492124079,0.7422382924601472,UNLOADING,3.4405729949303715e-06,0.010648212087132694,0.051463702535874664,0.02186299567077582,0.11598679439335599,0.06971314359794213,0,ok,0.0,1.2437961365499225e-12,AIR,0.0,-1,0.8370562915343808,0.08483689141283474,0.45817841348754373,UNLOADING,1.720651795751806e-08,0.0,0.1426991137790631,2.500000000000002,0.004823930522429243,0.5545486855021038,0,staged_v3,0.4762387161592728,2,1.028349388672234,0.47031747436540855,2,0,0,0
v3_torso_proxy:v3_right_forearm_proxy,104,0.15083717982565942,1.0000000000000009,0.08129044920654598,0.0,6.85673035672526e-08,AIR,0.0,-1,3.098373916255179,0.15820736138322186,0.6424601423712446,UNLOADING,2.952564787648236e-06,0.0031277487085191458,0.05399525841004309,0.015322888682057945,0.08129044920654598,0.06935106926213011,0,ok,0.0,9.686694051262677e-13,AIR,0.0,-1,0.8533097629295735,0.08521272476724337,0.45478891144881217,UNLOADING,1.4748519410629882e-08,0.0,0.14105497737147174,0.4401736939269041,0.0050000000000000044,0.5595486855021038,0,staged_v3,0.4701619159778427,2,1.02319287516344,0.46576988530032987,2,0,0,0
v3_torso_proxy:v3_right_forearm_proxy,105,0.16016341335738865,1.0000000000000009,0.09332624202557864,0.0,5.340026971127106e-08,AIR,0.0,-1,3.8214471085322734,0.1627546585190734,0.5507468020418932,UNLOADING,2.5341969954041474e-06,0.0,0.05716521012641232,0.017591582180082055,0.09332624202557864,0.06894455633452846,0,ok,0.0,7.544004912496492e-13,AIR,0.0,-1,0.5278186431205614,0.08501606543515217,0.4170117732649331,UNLOADING,1.2641650895769134e-08,0.0,0.13732142423324906,0.0,0.0050000000000000044,0.5645486855021038,0,staged_v3,0.46490027425244046,2,1.016864322694698,0.4628101178137391,2,0,0,0
v3_torso_proxy:v3_right_forearm_proxy,106,0.16843071797753517,0.8000000000000007,0.10758927182972221,0.0,4.158817186736213e-08,AIR,0.0,-1,3.9454099578248996,0.1640256367593309,0.483717487395353,UNLOADING,2.1752361740416e-06,0.0,0.05974805711228863,0.020280099959119835,0.10758927182972221,0.06850363763267367,0,ok,0.0,5.875276933346793e-13,FLAT,0.0,-1,0.3570623434358872,0.08400429613228132,0.3588208589643569,LOADING,1.083575458358808e-08,0.0,0.13183985264712042,-2.500000000000002,0.0040000000000000036,0.5685486855021038,0,staged_v3,0.463905290161341,2,1.0146814048243917,0.4636943016872473,2,0,0,0
v3_torso_proxy:v3_right_forearm_proxy,107,0.18222998112170757,0.6000000000000005,0.12746766196976544,0.0,3.2388900816809794e-08,AIR,0.0,-1,4.275664029219983,0.1625558853428323,0.4822587408448249,UNLOADING,1.8668837306487353e-06,0.0,0.062457319339699516,0.02402708822486893,0.12746766196976544,0.06805438672538298,0,ok,0.0,4.575670276451845e-13,FLAT,0.0,-1,0.22947593931345708,0.08338491862705094,0.31956689849881753,LOADING,9.28783412075432e-09,0.0,0.12671644668227905,-2.500000000000002,0.0030000000000000027,0.5715486855021038,0,staged_v3,0.4649396888102923,2,1.010603785913945,0.4662514618606744,2,0,0,0
v3_torso_proxy:v3_right_forearm_proxy,108,0.16109551885433385,0.40000000000000036,0.11047186528425047,0.0,2.522450131895353e-08,AIR,0.0,-1,4.412818760309974,0.16476462515717874,0.5123649286114903,UNLOADING,1.6019432479134028e-06,0.0,0.07008129211707084,0.020823456024321757,0.11047186528425047,0.06784535800544289,0,ok,0.0,3.5635355943772484e-13,FLAT,0.0,-1,0.19297877898469404,0.0855298594267595,0.30612974524262293,LOADING,7.961035998237286e-09,0.0,0.12520945722482563,-2.500000000000002,0.0020000000000000018,0.5735486855021038,0,staged_v3,0.46118713262159416,2,1.002131925589435,0.4622640530159148,2,1,0,0
v3_torso_proxy:v3_right_forearm_proxy,109,0.18015256135483726,0.20000000000000018,0.1352304328664446,0.0,1.9644861379786694e-08,AIR,0.0,-1,4.486707368748591,0.1649504224571132,0.5784475911131459,UNLOADING,1.3742772608739021e-06,0.0,0.0769449489932657,0.025490336066099406,0.1352304328664446,0.06766067071828327,0,ok,0.0,2.7752843114038255e-13,FLAT,0.0,-1,0.2021285050376298,0.08651349402169689,0.3207614472719293,LOADING,6.823772071061946e-09,0.0,0.12200715504101517,-2.500000000000002,0.0010000000000000009,0.5745486855021038,0,staged_v3,0.45470143707607147,2,0.9923001357865365,0.4559814969576919,2,1,0,0
v3_torso_proxy:v3_right_forearm_proxy,110,0.17825165408071336,0.0,0.16301756024466196,0.0,1.5299433425907078e-08,AIR,0.0,-1,4.703743077202557,0.16264578557407686,0.6764258866955117,UNLOADING,1.1786591522640374e-06,0.0,0.08312431607204696,0.030728086180245695,0.16301756024466196,0.06750569101021786,0,ok,0.0,2.161393594967084e-13,FLAT,0.0,-1,0.17727622736986276,0.08577618181454573,0.35319495429745384,LOADING,5.848967460914282e-09,0.0,0.11707452477643326,-2.500000000000002,0.0,0.5745486855021038,0,staged_v3,0.4408504587854679,2,0.9798075042082133,0.4424574428888574,2,1,0,0
v3_torso_proxy:v3_right_forearm_proxy,111,0.1708644585920834,0.20000000000000018,0.18615147082263248,0.0,1.1915210732645259e-08,AIR,0.0,-1,4.669056279097175,0.15885477722230673,0.7681490165261833,UNLOADING,1.0106739238444123e-06,0.0,0.08963917721476,0.03508872559147902,0.18615147082263248,0.06745813517662748,0,ok,0.0,1.6832950242858838e-13,FLAT,0.0,-1,0.20778625769722991,0.08367309483745848,0.4112846346500614,LOADING,5.0134148376643166e-09,0.0,0.11058416129382276,-2.500000000000002,-0.0010000000000000009,0.5735486855021038,0,staged_v3,0.4291631413339344,2,0.9729184550741098,0.43073940943913513,2,1,0,0
v3_torso_proxy:v3_right_forearm_proxy,112,0.1877632693804183,0.40000000000000036,0.26235319087819725,0.0,9.279575449044936e-09,AIR,0.0,-1,4.631854112678918,0.1491867946143261,0.8338715109536842,UNLOADING,8.665121635592593e-07,0.0,0.09533461005369734,0.04945241142652712,0.26235319087819725,0.06752153315606028,0,ok,0.0,1.310951483054046e-13,FLAT,0.0,-1,0.27321730757085044,0.07853069904611523,0.476780854969313,UNLOADING,4.297222516782473e-09,0.0,0.09883632261744565,-2.500000000000002,-0.0020000000000000018,0.5715486855021038,0,staged_v3,0.4228993204405133,2,0.9791845317449148,0.4216808523045736,2,0,0,0
v3_torso_proxy:v3_right_forearm_proxy,113,0.17311021343621041,0.6000000000000005,0.2599527302720773,0.0,7.22694062628638e-09,AIR,0.0,-1,4.58902195021778,0.14307733401345946,0.8761014217843215,UNLOADING,7.428526270034288e-07,0.0,0.10595410033166687,0.04899993526220203,0.2599527302720773,0.06770394169732678,0,ok,0.0,1.0209700415711105e-13,FLAT,0.0,-1,0.29676089989283105,0.07378434835166497,0.5122456625712728,UNLOADING,3.683340699850208e-09,0.0,0.08760492236926301,-2.500000000000002,-0.0030000000000000027,0.5685486855021038,0,staged_v3,0.41132088388025145,2,0.9849309811915861,0.41063962945861293,2,0,0,0
v3_torso_proxy:v3_right_forearm_proxy,114,0.1672739761873841,0.8000000000000007,0.25582438768147264,0.0,5.628347018962382e-09,AIR,0.0,-1,4.5744537759809845,0.1396070072821071,0.8678112323310821,UNLOADING,6.36837109468146e-07,0.0,0.120129970388445,0.0482217610169533,0.25582438768147264,0.06803564536785282,0,ok,0.0,7.951322678680257e-14,FLAT,0.0,-1,0.27947548882856804,0.06851192564318892,0.5621480531281519,UNLOADING,3.1571541448746285e-09,0.0,0.07605294533389084,-2.500000000000002,-0.0040000000000000036,0.5645486855021038,0,staged_v3,0.41492661734827274,2,0.9903665376852462,0.41179243079723143,2,0,0,0
v3_torso_proxy:v3_right_forearm_proxy,115,0.135788162999317,1.0000000000000009,0.233407339060983,0.0,4.38336106576551e-09,AIR,0.0,-1,4.427143102806057,0.1385333600644274,0.808054722785181,UNLOADING,5.45980574609111e-07,0.0,0.13605854490223296,0.04399624690127557,0.233407339060983,0.06847584174672458,0,ok,0.0,6.192496328609604e-14,FLAT,0.0,-1,0.36799986829515985,0.06341539661805726,0.6722739630962895,UNLOADING,2.7061350233815107e-09,0.0,0.0643142260937552,-2.500000000000002,-0.0050000000000000044,0.5595486855021038,0,staged_v3,0.4306962018495509,2,0.9921560592718949,0.4269397991524515,2,0,0,0
v3_torso_proxy:v3_right_forearm_proxy,116,0.12178966273060005,0.8984804108768341,0.21409643794641064,0.0,3.4137650305028872e-09,AIR,0.0,-1,4.216772525601728,0.13927047561302808,0.7045326434213561,UNLOADING,4.681274433977442e-07,0.0,0.15328880349344354,0.0403562277967312,0.21409643794641064,0.0690514807075086,0,ok,0.0,4.82272098988796e-14,FLAT,0.0,-1,0.3835521743480255,0.05957080911152309,0.7651740332682303,UNLOADING,2.3195459236128932e-09,0.009835126211771683,0.05342357545163984,1.2689948640395854,-0.00449240205438417,0.5550562834477196,0,staged_v3,0.4444868138881271,2,0.9927795952360715,0.4402528385319418,2,0,0,0
v3_torso_proxy:v3_right_forearm_proxy,117,0.11579927753868725,0.6984804108768339,0.1939780520526484,0.0,2.6586428789774268e-09,AIR,0.0,-1,3.886170094383205,0.1405866760011686,0.6121328450440716,UNLOADING,4.0139940866228257e-07,0.0,0.17035848859945332,0.03656400139717553,0.1939780520526484,0.06974650065474247,0,ok,0.0,3.755938883459644e-14,FLAT,0.0,-1,0.39231873607457074,0.0575224355972981,0.831739842300928,UNLOADING,1.988183123060864e-09,0.023524482780863602,0.0430625093341828,2.500000000000002,-0.0034924020543841694,0.5515638813933355,0,staged_v3,0.4516624753257156,2,0.9955360454131652,0.4469246459762174,2,0,0,0
v3_torso_proxy:v3_right_forearm_proxy,118,0.11308716550121738,0.4984804108768337,0.2014678210684909,0.0,2.070553156054834e-09,AIR,0.0,-1,3.335087415913745,0.13958778890390205,0.5646519336923148,UNLOADING,3.441854090409102e-07,0.0,0.18282423692353061,0.03797578959621084,0.2014678210684909,0.07053352539902077,0,ok,0.0,2.9251281436067085e-14,FLAT,0.0,-1,0.5442967232041707,0.057411397278550824,0.8794363286865315,UNLOADING,1.7041574664295805e-09,0.03692507430172028,0.0320467421326063,2.500000000000002,-0.0024924020543841685,0.5490714793389513,0,staged_v3,0.4486969476692844,2,1.0003962359154697,0.4432307091749228,2,0,0,0
v3_torso_proxy:v3_right_forearm_proxy,119,0.11928206890400508,0.2984804108768335,0.2085505686424244,0.0,1.6125484193264735e-09,AIR,0.0,-1,3.0574169170944696,0.13691465444445117,0.5321517003083736,UNLOADING,2.9512384032594475e-07,0.0,0.1915807954758152,0.03931085606094087,0.2085505686424244,0.0714027067973326,0,ok,0.0,2.2780920888251094e-14,FLAT,0.0,-1,0.5444889186890509,0.06054033177100783,0.9136123545861728,UNLOADING,1.4607066809382285e-09,0.04850586711177433,0.022174750617534315,2.500000000000002,-0.0014924020543841676,0.5475790772845671,0,staged_v3,0.440991316228357,2,1.0071003663128757,0.43517321803341585,2,0,0,0
v3_torso_proxy:v3_right_forearm_proxy,120,0.13060574563706856,0.09848041087683335,0.24887125338707844,0.0,1.2558539717120137e-09,AIR,0.0,-1,2.1113766540178625,0.13202332754019155,0.5088642654878242,UNLOADING,2.5305140524550077e-07,0.0,0.19409697753127408,0.04691112607983178,0.24887125338707844,0.07230699691987455,0,ok,0.0,1.7741799026857675e-14,FLAT,0.0,-1,0.9350859917729182,0.07128204974771662,0.9381005472142466,UNLOADING,1.2520344548338603e-09,0.057602207471712324,0.014302819889000003,2.500000000000002,-0.0004924020543841667,0.547086675230183,0,staged_v3,0.42023137493319773,2,1.0147479700012476,0.4136848878164209,2,0,0,0
v3_torso_proxy:v3_right_forearm_proxy,121,0.1385705120274528,0.10151958912316683,0.24716551449199123,0.0,9.780600565926502e-10,AIR,0.0,-1,1.8883283032008618,0.12776600045984482,0.49217808929595414,UNLOADING,2.169721588285324e-07,0.0,0.19502400022333033,0.04658960187292688,0.24716551449199123,0.07322697700088882,0,ok,0.0,1.3817326975212247e-14,FLAT,0.0,-1,0.8915269492490477,0.0882900009041069,0.9556471039716238,UNLOADING,1.073172477405947e-09,0.06026090543196505,0.012521449766616146,2.500000000000002,0.0005075979456158342,0.5475942731757988,0,staged_v3,0.40099621156367404,2,1.0229140825459715,0.3999803369158218,2,0,0,0
v3_torso_proxy:v3_right_forearm_proxy,122,0.13896924879552938,0.301519589123167,0.1948741484626708,0.0,7.617139379652185e-10,AIR,0.0,-1,1.4455549679263064,0.1246009816269959,0.48022192160072835,UNLOADING,1.8603269645402286e-07,0.0,0.19495515985556922,0.0367329115910936,0.1948741484626708,0.07410911004399617,0,ok,0.0,1.0760945068248943e-14,FLAT,0.0,-1,1.316964381119295,0.1061842938077329,0.9474416502571417,UNLOADING,9.198622042875995e-10,0.05631854972354901,0.016053532789308083,2.500000000000002,0.001507597945615835,0.5491018711214146,0,staged_v3,0.4012380342911314,2,1.0297798031460124,0.3998307560355583,2,0,0,0
v3_torso_proxy:v3_right_forearm_proxy,123,0.13539434804964945,0.5015195891231672,0.129812958034595,0.0,5.932234113637157e-10,AIR,0.0,-1,1.3836090496690112,0.11838560368622866,0.4716549530926282,UNLOADING,1.5950137219646296e-07,0.0,0.18777158678182254,0.024469166118134628,0.129812958034595,0.07490439319695619,0,ok,0.0,8.380632445740649e-15,FLAT,0.0,-1,2.0767318518721223,0.12060016075592639,0.870740698698118,UNLOADING,7.884534727143273e-10,0.04759170162781252,0.020945333307093382,2.500000000000002,0.002507597945615836,0.5516094690670305,0,staged_v3,0.4033330172340759,2,1.0363462829463126,0.4011318538206263,2,0,0,0
v3_torso_proxy:v3_right_forearm_proxy,124,0.12604183255195286,0.7015195891231674,0.11224653308393573,0.0,4.6200285730635197e-10,AIR,0.0,-1,1.0792364785085111,0.10945873924788435,0.4634950872182534,UNLOADING,1.3675087142592026e-07,0.0,0.17321116958383395,0.02115797302364497,0.11224653308393573,0.07558702796463837,0,ok,0.0,6.5268431113764404e-15,AIR,0.0,-1,2.4687679148267425,0.1309768796194751,0.7730922579079303,UNLOADING,6.758174738967425e-10,0.03777963605850481,0.02587497683689171,2.500000000000002,0.003507597945615837,0.5551170670126463,0,staged_v3,0.4067376696693019,2,1.0427679550956095,0.40380018084746566,2,0,0,0
v3_torso_proxy:v3_right_forearm_proxy,125,0.11560750654968664,0.5015195891231672,0.11933003513168731,0.0,3.5980818705141345e-10,AIR,0.0,-1,0.4857383564603696,0.10402416335521805,0.44189106375570464,UNLOADING,1.1724372010286412e-07,0.0,0.1617292883304503,0.02249318170333925,0.11933003513168731,0.07611166390161332,0,ok,0.0,5.083110526124176e-15,AIR,0.0,-1,2.7830103444569976,0.13505802068778752,0.6515966911592411,UNLOADING,5.792723734789973e-10,0.029253368514099577,0.028326466043862485,-2.500000000000002,0.002507597945615836,0.5576246649582621,0,staged_v3,0.41777999693259077,2,1.0496297340021936,0.41673867720052993,2,0,0,0
v3_torso_proxy:v3_right_forearm_proxy,126,0.11846587946906206,0.301519589123167,0.12269159851221048,0.0,2.8021889783114334e-10,FLAT,0.0,-1,0.3922075424932039,0.10085306070413828,0.39042965480398856,LOADING,1.0051901910678087e-07,0.0,0.1523145877524893,0.023126821472588932,0.12269159851221048,0.07648674338601165,0,ok,0.0,3.958730458184009e-15,AIR,0.0,-1,2.9872953402199522,0.1338930276088952,0.5377566034384283,UNLOADING,4.965194386815709e-10,0.023390910041399766,0.02849692013052165,-2.500000000000002,0.001507597945615835,0.559132262903878,0,staged_v3,0.4469082421649985,2,1.0546299964629582,0.4419446920022958,2,0,0,0
v3_torso_proxy:v3_right_forearm_proxy,127,0.12865413400420814,0.10151958912316683,0.12892343468653816,0.0,2.1823469706230042e-10,FLAT,0.0,-1,0.30555276583193114,0.09904332542666386,0.3483899806649778,LOADING,8.617947407940822e-08,0.0,0.14458573266810984,0.02430149491720751,0.12892343468653816,0.07666887991645815,0,ok,0.0,3.083062380802328e-15,AIR,0.0,-1,3.3561366660229823,0.12763129568055553,0.48453348513062033,UNLOADING,4.2558831732926375e-10,0.02263255427976553,0.026594119976765487,-2.500000000000002,0.0005075979456158342,0.5596398608494938,0,staged_v3,0.47213432900191893,2,1.055424962259673,0.46661929309728456,2,0,0,0
v3_torso_proxy:v3_right_forearm_proxy,128,0.1606505241813895,0.09848041087683335,0.16993397373562452,0.0,1.6996135296547038e-10,FLAT,0.0,-1,0.24978269428172983,0.09591674070621295,0.32493008689592906,LOADING,7.388451146746097e-08,0.0,0.1347928824002498,0.032031799408989536,0.16993397373562452,0.07655280429524831,0,ok,0.0,2.401091396426843e-15,AIR,0.0,-1,3.531688784632782,0.11807408485938672,0.44639745441670275,UNLOADING,3.647901761751274e-10,0.023806878727492077,0.023512993993343063,-2.500000000000002,-0.0004924020543841667,0.5591474587951096,0,staged_v3,0.4921371309255076,2,1.0572682111321814,0.48522953028951354,2,0,0,0
v3_torso_proxy:v3_right_forearm_proxy,129,0.18763818063499535,0.2984804108768335,0.20068544476791106,0.0,1.3236603478138376e-10,FLAT,0.0,-1,0.23389039182246424,0.09130745521837434,0.32490368562618216,LOADING,6.334234694671357e-08,0.0,0.12246279668478083,0.03782831513791618,0.20068544476791106,0.07687612398200044,0,ok,0.0,1.8699718597632383e-15,AIR,0.0,-1,3.6617620631509946,0.10693384085492233,0.43729478152657636,UNLOADING,3.126774441848126e-10,0.02622379580376772,0.0206409432725611,-2.500000000000002,-0.0014924020543841676,0.5576550567407255,0,staged_v3,0.5084647766542075,2,1.065079481693947,0.5000897360705048,2,0,0,0
v3_torso_proxy:v3_right_forearm_proxy,130,0.169854031053123,0.4984804108768337,0.23922427117711373,0.0,0.036521405685271346,FLAT,0.0,-1,0.11944396521116267,0.08638678679814157,0.35570334816210025,LOADING,0.004706174554564351,0.0,0.11119868258940739,0.04509271277342358,0.23922427117711373,0.07675290203730029,0,ok,0.0,1.4563355487051013e-15,AIR,0.0,-1,3.837239644806065,0.09283771553940903,0.44899541856828884,UNLOADING,2.6800935250806217e-10,0.02936458288027963,0.018085188048134814,-2.500000000000002,-0.0024924020543841685,0.5551626546863413,0,staged_v3,0.5184152294702787,2,1.0718649788854804,0.5103095151474878,2,0,0,0
v3_torso_proxy:v3_right_forearm_proxy,131,0.15330756961056596,0.6984804108768339,0.2611958085499672,0.0,0.028442899346557783,FLAT,0.0,-1,0.15868963166654562,0.08012375424710659,0.43132843161752193,LOADING,0.006999873279801876,0.0,0.09870414556237245,0.049234249997341384,0.2611958085499672,0.0763624947697619,0,ok,0.0,1.134195265746257e-15,AIR,0.0,-1,3.9078336255744013,0.07835569981099734,0.5100033819704584,UNLOADING,2.297223815428882e-10,0.0328106711691562,0.017689497929366717,-2.500000000000002,-0.0034924020543841694,0.5516702526319571,0,staged_v3,0.5255226902651142,2,1.0774456255693798,0.5171663635468643,2,0,0,0
v3_torso_proxy:v3_right_forearm_proxy,132,0.1416009273763704,0.8984804108768341,0.27058200553049205,0.0,0.02215135228392035,FLAT,0.0,-1,0.20136128044868157,0.07122020136735246,0.5088038529558714,UNLOADING,0.007776030402577268,0.0,0.0823738475416127,0.051003506446091196,0.27058200553049205,0.0759348052837164,0,ok,0.0,8.83312161119065e-16,AIR,0.0,-1,4.044202826146177,0.0640844497177632,0.6169370919622823,UNLOADING,1.9690494680306492e-10,0.036560611085141866,0.01928624351297225,-2.500000000000002,-0.00449240205438417,0.547177850577573,0,staged_v3,0.5243352559916367,2,1.082939717780259,0.5150600891830207,2,0,0,0
v3_torso_proxy:v3_right_forearm_proxy,133,0.12816528721776693,1.0000000000000009,0.266466022942829,0.0,0.030292730839099287,FLAT,0.0,-1,0.1377963476174151,0.06167298159850443,0.599396425360703,UNLOADING,0.008647899574007663,0.0,0.06535406086071606,0.050227662006508855,0.266466022942829,0.07555132850926805,0,ok,0.0,6.879242027760228e-16,AIR,0.0,-1,4.089956910193458,0.052047272760861796,0.6965675174443982,UNLOADING,1.6877569850813402e-10,0.035524274472516035,0.024304101399703876,-1.2689948640395854,-0.0050000000000000044,0.542177850577573,0,staged_v3,0.5194359756339615,2,1.0850050957531758,0.5100892997026654,2,0,0,0
v3_torso_proxy:v3_right_forearm_proxy,134,0.11755505896611942,0.8000000000000007,0.2560256005767825,0.0,0.04551271564184699,FLAT,0.0,-1,0.09062810482604512,0.053757315982529766,0.689558680984436,UNLOADING,0.009744125154373185,0.008946442087771948,0.050531491961449855,0.04825968875417608,0.2560256005767825,0.07523363118214298,0,ok,0.0,5.357559078157385e-16,FLAT,0.0,-1,4.173318945836245,0.04425440832993964,0.7441889471710859,UNLOADING,1.44664904014441e-10,0.027839088186159627,0.03437035917239467,2.500000000000002,-0.0040000000000000036,0.538177850577573,0,staged_v3,0.5137826592396428,2,1.0867613025744693,0.5047576692410654,2,0,0,0
v3_torso_proxy:v3_right_forearm_proxy,135,0.09885014001367437,0.6000000000000005,0.22387655941859375,0.0,0.03672382316092497,FLAT,0.0,-1,0.1483036264465572,0.04757064978037714,0.777559074829522,UNLOADING,0.00951909030370747,0.026911631812839593,0.03696632192863651,0.04219973726282478,0.22387655941859375,0.07494569066446495,0,ok,0.0,4.1724712054202855e-16,FLAT,0.0,-1,4.08328861500685,0.04048956132477412,0.7533854156230715,UNLOADING,1.2399850385512446e-10,0.022179709456379468,0.04698711382056864,2.500000000000002,-0.0030000000000000027,0.5351778505775729,0,staged_v3,0.5063717386064872,2,1.083588301896458,0.49721897094089734,2,0,0,0
v3_torso_proxy:v3_right_forearm_proxy,136,0.08433557124131254,0.40000000000000036,0.20275670379213753,0.0,0.02860054223510416,FLAT,0.0,-1,0.1820631180290845,0.04366568575193931,0.8406141123623512,UNLOADING,0.008810437804757851,0.041578987145746114,0.02545171847237144,0.03821873826596767,0.20275670379213753,0.07469095061962869,0,ok,0.0,3.249523842124207e-16,FLAT,0.0,-1,4.07519919016142,0.0405609287211116,0.6984844123328751,UNLOADING,1.0628444587270798e-10,0.01936329189553216,0.06260039219019424,2.500000000000002,-0.0020000000000000018,0.5331778505775729,0,staged_v3,0.49966148639260133,2,1.0810522435863874,0.4905969802144441,2,0,0,0
v3_torso_proxy:v3_right_forearm_proxy,137,0.06599670039925003,0.20000000000000018,0.2016607732304553,0.0,0.022274124688965908,FLAT,0.0,-1,0.26563870164771475,0.042053310740848046,0.8857950210440287,UNLOADING,0.007915206109987591,0.053405613764798826,0.01588413728740262,0.03801216022188214,0.2016607732304553,0.07446241649883721,0,ok,0.0,2.530731712855533e-16,FLAT,0.0,-1,3.789608917831058,0.04478814726922807,0.6260220852729885,UNLOADING,9.110096712571783e-11,0.011512956994421356,0.08193736285202602,2.500000000000002,-0.0010000000000000009,0.5321778505775729,0,staged_v3,0.49465252542040783,2,1.0779244589352115,0.4856608986530429,2,0,0,0
v3_torso_proxy:v3_right_forearm_proxy,138,0.040345442769328006,0.0,0.1573542792588672,0.0,0.01734710574999676,FLAT,0.0,-1,0.5232609010719776,0.04159614884809565,0.9181685567546259,UNLOADING,0.006987253622796844,0.06351407979154014,0.00739434804619115,0.02966058286383444,0.1573542792588672,0.0742902562271809,0,ok,0.0,1.9709358397155268e-16,AIR,0.0,-1,2.9140605756137554,0.049472004053610893,0.5740920716469203,UNLOADING,7.808655524257528e-11,0.004232599528735129,0.09766825869557985,2.500000000000002,0.0,0.5321778505775729,1,staged_v3,0.4926085269413821,2,1.0770511680910506,0.48294517167728046,2,0,0,0
v3_torso_proxy:v3_right_forearm_proxy,139,0.08561538457428418,0.20000000000000018,0.10877244865039422,0.0,0.013509939542119948,FLAT,0.0,-1,0.5913064142674564,0.047724779838651255,0.9413652087252474,UNLOADING,0.006102239174566828,0.06335597083388331,0.008712289602379072,0.02050312353558309,0.10877244865039422,0.07429065218170448,0,ok,0.0,1.5349663753539493e-16,AIR,0.0,-1,2.4303751309188706,0.0586388787098398,0.5474166559823395,UNLOADING,6.693134298935332e-11,0.0,0.1159784703995573,2.500000000000002,0.0010000000000000009,0.5331778505775729,0,staged_v3,0.49244907737967125,2,1.0768604423840598,0.49244907737967125,2,1,0,0
v3_torso_proxy:v3_right_forearm_proxy,140,0.05712793545579667,0.40000000000000036,0.1086298145727545,0.0,0.010521551494650352,FLAT,0.0,-1,0.9676812835133513,0.053388998535656415,0.9579863361626809,UNLOADING,0.005293640567849179,0.06491687567315738,0.007982441134976679,0.020476237645355222,0.1086298145727545,0.07429065320450738,0,ok,0.0,1.1954330151139317e-16,AIR,0.0,-1,1.431129094648286,0.06602314267757789,0.5198020841827417,UNLOADING,5.736973076293774e-11,0.0,0.1302958595514323,2.500000000000002,0.0020000000000000018,0.5351778505775729,1,staged_v3,0.5031933697896741,2,1.0800506442745879,0.5031933697896741,2,1,0,0
v3_torso_proxy:v3_right_forearm_proxy,141,0.7338337159316769,0.6000000000000005,0.15815773976532563,0.0,0.008194192543159805,FLAT,0.0,-1,1.1228164355839552,0.11853475522430199,0.9637268125549585,UNLOADING,0.004579867555596267,0.0,0.07503214672109546,0.0298120316013068,0.15815773976532563,0.07398915389197987,0,ok,0.0,9.310041682801406e-17,AIR,0.0,-1,1.254838988861175,0.10234104491015339,0.5000153788602418,UNLOADING,4.917406158948615e-11,0.0,0.17832358993905892,2.500000000000002,0.0030000000000000027,0.538177850577573,0,staged_v3,0.5122484946689445,2,1.0839091738365862,0.5034113911761325,2,0,1,1
v3_torso_proxy:v3_right_forearm_proxy,142,0.41245775965586073,0.8000000000000007,0.19282758534648872,0.0,0.006381643569250722,AIR,0.0,-1,1.478288517917746,0.08977114085824651,0.9083768559791832,UNLOADING,0.004009130225916083,0.046516523332660244,0.023902319466298914,0.03634714353203927,0.19282758534648872,0.07374540745696612,0,ok,0.0,7.250667752993155e-17,AIR,0.0,-1,0.9159112648737958,0.07370890722020795,0.48583758496357365,UNLOADING,4.214920097387505e-11,0.0,0.14566527700161722,2.500000000000002,0.0040000000000000036,0.542177850577573,0,staged_v3,0.5370589274346595,2,1.0959819197180898,0.5155336554173896,2,0,0,0
v3_torso_proxy:v3_right_forearm_proxy,143,0.11584469296610202,1.0000000000000009,0.08509934068856184,0.0,0.004970029009015058,AIR,0.0,-1,1.6775779696615734,0.10094405368890406,0.8016637528650778,UNLOADING,0.0035772168938994634,0.037671386151245115,0.02741180149200878,0.016040847811951253,0.08509934068856184,0.0735106740009276,0,ok,0.0,5.646825723821653e-17,AIR,0.0,-1,0.799893595179884,0.06970449336170215,0.4683151815299244,UNLOADING,3.612789083808077e-11,0.0,0.13852511606150125,2.500000000000002,0.0050000000000000044,0.547177850577573,0,staged_v3,0.5218315895591557,2,1.0960504418546069,0.509415815211359,2,0,1,1
v3_torso_proxy:v3_right_forearm_proxy,144,0.2133343829640067,1.0000000000000009,0.07317377019339182,0.0,0.0038706624841085254,AIR,0.0,-1,1.7780147367136723,0.09493793743901653,0.6817303261912677,UNLOADING,0.0032421736928053856,0.04665758667913174,0.012428929630431646,0.013792930732501651,0.07317377019339182,0.07326914120744622,0,ok,0.0,4.397752295580056e-17,AIR,0.0,-1,0.6626045052487458,0.05605156092591336,0.4243895086411421,UNLOADING,3.09667671917726e-11,0.0,0.11793729483423003,0.0,0.0050000000000000044,0.552177850577573,0,staged_v3,0.5262081099500295,2,1.099731685350234,0.5153800290166196,2,0,0,0
v3_torso_proxy:v3_right_forearm_proxy,145,0.126742868573586,0.8000000000000007,0.07700400355426307,0.0,0.0030144749736288287,AIR,0.0,-1,2.3045082673193122,0.09508412719753684,0.5775712836176778,UNLOADING,0.002960920421501282,0.04459542664446137,0.009283137536422532,0.014514912711784511,0.07700400355426307,0.07303487440740628,0,ok,0.0,3.4249729315518163e-17,FLAT,0.0,-1,0.2726976961481671,0.05008490760831032,0.37735495697506005,LOADING,2.654294635372283e-11,0.0,0.10689586026198558,-2.500000000000002,0.0040000000000000036,0.556177850577573,1,staged_v3,0.5196728769127001,2,1.0981854047563977,0.5134906353491661,2,0,0,0
v3_torso_proxy:v3_right_forearm_proxy,146,0.0984325632847632,0.6000000000000005,0.11279059385534013,0.0,0.0023476754700112843,AIR,0.0,-1,2.371769358565537,0.09828926347605338,0.5130619500995341,UNLOADING,0.002701242149167735,0.03820279256051161,0.012450304944465095,0.021260526062997998,0.11279059385534013,0.07281174392627551,0,ok,0.0,2.66737160109092e-17,FLAT,0.0,-1,0.17149218953397136,0.04654663236361863,0.3604107576372478,LOADING,2.2751099311794113e-11,0.0,0.09889656006466946,-2.500000000000002,0.0030000000000000027,0.559177850577573,0,staged_v3,0.5168172069990704,2,1.0981918607831718,0.5130211402176199,2,0,0,0
v3_torso_proxy:v3_right_forearm_proxy,147,0.0889998368431811,0.40000000000000036,0.11041068471929728,0.0,0.0018283714944423166,AIR,0.0,-1,2.5391519755474494,0.09948625540064562,0.466838992809537,UNLOADING,0.0024546098975002295,0.032758530337163055,0.015583419303313802,0.020811923759517792,0.11041068471929728,0.07260961782118001,0,ok,0.0,0.03220998619732123,FLAT,0.0,-1,0.10779755277597745,0.04497671756582759,0.3796485427292617,LOADING,0.003996302393436599,0.0,0.09410546254508212,-2.500000000000002,0.0020000000000000018,0.561177850577573,0,staged_v3,0.5085406059433467,2,1.0992462427363232,0.5066012964747867,2,0,0,0
v3_torso_proxy:v3_right_forearm_proxy,148,0.0792601655916391,0.20000000000000018,0.11221977109321456,0.0,0.001423937151617111,AIR,0.0,-1,2.621728358481427,0.0997621649755313,0.4337187966439391,UNLOADING,0.0022191440326746453,0.026905686189971145,0.019780253642225815,0.021152928507238267,0.11221977109321456,0.07244093664219749,0,ok,0.0,0.11525957024056752,FLAT,0.0,-1,0.06806733787249324,0.04370609891634752,0.4155390767465317,LOADING,0.016669984882069295,0.0020708549209790678,0.09025070561697099,-2.500000000000002,0.0010000000000000009,0.562177850577573,0,staged_v3,0.4974896430028075,2,1.0955711485520427,0.4968262005404375,2,0,0,0
v3_torso_proxy:v3_right_forearm_proxy,149,0.07151161230425587,0.0,0.11841393720040576,0.0,0.0011089633687238717,AIR,0.0,-1,2.6879467788963898,0.09884714125092922,0.40998713907894224,UNLOADING,0.0019955952636978996,0.02102044906793077,0.024478907886016345,0.022320501311486274,0.11841393720040576,0.07230853436334396,0,ok,0.0,0.2171660260974252,FLAT,0.0,-1,0.054095986455586324,0.042334117003084135,0.46251378193525583,UNLOADING,0.03668073711750636,0.005791572093678657,0.08683503885943988,-2.500000000000002,0.0,0.562177850577573,0,staged_v3,0.48591742187613624,2,1.089195905131975,0.4860885970161573,2,0,0,0
v3_torso_proxy:v3_right_forearm_proxy,150,0.07729984367855655,0.20000000000000018,0.1420339186177707,0.0,0.0008636615399596544,AIR,0.0,-1,2.6259232315698253,0.09656156983652892,0.3646357944391856,UNLOADING,0.0017889016014853275,0.013024643427712618,0.03020714629424666,0.026772762917409543,0.1420339186177707,0.0722587091841271,0,ok,0.0,0.22312892985301125,FLAT,0.0,-1,0.10171051921713614,0.039979042483412296,0.5152814978709352,UNLOADING,0.05097553382600764,0.010785032410134468,0.08206622343985143,-2.500000000000002,-0.0010000000000000009,0.561177850577573,0,staged_v3,0.4640908888968913,2,1.0860282419614382,0.46518675527446274,2,0,0,0
v3_torso_proxy:v3_right_forearm_proxy,151,0.08191595438067198,0.40000000000000036,0.15415277774629468,0.0,0.0006726202836292343,AIR,0.0,-1,2.6118196951170667,0.09392636616084798,0.33214013602817716,UNLOADED,0.0015975179571487536,0.004426469387672466,0.03718053741373639,0.029057114045893173,0.15415277774629468,0.07234201928552182,0,ok,0.0,0.23337383630834627,FLAT,0.0,-1,0.08326932173528954,0.03624941306098236,0.5346766864741185,UNLOADING,0.06249928442105539,0.01548442126272357,0.07550885388516451,-2.500000000000002,-0.0020000000000000018,0.559177850577573,0,staged_v3,0.44320338222707045,2,1.0827280183926604,0.4446796300134003,2,0,0,0
v3_torso_proxy:v3_right_forearm_proxy,152,0.08872093644844552,0.20000000000000018,0.15308794909682485,0.0,0.0005238372036001582,AIR,0.0,-1,2.535457425591816,0.09279067727742622,0.3088559793189791,UNLOADED,0.0014210220991387197,0.0,0.046297088611293516,0.028856398574142794,0.15308794909682485,0.07254106799756843,0,ok,0.0,0.21020505394849343,FLAT,0.0,-1,0.10029073981793225,0.03283529101025168,0.5289504970750729,UNLOADING,0.06980282477179338,0.01861223384350197,0.06898305618922188,2.500000000000002,-0.0010000000000000009,0.558177850577573,0,staged_v3,0.420619121979702,2,1.0798136531766198,0.4218038861191269,2,0,0,0
v3_torso_proxy:v3_right_forearm_proxy,153,0.10395089410588111,0.0,0.14070411108871977,0.0,0.00040796482436573813,AIR,0.0,-1,2.294237933213215,0.09358920855162378,0.29217215199653196,UNLOADED,0.0012592716369320331,0.0,0.05700501042695563,0.026522100103572255,0.14070411108871977,0.0731632733693617,0,ok,0.0,0.1637078606206536,FLAT,0.0,-1,0.21029061404720015,0.029453001633801726,0.50387389560789,UNLOADING,0.07208620844705298,0.020740693146592777,0.06191470460932108,2.500000000000002,0.0,0.558177850577573,0,staged_v3,0.3980037919537455,2,1.2762353268355866,0.3987989808315398,2,0,0,0
v3_torso_proxy:v3_right_forearm_proxy,154,0.05181512456058136,0.20000000000000018,0.1377751948728837,0.0,0.000317723324681625,AIR,0.0,-1,2.203552495209215,0.09429633432755143,0.2802176673397921,UNLOADED,0.001112045922481728,0.0,0.06771068512678616,0.025970012403573217,0.1377751948728837,0.07331081515365069,0,ok,0.0,0.12749581004630942,FLAT,0.0,-1,0.2548776925239541,0.02563049152070081,0.45064728129263204,UNLOADING,0.07179391722215087,0.021901872543930796,0.05375463064207932,2.500000000000002,0.0010000000000000009,0.559177850577573,0,staged_v3,0.37617043499615904,2,1.0739233858683743,0.37594457831563016,2,0,0,0
v3_torso_proxy:v3_right_forearm_proxy,155,0.05690880003738581,0.40000000000000036,0.1124128872300762,0.0,0.00024744317406209977,AIR,0.0,-1,1.6369734038339925,0.09607229966421592,0.271651904781464,UNLOADED,0.0009789286141990467,0.0,0.07747365307295584,0.021189330041449517,0.1124128872300762,0.07344681461665803,0,ok,0.0,0.09929383670238887,FLAT,0.0,-1,0.1617287752598355,0.022493720968066438,0.3930366031615897,LOADING,0.07014731824898651,0.022158109190013053,0.04639034324291318,2.500000000000002,0.0020000000000000018,0.561177850577573,0,staged_v3,0.36292405116763704,2,1.0716836910971856,0.3637918221446982,2,0,0,0
v3_torso_proxy:v3_right_forearm_proxy,156,0.09209577973352674,0.6000000000000005,0.09464056106990233,0.0,0.00019270893772523723,AIR,0.0,-1,1.4743291472661737,0.09776531031924367,0.29386113665210234,UNLOADED,0.0008585215650623657,0.0,0.08474899569379857,0.017839325483329282,0.09464056106990233,0.07356766418570237,0,ok,0.0,0.08390410062121319,FLAT,0.0,-1,0.1341603091095512,0.020231729083034115,0.33061692231602846,LOADING,0.0681496992282932,0.021299117032767306,0.0399836548710065,2.500000000000002,0.0030000000000000027,0.564177850577573,0,staged_v3,0.3672094851308107,2,1.0718076568785058,0.36708996312482733,2,0,0,0
v3_torso_proxy:v3_right_forearm_proxy,157,0.12596779248288792,0.8000000000000007,0.06719869893756689,0.0,0.00015008187160527335,AIR,0.0,-1,1.1270216207994341,0.09688389034261166,0.3279977338486073,UNLOADED,0.0007502835354573115,0.0,0.08591090326577955,0.012666656334783144,0.06719869893756689,0.07368504958412635,0,ok,0.0,0.10700338133441847,FLAT,0.0,-1,0.07619022311682126,0.018759513791761835,0.2663523755539565,LOADING,0.07022031468737261,0.019558104985935992,0.03434914355214875,2.500000000000002,0.0040000000000000036,0.568177850577573,0,staged_v3,0.37191992067703544,2,1.073622919966166,0.3708211336169038,2,0,0,0
v3_torso_proxy:v3_right_forearm_proxy,158,0.1344466220081378,1.0000000000000009,0.050256067935481846,0.0,0.00011688387913100893,AIR,0.0,-1,0.5498538651377719,0.09529818027647059,0.33496535824052576,UNLOADED,0.0006542047202041739,0.0,0.08476090472792232,0.00947304562946516,0.050256067935481846,0.07377627853582971,0,ok,0.0,0.14455078223167958,FLAT,0.0,-1,0.044626833285849085,0.01897552493322421,0.21930252401581596,LOADING,0.07874633791786043,0.01698960126756659,0.03123453943766901,2.500000000000002,0.0050000000000000044,0.573177850577573,0,staged_v3,0.3737806034734915,2,1.0756336154056036,0.37235848705217295,2,0,0,0
v3_torso_proxy:v3_right_forearm_proxy,159,0.1347959236147591,1.0000000000000009,0.07121875385931767,0.0,9.10292565956532e-05,FLAT,0.0,-1,0.37658378517055824,0.09280861401659182,0.3082686915838372,LOADING,0.000569742301142015,0.0,0.08203357404102488,0.013424418835335128,0.07121875385931767,0.07382864791395113,0,ok,0.0,0.1787799735208474,FLAT,0.0,-1,0.03068672059452308,0.019893530539258485,0.18456821913323906,LOADING,0.09215364477257174,0.014334880417403474,0.029705029627386602,0.0,0.0050000000000000044,0.578177850577573,0,staged_v3,0.3744457320999024,2,1.0787178365025702,0.37299077891323057,2,0,0,0
v3_torso_proxy:v3_right_forearm_proxy,160,0.11695310713968059,1.0000000000000009,0.062136107706360036,0.0,7.089365631910255e-05,FLAT,0.0,-1,0.15300221248992008,0.09035034833619354,0.2838459032490331,LOADING,0.0004956035127512387,0.0,0.0791932235506857,0.01171238036957789,0.062136107706360036,0.07382721887485261,0,ok,0.0,0.21002929955423785,FLAT,0.0,-1,0.03891643958580085,0.021525372238417693,0.1873625629687395,LOADING,0.10785845015630273,0.012842755910019283,0.02969132796544671,0.0,0.0050000000000000044,0.583177850577573,0,staged_v3,0.36230414764390995,2,1.0743446769799,0.36107081530987173,2,0,0,0
v3_torso_proxy:v3_right_forearm_proxy,161,0.10223288483697857,1.0000000000000009,0.0711620317505989,0.0,0.023492806660881282,FLAT,0.0,-1,0.10431282777010537,0.08811415224019917,0.2621925231535711,LOADING,0.0038631164915021504,0.0,0.07626517381020163,0.01341372696973231,0.0711620317505989,0.07380211274976407,0,ok,0.0,0.22783860226102193,FLAT,0.0,-1,0.04959373677733965,0.02351986745510925,0.18869086602116367,LOADING,0.12325626794250982,0.010914675845948935,0.030497984891694675,0.0,0.0050000000000000044,0.588177850577573,0,staged_v3,0.35194686699860417,2,1.0659737313261988,0.35095344647969134,2,0,0,0
v3_torso_proxy:v3_right_forearm_proxy,162,0.08448757406374721,1.0000000000000009,0.09401941998407291,0.0,0.08570075478123909,FLAT,0.0,-1,0.05682368766394402,0.0871182383458512,0.24723727285377686,LOADING,0.015992959970724772,0.0,0.07372058578004198,0.017722243147004213,0.09401941998407291,0.0738621814615239,0,ok,0.0,0.17744088185477824,FLAT,0.0,-1,0.17623180493887017,0.02552168070847516,0.17403235686258972,LOADING,0.12791709975037083,0.008179937134654328,0.031411619052315126,0.0,0.0050000000000000044,0.593177850577573,0,staged_v3,0.3436695847394035,2,1.0557605512751524,0.34316345265017273,2,0,0,0
v3_torso_proxy:v3_right_forearm_proxy,163,0.11083040414455625,1.0000000000000009,0.07882852078906384,0.0,0.14579684020086162,FLAT,0.0,-1,0.022367054366219875,0.08776488564647823,0.2353905653331182,LOADING,0.03508989588901952,0.0,0.07423429993019218,0.014858826108256395,0.07882852078906384,0.07367368129176514,0,ok,0.0,0.22784879779654235,FLAT,0.0,-1,0.02869194167257809,0.027980959077026867,0.16343607443474034,LOADING,0.14045569674429678,0.00519084464471015,0.033953865369852954,0.0,0.0050000000000000044,0.598177850577573,0,staged_v3,0.33743463950912406,2,1.0467205807815443,0.3389184369431427,2,0,0,0
v3_torso_proxy:v3_right_forearm_proxy,164,0.13944274653733874,1.0000000000000009,0.07251669819984521,0.0,0.15136416415196047,FLAT,0.0,-1,0.06202720559271167,0.0880165928074163,0.206216208820088,LOADING,0.05210200072507996,0.0,0.0754177927518064,0.013669075579633316,0.07251669819984521,0.07329379629011945,0,ok,0.0,0.23556979503132244,FLAT,0.0,-1,0.06281768481718228,0.030355009356615725,0.153929388581516,LOADING,0.152226293498213,0.002341460072460076,0.03703097950492823,0.0,0.0050000000000000044,0.603177850577573,0,staged_v3,0.3323049734787529,2,1.0391805927386752,0.331717585339575,2,0,0,0
v3_torso_proxy:v3_right_forearm_proxy,165,0.12075475809701568,1.0000000000000009,0.08351593796005637,0.0,0.19816748281148763,FLAT,0.0,-1,0.034732336030319964,0.08740138881036696,0.18554892277177878,LOADING,0.07396114454954819,0.0,0.07559301045276862,0.01574238342917844,0.08351593796005637,0.07279571804143344,0,ok,0.0,0.2743022647531028,FLAT,0.0,-1,0.01045682915592278,0.032411754254824676,0.14896481600274442,SUPPORT,0.2117810347985704,3.648654531254736e-05,0.03971033872840035,0.0,0.0050000000000000044,0.608177850577573,0,staged_v3,0.3288288915829897,2,1.0273688050463787,0.3277638384359442,2,0,0,0
v3_torso_proxy:v3_right_forearm_proxy,166,0.10898539815724682,0.9977233450040313,0.09114605188023364,0.0,0.22996885731543582,FLAT,0.0,-1,0.038037209459035416,0.08639867473751899,0.17074016521358037,LOADING,0.09730970296432255,0.0,0.07540916786329083,0.01718062601943937,0.09114605188023364,0.07216741025674772,0,ok,0.0,0.30264254196761275,FLAT,0.0,-1,0.011654377408664032,0.03432221572522554,0.14521280754334148,SUPPORT,0.25942482783885634,0.0,0.04236142224967182,-0.028458187449620365,0.004988616725020156,0.6131664673025932,0,staged_v3,0.402526089818453,2,1.0144129969314941,0.4026451745403334,2,0,0,0
v3_torso_proxy:v3_right_forearm_proxy,167,0.09969464251120881,0.7977233450040311,0.09735972428356755,0.0,0.26054311007961856,FLAT,0.0,-1,0.03667597163650355,0.08401455892955809,0.16012922675243496,SUPPORT,0.16784776237145804,0.0,0.0737480402197215,0.01835187567388702,0.09735972428356755,0.0713963853132169,0,ok,0.0,0.3292710438343088,FLAT,0.0,-1,0.013453559572245194,0.03522180439982322,0.14252437600464155,SUPPORT,0.2975398622710851,0.0,0.0442358307193436,-2.500000000000002,0.003988616725020155,0.6171550840276133,0,staged_v3,0.46291445469849435,2,1.000807825415238,0.46310294244342565,2,0,0,0
v3_torso_proxy:v3_right_forearm_proxy,168,0.09020407286391274,0.5977233450040309,0.10241819040017255,0.0,0.2728838430574114,FLAT,0.0,-1,0.05107124444016933,0.08050315695077309,0.15252615711045261,SUPPORT,0.22427820989716643,0.0,0.07081315201781883,0.019305374073308568,0.10241819040017255,0.07048197035508916,0,ok,0.0,0.34935864425640073,FLAT,0.0,-1,0.017739590207425014,0.03517443361169753,0.1408359922163145,LOADING,0.2980631644075089,0.0,0.04536970457735938,-2.500000000000002,0.0029886167250201545,0.6201437007526335,0,staged_v3,0.4650931802587995,2,0.9854386454647072,0.46540631743539806,2,0,0,0
v3_torso_proxy:v3_right_forearm_proxy,169,0.08267067709758595,0.3977233450040307,0.10596277059575464,0.0,0.2788543225666691,FLAT,0.0,-1,0.05703278240110121,0.07592273036707044,0.14707831965549922,SUPPORT,0.26942256791773317,0.0,0.06670223965749214,0.0199735116994586,0.10596277059575464,0.06941711145408089,0,ok,0.0,0.3626499166318277,FLAT,0.0,-1,0.021039577302792028,0.034155173241711925,0.13993081037254423,LOADING,0.3008313355092072,0.0,0.04575181895166899,-2.500000000000002,0.0019886167250201536,0.6221323174776536,0,staged_v3,0.48366085762735544,2,0.9682874676977781,0.48389379773670477,2,0,0,0
v3_torso_proxy:v3_right_forearm_proxy,170,0.07625796002625713,0.19772334500403055,0.11093238804970204,0.0,0.27718441678466155,FLAT,0.0,-1,0.06494283104955506,0.07020588546852949,0.14317477354410846,SUPPORT,0.3055380543341865,0.0,0.061345013306530874,0.020910262520526968,0.11093238804970204,0.06820707670113403,0,ok,0.0,0.3547735119447455,FLAT,0.0,-1,0.045215308065712626,0.03211940405100404,0.13960632165778064,LOADING,0.30171404579147115,0.0,0.04512955918507268,-2.500000000000002,0.0009886167250201527,0.6231209342026738,0,staged_v3,0.5501116338703341,2,0.9470123468032463,0.5503918464061153,2,0,0,0
v3_torso_proxy:v3_right_forearm_proxy,171,0.07252608290008024,0.002276654995969629,0.1145579091391229,0.0,0.2777170713459187,FLAT,0.0,-1,0.0648928474163931,0.06365426455947024,0.14037776053302842,SUPPORT,0.33443044346734924,0.0,0.05515076094203197,0.021593657145724532,0.1145579091391229,0.06684518319922841,0,ok,0.0,0.34356047684609764,FLAT,0.0,-1,0.053327846963158794,0.02907175009565438,0.1395174533108722,LOADING,0.30084458125815544,0.002904122569889228,0.04363869307298836,-2.500000000000002,-1.1383274979848146e-05,0.6231095509276939,0,staged_v3,0.6038414763959025,2,0.9236383358368434,0.6041648268158093,2,0,0,0
v3_torso_proxy:v3_right_forearm_proxy,172,0.07072219427079879,0.2022766549959698,0.106049578771461,0.013518612838629906,0.27575559376409153,FLAT,0.0,-1,0.06661535339831304,0.05791432697888367,0.1363059064448725,SUPPORT,0.3575443547738794,0.0,0.04907101953800105,0.01998987465508284,0.106049578771461,0.06532695844940789,0,ok,0.0,0.32137339558256844,FLAT,0.0,-1,0.07145751286599832,0.02467866029699754,0.1345903131058639,LOADING,0.29759816245659265,0.007050855358295655,0.040978007785534815,-2.500000000000002,-0.001011383274979849,0.6220981676527141,0,staged_v3,0.47123511144901886,2,0.8993404714414546,0.47191742725236907,2,0,0,0
v3_torso_proxy:v3_right_forearm_proxy,173,0.07066914248060634,0.40227665499597,0.10985716593443787,0.024868851521506325,0.2913893759777846,FLAT,0.0,-1,0.04359720124140494,0.050597167914903554,0.13270938885001782,SUPPORT,0.3760354838191035,0.0,0.04207446455003605,0.020707587926629495,0.10985716593443787,0.06365130379500607,0,ok,0.0,0.3303707485493443,FLAT,0.0,-1,0.03570338428587986,0.019378092321289772,0.12974053406154645,LOADING,0.29615674941911363,0.012108934381787555,0.03760406512959963,-2.500000000000002,-0.00201138327497985,0.6200867843777342,0,staged_v3,0.47067839016769797,2,0.8756296208689123,0.4713377538065019,2,0,0,0
v3_torso_proxy:v3_right_forearm_proxy,174,0.06715723359723967,0.5774542636812319,0.1105545335298966,0.03591162239644481,0.3121112042259792,FLAT,0.0,-1,0.03243394222311587,0.04243348772667194,0.12897057989937102,SUPPORT,0.39082838705528283,0.0,0.03464089440366289,0.020839038621514178,0.1105545335298966,0.06182296224929541,0,ok,0.0,0.34255736459598934,FLAT,0.0,-1,0.023256018364871654,0.013208527227923678,0.12598323253075527,LOADING,0.29680557563068494,0.018090634398614087,0.03332583279279859,-2.1897201085657736,-0.0028872713184061594,0.6171995130593281,0,staged_v3,0.47327923256332183,2,0.851381075321681,0.47398794091724555,2,0,0,0
v3_torso_proxy:v3_right_forearm_proxy,175,0.05643743248019059,0.3774542636812317,0.10647459903550441,0.047409518649764344,0.34291776179352074,FLAT,0.0,-1,0.019871091866848822,0.03561265657019848,0.12563854719944512,SUPPORT,0.4026627096442263,0.0024892590622088567,0.028792668297763405,0.020069989087431572,0.10647459903550441,0.05995055305386618,0,ok,0.0,0.35307891519440526,FLAT,0.0,-1,0.018169665628736575,0.008085133543433713,0.12287667304140683,LOADING,0.29938321105939747,0.023058700108636632,0.03011189118876377,2.500000000000002,-0.0018872713184061585,0.6153122417409219,0,staged_v3,0.4789393532487078,2,0.8420927449974763,0.4797377474909134,2,0,0,0
v3_torso_proxy:v3_right_forearm_proxy,176,0.04957325519565533,0.17745426368123152,0.10136728673647842,0.05912121699285193,0.3667473672137699,FLAT,0.0,-1,0.01667629637338772,0.030061790645548814,0.12290848784297562,SUPPORT,0.412130167715381,0.006884522408322085,0.0242609019838267,0.019107283399539043,0.10136728673647842,0.05801266945015726,0,ok,0.0,0.3587693469679115,FLAT,0.0,-1,0.021149030093227352,0.003955482573720006,0.12023282021281226,LOADING,0.30263326816272806,0.027056158436920608,0.02784893433817116,2.500000000000002,-0.0008872713184061576,0.6144249704225158,0,staged_v3,0.4857324877256482,2,0.8392849366028986,0.4866184191178066,2,0,0,0
v3_torso_proxy:v3_right_forearm_proxy,177,0.08436078433362144,0.02254573631876866,0.10481351833768715,0.06546370656379863,0.38446345273805055,FLAT,0.0,-1,0.012651699463692514,0.022559494673591512,0.12078547784112509,SUPPORT,0.41970413417230484,0.013422772839816851,0.017616501052239403,0.019756882752394622,0.10481351833768715,0.05606137429617902,0,ok,0.0,0.36028703745210044,FLAT,0.0,-1,0.027099766853684884,0.00377795107786615,0.11822577169421952,LOADING,0.3056449794137628,0.027133337506844827,0.028329450704604964,2.500000000000002,0.0001127286815938433,0.6145376991041096,0,staged_v3,0.49171427210393565,2,0.8481803086012732,0.49266440614819657,2,0,0,0
v3_torso_proxy:v3_right_forearm_proxy,178,0.1524516920398359,0.22254573631876884,0.11367992750161121,0.06631073297586662,0.3979386881064608,FLAT,0.0,-1,0.014117068392783637,0.013154336815113802,0.1196941129198579,SUPPORT,0.4257633073378439,0.02202109232823674,0.008963613317756157,0.021428161505980925,0.11367992750161121,0.054226404570380304,0,ok,0.0,0.36739443441517544,FLAT,0.0,-1,0.021682736763930146,0.00860543993753098,0.11678765858880708,LOADING,0.30941344325926384,0.022233942991909377,0.03186120909713581,2.500000000000002,0.0011127286815938442,0.6156504277857034,0,staged_v3,0.49980916396791786,2,0.8669954559079106,0.4994861824112282,2,0,0,0
v3_torso_proxy:v3_right_forearm_proxy,179,0.10064799559163072,0.422545736318769,0.1116885534548723,0.0930661091387139,0.4075736655714036,FLAT,0.0,-1,0.01517259115534777,0.017703668445091345,0.1196733872213306,SUPPORT,0.43061064587027514,0.015767257918148873,0.01521641144291766,0.021052796341433866,0.1116885534548723,0.051871125401907595,0,ok,0.0,0.37486507526751417,FLAT,0.0,-1,0.01984826509699618,0.005834737774863607,0.11575720552063254,LOADING,0.3138251029488641,0.02495312250116802,0.03185525063082211,2.500000000000002,0.002112728681593845,0.6177631564672973,0,staged_v3,0.5083433373149411,2,0.8991054575611478,0.5099287249824364,2,0,0,0
v3_torso_proxy:v3_right_forearm_proxy,180,0.0542807783364845,0.5560531047478001,0.11927243294692427,0.11055080726414404,0.4082290211537505,FLAT,0.0,-1,0.024866221893048504,0.01930453979147132,0.12030673492641532,UNLOADING,0.3690948393173787,0.013119514723568662,0.017895822022752104,0.022482323947310312,0.11927243294692427,0.049312391728151606,0,ok,0.0,0.380751164790519,FLAT,0.0,-1,0.019618039966691602,0.004517964045497862,0.11501885363320866,LOADING,0.3184516028184522,0.02623297863616257,0.03255011540075201,1.6688421053628888,0.0027802655237390006,0.6205434219910363,0,staged_v3,0.5181891443203703,2,0.9331043391808985,0.5194116901906185,2,0,0,0
v3_torso_proxy:v3_right_forearm_proxy,181,0.08329847348402475,0.7560531047478003,0.12851539808824597,0.11415601121932543,0.41105565261242655,FLAT,0.0,-1,0.024184751672790817,0.015995478586463496,0.12125875071198326,UNLOADING,0.31636700512918176,0.016268586793578396,0.014794350742020769,0.02422458183043208,0.12851539808824597,0.04664230635261764,0,ok,0.0,0.3867380914751557,FLAT,0.0,-1,0.01738486027194,0.0077862504633094375,0.08614293244502712,LOADING,0.3254459498922203,0.02152089615894192,0.03595803764792105,2.500000000000002,0.0037802655237390015,0.6243236875147753,0,staged_v3,0.5313174923637519,2,0.961210238174475,0.5314396623537405,2,0,0,0
v3_torso_proxy:v3_right_forearm_proxy,182,0.07735307654727877,0.5560531047478001,0.13215584481059706,0.13454490093746543,0.41623623166467405,FLAT,0.0,-1,0.023416166430278728,0.019405700759750382,0.12192585621653712,UNLOADING,0.2711717186821558,0.0118242324742426,0.019272060336584258,0.02491078987115547,0.13215584481059706,0.043616505702754466,0,ok,0.0,0.38971328464931837,FLAT,0.0,-1,0.019019690353399486,0.006323060879908884,0.06545243079203396,LOADING,0.3331978804851908,0.021949560659692818,0.03661698955996345,-2.500000000000002,0.0027802655237390006,0.6271039530385143,0,staged_v3,0.5453997905035619,2,0.9875254554810359,0.5470182472376317,2,0,0,0
v3_torso_proxy:v3_right_forearm_proxy,183,0.05335123032354646,0.35605310474779994,0.1419414289171392,0.1467168511169757,0.4219165251259558,FLAT,0.0,-1,0.019550100169986453,0.018919776300931303,0.12211773858863381,UNLOADING,0.2324329017275621,0.012186110628500387,0.01937980832665924,0.026755329019567342,0.1419414289171392,0.040355784959100124,0,ok,0.0,0.3857948128726805,FLAT,0.0,-1,0.024433730374685804,0.004836720893080015,0.05119174079851213,LOADING,0.339767365350291,0.022722866146845593,0.0366433765534621,-2.500000000000002,0.0017802655237389997,0.6288842185622533,0,staged_v3,0.5583625234828195,2,1.0063202356133165,0.5597565619813141,2,0,0,0
v3_torso_proxy:v3_right_forearm_proxy,184,0.07257944247098438,0.5560531047478001,0.1537946451085356,0.15113698604671025,0.4257463756775033,FLAT,0.0,-1,0.01850914079365678,0.016308595338498582,0.1213876697213062,UNLOADING,0.1992282014807675,0.01476078814756673,0.01705682908412818,0.028989607634065495,0.1537946451085356,0.03696036421928593,0,ok,0.0,0.3810156969584504,FLAT,0.0,-1,0.02630500404172361,0.007140893300802309,0.04097350990776742,LOADING,0.34489472158505446,0.019907782194586065,0.038877804285639875,2.500000000000002,0.0027802655237390006,0.6316644840859923,0,staged_v3,0.5687060948508451,2,1.0211054699252118,0.5692756789172829,2,0,0,0
v3_torso_proxy:v3_right_forearm_proxy,185,0.08263991398366362,0.35605310474779994,0.16260335982159937,0.16818232913105757,0.4303111344886965,FLAT,0.0,-1,0.015927348542983756,0.01817145535702656,0.11986872541390696,UNLOADING,0.17076702984065786,0.01282198091366879,0.019791364601141455,0.030650011239873265,0.16260335982159937,0.03325873111864622,0,ok,0.0,0.3814828575605189,FLAT,0.0,-1,0.022271885754919032,0.005170447438300373,0.03365182753587653,LOADING,0.34964482971404337,0.021512143938493454,0.0387165286213817,-2.500000000000002,0.0017802655237389997,0.6334447496097313,0,staged_v3,0.5783094242254043,2,1.0315019925555997,0.5799557224094306,2,0,0,0
v3_torso_proxy:v3_right_forearm_proxy,186,0.03283230473754249,0.15605310474779976,0.11537536665837296,0.17740269191059171,0.44018010854196815,FLAT,0.0,-1,0.009359352193948635,0.01691068538537823,0.11755579660958604,UNLOADING,0.14637173986342103,0.013967104445101072,0.01748869382482691,0.021747744257950397,0.11537536665837296,0.031352469605105474,0,ok,0.013387050662849839,0.3848049466078921,FLAT,0.0,-1,0.021343738914119087,0.0037058326578040994,0.028405612870340546,SUPPORT,0.3697158637712347,0.02271444798571293,0.035979568467055925,-2.500000000000002,0.0007802655237389988,0.6342250151334703,0,staged_v3,0.17722324264429182,2,1.0391509023931838,0.1782819804136233,2,1,0,0
v3_torso_proxy:v3_right_forearm_proxy,187,0.03436307214067317,0.04394689525220041,0.08492096704550278,0.18854502850105392,0.44966316028500974,FLAT,0.0,-1,0.006342601335646297,0.0142935239709228,0.11484793138877172,UNLOADING,0.12546149131150375,0.01644887259851579,0.015238020355194292,0.016007225172353548,0.08492096704550278,0.029788307291796077,0,ok,0.02601800372942215,0.39008856682039744,FLAT,0.0,-1,0.022172892349587622,0.0027631161625255975,0.02464653580049261,SUPPORT,0.3857726910169878,0.023469210627499036,0.035072067534420624,-2.500000000000002,-0.00021973447626100207,0.6340052806572093,1,staged_v3,0.16735726169519155,2,1.0426568101838667,0.16858075012599974,2,1,0,0
v3_torso_proxy:v3_right_forearm_proxy,188,0.17138056877793545,0.2439468952522006,0.21788349087512096,0.19182749215455117,0.45583189672735425,FLAT,0.0,-1,0.00954888293195364,0.005798409742927496,0.11290766117324447,UNLOADING,0.10753842112414608,0.02484697331573473,0.009071144623984131,0.04107007045630673,0.21788349087512096,0.025996747602050087,0,ok,0.03190198364777694,0.39334656943053053,FLAT,0.0,-1,0.0179388748640024,0.008137875645455653,0.02195303938108659,SUPPORT,0.39861815281359025,0.017959776323598676,0.03756037541622998,-2.500000000000002,-0.001219734476261003,0.6327855461809483,0,staged_v3,0.16002533406162908,2,1.0437774358206682,0.16117866564816363,2,0,0,0
v3_torso_proxy:v3_right_forearm_proxy,189,0.11468589930434364,0.04394689525220041,0.16683690726567943,0.19458567275586705,0.4569928963170916,FLAT,0.0,-1,0.011596401650998844,0.0005330220994980992,0.11151739681284545,UNLOADING,0.09217578953498236,0.030042847741144175,0.0036432038638720627,0.03144801613281001,0.16683690726567943,0.024011293345727647,0,ok,0.035428973555446226,0.3950485069655265,FLAT,0.0,-1,0.014957506119357773,0.012676160710273283,0.020023064861663786,SUPPORT,0.4088945222508722,0.013324992532809908,0.039559430995968856,2.500000000000002,-0.00021973447626100207,0.6325658117046873,1,staged_v3,0.15265020481692176,2,1.0454303029667966,0.1544634201707493,2,0,0,0
v3_torso_proxy:v3_right_forearm_proxy,190,0.205051211681092,0.2439468952522006,0.23360143692046823,0.22623118329505212,0.4572584856562647,FLAT,0.0,-1,0.01600637756875589,0.005698037139992244,0.11021199177101122,UNLOADING,0.07900781960141345,0.02481256244855832,0.010024228398354179,0.04403283348584175,0.23360143692046823,0.02233175384058002,0,ok,0.06377242184309485,0.39550679484311346,FLAT,0.0,-1,0.03028923435280011,0.002080707051542047,0.017179261259928254,SUPPORT,0.4171156178006978,0.023778256011454366,0.0356259431448726,-2.500000000000002,-0.001219734476261003,0.6313460772284263,0,staged_v3,0.14499744943728607,2,1.0468261575710396,0.14532766191429303,2,0,0,0
v3_torso_proxy:v3_right_forearm_proxy,191,0.019775390625000007,0.04394689525220041,0.009068394141202276,0.2070019725511146,0.4621183563220989,FLAT,0.0,-1,0.009016288174282775,0.006341042987041107,0.10937857832887134,UNLOADING,0.06772098822978297,0.024127885929402463,0.01062497915599972,0.0017093520248314675,0.009068394141202276,0.022421808666322336,0,ok,0.046159754757649385,0.4064474971783648,FLAT,0.0,-1,0.01547193248995616,0.0015145652629928912,0.015141586938162229,SUPPORT,0.4236924942405582,0.02424251408391522,0.03470142381017472,2.500000000000002,-0.00021973447626100207,0.6311263427521653,1,staged_v3,0.14955077914948792,2,1.0367586288148993,0.1494743849978625,2,1,1,1
v3_torso_proxy:v3_right_forearm_proxy,192,0.0,0.0,0.0,0.2070019725511146,0.4651567753759651,FLAT,0.0,-1,0.010098689052502979,0.006341042987041107,0.1090068294942504,UNLOADING,0.05804656133981397,0.024109298487671415,0.01062497915599972,0.0,0.0,0.022421808666322336,0,ok,0.046159754757649385,0.4114011233269445,FLAT,0.0,-1,0.0199818072227235,0.0015145652629928912,0.013497842034750372,SUPPORT,0.42895399539244655,0.02416032683874463,0.03470142381017472,0.5493361906525052,0.0,0.6311263427521653,1,staged_v3,0.14410020062935094,2,1.0411925712307049,0.14423776624468054,2,1,0,0
v3_torso_proxy:v3_right_forearm_proxy,193,6.78070622809576e-06,9.155273428262944e-06,7.501826722484411e-06,0.20700242117849382,0.4651939661512869,FLAT,0.0,-1,0.013824569777148056,0.006341105366523915,0.10862658230553551,UNLOADING,0.049754195434126264,0.024090223748752863,0.010624455950586972,1.4140610231916373e-06,7.501826722484411e-06,0.022421828483352984,0,ok,0.046159878659783486,0.4197197973393127,FLAT,0.0,-1,0.014694528707412946,0.0015145126588529583,0.01232004734485969,SUPPORT,0.4331631963139572,0.024101489708390027,0.034701151341465244,-0.0001144409178532868,-4.577636714131472e-08,0.6311262969757981,1,staged_v3,0.14396558372269833,2,1.037993712355689,0.14400445640309514,2,1,0,0
v3_torso_proxy:v3_right_forearm_proxy,194,0.0,0.0,0.0,0.20700242117849382,0.46621994701616637,FLAT,0.0,-1,0.0135896605581213,0.006341105366523915,0.10829092333461718,UNLOADING,0.042646453229251084,0.024073440800206944,0.010624455950586972,0.0,0.0,0.022421828483352984,0,ok,0.046159878659783486,0.42852993957190777,FLAT,0.0,-1,0.012795856077304825,0.0015145126588529583,0.011476120572125468,SUPPORT,0.4365305570511658,0.024059293369753317,0.034701151341465244,0.0001144409178532868,0.0,0.6311262969757981,1,staged_v3,0.14388330894527632,2,1.0380432726203555,0.14410820292367837,2,1,0,0
v3_torso_proxy:v3_right_forearm_proxy,195,0.0,0.0,0.0,0.20700242117849382,0.467197945156277,FLAT,0.0,-1,0.013053356133272085,0.006341105366523915,0.10847955997906232,UNLOADING,0.0365541027679295,0.024082872632429204,0.010624455950586972,0.0,0.0,0.022421828483352984,0,ok,0.046159878659783486,0.4415804240869477,FLAT,0.0,-1,0.008505551094385375,0.0015145126588529583,0.010871420615629908,SUPPORT,0.4392244456409326,0.02402905837192854,0.034701151341465244,0.0,0.0,0.6311262969757981,1,staged_v3,0.14379194621760275,2,1.040146626425686,0.14427050432748692,2,1,0,0
v3_torso_proxy:v3_right_forearm_proxy,196,0.0,0.0,0.0,0.20700242117849382,0.47091275894866413,FLAT,0.0,-1,0.009840801045139973,0.006341105366523915,0.10898024003272759,UNLOADING,0.03133208808679672,0.024107906635112468,0.010624455950586972,0.0,0.0,0.022421828483352984,0,ok,0.046159878659783486,0.4431426238125253,FLAT,0.0,-1,0.01647574572056572,0.0015145126588529583,0.01043813416329823,SUPPORT,0.4413795565127461,0.024007394049311955,0.034701151341465244,0.0,0.0,0.6311262969757981,1,staged_v3,0.1436631184884534,2,1.0432699089684647,0.14443111028636307,2,1,0,0
v3_torso_proxy:v3_right_forearm_proxy,197,0.0,0.0,0.0,0.0,0.4770805961081366,FLAT,0.0,-1,0.00171155734968922,0.006341105366523915,0.10925470238419299,UNLOADING,0.026856075502968615,0.024121629752685735,0.010624455950586972,0.0,0.0,0.022421828483352984,0,ok,0.046159878659783486,0.44561839329947184,FLAT,0.0,-1,0.016610386880977986,0.0015145126588529583,0.01015681395416861,SUPPORT,0.44310364521019685,0.023993328038855476,0.034701151341465244,0.0,0.0,0.6311262969757981,1,staged_v3,0.14350253183624304,2,1.048030821169522,0.1450221048264441,2,1,0,0
v3_torso_proxy:v3_right_forearm_proxy,198,0.06644774664116994,0.0815769736615346,0.20612241219485644,0.0,0.4745857619873852,FLAT,0.0,-1,0.011664546839814065,0.005670933698403023,0.10922631484269402,SUPPORT,0.1114848604023749,0.02479038204373168,0.007115008212862539,0.03885315935349409,0.20612241219485644,0.023032213081913454,0,ok,0.05479792363559141,0.4457014896224267,FLAT,0.0,-1,0.01868580905455823,0.0026537348317357866,0.009311237803589414,SUPPORT,0.4444829161681575,0.022811827058443687,0.03444962420701081,1.0197121707691825,0.000407884868307673,0.6315341818441058,0,staged_v3,0.21449400298775734,2,1.0520200124588857,0.21517197900171509,2,0,0,0
v3_torso_proxy:v3_right_forearm_proxy,199,0.021772915180821303,0.0815769736615346,0.11344009001241832,0.0,0.46936420145021585,FLAT,0.0,-1,0.010082225537251797,0.0067976927172497155,0.10866863937667538,SUPPORT,0.1791878883218999,0.023947682546753505,0.0064857494220802656,0.021382953204334698,0.11344009001241832,0.024151804595018336,0,ok,0.06686593284693526,0.45011103735227537,FLAT,0.0,-1,0.013957866973077134,0.001485923507626539,0.03705222495884604,SUPPORT,0.445586332934526,0.025366687740315766,0.033763568353055086,0.0,0.000407884868307673,0.6319420667124135,0,staged_v3,0.3461474366593119,2,1.0587795978739558,0.3472295805359733,2,1,0,0
v3_torso_proxy:v3_right_forearm_proxy,200,0.9999999999999999,0.2815769736615348,0.22589911516351796,0.0,0.46712057753606706,FLAT,0.0,-1,0.012460238260246382,0.012282075131973502,0.1082171217477009,SUPPORT,0.23335031065751993,0.018128780955411546,0.044668182497278,0.042580980039008565,0.22589911516351796,0.026280885490996313,0,ok,0.0952274502074344,0.4604782861535479,FLAT,0.0,-1,0.0019105985410090153,0.008328160912160234,0.057077878608339815,SUPPORT,0.4464690663476208,0.019525733018256757,0.060060315481434645,2.500000000000002,0.001407884868307674,0.6333499515807212,0,staged_v3,0.4497159388168831,2,1.0596900590447866,0.4516598926423557,2,1,1,1
v3_torso_proxy:v3_right_forearm_proxy,201,0.6459256433158763,0.0815769736615346,0.27727713983297747,0.0,0.4757098449108612,FLAT,0.0,-1,0.0022219957094888176,0.007521512902527852,0.1077549750701588,SUPPORT,0.27668024852601597,0.02286623585098009,0.011867986114878746,0.052265509530460316,0.27727713983297747,0.02884690435764917,0,ok,0.06517368150808125,0.4664619190237931,FLAT,0.0,-1,0.007930284620942644,0.004675330794231392,0.0714037166053221,UNLOADING,0.38268777115510355,0.023894855036034716,0.0361616811415123,-2.500000000000002,0.000407884868307673,0.6337578364490288,0,staged_v3,0.5329774492638445,2,1.0651761504160793,0.5341228686508173,2,0,0,0
v3_torso_proxy:v3_right_forearm_proxy,202,0.07529124890758862,0.11842302633846558,0.18521216129234322,0.0,0.47561396586292004,FLAT,0.0,-1,0.008794715688351896,0.00302112156385645,0.07871665445038352,SUPPORT,0.31134419882081277,0.02591471115866273,0.010204800592535496,0.0349116699162908,0.18521216129234322,0.03192690570663426,0,ok,0.07988221745878452,0.4666540053985426,FLAT,0.0,-1,0.013047987139164267,0.0006435996163365711,0.08154343017142679,UNLOADING,0.33921428225525874,0.02843357189223477,0.035118797434660134,-2.500000000000002,-0.0005921151316923279,0.6331657213173365,1,staged_v3,0.6021587482538392,2,1.0700044380890414,0.6028274367922223,2,0,0,0
v3_pelvis_proxy:v3_right_hand_proxy,203,0.5292787054079713,0.0815769736615346,1.0000000000000002,0.0,0.4818981426228198,FLAT,0.0,-1,0.00272476074953946,0.024143759581987494,0.05797428850004506,SUPPORT,0.33986744719160394,0.00375495484301476,0.06359823351607716,0.18849555921538763,1.0000000000000002,0.05327615697788585,0,ok,0.12089428025360763,0.4730036220281376,FLAT,0.0,-1,0.006375618217156183,0.011917874329477735,0.08880885242179061,UNLOADING,0.2955508142563446,0.025593839163349622,0.00384660345773991,2.500000000000002,0.000407884868307673,0.6335736061856442,0,staged_v3,0.6796584679702641,2,1.0593235169044215,0.6468432939110117,2,0,0,0
v3_pelvis_proxy:v3_right_hand_proxy,204,0.3643694411071165,0.11842302633846558,0.5480552431421027,0.1064587791947616,0.4810791879872799,FLAT,0.0,-1,0.00794684359123706,0.024157080147342157,0.04394382310758033,SUPPORT,0.3638817036032089,0.003040111008036861,0.03156174828977503,0.10330597953699588,0.5480552431421027,0.05113829381282127,0,ok,0.10971927072269198,0.4694250885980847,FLAT,0.0,-1,0.014347705165400166,0.00027272359517754256,0.09380596029488497,UNLOADING,0.2533292693625811,0.02941757441956671,0.020591416706142424,-2.500000000000002,-0.0005921151316923279,0.6329814910539519,1,staged_v3,0.22409605369056082,2,1.0603677607270423,0.22520676772909867,2,1,0,0
v3_pelvis_proxy:v3_right_hand_proxy,205,0.87164306640625,0.0815769736615346,0.1781428898128104,0.13319653089875538,0.4773201144353807,FLAT,0.0,-1,0.010631445367506013,0.005090413425503434,0.035202242217633406,SUPPORT,0.3811053628825671,0.02382984367811663,0.002930268432765043,0.03357914363551087,0.1781428898128104,0.05017540520664532,0,ok,0.03471712628333104,0.47249439184479086,FLAT,0.0,-1,0.007824701084287886,0.03235446208191475,0.09935210310760531,UNLOADING,0.21713937373935524,0.0,0.05205510782453607,2.500000000000002,0.000407884868307673,0.6333893759222595,1,staged_v3,0.14437474199288386,2,1.0600840880052473,0.14437474199288386,2,1,1,1
v3_pelvis_proxy:v3_right_hand_proxy,206,0.08923339843750021,0.2815769736615348,0.016541273082892265,0.11399208408383202,0.47613379128940997,FLAT,0.0,-1,0.007876541284524868,0.007013490550791193,0.028938625806072944,SUPPORT,0.39488429030605365,0.02353938722990542,0.0029075440603982304,0.003117956519894216,0.016541273082892265,0.0500469460934278,0,ok,0.05220751830327966,0.47752313854632267,FLAT,0.0,-1,0.006531830824041705,0.035001067117891936,0.103303477779806,SUPPORT,0.2637114989914842,0.0,0.05298237764190506,2.500000000000002,0.001407884868307674,0.6347972607905672,1,staged_v3,0.13229359388870002,2,1.0581707954498376,0.13229359388870002,2,1,1,1
v3_pelvis_proxy:v3_right_hand_proxy,207,0.9999999999999999,0.48157697366153496,0.22172935795306353,0.16352776850723066,0.48203179681282277,FLAT,0.0,-1,0.0014370797338603357,0.040815067006200356,0.052870725098305066,UNLOADING,0.33847224883376026,0.002595714359176434,0.02504782189573882,0.04179499932183156,0.22172935795306353,0.048490812515471535,0,ok,0.12129282402553693,0.47942120890026785,FLAT,0.0,-1,0.008025679666613043,0.0063956415371848084,0.10612927345410528,SUPPORT,0.3009691991931874,0.023910822135520458,0.016226636561331373,2.500000000000002,0.002407884868307675,0.6372051456588749,0,staged_v3,0.13138502827115467,2,1.055554613147183,0.13138502827115467,2,1,1,1
v3_pelvis_proxy:v3_right_hand_proxy,208,0.24734074604750328,0.2815769736615348,0.7307552449419331,0.1797405999924413,0.48009126684543324,FLAT,0.0,-1,0.006443364181835321,0.041474392792993406,0.0701804785164223,UNLOADING,0.29011907042893736,0.008274762294274231,0.020234261631546884,0.13774411854490723,0.7307552449419331,0.04054755919753218,0,ok,0.14889305031940278,0.47788350721665374,FLAT,0.0,-1,0.011162383772211373,0.0053793559868524155,0.07979843366325366,SUPPORT,0.3307753593545499,0.02361056569631027,0.0321799992098257,-2.500000000000002,0.001407884868307674,0.6386130305271825,0,staged_v3,0.16529938449891124,2,1.039269707550699,0.16402270959565496,2,0,0,0
v3_pelvis_proxy:v3_right_hand_proxy,209,0.388200085925551,0.0815769736615346,0.3489049569939176,0.12607977257877148,0.4773826664562171,FLAT,0.0,-1,0.007003523335057984,0.014313885130423854,0.08302196224921657,UNLOADING,0.24867348893908917,0.014837212982036975,0.023523867538935775,0.06576703498158926,0.3489049569939176,0.03914835357558208,0,ok,0.15884369518712216,0.4744949003661955,FLAT,0.0,-1,0.012874564309854985,0.003420614369527037,0.061200225902630405,SUPPORT,0.3546202874836399,0.024639396925604486,0.038840286472684435,-2.500000000000002,0.000407884868307673,0.6390209153954902,0,staged_v3,0.12032625247804352,2,1.0392372642846244,0.12134221527383965,2,1,0,0
v3_pelvis_proxy:v3_right_hand_proxy,210,0.2285963921800717,0.0815769736615346,0.25919098859683043,0.13502478062743714,0.4772349398959065,FLAT,0.0,-1,0.007246711328214269,0.007278559861679888,0.0921283056835498,UNLOADING,0.2131487048049336,0.022327855422497603,0.018464632372102933,0.0488563503391487,0.25919098859683043,0.036000903767203205,0,ok,0.15768558895332038,0.4790453148174084,FLAT,0.0,-1,0.006666422855215327,0.013192614326582891,0.04795696025439035,SUPPORT,0.37369622998691193,0.014205233686136628,0.04272393528296735,0.0,0.000407884868307673,0.6394288002637979,0,staged_v3,0.10441827503140609,2,1.0381329884482822,0.10314564784725701,2,1,0,0
v3_pelvis_proxy:v3_right_hand_proxy,211,0.15035721930131432,0.11842302633846558,0.2693771672253583,0.1499662697462855,0.4725667070463947,FLAT,0.0,-1,0.01695728860866463,0.009776299689523562,0.09878904101543481,UNLOADING,0.18269888983280022,0.02016315236124818,0.021769171802716987,0.0507763997760009,0.2693771672253583,0.037086023832578086,0,ok,0.1932185733597472,0.4789289682254658,FLAT,7.906000341401619e-06,-1,0.011478901785397684,-7.906000341401619e-06,0.03851900905457274,SUPPORT,0.38895698398952955,0.026933856453070042,0.03681000791299491,-2.500000000000002,-0.0005921151316923279,0.6388366851321056,1,staged_v3,0.10150682361147799,2,1.0360567873395141,0.10150682361147799,2,1,0,0
v3_pelvis_proxy:v3_right_hand_proxy,212,1.0000000000000002,0.0815769736615346,0.11341017667982115,0.22682454542561692,0.4607960551565753,FLAT,0.0,-1,0.026211833569740203,0.03260774868614287,0.10224302592539414,UNLOADING,0.15659904842811448,0.017794157465899685,0.012317993830370022,0.021377314673978798,0.11341017667982115,0.037540659324567516,0,ok,0.1969827670074482,0.46066538124193573,FLAT,0.0,-1,0.026482545726917807,0.02175682168689508,0.02976756259342237,SUPPORT,0.40116558719162365,0.004731556442776039,0.027056563484222505,2.500000000000002,0.000407884868307673,0.6392445700004132,0,staged_v3,0.09758315854223794,2,1.034070051078641,0.09758315854223794,2,1,1,1
v3_pelvis_proxy:v3_right_hand_proxy,213,0.5195312499999998,0.2815769736615348,0.51953125,0.26122983644554554,0.4597806008140125,FLAT,0.0,-1,0.016780626093186906,0.03253750682215015,0.10428214829517918,UNLOADING,0.1342277557955267,0.0022894318067698746,0.027924675607989086,0.09792933349861935,0.51953125,0.030744796148459957,0,ok,0.2979536222628248,0.46237908015441576,FLAT,0.0,-1,0.01458155979736299,0.018991240241912514,0.023524577305989995,SUPPORT,0.41093246975329895,0.01953790861713688,0.006638320248162622,2.500000000000002,0.001407884868307674,0.6406524548687209,1,staged_v3,0.23755804103267064,2,1.0296765383683857,0.23755804103267064,2,1,1,1
v3_pelvis_proxy:v3_right_hand_proxy,214,0.07116699218749996,0.48157697366153496,0.07116693475063361,0.24080203922262325,0.45387510856062807,FLAT,0.0,-1,0.013668574783569032,0.04145622886485285,0.10545838834516058,UNLOADING,0.11505236211045146,0.0,0.031001529761767267,0.013414651163465685,0.07116693475063361,0.034259122343452436,0,ok,0.2673605719613708,0.4631694830382037,FLAT,0.0,-1,0.014011199215737364,0.017156364092476974,0.019094087575442543,SUPPORT,0.41874597580263917,0.01981835095374309,0.006136353425029037,2.500000000000002,0.002407884868307675,0.6430603397370286,1,staged_v3,0.29784580096159474,2,0.9816014351173887,0.22398290433167078,2,0,1,1
v3_pelvis_proxy:v3_left_hand_proxy,215,0.9999999999999999,0.6815769736615351,1.0,0.03261349158351052,0.4497223439728452,FLAT,0.0,-1,0.016376045689939278,0.014325768784254608,0.10670547437784646,UNLOADING,0.09861631038038697,0.016009504934637715,0.04286947011027753,0.1884955592153876,1.0,0.01378331540137151,0,ok,0.08413362615128779,0.4641206235570544,FLAT,0.0,-1,0.012144910222245618,0.033237643025736605,0.015831278024358943,SUPPORT,0.4249967806421113,0.0,0.05331498391818296,2.500000000000002,0.0034078848683076757,0.6464682246053363,0,staged_v3,0.17217141390245622,2,1.0259175523748878,0.12132818818718837,2,0,1,1
v3_pelvis_proxy:v3_left_hand_proxy,216,1.0,0.8815769736615353,0.49629598493439914,0.1402806811023237,0.4593175267212448,FLAT,0.0,-1,0.00478536992952273,0.05118329825188396,0.10747244067448548,SUPPORT,0.16889304830430957,0.0,0.041338306911667254,0.09354958921656115,0.49629598493439914,0.013763395378041353,0,ok,0.12063299199120327,0.4754963683071179,FLAT,0.0,-1,0.0010686820725686816,0.005032402869007233,0.01366284199946411,SUPPORT,0.42999742451368905,0.020650739230965973,0.01540127066443072,2.500000000000002,0.0044078848683076766,0.6508761094736439,0,staged_v3,0.23402577010087108,2,1.0220027246285524,0.23402577010087108,2,1,1,1
v3_pelvis_proxy:v3_left_hand_proxy,217,0.6966628062014318,0.6815769736615351,0.33820117766323804,0.09207520316347095,0.45809264601548116,FLAT,0.0,-1,0.016092080850895574,0.02823413730225231,0.10801791977563925,UNLOADING,0.1447654699751225,0.002166758686529654,0.04129054262231252,0.06374942011093471,0.33820117766323804,0.027845553476254156,0,ok,0.15698109129911905,0.47411267896365156,FLAT,0.0,-1,0.013651189651297415,0.003184325081127583,0.04051449178084804,UNLOADING,0.3685692210117335,0.02384139950791482,0.039906406806767304,-2.500000000000002,0.0034078848683076757,0.6542839943419516,0,staged_v3,0.15412148758603994,2,1.027098686145299,0.1444119764762581,2,0,0,0
v3_pelvis_proxy:v3_right_hand_proxy,218,0.11511684472773279,0.48157697366153496,0.23725408640768053,0.12043270374880122,0.4658636962671463,FLAT,0.0,-1,0.002008218916467372,0.026187277151795595,0.0800619036882585,UNLOADING,0.12614611219145788,0.00281581803261733,0.03858363792929479,0.04472134169355163,0.23725408640768053,0.03320060222164574,0,ok,0.174792580076101,0.48047745697009653,FLAT,0.0,-1,0.0040547285551684,0.00688219355801921,0.03141428664382953,UNLOADING,0.31591995671800854,0.01968852077417227,0.044058148470801375,-2.500000000000002,0.002407884868307675,0.6566918792102593,0,staged_v3,0.10836180686458355,2,1.0291304947271411,0.10562773925473024,2,0,0,0
v3_pelvis_proxy:v3_right_hand_proxy,219,0.04439613283816819,0.2815769736615348,0.15952046186567376,0.14811584161208302,0.4588904145475621,FLAT,0.0,-1,0.015530513446978717,0.024435852484509527,0.06003054284274563,UNLOADING,0.10831149728281791,0.0035656746576277557,0.03680493137747673,0.030068898665667088,0.15952046186567376,0.03098859606443051,0,ok,0.195704186026932,0.4805085091568119,FLAT,0.0,-1,0.008610712540703511,0.008297583755821677,0.024793040862816473,UNLOADING,0.2707888640884832,0.01794206828731915,0.04574737601975175,-2.500000000000002,0.001407884868307674,0.658099764078567,0,staged_v3,0.10023398060480665,2,1.028283654262359,0.09634659038098298,2,0,0,0
v3_pelvis_proxy:v3_right_hand_proxy,220,0.0641855116755637,0.0815769736615346,0.3496610119690768,0.15693570105809185,0.4527084816916579,FLAT,0.0,-1,0.016145837980976935,0.01888575383765462,0.0456774456035338,SUPPORT,0.17664919782625432,0.00839811844252207,0.032897522177064695,0.06590954798692947,0.3496610119690768,0.03173737419534221,0,ok,0.21659484934095904,0.4768834311991594,FLAT,0.0,-1,0.015167575890429982,0.0038886696408616814,0.01935835701353316,SUPPORT,0.3066310912707865,0.02207924820981498,0.043462390539791985,-2.500000000000002,0.000407884868307673,0.6585076489468746,0,staged_v3,0.08717196318288539,2,1.0268113070425442,0.08812937293513552,2,0,0,0
v3_pelvis_proxy:v3_right_hand_proxy,221,0.03866362499885922,0.11842302633846558,0.1044214241493674,0.17208648746045993,0.45628846732977524,FLAT,0.0,-1,0.009946636837883287,0.0188928540749154,0.06380083125097649,UNLOADING,0.15141359813678942,0.009297187487633425,0.03141152156990252,0.019682974739102188,0.1044214241493674,0.0337942646460143,0,ok,0.2338752255768906,0.4807739253647534,FLAT,0.0,-1,0.004796959622362315,0.0055770479311101325,0.04380985111599236,UNLOADING,0.26282664966067415,0.021613444624689487,0.043269699117413636,-2.500000000000002,-0.0005921151316923279,0.6579155338151823,0,staged_v3,0.08190101988525668,2,1.021709909870566,0.08344724619844288,2,1,0,0
v3_pelvis_proxy:v3_right_hand_proxy,222,0.03534913295882618,0.31842302633846575,0.1432509032845799,0.18682773244171913,0.4517352623303579,FLAT,0.0,-1,0.01879348348035913,0.018033754152709896,0.04697883637532919,UNLOADING,0.12978352513048008,0.009315187666056563,0.03089911906124218,0.02700215912273629,0.1432509032845799,0.03565580430946991,0,ok,0.25409903995928695,0.47722350240219696,FLAT,0.0,-1,0.0104204957046877,0.004371867936896528,0.03286370019163407,UNLOADING,0.22527998544419184,0.022271317072685176,0.04204711437899976,-2.500000000000002,-0.0015921151316923288,0.65632341868349,0,staged_v3,0.08043309097947794,2,1.020199772768137,0.0818204007542566,2,1,0,0
v3_pelvis_proxy:v3_right_hand_proxy,223,0.03800580252380972,0.5184230263384659,0.09672657121560023,0.20193023616875888,0.4566953910005093,FLAT,0.0,-1,0.00878594458232634,0.015820102462560097,0.03366180719724623,UNLOADING,0.11124307600414193,0.010862987897302216,0.02891384769783413,0.01823252913227158,0.09672657121560023,0.037652973728524414,0,ok,0.2733208334373029,0.4768854265940018,FLAT,0.0,-1,0.008680356751670571,0.002705795749455825,0.02354787016861565,UNLOADING,0.19309713038114013,0.02347159775897496,0.04054038266051928,-2.500000000000002,-0.0025921151316923297,0.6537313035517976,0,staged_v3,0.07961118596781434,2,1.017276519499969,0.08050434202975576,2,1,0,0
