active_collision_pair,frame_idx,frame_root_angular_budget_usage,frame_root_z_budget_usage,frame_velocity_budget_usage_max,left_anchor_error_xy,left_contact_confidence,left_contact_phase,left_contact_slack,left_elbow_branch_sign,left_foot_vxy,left_heel_height,left_liftoff_probability,left_load_phase,left_lock_weight,left_swing_clearance_error,left_toe_height,max_joint_delta,max_joint_velocity_ratio,min_self_collision_distance,qp_resolve_count,qp_status,right_anchor_error_xy,right_contact_confidence,right_contact_phase,right_contact_slack,right_elbow_branch_sign,right_foot_vxy,right_heel_height,right_liftoff_probability,right_load_phase,right_lock_weight,right_swing_clearance_error,right_toe_height,root_ddz,root_dz,root_z,safety_backtracked,solver_mode,stage_a_high_priority_error,stage_a_iterations,stage_b_detail_error,stage_b_high_priority_error,stage_b_iterations,stage_b_rejected,stage_c_iterations,stage_c_triggered
v3_pelvis_proxy:v3_left_hand_proxy,0,0.9999999999999999,1.0000000000000009,1.0,0.0,0.03521414830281722,AIR,0.0,-1,0.0,0.08747986044888297,0.04268158580370508,UNLOADED,0.006742230522105228,0.0,0.12412919106760649,0.1884955592153876,1.0,0.04116894029847837,0,ok,0.0,0.032344154235007534,AIR,0.0,1,0.0,0.10158543019956395,0.00312647641072633,UNLOADED,0.006448606199953379,0.0,0.08633624927728002,0.0,-0.0050000000000000044,0.745,0,staged_v3,0.5047901133046975,2,1.1266572731690705,0.5048908753937162,2,0,0,0
v3_pelvis_proxy:v3_left_hand_proxy,1,1.0000000000000002,1.0000000000000009,1.0,0.0,0.05245866400663164,AIR,0.0,-1,0.0327722619982961,0.08993532969692211,0.09424159937834917,UNLOADED,0.01489675953956323,0.0,0.13021712918713219,0.1884955592153876,1.0,0.040299283742619305,0,ok,0.0,0.05275386771952398,AIR,0.0,1,0.022033519054762474,0.08961023043758354,0.00481926116364235,UNLOADED,0.015658811570680976,0.0,0.08839132796361118,0.0,-0.0050000000000000044,0.74,0,staged_v3,0.4260541455902825,2,1.0600138984664276,0.42639800748755474,2,0,0,0
v3_torso_proxy:v3_left_forearm_proxy,2,1.0000000000000002,1.0000000000000009,0.9999999999999999,0.0,0.06558092772407233,FLAT,0.0,-1,0.028272555113734728,0.09106648412362182,0.15185236739508423,UNLOADED,0.023041869350291788,0.0,0.12305658501162467,0.18849555921538758,0.9999999999999999,0.04998175165804564,0,ok,0.0,0.07080204120514075,FLAT,0.0,-1,0.011982541175270948,0.07569119174465247,0.006184468833884302,UNLOADED,0.026599882894131212,0.0,0.08828219139747481,0.0,-0.0050000000000000044,0.735,0,staged_v3,0.34879775701787336,2,0.9641819928754859,0.34889411656090685,2,0,0,0
v3_torso_proxy:v3_left_forearm_proxy,3,0.9999999999999997,1.0000000000000009,0.43319264247459316,0.0,0.07052674277457452,FLAT,0.0,-1,0.03814253019950936,0.08823801692390398,0.19209754673766055,UNLOADED,0.029829241181869574,0.0,0.11520250425620988,0.08165488939123991,0.43319264247459316,0.04956973311717715,0,ok,0.0,0.08445042779722955,FLAT,0.0,-1,0.012593558734210492,0.06810518671738364,0.007254429338219756,UNLOADED,0.038047463942543394,0.0,0.08680662319619378,0.0,-0.0050000000000000044,0.73,0,staged_v3,0.2751769118520244,2,0.8792145337548504,0.27614863983582955,2,0,0,0
v3_torso_proxy:v3_left_forearm_proxy,4,0.9999999999999996,1.0000000000000009,0.5612225048417063,0.0,0.07044259538012607,FLAT,0.0,-1,0.04377528742874535,0.08221993145900558,0.21870638296699307,UNLOADED,0.034870662973041915,0.0,0.10902990972360965,0.10578794989439802,0.5612225048417063,0.05059735481869215,0,ok,0.0,0.09429498452257584,FLAT,0.0,-1,0.013080709705889112,0.06316544394293751,0.008024456391951436,UNLOADED,0.049145634860293656,0.0,0.0851686945145613,0.0,-0.0050000000000000044,0.725,0,staged_v3,0.20863188230926658,2,0.8147387968540053,0.20653773348817975,2,0,0,0
v3_torso_proxy:v3_left_forearm_proxy,5,1.0,1.0000000000000009,0.6442740851696824,0.0,0.0630687796203743,FLAT,0.0,-1,0.06959970433806802,0.07390050106460977,0.2336917102131969,LOADING,0.037562556108399495,0.0,0.10530436635090652,0.12144280397204155,0.6442740851696824,0.051757188605083326,0,ok,0.0,0.1014804807831354,FLAT,0.0,-1,0.017609006257244732,0.059658162881226315,0.008619822183675636,LOADING,0.0594376553049691,0.0,0.08331444146126843,0.0,-0.0050000000000000044,0.72,0,staged_v3,0.1533427573021493,2,0.8262562854632235,0.1381931829908677,2,0,0,0
v3_torso_proxy:v3_left_forearm_proxy,6,0.5543476452738704,1.0000000000000009,0.6846707163855903,0.0,0.054390677134212424,FLAT,0.0,-1,0.07745157588147582,0.06581382455144763,0.2628229476214364,LOADING,0.038069156696054166,0.0,0.10280991806180198,0.12905738956350188,0.6846707163855903,0.052391992344845636,0,ok,0.0,0.10743398265611968,FLAT,0.0,-1,0.01717814468691787,0.05755340918080605,0.03729518261230972,LOADING,0.06823556677481367,0.0,0.08089043295530343,0.0,-0.0050000000000000044,0.715,0,staged_v3,0.10977189775607647,2,0.8761173500935308,0.09724246657972845,2,0,0,0
v3_torso_proxy:v3_left_forearm_proxy,7,0.37438058911795125,1.0000000000000009,0.6777478196767477,0.0,0.04455609289332081,FLAT,0.0,-1,0.101611136184037,0.05926103198148251,0.27989074317117707,LOADING,0.037214313588132895,0.0,0.10116561941236737,0.12775245427697823,0.6777478196767477,0.052617230039244234,0,ok,0.0,0.11227095438019527,FLAT,0.0,-1,0.017217970063918002,0.05620053716724359,0.058060099333451465,LOADING,0.07573895174317488,0.0,0.07862818547434997,0.0,-0.0050000000000000044,0.71,0,staged_v3,0.0879043902764703,2,0.9221870582916921,0.08418084139709976,2,0,0,0
v3_pelvis_proxy:v3_right_hand_proxy,8,0.2192880171636205,1.0000000000000009,0.5840904070425984,0.0,0.03470032003592051,FLAT,0.0,-1,0.02711129422065376,0.0541527130041573,0.2728490496406685,UNLOADING,0.03550260746009856,0.0,0.09983613261985881,0.11009844790783796,0.5840904070425984,0.05280597429324686,0,ok,0.0,0.11554757947902583,FLAT,0.0,-1,0.01702783014177886,0.05434336110594055,0.07313486011676953,LOADING,0.08201056607793909,0.0,0.07624506239074162,0.0,-0.0050000000000000044,0.705,0,staged_v3,0.08168150854077634,2,0.9590950277960473,0.07958976676630201,2,0,0,0
v3_pelvis_proxy:v3_right_hand_proxy,9,0.09213665044509439,1.0000000000000009,0.4101971181112802,0.0,0.027024636416803253,FLAT,0.0,-1,0.06475961412032001,0.04970103719040056,0.2495804685691949,UNLOADING,0.033327922822510965,0.0,0.09846108079638052,0.07732033516692616,0.4101971181112802,0.04916931149286269,0,ok,0.0,0.1175087313723146,FLAT,0.0,-1,0.017147028805325423,0.05119317259362907,0.05565972579837231,LOADING,0.08780209838339467,0.0,0.07294936019506525,0.0,-0.0050000000000000044,0.7,0,staged_v3,0.07887911755995698,2,0.9828975849329954,0.07772473539880104,2,0,0,0
v3_pelvis_proxy:v3_right_hand_proxy,10,0.03965705187605359,1.0000000000000009,0.2932919801830404,0.0,0.021046808003626377,AIR,0.0,-1,0.11401993880048308,0.044272176254861066,0.2329078016788595,UNLOADING,0.030873197022030074,0.0,0.09570142959457874,0.05528423581799058,0.2932919801830404,0.046173926396524845,0,ok,0.0,0.12027188457554569,FLAT,0.0,-1,0.007495107057063032,0.04694769996827153,0.04288765962765682,LOADING,0.09326441969213431,0.0,0.0687405336423772,0.0,-0.0050000000000000044,0.695,0,staged_v3,0.08028854462962089,2,0.993402308109377,0.07934320491376953,2,0,0,0
v3_pelvis_proxy:v3_right_hand_proxy,11,0.015894698379740026,1.0000000000000009,0.289128483374322,0.0,0.016391270554377734,AIR,0.0,-1,0.13486372635820504,0.03978596452469063,0.22096131382116724,UNLOADING,0.02828694514423781,0.0,0.09181726038056987,0.05449943515873973,0.289128483374322,0.044018627474202626,0,ok,0.0,0.12252441390146773,FLAT,0.0,-1,0.005853602176357773,0.041754082398674716,0.03372034506830208,LOADING,0.0982901054307912,0.0,0.06361234437902469,0.0,-0.0050000000000000044,0.69,0,staged_v3,0.08098911893087322,2,0.9984825133175259,0.08013740168172255,2,0,0,0
v3_pelvis_proxy:v3_right_hand_proxy,12,0.01249553736542938,1.0000000000000009,0.26221917909664305,0.0,0.01276553434328464,AIR,0.0,-1,0.18152772040405665,0.03614029021552209,0.20306701893406162,UNLOADING,0.025699278029217187,0.0,0.08497880766718907,0.049427150800821607,0.26221917909664305,0.04227558172078871,0,ok,0.0,0.12483594667755338,FLAT,0.0,-1,0.004884674204747905,0.03591372066102861,0.027265044533378063,LOADING,0.10291854215103766,0.0,0.05787103430159464,0.0,-0.0050000000000000044,0.6849999999999999,0,staged_v3,0.07960366522726964,2,1.0003410313453904,0.07869539706484899,2,0,0,0
v3_pelvis_proxy:v3_right_hand_proxy,13,0.021585821237968587,1.0000000000000009,0.219146365400653,0.0,0.00994180814287499,AIR,0.0,-1,0.11567027205888909,0.034320738179928055,0.18561934970549399,UNLOADED,0.023184583479400125,0.0,0.07907236666938601,0.04130811669621576,0.219146365400653,0.041187567853211274,0,ok,0.0,0.12446501194569042,FLAT,0.0,-1,0.015097317849561335,0.02976427971393083,0.022695255962915755,LOADING,0.10666288304906124,0.0,0.05115992782957597,0.0,-0.0050000000000000044,0.6799999999999999,0,staged_v3,0.07858581956947948,2,1.001122438237374,0.07767765532153048,2,0,0,0
v3_pelvis_proxy:v3_right_hand_proxy,14,0.011219549765315657,1.0000000000000009,0.16527565980581888,0.0,0.0093758830181907,AIR,0.0,-1,0.08303282860310918,0.029947135631976873,0.1709837876535465,UNLOADED,0.02098289427193495,0.003602053750700454,0.07153354159589323,0.031153727919789986,0.16527565980581888,0.040828659501191425,0,ok,0.0,0.12348184643516354,FLAT,0.0,-1,0.02020390490995434,0.02435096273726302,0.01970530057233595,LOADING,0.10954002634643531,0.001634302291353782,0.044868801970653904,0.0,-0.0050000000000000044,0.6749999999999999,0,staged_v3,0.07788580570046505,2,1.0008711314451666,0.0788800898970513,2,0,0,0
v3_pelvis_proxy:v3_right_hand_proxy,15,0.018744670557648044,1.0000000000000009,0.10569508388974688,0.0,0.012408804063640925,AIR,0.0,-1,0.05010835867309917,0.02697133622957971,0.16049694919548052,UNLOADED,0.019473513499981682,0.006053511230194316,0.06588670783178058,0.019923053944115143,0.10569508388974688,0.04001885568461794,0,ok,0.0,0.12262140231758359,FLAT,0.0,-1,0.015094813763966911,0.01791328942683259,0.018595925133131724,LOADING,0.11170024985722149,0.008016506829823997,0.03843967549017104,0.0,-0.0050000000000000044,0.6699999999999999,0,staged_v3,0.07960401382672076,2,1.0000070185547936,0.08041808817001363,2,0,0,0
v3_pelvis_proxy:v3_right_hand_proxy,16,0.05415851823643004,1.0000000000000009,0.4408262742011244,0.0,0.016468507021931377,FLAT,0.0,-1,0.055579703843476914,0.012796391472307916,0.15298280109134688,LOADING,0.018684312812544842,0.019852748582259428,0.0513835002819252,0.08309379507237674,0.4408262742011244,0.04005704805808405,0,ok,0.0,0.12268143881307268,FLAT,0.0,-1,0.010603257633743183,0.013225999917398305,0.01778095944044802,LOADING,0.11346020891086551,0.012663048054624097,0.03389835505498935,0.0,-0.0050000000000000044,0.6649999999999999,0,staged_v3,0.08131637478376358,2,0.9994106493853615,0.08218307279583896,2,0,0,0
v3_pelvis_proxy:v3_right_hand_proxy,17,0.019568491178429865,1.0000000000000009,0.12123598359770205,0.0,0.020466378470631,FLAT,0.0,-1,0.0679781800106097,0.007111547044157954,0.14551586547817041,LOADING,0.018513438938506054,0.02516424622975057,0.043403680072404346,0.022852444525276405,0.12123598359770205,0.04028080513690448,0,ok,0.0,0.12160272820603364,FLAT,0.0,-1,0.019904109496507425,0.007444107019450617,0.04573874094905254,LOADING,0.11397632163307637,0.019842830028002013,0.028621105389308076,0.0,-0.0050000000000000044,0.6599999999999999,0,staged_v3,0.08321834502515486,2,0.9994709754482766,0.08393175391044022,2,0,0,0
v3_pelvis_proxy:v3_right_hand_proxy,18,0.005126953125000024,0.8000000000000007,0.00512695307446953,0.0,0.027309722156919933,FLAT,0.0,-1,0.053282989310768955,0.0029759644369118524,0.1391224237477111,LOADING,0.019512816634519377,0.028980156750473704,0.039221049713717676,0.0009664078868431847,0.00512695307446953,0.04035380884119592,0,ok,0.0,0.12059774187741937,FLAT,0.0,-1,0.020452680782849158,0.0035190751642066457,0.06568843519368625,LOADING,0.11379054210343684,0.024765346595477668,0.024757718702860632,2.500000000000002,-0.0040000000000000036,0.6559999999999999,1,staged_v3,0.08536149541842998,2,1.0079513197008556,0.08536149541842998,2,1,1,1
v3_pelvis_proxy:v3_right_hand_proxy,19,0.22638650654822853,0.658813476562492,0.6588134765625,0.0,0.03534031063337628,FLAT,0.0,-1,0.04592310366208312,0.01668043386235106,0.13250642768442686,LOADING,0.021741751771233428,0.014944887521870287,0.024781041864182757,0.12418341468328209,0.6588134765625,0.009990509831006841,0,ok,0.0,0.1193645688249885,FLAT,0.0,-1,0.018521877104236008,0.02306641549118633,0.07994395082991707,LOADING,0.1132236208892329,0.009466917661760409,0.019530279879735445,1.7648315429688588,-0.00329406738281246,0.6527059326171875,1,staged_v3,0.20680967797337557,2,1.0172467900124604,0.11846973950941696,2,0,1,1
v3_pelvis_proxy:v3_right_hand_proxy,20,0.21459960937500008,0.45881347656249183,0.214599609375,0.0,0.04558480684895656,FLAT,0.0,-1,0.02835212603580163,0.0024060676920318507,0.12776585935445076,LOADING,0.025345526382665337,0.02898222527569069,0.003992189101123328,0.04045107337654436,0.214599609375,0.014765722282707477,0,ok,0.0,0.11944333187383628,FLAT,0.0,-1,0.016064556921042694,0.01882222513521824,0.09031476222619556,LOADING,0.11257108015593481,0.01069351297609154,0.023167306272413663,2.500000000000002,-0.002294067382812459,0.650411865234375,1,staged_v3,0.23116785001368076,2,1.053609254757464,0.2315251604321104,2,1,1,1
v3_pelvis_proxy:v3_right_hand_proxy,21,0.0,0.0,0.0,0.0,0.053931906526523576,FLAT,0.0,-1,0.029322392945088593,0.0024060676920318507,0.12440033908346412,LOADING,0.02972097291957354,0.02881394926214136,0.003992189101123328,0.0,0.0,0.014765722282707477,0,ok,0.0,0.11871742051923782,FLAT,0.0,-1,0.018827988024430753,0.01882222513521824,0.09779854192485013,LOADING,0.11179050154671227,0.011067701961024266,0.023167306272413663,5.735168457031148,0.0,0.650411865234375,1,staged_v3,0.17677684568029262,2,1.0111874246791779,0.1467361655755976,2,0,1,1
v3_pelvis_proxy:v3_right_hand_proxy,22,0.028381347656250007,0.20000000000000018,0.02631813393248152,0.0,0.060452076492169035,FLAT,0.0,-1,0.03156599857791976,0.0022453384889216258,0.12137402342055642,LOADING,0.034399731284496284,0.028823362682106196,0.003932140776254925,0.004960851373108572,0.02631813393248152,0.014572045175966108,0,ok,0.0,0.1151346308462019,FLAT,0.0,-1,0.028067634035286032,0.020368231594598798,0.10259038677440355,LOADING,0.11058084768811936,0.00976128774412138,0.025257174986034484,2.500000000000002,0.0010000000000000009,0.651411865234375,1,staged_v3,0.1082155425989116,2,1.019950407705434,0.09286995928750026,2,0,1,1
v3_pelvis_proxy:v3_right_hand_proxy,23,0.758056640625,0.40000000000000036,0.5815860228203716,0.0,0.06730317613327211,FLAT,0.0,-1,0.024814783703950356,0.01611768832240594,0.11873975208953952,LOADING,0.03938210776447078,0.014819299282071038,0.03541543557319363,0.10962638260337913,0.5815860228203716,0.030080223538156967,0,ok,0.0,0.1138917604178768,FLAT,0.0,-1,0.01852028161983344,0.0008089764130480128,0.10610815812926366,LOADING,0.10932742880322181,0.029496431493415173,0.017691262241370416,2.500000000000002,0.0020000000000000018,0.653411865234375,1,staged_v3,0.08607597307168548,2,1.0055596861826217,0.08671856889660175,2,0,1,1
v3_pelvis_proxy:v3_right_hand_proxy,24,0.1834608567576908,0.20000000000000018,0.2749254719375808,0.0,0.07271702651802879,FLAT,0.0,-1,0.021742539351250336,0.003495925388719353,0.11525669480094165,LOADING,0.04437286668873829,0.027266909351327733,0.03076634303341097,0.051822230575428646,0.2749254719375808,0.034780339797802984,0,ok,0.0,0.11302316624553593,FLAT,0.0,-1,0.017855708523583896,0.0015117218326875593,0.10870136973717409,LOADING,0.10810028086884925,0.028923346654171147,0.024713972205670322,-2.500000000000002,0.0010000000000000009,0.654411865234375,1,staged_v3,0.09754597401441988,2,1.0031563461561315,0.09615775328520122,2,0,0,0
v3_pelvis_proxy:v3_right_hand_proxy,25,0.12365722656250003,0.40000000000000036,0.1199264804755824,0.0,0.07883214320412475,FLAT,0.0,-1,0.010265871257145832,0.011052234380127413,0.11315165725476334,LOADING,0.04948072446211728,0.019605348482610755,0.0339761338098442,0.022605609001978166,0.1199264804755824,0.03792924345061034,0,ok,0.0,0.1139773576643935,FLAT,0.0,-1,0.011353558538381645,0.002053517817633883,0.11051771779956773,LOADING,0.10714036077537073,0.028472368072344507,0.020821867440132435,2.500000000000002,0.0020000000000000018,0.656411865234375,1,staged_v3,0.16232386763844428,2,1.0347254150293441,0.15625371469251836,2,1,1,1
v3_pelvis_proxy:v3_right_hand_proxy,26,0.16562182855840582,0.20000000000000018,0.25419103785421093,0.0,0.08356237703101915,FLAT,0.0,-1,0.00951305037419345,0.0024242766130836953,0.11159332893543658,LOADING,0.05443205421056775,0.028155389833688135,0.030323141703772316,0.04791388182786925,0.25419103785421093,0.03522637632235813,0,ok,0.0,0.11235671019287649,FLAT,0.0,-1,0.02006006470295813,0.0032977597162126395,0.1117044864953005,LOADING,0.10609258946124348,0.02728746460855239,0.027108758996047373,-2.500000000000002,0.0010000000000000009,0.657411865234375,0,staged_v3,0.08444980266739638,2,1.0070586716426093,0.08512379127485495,2,0,0,0
v3_pelvis_proxy:v3_right_hand_proxy,27,0.007582902725040076,0.0,0.1831184737480923,0.0,0.08733792704654274,FLAT,0.0,-1,0.00852465770314451,0.0022794834865218295,0.11036079714685636,LOADING,0.05908549212776066,0.02823855637082099,0.029915560511011935,0.03451701911181493,0.1831184737480923,0.03569342183287244,0,ok,0.0,0.11219699270573652,FLAT,0.0,-1,0.013676050101105461,0.0024975799503213396,0.11251972461123012,LOADING,0.10516116496453425,0.02812840628024017,0.026058388892900478,-2.500000000000002,0.0,0.657411865234375,0,staged_v3,0.08408848887294837,2,1.0051545578142467,0.08442715588210992,2,0,0,0
v3_pelvis_proxy:v3_right_hand_proxy,28,0.46511926911679136,0.13322753906250817,0.6661376953125,0.0,0.08962748012649424,FLAT,0.0,-1,0.00921116153314736,0.01646140971044207,0.10941583926094062,LOADING,0.06323255653573065,0.014009382252604962,0.023678942483685204,0.12556399739237917,0.6661376953125,0.00999066360261236,0,ok,0.0,0.10938733801855385,FLAT,0.0,-1,0.02466568910328854,0.008230571632613187,0.11257192998283891,LOADING,0.10400576914990364,0.02239802486652876,0.03081249273279979,-1.6653442382813521,-0.0006661376953125409,0.6567457275390625,1,staged_v3,0.10404761005114818,2,1.018630867365861,0.09560238826481723,2,0,1,1
v3_pelvis_proxy:v3_right_hand_proxy,29,1.0000000000000002,0.066772460937492,1.0,0.0,0.09041955825214418,FLAT,0.0,-1,0.011046914187435166,0.025558387486337077,0.10873874734850837,LOADING,0.06670353497898462,0.009204601619525701,0.02123233574789972,0.1884955592153876,1.0,0.03358614306954619,0,ok,0.0,0.10735703138204551,FLAT,0.0,-1,0.021774943313409532,0.052616653424093066,0.11201255728370028,LOADING,0.10276661580771114,0.0,0.08234075081259742,2.500000000000002,0.00033386230468746003,0.6570795898437499,0,staged_v3,0.16817380130719703,2,1.020901987360066,0.16998205241244194,2,1,1,1
v3_pelvis_proxy:v3_right_hand_proxy,30,0.7212353640884911,0.2667724609374922,0.7598876953125,0.0,0.09223241665166651,FLAT,0.0,-1,0.006704309540962035,0.03108291392244346,0.10869328414167878,LOADING,0.06980430245948234,0.0,0.07999945053958517,0.14323545606882176,0.7598876953125,0.049912619872239244,0,ok,0.0,0.1053858314730215,FLAT,0.0,-1,0.016739745417741734,0.030644856791272573,0.1112693542924798,LOADING,0.10146561612852988,0.02910054584266265,0.0014629218719613432,2.500000000000002,0.001333862304687461,0.6584134521484374,1,staged_v3,0.2885760647204455,2,1.0109074332627008,0.2892085234664873,2,0,1,1
v3_pelvis_proxy:v3_right_hand_proxy,31,0.5765991210937503,0.46677246093749236,0.5765989236830952,0.0,0.09330780168282352,FLAT,0.0,-1,0.010280605752359772,0.03208941873622153,0.10866070833050628,LOADING,0.07247722393942697,0.0,0.07297724623533328,0.10868633656263563,0.5765989236830952,0.045207447824414076,0,ok,0.0,0.10331044283034149,FLAT,0.0,-1,0.0186529530656509,0.0010150521536481253,0.11078930047470387,LOADING,0.10009406398694505,0.02952441287008707,0.007938053600561538,2.500000000000002,0.002333862304687462,0.6607473144531248,1,staged_v3,0.3107416677744438,2,1.011760204618716,0.3119853684628492,2,1,1,1
v3_pelvis_proxy:v3_right_hand_proxy,32,0.6865022680873702,0.2667724609374922,0.8752411786345122,0.0,0.0934236393957247,FLAT,0.0,-1,0.013804753481282437,0.004796051770266913,0.10880522429882653,LOADING,0.07463351102283362,0.025644209444674416,0.031652774241929915,0.16497907541504733,0.8752411786345122,0.03211949310785871,0,ok,0.0,0.10300488500017554,FLAT,0.0,-1,0.01456266565527988,0.004826688064838128,0.11077128015690924,LOADING,0.09887989799256588,0.025711875943007338,0.029076912318996277,-2.500000000000002,0.001333862304687461,0.6620811767578123,0,staged_v3,0.1531171148971232,2,1.0081606018773657,0.1479591764305185,2,0,0,0
v3_pelvis_proxy:v3_right_hand_proxy,33,0.026093035065284417,0.066772460937492,0.24588561687365512,0.0,0.09356084161438359,FLAT,0.0,-1,0.014054488393385554,0.0045618915562905095,0.10890877451500587,LOADING,0.0763810578205806,0.025883547169459786,0.03130389566940619,0.04634834685562017,0.24588561687365512,0.03817873007657918,0,ok,0.0,0.10271413119747061,FLAT,0.0,-1,0.016265199097392463,0.005173178164157234,0.11127238350835245,LOADING,0.09779489613636197,0.02539044101126039,0.029646757029824722,-2.500000000000002,0.00033386230468746003,0.6624150390624998,0,staged_v3,0.10883642238870118,2,1.002391606252223,0.0981170972679885,2,0,0,0
v3_pelvis_proxy:v3_right_hand_proxy,34,0.014702870466603677,0.13322753906250817,0.19871041966174444,0.0,0.09383729813895822,FLAT,0.0,-1,0.013886961052732221,0.004231902163965966,0.10898297148711505,LOADING,0.07782697236675493,0.026217246410389788,0.030555574761319204,0.03745603167606487,0.19871041966174444,0.040132796620415495,0,ok,0.0,0.10293101679273704,FLAT,0.0,-1,0.012351355119612517,0.004175514980555688,0.11210519984075792,LOADING,0.09688018448622095,0.026429745011482212,0.028874330217186273,-2.500000000000002,-0.0006661376953125409,0.6617489013671872,0,staged_v3,0.08200153178467738,2,0.9991490369115327,0.08210403773798268,2,0,0,0
v3_pelvis_proxy:v3_right_hand_proxy,35,0.02013010876676925,0.33322753906250835,0.15039680092236554,0.0,0.09506631707936672,FLAT,0.0,-1,0.009507372874831398,0.003494187944812756,0.10903613594078106,LOADING,0.07920170853478624,0.0269576188522263,0.028984129397159136,0.028349129094066616,0.15039680092236554,0.040858046410985005,0,ok,0.0,0.10385198834214548,FLAT,0.0,-1,0.008077281418015296,0.0032764915638024946,0.11313295205573459,LOADING,0.09619771617735236,0.02738015603898424,0.027843093711533484,-2.500000000000002,-0.0016661376953125417,0.6600827636718747,0,staged_v3,0.08254670896219932,2,0.9978929010392511,0.08252403800286476,2,0,0,0
v3_pelvis_proxy:v3_right_hand_proxy,36,0.04012552171922218,0.5332275390625085,0.999991359562706,0.0,0.09629349125683996,FLAT,0.0,-1,0.008206562512764519,0.005513348031601036,0.1090742299364423,LOADING,0.08051943739785071,0.02494036346522108,0.030937754946550662,0.188493930531328,0.999991359562706,0.041229065352580446,0,ok,0.0,0.10367548129810693,FLAT,0.0,-1,0.013627499191594785,0.01708667685515638,0.11440601099141773,LOADING,0.09557152572989848,0.01363362369441451,0.040693677075668164,-2.500000000000002,-0.0026661376953125426,0.6574166259765621,0,staged_v3,0.10081044216600574,2,0.9970777982523011,0.10035063872828251,2,0,0,0
v3_pelvis_proxy:v3_left_hand_proxy,37,0.9999999999999999,0.33322753906250835,1.0,0.0,0.09608615480039238,FLAT,0.0,-1,0.017156731180441993,0.042178062179831846,0.10910152547707844,LOADING,0.08153615166516914,0.0008885541755048604,0.029566522098349063,0.1884955592153876,1.0,0.03594940147775308,0,ok,0.0,0.10276663092607091,FLAT,0.0,-1,0.018408282891017456,0.07042076223927901,0.11536263666092388,LOADING,0.0949057651144386,0.0,0.09999300258703303,2.500000000000002,-0.0016661376953125417,0.6557504882812496,0,staged_v3,0.17347543059589246,2,1.015647364574416,0.17468994245521557,2,1,1,1
v3_pelvis_proxy:v3_left_hand_proxy,38,0.4484252929687498,0.13322753906250817,0.44842529296875,0.0,0.09641862937803815,FLAT,0.0,-1,0.01332252118092872,0.00919078151879007,0.10912108358658326,LOADING,0.08240838614461,0.021265272660539097,0.026499821039741304,0.08452617636446855,0.44842529296875,0.04565947617567262,0,ok,0.0,0.103205248350299,FLAT,0.0,-1,0.013470008889719684,0.07387798690211675,0.1161896960644305,LOADING,0.09437835037126505,0.0,0.08205729550623926,2.500000000000002,-0.0006661376953125409,0.6550843505859371,1,staged_v3,0.3596607705487469,2,1.0078327335152246,0.3608632280982967,2,1,1,1
v3_pelvis_proxy:v3_right_hand_proxy,39,0.9999999999999999,0.066772460937492,0.5462355790341754,0.0,0.09659713238995545,FLAT,0.0,-1,0.018341042275487062,0.002241353100966047,0.10833989760995758,LOADING,0.08315307070717043,0.028175641779531833,0.043715531923049424,0.10296298093338795,0.5462355790341754,0.04518963188654877,0,ok,0.0,0.10361276762335472,FLAT,0.0,-1,0.015328890700276612,0.0034530351657965338,0.11635482467100611,LOADING,0.09397528920577884,0.027364706067753774,0.04925645539502488,2.500000000000002,0.00033386230468746003,0.6554182128906245,0,staged_v3,0.19848162664206934,2,1.0117490670395357,0.19848162664206934,2,1,1,1
v3_pelvis_proxy:v3_right_hand_proxy,40,0.06262207031250003,0.2667724609374922,0.059801871310681015,0.0,0.09915697885122515,FLAT,0.0,-1,0.008265323469982705,0.005809686861136449,0.10901826693334035,LOADING,0.08419186793824009,0.02464122648553057,0.046196870823496765,0.011272387174833462,0.059801871310681015,0.046605018930463385,0,ok,0.0,0.10451891666140936,FLAT,0.0,-1,0.011528133296220041,0.0030318927825148155,0.11637098759714737,LOADING,0.09374395462023004,0.027786656597342554,0.047529462513576815,2.500000000000002,0.001333862304687461,0.656752075195312,1,staged_v3,0.11510731021433077,2,1.0076651342561866,0.11049414476244578,2,1,1,1
v3_pelvis_proxy:v3_right_hand_proxy,41,0.852555514988121,0.066772460937492,0.297630827894087,0.0,0.10164565947915272,FLAT,0.0,-1,0.009575697189478118,0.0022376201606655573,0.10950433979367687,LOADING,0.0854564980795911,0.02823759682901829,0.026023766645841273,0.05610208934363471,0.297630827894087,0.038868339026131515,0,ok,0.0,0.10542671778064971,FLAT,0.0,-1,0.010157681949835287,0.002656679738755275,0.11607657621064732,LOADING,0.09366469615156085,0.028147149071777094,0.027161435732830603,-2.500000000000002,0.00033386230468746003,0.6570859374999994,0,staged_v3,0.08960349232106919,2,1.0022624915517522,0.08661737229149541,2,0,0,0
v3_pelvis_proxy:v3_right_hand_proxy,42,0.0384413016681597,0.13322753906250817,0.15661990296325176,0.0,0.10393692354887771,FLAT,0.0,-1,0.010872551750132301,0.00422327363903018,0.10985262621732814,LOADING,0.08686903437088965,0.02626935767183623,0.027671416477664287,0.029522156193317883,0.15661990296325176,0.04059251784379159,0,ok,0.0,0.10593539205393289,FLAT,0.0,-1,0.011030359268868771,0.0037565633478778013,0.1184141500254508,LOADING,0.0936256170793741,0.027164144153394743,0.028543728820990183,-2.500000000000002,-0.0006661376953125409,0.6564197998046869,0,staged_v3,0.08602598941994577,2,1.0010200855823768,0.08514053098998783,2,0,0,0
v3_pelvis_proxy:v3_right_hand_proxy,43,0.060636453342141204,0.33322753906250835,0.3512902023040509,0.0,0.10619754775902521,FLAT,0.0,-1,0.012730546272763361,0.009423263827416789,0.11010218434492204,LOADING,0.08839622065244819,0.021081845389829316,0.03245291992350711,0.06621664313018871,0.3512902023040509,0.04165641416168907,0,ok,0.0,0.10744478675995053,FLAT,0.0,-1,0.005058808841854373,0.0031130237448197444,0.11956793933766036,LOADING,0.09382006066639706,0.027865373222063276,0.02828282838278997,-2.500000000000002,-0.0016661376953125417,0.6547536621093744,0,staged_v3,0.09478396540567625,2,1.0002341987074181,0.08431865503054914,2,0,0,0
v3_pelvis_proxy:v3_right_hand_proxy,44,0.7364846833739639,0.5332275390625085,0.9999984476813235,0.0,0.10971384006534982,FLAT,0.0,-1,0.002892167566654241,0.0235341373039635,0.11028100055715125,LOADING,0.0902398741235537,0.017875322360780467,0.012638727667077097,0.1884952666102106,0.9999984476813235,0.025727568439275088,0,ok,0.0,0.10902040240452374,FLAT,0.0,-1,0.0037969786106767335,0.02420008685587353,0.11986636318939188,LOADING,0.09424655318408753,0.006793231303596065,0.04671957644991276,-2.500000000000002,-0.0026661376953125426,0.6520875244140618,0,staged_v3,0.12575800263939638,2,0.9980863876027768,0.10110982132336113,2,0,0,0
v3_pelvis_proxy:v3_right_hand_proxy,45,0.4237670898437501,0.33322753906250835,0.42376708984375,0.0,0.11214688050962816,FLAT,0.0,-1,0.005513397941524701,0.0027017407583505614,0.11040912797205168,LOADING,0.09214486754439781,0.027818715640252026,0.007194351997048019,0.07987821457717506,0.42376708984375,0.0354301519153855,0,ok,0.0,0.10970754824225784,FLAT,0.0,-1,0.008693066260134523,0.028050257179829757,0.11997772420166385,LOADING,0.09470625980255153,0.0029486290302534364,0.060599310033225565,2.500000000000002,-0.0016661376953125417,0.6504213867187493,1,staged_v3,0.2568616478501167,2,1.0054122340111058,0.2568616478501167,2,1,1,1
v3_pelvis_proxy:v3_right_hand_proxy,46,0.0,0.0,0.0,0.0,0.11462433687819526,FLAT,0.0,-1,0.002821114567323622,0.0027017407583505614,0.11050093527657072,LOADING,0.09410754212505784,0.027823306005477978,0.007194351997048019,0.0,0.0,0.0354301519153855,0,ok,0.0,0.11090891472684439,FLAT,0.0,-1,0.005783558934418058,0.028050257179829757,0.11978766899365523,LOADING,0.09528968671426115,0.0029391262698530048,0.060599310033225565,4.165344238281354,0.0,0.6504213867187493,1,staged_v3,0.1113832224291969,2,1.0065465945226042,0.11204785549414975,2,1,1,1
v3_pelvis_proxy:v3_right_hand_proxy,47,0.12774658203125006,0.20000000000000018,0.12005437513803899,0.0,0.11323175048957852,FLAT,0.0,-1,0.02146599806126536,0.0022216834424155377,0.11055812005343435,LOADING,0.0954286459050645,0.02830622256025618,0.012134199088744534,0.022629716577898584,0.12005437513803899,0.03622381732664576,0,ok,0.0,0.11065503518654368,FLAT,0.0,-1,0.011925548951358906,0.024512817144003708,0.1193185239058655,LOADING,0.09572211731647566,0.006453109051289568,0.059002440042667095,2.500000000000002,0.0010000000000000009,0.6514213867187493,1,staged_v3,0.08804269614690598,2,1.0022801049497103,0.0894510981316648,2,1,1,1
v3_pelvis_proxy:v3_right_hand_proxy,48,0.6716918945312499,0.40000000000000036,0.5183516115253204,0.0,0.1142502812963898,FLAT,0.0,-1,0.011369207470140863,0.008098097520422814,0.11085539410555191,LOADING,0.09665992099137327,0.022444672184854783,0.018384785658676635,0.09770697688466262,0.5183516115253204,0.027578699786682426,0,ok,0.0,0.11056547360753757,FLAT,0.0,-1,0.010899212078721795,0.0026035809682259355,0.11891587457695685,LOADING,0.09606119057627689,0.028342212760621908,0.04519862060508603,2.500000000000002,0.0020000000000000018,0.6534213867187493,1,staged_v3,0.0855260237179721,2,1.0167538123251922,0.08598366279693265,2,1,1,1
v3_pelvis_proxy:v3_right_hand_proxy,49,0.374448436204718,0.20000000000000018,0.4956141112198601,0.0,0.1154364951257784,FLAT,0.0,-1,0.009695823322695795,0.0016068576330356662,0.11119286233434789,LOADING,0.09784809295607824,0.028952785483681732,0.023697733548159263,0.09342105904942484,0.4956141112198601,0.03799637810098752,0,ok,0.0,0.10712728966560528,FLAT,0.0,-1,0.03275180839829073,0.003359743617081257,0.11813599013552914,LOADING,0.0958341206697264,0.027547055889695204,0.028057953032313822,-2.500000000000002,0.0010000000000000009,0.6544213867187493,0,staged_v3,0.08604170695624741,2,1.003943702318905,0.08624170252235265,2,0,0,0
v3_pelvis_proxy:v3_right_hand_proxy,50,0.075605336437969,0.0,0.21342572831221765,0.0,0.11584113182984225,FLAT,0.0,-1,0.01920745012565047,0.005062013740182216,0.11167906773109909,LOADING,0.09885929480929662,0.02552193964637274,0.026692701274366383,0.040229802009162846,0.21342572831221765,0.041851083677109296,0,ok,0.0,0.10521930857457368,FLAT,0.0,-1,0.02933573406383885,0.0061592922862694355,0.11501137993810143,LOADING,0.09544608781680534,0.024591276710635636,0.030062543336113884,-2.500000000000002,0.0,0.6544213867187493,0,staged_v3,0.08692629588868227,2,1.001363137018557,0.08464904940209113,2,0,0,0
v3_pelvis_proxy:v3_right_hand_proxy,51,0.017555212634872988,0.20000000000000018,0.1691980850329974,0.0,0.11885663581613445,FLAT,0.0,-1,0.005191269887251659,0.0016836731128339827,0.11214611626068735,LOADING,0.1001929009909461,0.02892363270020039,0.023805957792331904,0.03189308765646755,0.1691980850329974,0.04287347202335759,0,ok,0.0,0.10771526150970023,FLAT,0.0,-1,0.0126531457466181,0.005096133410006588,0.11210463409015876,LOADING,0.09548484655989017,0.025509098294501355,0.029513799468609714,-2.500000000000002,-0.0010000000000000009,0.6534213867187493,0,staged_v3,0.10359452016844686,2,1.000905044105138,0.08411736587880694,2,0,0,0
v3_pelvis_proxy:v3_right_hand_proxy,52,0.830968187457709,0.40000000000000036,0.9999999999999999,0.0,0.11878912641282008,FLAT,0.0,-1,0.020028402140516377,0.008744691459948498,0.11166492319428478,LOADING,0.10125923033988016,0.02183855469976574,0.03589190733168241,0.18849555921538758,0.9999999999999999,0.014596489127196181,0,ok,0.0,0.11181370620673088,FLAT,0.0,-1,0.004026670772452565,0.02513425741488641,0.11002185967822749,LOADING,0.09629022811038242,0.016251144071360087,0.01424994891255129,-2.500000000000002,-0.0020000000000000018,0.6514213867187493,0,staged_v3,0.2069945450469823,2,1.0060334347593185,0.1307549798699208,2,0,0,0
v3_pelvis_proxy:v3_right_hand_proxy,53,0.1174316406250001,0.20000000000000018,0.11743151733728416,0.0,0.12186449758881278,FLAT,0.0,-1,0.005953033280138376,0.0013950758402257986,0.112101162943504,LOADING,0.10264805340942033,0.029209982306949402,0.026087922294148174,0.02213531953000286,0.11743151733728416,0.013783442517975919,0,ok,0.0,0.11610484861925732,FLAT,0.0,-1,0.00029102194144370384,0.028915100911178236,0.10852948659921681,LOADING,0.09773299228969184,0.01599680411597936,0.01442967021398148,2.500000000000002,-0.0010000000000000009,0.6504213867187493,1,staged_v3,0.2772041022212143,2,0.999354868578637,0.2784279426957518,2,1,1,1
v3_pelvis_proxy:v3_right_hand_proxy,54,0.0,0.0,0.0,0.0,0.12442188889638708,FLAT,0.0,-1,0.005390389727824601,0.0013950758402257986,0.11257520526144195,LOADING,0.10420145657050826,0.029233684422846302,0.026087922294148174,0.0,0.0,0.013783442517975905,0,ok,0.0,0.1194634609832663,FLAT,0.0,-1,0.0012284873999617693,0.028915100911178236,0.10746015456104825,LOADING,0.09951157363207483,0.015943337514070934,0.01442967021398148,2.500000000000002,0.0,0.6504213867187493,1,staged_v3,0.16029246049994542,2,0.9996231375836384,0.16029246049994542,2,1,1,1
v3_pelvis_proxy:v3_right_hand_proxy,55,0.018798828125000135,0.20000000000000018,0.016821739900985486,0.0,0.1264112909736008,FLAT,0.0,-1,0.006589229337594822,0.0012607111644241014,0.11340705136789808,LOADING,0.10577623709734167,0.029409641403970805,0.026055525534565055,0.003170823269612058,0.016821739900985486,0.013899135341716676,0,ok,0.0,0.12043494014231088,FLAT,0.0,-1,0.009514351319149017,0.029648142217435197,0.10666551409508228,LOADING,0.10112699597306403,0.014186630718349028,0.016146644986405088,2.500000000000002,0.0010000000000000009,0.6514213867187493,1,staged_v3,0.08601553673590051,2,0.9779645878775169,0.08700564747945537,2,1,1,1
v3_pelvis_proxy:v3_right_hand_proxy,56,0.79779052734375,0.40000000000000036,0.7002596457498852,0.0,0.12837191828265332,FLAT,0.0,-1,0.006062725680869257,0.012603326405377327,0.11414455357533809,LOADING,0.10736478227360735,0.01810390127338958,0.026852317970079247,0.13199583352159383,0.7002596457498852,0.021555546532855935,0,ok,0.0,0.12280181308226182,FLAT,0.0,-1,0.0016372940757124383,8.99912211877298e-05,0.10609612932056871,LOADING,0.1028561999865884,0.03021481524484071,0.008845450987936208,2.500000000000002,0.0020000000000000018,0.6534213867187493,1,staged_v3,0.08705873683506093,2,0.976039057195819,0.0862418967559541,2,1,1,1
v3_pelvis_proxy:v3_right_hand_proxy,57,1.0,0.6000000000000005,0.9170442814164168,0.0,0.12989125220022713,FLAT,0.0,-1,0.002955200503789433,0.021948786732610324,0.11458178208482386,LOADING,0.10889344202806504,0.008780302371630869,0.038115576784640164,0.17285877465086077,0.9170442814164168,0.04430369509600146,0,ok,0.0,0.1244134750726137,FLAT,0.0,-1,0.004766922764996864,0.051861766521407816,0.10568814730186574,LOADING,0.10453784906783119,0.0,0.08743055041060473,2.500000000000002,0.0030000000000000027,0.6564213867187493,0,staged_v3,0.10876666888118836,2,0.9902243605036244,0.10957291345893902,2,1,1,1
v3_pelvis_proxy:v3_right_hand_proxy,58,0.999901413960011,0.40000000000000036,0.6011538020578143,0.0,0.13177226042240642,FLAT,0.0,-1,0.001315360816080578,0.013906245692348041,0.1149955326189024,LOADING,0.11043856145259905,0.01684353093859708,0.03568104850318844,0.11331482209334415,0.6011538020578143,0.03560994278279635,0,ok,0.0,0.1250943541752236,FLAT,0.0,-1,0.009313760705236351,0.004935771934051325,0.10569368068241762,LOADING,0.1060048135442358,0.025348912100069558,0.030268554293700997,-2.500000000000002,0.0020000000000000018,0.6584213867187493,0,staged_v3,0.16449681574226127,2,0.9935477737703948,0.1660547588027929,2,1,0,0
v3_pelvis_proxy:v3_right_hand_proxy,59,0.11159965992053357,0.20000000000000018,0.6889554789633855,0.0,0.1308936855286924,FLAT,0.0,-1,0.013725197165387878,0.005527200889058494,0.11550666642969709,LOADING,0.11150576761339445,0.02524813243242636,0.027046535963587814,0.12986504828170856,0.6889554789633855,0.04214332246334604,0,ok,0.0,0.1259515762224805,FLAT,0.0,-1,0.009115206971435731,0.005018499281925688,0.10566255682189021,LOADING,0.10733249296400184,0.025264628559168827,0.028287215428709673,-2.500000000000002,0.0010000000000000009,0.6594213867187493,0,staged_v3,0.13790453524796634,2,0.9973571849120877,0.13546020490957258,2,0,0,0
v3_pelvis_proxy:v3_right_hand_proxy,60,0.014475313346464456,0.0,0.25107311999961063,0.0,0.12940077612859802,FLAT,0.0,-1,0.017886136096722925,0.0037691113535341597,0.11592846548994304,LOADING,0.11208452263447596,0.027027311920962995,0.02514284277899209,0.047326168158278725,0.25107311999961063,0.04248145155314895,0,ok,0.0,0.12667250087576065,FLAT,0.0,-1,0.0018077976881349866,0.005003344997399851,0.10550507157625151,LOADING,0.10852757629202561,0.025271908581412726,0.02806714816874635,-2.500000000000002,0.0,0.6594213867187493,0,staged_v3,0.08271864990984668,2,1.0013205789679192,0.08253789862594584,2,0,0,0
v3_pelvis_proxy:v3_right_hand_proxy,61,0.011385376776769016,0.20000000000000018,0.12629865976169222,0.0,0.12928965409961288,FLAT,0.0,-1,0.012513797964400185,0.0030266117095798526,0.11623313386525375,LOADING,0.11252000059303281,0.02778504498368284,0.024544632452189664,0.023806736499934145,0.12629865976169222,0.041845012661166275,0,ok,0.0,0.1267924966977772,FLAT,0.0,-1,0.004321344830249902,0.004283541885426953,0.10522809124122995,LOADING,0.10951213389093252,0.025977862676634548,0.02740576604943266,-2.500000000000002,-0.0010000000000000009,0.6584213867187493,0,staged_v3,0.08330517804514381,2,1.0029162411796873,0.08298351355592683,2,0,0,0
v3_pelvis_proxy:v3_right_hand_proxy,62,0.38484254621176883,0.24436035156250036,0.61090087890625,0.0,0.1281714163072254,FLAT,0.0,-1,0.003929987835814709,0.014788007329672424,0.11601074010946091,LOADING,0.11267643156253553,0.016012529675800625,0.017425099370732573,0.11515210279460537,0.61090087890625,0.009990520446844814,0,ok,0.0,0.1270362444587672,FLAT,0.0,-1,0.0064546240730178495,0.01499782748000954,0.10523146073503742,LOADING,0.11034331409036158,0.015263745556742331,0.037031217877836926,-0.5545043945312522,-0.0012218017578125018,0.6571995849609368,1,staged_v3,0.10433752416875601,2,1.0157222795733953,0.10354489785735595,2,0,1,1
v3_pelvis_proxy:v3_right_hand_proxy,63,0.6444091796874998,0.04436035156250018,0.6444091796875,0.0,0.1269023311977277,FLAT,0.0,-1,0.013671203494499488,0.04064002042726204,0.11629495843754356,LOADING,0.11260040274866767,0.008313502067015893,0.022501245854861286,0.12146826868872451,0.6444091796875,0.02648418206495893,0,ok,0.0,0.12816044956787923,FLAT,0.0,-1,0.004064189331433488,0.0026540614530392624,0.10614785169330482,LOADING,0.1111859499071294,0.02765333113162598,0.007458769452784422,2.500000000000002,-0.0002218017578125009,0.6569777832031243,1,staged_v3,0.18094317376857058,2,1.0138691041049694,0.18279660643749776,2,1,1,1
v3_pelvis_proxy:v3_right_hand_proxy,64,9.446843109704411e-05,2.9829144487791837e-05,7.928113208242466e-05,0.0,0.12485050625717342,FLAT,0.0,-1,0.018727444453562003,0.040634474142766025,0.11725735991304284,LOADING,0.11225904028595092,0.008362334897489165,0.022500533098162977,1.4944141327105642e-05,7.928113208242466e-05,0.026485305088191302,0,ok,0.0,0.1295506432626527,FLAT,0.0,-1,0.0028186010049048886,0.0026535669481078635,0.1078592223709338,LOADING,0.11206424225024127,0.02773939417043883,0.0074605418472289756,0.5541315302251548,-1.4914572243895918e-07,0.6569776340574018,1,staged_v3,0.17574913185792876,2,1.0056603795193912,0.17190547199514322,2,0,0,0
v3_pelvis_proxy:v3_right_hand_proxy,65,0.7711865672249428,0.20002982914448797,0.6478367574193393,0.0,0.12263027318054628,FLAT,0.0,-1,0.015571348611303529,0.001656478060695272,0.12191449755838081,LOADING,0.11160487239371407,0.02943924681722377,0.023816115792319528,0.12211435187004177,0.6478367574193393,0.04085863586706813,0,ok,0.0,0.12766823849113734,FLAT,0.0,-1,0.003761934063257177,0.0021244196116384133,0.11111983861189018,LOADING,0.11234774668702059,0.028431572318956096,0.025057927514957123,-2.500000000000002,-0.0010001491457224398,0.6559774849116794,0,staged_v3,0.08378356206543361,2,1.0058272856059267,0.0838239500046229,2,0,0,0
v3_pelvis_proxy:v3_right_hand_proxy,66,0.08968283940011276,0.40002982914448815,0.30681640603964266,0.0,0.12317974166059999,FLAT,0.0,-1,0.0028264400322629375,0.0024044385062188265,0.1280031410682444,LOADING,0.11100594031062182,0.0289957185471934,0.024284536094304168,0.05783353003289787,0.30681640603964266,0.04312177020602437,0,ok,0.0,0.12709221351744499,FLAT,0.0,-1,0.00036042913752331034,0.005264822278801617,0.1155699450620727,LOADING,0.11235903202629981,0.02551367497430202,0.0273175450679389,-2.500000000000002,-0.0020001491457224407,0.653977335765957,0,staged_v3,0.11935845171381926,2,1.0073901770686964,0.12023297059415458,2,1,0,0
v3_pelvis_proxy:v3_right_hand_proxy,67,0.9999999999999999,0.20002982914448797,1.0,0.0,0.1223162878022496,FLAT,0.0,-1,0.006260341934301139,0.015313638918271241,0.13553809945423462,LOADING,0.11025334464070949,0.01646326605444049,0.04346796883847905,0.1884955592153876,1.0,0.045279069243377656,0,ok,0.0,0.1258548999879693,FLAT,0.0,-1,0.008411180357218813,0.05342849664811461,0.12123371645356973,LOADING,0.11210731926947633,0.013920351957499768,0.01714133386517872,2.500000000000002,-0.0010001491457224398,0.6529771866202345,0,staged_v3,0.2295687051839504,2,1.0002108367474725,0.18169898835922046,2,0,0,0
v3_pelvis_proxy:v3_right_hand_proxy,68,0.20593261718749994,2.9829144487791837e-05,0.19530173700227843,0.0,0.12125517466261956,FLAT,0.0,-1,0.005386751063195695,0.00212681469482683,0.14709357392353378,LOADING,0.1092770550727185,0.03022786400134986,0.03567703645719254,0.03681351013198103,0.19530173700227843,0.04563894533576923,0,ok,0.0,0.1260181709719348,FLAT,0.0,-1,0.006783968483897295,0.04158184460185409,0.1288960547267135,LOADING,0.11177412021809056,0.005274947602565267,0.026169855133770414,2.500000000000002,-1.4914572243895918e-07,0.6529770374745121,1,staged_v3,0.341567822772095,2,0.9800729212399137,0.34184426412768526,2,1,1,1
v3_pelvis_proxy:v3_right_hand_proxy,69,0.038391113281249986,0.19997017085551239,0.031177447308093673,0.0,0.12141396860296019,FLAT,0.0,-1,0.002357920097237191,0.0017643371231049277,0.16084773476009556,LOADING,0.10822101960303596,0.031278049614899855,0.03586125503064443,0.005876810365247398,0.031177447308093673,0.045790886801202274,0,ok,0.0,0.1262658783960447,FLAT,0.0,-1,0.0026463842514255886,0.041322109210495804,0.13674486462348023,LOADING,0.11137776989382231,0.0024493809232861777,0.029387862307887834,2.500000000000002,0.000999850854277562,0.6539768883287896,1,staged_v3,0.08884812505473133,2,0.9999937873833608,0.09048767023238793,2,1,1,1
v3_pelvis_proxy:v3_right_hand_proxy,70,0.0001220703124999019,2.9829144487791837e-05,8.644204725989017e-05,0.0,0.11951725919077569,FLAT,0.0,-1,0.007564341151890443,0.0017632294473203707,0.1776006410787923,LOADING,0.10680243356524707,0.03211680260661925,0.035859115933179794,1.629394203797596e-05,8.644204725989017e-05,0.04579203623929609,0,ok,0.0,0.12206759864257985,FLAT,0.0,-1,0.011575873153323653,0.04131645336937269,0.14486947815279502,LOADING,0.11037862124154262,0.0028564138614496914,0.02938706004619006,-2.500000000000002,-1.4914572243895918e-07,0.6539767391830672,1,staged_v3,0.09490915253507129,2,1.0095594111916308,0.09490915253507129,2,1,0,0
v3_pelvis_proxy:v3_right_hand_proxy,71,0.0,0.0,0.0,0.0,0.11569222416448764,FLAT,0.0,-1,0.01474499643285191,0.0017632294473203707,0.1935340677935225,LOADING,0.10487377697161954,0.032913473942355755,0.035859115933179794,0.0,0.0,0.04579203623929609,0,ok,0.0,0.11745935696198692,FLAT,0.0,-1,0.016260423926720023,0.04131645336937269,0.15220737842227655,LOADING,0.10883612908812745,0.0032233088749237734,0.02938706004619006,0.00037286430609739796,0.0,0.6539767391830672,1,staged_v3,0.09034134099894993,2,1.012618258519029,0.09148994016356023,2,1,0,0
v3_pelvis_proxy:v3_right_hand_proxy,72,0.0,0.0,0.0,0.0,0.10844117579719668,FLAT,0.0,-1,0.028817649078625232,0.0017632294473203707,0.20771546536865038,LOADING,0.10216556119015366,0.03362254382111215,0.035859115933179794,0.0,0.0,0.04579203623929609,0,ok,0.0,0.11224515628227863,FLAT,0.0,-1,0.027807238019238296,0.04131645336937269,0.17692732018690913,LOADING,0.10648609944372271,0.004459305963155399,0.02938706004619006,0.0,0.0,0.6539767391830672,1,staged_v3,0.09057459289915253,2,1.0142453132434912,0.09136733382430269,2,1,0,0
v3_pelvis_proxy:v3_right_hand_proxy,73,0.95843505859375,0.20000000000000018,0.7740168710362735,0.0,0.10050440709138084,FLAT,0.0,-1,0.027154967683066588,0.011054502165241186,0.21967807505308898,LOADING,0.09877416564973089,0.024929401587413264,0.06814482161765283,0.1458987429481269,0.7740168710362735,0.05449422514474006,0,ok,0.0,0.10588207112003824,FLAT,0.0,-1,0.03189089926248306,0.0014202664194812283,0.21664207336821706,LOADING,0.10312287948034406,0.03441183724892963,0.05630973735079147,2.500000000000002,0.0010000000000000009,0.6549767391830672,1,staged_v3,0.09063284159697291,2,1.0132639881478245,0.09063284159697291,2,1,1,1
v3_pelvis_proxy:v3_left_hand_proxy,74,1.0000000000000002,0.40000000000000036,0.8689361754378035,0.0,0.09146019298672876,FLAT,0.0,-1,0.027165853021926263,0.04489581318644793,0.22939743934911527,LOADING,0.09473206468736894,0.0,0.07068640441485197,0.16379061031162892,0.8689361754378035,0.04494366128627125,0,ok,0.0,0.09897256487554439,FLAT,0.0,-1,0.034559379131721205,0.0786623604808941,0.265933357763241,LOADING,0.09876996217911643,0.0,0.13779238550418726,2.500000000000002,0.0020000000000000018,0.6569767391830672,0,staged_v3,0.14692954707666145,2,1.0192434268527297,0.14818625482013584,2,1,1,1
v3_pelvis_proxy:v3_left_hand_proxy,75,0.9996430541853291,0.20000000000000018,0.7139811343512408,0.0,0.08047175223239345,FLAT,0.0,-1,0.04559727934764527,0.004533698545189737,0.23635957217181985,LOADING,0.08997769591814885,0.03228428006340126,0.044437012864490776,0.13458227318877392,0.7139811343512408,0.05290652788760658,0,ok,0.0,0.08910388650279637,FLAT,0.0,-1,0.04551748560979596,0.013198784854505131,0.32147562011344544,LOADING,0.09329699034421292,0.02787499615116714,0.05450014019994816,-2.500000000000002,0.0010000000000000009,0.6579767391830672,0,staged_v3,0.20958449114656463,2,1.018498601498012,0.21099052123607745,2,1,0,0
v3_pelvis_proxy:v3_right_hand_proxy,76,0.632157825348,0.0,0.6924983161977427,0.0,0.068871699455068,FLAT,0.0,-1,0.05318910088263492,0.004564661147051356,0.2405053253247812,LOADING,0.08459626635440706,0.032460605119187705,0.03717050137415488,0.13053285736740783,0.6924983161977427,0.044536400001383106,0,ok,0.0,0.07888979037494866,FLAT,0.0,-1,0.047815284646080994,0.004735837432515697,0.3804314183541019,LOADING,0.08695136822774667,0.0392857334851894,0.034496516071635105,-2.500000000000002,0.0,0.6579767391830672,0,staged_v3,0.20306830858259908,2,1.0034538375030342,0.20351231592277805,2,0,0,0
v3_pelvis_proxy:v3_right_hand_proxy,77,0.04732108474316687,0.20000000000000018,0.21392634654565149,0.0,0.05660807904135381,FLAT,0.0,-1,0.06832651056181989,0.0037550624958961444,0.23928296709478714,LOADING,0.07866290400760641,0.03320908585884321,0.03960566665424878,0.04032416632302738,0.21392634654565149,0.04453612355740198,0,ok,0.0,0.06783672852195587,FLAT,0.0,-1,0.05304042000801686,0.00392928649814196,0.44100155622585147,LOADING,0.07994697643442611,0.043120791313150615,0.03589289054204245,-2.500000000000002,-0.0010000000000000009,0.6569767391830672,0,staged_v3,0.1095721529467006,2,1.0025823175263104,0.10247758193807315,2,0,0,0
v3_pelvis_proxy:v3_right_hand_proxy,78,0.09933692809066187,0.40000000000000036,0.9999894945543532,0.0,0.04554220899704658,FLAT,0.0,-1,0.05137093138583442,0.018275013936359042,0.2531232590817378,LOADING,0.07228454866793871,0.01938114901772785,0.05525231145629312,0.1884935789855356,0.9999894945543532,0.045026592843959476,0,ok,0.0,0.05593539100126415,FLAT,0.0,-1,0.04968804895013431,0.014008351870617174,0.5033553192963054,UNLOADING,0.07249455328720225,0.036159414094198095,0.047796584496709316,-2.500000000000002,-0.0020000000000000018,0.6549767391830672,0,staged_v3,0.08709950942746827,2,1.003125752020322,0.08601750547381183,2,0,0,0
v3_pelvis_proxy:v3_right_hand_proxy,79,0.09735966853850157,0.6000000000000005,0.31416503210497154,0.0,0.035468308029701454,FLAT,0.0,-1,0.04363799963660715,0.008410537053700727,0.25040591700263903,UNLOADING,0.06575630369151775,0.029109758796431226,0.04816375835395876,0.05921871341254681,0.31416503210497154,0.04639284698929613,0,ok,0.0,0.043562526313189735,FLAT,0.0,-1,0.04834088107413466,0.011688848645894444,0.5488154873613416,UNLOADING,0.0649460081324484,0.040751925722172636,0.04838874260754631,-2.500000000000002,-0.0030000000000000027,0.6519767391830672,0,staged_v3,0.11427774249868017,2,1.0054362383329367,0.11538355988130782,2,1,0,0
v3_pelvis_proxy:v3_right_hand_proxy,80,0.05825834605020563,0.8000000000000007,0.1652576347677089,0.0,0.02762274606774929,FLAT,0.0,-1,0.04284940195482673,0.0024858465945662026,0.24589360024900492,UNLOADING,0.059338330248213264,0.034808833417884044,0.04391868536617181,0.031150330280151572,0.1652576347677089,0.04426377392788902,0,ok,0.0,0.03392652960528084,FLAT,0.0,-1,0.06167221657473646,0.004070863256761423,0.5523212576147349,UNLOADING,0.05783774784312557,0.04854519962397533,0.04390739628529385,-2.500000000000002,-0.0040000000000000036,0.6479767391830672,0,staged_v3,0.0892217998482486,2,1.0025234191144998,0.08898907244270837,2,0,0,0
v3_pelvis_proxy:v3_right_hand_proxy,81,0.0004878017548948504,0.0005126953124934275,0.000854492187500025,0.0,0.021512616268145716,AIR,0.0,-1,0.03832846162651398,0.0024816062130728457,0.23945163674998804,UNLOADING,0.05319876665446334,0.03449097562442656,0.043899029237997586,0.00016106798272799705,0.000854492187500025,0.044210712495952,0,ok,0.0,0.02642200782348792,AIR,0.0,-1,0.06356150939062766,0.004093123889349776,0.5365396076169011,UNLOADING,0.05132457731031092,0.04773385649149528,0.04392733940549156,9.99359130859384,-2.5634765624671374e-06,0.6479741757065047,1,staged_v3,0.15069967254937047,2,1.0122857950265518,0.1201645883418777,2,0,1,1
v3_pelvis_proxy:v3_right_hand_proxy,82,0.1330863870472517,0.13144580644297577,0.26679806386594523,0.0,0.016754042395546526,AIR,0.0,-1,0.039007765818617125,0.0035697116937026515,0.23187077688251823,UNLOADING,0.04743740992802122,0.03302382715042326,0.0482148350260781,0.05029025024599404,0.26679806386594523,0.0444862630687293,0,ok,0.0,0.02057748038325118,AIR,0.0,-1,0.06362578636574856,0.005701423914872748,0.5065269377480905,UNLOADING,0.0454431280171453,0.04462492297253179,0.05164753313821883,-1.6366638891310292,-0.0006572290322148788,0.6473169466742899,0,staged_v3,0.09117779077533103,2,1.003443675151897,0.09223368044384432,2,1,0,0
v3_pelvis_proxy:v3_right_hand_proxy,83,0.0569643810293605,0.17814402902447402,0.15963894217944682,0.0,0.013048061337263151,AIR,0.0,-1,0.043461831655598235,0.0029566720351456134,0.22447159816627402,UNLOADING,0.04210622881772049,0.033266907873168085,0.04842852252002037,0.030091231678667757,0.15963894217944682,0.044271291051450376,0,ok,0.0,0.01602575783611249,AIR,0.0,-1,0.05847488794124316,0.00885938635048546,0.47483422735803826,UNLOADING,0.04015356394272097,0.03988232501741645,0.055879673398404585,-0.5837277822687281,-0.0008907201451223701,0.6464262265291675,1,staged_v3,0.10235507670236307,2,1.005025982123963,0.10235507670236307,2,1,0,0
v3_pelvis_proxy:v3_right_hand_proxy,84,0.9999999999999999,0.021855970975526162,0.6244640574307697,0.0,0.010161840387024265,AIR,0.0,-1,0.04351824323844535,0.06534004649447642,0.2171134596718926,UNLOADING,0.03722756299575526,0.0,0.1074700999027382,0.11770870171532286,0.6244640574307697,0.03361685304725545,0,ok,0.0,0.01248087275207711,AIR,0.0,-1,0.04507659248884512,0.01881692300982523,0.4414120411331475,UNLOADING,0.035413292698826496,0.028253679046832146,0.05635267848504187,2.500000000000002,0.00010927985487763081,0.6465355063840451,0,staged_v3,0.12364758327760124,2,1.0050120405834555,0.12491960034236749,2,1,1,1
v3_pelvis_proxy:v3_right_hand_proxy,85,0.9999999999999999,0.22185597097552634,0.6813438154671819,0.0,0.007914049250861126,AIR,0.0,-1,0.029899161759339116,0.0038771237532991805,0.19414232108284615,UNLOADING,0.03282042504780951,0.030829992300843132,0.05314969499611657,0.1284302835144323,0.6813438154671819,0.0461832076836213,0,ok,0.0,0.009720113472732213,AIR,0.0,-1,0.0569830272227117,0.008545328825439562,0.41299013520230077,UNLOADING,0.031169365526915117,0.03710417793467548,0.05963971993679828,2.500000000000002,0.0011092798548776317,0.6476447862389227,0,staged_v3,0.13054976445938368,2,0.995126320790705,0.1269816706837129,2,0,0,0
v3_pelvis_proxy:v3_right_hand_proxy,86,0.08930257885218827,0.021855970975526162,0.30218620511105754,0.0,0.006163467753836311,AIR,0.0,-1,0.016255876440980914,0.005654192535815488,0.1548873852161965,UNLOADING,0.028875910662348188,0.02709017672499434,0.056593021447490455,0.05696075771958461,0.30218620511105754,0.05173973484108883,0,ok,0.0,0.00757003198410676,AIR,0.0,-1,0.050838745220485496,0.004100967673618194,0.39608411243570585,UNLOADING,0.027369693678008948,0.040703237948167104,0.06132820708064379,-2.500000000000002,0.00010927985487763081,0.6477540660938004,0,staged_v3,0.12044600843247055,2,1.0029627814189594,0.12044600843247055,2,1,0,0
v3_pelvis_proxy:v3_right_hand_proxy,87,0.03082493555755313,0.17814402902447402,0.1047848474867001,0.0,0.004800113513123072,AIR,0.0,-1,0.015359900605854473,0.0052826747013815095,0.12626705443021505,UNLOADED,0.025349925898997067,0.026030678020129247,0.0576596648211629,0.019751478424304636,0.1047848474867001,0.051892968769726086,0,ok,0.0,0.0058955468370979255,AIR,0.0,-1,0.06194506778344249,0.004183637725303867,0.38311093261171825,UNLOADING,0.02397929435116214,0.039971908905282044,0.06251148381919343,-2.500000000000002,-0.0008907201451223701,0.646863345948678,0,staged_v3,0.09604648139585056,2,1.005718412799994,0.09604648139585056,2,1,0,0
v3_pelvis_proxy:v3_right_hand_proxy,88,0.04685321090967164,0.17079259123420343,0.12621350276190357,0.0,0.0037383321628518804,AIR,0.0,-1,0.017513598567598175,0.008011747567360249,0.10575969130308038,UNLOADED,0.02220607467161467,0.022276236997793773,0.06040649524549932,0.023790684783637883,0.12621350276190357,0.0500556343646323,0,ok,0.0,0.0045914564933660085,AIR,0.0,-1,0.0720268986203885,0.0031710955848003918,0.4202948760586152,UNLOADING,0.02093392242321872,0.042843648218130366,0.06193420261995214,0.09189297237838234,-0.0008539629561710171,0.646009382992507,1,staged_v3,0.10477557035857418,2,0.9988722904932585,0.0950709670849339,2,0,0,0
v3_pelvis_proxy:v3_right_hand_proxy,89,0.06799180923736153,0.3707925912342036,0.18202750467474588,0.0,0.0029114160158100633,AIR,0.0,-1,0.021936858825431862,0.0036075754290421447,0.09106552352518199,UNLOADED,0.019411819203116965,0.025945700747216957,0.05728956274859928,0.03431137628624781,0.18202750467474588,0.05151441034365023,0,ok,0.0,0.003575829912471734,AIR,0.0,-1,0.07826024711919112,0.004671861605724737,0.4651613229663212,UNLOADING,0.018216575239856595,0.04358620454259132,0.0646838157119319,-2.500000000000002,-0.001853962956171018,0.644155420036336,0,staged_v3,0.09440941779273596,2,1.0168901739916831,0.09440941779273596,2,1,0,0
v3_pelvis_proxy:v3_right_hand_proxy,90,0.056548746740007344,0.5707925912342038,0.9999800677268097,0.0,0.002267413072959507,AIR,0.0,-1,0.05869640210497001,0.011001652581448442,0.0805366922294933,UNLOADED,0.016936531191835316,0.018025182030026225,0.06425276903908093,0.18849180207040617,0.9999800677268097,0.05276409334245186,0,ok,0.0,0.00278485913596314,AIR,0.0,-1,0.12242538844246528,0.024383537241628415,0.5195486053602385,UNLOADING,0.015805348699269764,0.026593893026383514,0.0812258989139886,-2.500000000000002,-0.002853962956171019,0.641301457080165,0,staged_v3,0.1332572751383775,2,1.008931474414368,0.11591868300270221,2,0,0,0
v3_pelvis_proxy:v3_left_hand_proxy,91,0.13447438016015323,0.6707925912341928,0.35242218529148966,0.0,0.0017658630767672047,AIR,0.0,-1,0.07472651283199067,0.0010322569010732157,0.07299245494238317,UNLOADED,0.014750879363816251,0.027617365846045946,0.053182069474457846,0.06643001689642829,0.35242218529148966,0.052684513389840246,0,ok,0.0,0.002168850475831649,AIR,0.0,-1,0.15512752460610077,0.02122492936078193,0.5855248502560335,UNLOADING,0.013675860974480168,0.03305131315201975,0.06869639369140335,-1.2499999999998623,-0.003353962956170964,0.637947494123994,1,staged_v3,0.1340567770367529,2,1.0238030289238964,0.13122324681521197,2,1,0,0
v3_pelvis_proxy:v3_left_hand_proxy,92,0.4494628906250001,0.21160379894096248,0.186894791624527,0.0,0.0013752555469831794,AIR,0.0,-1,0.10784537326395148,0.010237330481982904,0.06462487172146605,UNLOADED,0.012827379430938953,0.0179939131040904,0.06148117929569043,0.035228838261708556,0.186894791624527,0.05084722298466124,0,ok,0.0,0.0016891024489424774,AIR,0.0,-1,0.21931236469077695,0.004390727860242163,0.6627563448526531,UNLOADING,0.011803543561525815,0.05374708938239049,0.052362256718217544,5.739859903665378,-0.0010580189947048124,0.6368894751292892,1,staged_v3,0.10216241698655885,2,1.0330664297836198,0.09746553000120473,2,1,1,1
v3_pelvis_proxy:v3_left_hand_proxy,93,0.13637015910315803,0.21160379894096248,0.35318813027297014,0.0,0.0010710500969137934,AIR,0.0,-1,0.08694782019521699,0.0093242786560432,0.05725443344973032,UNLOADED,0.011139143473721776,0.018538443016443317,0.05887754710783646,0.06657439412404068,0.35318813027297014,0.05004973124129822,0,ok,0.0,0.0013154743099242291,AIR,0.0,-1,0.2952290344513359,0.010331592963736806,0.7468108932920312,UNLOADING,0.010164903590654556,0.05200895170086476,0.06126400910820036,0.0,-0.0010580189947048124,0.6358314561345844,0,staged_v3,0.09126051186373643,2,1.0260394489452613,0.09215300838439959,2,1,0,0
v3_pelvis_proxy:v3_left_hand_proxy,94,0.04984224985862418,0.21160379894096248,0.3832309996117189,0.0,0.0008341346541851664,AIR,0.0,-1,0.07724796302298685,0.0002157026825373243,0.049926276151422457,UNLOADED,0.009661050037060501,0.0272806111250338,0.050961836916065775,0.07223734158048295,0.3832309996117189,0.04957572268132582,0,ok,0.0,0.0010244924226793055,AIR,0.0,-1,0.340092223922964,0.01853113223633002,0.8185820775475321,UNLOADING,0.008739326118688301,0.04739797164104659,0.06404501989087773,0.0,-0.0010580189947048124,0.6347734371398795,1,staged_v3,0.09214415633023065,2,1.027478855380086,0.0931005314101329,2,1,0,0
v3_pelvis_proxy:v3_left_hand_proxy,95,0.057223140445356084,0.21160379894096248,0.3277171711581723,0.0,0.000649624721866403,AIR,0.0,-1,0.03284598924319329,0.00039357013784361173,0.04867691526953682,UNLOADED,0.008369186173812304,0.027040275625633232,0.04976810517507333,0.061773231441944576,0.3277171711581723,0.04926715949823263,0,ok,0.0,0.0007978755010333639,AIR,0.0,-1,0.5832961701207888,0.025253974042659597,0.8700083782635591,UNLOADING,0.007505667691778987,0.04324644487051836,0.06534378751075662,0.0,-0.0010580189947048124,0.6337154181451747,0,staged_v3,0.09365539658825357,2,1.0269395539475659,0.09465705827683524,2,1,0,0
v3_pelvis_proxy:v3_left_hand_proxy,96,0.046508934858137285,0.21160379894096248,0.28629220934639127,0.0,0.0005059282420920983,AIR,0.0,-1,0.025544066953512086,0.0002579028037241202,0.04853428597544813,UNLOADED,0.007242355774140167,0.027168811495048288,0.04863397039133038,0.053964810099756844,0.28629220934639127,0.04967732803908971,0,ok,0.0,0.0006213860649982733,AIR,0.0,-1,0.7002202423411443,0.031017432590590248,0.9068569329135757,UNLOADING,0.006441697707801804,0.03932541405508854,0.06670013864191954,0.0,-0.0010580189947048124,0.6326573991504699,0,staged_v3,0.09524469338175304,2,1.0269781919688203,0.09628618067523988,2,1,0,0
v3_pelvis_proxy:v3_left_hand_proxy,97,0.05966029159039994,0.21160379894096248,0.2522785553151809,0.0,0.0003940173111192655,AIR,0.0,-1,0.021055075817084407,0.007324978509011052,0.0498476245340082,UNLOADED,0.006261215875567956,0.02016740271768936,0.054380604667850954,0.04755338736218512,0.2522785553151809,0.049634448495491035,0,ok,0.0,0.0004839359540103141,AIR,0.0,-1,0.9317718951215551,0.03436441348195248,0.9302162915275937,UNLOADING,0.0055262795846206855,0.037146401094427205,0.06741762574775408,0.0,-0.0010580189947048124,0.6315993801557651,0,staged_v3,0.0969188993582413,2,1.0269017487466678,0.09787822966069655,2,1,0,0
v3_pelvis_proxy:v3_left_hand_proxy,98,0.04415056633968269,0.21160379894096248,0.2541039426380382,0.0,0.0003068609904433733,AIR,0.0,-1,0.028837654899703344,0.0018641984127920454,0.05078867273260034,UNLOADED,0.005408367311633297,0.025675235223837974,0.05016801480325432,0.047897464766391784,0.2541039426380382,0.052470059468710806,0,ok,0.0,0.00037688969993964004,AIR,0.0,-1,1.162420996347391,0.03642356467147907,0.9362608987952641,UNLOADING,0.004740242874064512,0.03538948026828413,0.06869078423964463,0.0,-0.0010580189947048124,0.6305413611610603,0,staged_v3,0.09783473794190256,2,1.0272196058367828,0.09898544702720365,2,1,0,0
v3_pelvis_proxy:v3_right_hand_proxy,99,0.7370267729363575,0.011603798940962307,0.9994114484249175,0.0,0.00023898357965136604,AIR,0.0,-1,0.03446354951427107,0.0282146853584728,0.052005104488007076,UNLOADED,0.0046681084404886376,0.0,0.0745125802657645,0.18838461985711533,0.9994114484249175,0.04795773120498677,0,ok,0.0,0.0002935219934445385,AIR,0.0,-1,1.2750791693171222,0.030002128716147616,0.928180154856281,UNLOADING,0.004066076849786077,0.04140687902666644,0.06273428616106816,2.500000000000002,-5.801899470481153e-05,0.6304833421663555,0,staged_v3,0.1663754338874981,2,1.0224844928990207,0.10450727890783032,2,0,0,0
v3_pelvis_proxy:v3_right_hand_proxy,100,0.6897625467727179,0.1116037989409735,0.8960934208324228,0.0,0.00018612059897369132,AIR,0.0,-1,0.050900273596116305,0.0002386824756888022,0.05370936523109006,UNLOADED,0.004026396403239744,0.027446785785865704,0.04758472324132262,0.1689096304690372,0.8960934208324228,0.03985087135005441,0,ok,0.0,0.00022859515834328635,AIR,0.0,-1,1.5337147741578714,0.040686176781468304,0.890083614465794,UNLOADING,0.0034887982074674534,0.0288180039418214,0.07509328659943704,-1.2500000000001399,-0.0005580189947048675,0.6299253231716506,1,staged_v3,0.20086706640309274,2,1.0266981860669397,0.2020104777296354,2,1,0,0
v3_pelvis_proxy:v3_right_hand_proxy,101,0.0,0.0,0.0,0.0,0.00014495086822642972,AIR,0.0,-1,0.06280539789806008,0.0002386824756888022,0.055456481527367776,UNLOADED,0.003470755831788389,0.02753414160067959,0.04758472324132262,0.0,0.0,0.03985087135005441,0,ok,0.0,0.0001780300883240832,AIR,0.0,-1,1.5735995975323247,0.040686176781468304,0.8304181279336227,UNLOADING,0.0029947114172095514,0.025834729615212833,0.07509328659943704,1.3950474867621687,0.0,0.6299253231716506,1,staged_v3,0.19107845233095258,2,1.033696447802444,0.19107845233095258,2,1,0,0
v3_pelvis_proxy:v3_right_hand_proxy,102,0.16881525089064187,0.0,0.4954144645388947,0.0,0.00011288784968162349,AIR,0.0,-1,0.09103774538773513,0.0038680375124419764,0.056933257163502525,UNLOADED,0.0029901422524907712,0.023978625345733154,0.04809231159624448,0.09338342653665077,0.4954144645388947,0.04746588984093328,0,ok,0.0,0.0001386499721970674,AIR,0.0,-1,1.6707060201875212,0.04578651919967689,0.7623695780412946,UNLOADING,0.002571602279236437,0.017331959702387843,0.08702684886515083,0.0,0.0,0.6299253231716506,0,staged_v3,0.09999456191902951,2,1.033228392946129,0.10167154598577957,2,1,0,0
v3_pelvis_proxy:v3_right_hand_proxy,103,0.17878175303184682,0.0,0.24363713409609994,0.0,8.791714573129542e-05,AIR,0.0,-1,0.09634751626586485,0.01796896485243367,0.05811056165812771,UNLOADED,0.0025748088208511566,0.00993656323047272,0.05482237885510822,0.04592451783707874,0.24363713409609994,0.052747710419133745,0,ok,0.0,0.0001079807069199046,AIR,0.0,-1,1.7632939953826954,0.042929032159826186,0.6867670805664426,UNLOADING,0.002209062398212806,0.016409321868495946,0.08931447423677019,0.0,0.0,0.6299253231716506,0,staged_v3,0.09997174559803244,2,1.0347818950324519,0.10112445701273072,2,1,0,0
v3_pelvis_proxy:v3_right_hand_proxy,104,0.18162474661772332,0.20000000000000018,0.3334868377801128,0.0,6.846994194093569e-05,AIR,0.0,-1,0.10633477035339706,0.004744741208850639,0.05927638650012624,UNLOADED,0.002216180602329392,0.023219078116155676,0.04505338026730232,0.06286078797833361,0.3334868377801128,0.05388510775867458,0,ok,0.0,8.409545910582557e-05,AIR,0.0,-1,1.803427376013823,0.04932144432217379,0.6050491268728706,UNLOADING,0.00189822685203953,0.005931012021469749,0.10156244270089589,-2.500000000000002,-0.0010000000000000009,0.6289253231716506,0,staged_v3,0.10032822425868747,2,1.0404319449546542,0.10148902769889631,2,1,0,0
v3_pelvis_proxy:v3_right_hand_proxy,105,0.08355987954185244,0.40000000000000036,0.21400623431355453,0.0,5.332444440045434e-05,AIR,0.0,-1,0.102931293837585,0.005309526632536387,0.060895611992835566,UNLOADED,0.0019067372619572661,0.022735253967105393,0.04243066367463833,0.04033922481251273,0.21400623431355453,0.05691724896981461,0,ok,0.0,6.549360940436626e-05,AIR,0.0,-1,1.8825267738834042,0.04783427509669967,0.5226268033736968,UNLOADING,0.0016315180008453052,0.0032970650719851696,0.10624850815061268,-2.500000000000002,-0.0020000000000000018,0.6269253231716506,0,staged_v3,0.10065654993131705,2,1.044812429925242,0.10192497074103092,2,1,0,0
v3_pelvis_proxy:v3_right_hand_proxy,106,0.09019222804424998,0.6000000000000005,0.1922791655288577,0.0,0.0002599165994592638,AIR,0.0,-1,0.11015982247787534,0.006014936815131457,0.06836441487694694,UNLOADED,0.0016689387321377174,0.022403283928715892,0.03985159123579717,0.036243768831830114,0.1922791655288577,0.059969918316095605,0,ok,0.0,5.100647429029317e-05,AIR,0.0,-1,1.8847469456695052,0.045070426271603105,0.4453456407188977,UNLOADING,0.001402485566912643,0.002196855764341782,0.10995806632467053,-2.500000000000002,-0.0030000000000000027,0.6239253231716506,0,staged_v3,0.10109202933634209,2,1.0486568424660232,0.10243027308639942,2,1,0,0
v3_pelvis_proxy:v3_right_hand_proxy,107,0.09740591800965329,0.8000000000000007,0.1825937724080298,0.0,0.0012640436131060725,AIR,0.0,-1,0.1160345404570867,0.005891329928035039,0.07988908096774977,UNLOADED,0.0015966703890540257,0.023103124120352453,0.03639292317730698,0.03441811523929879,0.1825937724080298,0.06270822390217536,0,ok,0.0,3.9723882118991803e-05,AIR,0.0,-1,1.9077770865908672,0.04023868104361986,0.38997126795918835,UNLOADING,0.001205592301559521,0.004259882354339557,0.11217619905144266,-2.500000000000002,-0.0040000000000000036,0.6199253231716506,0,staged_v3,0.10126629175118791,2,1.0523945238784278,0.10262303836925334,2,1,0,0
v3_pelvis_proxy:v3_right_hand_proxy,108,0.22107695578730283,0.8084606987124987,0.5085826739371232,0.0,0.002701843782056094,FLAT,0.0,-1,0.11974542728230637,0.029871287940057757,0.11367821282463028,LOADING,0.001756276913159344,0.0008126227011737569,0.0506096021045589,0.09586557553103517,0.5085826739371232,0.06824251710901827,0,ok,0.0,3.093699050090699e-05,AIR,0.0,-1,1.8905265803068358,0.030027132808066962,0.3502937960734722,UNLOADING,0.0010362362520023403,0.012487556995606646,0.10853074395903711,-0.10575873390622492,-0.0040423034935624935,0.6158830196780881,0,staged_v3,0.09977669630760033,2,1.0568178054768906,0.10148844047374303,2,1,0,0
v3_pelvis_proxy:v3_right_hand_proxy,109,0.15908644465508112,0.8042303493562608,0.6366150644878029,0.0,0.004439044968867098,FLAT,0.0,-1,0.1213322840677476,0.016152949298550916,0.17219992510083626,LOADING,0.002139949882069263,0.0174570469564909,0.033374549044070154,0.11999911258556845,0.6366150644878029,0.06653247677437449,0,ok,0.0,2.409375242797898e-05,AIR,0.0,-1,1.8794207468778328,0.02432852657626199,0.35021051408556647,UNLOADING,0.000890439054145424,0.018181999128016334,0.10917787425098319,0.05287936695297368,-0.004021151746781304,0.6118618679313068,0,staged_v3,0.10174182175235191,2,1.054729967748166,0.10290462687944532,2,1,0,0
v3_pelvis_proxy:v3_right_hand_proxy,110,0.17534078487860852,0.8021151746781197,0.2943152638953659,0.0,0.006244362494182941,FLAT,0.0,-1,0.1221729307923173,0.014687729986206533,0.26275314862117144,LOADING,0.0026326872231962947,0.023449927444852043,0.028165157768893754,0.05547712025358137,0.2943152638953659,0.06553642073188454,0,ok,0.0,1.876423325803859e-05,AIR,0.0,-1,1.7117258793065544,0.018500664708278564,0.35015083993362517,UNLOADING,0.0007649754637277957,0.024006877288402697,0.10919152470395024,0.026439683476764397,-0.004010575873390598,0.6078512920579162,0,staged_v3,0.10179647354992515,2,1.0556675133859277,0.10367479310866788,2,1,0,0
v3_pelvis_proxy:v3_right_hand_proxy,111,0.15984015712792982,0.6021151746781195,0.30178068573544603,0.0,0.008050016424380824,FLAT,0.0,-1,0.12444654563262031,0.004908976067302962,0.38113989693640193,LOADING,0.0031025165773682305,0.03914801877951714,0.017346410924119725,0.05688431911810604,0.30178068573544603,0.0639998713536725,0,ok,0.0,1.4613599555094954e-05,AIR,0.0,-1,1.61766322781973,0.015003935777667992,0.35010808153532724,UNLOADING,0.0006570500060881871,0.027501468299098376,0.11088880489148772,2.500000000000002,-0.0030105758733905974,0.6048407161845256,0,staged_v3,0.10125100045793482,2,1.061397986445936,0.1025418172107243,2,1,0,0
v3_pelvis_proxy:v3_right_hand_proxy,112,0.06653650315004912,0.4021151746781193,0.24459491064907496,0.0,0.009113783182418256,FLAT,0.0,-1,0.12997714227353563,0.01767799991542366,0.49287146404012483,UNLOADING,0.0034063851663656847,0.03196557328658258,0.02393689310248335,0.04610505446403515,0.24459491064907496,0.06351558681293543,0,ok,0.0,1.1381082776999883e-05,AIR,0.0,-1,1.4340306533584928,0.0070883757402618285,0.35007744380415684,UNLOADING,0.0005642424084199753,0.035415496449946016,0.10701243695066734,2.500000000000002,-0.0020105758733905965,0.602830140311135,0,staged_v3,0.10079575142462993,2,1.0646710153352408,0.10207455186537356,2,1,0,0
v3_pelvis_proxy:v3_right_hand_proxy,113,0.04549105225649866,0.20211517467811912,0.17237522455163296,0.0,0.007097821479210338,FLAT,0.0,-1,0.15577537743486866,0.02683387482231184,0.5935489213645169,UNLOADING,0.0033318897420544645,0.027843571245914005,0.027317606369074484,0.03249196434673807,0.17237522455163296,0.06241086387052722,0,ok,0.0,8.863596178927989e-06,AIR,0.0,-1,1.1832520755277267,0.0010897312337838057,0.3217086219678672,UNLOADED,0.00048449522162662535,0.03999569986460955,0.1029958376137674,2.500000000000002,-0.0010105758733905956,0.6018195644377444,0,staged_v3,0.10054202171166154,2,1.0701811334028875,0.10054202171166154,2,1,0,0
v3_pelvis_proxy:v3_right_hand_proxy,114,0.9999999999999999,0.0021151746781189473,1.0,0.0,0.0055277889261100485,FLAT,0.0,-1,0.15688829085819705,0.023664386667998066,0.6970647697033496,UNLOADING,0.003095128637669887,0.04220823113679663,0.017645007348370854,0.1884955592153876,1.0,0.05849509315577697,0,ok,0.0,6.902975644977829e-06,AIR,0.0,-1,1.0414889301235557,0.040965599635221006,0.3102106752620648,UNLOADED,0.00041596184695265483,0.0,0.12037671826254398,2.500000000000002,-1.0575873390594737e-05,0.6018089885643538,0,staged_v3,0.14140511707203224,2,1.0656663600992446,0.12321722219363375,2,0,0,0
v3_torso_proxy:v3_left_forearm_proxy,115,0.8002319335937499,0.19788482532188123,0.6765362748006687,0.0,0.004305046344307946,FLAT,0.0,-1,0.2736585844936275,0.04546530247272576,0.7829374224165684,UNLOADING,0.0027864623260187046,0.02853625437052182,0.035610616750306606,0.1275240834480472,0.6765362748006687,0.061040387980242014,0,ok,0.0,5.37604283783157e-06,AIR,0.0,-1,0.6784035646998867,0.002201251231075574,0.3106011969060798,UNLOADED,0.00035706818845910167,0.03832880861422842,0.09951272173336335,2.500000000000002,0.0009894241266094062,0.6027984126909632,1,staged_v3,0.27071532959621364,2,1.0691623192815367,0.27071532959621364,2,1,1,1
v3_torso_proxy:v3_left_forearm_proxy,116,0.07824707031250004,0.3978848253218814,0.021034153578786064,0.0,0.0033527734641057173,FLAT,0.0,-1,0.29472152034830396,0.051189651024838495,0.844467866807619,UNLOADING,0.0024628911378707713,0.027022225990498902,0.04020116734988205,0.0039648445414556255,0.021034153578786064,0.061040405862810315,0,ok,0.0,4.186866371928644e-06,AIR,0.0,-1,0.6137644820410061,0.0024178187734271517,0.31599622023730434,UNLOADED,0.00030646756616833866,0.03838199223843807,0.09960620616444235,2.500000000000002,0.001989424126609407,0.6047878368175726,1,staged_v3,0.19431146098569022,2,1.0644957298777173,0.19431146098569022,2,1,1,1
v3_torso_proxy:v3_left_forearm_proxy,117,0.3538017177715906,0.2978848253218702,0.5875274994383167,0.0,0.0026111425993065596,FLAT,0.0,-1,0.37099686128747317,0.08270148295157381,0.888556356767326,UNLOADING,0.002152620295927341,0.0343216925654215,0.035106125272944794,0.11074632456104383,0.5875274994383167,0.05987679211475956,0,ok,0.0,3.26073480907336e-06,AIR,0.0,-1,0.5729456938369932,0.0016000934003455912,0.3004549833836754,UNLOADED,0.00026301234682803235,0.03842265576883818,0.08360233278365226,-1.2500000000001399,0.001489424126609351,0.606277260944182,0,staged_v3,0.0985582440588744,2,1.056975432985411,0.10018872755706965,2,1,0,0
v3_torso_proxy:v3_left_forearm_proxy,118,0.7079492061655513,0.15173087299644727,1.0000000000000002,0.0,0.0020335599010510522,FLAT,0.0,-1,0.7021483169273111,0.10911503321744788,0.9201471402593743,UNLOADING,0.0018683010498738337,0.04008472670020416,0.030922630312764557,0.18849555921538763,1.0000000000000002,0.054769705732941265,0,ok,0.0,2.539462822694521e-06,AIR,0.0,-1,0.3525908876379541,0.049860212879981436,0.2719864991948611,UNLOADED,0.0002257032634554155,0.0,0.10441818842828889,-1.8269244040677868,0.0007586543649822364,0.6070359153091642,0,staged_v3,0.11621052114257034,2,1.0496451833730989,0.10740551765393579,2,0,0,0
v3_torso_proxy:v3_left_forearm_proxy,119,0.3351608432336827,0.0482691270035529,0.6524552582288421,0.0,0.001583738043361168,AIR,0.0,-1,0.8837382319428462,0.15458607938246507,0.9427829257569845,UNLOADING,0.0016143461652073552,0.0267918768598474,0.04534726942800183,0.12298491876286571,0.6524552582288421,0.054767885785434484,0,ok,0.0,1.977735634895213e-06,AIR,0.0,-1,0.2694269988767041,0.017154448251883496,0.24090642364776602,UNLOADED,0.00019367440959266641,0.01989087293050481,0.08076881008402129,-2.500000000000002,-0.00024134563501776451,0.6067945696741465,0,staged_v3,0.19093552980813536,2,1.0288928621974829,0.19093552980813536,2,1,0,0
v3_torso_proxy:v3_left_forearm_proxy,120,0.17947842942352135,0.24826912700355308,1.0000000000000002,0.0,0.0012334164283496522,AIR,0.0,-1,1.4429549088768103,0.19507344411693578,0.9590021748054544,UNLOADING,0.001390949197480813,0.019158142626997214,0.053791966113275504,0.18849555921538763,1.0000000000000002,0.054914064543079705,0,ok,0.0,1.540262061164614e-06,FLAT,0.0,-1,0.28104532980570485,0.002814919828210181,0.20760530658496845,LOADING,0.00016618099329139056,0.03256534550103825,0.05862290145277352,-2.500000000000002,-0.0012413456350177654,0.6055532240391287,0,staged_v3,0.14525316954065837,2,1.0279535147202705,0.14004522217249338,2,0,0,0
v3_pelvis_proxy:v3_right_hand_proxy,121,0.13069778945924895,0.38287830586472005,0.8541259765625004,0.0,0.0009605856802518445,AIR,0.0,-1,1.9311368644654856,0.21927479741221229,0.9706237745826771,UNLOADING,0.0011962733666229441,0.012417330842760872,0.06111385788637299,0.16099895359253757,0.8541259765625004,0.05574689534567803,0,ok,0.0,1.1995572993701777e-06,FLAT,0.0,-1,0.24685838279926084,0.0021469602248624037,0.18271855452219543,LOADING,0.00014258090509598658,0.03198896750124737,0.05058417289038118,-1.682614735764587,-0.0019143915293236002,0.6036388325098051,1,staged_v3,0.1323385203203454,2,1.0195428227961647,0.12010964338496563,2,0,0,0
v3_pelvis_proxy:v3_right_hand_proxy,122,0.15980265900313897,0.5828783058647202,0.6014389246110379,0.0,0.0007481048799873147,AIR,0.0,-1,3.0241429600438416,0.22070438523913297,0.9789510147020146,UNLOADING,0.0010276267211939813,0.013291875370310118,0.060655675364790614,0.11336856642845894,0.6014389246110379,0.05151849623316862,0,ok,0.0,0.00042811163495880207,FLAT,0.0,-1,0.14864742919237947,0.004018962150328099,0.1864373883907823,LOADING,0.0001837238480362643,0.03030290726921102,0.04808598329617683,-2.500000000000002,-0.002914391529323601,0.6007244409804815,0,staged_v3,0.1401318830535003,2,1.0107055672478416,0.1308592911112852,2,0,0,0
v3_pelvis_proxy:v3_right_hand_proxy,123,0.1936722415401943,0.7828783058647204,0.9999478723087024,0.0,0.00058262466635366,AIR,0.0,-1,3.4173881591819555,0.2152509457696825,0.9599141424435451,UNLOADING,0.0008841593337926025,0.014671244084678799,0.05832446303749846,0.18848573337706587,0.9999478723087024,0.04726261449994644,0,ok,0.0,0.0003334136765478945,FLAT,0.0,-1,0.15361082042029015,0.03439816590321612,0.20263305751221733,LOADING,0.00020014968719953246,0.0007334869723947465,0.06870720680280286,-2.500000000000002,-0.003914391529323602,0.5968100494511579,0,staged_v3,0.14792726212735427,2,1.0012969969695427,0.1375658920830137,2,0,0,0
v3_pelvis_proxy:v3_right_hand_proxy,124,0.1288302388839109,0.9828783058647206,0.5670316559109476,0.0,0.00045374854639294637,AIR,0.0,-1,3.5590804096385633,0.21511215519872146,0.9041114320757877,UNLOADING,0.0007640664715809897,0.006895040177811451,0.06331053142597794,0.10688294907376131,0.5670316559109476,0.0499458347336386,0,ok,0.0,0.00025966283238221634,FLAT,0.0,-1,0.15214919943137098,0.01397692360389784,0.24014436238305817,LOADING,0.0001997434843232007,0.02303029451525507,0.05323776916339669,-2.500000000000002,-0.004914391529323603,0.5918956579218343,0,staged_v3,0.15076592737658118,2,0.99188604758779,0.14285854331428507,2,0,0,0
v3_pelvis_proxy:v3_right_hand_proxy,125,0.11715514691260535,1.0000000000000009,0.5585082344380945,0.0,0.0003533797232483383,AIR,0.0,-1,4.137704921075828,0.20032131904606587,0.8336860410449154,UNLOADING,0.0006633101157534031,0.007079711791699417,0.05960459026054635,0.10527632197680742,0.5585082344380945,0.05725243287563103,0,ok,0.0,0.00020222561719380905,FLAT,0.0,-1,0.19713004092649528,0.00493639081605515,0.2995098959999809,LOADING,0.00019144542136553764,0.035039103983943894,0.04155805544372433,-0.21402117669100384,-0.0050000000000000044,0.5868956579218343,0,staged_v3,0.14594878541148001,2,0.9815531632449671,0.1404716579159875,2,0,0,0
v3_pelvis_proxy:v3_left_hand_proxy,126,0.09679833807454369,0.8466120137682553,0.4674642165134575,0.0,0.0002752124051873622,AIR,0.0,-1,4.1329554344049635,0.18296036436554275,0.7512451544283587,UNLOADING,0.0005783315876960287,0.006599946907924349,0.055962310813493586,0.0881149289048872,0.4674642165134575,0.06667556580304983,0,ok,0.0,0.00015749346902763664,FLAT,0.0,-1,0.2017730830981583,0.000767915019209313,0.3731801413624023,LOADING,0.0001781989374550677,0.042891092048910805,0.03379206472357155,1.9173498278968193,-0.004233060068841277,0.582662597852993,1,staged_v3,0.14246914951590087,2,0.9741703931027412,0.1389358130949456,2,0,0,0
v3_pelvis_proxy:v3_left_hand_proxy,127,0.17979293680173516,0.6466120137682552,0.46051099406216967,0.0,0.00021433563667088248,AIR,0.0,-1,4.21234729511974,0.1535631063082512,0.6739506907187328,UNLOADING,0.0005056962160667249,0.010885762463974477,0.04781177207196217,0.08680427735058271,0.46051099406216967,0.06447390143468326,0,ok,0.0,0.00012265603700735547,FLAT,0.0,-1,0.20834370271022193,0.008179213702808552,0.4467147517093252,LOADING,0.00016243677151719585,0.03915652388265771,0.031622346018107775,2.500000000000002,-0.003233060068841276,0.5794295377841517,0,staged_v3,0.13815622181787737,2,0.9511456325654878,0.1398870792291049,2,1,0,0
v3_pelvis_proxy:v3_left_hand_proxy,128,0.0812160592473762,0.446612013768255,0.4119286949717931,0.0,0.0001669247616793914,AIR,0.0,-1,4.120259425239398,0.1274720367689272,0.6003438001593772,UNLOADING,0.00044298425890177664,0.007892351272046474,0.04712483873592239,0.07764672971557296,0.4119286949717931,0.06083037944712691,0,ok,0.0,9.552461766976366e-05,FLAT,0.0,-1,0.23962330500445242,0.006406720577324121,0.49836850642061925,UNLOADING,0.00014607696939120829,0.043511704743706844,0.0274337764047287,2.500000000000002,-0.002233060068841275,0.5771964777153105,0,staged_v3,0.14094470999350575,2,0.9572089341624654,0.1414591134905217,2,1,0,0
v3_pelvis_proxy:v3_left_hand_proxy,129,0.08821973523193885,0.2466120137682548,0.3573695397622276,0.0,0.00013000113510991767,AIR,0.0,-1,4.120342921329441,0.10496904992612782,0.5010323022796003,UNLOADING,0.00038896741721392773,0.0,0.05093162843796983,0.06736257124402678,0.3573695397622276,0.05765726642001859,0,ok,0.0,7.43946470438085e-05,FLAT,0.0,-1,0.25213789116231794,0.007894661037595986,0.5446406428510049,UNLOADING,0.00013004830214292067,0.04433737110495426,0.02319523136200502,2.500000000000002,-0.001233060068841274,0.5759634176464692,0,staged_v3,0.1457846981274247,2,0.9656382458189928,0.14639664307957823,2,1,0,0
v3_pelvis_proxy:v3_left_hand_proxy,130,0.05475482910769815,0.046612013768254634,0.29789037888802905,0.0,0.00010124498582377539,AIR,0.0,-1,3.8617811070053074,0.0854692677116326,0.4298725045487576,UNLOADING,0.00034164672192546746,0.0,0.0576473560781848,0.05615101355338273,0.29789037888802905,0.05508577904092489,0,ok,0.0,5.793860937403883e-05,FLAT,0.0,-1,0.322827302341267,0.012123388080610024,0.6248884344720724,UNLOADING,0.00011457475076061868,0.0441210336429936,0.01902246829166679,2.500000000000002,-0.00023306006884127317,0.5757303575776279,0,staged_v3,0.15121034199312838,2,0.9762866095944107,0.1521495249416987,2,1,0,0
v3_pelvis_proxy:v3_left_hand_proxy,131,0.05933004465817056,0.15338798623174554,0.2979389787742477,0.0,7.884967424160956e-05,AIR,0.0,-1,3.8299195385113163,0.06879628945613385,0.3788842814205111,UNLOADING,0.00029983644337559155,0.0,0.06744707155708282,0.05616017441611332,0.2979389787742477,0.05294609328016321,0,ok,0.0,4.5122634350569685e-05,FLAT,0.0,-1,0.34911176316674186,0.01889209241746751,0.7111798846951976,UNLOADING,0.00010006868985995714,0.04491879844705002,0.015640195787709865,2.500000000000002,0.0007669399311587277,0.5764972975087866,0,staged_v3,0.15670861465181993,2,0.9842627804350664,0.15781827802118295,2,1,0,0
v3_pelvis_proxy:v3_left_hand_proxy,132,0.06288992209479084,0.3533879862317457,0.35191990236158444,0.0,6.14081880442907e-05,AIR,0.0,-1,3.666729707577855,0.054690059537749594,0.34234962307859995,UNLOADED,0.0002627719683238482,0.0,0.07934693616938142,0.06633533879467146,0.35191990236158444,0.0511979524398693,0,ok,0.0,3.5141542966468344e-05,FLAT,0.0,-1,0.42347545640870327,0.029593826479933825,0.7881874188887946,UNLOADING,8.68365085828144e-05,0.05094241250779373,0.013466958436646009,2.500000000000002,0.0017669399311587286,0.5782642374399454,0,staged_v3,0.16191582619762213,2,0.9892697580276161,0.16319937142416308,2,1,0,0
v3_pelvis_proxy:v3_left_hand_proxy,133,0.06238992011077932,0.5533879862317459,0.36176770553722093,0.0,4.782474493588968e-05,AIR,0.0,-1,3.398271511456351,0.04423869832309585,0.3161713964555047,UNLOADED,0.00022990510549821005,0.0,0.09179021381533653,0.06819160596130613,0.36176770553722093,0.04977117568582522,0,ok,0.0,2.7368261180622966e-05,FLAT,0.0,-1,0.5633510640831704,0.04590373312475352,0.848229653660371,UNLOADING,7.502467742499757e-05,0.05477523851428297,0.012636244168735582,2.500000000000002,0.0027669399311587295,0.5810311773711041,0,staged_v3,0.1660621304397056,2,0.9944672177239848,0.16752069573994377,2,1,0,0
v3_pelvis_proxy:v3_left_hand_proxy,134,0.06382393665440612,0.7533879862317461,0.4104682977175238,0.0,3.724594880626109e-05,AIR,0.0,-1,3.2312405693433557,0.03622712699040945,0.29741387742476055,UNLOADED,0.0002007998742489553,0.0036435668808285845,0.1047904571448803,0.07737145131845286,0.4104682977175238,0.048534502298514096,0,ok,0.0,2.1314423238771896e-05,FLAT,0.0,-1,0.5842261925677444,0.06836914583436486,0.8912517948310277,UNLOADING,6.463799568877339e-05,0.054922265160956274,0.014640324580595113,2.500000000000002,0.0037669399311587304,0.5847981173022628,0,staged_v3,0.17024549326067367,2,0.9996210601312782,0.17140336032406123,2,1,0,0
v3_pelvis_proxy:v3_left_hand_proxy,135,0.04741189957411888,0.9533879862317463,0.4908319567486432,0.0,2.9007174096553595e-05,AIR,0.0,-1,2.5361420914179442,0.028942109197979887,0.29658875545276503,UNLOADED,0.00017502903113225527,0.010887328574658368,0.11138339203883779,0.09251964416811845,0.4908319567486432,0.04750472205066611,0,ok,0.0,1.6599689509070904e-05,FLAT,0.0,-1,0.7757858620256013,0.10395083721217768,0.9220785060277289,UNLOADING,5.558877810552328e-05,0.047030115743750864,0.02407380955763559,2.500000000000002,0.004766939931158731,0.5895650572334216,0,staged_v3,0.17144616234930768,2,1.0079499961565825,0.17297233723662772,2,1,0,0
v3_pelvis_proxy:v3_left_hand_proxy,136,0.05203663178800722,1.0000000000000009,0.5032997646090451,0.0,2.259080990108451e-05,AIR,0.0,-1,2.1680980238971483,0.0256223333563985,0.31848246621962756,UNLOADED,0.00015222431712048857,0.015301789954582878,0.11821594616721359,0.0948697705829549,0.5032997646090451,0.04653963758818373,0,ok,0.0,1.2927851188406604e-05,FLAT,0.0,-1,0.8690273956742162,0.13545791677914593,0.9441668098021809,UNLOADING,4.77506388296273e-05,0.038371745610777365,0.03383659487933168,0.5826501721031829,0.0050000000000000044,0.5945650572334216,0,staged_v3,0.17412629871218135,2,1.0159891244247494,0.17572130347346118,2,1,0,0
v3_pelvis_proxy:v3_left_hand_proxy,137,0.048511862297453204,1.0000000000000009,0.46970651959836573,0.0,1.7593740441181864e-05,AIR,0.0,-1,1.496521649484813,0.023745259959468662,0.34706320958996223,UNLOADED,0.00013211907187684344,0.018607900520029447,0.12092196318016114,0.08853759307880736,0.46970651959836573,0.045563070805715505,0,ok,0.0,1.0068220628961655e-05,FLAT,0.0,-1,1.2011389767209353,0.16091128604051372,0.959993771054041,UNLOADING,4.098666064533207e-05,0.030280539034146313,0.042719149518555745,0.0,0.0050000000000000044,0.5995650572334216,0,staged_v3,0.1768025494947939,2,1.0242609605061035,0.17821553031817558,2,1,0,0
v3_pelvis_proxy:v3_left_hand_proxy,138,0.06037524873497075,1.0000000000000009,0.32047469312629717,0.0,1.370201883274748e-05,AIR,0.0,-1,1.0725973746872444,0.022480694057105434,0.3695559028355656,UNLOADING,0.00011447896973620031,0.02099710108467285,0.11876125037770531,0.06040805649522112,0.32047469312629717,0.04476923736785618,0,ok,0.0,7.841138109971008e-06,FLAT,0.0,-1,1.8260411663987133,0.17255366398525818,0.971334284342237,UNLOADING,3.5163533672498014e-05,0.027832647722835453,0.04573406649427641,0.0,0.0050000000000000044,0.6045650572334216,0,staged_v3,0.17931402011411485,2,1.031673375647827,0.18022242639257657,2,1,0,0
v3_pelvis_proxy:v3_left_hand_proxy,139,0.04690473112337047,1.0000000000000009,0.2690975291864009,0.0,1.0671142996602874e-05,AIR,0.0,-1,0.8538393682253922,0.02088749982940409,0.38190569678078823,UNLOADING,9.906708444460568e-05,0.023207785009635322,0.11121779464221067,0.05072368924746973,0.2690975291864009,0.04435236423165033,0,ok,0.0,6.106684500216457e-06,AIR,0.0,-1,2.1224320567642967,0.1748593382485207,0.9467999967381253,UNLOADING,3.0186582524331264e-05,0.028638194696223147,0.04370180514068312,0.0,0.0050000000000000044,0.6095650572334216,0,staged_v3,0.18469518954826022,2,1.0368075250993296,0.18224263927515041,2,0,0,0
v3_pelvis_proxy:v3_left_hand_proxy,140,0.08402546532889607,1.0000000000000009,0.25550669374394597,0.0,8.310694522021256e-06,AIR,0.0,-1,0.7225523233516096,0.02311678583445232,0.3682359289847499,UNLOADING,8.566470069597577e-05,0.020295010614785176,0.10078294310534114,0.048161877120539875,0.25550669374394597,0.04483200364946084,0,ok,0.0,4.755890670738587e-06,AIR,0.0,-1,2.867487454489177,0.16793782217498665,0.8816535983244129,UNLOADING,2.5954619670518856e-05,0.031045670519491204,0.038037009396729445,0.0,0.0050000000000000044,0.6145650572334216,0,staged_v3,0.19535842848100107,2,1.0400953451042394,0.190945473601509,2,0,0,0
v3_pelvis_proxy:v3_left_hand_proxy,141,0.05815956349367166,0.8000000000000007,0.2868784033566146,0.0,6.472375401617389e-06,AIR,0.0,-1,0.5901147790219973,0.028355713436051415,0.33471974515235237,UNLOADED,7.404202110464461e-05,0.013380273821566209,0.09131334214492509,0.05407530506752259,0.2868784033566146,0.04667888244622276,0,ok,0.0,3.703891378573201e-06,AIR,0.0,-1,3.0023052691682763,0.15888340214313518,0.7737663276190608,UNLOADING,2.2366523281683978e-05,0.029877540047858565,0.033810776333094476,-2.500000000000002,0.0040000000000000036,0.6185650572334216,0,staged_v3,0.20580200503499368,2,1.04240332817283,0.20163025280681335,2,0,0,0
v3_pelvis_proxy:v3_left_hand_proxy,142,0.03460259042147416,0.6000000000000005,0.33406034671769874,0.0,5.040691031111721e-06,AIR,0.0,-1,0.5075978106654305,0.03526959614816187,0.29811284654705306,UNLOADED,6.39700175581615e-05,0.004636046179190785,0.08408494284643953,0.0629688918662389,0.33406034671769874,0.05043873609009049,0,ok,0.0,2.884593506044234e-06,AIR,0.0,-1,3.420108610980135,0.14741119039146136,0.6799639346955042,UNLOADING,1.9303187663683023e-05,0.02783072627157928,0.031167470463195936,-2.500000000000002,0.0030000000000000027,0.6215650572334216,0,staged_v3,0.21761344364297486,2,1.0455003349891543,0.21320982382377207,2,0,0,0
v3_pelvis_proxy:v3_left_hand_proxy,143,0.042519817176072776,0.40000000000000036,0.36177061518851317,0.0,3.925694122250816e-06,FLAT,0.0,-1,0.2825898111130901,0.041079509753517346,0.2700022167801738,UNLOADED,5.524083619368731e-05,0.0,0.08000497658118266,0.06819215441765358,0.36177061518851317,0.05675024960849254,0,ok,0.0,2.2465236813499388e-06,AIR,0.0,-1,3.608939002817956,0.13441928155645322,0.6127515831590306,UNLOADING,1.6669869817299522e-05,0.025000853237703506,0.030636725920248027,-2.500000000000002,0.0020000000000000018,0.6235650572334216,0,staged_v3,0.22846938995389932,2,1.045662138468652,0.22400101681538456,2,0,0,0
v3_torso_proxy:v3_left_forearm_proxy,144,0.049417298073668875,0.20000000000000018,0.3786491611443721,0.0,3.0573336565077467e-06,FLAT,0.0,-1,0.1796981140885527,0.04479201677080896,0.2540738007452844,UNLOADED,4.7675080348053745e-05,0.0,0.07713055707375432,0.07137368537634584,0.3786491611443721,0.054272176177115605,0,ok,0.0,1.7495944022237876e-06,AIR,0.0,-1,3.681995447499172,0.12156186967466358,0.5645918288258549,UNLOADING,1.4397286657537987e-05,0.02050458085821326,0.032725010583079486,-2.500000000000002,0.0010000000000000009,0.6245650572334216,0,staged_v3,0.23868962798326457,2,1.0442476346316218,0.23671616501371726,2,0,0,0
v3_torso_proxy:v3_left_forearm_proxy,145,0.07167748193711351,0.0,0.40182921379969166,0.0,0.008654139619686887,FLAT,0.0,-1,0.12877654015117293,0.04799231544396015,0.25633071138316244,UNLOADED,0.0013253036351911105,0.0,0.07439973245543899,0.07574302236425243,0.40182921379969166,0.050403297061859795,0,ok,0.0,1.3625854905092324e-06,AIR,0.0,-1,3.9432221357197483,0.10544258813188008,0.5626456946374097,UNLOADING,1.242566465370382e-05,0.018324917171227147,0.034807367560643336,-2.500000000000002,0.0,0.6245650572334216,0,staged_v3,0.24316346630686186,2,1.0412991726667287,0.24281053882805062,2,0,0,0
v3_torso_proxy:v3_left_forearm_proxy,146,0.08076341551784873,0.20000000000000018,0.4004349693328921,0.0,0.013352569321989395,FLAT,0.0,-1,0.13543840950814381,0.05033743627424321,0.27275914010164104,LOADING,0.003002349707268092,0.0,0.07113636628774563,0.07548021347380007,0.4004349693328921,0.047886367393287915,0,ok,0.0,1.0611826470103244e-06,AIR,0.0,-1,3.951345377914316,0.09039969749687936,0.5903260179898212,UNLOADING,1.071267526326625e-05,0.015381329128363957,0.039134971771127104,-2.500000000000002,-0.0010000000000000009,0.6235650572334216,0,staged_v3,0.24500887122930096,2,1.041941640261562,0.24677272380007179,2,0,0,0
v3_torso_proxy:v3_left_forearm_proxy,147,0.09341129779169362,0.40000000000000036,0.3126935613572429,0.0,0.01658156975588483,FLAT,0.0,-1,0.13493842483380433,0.051025033295056206,0.30505852339166234,LOADING,0.004706523879942226,0.0,0.06797321958626068,0.05894134771108461,0.3126935613572429,0.047260903026502876,0,ok,0.0,8.264498764734269e-07,AIR,0.0,-1,4.015284677340146,0.07897550438406048,0.6691305037598972,UNLOADING,9.221356947699136e-06,0.013819634903998082,0.04463689028399678,-2.500000000000002,-0.0020000000000000018,0.6215650572334216,0,staged_v3,0.24420348826914348,2,1.0518975621576472,0.24517737221293867,2,1,0,0
v3_torso_proxy:v3_left_forearm_proxy,148,0.08879233325850028,0.6000000000000005,0.31207897967147086,0.0,0.01291373951043623,FLAT,0.0,-1,0.16295958856620996,0.05186884076619018,0.32839248936478926,LOADING,0.005499811993072909,0.0,0.06318509155515317,0.05882550179254148,0.31207897967147086,0.04706202176351057,0,ok,0.0,6.436398109667706e-07,AIR,0.0,-1,3.969173046315993,0.0680567873320775,0.7222978930688768,UNLOADING,7.92955454540072e-06,0.00964460852063586,0.051470286132807984,-2.500000000000002,-0.0030000000000000027,0.6185650572334216,0,staged_v3,0.24092942995707647,2,1.0705997455487013,0.24211221873610964,2,1,0,0
v3_torso_proxy:v3_left_forearm_proxy,149,0.0733607411416203,0.8000000000000007,0.36480570754334524,0.0,0.010057230443107877,FLAT,0.0,-1,0.15729775724562556,0.054055809855324204,0.36821287037567374,LOADING,0.00567065534518263,0.0,0.05655267512926425,0.068764255848348,0.36480570754334524,0.04810041236175949,0,ok,0.0,5.01267188796852e-07,AIR,0.0,-1,3.9589147149585524,0.05760531408999341,0.7293466846982555,UNLOADING,6.816142414129168e-06,0.003862020144919362,0.061189967182156524,-2.500000000000002,-0.0040000000000000036,0.6145650572334216,0,staged_v3,0.24197302515455557,2,1.0886774648350357,0.24037046374367,2,0,0,0
v3_torso_proxy:v3_left_forearm_proxy,150,0.06090794166408218,0.7167088179410364,0.30914228681726674,0.0,0.007832578944621986,FLAT,0.0,-1,0.2693210389111998,0.057080634690604336,0.46163237694786524,UNLOADING,0.005462962711411445,0.0,0.0511977093552389,0.05827194823074444,0.30914228681726674,0.05080451689695005,0,ok,0.0,3.903872791629901e-07,AIR,0.0,-1,3.7779344454559016,0.051649651184448545,0.6947057258582601,UNLOADING,5.859433926543034e-06,0.00808563510846446,0.07353333673173593,1.0411397757370544,-0.003583544089705182,0.6109815131437164,0,staged_v3,0.2490667546951525,2,1.1056459119609243,0.24456699442687324,2,0,0,0
v3_torso_proxy:v3_left_forearm_proxy,151,0.05713134375905076,0.5167088179410362,0.2650626141373981,0.0,0.006100018615540201,FLAT,0.0,-1,0.29905081514543946,0.062354601197580656,0.575528444264074,UNLOADING,0.005052437237175019,0.006216558268810138,0.047559863944393564,0.04996312567892136,0.2650626141373981,0.0541528860173293,0,ok,0.0,3.0403391871325185e-07,AIR,0.0,-1,3.657691870166002,0.04901028023839718,0.6233145381010852,UNLOADING,5.038732673765949e-06,0.00715544666665708,0.08790478342752801,2.500000000000002,-0.002583544089705181,0.6083979690540112,0,staged_v3,0.2557436231586343,2,1.1187681335768724,0.251544939024848,2,0,0,0
v3_torso_proxy:v3_left_forearm_proxy,152,0.054905883293514104,0.316708817941036,0.2194526932258666,0.0,0.004750699274532855,FLAT,0.0,-1,0.39549969972872506,0.07101353728909654,0.6958528398672417,UNLOADING,0.004537076445149149,0.014211455413605995,0.04558118657975609,0.04136585813093263,0.2194526932258666,0.057331846101544265,0,ok,0.0,2.367818539741484e-07,AIR,0.0,-1,3.4348416683813254,0.04872582244988303,0.5539375295966179,UNLOADING,4.334002220189442e-06,0.003971054029947872,0.1024178513655184,2.500000000000002,-0.00158354408970518,0.606814424964306,0,staged_v3,0.26280333740576245,2,1.1276906866282554,0.2577406270336471,2,0,0,0
v3_torso_proxy:v3_left_forearm_proxy,153,0.05841219095103741,0.11670881794103583,0.19517954205747634,0.0,0.003699848315142943,FLAT,0.0,-1,0.5236518348835355,0.08443636040050709,0.7820690367427785,UNLOADING,0.004004110025445658,0.018467194165126523,0.0456362576720124,0.036790476927527266,0.19517954205747634,0.060296786458228904,0,ok,0.0,1.8440589329216583e-07,AIR,0.0,-1,3.060656776659242,0.04950187605447287,0.48600374359182374,UNLOADING,3.7283996085640613e-06,0.0,0.11499044850819103,2.500000000000002,-0.0005835440897051791,0.6062308808746009,0,staged_v3,0.2659682846866849,2,1.1328872311388578,0.2629717161802176,2,0,0,0
v3_torso_proxy:v3_left_forearm_proxy,154,0.058002938760774614,0.08329118205896435,0.18681960794568714,0.0,0.002881444765078742,FLAT,0.0,-1,0.5374271059188404,0.10226498059780144,0.8438456412826948,UNLOADING,0.0034963729017348792,0.019032004033465548,0.0481602780306692,0.035214666472121764,0.18681960794568714,0.06303044743223428,0,ok,0.0,1.4361545409892067e-07,AIR,0.0,-1,2.8655026030769117,0.05167964962254591,0.44028191846945575,UNLOADING,3.2072545454043934e-06,0.0,0.12700429289486473,2.500000000000002,0.00041645591029482176,0.6066473367848957,0,staged_v3,0.27056986982694087,2,1.1365148917527588,0.2681920620794448,2,0,0,0
v3_torso_proxy:v3_left_forearm_proxy,155,0.07801372412253031,0.28329118205896453,0.2590851158042597,0.0,0.0022440714394203246,FLAT,0.0,-1,0.8653670531992721,0.12939563861758405,0.8881105126964797,UNLOADING,0.003032760773319784,0.01472679051838513,0.054678735116438865,0.048836393787907384,0.2590851158042597,0.0655735540718085,0,ok,0.0,1.1184782811339482e-07,AIR,0.0,-1,2.1035062462898013,0.05218797251364144,0.4231935421458,UNLOADING,2.758291688854162e-06,0.0,0.13270616749163172,2.500000000000002,0.0014164559102948227,0.6080637926951905,0,staged_v3,0.2748694117246992,2,1.1373453116331254,0.27275933950646336,2,0,0,0
v3_torso_proxy:v3_left_forearm_proxy,156,0.07145257320552867,0.4832911820589647,0.3099884224910366,0.0,0.0017476845942887235,FLAT,0.0,-1,0.9449718844174878,0.1604874991750335,0.9198276790229792,UNLOADING,0.002619525795739802,0.005912894284364548,0.06507848966678441,0.05843144104774378,0.3099884224910366,0.06794003018784807,0,ok,0.0,8.710717611954779e-08,AIR,0.0,-1,1.8354414595713315,0.05325019618043572,0.4190759157452516,UNLOADING,2.3714789699491766e-06,0.0,0.13689752721627924,2.500000000000002,0.0024164559102948235,0.6104802486054853,0,staged_v3,0.2789772869106376,2,1.1376580163164374,0.2773519843489556,2,0,0,0
v3_torso_proxy:v3_left_forearm_proxy,157,0.06811814060388008,0.6832911820589649,0.3247161028014242,0.0,0.0013610981305938884,FLAT,0.0,-1,1.274085470170096,0.1923747386386576,0.9425540217785928,UNLOADING,0.002256477769715158,0.0,0.07866702596834373,0.06120754338379575,0.3247161028014242,0.07012113709303626,0,ok,0.0,6.783913697304259e-08,AIR,0.0,-1,1.314597045214058,0.05416285378478908,0.41709083378391354,UNLOADING,2.0383454106378334e-06,0.0,0.13841955700627145,2.500000000000002,0.0034164559102948244,0.6138967045157802,0,staged_v3,0.2830081327823256,2,1.1370789326355308,0.2814040360052511,2,0,0,0
v3_torso_proxy:v3_left_forearm_proxy,158,0.0572587986496032,0.6256374095397366,0.25737946857601257,0.0,0.0010600242899435456,AIR,0.0,-1,2.156423707975335,0.21184845584749618,0.9588381579378218,UNLOADING,0.0019403570243850968,0.0,0.08760679910942581,0.04851488685979477,0.25737946857601257,0.07214547678987726,0,ok,0.0,5.283317299749387e-08,AIR,0.0,-1,1.0247866728506134,0.05365760290376787,0.40233368856300245,UNLOADING,1.7516641530648465e-06,0.0,0.1337877659567894,-0.720672156490354,0.003128187047698683,0.6170248915634788,0,staged_v3,0.287315511750027,2,1.1365901738133886,0.2860892490990065,2,0,0,0
v3_torso_proxy:v3_left_forearm_proxy,159,0.05115862768619397,0.4256374095397364,0.17422431845779007,0.0,0.0008255477470827433,AIR,0.0,-1,2.5965923206589276,0.21845092444171835,0.9527371297804642,UNLOADING,0.0016687371289058547,0.0,0.09001966213752065,0.032840510336620915,0.17422431845779007,0.07400955214715707,0,ok,0.0,4.114651650259523e-08,AIR,0.0,-1,0.8223226151639957,0.05160654831931388,0.38645630603616676,UNLOADING,1.5050328720168323e-06,0.0,0.12285042553802188,-2.500000000000002,0.002128187047698682,0.6191530786111775,0,staged_v3,0.2925943430660946,2,1.136189116844387,0.29137426575452746,2,0,0,0
v3_torso_proxy:v3_left_forearm_proxy,160,0.05571828704616291,0.2256374095397362,0.17690469903064968,0.0,0.0006429372318908746,AIR,0.0,-1,3.259618410256587,0.21453554740353614,0.8739918633602111,UNLOADING,0.0014419197280002916,0.0,0.0865587365194779,0.03334575017161215,0.17690469903064968,0.07568495535867249,0,ok,0.0,3.204493927288165e-08,AIR,0.0,-1,0.4603784770831716,0.050893677076109985,0.3580469762213414,UNLOADING,1.2929669396805749e-06,0.0,0.11319802232597831,-2.500000000000002,0.001128187047698681,0.6202812656588762,0,staged_v3,0.29876425977089555,2,1.1319477009981136,0.29740997761368204,2,0,0,0
v3_torso_proxy:v3_left_forearm_proxy,161,0.06717803693920162,0.025637409539736034,0.2322357676284438,0.0,0.0005007200196623746,AIR,0.0,-1,3.4835247890904606,0.20444900757896106,0.7583688602763975,UNLOADING,0.0012532154167193134,0.0,0.080113099998098,0.043775410888938326,0.2322357676284438,0.07717701288954204,0,ok,0.0,2.4956623799195844e-08,FLAT,0.0,-1,0.31532906518465303,0.05037918338455545,0.3641253251319676,LOADING,1.1105244175896524e-06,0.0,0.10413830192441428,-2.500000000000002,0.00012818704769868017,0.6204094527065749,0,staged_v3,0.3069899981625592,2,1.1256567121784227,0.30546928549421215,2,0,0,0
v3_torso_proxy:v3_left_forearm_proxy,162,0.10332598375150616,0.17436259046026414,0.28489266805322205,0.0,0.0003899611434125866,AIR,0.0,-1,3.990291491123168,0.18938365872652768,0.6790550490061702,UNLOADING,0.0010920640800539901,0.0,0.07213494893744551,0.053701002781055884,0.28489266805322205,0.07851154508963763,0,ok,0.0,1.9436238157632182e-08,FLAT,0.0,-1,0.17431147114300533,0.049601078600630746,0.39365924400304975,LOADING,9.535616412680214e-07,0.0,0.09681019182652432,-2.500000000000002,-0.0008718129523013207,0.6195376397542736,0,staged_v3,0.32043403485094785,2,1.1146485320286659,0.3181465713787968,2,0,0,0
v3_torso_proxy:v3_left_forearm_proxy,163,0.1105727908335123,0.3743625904602643,0.3294672238257759,0.0,0.00030370204385714284,AIR,0.0,-1,4.204085075738516,0.17092892547937694,0.6040012326927129,UNLOADING,0.0009532357307600104,0.0,0.06421292888566384,0.06210310859818091,0.3294672238257759,0.07976050352637316,0,ok,0.0,1.5136957497126262e-08,FLAT,0.0,-1,0.2155544454810969,0.04808119002244366,0.43689030404472595,LOADING,8.185562307345747e-07,0.0,0.0894444057855735,-2.500000000000002,-0.0018718129523013216,0.6176658268019722,0,staged_v3,0.3304921085847437,2,1.1039290219954765,0.32789634621128094,2,0,0,0
v3_torso_proxy:v3_left_forearm_proxy,164,0.10221899285828909,0.5743625904602645,0.3609765209828371,0.0,0.000236523389576329,AIR,0.0,-1,4.294856079910186,0.15127989198049335,0.5319998361486675,UNLOADING,0.0008328724813766367,0.0,0.058073347415571124,0.06804247118628498,0.3609765209828371,0.08093620228600566,0,ok,0.0,1.1788674352080505e-08,FLAT,0.0,-1,0.22299856920426053,0.045854172263947154,0.4877424561561724,UNLOADING,7.024823173966028e-07,0.0035329505438614697,0.08145062124222957,-2.500000000000002,-0.0028718129523013225,0.6147940138496709,0,staged_v3,0.33887541466652527,2,1.093687227029582,0.3362963397435528,2,0,0,0
v3_torso_proxy:v3_left_forearm_proxy,165,0.09406562820594604,0.7743625904602647,0.38742859357745457,0.0,0.000184204601016748,AIR,0.0,-1,4.360179035761609,0.1308792709323301,0.4520617121771986,UNLOADING,0.000728309663135717,0.0,0.05448825522370495,0.07302856940241342,0.38742859357745457,0.08207390235244465,0,ok,0.0,9.181028816774084e-09,FLAT,0.0,-1,0.2597668273044272,0.042740371040503426,0.544583623267095,UNLOADING,6.027250136082903e-07,0.009488810122851327,0.07230027135470052,-2.500000000000002,-0.0038718129523013234,0.6109222008973696,0,staged_v3,0.34915606902646223,2,1.0885350793477222,0.3452235037387678,2,0,0,0
v3_torso_proxy:v3_left_forearm_proxy,166,0.08155290355586507,0.9743625904602649,0.39596088788764794,0.0,0.00014345868751719905,AIR,0.0,-1,4.310683264936791,0.11203821016573612,0.39478354344311195,UNLOADING,0.0006366687910479662,0.0,0.05460596765797942,0.0746368689898036,0.39596088788764794,0.08316468630689898,0,ok,0.0,7.15019243190479e-09,FLAT,0.0,-1,0.2600077084802633,0.03850214063210074,0.5884932149667436,UNLOADING,5.170417763356807e-07,0.015922520116236447,0.06172080957194433,-2.500000000000002,-0.004871812952301324,0.6060503879450683,0,staged_v3,0.3723757704195796,2,1.0850016572754335,0.3666149565604884,2,0,0,0
v3_torso_proxy:v3_left_forearm_proxy,167,0.06613299164374405,1.0000000000000009,0.38922824711273524,0.0,0.0001117257381767906,AIR,0.0,-1,4.247986153604527,0.09659008584360095,0.3537419421328102,UNLOADING,0.0005560309149793869,0.0,0.059018276473832884,0.07336779610194011,0.38922824711273524,0.08420283090045222,0,ok,0.0,5.568575465078683e-09,FLAT,0.0,-1,0.28742934732624814,0.03407743702350352,0.6544521376568896,UNLOADING,4.43453552480334e-07,0.02364516985934096,0.05048324642924192,-0.3204676192467004,-0.0050000000000000044,0.6010503879450683,0,staged_v3,0.3979173503774906,2,1.083810916307322,0.3909622927617136,2,0,0,0
v3_torso_proxy:v3_left_forearm_proxy,168,0.049220672268169154,0.8000000000000007,0.36933787948795427,0.0,8.701209238131527e-05,AIR,0.0,-1,4.088938999344537,0.08595458431859551,0.32433434975789266,UNLOADED,0.00048499665312200983,0.0,0.06809938141566524,0.06961855013350737,0.36933787948795427,0.08518628058244186,0,ok,0.0,4.3368109327954915e-09,FLAT,0.0,-1,0.35465506315069395,0.030774363718435276,0.7444609265064392,UNLOADING,3.802613627899553e-07,0.03144868260688669,0.03966053934479988,2.500000000000002,-0.0040000000000000036,0.5970503879450683,0,staged_v3,0.4195971213097641,2,1.0825298616630437,0.4116718347057488,2,0,0,0
v3_torso_proxy:v3_left_forearm_proxy,169,0.038586096442800887,0.6000000000000005,0.34787450116885543,0.0,6.776508568324976e-05,AIR,0.0,-1,4.036589899280534,0.07979251758048272,0.3032628890526733,UNLOADED,0.0004224563383934435,0.0,0.08125419517444163,0.06557279863459742,0.34787450116885543,0.08610951392166528,0,ok,0.0,3.3775117504937586e-09,FLAT,0.0,-1,0.33478459528373533,0.02880051426862852,0.816898252766847,UNLOADING,3.2602665786322113e-07,0.037044398369713835,0.02950549906792285,2.500000000000002,-0.0030000000000000027,0.5940503879450683,0,staged_v3,0.43876554940497925,2,1.0810332542439467,0.4301449504094005,2,0,0,0
v3_torso_proxy:v3_left_forearm_proxy,170,0.04736520955322423,0.40000000000000036,0.31435137992668694,0.0,5.277550179501576e-05,AIR,0.0,-1,3.7834530142453247,0.07727835502107733,0.28816452769785833,UNLOADED,0.00036747221494384265,0.0,0.0967102276945289,0.059253839149409626,0.31435137992668694,0.08701413223831454,0,ok,0.0,2.6304087961174105e-09,FLAT,0.0,-1,0.5726312868824965,0.02868654874255525,0.8688018650866782,UNLOADING,2.7950072170106244e-07,0.048772270930466446,0.01966782232386748,2.500000000000002,-0.0020000000000000018,0.5920503879450683,0,staged_v3,0.4478800628100375,2,1.0810283333887398,0.4389943491641786,2,0,0,0
v3_torso_proxy:v3_left_forearm_proxy,171,0.059514713485820506,0.20000000000000018,0.2829774134907434,0.0,4.110160212494461e-05,AIR,0.0,-1,3.5762673951930153,0.07779709069694288,0.2773460790487761,UNLOADED,0.00031921936051371776,0.0,0.11377160445260975,0.05333998580126165,0.2829774134907434,0.08790264533158809,0,ok,0.0,2.0485644302141507e-09,FLAT,0.0,-1,0.5582476319542562,0.030898352611756774,0.9059924284457207,UNLOADING,2.395995586819474e-07,0.059494971796328386,0.010804649625957664,2.500000000000002,-0.0010000000000000009,0.5910503879450683,0,staged_v3,0.4532373269732708,2,1.0821015611259086,0.4443677659227073,2,0,0,0
v3_torso_proxy:v3_left_forearm_proxy,172,0.0783505463564925,0.0,0.24551382428999008,0.0,3.200995992039618e-05,AIR,0.0,-1,3.19202394693295,0.08021581163150629,0.2837731014476156,UNLOADED,0.00027689179391412544,0.0,0.13044688897766082,0.04627826560465009,0.24551382428999008,0.08878457350624318,0,ok,0.0,1.595423582423007e-09,FLAT,0.0,-1,0.6781012842596823,0.03613908179785501,0.9326406315503529,UNLOADING,2.0538640268808657e-07,0.06860158657486695,0.0030304450026506996,2.500000000000002,0.0,0.5910503879450683,0,staged_v3,0.4515653442655115,2,1.085935460986926,0.4429372477097696,2,0,0,0
v3_torso_proxy:v3_left_forearm_proxy,173,0.11557484500330409,0.20000000000000018,0.12916158311968948,0.0,2.492938185208883e-05,AIR,0.0,-1,2.4518441856211144,0.07950020511972289,0.30789882423694986,UNLOADED,0.00023980063113937563,0.0,0.13562186401225423,0.024346384839290636,0.12916158311968948,0.08930528287835532,0,ok,0.0,1.2425171353216239e-09,FLAT,0.0,-1,0.8216683448396283,0.04321234241768435,0.9517349034453516,UNLOADING,1.7605405519114665e-07,0.07117386438438683,0.001412880787880746,2.500000000000002,0.0010000000000000009,0.5920503879450683,1,staged_v3,0.4440267152300579,2,1.0925367356238922,0.4371804101910048,2,0,0,0
v3_torso_proxy:v3_left_forearm_proxy,174,0.16605069355291022,0.40000000000000036,0.17205487740416522,0.0,1.941502210789285e-05,AIR,0.0,-1,2.087758168763399,0.0776545450766739,0.3380869582016594,UNLOADED,0.00020737926331089587,0.0,0.1384122093200603,0.03243158033203308,0.17205487740416522,0.08983892394244232,0,ok,0.0,9.676733179681195e-10,FLAT,0.0,-1,0.9034299775412523,0.054867928682292594,0.9654165471107273,UNLOADING,1.509082566616406e-07,0.07166958613729989,0.0016012412182364781,2.500000000000002,0.0020000000000000018,0.5940503879450683,1,staged_v3,0.43768880056636855,2,1.0990471416219134,0.4305503456518935,2,0,0,0
v3_torso_proxy:v3_left_forearm_proxy,175,0.03529824242188426,0.6000000000000005,0.12164446701128895,0.0,1.512043442097559e-05,AIR,0.0,-1,1.1120635101018281,0.08380189584983362,0.3523937231727418,UNLOADING,0.00017915252401496485,0.0,0.15147572713384982,0.02292944183475068,0.12164446701128895,0.09052589391119434,0,ok,0.0,7.53624737790876e-10,FLAT,0.0,-1,1.7285448010727777,0.06434087630193035,0.9752198731770826,UNLOADING,1.2935260212663184e-07,0.07167288883694443,0.0020881048219096978,2.500000000000002,0.0030000000000000027,0.5970503879450683,1,staged_v3,0.44438335763113496,2,1.1046267504601,0.4425958361396435,2,0,0,0
v3_torso_proxy:v3_left_forearm_proxy,176,0.055730785827794206,0.8000000000000007,0.13500351256842016,0.0,1.1775806167435613e-05,AIR,0.0,-1,1.0128583924111678,0.08931105491246784,0.34855324923872844,UNLOADING,0.00015465520782216566,0.0,0.16124966057780593,0.02544756259762597,0.13500351256842016,0.0914374462693652,0,ok,0.0,5.869235359335163e-10,AIR,0.0,-1,2.035489348518936,0.07585572410183124,0.9628507897495712,UNLOADING,1.1087677378651834e-07,0.06868226084505913,0.0044602786424194395,2.500000000000002,0.0040000000000000036,0.6010503879450683,0,staged_v3,0.45538921241540864,2,1.109793184306648,0.45234198757972505,2,0,0,0
v3_torso_proxy:v3_left_forearm_proxy,177,0.06399973488764325,1.0000000000000009,0.10292687749473281,0.0,9.171007064495935e-06,AIR,0.0,-1,0.8473362975131168,0.0926653479567239,0.34234973110426026,UNLOADING,0.00013342322317071493,0.0,0.16320921649995462,0.019401259331663354,0.10292687749473281,0.09234190564750594,0,ok,0.0,4.570965093880604e-10,AIR,0.0,-1,2.5399276432898743,0.08623957769395273,0.8917419584371837,UNLOADING,9.50443038702888e-08,0.06032429205710335,0.009262805864755832,2.500000000000002,0.0050000000000000044,0.6060503879450683,0,staged_v3,0.459089522349073,2,1.1137551115633264,0.4549183874707738,2,0,0,0
v3_torso_proxy:v3_left_forearm_proxy,178,0.056277258793907256,0.8000000000000007,0.10064776549574993,0.0,7.14238748338282e-06,AIR,0.0,-1,0.5924337853677423,0.09435319474106138,0.3343944610366719,UNLOADED,0.00011504190738495022,0.0,0.16114311010063215,0.018971656840900575,0.10064776549574993,0.09322194663205462,0,ok,0.0,3.559871194506272e-10,AIR,0.0,-1,3.0413566248471677,0.09332712785767772,0.7676971155257969,UNLOADING,8.147836000805954e-08,0.048823504223997685,0.014561351552292174,-2.500000000000002,0.0040000000000000036,0.6100503879450683,0,staged_v3,0.46178163499928193,2,1.1150120421533243,0.45745156586680236,2,0,0,0
v3_torso_proxy:v3_left_forearm_proxy,179,0.059085749355463596,0.6000000000000005,0.14610405822529654,0.0,5.562496965057941e-06,AIR,0.0,-1,0.5414512007470358,0.09526438823716259,0.29794629213589785,UNLOADED,9.916523084700044e-05,0.0,0.1572408886754066,0.02753996615881482,0.14610405822529654,0.09405244570168424,0,ok,0.0,2.772430473914822e-10,AIR,0.0,-1,3.257676987607477,0.0978928660866352,0.6573921670227681,UNLOADING,6.985216366971886e-08,0.03727104496298693,0.02059856338815148,-2.500000000000002,0.0030000000000000027,0.6130503879450683,0,staged_v3,0.4729142189125633,2,1.1140855242095176,0.4706852265955714,2,0,0,0
v3_torso_proxy:v3_left_forearm_proxy,180,0.07349026213769543,0.40000000000000036,0.18549512320098738,0.0,4.332076992219437e-06,FLAT,0.0,-1,0.22169779682506877,0.09610324082000585,0.2833338953751252,UNLOADED,8.544229111785023e-05,0.0,0.15390846357118687,0.03496500697949734,0.18549512320098738,0.09483348311950557,0,ok,0.0,2.1591710240958896e-10,AIR,0.0,-1,3.8108756485493154,0.10073939932935486,0.5601322305317193,UNLOADING,5.98868509989343e-08,0.024839628469181963,0.028166983057404008,-2.500000000000002,0.0020000000000000018,0.6150503879450683,0,staged_v3,0.4861499311203484,2,1.1063357706769206,0.48549385644824183,2,0,0,0
v3_torso_proxy:v3_left_forearm_proxy,181,0.08042792071895963,0.20000000000000018,0.21311116749535783,0.0,3.373824953866114e-06,FLAT,0.0,-1,0.23602335497162028,0.09633394322736832,0.2921077669170673,UNLOADED,7.357743588396066e-05,0.0,0.1501404710954875,0.04017050869208161,0.21311116749535783,0.0955642790828071,0,ok,0.0,1.681564084350966e-10,AIR,0.0,-1,3.875096629685562,0.10279804659003766,0.47221945359406536,UNLOADING,5.1344265096390194e-08,0.01116138343943257,0.0374495892402707,-2.500000000000002,0.0010000000000000009,0.6160503879450683,0,staged_v3,0.4984141426267739,2,1.0967402570345413,0.49888861915292576,2,0,0,0
v3_torso_proxy:v3_left_forearm_proxy,182,0.07498626667149123,0.0,0.23309939695980922,0.0,2.627537516016776e-06,FLAT,0.0,-1,0.19991044441510594,0.09577854107700876,0.3192160381905941,UNLOADED,6.332191438624581e-05,0.0,0.14546841351312495,0.04393820118270886,0.23309939695980922,0.09626735239573354,0,ok,0.0,1.3096034256772824e-10,AIR,0.0,-1,4.11376343535119,0.10426478329354133,0.4274501834961463,UNLOADING,4.402008169977823e-08,0.0,0.048353855366517325,-2.500000000000002,0.0,0.6160503879450683,0,staged_v3,0.5129400333072169,2,1.0875221731384235,0.5076509371891466,2,0,0,0
v3_torso_proxy:v3_left_forearm_proxy,183,0.06786437241149515,0.20000000000000018,0.2413641330220576,0.0,2.046328275023359e-06,FLAT,0.0,-1,0.17616563594251433,0.09414912446748248,0.3403115755307232,LOADING,5.446877505616742e-05,0.0,0.13936173235638263,0.045496067228529946,0.2413641330220576,0.09697022233780002,0,ok,0.0,1.019920173430462e-10,AIR,0.0,-1,4.215489558032885,0.10529148648821493,0.39537159971945235,UNLOADING,3.774030820985099e-08,0.0,0.060196276624027434,-2.500000000000002,-0.0010000000000000009,0.6150503879450683,0,staged_v3,0.5395770202955361,2,1.084366818335136,0.533525409248208,2,0,0,0
v3_torso_proxy:v3_left_forearm_proxy,184,0.06610823715637168,0.40000000000000036,0.2468488111823141,0.0,1.5936820630093493e-06,FLAT,0.0,-1,0.15878940684036635,0.09136932172736281,0.37783367303226223,LOADING,4.682916937892877e-05,0.0,0.13179152879203743,0.04652990470546392,0.2468488111823141,0.09768454615646444,0,ok,0.0,7.943146297379668e-11,AIR,0.0,-1,4.325140959351919,0.10616708703545591,0.4007331589872078,UNLOADING,3.235563570014275e-08,0.0,0.07289082286004515,-2.500000000000002,-0.0020000000000000018,0.6130503879450683,0,staged_v3,0.5690754528148088,2,1.0847407223082033,0.5622989449205087,2,0,0,0
v3_torso_proxy:v3_left_forearm_proxy,185,0.07063850017636543,0.6000000000000005,0.24754727464528695,0.0,1.2411608386385331e-06,FLAT,0.0,-1,0.23945752841888057,0.0873819774103441,0.4605047319040545,LOADING,4.023494523899487e-05,0.0,0.12243644171270039,0.0466615619665085,0.24754727464528695,0.09843034608244086,0,ok,0.0,6.186128556450016e-11,AIR,0.0,-1,4.376873295833464,0.1069304039062633,0.4045748840760517,UNLOADING,2.7738663994854996e-08,0.0,0.08620331689196069,-2.500000000000002,-0.0030000000000000027,0.6100503879450683,0,staged_v3,0.5963536630943376,2,1.0947723168738126,0.5889431967612958,2,0,0,0
v3_torso_proxy:v3_left_forearm_proxy,186,0.07330351229077242,0.8000000000000007,0.2455234491909269,0.0,9.666170330492512e-07,FLAT,0.0,-1,0.28305915284318894,0.08239704166468222,0.5631641155373815,UNLOADING,3.4547417777219706e-05,0.0,0.11167870862053958,0.04628007985573457,0.2455234491909269,0.099204112719292,0,ok,0.0,4.817761763943652e-11,AIR,0.0,-1,4.361348019486173,0.10790851233983867,0.4073276003888252,UNLOADING,2.378007678762627e-08,0.0,0.1003140179764348,-2.500000000000002,-0.0040000000000000036,0.6060503879450683,0,staged_v3,0.621287848781296,2,1.1040173079569213,0.6134062542758421,2,0,0,0
v3_torso_proxy:v3_left_forearm_proxy,187,0.07170851709651067,0.6000000000000005,0.24046317399926018,0.0,7.528021022689149e-07,FLAT,0.0,-1,0.36422407792186123,0.07851281262298973,0.679871711408103,UNLOADING,2.964649998742371e-05,0.0,0.10151314283298545,0.0453262404536976,0.24046317399926018,0.10000584340944685,0,ok,0.0,3.752076634410789e-11,AIR,0.0,-1,4.254509154280733,0.11128246079768389,0.38095313887343357,UNLOADING,2.038624111977e-08,0.0,0.11724216554764284,2.500000000000002,-0.0030000000000000027,0.6030503879450683,0,staged_v3,0.640815764287458,2,1.1129098911462794,0.6325645365037602,2,0,0,0
v3_torso_proxy:v3_left_forearm_proxy,188,0.06948421174744929,0.40000000000000036,0.227550927889247,0.0,5.862828667448307e-07,FLAT,0.0,-1,0.5074520774823796,0.07560072233730988,0.7706180578235038,UNLOADING,2.5430497518168714e-05,0.0,0.09107671374171306,0.04289233940246395,0.227550927889247,0.1008225716815683,0,ok,0.0,2.922120221023044e-11,AIR,0.0,-1,3.9673217902919546,0.1164047629176424,0.36205501139813207,UNLOADING,1.7476584034018707e-08,0.0,0.13544157618409675,2.500000000000002,-0.0020000000000000018,0.6010503879450683,0,staged_v3,0.6522170914364243,2,1.1183751325710691,0.6435178121524827,2,0,0,0
v3_torso_proxy:v3_left_forearm_proxy,189,0.06951174280494811,0.20000000000000018,0.21449962967720743,0.0,4.5659755572222224e-07,FLAT,0.0,-1,0.5099522767162387,0.07396313593408435,0.835640656350314,UNLOADING,2.1808290169083262e-05,0.0,0.0807053397448395,0.040432227647498764,0.21449962967720743,0.1016474117247729,0,ok,0.0,2.2757495163615332e-11,AIR,0.0,-1,3.792685046827898,0.12312617495197496,0.33689677032971,UNLOADED,1.4982084967522062e-08,0.0,0.15468545937510575,2.500000000000002,-0.0010000000000000009,0.6000503879450683,0,staged_v3,0.6589736808238742,2,1.122482473325586,0.6500081001809721,2,0,0,0
v3_torso_proxy:v3_left_forearm_proxy,190,0.0729211000523883,0.0,0.18791437882108833,0.0,3.555985339449561e-07,FLAT,0.0,-1,0.8532000983760373,0.0737038918182106,0.8822313840896427,UNLOADING,1.8698802765951718e-05,0.0,0.06934352348166636,0.03542102592049323,0.18791437882108833,0.10247586643349627,0,ok,0.0,1.772355505416733e-11,AIR,0.0,-1,2.98744223890961,0.12962676911819343,0.34084339573775635,UNLOADED,1.2843456057642476e-08,0.0,0.17158961451305135,2.500000000000002,0.0,0.6000503879450683,0,staged_v3,0.6537678172860031,2,1.122567893602741,0.644474819694493,2,0,0,0
v3_torso_proxy:v3_left_forearm_proxy,191,0.07601636703548711,0.20000000000000018,0.16325226356553196,0.0,2.7694041669537537e-07,FLAT,0.0,-1,0.9419514562269447,0.07558747911334804,0.9156150992972905,UNLOADING,1.603088374075339e-05,0.011958601134668977,0.058822153830195546,0.030772326713962794,0.16325226356553196,0.10330521983201599,0,ok,0.0,1.3803118554994672e-11,AIR,0.0,-1,2.596908350675221,0.13610829303569172,0.35682152248656496,UNLOADED,1.100994488780457e-08,0.0,0.18671840312678228,2.500000000000002,0.0010000000000000009,0.6010503879450683,0,staged_v3,0.645211276411577,2,1.1224524907756837,0.6362114973056155,2,0,0,0
v3_torso_proxy:v3_left_forearm_proxy,192,0.07828023596728391,0.40000000000000036,0.1553392223788787,0.0,2.156814133864795e-07,FLAT,0.0,-1,1.2600864057671823,0.07986884798662308,0.9395355765068485,UNLOADING,1.3742620499548419e-05,0.021818414622376936,0.05015836420296549,0.029280753590390195,0.1553392223788787,0.10412227915206207,0,ok,0.0,1.0749879539457289e-11,AIR,0.0,-1,1.891123327929403,0.14186224245088572,0.37094871992764206,UNLOADING,9.438061650330333e-09,0.0,0.19880166998249588,2.500000000000002,0.0020000000000000018,0.6030503879450683,0,staged_v3,0.6319533686289184,2,1.12127520063705,0.623748132445535,2,0,0,0
v3_torso_proxy:v3_left_forearm_proxy,193,0.07625522642094412,0.6000000000000005,0.14243776283447082,0.0,1.6797285363933762e-07,FLAT,0.0,-1,2.117350649726324,0.08606403982891675,0.9566753473913635,UNLOADING,1.1780428623260303e-05,0.02715873565051949,0.045675031719048687,0.02684888575887233,0.14243776283447082,0.10492206904924634,0,ok,0.0,8.37201460325261e-12,AIR,0.0,-1,1.4319511334227186,0.1458190748160723,0.3695348730699461,UNLOADING,8.090521166461643e-09,0.0,0.2055747789525219,2.500000000000002,0.0030000000000000027,0.6060503879450683,0,staged_v3,0.6172754495491211,2,1.1212317101380747,0.6106558394876153,2,0,0,0
v3_torso_proxy:v3_left_forearm_proxy,194,0.07050101535911263,0.40000000000000036,0.12043357787591634,0.0,1.3081738994905463e-07,AIR,0.0,-1,2.578007112512726,0.09145159681674386,0.9191088966121408,UNLOADING,1.0099021957511018e-05,0.027484045954435092,0.04347139887617194,0.022701194610030784,0.12043357787591634,0.1056953716445774,0,ok,0.0,6.52013152889837e-12,AIR,0.0,-1,1.1324738953451712,0.14607988798448945,0.3686029776421388,UNLOADING,6.935320541486084e-09,0.0,0.2052226268654715,-2.500000000000002,0.0020000000000000018,0.6080503879450683,0,staged_v3,0.6049469816133919,2,1.1212522250525458,0.5999534206336494,2,0,0,0
v3_torso_proxy:v3_left_forearm_proxy,195,0.04161149578245519,0.20000000000000018,0.10005861531099464,0.0,1.0188068573168108e-07,AIR,0.0,-1,3.3964847881602602,0.09576689923143532,0.8253019888989142,UNLOADING,8.658847156890435e-06,0.022415962117635545,0.04384913732731017,0.018860604647363277,0.10005861531099464,0.10642866364799233,0,ok,0.0,5.077883540434607e-12,AIR,0.0,-1,0.4829399368968874,0.1459955258945342,0.35495867795039027,UNLOADING,5.945028384804091e-09,0.0,0.20347040205804845,-2.500000000000002,0.0010000000000000009,0.6090503879450683,0,staged_v3,0.5994729440876844,2,1.1198861372063025,0.5958835975718402,2,0,0,0
v3_torso_proxy:v3_left_forearm_proxy,196,0.02865837336013489,0.0,0.08285513639530942,0.0,7.934475782768493e-08,AIR,0.0,-1,3.6246512310623222,0.0989296820132638,0.7207316324786002,UNLOADING,7.425034488904647e-06,0.014978055640153157,0.046058525983776855,0.015617825268701063,0.08285513639530942,0.10710825280243935,0,ok,0.0,3.95465967763587e-12,FLAT,0.0,-1,0.3837963836808784,0.14550681529269494,0.3744227153505445,LOADING,5.096092036298199e-09,0.0,0.2008123983863476,-2.500000000000002,0.0,0.6090503879450683,0,staged_v3,0.6202696730818313,2,1.1154383925488458,0.6168875256147577,2,0,0,0
v3_torso_proxy:v3_left_forearm_proxy,197,0.04212943464987684,0.20000000000000018,0.10371822966724477,0.0,6.1793759528812e-08,AIR,0.0,-1,4.115241060674901,0.10121574307205726,0.6726956302032743,UNLOADING,6.367204614421118e-06,0.008411355440539253,0.05022342606962446,0.019550425701957308,0.10371822966724477,0.10772949805183449,0,ok,0.0,3.079892053723725e-12,FLAT,0.0,-1,0.20589348288009252,0.14474147070936694,0.41315570069621144,LOADING,4.3683370906976275e-09,0.0,0.19819077447424716,-2.500000000000002,-0.0010000000000000009,0.6080503879450683,0,staged_v3,0.6384975512490436,2,1.105653294287371,0.6363849374354551,2,0,0,0
v3_torso_proxy:v3_left_forearm_proxy,198,0.05267799834066917,0.40000000000000036,0.12922667501876448,0.0,4.8125028309964876e-08,AIR,0.0,-1,4.347840653003379,0.10270247354143411,0.6379782535390637,UNLOADING,5.460092856189138e-06,0.0008957821086066423,0.05600313056834654,0.024358654373207167,0.12922667501876448,0.10831935679956112,0,ok,0.0,2.398622343215434e-12,FLAT,0.0,-1,0.2341619615353957,0.14297552637972166,0.4511872332383675,LOADING,3.744476991250051e-09,0.0,0.1944611027822812,-2.500000000000002,-0.0020000000000000018,0.6060503879450683,0,staged_v3,0.6496626293874859,2,1.0926105177003438,0.648669296352863,2,0,0,0
v3_torso_proxy:v3_left_forearm_proxy,199,0.05727899905703488,0.6000000000000005,0.1512108799286742,0.0,3.747980973313417e-08,AIR,0.0,-1,4.443613864858034,0.10367093708590353,0.6194421028205093,UNLOADING,4.682117196387651e-06,0.0,0.06337810548698429,0.028502579371606274,0.1512108799286742,0.10889482971654443,0,ok,0.0,1.868048959188748e-12,FLAT,0.0,-1,0.23076710953956067,0.13992881152222808,0.49880256312230264,UNLOADING,3.209685458407231e-09,0.0,0.18920275709640236,-2.500000000000002,-0.0030000000000000027,0.6030503879450683,0,staged_v3,0.6585155117111577,2,1.077014845437998,0.6584710586590901,2,0,0,0
v3_torso_proxy:v3_left_forearm_proxy,200,0.06184481260674709,0.8000000000000007,0.1703927994452208,0.0,2.9189305169532154e-08,AIR,0.0,-1,4.558064700074129,0.10442114099535522,0.608412376816637,UNLOADING,4.014876192708517e-06,0.0,0.07268048979110661,0.03211828601770228,0.1703927994452208,0.10948176952262473,0,ok,0.0,1.4548379922319198e-12,FLAT,0.0,-1,0.2915489154058636,0.1356021649725323,0.5553815938157053,UNLOADING,2.751251371170393e-09,0.0,0.18224539873253837,-2.500000000000002,-0.0040000000000000036,0.5990503879450683,0,staged_v3,0.6840336954728405,2,1.066075377278656,0.6788571695182709,2,0,0,0
v3_torso_proxy:v3_left_forearm_proxy,201,0.06289720780466972,1.0000000000000009,0.1837392663042719,0.0,2.273265372334185e-08,AIR,0.0,-1,4.529068728508987,0.10527117082378343,0.6233196337277883,UNLOADING,3.4425457286545645e-06,0.0,0.08374711098369944,0.03463403575184876,0.1837392663042719,0.11008098168891048,0,ok,0.0,1.1330289675922495e-12,FLAT,0.0,-1,0.30471651021975493,0.1298624596631388,0.6241634800639951,UNLOADING,2.3582762943837893e-09,0.0,0.17343502476988362,-2.500000000000002,-0.0050000000000000044,0.5940503879450683,0,staged_v3,0.7112809942296774,2,1.0564313935575553,0.7054851713862493,2,0,0,0
v3_torso_proxy:v3_left_forearm_proxy,202,0.0582879595735571,1.0000000000000009,0.1908665165494722,0.0,1.770420852102972e-08,AIR,0.0,-1,4.49244154177416,0.1072683346257657,0.6360829648842895,UNLOADING,2.95167389071449e-06,0.0,0.09707571074896913,0.0359774907724858,0.1908665165494722,0.1106907657248235,0,ok,0.0,8.824038472034293e-13,FLAT,0.0,-1,0.3301311166389266,0.12348768101410548,0.7157978528757656,UNLOADING,2.021415506767249e-09,0.0,0.16339695236586999,0.0,-0.0050000000000000044,0.5890503879450683,0,staged_v3,0.7383348481810252,2,1.05027627314507,0.7318776215216728,2,0,0,0
v3_torso_proxy:v3_left_forearm_proxy,203,0.04985346006368403,0.8000000000000007,0.19459229702798456,0.0,1.3788051459837384e-08,AIR,0.0,-1,4.417818168516345,0.11145529318926303,0.6256684393677653,UNLOADING,2.5307435210154257e-06,0.0,0.1135072448678493,0.036679783847296754,0.19459229702798456,0.11131182964164454,0,ok,0.0,6.87216807187251e-13,FLAT,0.0,-1,0.4424775070925816,0.1174617770232422,0.7963602630531874,UNLOADING,1.7326618550361908e-09,0.0,0.1530002773904733,2.500000000000002,-0.0040000000000000036,0.5850503879450683,0,staged_v3,0.7618969063092516,2,1.0449890320138913,0.7548158165459069,2,0,0,0
v3_torso_proxy:v3_left_forearm_proxy,204,0.0413788385864279,0.6000000000000005,0.1969169346688481,0.0,1.0738145273950182e-08,AIR,0.0,-1,4.376851302134072,0.11798175644828562,0.592070147910992,UNLOADING,2.169834505157981e-06,0.0,0.13308859822384378,0.03711796771938447,0.1969169346688481,0.111944465774861,0,ok,0.0,5.352049875772618e-13,FLAT,0.0,-1,0.43203245902911225,0.11194039263146308,0.8540857524005987,UNLOADING,1.4851498891786027e-09,0.0,0.14244918639295648,2.500000000000002,-0.0030000000000000027,0.5820503879450682,0,staged_v3,0.7833771379301743,2,1.0403748533707171,0.7757553862704294,2,0,0,0
v3_torso_proxy:v3_left_forearm_proxy,205,0.031045684593412847,0.40000000000000036,0.1904463554428295,0.0,8.362875948086906e-09,AIR,0.0,-1,4.072282779570534,0.1260862403669968,0.5497729329230308,UNLOADING,1.8603960320083319e-06,0.0,0.1541143279980991,0.03589829226972863,0.1904463554428295,0.11260229370564692,0,ok,0.0,4.1681806342889296e-13,FLAT,0.0,-1,0.6867932315603753,0.10658898726816352,0.8954478729362126,UNLOADING,1.2729918448981067e-09,0.0,0.13065838881829095,2.500000000000002,-0.0020000000000000018,0.5800503879450682,0,staged_v3,0.7951625825439765,2,1.0406621282154105,0.7870199202895419,2,0,0,0
v3_torso_proxy:v3_left_forearm_proxy,206,0.027730956783212208,0.20000000000000018,0.18088507148996988,0.0,6.5130143370991e-09,AIR,0.0,-1,3.7658595330847615,0.13551785132734873,0.5012426668566864,UNLOADING,1.5950892293873553e-06,0.0,0.17593984651093952,0.03409603270421724,0.18088507148996988,0.11328616077530049,0,ok,0.0,3.2461823419672837e-13,FLAT,0.0,-1,0.6960083831450498,0.10174823809613102,0.9250851273717071,UNLOADING,1.0911393411603296e-09,0.0,0.11802132089302544,2.500000000000002,-0.0010000000000000009,0.5790503879450682,0,staged_v3,0.801728565539902,2,1.0423851051978401,0.7932723543259854,2,0,0,0
v3_torso_proxy:v3_left_forearm_proxy,207,0.034738684863082694,0.0,0.16621471567530627,0.0,5.072340665888066e-09,AIR,0.0,-1,3.239442898043253,0.14508939158665582,0.47360219020647254,UNLOADING,1.367600777905883e-06,0.0,0.19635213899005008,0.031330735781043506,0.16621471567530627,0.11399185695076383,0,ok,0.0,2.5281293499166874e-13,FLAT,0.0,-1,0.8406568526762035,0.0974946462550636,0.9463211481341808,UNLOADING,9.352642310957235e-10,0.0,0.10422666316970272,2.500000000000002,0.0,0.5790503879450682,0,staged_v3,0.7989517902373539,2,1.0466406294640351,0.7903623281433961,2,0,0,0
v3_torso_proxy:v3_left_forearm_proxy,208,0.036590772459314615,0.20000000000000018,0.15194175966400633,0.0,3.950342882598557e-09,AIR,0.0,-1,2.374208237413819,0.15445372428232484,0.4511160665545916,UNLOADING,1.172538992453594e-06,0.0,0.21462283252270853,0.0286403469560369,0.15194175966400633,0.11468952308774474,0,ok,0.0,1.9689091174209178e-13,FLAT,0.0,-1,1.2120807428110187,0.09497844588589134,0.9615374219224883,UNLOADING,8.016561370723438e-10,0.0,0.09202429127334598,2.500000000000002,0.0010000000000000009,0.5800503879450682,0,staged_v3,0.790435184438447,2,1.051694463264891,0.7823690127277899,2,0,0,0
v3_torso_proxy:v3_left_forearm_proxy,209,0.03553185251778343,0.40000000000000036,0.13505828449532611,0.0,3.0765301303683066e-09,AIR,0.0,-1,1.9556028118376596,0.16345304241760183,0.4418147370602635,UNLOADING,1.0052787469287607e-06,0.0,0.23070136151168055,0.025457886862617407,0.13505828449532611,0.11536251344189785,0,ok,0.0,1.5333879624438395e-13,FLAT,0.0,-1,1.4770476745175043,0.09455777014834667,0.9668277247503514,UNLOADING,6.871345584329741e-10,0.0,0.08247589218734594,2.500000000000002,0.0020000000000000018,0.5820503879450682,0,staged_v3,0.7805184578997908,2,1.0569362458193723,0.7732515780912302,2,0,0,0
v3_torso_proxy:v3_left_forearm_proxy,210,0.03586315649107177,0.6000000000000005,0.11062373468935842,0.0,2.3960040746736086e-09,AIR,0.0,-1,1.3726305619030752,0.17153811803946278,0.4292118198149563,UNLOADING,8.618628703397234e-07,0.0,0.2437655871227255,0.020852082732765287,0.11062373468935842,0.11598214907051096,0,ok,0.0,1.194203745903528e-13,AIR,0.0,-1,2.367734019974612,0.0968607065876556,0.9274573752363368,UNLOADING,5.889737162378954e-10,0.0,0.07742487064799053,2.500000000000002,0.0030000000000000027,0.5850503879450683,0,staged_v3,0.7767064294875499,2,1.0614593718363825,0.7682822810069183,2,0,0,0
v3_torso_proxy:v3_left_forearm_proxy,211,0.038220908568991456,0.8000000000000007,0.09695675273193713,0.0,1.866009849598083e-09,AIR,0.0,-1,1.3882650779796826,0.17771387843879854,0.4096836731210277,UNLOADING,7.38896965445525e-07,0.0,0.2523286202255586,0.018275917325914548,0.09695675273193713,0.116544191850222,0,ok,0.0,9.300468124564728e-14,AIR,0.0,-1,2.6376227786568243,0.10127270089702294,0.8369211614241767,UNLOADING,5.048367806461104e-10,0.0,0.075999623870984,2.500000000000002,0.0040000000000000036,0.5890503879450683,0,staged_v3,0.8038306599149887,2,1.0653479445386094,0.7961521641685249,2,0,0,0
v3_torso_proxy:v3_left_forearm_proxy,212,0.04517183317885161,0.6000000000000005,0.082633932600905,0.0,1.4532499320859415e-09,AIR,0.0,-1,1.366889816320772,0.1782844666212477,0.3990837629009681,UNLOADING,6.334650105934147e-07,0.0,0.25141572439472226,0.015576129335774236,0.082633932600905,0.11704174864122041,0,ok,0.0,7.243211858341651e-14,AIR,0.0,-1,3.061381628925559,0.10535110118373155,0.7146865861813281,UNLOADING,4.327201928188122e-10,0.0,0.07570016480748448,-2.500000000000002,0.0030000000000000027,0.5920503879450683,0,staged_v3,0.827583365809037,2,1.0684721661430403,0.8206249422971684,2,0,0,0
v3_torso_proxy:v3_left_forearm_proxy,213,0.03733058285194275,0.40000000000000036,0.06944215968206449,0.0,1.1317921851069973e-09,AIR,0.0,-1,0.7409925779474763,0.17697032110396774,0.3585336132253178,UNLOADING,5.430737243148641e-07,0.0,0.24729356334987979,0.013089538722394989,0.06944215968206449,0.11745716738170395,0,ok,0.0,5.6410190672285634e-14,AIR,0.0,-1,3.371546615242581,0.10973229778149651,0.6194084629573656,UNLOADING,3.70906089450578e-10,0.0,0.07765120061092734,-2.500000000000002,0.0020000000000000018,0.5940503879450683,0,staged_v3,0.8454239263655109,2,1.070747273523067,0.8396043342144215,2,0,0,0
v3_torso_proxy:v3_left_forearm_proxy,214,0.0386376640073645,0.20000000000000018,0.07172026123032418,0.0,8.814406400354258e-10,FLAT,0.0,-1,0.38349642422795666,0.17500839709329652,0.31227916179902293,LOADING,4.65578361569282e-07,0.0,0.2422020230029993,0.013518950747683639,0.07172026123032418,0.11778113765556203,0,ok,0.0,4.393230066878331e-14,AIR,0.0,-1,3.4407756400757523,0.11431678547654783,0.5511387044546888,UNLOADING,3.1792232231612326e-10,0.0,0.08163245126000604,-2.500000000000002,0.0010000000000000009,0.5950503879450683,0,staged_v3,0.8612295723315639,2,1.0720222584241974,0.8564488886596464,2,0,0,0
v3_torso_proxy:v3_left_forearm_proxy,215,0.04501821708640818,0.0,0.0769050984096494,0.0,6.864666606905499e-10,FLAT,0.0,-1,0.16440633958378828,0.17296869556695404,0.2879746355671929,LOADING,3.9913699301284876e-07,0.0,0.23740299097650558,0.01449626953124128,0.0769050984096494,0.11802025916550227,0,ok,0.0,3.421451016297685e-14,AIR,0.0,-1,3.9278218490644425,0.1193716800198483,0.5584256044812739,UNLOADING,2.7250700602119755e-10,0.0,0.08810612647622887,-2.500000000000002,0.0,0.5950503879450683,0,staged_v3,0.8621095764682745,2,1.0681876306425335,0.8585852552227821,2,0,0,0
v3_torso_proxy:v3_left_forearm_proxy,216,0.04613232432852343,0.20000000000000018,0.0928404520570437,0.0,5.346207728982126e-10,FLAT,0.0,-1,0.18074561272844325,0.17034656624912514,0.28643048887958505,LOADING,3.4217192102294917e-07,0.0,0.23219159485299823,0.017500012928301834,0.0928404520570437,0.11819750812977298,0,ok,0.0,2.664628730733091e-14,AIR,0.0,-1,3.962272235791009,0.12458509911841976,0.5932868163594036,UNLOADING,2.3357898193193263e-10,0.0,0.09641249771824027,-2.500000000000002,-0.0010000000000000009,0.5940503879450683,0,staged_v3,0.8614334994700792,2,1.06207163591652,0.8588961952041123,2,0,0,0
v3_torso_proxy:v3_left_forearm_proxy,217,0.03524369786025542,0.40000000000000036,0.10688907618091942,0.0,4.1636307657936773e-10,FLAT,0.0,-1,0.15568681157704897,0.16685828063584168,0.2865512114285281,LOADING,2.9333265426718377e-07,0.0,0.22617679691649775,0.020148116188738574,0.10688907618091942,0.11834191406464967,0,ok,0.0,2.075214942089495e-14,AIR,0.0,-1,4.143317532720821,0.12974437298731473,0.6530050125437297,UNLOADING,2.002115846404891e-10,0.0,0.10619060696007508,-2.500000000000002,-0.0020000000000000018,0.5920503879450683,0,staged_v3,0.8555004274540796,2,1.053947080239336,0.8538573469384905,2,0,0,0
v3_torso_proxy:v3_left_forearm_proxy,218,0.030864343621648627,0.6000000000000005,0.11832171761122953,0.0,0.005516959535230049,FLAT,0.0,-1,0.1448350850216458,0.16198173831519047,0.2960626383453291,LOADING,0.0007769534540404978,0.0,0.21856298851687034,0.022303118328453886,0.11832171761122953,0.11846951278016268,0,ok,0.0,1.616179021940779e-14,AIR,0.0,-1,4.172992503072112,0.1345369139298979,0.6996023450495639,UNLOADING,1.7161062325811664e-10,0.0,0.11678050153809402,-2.500000000000002,-0.0030000000000000027,0.5890503879450683,0,staged_v3,0.8477899707578104,2,1.0477087616024165,0.846787703265833,2,0,0,0
v3_torso_proxy:v3_left_forearm_proxy,219,0.028997993309323074,0.8000000000000007,0.1279961490172211,0.0,0.014342956182432798,FLAT,0.0,-1,0.13071484412584075,0.1556755761825268,0.29345603198156117,LOADING,0.0026483485980825323,0.0,0.2092923039355647,0.02412670568641717,0.1279961490172211,0.11858454702484367,0,ok,0.0,1.2586814878710559e-14,AIR,0.0,-1,4.22052350275126,0.13890397929180692,0.7322652753159502,UNLOADING,1.4709530135373087e-10,0.0,0.12794874809209109,-2.500000000000002,-0.0040000000000000036,0.5850503879450683,0,staged_v3,0.8736288754011907,2,1.042886127600286,0.8672286149562551,2,0,0,0
v3_torso_proxy:v3_left_forearm_proxy,220,0.033054942927078,1.0000000000000009,0.1361437735522022,0.0,0.011170305506437512,FLAT,0.0,-1,0.22956596231524748,0.14756101463763502,0.31849648237118033,LOADING,0.0036411993775911735,0.0,0.19772084427432657,0.02566249672941545,0.1361437735522022,0.11868400729006517,0,ok,0.0,9.802621283914593e-15,AIR,0.0,-1,4.016302122056269,0.14275425368440123,0.7254067274981888,UNLOADING,1.2608207140803468e-10,0.0,0.13940134988534825,-2.500000000000002,-0.0050000000000000044,0.5800503879450682,0,staged_v3,0.897538895995914,2,1.0549692645799815,0.8905938690325429,2,0,0,0
v3_torso_proxy:v3_left_forearm_proxy,221,0.03919508246990921,0.8000000000000007,0.14194737984140196,0.0,0.00869944267556036,FLAT,0.0,-1,0.261381319917674,0.1398745685102758,0.38343035629562583,LOADING,0.0039857219562523145,0.0,0.18616764217701082,0.026756450742364102,0.14194737984140196,0.11876776821247048,0,ok,0.0,7.634289132065104e-15,AIR,0.0,-1,3.8853560116746455,0.1481675696002644,0.6741192031817829,UNLOADING,1.0807070233091908e-10,0.0,0.1530929668357266,2.500000000000002,-0.0040000000000000036,0.5760503879450682,0,staged_v3,0.9195866055951823,2,1.0695923582388558,0.9121792716679361,2,0,0,0
v3_torso_proxy:v3_left_forearm_proxy,222,0.0468914447180613,0.6000000000000005,0.14415723294117008,0.0,0.0067751327680112055,FLAT,0.0,-1,0.3161737882956141,0.1326386612888748,0.4662167275928968,UNLOADING,0.003932969182487929,0.0,0.1745845028012632,0.02717299823818875,0.14415723294117008,0.11883735667723291,0,ok,0.0,5.945590354245819e-15,AIR,0.0,-1,3.6202392478265515,0.15506840732527527,0.6186875317927737,UNLOADING,9.263235444474963e-11,0.0,0.16869383631622376,2.500000000000002,-0.0030000000000000027,0.5730503879450682,0,staged_v3,0.9371601062894079,2,1.0888798667684196,0.9293649349118379,2,0,0,0
v3_torso_proxy:v3_left_forearm_proxy,223,0.052770500046747174,0.40000000000000036,0.14020012626695774,0.0,0.005276478705139862,FLAT,0.0,-1,0.43464905858714853,0.12579501407796198,0.5639874893248461,UNLOADING,0.0036997751175256556,0.0,0.16267116408743515,0.026427101202758152,0.14020012626695774,0.11889933253358839,0,ok,0.0,4.630430423708436e-15,AIR,0.0,-1,3.3266238472759557,0.16285471504102517,0.532399147525091,UNLOADING,7.939947026595875e-11,0.0,0.18510759286460085,2.500000000000002,-0.0020000000000000018,0.5710503879450682,0,staged_v3,0.948980522743002,2,1.101714638825721,0.9408744264733573,2,0,0,0
v3_torso_proxy:v3_left_forearm_proxy,224,0.057303524762071324,0.20000000000000018,0.13457220864173008,0.0,0.004109325747422517,FLAT,0.0,-1,0.4260303889602437,0.11961137072584005,0.6710189390345245,UNLOADING,0.0033643630070562484,0.0,0.1507494791393216,0.02536626372277273,0.13457220864173008,0.11895857074216878,0,ok,0.0,3.606182839941787e-15,AIR,0.0,-1,3.1584664633579376,0.17147650398534348,0.45234783128107425,UNLOADING,6.80569709328008e-11,0.0,0.2021903044121943,2.500000000000002,-0.0010000000000000009,0.5700503879450682,0,staged_v3,0.9576814807671066,2,1.1115779131337113,0.9493941093541262,2,0,0,0
v3_torso_proxy:v3_left_forearm_proxy,225,0.06170903302620975,0.0,0.12489068187487408,0.0,0.003200346109988142,FLAT,0.0,-1,0.6397220791955057,0.1136306387900672,0.7642747692324521,UNLOADING,0.0029915114810929243,0.0,0.13770004045669876,0.023541338920795463,0.12489068187487408,0.11902567056624799,0,ok,0.0,2.8084980196453263e-15,AIR,0.0,-1,2.62010000258755,0.17935391489636415,0.4099571931408418,UNLOADING,5.833478324726563e-11,0.0,0.21753711334910217,2.500000000000002,0.0,0.5700503879450682,0,staged_v3,0.9563327129723582,2,1.1103938066551584,0.9478716437746597,2,0,0,0
v3_torso_proxy:v3_left_forearm_proxy,226,0.06481108371261779,0.20000000000000018,0.12032887625094207,0.0,0.0024924320565582895,FLAT,0.0,-1,0.6748309209494164,0.10836523695886932,0.83109549146282,UNLOADING,0.002624293128304691,0.0,0.12415414911541017,0.0226814588186805,0.12032887625094207,0.11910234835132924,0,ok,0.0,2.18726045695427e-15,AIR,0.0,-1,2.3022102206406276,0.18672978243475707,0.40257121791720707,UNLOADING,5.0001429459420674e-11,0.0,0.2314575464471757,2.500000000000002,0.0010000000000000009,0.5710503879450682,0,staged_v3,0.9514427875543238,2,1.1079604636734008,0.9430465326139374,2,0,0,0
v3_torso_proxy:v3_left_forearm_proxy,227,0.06750649287507172,0.40000000000000036,0.11598775863863046,0.0,0.001941108037399868,FLAT,0.0,-1,0.8126650815042643,0.10397144740422151,0.8789746311360327,UNLOADING,0.0022829545837227535,0.0,0.11000847503052877,0.021863177426728053,0.11598775863863046,0.11918972413691944,0,ok,0.0,1.7034401566571042e-15,AIR,0.0,-1,1.7537450792040334,0.19317687073558293,0.41045171128315405,UNLOADING,4.2858511573821906e-11,0.0,0.2431496554161397,2.500000000000002,0.0020000000000000018,0.5730503879450682,0,staged_v3,0.9408992266233864,2,1.1017983687706874,0.9327551544933003,2,0,0,0
v3_torso_proxy:v3_left_forearm_proxy,228,0.06260489151377373,0.6000000000000005,0.1207595293756906,0.0,0.001511736459553215,FLAT,0.0,-1,1.2382791423166646,0.10182274418820918,0.9132815338352253,UNLOADING,0.001975546138479192,0.0,0.09818107677468982,0.022762635020257826,0.1207595293756906,0.11929140257556042,0,ok,0.0,1.3266405279198293e-15,AIR,0.0,-1,1.3210074366668818,0.1991454916618278,0.41471862760505485,UNLOADING,3.6735977985845756e-11,0.0,0.25316094256477084,2.500000000000002,0.0030000000000000027,0.5760503879450682,0,staged_v3,0.9281266888267025,2,1.0961529998676904,0.9208139742938293,2,0,0,0
v3_torso_proxy:v3_left_forearm_proxy,229,0.055199883496663646,0.8000000000000007,0.11977287775408822,0.0,0.001177341538497637,FLAT,0.0,-1,1.5262792825474707,0.10218983881371943,0.9378635037880052,UNLOADING,0.001703776101274605,0.0,0.08956376396562585,0.02257665557109312,0.11977287775408822,0.11940546259719084,0,ok,0.0,1.033188681998225e-15,AIR,0.0,-1,1.1153561520507045,0.20484698872007945,0.4119226663969422,UNLOADING,3.148806792998854e-11,0.0,0.26182894623342035,2.500000000000002,0.0040000000000000036,0.5800503879450682,0,staged_v3,0.9159760845211563,2,1.0900416694328598,0.9096499335703587,2,0,0,0
v3_torso_proxy:v3_left_forearm_proxy,230,0.044698383228288625,1.0000000000000009,0.10622517985712097,0.0,0.0009169145121244523,AIR,0.0,-1,2.7099517496780177,0.10526701565479016,0.9554772549347561,UNLOADING,0.001466211451245367,0.0,0.08550573925816962,0.020022974679923145,0.10622517985712097,0.11954756062203192,0,ok,0.0,8.046481546007304e-16,AIR,0.0,-1,0.9806193839996801,0.20876966483495613,0.40855140350693575,UNLOADING,2.6989840498278993e-11,0.0,0.26620665714626035,2.500000000000002,0.0050000000000000044,0.5850503879450683,0,staged_v3,0.9208667533846746,2,1.0883322277952976,0.9135882951482306,2,0,0,0
v3_torso_proxy:v3_left_forearm_proxy,231,0.031746581882027045,0.8000000000000007,0.09431999344273234,0.0,0.0007140937400520587,AIR,0.0,-1,2.8887350069288167,0.10893335282918909,0.9361072329032908,UNLOADING,0.0012632705903557952,0.0,0.08383321511607111,0.017778899909179524,0.09431999344273234,0.11971301435936826,0,ok,0.0,6.266606129000097e-16,AIR,0.0,-1,0.7592101398756996,0.2103400923863501,0.37654561621890636,UNLOADING,2.3134204811997175e-11,0.0,0.2666546347997114,-2.500000000000002,0.0040000000000000036,0.5890503879450683,0,staged_v3,0.9478894069312233,2,1.0842798948233354,0.941299768005949,2,0,0,0
v3_torso_proxy:v3_left_forearm_proxy,232,0.024803545183833802,0.6000000000000005,0.08366118405618246,0.0,0.0005561367639389315,AIR,0.0,-1,3.2661658856988387,0.11332790058866156,0.8937232562701869,UNLOADING,0.0010912468494963766,0.0,0.08479835813977275,0.015769761673291582,0.08366118405618246,0.11989958277870677,0,ok,0.0,4.880437760465341e-16,AIR,0.0,-1,0.4516941588153616,0.2113738700420556,0.3412818715249484,UNLOADED,1.9829364336466547e-11,0.0,0.2661059878569895,-2.500000000000002,0.0030000000000000027,0.5920503879450683,0,staged_v3,0.9720942589434537,2,1.0759830779506174,0.9663978145755814,2,0,0,0
v3_torso_proxy:v3_left_forearm_proxy,233,0.03736362005339091,0.40000000000000036,0.07306079200520646,0.0,0.00043311974725043686,AIR,0.0,-1,3.691053950175035,0.11832322939750739,0.8294986004123486,UNLOADING,0.0009459040885819299,0.0,0.08823505970382517,0.01377163484574051,0.07306079200520646,0.12009481700598526,0,ok,0.0,3.800888749581661e-16,FLAT,0.0,-1,0.24714668389589606,0.21216676918597963,0.35467175965564207,UNLOADED,1.6996633042983446e-11,0.0,0.26539321467328536,-2.500000000000002,0.0020000000000000018,0.5940503879450683,0,staged_v3,0.9886544071210375,2,1.0591702449444744,0.9839359877405591,2,0,0,0
v3_torso_proxy:v3_left_forearm_proxy,234,0.05305912446244583,0.20000000000000018,0.062399564695129334,0.0,0.0003373139983223292,AIR,0.0,-1,3.868723782194349,0.12376112610080302,0.7548147002102644,UNLOADING,0.0008225898521847877,0.0,0.09383694682275191,0.011762040842005161,0.062399564695129334,0.1202913002074871,0,ok,0.0,2.9601351345414907e-16,FLAT,0.0,-1,0.1769329516609653,0.21255000124342419,0.3898950316364336,UNLOADED,1.4568568408173706e-11,0.0,0.2645078515728433,-2.500000000000002,0.0010000000000000009,0.5950503879450683,0,staged_v3,1.0024418540703535,2,1.036612418692123,0.9986139892334245,2,0,0,0
v3_torso_proxy:v3_left_forearm_proxy,235,0.053149231802680545,0.0,0.06064804231248623,0.0,0.0002627004060343765,AIR,0.0,-1,4.092112834712521,0.12937064659041728,0.7011483763905297,UNLOADING,0.0007162925079964238,0.0,0.10128137303513816,0.011431886651010581,0.06064804231248623,0.12050558528404703,0,ok,0.0,2.305355560778091e-16,FLAT,0.0,-1,0.2422559415238896,0.21182015299458834,0.4508447247194556,UNLOADED,1.2487362435551285e-11,0.0,0.26243932194020686,-2.500000000000002,0.0,0.5950503879450683,0,staged_v3,1.0025429395340029,2,1.0131345473288742,0.9998293431233177,2,0,0,0
v3_torso_proxy:v3_left_forearm_proxy,236,0.055020537794906024,0.20000000000000018,0.07601032094757737,0.0,0.00020459128193274845,AIR,0.0,-1,4.0676623762425566,0.13496227712260844,0.6601443019490871,UNLOADING,0.0006238980801307041,0.0,0.11020308375289359,0.014327607953154686,0.07601032094757737,0.12073946690058165,0,ok,0.0,1.795412715991995e-16,FLAT,0.0,-1,0.24321659639812168,0.20968965479100288,0.5012011154934418,UNLOADING,1.0703466309756243e-11,0.0,0.25878921202475214,-2.500000000000002,-0.0010000000000000009,0.5940503879450683,0,staged_v3,1.0008544506206176,2,1.0077693456854995,0.9990345414938003,2,0,0,0
v3_torso_proxy:v3_left_forearm_proxy,237,0.05679913217107222,0.40000000000000036,0.09159190960459822,0.0,0.00015933585057880707,AIR,0.0,-1,4.100546814193487,0.1403037178882435,0.6331039846605464,UNLOADING,0.0005431211670660445,0.0,0.12026686748393597,0.01726466822052397,0.09159190960459822,0.12099135484853893,0,ok,0.0,1.3982688291509236e-16,FLAT,0.0,-1,0.23993061730458592,0.2057815921741086,0.5387769484547217,UNLOADING,9.174408907131298e-12,0.0,0.25304558843947556,-2.500000000000002,-0.0020000000000000018,0.5920503879450683,0,staged_v3,0.9936371543395285,2,1.0241835634840388,0.992527539260045,2,0,0,0
v3_torso_proxy:v3_left_forearm_proxy,238,0.06156759434964358,0.6000000000000005,0.10455035559107187,0.0,0.0001240908852021233,AIR,0.0,-1,4.032561823147607,0.14519383873736097,0.610495264928291,UNLOADING,0.00047243728425167626,0.0,0.13101904459722113,0.019707277743306717,0.10455035559107187,0.12124897361327747,0,ok,0.0,1.0889728590870758e-16,FLAT,0.0,-1,0.24687903363976327,0.19983711106228852,0.5803633584522077,UNLOADING,7.863785591439875e-12,0.0,0.24479350232121877,-2.500000000000002,-0.0030000000000000027,0.5890503879450683,0,staged_v3,0.9984933612474208,2,1.0421896090540261,0.9926974100285414,2,0,0,0
v3_torso_proxy:v3_left_forearm_proxy,239,0.06967132826112798,0.8000000000000007,0.11606033291566221,0.0,9.664207856743744e-05,AIR,0.0,-1,4.033348517761853,0.14968820952024672,0.5642172556064562,UNLOADING,0.0004109626651045817,0.0,0.14242770633433538,0.021876857355661805,0.11606033291566221,0.12150508679781716,0,ok,0.0,8.480929154005212e-17,FLAT,0.0,-1,0.24281464212683565,0.19199311630033192,0.6409263497045814,UNLOADING,6.74039200020302e-12,0.0,0.23421732031462467,-2.500000000000002,-0.0040000000000000036,0.5850503879450683,0,staged_v3,1.0220166625088158,2,1.061103864779289,1.0156916999307362,2,0,0,0
v3_torso_proxy:v3_left_forearm_proxy,240,0.07114179019941028,0.6000000000000005,0.1239438332662395,0.0,7.526492646596851e-05,AIR,0.0,-1,3.8457647987781685,0.15568591184052333,0.5298154634967911,UNLOADING,0.0003573091993132628,0.0,0.1562462574953631,0.023362862162818576,0.1239438332662395,0.12174882457059077,0,ok,0.0,6.604954266312367e-17,FLAT,0.0,-1,0.3472506330403932,0.1843051520363167,0.7123791525117927,UNLOADING,5.777481571206223e-12,0.0,0.2232659061449785,2.500000000000002,-0.0030000000000000027,0.5820503879450682,0,staged_v3,1.0390701273852336,2,1.0807444430478466,1.0323148943635059,2,0,0,0
v3_torso_proxy:v3_left_forearm_proxy,241,0.0725838969457519,0.40000000000000036,0.13015892299178292,0.0,5.861638366950798e-05,AIR,0.0,-1,3.7727518258057744,0.16334861238840265,0.5051655023103658,UNLOADING,0.0003104086578070087,0.0,0.17262010729158483,0.024534378976208693,0.13015892299178292,0.12198451030729093,0,ok,0.0,5.143943554754888e-17,FLAT,0.0,-1,0.3625596282648898,0.17698214661159956,0.7711671992056539,UNLOADING,4.952128742609635e-12,0.0,0.21212953490910183,2.500000000000002,-0.0020000000000000018,0.5800503879450682,0,staged_v3,1.0535923638164413,2,1.0996418123548855,1.0464842947678241,2,0,0,0
v3_torso_proxy:v3_left_forearm_proxy,242,0.07280971258574247,0.20000000000000018,0.13367799297893385,0.0,4.565048550262672e-05,AIR,0.0,-1,3.54819743326532,0.1728018493664878,0.4692800461384642,UNLOADING,0.0002695256529145376,0.0,0.19163227023486865,0.025197708041354794,0.13367799297893385,0.12222373779948303,0,ok,0.0,4.006107268518213e-17,FLAT,0.0,-1,0.4578331022984752,0.170172760457951,0.8231952556173574,UNLOADING,4.244682791235075e-12,0.0,0.20081132730757265,2.500000000000002,-0.0010000000000000009,0.5790503879450682,0,staged_v3,1.0628612048466575,2,1.116744108979596,1.0555256588696784,2,0,0,0
v3_torso_proxy:v3_left_forearm_proxy,243,0.07023010435797906,0.0,0.13640329814278718,0.0,3.5552633857035504e-05,AIR,0.0,-1,3.0862308428635155,0.18317129526097184,0.425344006019674,UNLOADING,0.00023394063594785126,0.0,0.2115880666696112,0.025711415962247908,0.13640329814278718,0.12247578822803185,0,ok,0.0,3.119959477790031e-17,FLAT,0.0,-1,0.5662227325425139,0.16356831364989738,0.8733138647918413,UNLOADING,3.638300099995219e-12,0.0,0.18861039024078474,2.500000000000002,0.0,0.5790503879450682,0,staged_v3,1.0664598313675282,2,1.1285757738752489,1.0588931225179934,2,0,0,0
v3_torso_proxy:v3_left_forearm_proxy,244,0.06831905235973008,0.20000000000000018,0.14072281895053582,0.0,2.7688419088110193e-05,AIR,0.0,-1,2.819222826484762,0.19422110065419348,0.4013209634628619,UNLOADING,0.00020288861310714483,0.0,0.23198840118204206,0.026525626452446993,0.14072281895053582,0.1227475525133574,0,ok,0.0,2.4298268844539275e-17,FLAT,0.0,-1,0.5767306525979574,0.15748520431184895,0.9092254175077698,UNLOADING,3.1185432579480744e-12,0.0,0.1758672910967517,2.500000000000002,0.0010000000000000009,0.5800503879450682,0,staged_v3,1.0668560856547162,2,1.1372176486602956,1.0591985062681082,2,0,0,0
v3_torso_proxy:v3_left_forearm_proxy,245,0.06016516653726738,0.40000000000000036,0.13011640490809415,0.0,2.156376246782945e-05,AIR,0.0,-1,1.7144163411535025,0.2041213568189859,0.4029729028671292,UNLOADING,0.0001757436898789,0.0,0.24960720001790596,0.02452636450624701,0.13011640490809415,0.12302832164335387,0,ok,0.0,1.8923510803406706e-17,FLAT,0.0,-1,0.8185414162590318,0.1515698193010963,0.9349571694400537,UNLOADING,2.6730372540753078e-12,0.0,0.16202370100541935,2.500000000000002,0.0020000000000000018,0.5820503879450682,0,staged_v3,1.0594936879375108,2,1.1359551948936446,1.0518264913639448,2,0,0,0
v3_torso_proxy:v3_left_forearm_proxy,246,0.05436977624526207,0.6000000000000005,0.11797655716570517,0.0,1.6793875095911347e-05,AIR,0.0,-1,1.4473959339171245,0.21330495930288165,0.41237973341120043,UNLOADING,0.00015204722294775977,0.0,0.2651310792349576,0.02223805711725574,0.11797655716570517,0.12330264948218234,0,ok,0.0,1.473764503215333e-17,FLAT,0.0,-1,1.024913014986308,0.14712768743759314,0.9533947753754528,UNLOADING,2.291174887329015e-12,0.0,0.1492746695541055,2.500000000000002,0.0030000000000000027,0.5850503879450683,0,staged_v3,1.051086248852946,2,1.1312687252314015,1.0438288199129513,2,0,0,0
v3_torso_proxy:v3_left_forearm_proxy,247,0.04671564642150376,0.8000000000000007,0.10032733364221588,0.0,1.3079083075499121e-05,AIR,0.0,-1,0.9320518526192646,0.2216751077698621,0.4156338585796008,UNLOADING,0.0001314180444281007,0.0,0.2783060004364154,0.018911256859478254,0.10032733364221588,0.12354100161490619,0,ok,0.0,1.1477689491669415e-17,FLAT,0.0,-1,1.5591638897117484,0.1451775617668261,0.9666058973201873,UNLOADING,1.9638642438944617e-12,0.0,0.13975711366839022,2.500000000000002,0.0040000000000000036,0.5890503879450683,0,staged_v3,1.044306449429418,2,1.1210113023017378,1.0357184544556002,2,0,0,0
v3_torso_proxy:v3_left_forearm_proxy,248,0.04263311142672529,1.0000000000000009,0.08168115735607905,0.0,1.0186000141054674e-05,AIR,0.0,-1,0.9454589040707535,0.22836065150769713,0.4063436148855957,UNLOADING,0.00011350789294158821,0.0,0.2876933184773093,0.015396535433194192,0.08168115735607905,0.12374195112250089,0,ok,0.0,8.938833563962574e-18,AIR,0.0,-1,2.028741548539402,0.14563697335261,0.9681997574630473,UNLOADING,1.6833122496605493e-12,0.0,0.13360854612347212,2.500000000000002,0.0050000000000000044,0.5940503879450683,0,staged_v3,1.0687554449422854,2,1.106669159152379,1.0605873143123794,2,0,0,0
v3_torso_proxy:v3_left_forearm_proxy,249,0.039139334770553105,0.8000000000000007,0.07297622242583032,0.0,7.93286488621882e-06,AIR,0.0,-1,0.9867884444695647,0.23142511186914638,0.3866630240022966,UNLOADING,9.798755385854873e-05,0.0,0.29139957158988317,0.013755693855583395,0.07297622242583032,0.12390732809198582,0,ok,0.0,6.96157057935901e-18,AIR,0.0,-1,2.2293165579208414,0.14643758033295387,0.9160534010915724,UNLOADING,1.4428391546233526e-12,0.0,0.12884596684121571,-2.500000000000002,0.0040000000000000036,0.5980503879450683,0,staged_v3,1.0933576645549323,2,1.0914881342830294,1.0855896186451537,2,0,0,0
v3_torso_proxy:v3_left_forearm_proxy,250,0.026208990442049745,0.6000000000000005,0.06279400229232428,0.0,6.178121385386869e-06,AIR,0.0,-1,0.8033439768251006,0.23160198417378194,0.3495743093265546,UNLOADED,8.456339028863528e-05,0.0,0.29041948065628376,0.011836390577463995,0.06279400229232428,0.12403826891926914,0,ok,0.0,5.4216766186116506e-18,AIR,0.0,-1,2.8229774686686957,0.14787635177012232,0.8279646677144771,UNLOADING,1.2367194086371506e-12,0.0,0.12608020260732167,-2.500000000000002,0.0030000000000000027,0.6010503879450683,0,staged_v3,1.1131647824534423,2,1.106146764406167,1.106146764406167,2,0,0,0
v3_torso_proxy:v3_left_forearm_proxy,251,0.02040369332860788,0.40000000000000036,0.05315101914290266,0.0,4.811525772849486e-06,FLAT,0.0,-1,0.5565981117355077,0.23010821213732674,0.28498331518997655,UNLOADED,7.29743804198275e-05,0.0,0.2868182166822222,0.010018731076209209,0.05315101914290266,0.12413252834333047,0,ok,0.0,4.22240599613468e-18,AIR,0.0,-1,2.962847395073214,0.14998486768126773,0.7316091831019297,UNLOADING,1.0600453692968426e-12,0.0,0.1253699853434283,-2.500000000000002,0.0020000000000000018,0.6030503879450683,0,staged_v3,1.1300793688769637,2,1.1238508174954667,1.1238508174954667,2,0,0,0
v3_torso_proxy:v3_left_forearm_proxy,252,0.03923634345128306,0.20000000000000018,0.04341912207184587,0.0,3.7472200396634265e-06,FLAT,0.0,-1,0.2055775279799868,0.22842128726658478,0.2387018455100304,UNLOADED,6.295700488851837e-05,0.0,0.28323924905346143,0.008184311695573765,0.04341912207184587,0.12418386739616033,0,ok,0.0,3.2884130962350843e-18,AIR,0.0,-1,3.331860201262929,0.15307028629253244,0.6615360297535365,UNLOADING,9.086104755414868e-13,0.0,0.12720363967863035,-2.500000000000002,0.0010000000000000009,0.6040503879450683,0,staged_v3,1.1399814750904231,2,1.1346930142892564,1.1346930142892564,2,0,0,0
v3_torso_proxy:v3_left_forearm_proxy,253,0.04786635823689338,0.0,0.03905891523306116,0.0,2.9183379012307375e-06,FLAT,0.0,-1,0.1872692648895633,0.22602641085680195,0.23349869708110435,UNLOADED,5.428270559068017e-05,0.0,0.278999678997066,0.007362432069202285,0.03905891523306116,0.12420998675773653,0,ok,0.0,2.5610186944101466e-18,AIR,0.0,-1,3.5432418427380306,0.1567946346533295,0.6107665426358388,UNLOADING,7.788091214404403e-13,0.0,0.13112961399601142,-2.500000000000002,0.0,0.6040503879450683,0,staged_v3,1.1420058248961977,2,1.1376443623799624,1.1376443623799624,2,0,0,0
v3_torso_proxy:v3_left_forearm_proxy,254,0.05038378664671628,0.20000000000000018,0.04666491248216596,0.0,2.2728038427454587e-06,FLAT,0.0,-1,0.16446235371001774,0.2226489022881153,0.22977047831821604,LOADING,4.677811630867934e-05,0.0,0.2737383967094954,0.008796128774062995,0.04666491248216596,0.12422114013296795,0,ok,0.0,1.9945233646671293e-18,AIR,0.0,-1,3.6401629678232634,0.16094782928578752,0.5783740211442875,UNLOADING,6.675507956550726e-13,0.0,0.13681141271955516,-2.500000000000002,-0.0010000000000000009,0.6030503879450683,0,staged_v3,1.1413407342801876,2,1.1378175792411367,1.1378175792411367,2,0,0,0
v3_torso_proxy:v3_left_forearm_proxy,255,0.05289185967955949,0.40000000000000036,0.059373322171635816,0.0,1.7700614124978614e-06,FLAT,0.0,-1,0.1538442464976272,0.2178057436907881,0.23550491431707046,LOADING,4.028884301475538e-05,0.0,0.2667970229458745,0.011191607565217865,0.059373322171635816,0.12423005970239481,0,ok,0.0,1.5533363582569735e-18,AIR,0.0,-1,3.788748291592212,0.16498886063707496,0.6114616814012211,UNLOADING,5.721864824944475e-13,0.0,0.14344949952803027,-2.500000000000002,-0.0020000000000000018,0.6010503879450683,0,staged_v3,1.1330534362737872,2,1.1302374213783097,1.1302374213783097,2,0,0,0
v3_torso_proxy:v3_left_forearm_proxy,256,0.05653993286605073,0.6000000000000005,0.07092628258815425,0.0,1.3785252141378114e-06,FLAT,0.0,-1,0.1573675450393646,0.21146602447300894,0.23961381725873113,LOADING,3.468303851627473e-05,0.0,0.2581177408853833,0.013369289299522746,0.07092628258815425,0.1242268164998721,0,ok,0.0,1.2097395721838152e-18,AIR,0.0,-1,3.821589406202323,0.16881129849254012,0.6596297407226366,UNLOADING,4.904456152465796e-13,0.0,0.15084842975182572,-2.500000000000002,-0.0030000000000000027,0.5980503879450683,0,staged_v3,1.1244275916300837,2,1.1222145392820002,1.1222145392820002,2,0,0,0
v3_torso_proxy:v3_left_forearm_proxy,257,0.06347013291957639,0.8000000000000007,0.0814748879188503,0.0,1.0735965162542035e-06,FLAT,0.0,-1,0.17512105804541986,0.2035110339376297,0.28468069076820024,LOADING,2.983802791657843e-05,0.0,0.24748912791559236,0.015357654560274714,0.0814748879188503,0.12419661940576479,0,ok,0.0,9.421461261292216e-19,AIR,0.0,-1,3.8779757264574855,0.17226150656149555,0.717604459999472,UNLOADING,4.2038199393390593e-13,0.0,0.15877994378576343,-2.500000000000002,-0.0040000000000000036,0.5940503879450683,0,staged_v3,1.1246579140447022,2,1.1190635785184473,1.1190635785184473,2,0,0,0
v3_torso_proxy:v3_left_forearm_proxy,258,0.0651887937107133,1.0000000000000009,0.09072412943616738,0.0,8.36117807561506e-07,FLAT,0.0,-1,0.2434298987668229,0.19404686148343825,0.3672251550903742,LOADING,2.565103454506807e-05,0.0,0.23501357817315618,0.017101095512399578,0.09072412943616738,0.12412781113119797,0,ok,0.0,7.337441407971284e-19,AIR,0.0,-1,3.822619703863411,0.17535528519272436,0.7473141663465814,UNLOADING,3.6032744985859794e-13,0.0,0.1672323722494553,-2.500000000000002,-0.0050000000000000044,0.5890503879450683,0,staged_v3,1.1452751693157535,2,1.139219233581803,1.139219233581803,2,0,0,0
v3_torso_proxy:v3_left_forearm_proxy,259,0.0652168300208274,0.9312055427469268,0.09887482246137236,0.0,6.511692032688471e-07,FLAT,0.0,-1,0.2125108690487154,0.1845296538274153,0.4649212497715881,UNLOADING,2.2036376296268678e-05,0.0,0.222178081562184,0.01863746495217855,0.09887482246137236,0.1240159995183992,0,ok,0.0,5.714405114268588e-19,AIR,0.0,-1,3.805298975490875,0.17946170666629271,0.7269602004865173,UNLOADING,3.088521221682272e-13,0.0,0.1775277901562733,0.8599307156634262,-0.004656027713734634,0.5843943602313336,0,staged_v3,1.1651138828906822,2,1.1586110515997488,1.1586110515997488,2,0,0,0
v3_torso_proxy:v3_left_forearm_proxy,260,0.05659877998551274,0.7312055427469266,0.10302810024373843,0.0,5.07131085417761e-07,FLAT,0.0,-1,0.4406931221070842,0.17549075356863628,0.5781766059909135,UNLOADING,1.8918882504752927e-05,0.0,0.20926410703439877,0.019420339370342488,0.10302810024373843,0.12387052683201363,0,ok,0.0,4.450383177779617e-19,AIR,0.0,-1,3.5529453321490667,0.18505794460920652,0.6646488662557386,UNLOADING,2.6473041175049536e-13,0.0,0.1899011691051234,2.500000000000002,-0.003656027713734633,0.580738332517599,0,staged_v3,1.1785459396251488,2,1.1716389140702874,1.1716389140702874,2,0,0,0
v3_torso_proxy:v3_left_forearm_proxy,261,0.04961298927292856,0.5312055427469264,0.10507551266576773,0.0,3.9495408644320377e-07,FLAT,0.0,-1,0.4130477234471613,0.1669104307054451,0.6967616920615725,UNLOADING,1.623329431962914e-05,0.0,0.1961674812914108,0.019806267519777432,0.10507551266576773,0.12370246222298831,0,ok,0.0,3.4659619038225733e-19,AIR,0.0,-1,3.404975672972403,0.19188973488440506,0.6017778570983581,UNLOADING,2.2691180121789284e-13,0.0,0.20389405746187944,2.500000000000002,-0.002656027713734632,0.5780823048038644,0,staged_v3,1.1885324221197169,2,1.1813020476356844,1.1813020476356844,2,0,0,0
v3_torso_proxy:v3_left_forearm_proxy,262,0.0428103323101976,0.33120554274692626,0.10360534605013938,0.0,3.075905517992184e-07,FLAT,0.0,-1,0.5125873681593022,0.15860469816207726,0.7827202577967003,UNLOADING,1.3923799873367706e-05,0.0,0.18243851583834153,0.01952914764142477,0.10360534605013938,0.12352819234653842,0,ok,0.0,2.6992938447926773e-19,AIR,0.0,-1,3.1090241438512933,0.19938692803967917,0.5434271546577267,UNLOADING,1.9449584722139774e-13,0.0,0.21858080203170788,2.500000000000002,-0.0016560277137346313,0.5764262770901297,0,staged_v3,1.1914219577764298,2,1.1839746107613411,1.1839746107613411,2,0,0,0
v3_torso_proxy:v3_left_forearm_proxy,263,0.03811610675006295,0.13120554274692608,0.10393040891532183,0.0,2.395517626065968e-07,FLAT,0.0,-1,0.6449822915769388,0.15055931098308134,0.8443122615579346,UNLOADING,1.194001350176661e-05,0.0,0.16782217199479388,0.019590420547977494,0.10393040891532183,0.12335630888767016,0,ok,0.0,2.1022121600643604e-19,AIR,0.0,-1,2.647699148237864,0.20692705441785836,0.5106191129542041,UNLOADING,1.6671074088666166e-13,0.0,0.23288477386059167,2.500000000000002,-0.0006560277137346304,0.5757702493763951,0,staged_v3,1.1879020065319486,2,1.1803954970024244,1.1803954970024244,2,0,0,0
v3_torso_proxy:v3_left_forearm_proxy,264,0.03613657586671039,0.06879445725307409,0.10247445849913965,0.0,1.8656310030415288e-07,FLAT,0.0,-1,0.6826286421059827,0.143133612194714,0.8884448607338375,UNLOADING,1.0237270440462288e-05,0.0,0.15270287580498243,0.019315980360089358,0.10247445849913965,0.12318915230691058,0,ok,0.0,1.6372044764403533e-19,AIR,0.0,-1,2.4099933979909687,0.2144351462916218,0.49093349224624,UNLOADING,1.4289493266636664e-13,0.0,0.24665345670105987,2.500000000000002,0.00034397228626537046,0.5761142216626605,0,staged_v3,1.181485125379097,2,1.1741009447328083,1.1741009447328083,2,0,0,0
v3_torso_proxy:v3_left_forearm_proxy,265,0.031423450085212884,0.26879445725307427,0.09131925990919183,0.0,1.452954886091033e-07,FLAT,0.0,-1,1.1010924569765104,0.13724109127853268,0.920067249860375,UNLOADING,8.776462358680163e-06,0.0,0.13863582760625986,0.01721327496371844,0.09131925990919183,0.12303841499681545,0,ok,0.0,1.2750561282997566e-19,AIR,0.0,-1,1.6068688797097983,0.22154146338471892,0.4793301288455604,UNLOADING,1.22481380340933e-13,0.0,0.258956642688447,2.500000000000002,0.0013439722862653714,0.5774581939489258,0,staged_v3,1.1699369121640946,2,1.163093483439988,1.163093483439988,2,0,0,0
v3_torso_proxy:v3_left_forearm_proxy,266,0.024748203048148655,0.46879445725307445,0.09273644194960882,0.0,1.1315624030551203e-07,FLAT,0.0,-1,1.4840113613499493,0.13357446265706285,0.9427256817846873,UNLOADING,7.5236078712280405e-06,0.0,0.12701934133424336,0.017480407484936844,0.09273644194960882,0.12290264904861067,0,ok,0.0,9.930147111798441e-20,AIR,0.0,-1,1.4234841621906844,0.22843418975191826,0.4710159556610075,UNLOADING,1.0498404779635596e-13,0.0,0.2700379041576398,2.500000000000002,0.0023439722862653722,0.5798021662351912,0,staged_v3,1.165130466902105,2,1.1565907315681876,1.1565907315681876,2,0,0,0
v3_torso_proxy:v3_left_forearm_proxy,267,0.014686741378823063,0.6687944572530746,0.08338631567415537,0.0,8.812616855934884e-08,FLAT,0.0,-1,2.233878297382404,0.1329183547195284,0.9589611577069618,UNLOADING,6.449323403328806e-06,0.0,0.11976935841484619,0.015717950203910758,0.08338631567415537,0.12278294321014155,0,ok,0.0,7.733606346682876e-20,AIR,0.0,-1,1.0278790946252931,0.23503762515926646,0.4581401179242632,UNLOADING,8.998633266906371e-14,0.0,0.2796237929636063,2.500000000000002,0.003343972286265373,0.5831461385214566,0,staged_v3,1.1944870136972177,2,1.1864789453275744,1.1864789453275744,2,0,0,0
v3_torso_proxy:v3_left_forearm_proxy,268,0.013961448488752554,0.46879445725307445,0.07475397572093417,0.0,6.86327290831035e-08,AIR,0.0,-1,2.6434146526052387,0.13271337033629413,0.9489315038374955,UNLOADING,5.528492198604949e-06,0.0,0.11412229808760824,0.014090792457090995,0.07475397572093417,0.12267920247727435,0,ok,0.0,6.02293867876261e-20,AIR,0.0,-1,0.9054573138451951,0.23839480593595386,0.4267633130316789,UNLOADING,7.713114722001092e-14,0.0,0.28398567276291575,-2.500000000000002,0.0023439722862653722,0.585490110807722,0,staged_v3,1.2213029403879614,2,1.2137413944386921,1.2137413944386921,2,0,0,0
v3_torso_proxy:v3_left_forearm_proxy,269,0.016567121728882597,0.26879445725307427,0.06667706537503039,0.0,5.345122315424859e-08,AIR,0.0,-1,2.7812605597230924,0.13273249928838166,0.8706133502577069,UNLOADING,4.739695580902607e-06,0.0,0.1097652187862331,0.01256833072470731,0.06667706537503039,0.12258788229485429,0,ok,0.0,4.6906693594113735e-20,AIR,0.0,-1,0.7665992074151555,0.23853816510826678,0.35940365745240815,UNLOADING,6.611241619547456e-14,0.0,0.2830909788435295,-2.500000000000002,0.0013439722862653714,0.5868340830939873,0,staged_v3,1.2467708175014405,2,1.239737839625199,1.239737839625199,2,0,0,0
v3_torso_proxy:v3_left_forearm_proxy,270,0.036739613682447804,0.06879445725307409,0.05895974105856604,0.0,4.162785444865321e-08,AIR,0.0,-1,3.4397112754063977,0.13412434677142976,0.7840224523901529,UNLOADING,4.063880595333103e-06,0.0,0.1084811970804184,0.011113649362028855,0.05895974105856604,0.12250006708630373,0,ok,0.0,3.6530969702386226e-20,FLAT,0.0,-1,0.1792193471453411,0.2388548165479824,0.335055617739177,LOADING,5.666778878055864e-14,0.0,0.2826508987654982,-2.500000000000002,0.00034397228626537046,0.5871780553802527,0,staged_v3,1.261638743821451,2,1.2556495021047114,1.2556495021047114,2,0,0,0
v3_torso_proxy:v3_left_forearm_proxy,271,0.0522444887558483,0.13120554274692608,0.050844913327365425,0.0,3.241980564219358e-08,AIR,0.0,-1,3.507309812116139,0.13631932486063697,0.720867522268961,UNLOADING,3.484618998953583e-06,0.0,0.10945539058894878,0.00958404037089966,0.050844913327365425,0.12241015458602997,0,ok,0.0,2.845034781057616e-20,FLAT,0.0,-1,0.17928782094128115,0.23861290004172792,0.34961988697435986,LOADING,4.8572393026698896e-14,0.0,0.28170052008062,-2.500000000000002,-0.0006560277137346304,0.5865220276665181,0,staged_v3,1.27286993888215,2,1.2678123124714897,1.2678123124714897,2,0,0,0
v3_torso_proxy:v3_left_forearm_proxy,272,0.05949193272651844,0.33120554274692626,0.04254236448810055,0.0,2.5248570021163113e-08,AIR,0.0,-1,3.7130630461112326,0.13907170595170384,0.6793433699059266,UNLOADING,2.987972873585597e-06,0.0,0.11240555390124421,0.00801904678452936,0.04254236448810055,0.12232037811907479,0,ok,0.0,2.2157153153530543e-20,FLAT,0.0,-1,0.15329843157923084,0.23735121284232627,0.3834851317357011,LOADING,4.163348168862968e-14,0.0,0.27963177601478073,-2.500000000000002,-0.0016560277137346313,0.5848659999527834,0,staged_v3,1.2758042704140446,2,1.2717719227015778,1.2717719227015778,2,0,0,0
v3_torso_proxy:v3_left_forearm_proxy,273,0.0643205961721112,0.5312055427469264,0.0501752772729103,0.0,1.966360610391503e-08,AIR,0.0,-1,3.801000188106866,0.14224150586708195,0.6524672977628627,UNLOADING,2.562095855382657e-06,0.0,0.11724374886279756,0.009457816948344355,0.0501752772729103,0.12223839676456547,0,ok,0.0,1.7256008226602634e-20,FLAT,0.0,-1,0.20762724721013415,0.23483911515224865,0.45302838066497153,UNLOADING,3.568584279576069e-14,0.0,0.27614836227580497,-2.500000000000002,-0.002656027713734632,0.5822099722390488,0,staged_v3,1.2713596231154265,2,1.2683894010048558,1.2683894010048558,2,0,0,0
v3_torso_proxy:v3_left_forearm_proxy,274,0.06747980235493478,0.7312055427469266,0.05687007099340619,0.0,1.5314031831736684e-08,AIR,0.0,-1,3.8632695592019717,0.14575822073562397,0.6144348787558402,UNLOADING,2.1969256698336976e-06,0.0,0.12386388493307716,0.010719755834520894,0.05687007099340619,0.12217022914272388,0,ok,0.0,1.3438992719564736e-20,FLAT,0.0,-1,0.21501864974536383,0.23098614684233176,0.5230827461373232,UNLOADING,3.058786616912166e-14,0.0,0.27114035629526123,-2.500000000000002,-0.003656027713734633,0.5785539445253142,0,staged_v3,1.2646489865870914,2,1.2626645087871449,1.2626645087871449,2,0,0,0
v3_torso_proxy:v3_left_forearm_proxy,275,0.06681987039760837,0.9312055427469268,0.06206923760502271,0.0,1.192657998253695e-08,AIR,0.0,-1,3.8241424663700925,0.1491643671847941,0.6185365300888678,UNLOADING,1.8837290819409282e-06,0.0,0.131630765789864,0.011699775652431521,0.06206923760502271,0.12212690886970676,0,ok,0.0,1.0466298053687925e-20,FLAT,0.0,-1,0.22531184285077333,0.2252129736261677,0.5933014325852406,UNLOADING,2.6218171610194054e-14,0.0,0.2638286140336943,-2.500000000000002,-0.004656027713734634,0.5738979168115795,0,staged_v3,1.2497296362782395,2,1.2485103940527227,1.2485103940527227,2,0,0,0
v3_torso_proxy:v3_left_forearm_proxy,276,0.06540624041810306,1.0000000000000009,0.07172809757023699,0.0,9.288429829763518e-09,AIR,0.0,-1,3.8114038705804707,0.15309624424401697,0.6227554134770168,UNLOADING,1.6151255002165924e-06,0.0,0.14110342407266369,0.013520427862957707,0.07172809757023699,0.1221125473093759,0,ok,0.0,8.151161120070877e-21,FLAT,0.0,-1,0.23771258702033846,0.2182085865620529,0.6504310806496172,UNLOADING,2.2472718930079557e-14,0.0,0.2549059606525208,-0.8599307156634262,-0.0050000000000000044,0.5688979168115795,0,staged_v3,1.2342914588805136,2,1.2337374749051349,1.2337374749051349,2,0,0,0
v3_torso_proxy:v3_left_forearm_proxy,277,0.06129684103961494,0.8317590318094092,0.08347503988639754,0.0,7.233836424923624e-09,AIR,0.0,-1,3.749004534934276,0.15857049020010341,0.6213513843335351,UNLOADING,1.3847845833496871e-06,0.0,0.15318412952079338,0.01573467432391329,0.08347503988639754,0.12213078583928308,0,ok,0.0,6.3481306632523885e-21,FLAT,0.0,-1,0.26420210463385013,0.21098502313098824,0.7198093336448113,UNLOADING,1.92623307655949e-14,0.0,0.24527391687597372,2.1030121023823956,-0.004158795159047046,0.5647391216525325,0,staged_v3,1.2385204641989958,2,1.2362098381362374,1.2334694481496704,2,0,0,0
v3_torso_proxy:v3_left_forearm_proxy,278,0.054385977193464476,0.6317590318094091,0.09376573235337995,0.0,5.63371747234097e-09,AIR,0.0,-1,3.6607075719259687,0.16579661987351307,0.5945159756331948,UNLOADING,1.187284554647279e-06,0.0,0.16808080014277632,0.017674424155190716,0.09376573235337995,0.12218005206303911,0,ok,0.0,4.943929131580557e-21,FLAT,0.0,-1,0.330152039449633,0.20375800020801751,0.7992346146259733,UNLOADING,1.6510569369448464e-14,0.0,0.23509130348225862,2.500000000000002,-0.0031587951590470453,0.5615803264934854,0,staged_v3,1.255537644140835,2,1.2584227281325204,1.250024553834486,2,0,0,0
v3_torso_proxy:v3_left_forearm_proxy,279,0.04781800611504165,0.4317590318094089,0.10314292753634091,0.0,4.387543579062203e-09,AIR,0.0,-1,3.5731520955103755,0.17494005068335636,0.5515254450662586,UNLOADING,1.0179535756482208e-06,0.0,0.18596604665532404,0.01944198380507478,0.10314292753634091,0.1222598014584137,0,ok,0.0,3.850335879124468e-21,FLAT,0.0,-1,0.30917268091458366,0.19673401931431816,0.8561453153000969,UNLOADING,1.4151916681511377e-14,0.0,0.2246028930073351,2.500000000000002,-0.0021587951590470444,0.5594215313344384,0,staged_v3,1.2711633131039808,2,1.281212438428724,1.2652421200408401,2,0,0,0
v3_torso_proxy:v3_left_forearm_proxy,280,0.04373362508597491,0.2317590318094087,0.11460933286313058,0.0,3.417022375133558e-09,AIR,0.0,-1,3.3065346803460716,0.18535151256032772,0.5024983966794698,UNLOADING,8.727744897142195e-07,0.0,0.20560974694290968,0.021603350289338297,0.11460933286313058,0.12236204208705515,0,ok,0.0,2.998644597750062e-21,FLAT,0.0,-1,0.49959035362838994,0.18974955326479226,0.8969236142397992,UNLOADING,1.213021434259396e-14,0.0,0.2133226432915568,2.500000000000002,-0.0011587951590470436,0.5582627361753913,0,staged_v3,1.2805406865763087,2,1.302170260480996,1.2742923978484977,2,0,0,0
v3_torso_proxy:v3_left_forearm_proxy,281,0.04247380721900573,0.03175903180940853,0.12352669493709706,0.0,2.6611797015265267e-09,AIR,0.0,-1,2.97656358355284,0.1966276110199397,0.4532057423567303,UNLOADING,7.483002937235241e-07,0.0,0.22622490773730908,0.0232842334401967,0.12352669493709706,0.12248685576035095,0,ok,0.0,2.335346760880586e-21,FLAT,0.0,-1,0.4833757233574426,0.18282434968022196,0.9261425422220338,UNLOADING,1.0397326604006647e-14,0.0,0.2011867016239674,2.500000000000002,-0.00015879515904704267,0.5581039410163443,0,staged_v3,1.2863434568227543,2,1.3207211880886627,1.2798355028555137,2,0,0,0
v3_torso_proxy:v3_left_forearm_proxy,282,0.04612492217599694,0.16824096819059164,0.12432843829911287,0.0,2.0725288354425867e-09,AIR,0.0,-1,2.475735236900634,0.207539821815454,0.4344138854890464,UNLOADING,6.415677079817707e-07,0.0,0.24575860812528733,0.023435358503567094,0.12432843829911287,0.12263161061007855,0,ok,0.0,1.818769886117069e-21,FLAT,0.0,-1,0.5381088823852709,0.17562876202695998,0.9470788189827056,UNLOADING,8.911994245755905e-15,0.0,0.18751007952345827,2.500000000000002,0.0008412048409529582,0.5589451458572973,0,staged_v3,1.2853823717235582,2,1.3342104678516726,1.27865869139803,2,0,0,0
v3_torso_proxy:v3_left_forearm_proxy,283,0.04670628011250368,0.3682409681905918,0.11558239902299486,0.0,1.6140870799807533e-09,AIR,0.0,-1,1.675677744466663,0.21731609564093438,0.43883206094271326,UNLOADING,5.500445745443937e-07,0.0,0.2627952045250104,0.021786768939295487,0.11558239902299486,0.12278361249941133,0,ok,0.0,1.4164594115346632e-21,FLAT,0.0,-1,0.6706212690515388,0.16882054533011512,0.9620803168085653,UNLOADING,7.638852218321018e-15,0.0,0.17336497141525242,2.500000000000002,0.0018412048409529591,0.5607863506982502,0,staged_v3,1.2795117780630714,2,1.340234378703746,1.272820982379469,2,0,0,0
v3_torso_proxy:v3_left_forearm_proxy,284,0.04648864298102792,0.568240968190592,0.10365660457821015,0.0,1.257052281834448e-09,AIR,0.0,-1,1.3058077223418414,0.22592573551780745,0.4419978219908741,UNLOADING,4.7156698359678537e-07,0.0,0.2772515029598699,0.01953880964633803,0.10365660457821015,0.12293569408873742,0,ok,0.0,1.103139698892057e-21,FLAT,0.0,-1,0.7575324122196431,0.16300473692259032,0.9615880290518357,UNLOADING,6.547587621757125e-15,0.0,0.15968014311370948,2.500000000000002,0.00284120484095296,0.5636275555392032,0,staged_v3,1.2716232903435605,2,1.3423580977216065,1.2651643763072495,2,0,0,0
v3_torso_proxy:v3_left_forearm_proxy,285,0.03837311560609172,0.7682409681905922,0.08414758259176126,0.0,9.789933014543644e-10,AIR,0.0,-1,0.6188499635258398,0.23353062086787016,0.4442661889036763,UNLOADING,4.042779944655953e-07,0.0,0.28913846320620096,0.015861445637257054,0.08414758259176126,0.12306313318824696,0,ok,0.0,8.591260613342877e-22,AIR,0.0,-1,1.433821732828482,0.15994054637102162,0.9191293445377086,UNLOADING,5.612217971431549e-15,0.0,0.14968388718974346,2.500000000000002,0.003841204840952961,0.5674687603801561,0,staged_v3,1.2814502631563587,2,1.3318226594328761,1.2733372105909522,2,0,0,0
v3_torso_proxy:v3_left_forearm_proxy,286,0.03129234142211894,0.9682409681905924,0.06370581549854074,0.0,7.62440749794319e-10,AIR,0.0,-1,0.6652739350622513,0.23992664700278044,0.44589154482056864,UNLOADING,3.465843488085152e-07,0.0,0.2981896358212309,0.012008263317669743,0.06370581549854074,0.12316626722715074,0,ok,0.0,6.690880493241951e-22,AIR,0.0,-1,1.6426958857071807,0.15904026137545008,0.8465183565471167,UNLOADING,4.810472561611718e-15,0.0,0.14359722422202897,2.500000000000002,0.004841204840952962,0.5723099652211091,0,staged_v3,1.3044433768878185,2,1.3192465642523206,1.2966334358718887,2,0,0,0
v3_torso_proxy:v3_left_forearm_proxy,287,0.024944823749485964,1.0000000000000009,0.054439559058333656,0.0,5.937894529853647e-10,AIR,0.0,-1,0.8196556186244063,0.2437264510538963,0.4470561632258484,UNLOADING,2.9711920358135156e-07,0.0,0.30264163736420946,0.010261615128139723,0.054439559058333656,0.12324605551717033,0,ok,0.0,5.210862967574019e-22,AIR,0.0,-1,1.9839012849224207,0.15927350961182735,0.7532896095690838,UNLOADING,4.123262214032531e-15,0.0,0.14037928409499845,0.39698789761760667,0.0050000000000000044,0.5773099652211091,0,staged_v3,1.3252399588940844,2,1.3177990751050794,1.3177990751050794,2,0,0,0
v3_torso_proxy:v3_left_forearm_proxy,288,0.015472749700883108,0.8000000000000007,0.04696722086037653,0.0,4.624436909645432e-10,AIR,0.0,-1,0.7780764763923818,0.24462553703424061,0.43349579238733094,UNLOADING,2.54711028254975e-07,0.0,0.3026068952811637,0.008853112560869292,0.04696722086037653,0.12329445078078688,0,ok,0.0,4.058224159624431e-22,AIR,0.0,-1,2.2825801152660863,0.16000490120658595,0.6489309135087091,UNLOADING,3.534224775238127e-15,0.0,0.13839134074982273,-2.500000000000002,0.0040000000000000036,0.5813099652211091,0,staged_v3,1.3427601540491878,2,1.3357994158271886,1.3357994158271886,2,0,0,0
v3_torso_proxy:v3_left_forearm_proxy,289,0.011289274625238415,0.6000000000000005,0.04108356396396291,0.0,3.60151508649617e-10,AIR,0.0,-1,0.7414235678277769,0.24319200634514856,0.35755313875196687,UNLOADING,2.1835679253373652e-07,0.0,0.29893256590396994,0.007744069363948336,0.04108356396396291,0.12330726923830848,0,ok,0.0,3.160548153394801e-22,AIR,0.0,-1,2.414441480947957,0.16116825683660696,0.5540694774621936,UNLOADING,3.0293355417667503e-15,0.0,0.13757009404130066,-2.500000000000002,0.0030000000000000027,0.5843099652211091,0,staged_v3,1.3590863029280713,2,1.3526488315558134,1.3526488315558134,2,0,0,0
v3_torso_proxy:v3_left_forearm_proxy,290,0.02706268663205838,0.40000000000000036,0.04359602147727526,0.0,2.8048627696066955e-10,FLAT,0.0,-1,0.17802849279079344,0.2415116837807284,0.28180373920164736,LOADING,1.8719174277110535e-07,0.0,0.2951654034146722,0.008217656447925048,0.04359602147727526,0.12325299908550921,0,ok,0.0,2.4614373767987537e-22,AIR,0.0,-1,2.8707359594170976,0.16318919367973828,0.5043212755462714,UNLOADING,2.5965733389441023e-15,0.0,0.1386342259074173,-2.500000000000002,0.0020000000000000018,0.5863099652211091,0,staged_v3,1.364477893488223,2,1.3588218697146655,1.3588218697146655,2,0,0,0
v3_torso_proxy:v3_left_forearm_proxy,291,0.03853617651374337,0.20000000000000018,0.04647169190408323,0.0,2.184429321377524e-10,FLAT,0.0,-1,0.18065995326509623,0.23921661736700295,0.23138645032839852,LOADING,1.604740506891576e-07,0.0,0.29083501279768387,0.008759707553145368,0.04647169190408323,0.12313730633905057,0,ok,0.0,1.9169693565320941e-22,AIR,0.0,-1,2.9703267533196147,0.16573342634364308,0.522526314449897,UNLOADING,2.2256343035992653e-15,0.0,0.1411259795279754,-2.500000000000002,0.0010000000000000009,0.5873099652211091,0,staged_v3,1.367899036674329,2,1.3629263889674064,1.3629263889674064,2,0,0,0
v3_torso_proxy:v3_left_forearm_proxy,292,0.039548135290792485,0.0,0.049664233838949745,0.0,0.021901160802871977,FLAT,0.0,-1,0.12947501622443955,0.23610712834703643,0.1952608842564722,LOADING,0.0035250725348925523,0.0,0.2857042856198605,0.009361487530476609,0.049664233838949745,0.12296911288474605,0,ok,0.0,1.492937235991082e-22,AIR,0.0,-1,3.1911412829552335,0.168627985886419,0.5805978103097473,UNLOADING,1.907686554887101e-15,0.0,0.14485653151595043,-2.500000000000002,0.0,0.5873099652211091,0,staged_v3,1.3657514868591085,2,1.361499755959939,1.361499755959939,2,0,0,0
v3_torso_proxy:v3_left_forearm_proxy,293,0.04081225953411824,0.20000000000000018,0.052681891466852794,0.0,0.04547423259530041,FLAT,0.0,-1,0.12492240140174027,0.2318029669465873,0.18378703591314216,LOADING,0.010243389663151114,0.0,0.2792699074378347,0.009930302592568774,0.052681891466852794,0.12276721318462872,0,ok,0.0,1.1627006884663135e-22,AIR,0.0,-1,3.3171655708700682,0.1716533961236827,0.66025256679016,UNLOADING,1.6351599098321518e-15,0.0,0.14953133459745593,-2.500000000000002,-0.0010000000000000009,0.5863099652211091,0,staged_v3,1.358533251569908,2,1.3549853567058654,1.3549853567058654,2,0,0,0
v3_torso_proxy:v3_left_forearm_proxy,294,0.04167012569173022,0.40000000000000036,0.05519626340459498,0.0,0.07672552952530162,FLAT,0.0,-1,0.11150308927633666,0.22618807922552348,0.17556566432237097,LOADING,0.02084574392326216,0.0,0.27138415909981883,0.010404250537048965,0.05519626340459498,0.1225394814787944,0,ok,0.0,9.055122066552265e-23,AIR,0.0,-1,3.4011978837864483,0.1747149842290159,0.7548276493450996,UNLOADING,1.4015656401705095e-15,0.0,0.15500042706919964,-2.500000000000002,-0.0020000000000000018,0.5843099652211091,0,staged_v3,1.3498354446555367,2,1.346938439195961,1.346938439195961,2,0,0,0
v3_torso_proxy:v3_left_forearm_proxy,295,0.04546445801263026,0.6000000000000005,0.057070888663325374,0.0,0.09286621923496212,FLAT,0.0,-1,0.11869186624846974,0.21905554986274545,0.18034923294575242,LOADING,0.03190016870448265,0.0,0.2617795343323412,0.010757609073512642,0.057070888663325374,0.12229069741984275,0,ok,0.0,7.052136156238062e-23,AIR,0.0,-1,3.4500481781141623,0.17762117101856392,0.8243263342687877,UNLOADING,1.2013419790588291e-15,0.0,0.1611095046270905,-2.500000000000002,-0.0030000000000000027,0.5813099652211091,0,staged_v3,1.3364354072090014,2,1.3341265284275092,1.3341265284275092,2,0,0,0
v3_torso_proxy:v3_left_forearm_proxy,296,0.04954212394740266,0.8000000000000007,0.06500123287111023,0.0,0.10201987409471393,FLAT,0.0,-1,0.12484055749163131,0.21053473867065947,0.19659848469150132,LOADING,0.0419127192514412,0.0,0.25063060104130963,0.012252443739729557,0.06500123287111023,0.12202066505325795,0,ok,0.0,5.49220916080437e-23,AIR,0.0,-1,3.4570885802968494,0.18038751248463228,0.8741243180603127,UNLOADING,1.0297216973237616e-15,0.0,0.16797260308484135,-2.500000000000002,-0.0040000000000000036,0.5773099652211091,0,staged_v3,1.3239976706962293,2,1.3222191073894336,1.3222191073894336,2,0,0,0
v3_torso_proxy:v3_left_forearm_proxy,297,0.05436398935267595,1.0000000000000009,0.07597139122055893,0.0,0.08228288099978377,FLAT,0.0,-1,0.14751038710182116,0.2007186990547874,0.2314585822322442,LOADING,0.04617773580547083,0.0,0.23805485061150547,0.014320269872490243,0.07597139122055893,0.12172956924265144,0,ok,0.0,4.277336795226386e-23,AIR,0.0,-1,3.430398129615531,0.1830992949860856,0.9098061326503863,UNLOADING,8.826185982572092e-16,0.0,0.1756737774604599,-2.500000000000002,-0.0050000000000000044,0.5723099652211091,0,staged_v3,1.3114810300285924,2,1.3101919831827702,1.3101919831827702,2,0,0,0
v3_torso_proxy:v3_left_forearm_proxy,298,0.05874639219631782,1.0000000000000009,0.0853594466949265,0.0,0.06408197215600282,FLAT,0.0,-1,0.207890669077354,0.19060968338037443,0.2696132572784089,LOADING,0.046303113226416386,0.0,0.2250127488425569,0.01608987663907624,0.0853594466949265,0.1214190921860202,0,ok,0.0,3.331193245582443e-23,AIR,0.0,-1,3.3533976835911594,0.18671407809445079,0.9285175283619207,UNLOADING,7.565302274177821e-16,0.0,0.18509813771268446,0.0,-0.0050000000000000044,0.5673099652211091,0,staged_v3,1.3245904168182099,2,1.319280054984909,1.319280054984909,2,0,0,0
v3_torso_proxy:v3_left_forearm_proxy,299,0.06277791278260615,0.801934108724045,0.09352348766253082,0.0,0.049907090095854964,FLAT,0.0,-1,0.18705806533864786,0.18122849770817323,0.3441401467285717,LOADING,0.04436439087799567,0.0,0.2125195408143359,0.01762876210672215,0.09352348766253082,0.12109152057915964,0,ok,0.0,2.5943359082217815e-23,AIR,0.0,-1,3.3068017362366566,0.19221327396270788,0.8919307090536661,UNLOADING,6.48454481044339e-16,0.0,0.19715685108198838,2.4758236409494483,-0.004009670543620225,0.5633002946774889,0,staged_v3,1.3390426859511746,2,1.333384510555822,1.333384510555822,2,0,0,0
v3_torso_proxy:v3_left_forearm_proxy,300,0.06419538417107884,0.6019341087240448,0.09820934705008393,0.0,0.038867680847467,FLAT,0.0,-1,0.30956857141343347,0.1725848874245522,0.4498908578182337,LOADING,0.04108111597679554,0.0,0.20048568622370147,0.018512025792383646,0.09820934705008393,0.12074593190107122,0,ok,0.0,2.020470836873388e-23,AIR,0.0,-1,3.1434373640826117,0.1994306637919966,0.8112022699080034,UNLOADING,5.558181271543767e-16,0.0,0.2115170739114562,2.500000000000002,-0.0030096705436202242,0.5602906241338687,0,staged_v3,1.353011490675813,2,1.347027806264568,1.347027806264568,2,0,0,0
v3_torso_proxy:v3_left_forearm_proxy,301,0.06559542304876044,0.40193410872404467,0.10091837624445141,0.0,0.030270180280176747,FLAT,0.0,-1,0.30098982189669354,0.16458127452840005,0.5616655007741397,UNLOADING,0.037107880025051575,0.0,0.18871796920371164,0.019022665765306757,0.10091837624445141,0.12038538784242925,0,ok,0.0,1.5735442699299312e-23,AIR,0.0,-1,3.0424187672682486,0.20810938848530652,0.7351348284289858,UNLOADING,4.764155381562901e-16,0.0,0.22774423526381996,2.500000000000002,-0.0020096705436202233,0.5582809535902484,0,staged_v3,1.3656596745453,2,1.3593707695819144,1.3593707695819144,2,0,0,0
v3_torso_proxy:v3_left_forearm_proxy,302,0.06674617110654225,0.2019341087240445,0.10315687833075465,0.0,0.023574440105914248,FLAT,0.0,-1,0.38488157198247513,0.15702515250554638,0.6828569098810292,UNLOADING,0.03287482156190338,0.0,0.1768150921859206,0.0194446134678693,0.10315687833075465,0.12001667914283715,0,ok,0.0,1.2254775096189525e-23,AIR,0.0,-1,2.8576267818170398,0.21773146708102623,0.6340602687740101,UNLOADING,4.083561762031786e-16,0.0,0.24504023041348522,2.500000000000002,-0.0010096705436202225,0.5572712830466282,0,staged_v3,1.375136472965488,2,1.3685826814148043,1.3685826814148043,2,0,0,0
v3_torso_proxy:v3_left_forearm_proxy,303,0.06691385023048589,0.0019341087240443144,0.10435612318574991,0.0,0.018359792414955948,FLAT,0.0,-1,0.475344296996451,0.1494769309290622,0.7727570459976325,UNLOADING,0.028774437547809308,0.0,0.16400701563968295,0.019670665797447806,0.10435612318574991,0.11965690661224557,0,ok,0.0,9.544028441276353e-24,AIR,0.0,-1,2.482746935779821,0.22713115006874599,0.5598484754081388,UNLOADING,3.5001958020284147e-16,0.0,0.2616045270188577,2.500000000000002,-9.670543620221572e-06,0.557261612503008,0,staged_v3,1.3771894114613903,2,1.3704236276833546,1.3704236276833546,2,0,0,0
v3_torso_proxy:v3_left_forearm_proxy,304,0.0678201681187579,0.19806589127595586,0.1035175220444307,0.0,0.014298620709796131,FLAT,0.0,-1,0.5007148993793316,0.14216307687734175,0.8371733083500243,UNLOADING,0.024996403198884253,0.0,0.15052965668595436,0.019512593206356177,0.1035175220444307,0.1193172943167192,0,ok,0.0,7.432896823721784e-24,AIR,0.0,-1,2.2829628027178024,0.2360541972617254,0.5158880628340079,UNLOADING,3.0001678354505756e-16,0.0,0.2770479949414749,2.500000000000002,0.0009903294563797793,0.5582519419593878,0,staged_v3,1.37531643538787,2,1.3684891127107495,1.3684891127107495,2,0,0,0
v3_torso_proxy:v3_left_forearm_proxy,305,0.06515024421689454,0.39806589127595604,0.0926310764403391,0.0,0.011135777005630234,FLAT,0.0,-1,0.7136428167440544,0.1352828450029524,0.8833295772356486,UNLOADING,0.02161109071490885,0.0,0.1363706885559872,0.017460546554345036,0.0926310764403391,0.11901927462734946,0,ok,0.0,5.788745866803483e-24,AIR,0.0,-1,1.3864092556875927,0.24383909880866314,0.49721086001361986,UNLOADING,2.5715724345440916e-16,0.0,0.29009530982496945,2.500000000000002,0.00199032945637978,0.5602422714157675,0,staged_v3,1.3649265742864323,2,1.3583500994993278,1.3583500994993278,2,0,0,0
v3_torso_proxy:v3_left_forearm_proxy,306,0.0610769946815222,0.5980658912759562,0.08102189331440586,0.0,0.00867255185209337,FLAT,0.0,-1,0.8456215127667114,0.129969526687367,0.9164019890714613,UNLOADING,0.018627364624851817,0.0,0.12344158950947536,0.015272267088988406,0.08102189331440586,0.11876520699041967,0,ok,0.0,4.508279814067911e-24,AIR,0.0,-1,1.1502356259838844,0.25112453970292925,0.48382805939887474,UNLOADING,2.2042049472192892e-16,0.0,0.30162338053438875,2.500000000000002,0.002990329456379781,0.5632326008721473,0,staged_v3,1.354575968789501,2,1.3478241564710827,1.3478241564710827,2,0,0,0
v3_torso_proxy:v3_left_forearm_proxy,307,0.055212651622120044,0.7980658912759564,0.06582522763946287,0.0,0.00675419017363768,FLAT,0.0,-1,1.2278657381944886,0.1273300604044596,0.9400994076680123,UNLOADING,0.01602410967731924,0.0,0.11408171759944068,0.012407763094380742,0.06582522763946287,0.11855750434586365,0,ok,0.0,3.5110518495010966e-24,AIR,0.0,-1,0.6680265757390047,0.2582661392797647,0.4742388637352437,UNLOADING,1.8893185288250688e-16,0.0,0.31198736729154297,2.500000000000002,0.003990329456379782,0.5672229303285271,0,staged_v3,1.375401703613866,2,1.3676344089450834,1.3676344089450834,2,0,0,0
v3_torso_proxy:v3_left_forearm_proxy,308,0.044120009975401116,0.9980658912759566,0.0515624503833576,0.0,0.0052601685962422135,FLAT,0.0,-1,1.8100503156949683,0.1267488655751014,0.9570793500722146,UNLOADING,0.013767203988399413,0.0,0.1095838245571331,0.009719292919526668,0.0515624503833576,0.11839529223693485,0,ok,0.0,2.7344099297957585e-24,AIR,0.0,-1,0.8035660871627293,0.26465786723232915,0.4655100408539295,UNLOADING,1.6194158839379371e-16,0.0,0.32008444536679403,2.500000000000002,0.004990329456379783,0.5722132597849069,0,staged_v3,1.3963889185735112,2,1.3891161237788536,1.3891161237788536,2,0,0,0
v3_torso_proxy:v3_left_forearm_proxy,309,0.03331288849664071,0.7980658912759564,0.04760229621025688,0.0,0.004096623421841049,AIR,0.0,-1,2.025770896879452,0.1267199006221466,0.9692460104565651,UNLOADING,0.011818458777753596,0.0,0.10643935008627697,0.008972821444088896,0.04760229621025688,0.11827283662707616,0,ok,0.0,2.129560594563162e-24,AIR,0.0,-1,0.7730687242959485,0.2682210977757371,0.44670020993332565,UNLOADING,1.388070759344354e-16,0.0,0.3237540198132422,-2.500000000000002,0.003990329456379782,0.5762035892412867,0,staged_v3,1.4175440924907923,2,1.4107359258739514,1.4107359258739514,2,0,0,0
v3_torso_proxy:v3_left_forearm_proxy,310,0.017541512429734226,0.5980658912759562,0.046267933591876254,0.0,0.003190453528878467,AIR,0.0,-1,2.5648601223319836,0.12746854820897302,0.97796380356707,UNLOADING,0.010140151161027726,0.0,0.10493480550453194,0.008721300016141131,0.046267933591876254,0.11818663411695493,0,ok,0.0,1.658503458643797e-24,AIR,0.0,-1,0.7229835479778186,0.27005526205596786,0.40816935465482196,UNLOADING,1.1897749379830937e-16,0.0,0.3246330233131177,-2.500000000000002,0.002990329456379781,0.5791939186976665,0,staged_v3,1.4364768731598596,2,1.4302599527990878,1.4302599527990878,2,0,0,0
v3_torso_proxy:v3_left_forearm_proxy,311,0.025196232296127774,0.39806589127595604,0.044600375569660546,0.0,0.002484727706643477,AIR,0.0,-1,2.6646683779121343,0.1288833987668747,0.9569119789700242,UNLOADING,0.008706852709406281,0.0,0.10494118039261888,0.008406972734219476,0.044600375569660546,0.11812186826139653,0,ok,0.0,1.2916437923184225e-24,FLAT,0.0,-1,0.4567537829097163,0.27087867369429913,0.3206480267170858,LOADING,1.0198070909533385e-16,0.0,0.323972075008811,-2.500000000000002,0.00199032945637978,0.5811842481540462,0,staged_v3,1.4529037228328148,2,1.4473031815810278,1.4473031815810278,2,0,0,0
v3_torso_proxy:v3_left_forearm_proxy,312,0.04399949079114517,0.19806589127595586,0.04237018162036557,0.0,0.001935107883653156,AIR,0.0,-1,2.8657202666404737,0.1311040096230345,0.9608753601187973,UNLOADING,0.0074738323793595565,0.0,0.10669303167505792,0.007986591078588345,0.04237018162036557,0.11806021653502277,0,ok,0.0,0.0010747253610810241,FLAT,0.0,-1,0.14778794940955162,0.27191521483611536,0.2740316138658935,LOADING,0.00015604332718435879,0.0,0.3238792258767011,-2.500000000000002,0.0009903294563797793,0.582174577610426,0,staged_v3,1.464426239516093,2,1.4595491448741016,1.4595491448741016,2,0,0,0
v3_torso_proxy:v3_left_forearm_proxy,313,0.055750704550789766,0.0019341087240443144,0.04726497660449601,0.0,0.0015070635351167269,AIR,0.0,-1,2.9648201045633367,0.13379616348847084,0.9620145332755946,UNLOADING,0.006414320112560297,0.0,0.10975914471613804,0.008909238196366687,0.04726497660449601,0.11799900964667823,0,ok,0.0,0.025118172172328018,FLAT,0.0,-1,0.12176549444587485,0.27245778187417924,0.24690887950719687,LOADING,0.0039080891469454185,0.0,0.3234337177860566,-2.500000000000002,-9.670543620221572e-06,0.5821649070668058,0,staged_v3,1.4690244039202145,2,1.4649296272470942,1.4649296272470942,2,0,0,0
v3_torso_proxy:v3_left_forearm_proxy,314,0.06302188751993724,0.2019341087240445,0.05237291232714997,0.0,0.0011737022612872666,AIR,0.0,-1,2.997771170039963,0.13671642139171145,0.9615425175351322,UNLOADING,0.0055044369013563165,0.0,0.11379518055485002,0.0098720613968446,0.05237291232714997,0.11793483438132321,0,ok,0.0,0.06484044823426276,FLAT,0.0,-1,0.11042674316694366,0.2720846118284709,0.2507482313670587,LOADING,0.012842835421251145,0.0,0.32208795473769214,-2.500000000000002,-0.0010096705436202225,0.5811552365231856,0,staged_v3,1.4706863510091082,2,1.4673186985229987,1.4673186985229987,2,0,0,0
v3_torso_proxy:v3_left_forearm_proxy,315,0.07131232836620019,0.40193410872404467,0.05762091862098891,0.0,0.0009140802401832018,AIR,0.0,-1,2.9891439496997374,0.1399284811731441,0.9593525885602743,UNLOADING,0.004723396629107078,0.0,0.11897791875041301,0.010861287277967646,0.05762091862098891,0.11787180600263983,0,ok,0.0,0.0907862554755316,FLAT,0.0,-1,0.11934855470318924,0.2706675470005738,0.25798247731957713,LOADING,0.023747266813278104,0.0,0.31965972164097767,-2.500000000000002,-0.0020096705436202233,0.5791455659795653,0,staged_v3,1.4642217042951264,2,1.4615555985930053,1.4615555985930053,2,0,0,0
v3_torso_proxy:v3_left_forearm_proxy,316,0.07741703924971506,0.6019341087240448,0.062104286559714526,0.0,0.0007118864068447754,AIR,0.0,-1,2.970500691754422,0.143218771068152,0.9319592695181036,UNLOADING,0.004055545292254903,0.0,0.12497407468355336,0.01170638222474607,0.062104286559714526,0.11781295368384515,0,ok,0.0,0.09779764550183687,FLAT,0.0,-1,0.12988222379246378,0.2679466848163773,0.2685487866249327,LOADING,0.033304654744131135,0.0,0.3158278724060809,-2.500000000000002,-0.0030096705436202242,0.5761358954359451,0,staged_v3,1.4569309545169005,2,1.4548543887676988,1.4548543887676988,2,0,0,0
v3_torso_proxy:v3_left_forearm_proxy,317,0.08189456369598408,0.801934108724045,0.06539417197266614,0.0,0.0005544176911085998,AIR,0.0,-1,2.9644931955447205,0.14637192052737136,0.9077677321066504,UNLOADING,0.0034834867077915086,0.0,0.13147068549600516,0.012326511015414932,0.06539417197266614,0.11775748446867287,0,ok,0.0,0.0761648828993702,FLAT,0.0,-1,0.1627120782185102,0.2636345743617219,0.2950471309446765,LOADING,0.037382254339539664,0.0,0.3102382207257273,-2.500000000000002,-0.004009670543620225,0.5721262248923249,0,staged_v3,1.4469468572900115,2,1.4453506489356645,1.4453506489356645,2,0,0,0
v3_torso_proxy:v3_left_forearm_proxy,318,0.07831659708655798,1.0000000000000009,0.0675961464150575,0.0,0.0004317809319840178,AIR,0.0,-1,2.8631650450336954,0.14910009091644433,0.8624879572459947,UNLOADING,0.0029943279035326287,0.0,0.13802952287672304,0.01274157341931148,0.0675961464150575,0.11770620120014769,0,ok,0.0,0.05931727044457137,FLAT,0.0,-1,0.17215655926149484,0.25744326041117616,0.3285278274519652,LOADING,0.03787178276263887,0.0,0.30251852203210344,-2.4758236409494483,-0.0050000000000000044,0.5671262248923249,0,staged_v3,1.434301173048074,2,1.4331792252968376,1.4331792252968376,2,0,0,0
v3_torso_proxy:v3_left_forearm_proxy,319,0.0721347656060175,1.0000000000000009,0.06885168317152923,0.0,0.00033627132794445406,AIR,0.0,-1,2.832524342836537,0.15233292127719733,0.8245532898069892,UNLOADING,0.0025749950170594086,0.0,0.14554003243349622,0.012978236522338094,0.06885168317152923,0.11765946362295909,0,ok,0.0,0.046196336671890485,FLAT,0.0,-1,0.1736280819397184,0.25040239975744044,0.333431606558925,LOADING,0.03686053064201118,0.0,0.2937144403972498,0.0,-0.0050000000000000044,0.5621262248923249,0,staged_v3,1.421193551512477,2,1.4205206405687338,1.4205206405687338,2,0,0,0
v3_torso_proxy:v3_left_forearm_proxy,320,0.05858258591602568,0.8000000000000007,0.06966762340330354,0.0,0.000261888373527602,AIR,0.0,-1,2.6811945164349487,0.15669503618585065,0.7977046075231389,UNLOADING,0.002214706987666335,0.0,0.15474023386787672,0.013132037632612725,0.06966762340330354,0.11762674596693679,0,ok,0.0,0.03597774317509857,FLAT,0.0,-1,0.1930498014866995,0.24323145337774893,0.3575243957944432,LOADING,0.03489685801949156,0.0,0.28441552253107544,2.500000000000002,-0.0040000000000000036,0.5581262248923249,0,staged_v3,1.40506229261456,2,1.4048361455716443,1.4048361455716443,2,0,0,0
v3_torso_proxy:v3_left_forearm_proxy,321,0.04882636988564199,0.6000000000000005,0.07043543251939183,0.0,0.00020395887038059303,AIR,0.0,-1,2.64737380987384,0.16243632045422746,0.7498860631472798,UNLOADING,0.0019056078402892762,0.0,0.16601749381333922,0.013276766241320459,0.07043543251939183,0.11760842457394063,0,ok,0.0,0.028019494557908656,FLAT,0.0,-1,0.20398134292040898,0.23628658020061247,0.3731862327336586,LOADING,0.03242059329395583,0.0,0.27504784751985994,2.500000000000002,-0.0030000000000000027,0.5551262248923249,0,staged_v3,1.3933093215001926,2,1.3968777543298365,1.3891996068625927,2,0,0,0
v3_torso_proxy:v3_left_forearm_proxy,322,0.04144511496413741,0.40000000000000036,0.07545621418505594,0.0,0.000158843327966765,AIR,0.0,-1,2.5390131106106524,0.169815288706682,0.7029871949975557,UNLOADING,0.0016401179348758557,0.0,0.17975749613601363,0.014223161289088182,0.07545621418505594,0.11760282330133473,0,ok,0.0,0.021821604302964228,FLAT,0.0,-1,0.2197197129916287,0.22977534823053583,0.39331926963135944,LOADING,0.02968032951429611,0.0,0.26579756209138083,2.500000000000002,-0.0020000000000000018,0.5531262248923249,0,staged_v3,1.4028998429103061,2,1.4091320174242132,1.3984991441940493,2,0,0,0
v3_torso_proxy:v3_left_forearm_proxy,323,0.036773743448864415,0.20000000000000018,0.08152868667357585,0.0,0.00012370730820618456,AIR,0.0,-1,2.4858654365371784,0.17897050433436684,0.6821524877420748,UNLOADING,0.0014114325242023708,0.0,0.19611055083815546,0.0153677953866318,0.08152868667357585,0.11760837116777512,0,ok,0.0,0.016994682519022877,FLAT,0.0,-1,0.2514931525586497,0.22389800777728514,0.41675520070472927,LOADING,0.026856291040095858,0.0,0.256892533694247,2.500000000000002,-0.0010000000000000009,0.5521262248923249,0,staged_v3,1.409138858874416,2,1.41983914700522,1.4045525863756536,2,0,0,0
v3_torso_proxy:v3_left_forearm_proxy,324,0.03371222625663725,0.0,0.09246740410639501,0.0,9.634334850263217e-05,AIR,0.0,-1,2.39854663026747,0.18998938886391634,0.6517781124730707,UNLOADING,0.0012145920011257822,0.0,0.21512579446769248,0.017429695046230154,0.09246740410639501,0.11762439575742903,0,ok,0.0,0.013235472053864933,FLAT,0.0,-1,0.24159659469147224,0.21878326148047422,0.4128046464109811,LOADING,0.02412993627616599,0.0,0.2484939961516547,2.500000000000002,0.0,0.5521262248923249,0,staged_v3,1.4136875352064084,2,1.4297126899852954,1.4089810840756483,2,0,0,0
v3_torso_proxy:v3_left_forearm_proxy,325,0.032832900940562765,0.20000000000000018,0.1023628706912779,0.0,7.50322752575712e-05,AIR,0.0,-1,2.364425146839607,0.20256688253920657,0.6532146236524449,UNLOADING,0.0010447960146525862,0.0,0.23615228094617935,0.01929494655384484,0.1023628706912779,0.11764607107613054,0,ok,0.0,0.010307795999869706,FLAT,0.0,-1,0.3602386262473628,0.2144044984074388,0.4171273774072023,LOADING,0.021541107106370222,0.0,0.24044584098431604,2.500000000000002,0.0010000000000000009,0.5531262248923249,0,staged_v3,1.4152930752782182,2,1.4352895779655062,1.410511975857889,2,0,0,0
v3_torso_proxy:v3_left_forearm_proxy,326,0.03545248193323789,0.40000000000000036,0.10888901900903242,0.0,5.843519472622564e-05,AIR,0.0,-1,2.1812349675067533,0.21696455141767668,0.631043226791722,UNLOADING,0.0008986194498290718,0.0,0.25934138061692846,0.020525096530522535,0.10888901900903242,0.1176645680444689,0,ok,0.0,0.008027719596438821,FLAT,0.0,-1,0.3392687973766078,0.21142728878787242,0.43546016816105654,LOADING,0.019111230015606443,0.0,0.23375498676863446,2.500000000000002,0.0020000000000000018,0.5551262248923249,0,staged_v3,1.4175190122885961,2,1.4324398746811504,1.412812340729457,2,0,0,0
v3_torso_proxy:v3_left_forearm_proxy,327,0.046562907046541924,0.6000000000000005,0.10981943570460741,0.0,4.550937541171456e-05,AIR,0.0,-1,1.9570622838070684,0.23352311799487452,0.5513762716209593,UNLOADING,0.0007731618978068337,0.0,0.28484558511889035,0.020700475945858277,0.10981943570460741,0.11765731800470311,0,ok,0.0,0.0062519943079842166,FLAT,0.0,-1,0.3524945879999127,0.21080852166823308,0.37795457255818754,LOADING,0.01693662922361607,0.0,0.2299103474807972,2.500000000000002,0.0030000000000000027,0.5581262248923249,0,staged_v3,1.4213673042209458,2,1.4169556760140236,1.4169556760140236,2,0,0,0
v3_torso_proxy:v3_left_forearm_proxy,328,0.01766570322028411,0.8000000000000007,0.104322085031831,0.0,3.544273720773384e-05,AIR,0.0,-1,1.3592352788389723,0.24746525210234432,0.4234252314664766,UNLOADING,0.0006656295392632494,0.0,0.30608500035521646,0.019664249756590202,0.104322085031831,0.11756868834179937,0,ok,0.0,0.004869058062816074,FLAT,0.0,-1,0.4252972779781801,0.2083210739061903,0.2708162852124745,LOADING,0.015024316169636684,0.0,0.2224106605879953,2.500000000000002,0.0040000000000000036,0.5621262248923249,0,staged_v3,1.4179685345608737,2,1.426624667990744,1.4128413525235937,2,0,0,0
