active_collision_pair,frame_idx,frame_root_angular_budget_usage,frame_root_z_budget_usage,frame_velocity_budget_usage_max,left_anchor_error_xy,left_contact_confidence,left_contact_phase,left_contact_slack,left_elbow_branch_sign,left_foot_vxy,left_heel_height,left_liftoff_probability,left_load_phase,left_lock_weight,left_swing_clearance_error,left_toe_height,max_joint_delta,max_joint_velocity_ratio,min_self_collision_distance,qp_resolve_count,qp_status,right_anchor_error_xy,right_contact_confidence,right_contact_phase,right_contact_slack,right_elbow_branch_sign,right_foot_vxy,right_heel_height,right_liftoff_probability,right_load_phase,right_lock_weight,right_swing_clearance_error,right_toe_height,root_ddz,root_dz,root_z,safety_backtracked,solver_mode,stage_a_high_priority_error,stage_a_iterations,stage_b_detail_error,stage_b_high_priority_error,stage_b_iterations,stage_b_rejected,stage_c_iterations,stage_c_triggered
v3_pelvis_proxy:v3_left_hand_proxy,0,0.8377056167068965,1.0000000000000009,1.0,0.0,0.13395888346603585,AIR,0.0,-1,0.0,0.10097592669597781,0.20571972899134705,UNLOADED,0.021280179652683903,0.0,0.10892532893722115,0.1884955592153876,1.0,0.052691563075590836,0,ok,0.0,0.16599508887624984,AIR,0.0,-1,0.0,0.1423615716408043,0.1073131467113512,UNLOADED,0.029636326710061812,0.0,0.09754289661906271,0.0,-0.0050000000000000044,0.745,0,staged_v3,0.27368099856958833,2,0.9499721183228598,0.2678592972147994,2,0,0,0
v3_pelvis_proxy:v3_left_hand_proxy,1,0.16461388980641406,1.0000000000000009,0.48360974905585974,0.0,0.10432728334271979,AIR,0.0,-1,0.8013632295538087,0.1157422586220626,0.3780212442587224,UNLOADED,0.030002014498821637,0.0,0.11449603495646714,0.09115829009029755,0.48360974905585974,0.04672705496194543,0,ok,0.0,0.1292771052028308,AIR,0.0,-1,1.2987586185488038,0.1496048758573923,0.184206376366233,UNLOADED,0.044801748989309664,0.0,0.108836401789202,0.0,-0.0050000000000000044,0.74,0,staged_v3,0.27148666175374075,2,0.9849765485507649,0.26748764333643393,2,0,0,0
v3_pelvis_proxy:v3_left_hand_proxy,2,0.13492092977190123,1.0000000000000009,0.5864880080606046,0.0,0.0812501699630225,FLAT,0.0,-1,1.2252285292847571,0.12533091696641413,0.5280872498237603,UNLOADED,0.031670209830964684,0.0,0.11028401580887115,0.11055038505250243,0.5864880080606046,0.04725060012009458,0,ok,0.0,0.10068111076516903,FLAT,0.0,-1,0.676149562911075,0.1329726954040179,0.24557990031702556,UNLOADED,0.05103256991537801,0.0,0.10346422164077865,0.0,-0.0050000000000000044,0.735,0,staged_v3,0.2600036943405866,2,1.0053588974640777,0.2552595681148174,2,0,0,0
v3_pelvis_proxy:v3_left_hand_proxy,3,0.15152103332509606,1.0000000000000009,0.5451712056810543,0.0,0.06327769599188666,FLAT,0.0,-1,2.0203338222056675,0.1250813239555008,0.6488090419608479,UNLOADED,0.03032054480909843,0.0,0.10166984529189964,0.10276235128297742,0.5451712056810543,0.054450705802017746,0,ok,0.0,0.0784105279044125,FLAT,0.0,-1,0.5461499820069226,0.10882645007083941,0.2702632217440715,UNLOADED,0.05226986513516492,0.0,0.09872459974563721,0.0,-0.0050000000000000044,0.73,0,staged_v3,0.24470211424783286,2,1.015129729049859,0.24289094303590222,2,0,0,0
v3_torso_proxy:v3_left_forearm_proxy,4,0.18645237311399546,1.0000000000000009,1.0,0.0,0.049280719189435634,FLAT,0.0,-1,2.4279145079825084,0.12176369775116375,0.7223382087036077,UNLOADED,0.027943805945871966,0.0,0.09688227034409441,0.1884955592153876,1.0,0.06523730913950655,0,ok,0.0,0.0610661805329987,FLAT,0.0,-1,0.7209667757080406,0.08691260322325542,0.2275347028595389,UNLOADED,0.05154152801452077,0.0,0.10111482698827567,0.0,-0.0050000000000000044,0.725,0,staged_v3,0.23564529783099272,2,1.0205035133929523,0.2364003958552011,2,0,0,0
v3_torso_proxy:v3_left_forearm_proxy,5,0.08903724298732754,1.0000000000000009,0.8340861727673505,0.0,0.03837986269505448,FLAT,0.0,-1,2.3569736457551613,0.1193810190449347,0.7603394783720251,UNLOADING,0.0252658533698198,0.0,0.09576059221476048,0.15722153956960414,0.8340861727673505,0.07457061346971082,0,ok,0.0,0.047558389218279165,FLAT,0.0,-1,0.21606555117540643,0.07862752404885004,0.20840620443259333,LOADING,0.049556584845642036,0.0,0.1062810376248718,0.0,-0.0050000000000000044,0.72,0,staged_v3,0.24739094255535904,2,1.0244993649126792,0.2468896016134104,2,0,0,0
v3_torso_proxy:v3_left_forearm_proxy,6,0.07867735434104615,1.0000000000000009,0.4980747289644397,0.0,0.029890267121081428,FLAT,0.0,-1,2.2837746437338575,0.11730297800940356,0.8011323633238238,UNLOADING,0.022505618142986843,0.0,0.09705396562162535,0.09388487456720468,0.4980747289644397,0.08190342826364339,0,ok,0.0,0.037038510764810476,FLAT,0.0,-1,0.1915377565626886,0.07180793035625169,0.20364773331052902,LOADING,0.046690744439458774,0.0,0.1096986710141314,0.0,-0.0050000000000000044,0.715,0,staged_v3,0.255749108982415,2,1.0320626605510468,0.2543848918915618,2,0,0,0
v3_torso_proxy:v3_left_forearm_proxy,7,0.04977188886012778,1.0000000000000009,0.45232246487010197,0.0,0.023278563440111682,FLAT,0.0,-1,2.231348021337129,0.11549292772223405,0.8307133104563099,UNLOADING,0.019853494257147192,0.0,0.10064230260300147,0.08526077596137238,0.45232246487010197,0.08673329619763882,0,ok,0.0,0.06376587385041116,FLAT,0.0,-1,0.10367706351331372,0.06695306498587832,0.22462050783295617,LOADING,0.04724114572831094,0.0,0.11016995476708977,0.0,-0.0050000000000000044,0.71,0,staged_v3,0.25991374731402966,2,1.0417348786006742,0.25727704448261834,2,0,0,0
v3_pelvis_proxy:v3_right_hand_proxy,8,0.0724174698569219,1.0000000000000009,0.4213666876590378,0.0,0.018129363435936355,FLAT,0.0,-1,2.3988300549495474,0.11412215024596667,0.8268052619831556,UNLOADING,0.017465839413368902,0.0,0.1050735765117877,0.0794257494250259,0.4213666876590378,0.07869710153242117,0,ok,0.0,0.10593707437482086,FLAT,0.0,-1,0.08571272640660398,0.06312007355094655,0.2708349504756161,LOADING,0.05324203899924567,0.0,0.10987810489307193,0.0,-0.0050000000000000044,0.705,0,staged_v3,0.2564944494021911,2,1.0498617449894716,0.25327497496301216,2,0,0,0
v3_pelvis_proxy:v3_right_hand_proxy,9,0.07952572300899745,1.0000000000000009,0.4348828796725919,0.0,0.014119162440493329,FLAT,0.0,-1,2.4741906448186834,0.11340626581441476,0.7959707869293028,UNLOADING,0.015382251154594944,0.0,0.11051971220318017,0.08197349159708334,0.4348828796725919,0.06956800760262605,0,ok,0.0,0.15859261123365256,FLAT,0.0,-1,0.07880196494096771,0.05995545277659149,0.3293635267663523,LOADING,0.06386522909512689,0.0,0.10940896084911662,0.0,-0.0050000000000000044,0.7,0,staged_v3,0.2496851909076096,2,1.0559834175072944,0.24612206131905162,2,0,0,0
v3_pelvis_proxy:v3_right_hand_proxy,10,0.08254413442959667,1.0000000000000009,0.48115938768062105,0.0,0.010996014764968573,FLAT,0.0,-1,2.6000034819926445,0.11080947320915127,0.7424439811456746,UNLOADING,0.013589370959099765,0.0,0.11506949691388225,0.09069640785259214,0.48115938768062105,0.061946459686715596,0,ok,0.0,0.231118546941337,FLAT,0.0,-1,0.06769363859316083,0.05806653652758214,0.40492679842030144,LOADING,0.07859867401066736,0.0,0.10800783005391351,0.0,-0.0050000000000000044,0.695,0,staged_v3,0.23663033961987107,2,1.063521848271902,0.23362116267515748,2,0,0,0
v3_pelvis_proxy:v3_right_hand_proxy,11,0.07247360206388909,1.0000000000000009,0.5384180539490251,0.0,0.008563704909622254,FLAT,0.0,-1,2.5674133604328206,0.1071078209489543,0.6858673616693034,UNLOADING,0.012032337853106253,0.0,0.11923806379764584,0.10148941217078222,0.5384180539490251,0.05714564001212119,0,ok,0.0,0.25744669498663925,FLAT,0.0,-1,0.07731706370454092,0.05644747128930102,0.5030530917664611,UNLOADING,0.08846640703024455,0.0,0.10598853742287068,0.0,-0.0050000000000000044,0.69,0,staged_v3,0.2231002489654853,2,1.068905039602031,0.2207739767842477,2,0,0,0
v3_pelvis_proxy:v3_right_hand_proxy,12,0.11085841643595983,1.0000000000000009,0.6246756628599025,0.0,0.006669420089606247,FLAT,0.0,-1,2.5366316702232434,0.09909572148610599,0.5987585862480442,UNLOADING,0.010695724952042403,0.0,0.11998392185027192,0.11774858839902025,0.6246756628599025,0.05339512984381539,0,ok,0.0,0.24383945011820396,FLAT,0.0,-1,0.09050053396418871,0.06155625149704416,0.5965300126263271,UNLOADING,0.09044950559627467,0.0,0.10708359258386238,0.0,-0.0050000000000000044,0.6849999999999999,0,staged_v3,0.2057899135452639,2,1.0720268901259997,0.20483667093461774,2,0,0,0
v3_torso_proxy:v3_left_forearm_proxy,13,0.061150114020963486,1.0000000000000009,0.7272290440492942,0.0,0.005194149588417504,FLAT,0.0,-1,2.3443151482428934,0.08982378008249639,0.5181194340555724,UNLOADING,0.009525329922217295,0.0,0.11915767038277822,0.13707944533574346,0.7272290440492942,0.046317641095505444,0,ok,0.0,0.20858340719160626,FLAT,0.0,-1,0.12177449373199378,0.06186798800955927,0.6731801814715367,UNLOADING,0.08726660355200819,0.0,0.10396719310411856,0.0,-0.0050000000000000044,0.6799999999999999,0,staged_v3,0.184779519501409,2,1.0719806676151928,0.18581574617777294,2,0,0,0
v3_torso_proxy:v3_left_forearm_proxy,14,0.048887080620970406,1.0000000000000009,0.8442048699778699,0.0,0.004045207766849568,FLAT,0.0,-1,2.2313441196730057,0.07815770637534221,0.4421159694741419,UNLOADING,0.008486962335226902,0.0,0.11558534991856698,0.15912886905883217,0.8442048699778699,0.03195281949505936,0,ok,0.0,0.17125895759588447,FLAT,0.0,-1,0.11914222412537465,0.0610051554104728,0.7545780847589454,UNLOADING,0.08080433181248824,0.001723748827474475,0.09850821273124896,0.0,-0.0050000000000000044,0.6749999999999999,0,staged_v3,0.16514313810978568,2,1.0702096947940338,0.1670872453603454,2,0,0,0
v3_torso_proxy:v3_left_forearm_proxy,15,0.16604104238227785,1.0000000000000009,0.4556932139178604,0.0,0.0031504109765089724,FLAT,0.0,-1,1.6740219847269988,0.06705580069091681,0.387657107389461,UNLOADING,0.007550129397375559,0.0,0.10441019741980698,0.08589614718810434,0.4556932139178604,0.025760440980264507,0,ok,0.0,0.13337661028366735,FLAT,0.0,-1,0.17853260792990328,0.061385645277095814,0.8241475134287977,UNLOADING,0.07261151420625007,0.0048217303943440745,0.09271644513644543,0.0,-0.0050000000000000044,0.6699999999999999,0,staged_v3,0.13839402402242246,2,1.0660019187931185,0.13952036134356222,2,1,0,0
v3_torso_proxy:v3_left_forearm_proxy,16,0.1535259299301032,1.0000000000000009,0.3881214640559958,0.0,0.002453542535501937,FLAT,0.0,-1,1.4036406943875563,0.0575553603015839,0.3486356275675674,LOADING,0.0066998466540181215,0.0,0.08978174216985385,0.07315917241072989,0.3881214640559958,0.02274788147280123,0,ok,0.0,0.10387380853232972,FLAT,0.0,-1,0.18440545496844388,0.061749579465704876,0.8739961873294767,UNLOADING,0.06410822587845456,0.006950229900768962,0.08618460462680451,0.0,-0.0050000000000000044,0.6649999999999999,0,staged_v3,0.11215192853976323,2,1.0620485905930677,0.11338153864534409,2,1,0,0
v3_torso_proxy:v3_left_forearm_proxy,17,0.16462008498210967,1.0000000000000009,0.43270864139698656,0.0,0.0019108208479479089,FLAT,0.0,-1,0.9348787362983974,0.05096991267286936,0.31706477173955866,LOADING,0.005929149542295263,0.0,0.0696552040253478,0.0815636573374556,0.43270864139698656,0.02139553516440645,0,ok,0.0,0.08089700342558756,FLAT,0.0,-1,0.2511305142496321,0.05987289500612859,0.9097143229698957,UNLOADING,0.05599331371353046,0.010612821142366197,0.07682910411526622,0.0,-0.0050000000000000044,0.6599999999999999,0,staged_v3,0.09291537597029909,2,1.0572925428609414,0.09402760707138852,2,1,0,0
v3_torso_proxy:v3_left_forearm_proxy,18,0.11834861393748848,1.0000000000000009,0.38678839009715227,0.0,0.0014881487726909972,FLAT,0.0,-1,0.46495767991505677,0.03976777880899554,0.2790783819104813,LOADING,0.005235390839276844,0.0,0.05474153348329153,0.07290789388938221,0.38678839009715227,0.020262826522852353,0,ok,0.0,0.06300264961597772,FLAT,0.0,-1,0.3856334921768324,0.06183227977289124,0.9353074855115775,UNLOADING,0.048576526014896204,0.009933094502687645,0.07167874199347612,0.0,-0.0050000000000000044,0.6549999999999999,0,staged_v3,0.09351028177374966,2,1.0528063359626896,0.09459206935782896,2,1,0,0
v3_torso_proxy:v3_left_forearm_proxy,19,0.1126972108761455,1.0000000000000009,0.4653367362406251,0.0,0.0011589714294984988,FLAT,0.0,-1,0.2886033375568181,0.028252950713261234,0.2416024893508979,LOADING,0.00461304372610088,0.008827173754283664,0.0454269400233613,0.08771390832113996,0.4653367362406251,0.019451717193547196,0,ok,0.0,0.0490665128564968,AIR,0.0,-1,0.49638092599262335,0.061080616104330056,0.9525963569309064,UNLOADING,0.041969298221638814,0.011549201742215263,0.06441063481189048,0.0,-0.0050000000000000044,0.6499999999999999,0,staged_v3,0.09422435304430977,2,1.0479607348842357,0.09526324033065023,2,1,0,0
v3_torso_proxy:v3_left_forearm_proxy,20,0.024397482189156376,1.0000000000000009,0.4493797155050453,0.0,0.0009026078568508164,FLAT,0.0,-1,0.173421383705773,0.015215878882429867,0.20867792515150263,LOADING,0.00405607369695186,0.020218017375145267,0.04406848490394496,0.0847060807741753,0.4493797155050453,0.019010654866521367,0,ok,0.0,0.03821303863522286,AIR,0.0,-1,1.3034951858211428,0.06662821013866663,0.9340286523111814,UNLOADING,0.0363338221411262,0.009714745811672684,0.06198668680388639,0.0,-0.0050000000000000044,0.6449999999999999,0,staged_v3,0.09413950246516588,2,1.0442374840998405,0.09513883562869892,2,1,0,0
v3_torso_proxy:v3_left_forearm_proxy,21,0.09943887264393386,1.0000000000000009,0.4875256812330028,0.0,0.010027727589643383,FLAT,0.0,-1,0.13684024831690417,0.006077888349598638,0.17382249254406698,LOADING,0.0049017955546532205,0.02761323627760471,0.044898301481940975,0.09189642591587766,0.4875256812330028,0.018092675759522007,0,ok,0.0,0.029760344412649412,AIR,0.0,-1,1.6310230305064146,0.0751399160699529,0.8828486192746018,UNLOADING,0.03164134261222321,0.007120922033428262,0.06202150893030184,0.0,-0.0050000000000000044,0.6399999999999999,0,staged_v3,0.10318597104651911,2,1.0416187319631756,0.10432662481061981,2,1,0,0
v3_torso_proxy:v3_left_forearm_proxy,22,0.8864171350233433,1.0000000000000009,1.0000000000000002,0.0,0.09796354246777318,FLAT,0.0,-1,0.0250420047675074,0.0494030834609747,0.14377637755177464,LOADING,0.02069717628364604,0.0,0.0779102375681747,0.18849555921538763,1.0000000000000002,0.027753984758205497,0,ok,0.0,0.02317737953304607,AIR,0.0,-1,2.108217576218051,0.06370463927329025,0.8122737994932862,UNLOADING,0.02774272243868287,0.02833413905591145,0.03727955091875286,0.0,-0.0050000000000000044,0.6349999999999999,0,staged_v3,0.16071076229996836,2,1.0406100533925844,0.14769056149827064,2,0,0,0
v3_torso_proxy:v3_left_forearm_proxy,23,0.5091315334749145,1.0000000000000009,0.7539782676173733,0.0,0.1784674123443418,FLAT,0.0,-1,0.005252695691700423,0.011059137689387093,0.11886344596568563,LOADING,0.04800857317101971,0.01988403460889719,0.059835171626970024,0.14212155519078595,0.7539782676173733,0.027132082324806014,0,ok,0.0,0.018050561329879432,AIR,0.0,-1,2.3715289781106685,0.09459026569332465,0.7142129919878955,UNLOADING,0.024516421506786065,0.0032964663878667505,0.057414183211528025,0.0,-0.0050000000000000044,0.6299999999999999,0,staged_v3,0.22514419862739227,2,1.0314011147116793,0.2269527303989854,2,1,0,0
v3_torso_proxy:v3_right_hand_proxy,24,0.760639910721637,1.0000000000000009,0.9806589958670459,0.0,0.24134394462211906,FLAT,0.0,-1,0.02949920988671838,0.04305933935354579,0.10744719735779804,LOADING,0.08148930137145512,0.0,0.07799132758949645,0.1848498658255593,0.9806589958670459,0.01230826146003862,0,ok,0.0,0.014057791298588522,AIR,0.0,-1,2.4895531523453607,0.09197812852685353,0.6109700124770877,UNLOADING,0.02179534734488657,0.014407862952614932,0.041140637671239454,0.0,-0.0050000000000000044,0.6249999999999999,0,staged_v3,0.27187259633489114,2,1.0463317881558565,0.2503217812219758,2,0,0,0
v3_torso_proxy:v3_right_hand_proxy,25,0.5819521971159666,1.0000000000000009,0.4626351964459217,0.0,0.2583422846665528,FLAT,0.0,-1,0.0657343651901815,0.01992344653888116,0.11182106339400535,SUPPORT,0.1551914410971641,0.010667606630819108,0.05717792934959459,0.08720468006679472,0.4626351964459217,0.009990122460893716,0,ok,0.0,0.010948218871595123,AIR,0.0,-1,2.6739238056704715,0.12020654188534827,0.5369931850606657,UNLOADING,0.019405883431187914,0.0,0.06249727621086157,0.0,-0.0050000000000000044,0.6199999999999999,1,staged_v3,0.22151503331919792,2,1.0530704784878404,0.22216853999436084,2,1,1,1
v3_torso_proxy:v3_right_hand_proxy,26,0.0,1.0000000000000009,0.0,0.0,0.2506040514547866,FLAT,0.0,-1,0.08477337115516266,0.014923446538881155,0.13488145226986625,SUPPORT,0.2141531528777313,0.016820626074612162,0.05217792934959459,0.0,0.0,0.009990122460893716,0,ok,0.0,0.008526481430435415,AIR,0.0,-1,2.6664109774041727,0.11520654188534826,0.48398647195988587,UNLOADING,0.01726215433597357,0.0,0.057497276210861564,0.0,-0.0050000000000000044,0.6149999999999999,1,staged_v3,0.15271228885640228,2,1.061800078049453,0.14922253767953159,2,0,1,1
v3_torso_proxy:v3_right_hand_proxy,27,6.103515625014311e-05,0.8000000000000007,4.853935146544575e-05,0.0,0.2591933529987068,FLAT,0.0,-1,0.07154007931362126,0.010922595581336056,0.1537849669194874,SUPPORT,0.26132252230218506,0.021766652764638315,0.04817598217195561,9.14945219843144e-06,4.853935146544575e-05,0.009990019299001687,0,ok,0.0,0.0066404304148668936,AIR,0.0,-1,2.696402981332575,0.11121023201948697,0.4460055023525753,UNLOADING,0.01532166970395547,0.0,0.053499109995317234,2.500000000000002,-0.0040000000000000036,0.6109999999999999,1,staged_v3,0.16416729716401213,2,1.066243984399978,0.16409947098052102,2,0,1,1
v3_torso_proxy:v3_right_hand_proxy,28,0.0,0.6000000000000005,0.0,0.0,0.26698883289069036,FLAT,0.0,-1,0.06499765647373473,0.007922595581336053,0.18612990810824592,SUPPORT,0.29905801784174807,0.026383899824076247,0.045175982171955606,0.0,0.0,0.009990019299001687,0,ok,0.0,0.005171572407029511,AIR,0.0,-1,2.6981308160422226,0.10821023201948708,0.43701393560038504,UNLOADING,0.013548791631417716,0.0,0.05049910999531733,2.500000000000002,-0.0030000000000000027,0.6079999999999999,1,staged_v3,0.1745950741136736,2,1.0747404511932954,0.1724945372296663,2,0,1,1
v3_torso_proxy:v3_right_hand_proxy,29,0.0,0.8000000000000007,0.0,0.0,0.2655347733664856,FLAT,0.0,-1,0.06088580157753613,0.0039225955813360506,0.2230296443829557,SUPPORT,0.32924641427339846,0.03222888663781174,0.0411759821719556,0.0,0.0,0.009990019299001687,0,ok,0.0,0.004027624640305053,AIR,0.0,-1,2.748772982046214,0.10421023201948706,0.4487941836687257,UNLOADING,0.011930399988034513,0.0009405991881189582,0.04649910999531733,-2.500000000000002,-0.0040000000000000036,0.6039999999999999,1,staged_v3,0.19192946167950728,2,1.0863642571020868,0.17996403764260474,2,0,1,1
v3_torso_proxy:v3_right_hand_proxy,30,0.0,0.0,0.0,0.0,0.2466919713503967,FLAT,0.0,-1,0.09249847814167295,0.0039225955813360506,0.2812950511623565,LOADING,0.3075396037554907,0.035142156976781774,0.0411759821719556,0.0,0.0,0.009990019299001687,0,ok,0.0,0.003136717223787261,AIR,0.0,-1,2.653227459783901,0.10421023201948706,0.47545808743341744,UNLOADING,0.010461105654278999,0.002273794376353541,0.04649910999531733,10.000000000000009,0.0,0.6039999999999999,1,staged_v3,0.21007570832996286,2,1.097178335967608,0.200094234461515,2,0,1,1
v3_torso_proxy:v3_right_hand_proxy,31,0.0,0.20000000000000018,0.0,0.0,0.20440668025768113,FLAT,0.0,-1,0.1304475111082502,0.0029225955813360497,0.35493732112806786,LOADING,0.28244182046846894,0.03982427047506734,0.0401759821719556,0.0,0.0,0.009990019299001687,0,ok,0.0,0.002442877830159082,FLAT,0.0,-1,2.5699672724987335,0.10321023201948706,0.4945636093429454,UNLOADING,0.009143050468423676,0.004229070471829945,0.04549910999531733,-2.500000000000002,-0.0010000000000000009,0.6029999999999999,1,staged_v3,0.24801122423627275,2,1.1051595807150945,0.21777148519513417,2,0,1,1
v3_torso_proxy:v3_right_hand_proxy,32,2.7766069838021455e-05,2.44140625049738e-05,6.103515625015955e-05,0.0,0.15919208264970836,FLAT,0.0,-1,0.21303021741368486,0.0029234416581520395,0.43655357565343694,LOADING,0.2549067332234392,0.04390423712451981,0.0401761432655002,1.1504855909172385e-05,6.103515625015955e-05,0.00999000607650908,0,ok,0.0,0.0019025151670756676,FLAT,0.0,-1,2.320658695034218,0.10320740277708877,0.5082533139959757,UNLOADING,0.00797055119128913,0.004917239234071183,0.04549542646572761,2.49969482421869,-1.22070312524869e-07,0.6029998779296873,1,staged_v3,0.3152637091070904,2,1.1105392491331036,0.27270842230352876,2,0,1,1
v3_torso_proxy:v3_right_hand_proxy,33,0.0,0.1999755859374952,0.0,0.0,0.12397891862636068,FLAT,0.0,-1,0.3692024911877061,0.0039233195878395155,0.5201178396956314,UNLOADING,0.22699081009189326,0.04708257239694206,0.04117602119518768,0.0,0.0,0.009990006076509066,0,ok,0.0,0.0014816803019237546,FLAT,0.0,-1,1.665307934529098,0.10420728070677625,0.5201669114326317,UNLOADING,0.006933466626182327,0.004513041176216502,0.046495304395415084,2.500000000000002,0.000999877929687476,0.6039997558593748,1,staged_v3,0.3478664042723896,2,1.1127165372119885,0.30234070335105107,2,0,1,1
v3_torso_proxy:v3_right_hand_proxy,34,0.0,0.3999755859374954,0.0,0.0,0.09655487891055568,FLAT,0.0,-1,0.39195458653382853,0.005923197517526992,0.6052408307389081,UNLOADING,0.2000086834768851,0.04933884401941842,0.043175899124875156,0.0,0.0,0.009990006076509156,0,ok,0.0,0.0011539337793996958,FLAT,0.0,-1,1.4143584331794163,0.10620715863646372,0.5042332601129618,UNLOADING,0.006024697392136068,0.001716480680545536,0.048495182325102554,2.500000000000002,0.001999877929687477,0.6059996337890623,1,staged_v3,0.35914544577824803,2,1.1134097109446894,0.3142330820655094,2,0,1,1
v3_torso_proxy:v3_right_hand_proxy,35,0.0,0.5999755859374956,0.0,0.0,0.07519701530490544,FLAT,0.0,-1,0.7883881588690991,0.00892307544721447,0.703313452468431,UNLOADING,0.17462314910240023,0.051242597176207084,0.04617577705456263,0.0,0.0,0.009990006076509107,0,ok,0.0,0.0008986845310090289,FLAT,0.0,-1,0.4188047901091688,0.10920703656615122,0.4697745465875177,UNLOADING,0.0052320985379636364,0.0,0.05149506025479003,2.500000000000002,0.002999877929687478,0.6089995117187498,1,staged_v3,0.323965032405099,2,1.108627967794283,0.2840413233468853,2,0,1,1
v3_torso_proxy:v3_right_hand_proxy,36,0.0,0.3999755859374954,0.0,0.0,0.058563494404092774,FLAT,0.0,-1,0.9483453204234928,0.010922953376901946,0.7874147992675921,UNLOADING,0.15145551811826952,0.05344778658647766,0.04817565498425011,0.0,0.0,0.009990006076509107,0,ok,0.0,0.00069989621648399,FLAT,0.0,-1,0.5119979598283088,0.1112069144958387,0.420651238969203,LOADING,0.004542582176235994,0.0,0.05349493818447751,-2.500000000000002,0.001999877929687477,0.6109993896484373,1,staged_v3,0.30763591605346735,2,1.1033788565775986,0.27044227426397865,2,0,1,1
v3_torso_proxy:v3_right_hand_proxy,37,3.181621715273465e-05,0.1999755859374952,6.103514475657732e-05,0.0,0.04560929530130529,FLAT,0.0,-1,1.6859604626563194,0.011924784331433347,0.8476760475106156,UNLOADING,0.13081149954859533,0.05545901804409745,0.04917602142184067,1.1504853742683174e-05,6.103514475657732e-05,0.009990000868140399,0,ok,0.0,0.0005450797214664449,FLAT,0.0,-1,0.44352345023833084,0.11220156784254165,0.3473763612677173,LOADING,0.003944460709805511,0.0,0.054491443358539574,-2.500000000000002,0.000999877929687476,0.6119992675781247,1,staged_v3,0.30516374288476944,2,1.0967026376245972,0.26558289239007543,2,0,1,1
v3_torso_proxy:v3_right_hand_proxy,38,0.5531043334342491,2.44140625049738e-05,1.0000000000000002,0.0,0.035520554895991506,FLAT,0.0,-1,2.12356545063993,0.05011874048664043,0.8726516966452649,UNLOADING,0.11277035424168504,0.018513844345622824,0.06420717144363008,0.18849555921538763,1.0000000000000002,0.010010566946213953,0,ok,0.0,0.0004245085139144106,FLAT,0.0,-1,0.3096311148208515,0.045326034474294,0.29996056137092686,LOADING,0.003423419565800996,0.010762163797278505,0.029235864271267842,-2.500000000000002,-1.22070312524869e-07,0.6119991455078122,0,staged_v3,0.30715071215197515,2,1.0894733344232208,0.2637649372496799,2,0,0,0
v3_torso_proxy:v3_right_hand_proxy,39,0.013973050672949393,0.20002441406250515,0.04624150392961474,0.0,0.027663435968129008,AIR,0.0,-1,2.3305033272290787,0.05023281798069461,0.8683167760231429,UNLOADING,0.09718070512638155,0.01818302082046254,0.06334291141133674,0.008716318142173274,0.04624150392961474,0.009990001584648162,0,ok,0.0,0.0003306075630570213,FLAT,0.0,-1,0.2316413488803487,0.04323527519410377,0.27327052014203124,LOADING,0.0029686828081633594,0.01025231154873088,0.028411214458370686,-2.500000000000002,-0.0010001220703125258,0.6109990234374997,1,staged_v3,0.27245253096973393,2,1.080169476265479,0.2673803009433095,2,0,1,1
v3_torso_proxy:v3_right_hand_proxy,40,0.17649264001984483,0.40002441406250533,0.5553106148878354,0.0,0.021544305594424537,AIR,0.0,-1,2.5158695921195755,0.05815310090292987,0.8587726900826679,UNLOADING,0.08373241072591811,0.00978553360120353,0.06016678185504964,0.10467358489152329,0.5553106148878354,0.009991115088799463,0,ok,0.0,0.014537277549775523,FLAT,0.0,-1,0.13091573065349768,0.02497349199133958,0.2827684613869935,LOADING,0.004460265035384651,0.014164931078010097,0.031533716510918734,-2.500000000000002,-0.0020001220703125266,0.6089989013671872,0,staged_v3,0.2792774926449515,2,1.0768043600373418,0.27411757977791795,2,0,1,1
v3_torso_proxy:v3_right_hand_proxy,41,0.003718405094249784,0.6000244140625055,0.023008839656229928,0.0,0.01677872206766748,AIR,0.0,-1,2.5441806105956184,0.05503072066182792,0.8493288548966516,UNLOADING,0.072131790517545,0.012435722083004655,0.05678391895719399,0.004337064097898247,0.023008839656229928,0.00999000058359796,0,ok,0.0,0.03962566275278401,FLAT,0.0,-1,0.1218079819849675,0.02129716889667469,0.31780618800677557,LOADING,0.00897468841352365,0.019593140503664085,0.028810422548716207,-2.500000000000002,-0.0030001220703125275,0.6059987792968746,1,staged_v3,0.2783257732682344,2,1.0767918188454004,0.2741177058031597,2,0,1,1
v3_torso_proxy:v3_right_hand_proxy,42,0.0,0.8000244140625057,0.0,0.0,0.013067281885236894,AIR,0.0,-1,2.6575837131886137,0.05103059859151508,0.8407815867651907,UNLOADING,0.06212447071318991,0.01600848074674445,0.052783796886881146,0.0,0.0,0.009990000583597947,0,ok,0.0,0.09380539562499707,FLAT,0.0,-1,0.09647003266038345,0.01729704682636218,0.3719688244626695,LOADING,0.018962293308041174,0.02630139439677129,0.024810300478403685,-2.500000000000002,-0.004000122070312528,0.6019986572265621,1,staged_v3,0.27780796433737004,2,1.0753638718880387,0.2733139858934793,2,0,1,1
v3_torso_proxy:v3_right_hand_proxy,43,0.0,0.8327660918414193,0.0,0.0,0.010176809364837277,AIR,0.0,-1,2.766284219216123,0.04686676813230799,0.8038329977367513,UNLOADING,0.05353473978069202,0.01832488175452958,0.04861996642767405,0.0,0.0,0.009990000583597947,0,ok,0.0,0.16445181387401764,FLAT,0.0,-1,0.08560385990717734,0.013133216367155084,0.46115936912544897,UNLOADING,0.032892498473700925,0.03492475208911737,0.02064647001919659,-0.4092709722364196,-0.004163830459207096,0.597834826767355,1,staged_v3,0.27518535039855097,2,1.0724669144595438,0.269858041311061,2,0,1,1
v3_torso_proxy:v3_right_hand_proxy,44,7.171439708795671e-06,1.0000000000000009,4.9373106191407863e-05,0.0,0.007925707102503678,FLAT,0.0,-1,2.823109358848326,0.041865141437742476,0.7197306324169219,UNLOADING,0.04620425308591708,0.019121390183103625,0.04361859819394882,9.306611261750142e-06,4.9373106191407863e-05,0.009990000287520569,0,ok,0.0,0.20787578948612323,FLAT,0.0,-1,0.07728851903725432,0.008133766575816,0.5702554801359943,UNLOADING,0.04418069504777377,0.04537900743098371,0.015646985342876646,-2.0904238519822704,-0.0050000000000000044,0.592834826767355,1,staged_v3,0.2694271678717732,2,1.0657640408696096,0.2634148849280436,2,0,1,1
v3_torso_proxy:v3_right_hand_proxy,45,9.101404514922094e-06,0.8000000000000007,6.103515624986506e-05,0.0,0.00617254689782446,FLAT,0.0,-1,2.941560984000632,0.03786289457035487,0.659468654371949,UNLOADING,0.039903923459510125,0.020110538148242582,0.03961685214724128,1.1504855909116873e-05,6.103515624986506e-05,0.009990000070018712,0,ok,0.0,0.18328454926611643,FLAT,0.0,-1,0.12336488491849362,0.004135284329173307,0.6599425967429593,UNLOADING,0.04781000961433356,0.05386184550797466,0.011647874127342597,2.500000000000002,-0.0040000000000000036,0.588834826767355,1,staged_v3,0.2675030271729046,2,1.064084949814513,0.24810880023032497,2,0,1,1
v3_torso_proxy:v3_right_hand_proxy,46,0.1298140118405318,0.30487060546875444,0.5081176090525017,0.0,0.0048071843575706605,FLAT,0.0,-1,2.867111263477503,0.017078852089008657,0.5980660730882164,UNLOADING,0.03447938732046972,0.037824451565402165,0.02379840709609196,0.095777912865537,0.5081176090525017,0.009990000137253444,0,ok,0.0,0.1464262370086809,FLAT,0.0,-1,0.14275407399023232,0.024392669221086648,0.7469238640529581,UNLOADING,0.04627386342134629,0.042659532888566165,0.01968666031408174,6.189117431640578,-0.0015243530273437722,0.5873104737400112,1,staged_v3,0.29848552406268497,2,1.0569723686826484,0.2490662805191011,2,0,1,1
v3_torso_proxy:v3_right_hand_proxy,47,0.0,0.10487060546875426,0.0,0.0,0.0037438389420446387,FLAT,0.0,-1,2.6977796004544228,0.016554499061664885,0.5358462138709705,UNLOADING,0.02980200584891795,0.03523781163188365,0.02327405406874819,0.0,0.0,0.009990000137253444,0,ok,0.0,0.11403686804455981,FLAT,0.0,-1,0.16958302959432536,0.02386831619374287,0.8186630246349156,UNLOADING,0.04261746875134078,0.04677084394500782,0.019162307286737963,2.500000000000002,-0.0005243530273437713,0.5867861207126674,1,staged_v3,0.25346698683443775,2,1.063068389941087,0.22243437423412388,2,0,1,1
v3_torso_proxy:v3_right_hand_proxy,48,0.0,0.09512939453124591,0.0,0.0,0.0029157046997575846,FLAT,0.0,-1,2.143717447354427,0.017030146034321115,0.4730407494249214,UNLOADING,0.025764070379570028,0.031621891436924954,0.02374970104140442,0.0,0.0,0.009990000137253402,0,ok,0.0,0.08881200213211365,FLAT,0.0,-1,0.19577079587864113,0.024343963166399106,0.8700663793861692,UNLOADING,0.03817778249986192,0.04886536470991426,0.0196379542593942,2.500000000000002,0.00047564697265622957,0.5872617676853237,1,staged_v3,0.2618892665576968,2,1.0574487524896357,0.22995490052132683,2,0,1,1
v3_torso_proxy:v3_right_hand_proxy,49,1.8524352588257894e-05,0.2951293945312461,6.1035155920324253e-05,0.0,0.0022707531033761825,AIR,0.0,-1,1.8005538489426838,0.01850387811813468,0.40981568049679906,UNLOADING,0.02227494073607086,0.026986905906705275,0.02522427871931906,1.1504855846999895e-05,6.1035155920324253e-05,0.009990000000832541,0,ok,0.0,0.06916685680662939,FLAT,0.0,-1,0.22167609603076982,0.025818355751491277,0.9068984925339743,UNLOADING,0.03364374766207935,0.04923179643420121,0.021113128192497516,2.500000000000002,0.0014756469726562305,0.5887374146579799,1,staged_v3,0.26336648610974694,2,1.0509960583733577,0.22886926427184578,2,0,1,1
v3_torso_proxy:v3_right_hand_proxy,50,0.0,0.49512939453124627,0.0,0.0,0.0017684642950711938,AIR,0.0,-1,1.0825369656291677,0.0209795250907908,0.3645129389966134,UNLOADING,0.01925335437054134,0.02224612185903987,0.02769992569197518,0.0,0.0,0.009990000000832548,0,ok,0.0,0.0538672022435907,FLAT,0.0,-1,0.3793769094945582,0.028294002724147508,0.9332898548389732,UNLOADING,0.029350853550509204,0.04807571757679492,0.023588775165153748,2.500000000000002,0.0024756469726562313,0.5912130616306361,1,staged_v3,0.2597456412439261,2,1.0430626187149772,0.22809265575494037,2,0,1,1
v3_torso_proxy:v3_right_hand_proxy,51,0.0,0.6951293945312464,0.0,0.0,0.0013772813778352658,AIR,0.0,-1,0.8775484938490665,0.024455172063447033,0.3335375971923752,UNLOADING,0.016634004639951763,0.017221707796171732,0.03117557266463141,0.0,0.0,0.009990000000832507,0,ok,0.0,0.04195181928917417,AIR,0.0,-1,0.5878226067886371,0.031769649696803744,0.9522000922592018,UNLOADING,0.025444344913519483,0.045545582475150115,0.02706442213780998,2.500000000000002,0.0034756469726562322,0.5946887086032924,1,staged_v3,0.25492817859617317,2,1.04365947271401,0.23263218049679918,2,0,1,1
v3_torso_proxy:v3_right_hand_proxy,52,0.0,0.49512939453124627,0.0,0.0,0.0010726278155677685,FLAT,0.0,-1,0.6923826079184153,0.026930819036103375,0.28633873813003285,LOADING,0.014367074394297928,0.012386117870398273,0.03365121963728775,0.0,0.0,0.009990000000832458,0,ok,0.0,0.03267210971367891,AIR,0.0,-1,1.188235664599589,0.034245296669459975,0.9324317222086826,UNLOADING,0.022124809666611307,0.04208151699996792,0.029540069110466215,-2.500000000000002,0.0024756469726562313,0.5971643555759486,1,staged_v3,0.2454607736298378,2,1.046204559209762,0.22605389526665215,2,0,1,1
v3_torso_proxy:v3_right_hand_proxy,53,0.0,0.2951293945312461,0.0,0.0,0.0008353633827083486,FLAT,0.0,-1,0.31888171946184807,0.028406466008759606,0.22264045919853168,LOADING,0.01240740343733887,0.0077255569511669765,0.03512686660994399,0.0,0.0,0.0099900000008325,0,ok,0.0,0.02544506462960799,AIR,0.0,-1,1.7975991221692287,0.035720943642116205,0.9060705898724882,UNLOADING,0.01930555684442619,0.03928781341050198,0.031015716083122445,-2.500000000000002,0.0014756469726562305,0.5986400025486048,1,staged_v3,0.24256819852868403,2,1.0484824671653754,0.2243382594981992,2,0,1,1
v3_torso_proxy:v3_right_hand_proxy,54,0.0,0.09512939453124591,0.0,0.0,0.014936636418960455,FLAT,0.0,-1,0.12325726649765827,0.028882112981415724,0.16916118392917068,LOADING,0.012407910213553005,0.004575946215042811,0.03560251358260011,0.0,0.0,0.009990000000832458,0,ok,0.0,0.01981663625884121,AIR,0.0,-1,2.127363904747668,0.036196590614772435,0.851983088519789,UNLOADING,0.016966648337359655,0.036107791370210786,0.031491363055778675,-2.500000000000002,0.00047564697265622957,0.5991156495212611,1,staged_v3,0.24654736498887994,2,1.0499600457386982,0.22639519415901477,2,0,1,1
v3_torso_proxy:v3_right_hand_proxy,55,0.0,0.10487060546875426,0.0,0.0,0.06148201881161244,FLAT,0.0,-1,0.050071440430728975,0.028357759954071953,0.13833920323837431,LOADING,0.02052165723398785,0.0035592002078467626,0.03507816055525634,0.0,0.0,0.00999000000083241,0,ok,0.0,0.01543321183622673,AIR,0.0,-1,2.571114021505275,0.035672237587428664,0.76281289504089,UNLOADING,0.015065778408544745,0.0321736347236096,0.030967010028434903,-2.500000000000002,-0.0005243530273437713,0.5985912964939173,1,staged_v3,0.25147611923307844,2,1.049243414331371,0.233929143699677,2,0,1,1
v3_torso_proxy:v3_right_hand_proxy,56,0.0,0.30487060546875444,0.0,0.0,0.14324177726439793,FLAT,0.0,-1,0.027208278135658348,0.026833406926728292,0.13603695973282312,LOADING,0.04116844606291488,0.004968441059912867,0.03355380752791267,0.0,0.0,0.0099900000008325,0,ok,0.0,0.012019397463360252,AIR,0.0,-1,2.6242753907308862,0.03414788456008489,0.6640163518828083,UNLOADING,0.013490427351311254,0.028758160593049288,0.02944265700109113,-2.500000000000002,-0.0015243530273437722,0.5970669434665735,1,staged_v3,0.2662992095054531,2,1.0475144261073908,0.258441222484689,2,0,1,1
v3_torso_proxy:v3_right_hand_proxy,57,0.0,0.5048706054687546,0.0,0.0,0.2045854584270281,FLAT,0.0,-1,0.03695053677255529,0.02430905389938452,0.14019626630052076,LOADING,0.06811542505356757,0.007700759415641519,0.031029454500568897,0.0,0.0,0.0099900000008325,0,ok,0.0,0.009360716156511422,AIR,0.0,-1,2.775523844051168,0.03162353153274112,0.5750025481561888,UNLOADING,0.012131549231688295,0.026831823434062086,0.026918303973747355,-2.500000000000002,-0.002524353027343773,0.5945425904392297,1,staged_v3,0.2903721123420318,2,1.0441751601151763,0.2868584135897903,2,0,1,1
v3_torso_proxy:v3_right_hand_proxy,58,0.0,0.3174460741248719,0.0,0.0,0.24981861749773226,FLAT,0.0,-1,0.04588069140240538,0.02272182352876016,0.1713221867864168,LOADING,0.09589616917246634,0.010844285810560687,0.029442224129944537,0.0,0.0,0.009990000000832458,0,ok,0.0,0.007290133072800247,AIR,0.0,-1,2.8011543555970775,0.03003630116211676,0.511221370712796,UNLOADING,0.0109075080915392,0.02522999493251681,0.025331073603122995,2.342806641798534,-0.0015872303706243596,0.5929553600686054,1,staged_v3,0.30880500095087815,2,1.0502049874832144,0.30868278559334,2,0,1,1
v3_torso_proxy:v3_right_hand_proxy,59,0.0,0.3600378182205599,0.0,0.0,0.268100460845903,FLAT,0.0,-1,0.04512925934657158,0.02092163443765736,0.19564374853521135,SUPPORT,0.16671693533797308,0.01386055298910321,0.027642035038841738,0.0,0.0,0.009990000000832597,0,ok,0.0,0.005677561345791579,AIR,0.0,-1,2.850251335218139,0.028236112071013956,0.4655201600493425,UNLOADING,0.009782798661234845,0.02474512349044693,0.023530884512020196,-0.5323968011961,-0.0018001890911027996,0.5911551709775026,1,staged_v3,0.32464845995184005,2,1.0558824578310684,0.3257283167347917,2,1,1,1
v3_torso_proxy:v3_right_hand_proxy,60,0.0,0.2668839582066873,0.0,0.0,0.2756618087621052,FLAT,0.0,-1,0.06496944832284919,0.019587214646623923,0.2254768688738521,SUPPORT,0.22337354827037847,0.016686628797068687,0.0263076152478083,0.0,0.0,0.009990000000832541,0,ok,0.0,0.004421689222038421,AIR,0.0,-1,2.7983290193748505,0.02690169227998052,0.43277381167784923,UNLOADING,0.00874355569868158,0.024442225862905707,0.02219646472098676,1.1644232501734075,-0.0013344197910334366,0.5898207511864691,1,staged_v3,0.33423914892193535,2,1.065860902368184,0.33585353771064747,2,1,1,1
v3_torso_proxy:v3_right_hand_proxy,61,0.0,0.2212873198714993,0.0,0.0,0.2700177897827969,FLAT,0.0,-1,0.06796040813109898,0.018480778047266316,0.277489847238375,SUPPORT,0.2686988386163028,0.02039371431465244,0.025201178648450694,0.0,0.0,0.009990000000832583,0,ok,0.0,0.003443615028621913,AIR,0.0,-1,2.7712591135984086,0.025795255680623023,0.4093100277627173,UNLOADING,0.007785063293963149,0.024375473266506607,0.021090028121629262,0.5699579791898501,-0.0011064365993574965,0.5887143145871117,1,staged_v3,0.3440595035633976,2,1.0745952184685141,0.34586113626549053,2,1,1,1
v3_torso_proxy:v3_right_hand_proxy,62,0.0,0.021287319871499122,0.0,0.0,0.2422250000021444,FLAT,0.0,-1,0.10321594370671708,0.01837434144790882,0.3503577850703136,LOADING,0.252793231030079,0.024143547805606864,0.025094742049093198,0.0,0.0,0.009990000000832507,0,ok,0.0,0.002681890080887204,AIR,0.0,-1,2.6793162759641915,0.025688819081265527,0.4107204791003869,UNLOADING,0.006898680380821361,0.024552432432747583,0.020983591522271767,2.500000000000002,-0.00010643659935749561,0.5886078779877542,1,staged_v3,0.363767047254647,2,1.0844990274251778,0.35716491027240993,2,0,1,1
v3_torso_proxy:v3_right_hand_proxy,63,0.0,0.07838697833930652,0.0,0.0,0.1886450196811411,FLAT,0.0,-1,0.2362082117046761,0.017982406556212287,0.4315705275273931,LOADING,0.2319986821717728,0.028596119820157372,0.024702807157396665,0.0,0.0,0.009990000000832486,0,ok,0.0,0.002088658095106388,AIR,0.0,-1,2.5577474426299474,0.025296884189568995,0.41173111164586784,UNLOADING,0.006088682122955466,0.02499489895171816,0.020591656630575234,-0.7137457308475925,-0.0003919348916965326,0.5882159430960576,1,staged_v3,0.40217399740238,2,1.0905658689261366,0.37394987623637704,2,0,1,1
v3_torso_proxy:v3_right_hand_proxy,64,0.0,0.2783869783393067,0.0,0.0,0.1469168890501933,FLAT,0.0,-1,0.2636370744692221,0.016590471664515865,0.5164362970467515,LOADING,0.2090051097037314,0.034231343187821714,0.023310872265700243,0.0,0.0,0.00999000000083252,0,ok,0.0,0.0016266485600372838,FLAT,0.0,-1,2.538128631148676,0.02390494929787246,0.41245526150818984,LOADING,0.0053554030772225685,0.026423041336530794,0.0191997217388787,-2.500000000000002,-0.0013919348916965335,0.5868240082043611,1,staged_v3,0.4488834761934432,2,1.0957023501063945,0.41656010300514723,2,0,1,1
v3_torso_proxy:v3_right_hand_proxy,65,0.0,0.3476010640588001,0.0,0.0,0.11441898823870525,FLAT,0.0,-1,0.6631704239040173,0.014852466344221864,0.6167213295566901,UNLOADING,0.18541214512971257,0.040983600133612644,0.021572866945406242,0.0,0.0,0.00999000000083252,0,ok,0.0,0.0012668351723390098,FLAT,0.0,-1,2.1351218916624317,0.022166943977578464,0.41297413755809126,LOADING,0.004696583353278495,0.028186990459319865,0.0174617164185847,-0.8651760714936674,-0.0017380053202940005,0.5850860028840671,1,staged_v3,0.4840220186399065,2,1.1000688312941993,0.44945826614812007,2,0,1,1
v3_torso_proxy:v3_right_hand_proxy,66,0.0,0.3449792156760667,0.0,0.0,0.08910959763854151,FLAT,0.0,-1,0.7369577404858609,0.01312757026584142,0.6873926490973288,UNLOADING,0.16290416943372327,0.04624206218902502,0.019847970867025798,0.0,0.0,0.009990000000832458,0,ok,0.0,0.000986612224240019,FLAT,0.0,-1,1.9317012089478207,0.02044204789919813,0.3849990595515314,LOADING,0.004112323937919505,0.028513132637372204,0.015736820340204367,0.032773104784167284,-0.0017248960783803335,0.5833611068056868,1,staged_v3,0.49847027740305766,2,1.1034112687383437,0.4624432804403117,2,0,1,1
v3_torso_proxy:v3_right_hand_proxy,67,0.0,0.2846042221000822,0.0,0.0,0.06939862442007394,FLAT,0.0,-1,1.1733931325350375,0.011704549155341009,0.7317844567394755,UNLOADING,0.14229125805038612,0.04988467368163277,0.018424949756525387,0.0,0.0,0.009990000000832458,0,ok,0.0,0.0007683743728259473,FLAT,0.0,-1,1.4979902991299083,0.01901902678869772,0.3828460745011095,LOADING,0.003592592698279902,0.029828504495351526,0.014313799229703956,0.7546874196998066,-0.001423021110500411,0.5819380856951863,1,staged_v3,0.4947638861883326,2,1.1044109890877716,0.45972391701158427,2,0,1,1
v3_torso_proxy:v3_right_hand_proxy,68,0.0,0.17615563201087703,0.0,0.0,0.05404770304243191,FLAT,0.0,-1,1.877876400747392,0.010823770995286624,0.7261144617248232,UNLOADING,0.12407863322037573,0.05048195209095453,0.017544171596471002,0.0,0.0,0.009990000000832507,0,ok,0.0,0.0005984105632488474,FLAT,0.0,-1,0.8417090729717788,0.018138248628643334,0.3891343081771015,LOADING,0.0031315863817703645,0.031023694339205505,0.01343302106964957,1.3556073761150644,-0.0008807781600543851,0.581057307535132,1,staged_v3,0.45895618898283463,2,1.1030748950807563,0.4301553785720696,2,0,1,1
v3_torso_proxy:v3_right_hand_proxy,69,0.0,0.03419723409587849,0.0,0.0,0.04209239345265672,FLAT,0.0,-1,2.2087133462667916,0.010652784824807342,0.681543073015102,UNLOADING,0.10826805908437524,0.048424368825947764,0.01737318542599172,0.0,0.0,0.009990000000832541,0,ok,0.0,0.0004660426152564028,FLAT,0.0,-1,0.665914798711425,0.017967262458163942,0.36324357728672974,LOADING,0.0027266105598778272,0.02990014396516631,0.013262034899170178,1.7744799739374817,-0.00017098617047939246,0.5808863213646526,1,staged_v3,0.43543777125465144,2,1.1004663454779435,0.41402662895697107,2,0,1,1
v3_torso_proxy:v3_right_hand_proxy,70,0.0,0.12576159551420663,0.0,0.0,0.03278158898227873,FLAT,0.0,-1,2.6522433729442905,0.011281592802378265,0.6328018309846114,UNLOADING,0.0945208134225656,0.04535849874685231,0.018001993403562642,0.0,0.0,0.009990000000832507,0,ok,0.0,0.000362954353706332,FLAT,0.0,-1,0.4407315337472027,0.018596070435734975,0.3336949902507435,LOADING,0.002371643094778828,0.02779390663579596,0.013890842876741211,1.999485370126064,0.0006288079775710331,0.5815151293422236,1,staged_v3,0.4324660053741231,2,1.0970768779173083,0.41395247574668725,2,0,1,1
v3_torso_proxy:v3_right_hand_proxy,71,0.0,0.29621438634188646,0.0,0.0,0.025530327169723616,FLAT,0.0,-1,2.6318121698577746,0.012762664734087808,0.5949191787971642,UNLOADING,0.08249524663298319,0.041983294205770405,0.019483065335272186,0.0,0.0,0.009990000000832541,0,ok,0.0,0.000282669134885667,FLAT,0.0,-1,0.3932528960311204,0.020077142367444407,0.2732170991833663,LOADING,0.002062185380356643,0.023288940150717672,0.015371914808450644,2.130659885345998,0.0014810719317094323,0.582996201273933,1,staged_v3,0.4367486408387221,2,1.0941431379331152,0.42182461113231184,2,0,1,1
v3_torso_proxy:v3_right_hand_proxy,72,0.0,0.09621438634188628,0.0,0.0,0.019883038791849914,FLAT,0.0,-1,2.6810746018096654,0.01324373666579724,0.5930301489792497,UNLOADING,0.07186618244755116,0.04140777078316525,0.019964137266981617,0.0,0.0,0.009990000000832541,0,ok,0.0,0.00022014294359907403,FLAT,0.0,-1,0.16582477110841765,0.02055821429915384,0.23702253985404095,LOADING,0.0017915823408737337,0.020998140252541975,0.015852986740160075,-2.500000000000002,0.0004810719317094314,0.5834772732056425,1,staged_v3,0.4396040211981684,2,1.0923470245615143,0.4307584592319896,2,0,1,1
v3_torso_proxy:v3_right_hand_proxy,73,0.0,0.1037856136581139,0.0,0.0,0.015484926180931833,FLAT,0.0,-1,2.63437061953783,0.012724808597506559,0.618150298679317,UNLOADING,0.06244428701749552,0.04318270633645929,0.019445209198690937,0.0,0.0,0.009990000000832507,0,ok,0.0,0.013072385527350626,FLAT,0.0,-1,0.13814885766937818,0.02003928623086327,0.2298826995405126,LOADING,0.0034467199232767745,0.021160076305156126,0.015334058671869506,-2.500000000000002,-0.0005189280682905695,0.5829583451373519,1,staged_v3,0.4485884692955507,2,1.0911041428046848,0.43774740948346474,2,0,1,1
v3_torso_proxy:v3_right_hand_proxy,74,0.0,0.3037856136581141,0.0,0.0,0.01205967263551261,FLAT,0.0,-1,2.6065449472419533,0.011205880529215988,0.6673285231013062,UNLOADING,0.05409680445879198,0.04716054562584933,0.017926281130400366,0.0,0.0,0.009990000000832562,0,ok,0.0,0.052018813917714485,FLAT,0.0,-1,0.11885200033046059,0.0185203581625727,0.24648448585766114,LOADING,0.010596772601477676,0.023509093689304126,0.013815130603578935,-2.500000000000002,-0.0015189280682905704,0.5814394170690613,1,staged_v3,0.4569349567686869,2,1.0897331675366237,0.44402923170717123,2,0,1,1
v3_torso_proxy:v3_right_hand_proxy,75,0.0,0.5037856136581143,0.0,0.0,0.009392082492122015,FLAT,0.0,-1,2.589534895044589,0.008686952460925528,0.7392140131968326,UNLOADING,0.04671859289337096,0.0532737481989161,0.015407353062109906,0.0,0.0,0.009990000000832541,0,ok,0.0,0.18398446393659734,FLAT,0.0,-1,0.03893490356607353,0.016001430094282128,0.2791487385434342,LOADING,0.03500250466460339,0.02766123439188335,0.011296202535288364,-2.500000000000002,-0.0025189280682905713,0.5789204890007708,1,staged_v3,0.46323682272696115,2,1.0918016546633786,0.4481105635733357,2,0,1,1
v3_torso_proxy:v3_right_hand_proxy,76,0.0,0.7037856136581144,0.0,0.0,0.007314561199535856,FLAT,0.0,-1,2.573877384540166,0.005168024392634957,0.8131386750966475,UNLOADING,0.040239766565293954,0.06048890936219742,0.011888424993819334,0.0,0.0,0.009990000000832597,0,ok,0.0,0.28643561375800275,FLAT,0.0,-1,0.0468379263010035,0.012482502025991554,0.3038245747897459,SUPPORT,0.11800200373168272,0.03241395427248951,0.007777274466997792,-2.500000000000002,-0.003518928068290572,0.5754015609324802,1,staged_v3,0.48112386562048176,2,1.0932792530749589,0.4641018073924985,2,0,1,1
v3_torso_proxy:v3_right_hand_proxy,77,0.0,0.5037856136581143,0.0,0.0,0.005696585990022239,FLAT,0.0,-1,2.5541102234179385,0.0026490963243442746,0.8661080099714462,UNLOADING,0.03460018951804808,0.06565630417422803,0.009369496925528652,0.0,0.0,0.009990000000832507,0,ok,0.0,0.32475815894734933,FLAT,0.0,-1,0.07062740781591356,0.009963573957700983,0.3409533456322984,SUPPORT,0.1844016029853462,0.036789320882907706,0.0052583463987072206,2.500000000000002,-0.0025189280682905713,0.5728826328641896,1,staged_v3,0.5320636168988868,2,1.0941058875287997,0.4847188414671975,2,0,1,1
v3_torso_proxy:v3_right_hand_proxy,78,0.0,0.0,0.0,0.0,0.004436505629862914,FLAT,0.0,-1,2.4737149752790764,0.0026490963243442746,0.8868896062562057,UNLOADING,0.029728993143846978,0.06669538398846601,0.009369496925528652,0.0,0.0,0.009990000000832507,0,ok,0.0,0.32265330390495134,FLAT,0.0,-1,0.08572425573296086,0.009963573957700983,0.3675210411941782,SUPPORT,0.23752128238827697,0.0381177056610017,0.0052583463987072206,6.297320170726428,0.0,0.5728826328641896,1,staged_v3,0.6067463426242972,2,1.0926019387714572,0.54727274114598,2,0,1,1
v3_torso_proxy:v3_right_hand_proxy,79,0.0,0.20000000000000018,0.0,0.0,0.0034551540586379337,FLAT,0.0,-1,2.42476248761687,0.0036490963243443865,0.8645107470686473,UNLOADING,0.02554887072932135,0.06457644102908798,0.010369496925528764,0.0,0.0,0.009990000000832597,0,ok,0.0,0.2721656942757404,FLAT,0.0,-1,0.12553941992761317,0.010963573957700984,0.36803741173868604,SUPPORT,0.2800170259106216,0.037143524188227084,0.0062583463987072215,2.500000000000002,0.0010000000000000009,0.5738826328641896,1,staged_v3,0.6216986625985057,2,1.0927263712426702,0.5636384899585901,2,0,1,1
v3_torso_proxy:v3_right_hand_proxy,80,0.0,0.40000000000000036,0.0,0.0,0.0026908766864995656,FLAT,0.0,-1,2.1715832975409977,0.005649096324344388,0.8036412923843612,UNLOADING,0.021974514492063175,0.05953296829487367,0.012369496925528765,0.0,0.0,0.009990000000832541,0,ok,0.0,0.22719042841260784,FLAT,0.0,-1,0.13300172600457721,0.012963573957700985,0.3686494768124211,LOADING,0.2605055644721771,0.03517412744191384,0.008258346398707223,2.500000000000002,0.0020000000000000018,0.5758826328641896,1,staged_v3,0.646433156824856,2,1.092986703971912,0.5933814250301589,2,0,1,1
v3_torso_proxy:v3_right_hand_proxy,81,0.0,0.6000000000000005,0.0,0.0,0.002095656870594449,AIR,0.0,-1,1.9774628876396523,0.008649096324344279,0.7297171512947516,UNLOADING,0.018916215294467437,0.0528367612403933,0.015369496925528657,0.0,0.0,0.009990000000832507,0,ok,0.0,0.18443278991327483,FLAT,0.0,-1,0.14004550808224506,0.01596357395770099,0.3700935656606693,LOADING,0.23988696970036977,0.03224633188432624,0.011258346398707226,2.500000000000002,0.0030000000000000027,0.5788826328641896,1,staged_v3,0.6798532760643974,2,1.0950001745104423,0.6227096720604117,2,0,1,1
v3_torso_proxy:v3_right_hand_proxy,82,0.0,0.40000000000000036,0.0,0.0,0.0016320992118679266,AIR,0.0,-1,1.6477627450022811,0.01064909632434428,0.6585252024193726,UNLOADING,0.016293516073544102,0.04727716379662435,0.01736949692552866,0.0,0.0,0.009990000000832507,0,ok,0.0,0.164884031976289,FLAT,0.0,-1,0.122289084882101,0.01796357395770099,0.39278720743053863,LOADING,0.21992021595837907,0.03138101397281971,0.013258346398707228,-2.500000000000002,0.0020000000000000018,0.5808826328641896,1,staged_v3,0.7179802692569178,2,1.099228592930307,0.658127591454248,2,0,1,1
v3_torso_proxy:v3_right_hand_proxy,83,0.0,0.6000000000000005,0.0,0.0,0.001271080144252964,AIR,0.0,-1,1.2906855590234292,0.013649096324344395,0.6004114500589528,UNLOADING,0.014038429358995073,0.04137147617860325,0.020369496925528773,0.0,0.0,0.009990000000832541,0,ok,0.0,0.17141352825457712,FLAT,0.0,-1,0.09948458440915836,0.020963573957700994,0.46834525940931604,UNLOADING,0.20152201580688509,0.03215891657175858,0.01625834639870723,2.500000000000002,0.0030000000000000027,0.5838826328641896,1,staged_v3,0.746686545830716,2,1.1054464103646298,0.6855254668845805,2,0,1,1
v3_torso_proxy:v3_right_hand_proxy,84,0.0,0.8000000000000007,0.0,0.0,0.0009899182116907225,AIR,0.0,-1,1.1399372025309507,0.017649096324344398,0.5240575094597424,UNLOADING,0.012100245756153382,0.03355377914864273,0.024369496925528776,0.0,0.0,0.009990000000832541,0,ok,0.0,0.16981011405823093,FLAT,0.0,-1,0.10191510336825912,0.024963573957700994,0.5795972798241398,UNLOADING,0.18293153267210913,0.033721517592499764,0.020258346398707234,2.500000000000002,0.0040000000000000036,0.5878826328641896,1,staged_v3,0.7554142232705794,2,1.1116665350755273,0.6925575798077904,2,0,1,1
v3_torso_proxy:v3_right_hand_proxy,85,0.0,1.0000000000000009,0.0,0.0,0.0007709490784413794,AIR,0.0,-1,0.5722284704368565,0.02264909632434429,0.4720304969016522,UNLOADING,0.010429787448397017,0.025952428520738324,0.02936949692552867,0.0,0.0,0.009990000000832562,0,ok,0.0,0.196824885601675,FLAT,0.0,-1,0.07458083835818524,0.029963573957701002,0.6973332935106236,UNLOADING,0.16530879084469458,0.03460831827682394,0.02525834639870724,2.500000000000002,0.0050000000000000044,0.5928826328641896,1,staged_v3,0.7517753607862375,2,1.1167241060548216,0.6888014822057934,2,0,1,1
v3_torso_proxy:v3_right_hand_proxy,86,0.0,0.9227354107637531,0.0,0.0,0.0006004157459983243,AIR,0.0,-1,0.4951800762126722,0.027262773378163057,0.43148887162598515,UNLOADING,0.008988581103376162,0.019311670203136202,0.03398317397934744,0.0,0.0,0.009990000000832507,0,ok,0.0,0.19769349342537215,FLAT,0.0,-1,0.08860768196541235,0.03457725101151977,0.7831298281321146,UNLOADING,0.14781808099492721,0.034284467954079724,0.029872023452526007,-0.9658073654530974,0.0046136770538187655,0.5974963099180084,1,staged_v3,0.7483128753258341,2,1.120376196885379,0.6872919591608897,2,0,1,1
v3_torso_proxy:v3_right_hand_proxy,87,0.0,0.7227354107637529,0.0,0.0,0.0004676042531518967,AIR,0.0,-1,0.47637861820208816,0.030876450431981936,0.37647837288709224,UNLOADING,0.007746149712146737,0.012947468212372679,0.03759685103316632,0.0,0.0,0.0099900000008325,0,ok,0.0,0.20688188803873578,FLAT,0.0,-1,0.06779312444373051,0.03819092806533853,0.8446057315271411,UNLOADING,0.1312938208030895,0.03374458607001229,0.03348570050634477,-2.500000000000002,0.0036136770538187646,0.6011099869718272,1,staged_v3,0.7461543811707674,2,1.1221451398646214,0.6879074655330094,2,0,1,1
v3_torso_proxy:v3_right_hand_proxy,88,0.0,0.5227354107637527,0.0,0.0,0.00036417055852221657,AIR,0.0,-1,0.3335601079417497,0.0334901274858007,0.33065489009396143,UNLOADED,0.006674379150771289,0.008042617018897372,0.04021052808698508,0.0,0.0,0.009990000000832458,0,ok,0.0,0.1828930682275361,FLAT,0.0,-1,0.10176553061920848,0.040804605119157296,0.8886551411554872,UNLOADING,0.11544673252628168,0.03333337949761082,0.036099377560163536,-2.500000000000002,0.0026136770538187637,0.6037236640256459,1,staged_v3,0.74053963499132,2,1.1227022093623424,0.6852597332571734,2,0,1,1
v3_torso_proxy:v3_right_hand_proxy,89,0.0,0.32273541076375256,0.0,0.0,0.00028361631614865314,AIR,0.0,-1,0.3322076044935058,0.03510380453961935,0.2672966076018916,UNLOADED,0.005750583077372758,0.003261025840475232,0.04182420514080373,0.0,0.0,0.009990000000832458,0,ok,0.0,0.14243726475393698,FLAT,0.0,-1,0.15842940667869912,0.04241828217297606,0.9202179223664877,UNLOADING,0.10057776229602769,0.0332978415043421,0.0377130546139823,-2.500000000000002,0.0016136770538187628,0.6053373410794647,1,staged_v3,0.7334474259381397,2,1.122203961866838,0.6812218794733398,2,0,1,1
v3_torso_proxy:v3_right_hand_proxy,90,0.0,0.12273541076375238,0.0,0.0,0.0002208806091083982,FLAT,0.0,-1,0.15481659210213616,0.03571748159343811,0.21250037455354417,UNLOADED,0.004953920265882542,0.0,0.042437882194622495,0.0,0.0,0.009990000000832458,0,ok,0.0,0.11093025332891514,FLAT,0.0,-1,0.2823968140280664,0.04303195922679482,0.9428336433529596,UNLOADING,0.08711543602870192,0.03381495049984693,0.03832673166780106,-2.500000000000002,0.0006136770538187619,0.6059510181332834,1,staged_v3,0.7229528725682877,2,1.1203244704520066,0.6730748773931725,2,0,1,1
v3_torso_proxy:v3_right_hand_proxy,91,0.0,0.0772645892362478,0.0,0.0,0.0010234778842434014,FLAT,0.0,-1,0.14798097129589746,0.035331158647256986,0.16608786371348172,UNLOADED,0.004368144603455239,0.0,0.04205155924844137,0.0,0.0,0.0099900000008325,0,ok,0.0,0.08639256815886842,FLAT,0.0,-1,0.5185288653268121,0.04264563628061358,0.9408670686424925,UNLOADING,0.07540018028213552,0.0341029447105048,0.03794040872161982,-2.500000000000002,-0.00038632294618123897,0.6055646951871022,1,staged_v3,0.7124479711086446,2,1.1174749197285916,0.6652681586641355,2,0,1,1
v3_torso_proxy:v3_right_hand_proxy,92,0.0,0.27726458923624797,0.0,0.0,0.029876821451137372,FLAT,0.0,-1,0.09753946275472722,0.033944835701075746,0.13165267748056336,UNLOADED,0.008683207265261474,0.0,0.04066523630226013,0.0,0.0,0.0099900000008325,0,ok,0.0,0.06728259973367645,AIR,0.0,-1,0.9016356002017966,0.04125931333443234,0.8931723268211,UNLOADING,0.06565553218111272,0.033104530565616415,0.03655408577543858,-2.500000000000002,-0.0013863229461812399,0.604178372240921,1,staged_v3,0.7024057732033147,2,1.1136255890733266,0.6585329722213309,2,0,1,1
v3_torso_proxy:v3_right_hand_proxy,93,0.9736157212258473,0.47726458923624815,0.7173939834313958,0.0,0.07935920273620492,FLAT,0.0,-1,0.06736331015118,0.02157948927660288,0.10668720271673426,LOADING,0.021125084089498983,0.008754870859233835,0.034420402928013946,0.13522558008465546,0.7173939834313958,0.0099904509334457,0,ok,0.0,0.052399741359667115,AIR,0.0,-1,1.3091548816369358,0.053280116434669234,0.8112149693765073,UNLOADING,0.05768935426627489,0.03249449899995959,0.03306624946886578,-2.500000000000002,-0.0023863229461812407,0.6017920492947397,0,staged_v3,0.692428099353719,2,1.1112784825465265,0.6520915538396582,2,0,1,1
v3_torso_proxy:v3_right_hand_proxy,94,0.9722903937399636,0.6772645892362483,0.5404323670544819,0.0,0.10538172171395366,FLAT,0.0,-1,0.07451907813703865,0.017347246837906623,0.08873571981519462,LOADING,0.03610618702805948,0.012089539152853108,0.03749292168504617,0.10186910124603019,0.5404323670544819,0.009992659526330827,0,ok,0.0,0.04080895960364783,AIR,0.0,-1,1.4895891021778076,0.06533104374764576,0.7332818620537096,UNLOADING,0.051002945044951384,0.029181975935595572,0.03248211716708991,-2.500000000000002,-0.0033863229461812416,0.5984057263485585,0,staged_v3,0.6197502851150871,2,1.1012719011297214,0.5972831493776568,2,0,1,1
v3_torso_proxy:v3_right_hand_proxy,95,0.838469333554665,0.8772645892362485,0.3883995804943049,0.0,0.12151670443245183,FLAT,0.0,-1,0.08671856250509065,0.011566578368657578,0.07456885750892045,LOADING,0.05137601814538253,0.017161864506788447,0.03882196547624009,0.07321159612429595,0.3883995804943049,0.009996442162248445,0,ok,0.0,0.03178204969565026,AIR,0.0,-1,2.4512156956663476,0.0723080016923641,0.6428564421139061,UNLOADING,0.0453383463678465,0.025371216849085998,0.03177160525660931,-2.500000000000002,-0.0043863229461812425,0.5940194034023772,0,staged_v3,0.6001472365332498,2,1.0897416096578498,0.5849998815214563,2,0,1,1
v3_torso_proxy:v3_right_hand_proxy,96,0.23511087981210474,0.6772645892362483,0.08973782241678577,0.0,0.14830271411590043,FLAT,0.0,-1,0.07167297477287503,0.006658941801924726,0.06687775937906484,LOADING,0.06877772669350501,0.021684946167028516,0.0357590057304622,0.01691518101922318,0.08973782241678577,0.009993604581544288,0,ok,0.0,0.024751885190586728,AIR,0.0,-1,2.5023054692456332,0.07149677307863299,0.5598408102778542,UNLOADING,0.04041783541952332,0.02353614675469799,0.02945589375919472,2.500000000000002,-0.0033863229461812416,0.590633080456196,1,staged_v3,0.5923255398075634,2,1.0781821013247497,0.5831048703409952,2,0,1,1
v3_torso_proxy:v3_right_hand_proxy,97,0.7233910555724264,0.47726458923624815,0.24089689064844105,0.0,0.18190241959238895,FLAT,0.0,-1,0.05330670140252468,0.01732054232137368,0.06485075799568094,LOADING,0.08904336331491884,0.010921995578410369,0.06555659939405602,0.045407994116025974,0.24089689064844105,0.010002680803868583,0,ok,0.0,0.019276787568922454,AIR,0.0,-1,2.6844691628810526,0.06603441098458415,0.5003575108002567,UNLOADING,0.03601978780597871,0.019879335155776945,0.03013854038423589,2.500000000000002,-0.0023863229461812407,0.5882467575100148,0,staged_v3,0.6037496993888778,2,1.079644892892374,0.5951214973361212,2,0,0,0
v3_torso_proxy:v3_right_hand_proxy,98,0.1379578056226765,0.27726458923624797,0.027940441254756785,0.0,0.20909139626517043,FLAT,0.0,-1,0.049431019891614185,0.01307593304275722,0.06339834803790997,LOADING,0.1104017600825388,0.01509398435913828,0.060353580233274765,0.005266649099040066,0.027940441254756785,0.009990003264967351,0,ok,0.0,0.01501277725377793,AIR,0.0,-1,2.734826975516035,0.0656553372408803,0.4577358642683206,UNLOADING,0.032037088216903487,0.019104111207275436,0.028782682006140595,2.500000000000002,-0.0013863229461812399,0.5868604345638335,1,staged_v3,0.597557593765522,2,1.0816264623439145,0.5909376034482201,2,0,1,1
v3_torso_proxy:v3_right_hand_proxy,99,0.6220811498822687,0.0772645892362478,0.19920566709566462,0.0,0.21869191747048797,FLAT,0.0,-1,0.062032556536437446,0.02391278351151341,0.062357650827377924,LOADING,0.12933236871444975,0.0042050990298554865,0.08533742155052737,0.03754938361807164,0.19920566709566462,0.010001688638390446,0,ok,0.0,0.011691962681318828,AIR,0.0,-1,2.791878997643763,0.05889318961377159,0.42719612001997964,UNLOADING,0.028417104412837423,0.013431018233482764,0.03292878776751622,2.500000000000002,-0.00038632294618123897,0.5864741116176523,0,staged_v3,0.6147661185255812,2,1.0861365744117815,0.6048517193250366,2,0,0,0
v3_torso_proxy:v3_right_hand_proxy,100,0.21358894730359868,0.12273541076375238,0.053480909421825526,0.0,0.2295512467183738,FLAT,0.0,-1,0.05745018886986213,0.018051803918807074,0.06161195869120491,LOADING,0.14654752392916914,0.010028794015753174,0.07638960862470008,0.010080913928814494,0.053480909421825526,0.00999000210851534,0,ok,0.0,0.009105709691852745,AIR,0.0,-1,3.0857264981902786,0.05970321566429548,0.4053134370491275,UNLOADING,0.025131095668128697,0.012922620603263206,0.03234305124919317,2.500000000000002,0.0006136770538187619,0.587087788671471,1,staged_v3,0.6096901471249373,2,1.0859843928815605,0.6040689062666342,2,0,1,1
v3_torso_proxy:v3_right_hand_proxy,101,0.5482939813577988,0.32273541076375256,0.26352015947741453,0.0,0.23038293030192822,FLAT,0.0,-1,0.07503255969716559,0.02884222085659234,0.061586803440896426,LOADING,0.16047689555479244,0.0,0.09820459701066178,0.04967237982522338,0.26352015947741453,0.010001458714073992,0,ok,0.0,0.007091533838435799,AIR,0.0,-1,3.118377919309353,0.05142286721172047,0.40785679671855135,UNLOADING,0.02214082536743462,0.00530323728620323,0.04008960254972434,2.500000000000002,0.0016136770538187628,0.5887014657252898,0,staged_v3,0.6272384570680783,2,1.0866959797561413,0.6169631386582924,2,0,0,0
v3_torso_proxy:v3_right_hand_proxy,102,0.2531141746068013,0.5227354107637527,0.07560601313997578,0.0,0.22581004877450744,FLAT,0.0,-1,0.07751780923155872,0.022620494590041142,0.06360764810810135,LOADING,0.17067087697439104,0.005559887815363925,0.0872934728671532,0.014251397726865678,0.07560601313997578,0.009990000217372993,0,ok,0.0,0.005522892106551166,AIR,0.0,-1,3.2415824572792356,0.052956685353896124,0.42790218073314346,UNLOADING,0.019429226676401682,0.006128832148933845,0.04026627688772333,2.500000000000002,0.0026136770538187637,0.5913151427791086,1,staged_v3,0.6235151465487516,2,1.0841021502024661,0.6188389414174971,2,0,1,1
v3_torso_proxy:v3_right_hand_proxy,103,0.0,0.7227354107637529,0.0,0.0,0.21030947864832406,FLAT,0.0,-1,0.09487353405715913,0.02623417164385991,0.06505564658595975,LOADING,0.1758622334858531,0.0020186106854380784,0.09090714992097196,0.0,0.0,0.009990000217372993,0,ok,0.0,0.004301232697400929,AIR,0.0,-1,3.320638360985202,0.05657036240771488,0.47919712739391274,UNLOADING,0.016973636343280533,0.005079902428153545,0.043879953941542094,2.500000000000002,0.0036136770538187646,0.5949288198329273,1,staged_v3,0.6393226824858476,2,1.081668623977797,0.6312577047011955,2,0,1,1
v3_torso_proxy:v3_right_hand_proxy,104,0.5580312580356879,0.9227354107637531,0.3484888116359961,0.0,0.18414466772893892,FLAT,0.0,-1,0.11945410587555055,0.04060806195264231,0.06609318283300848,LOADING,0.17530676592173217,0.0,0.11462362285382166,0.06568859342963296,0.3484888116359961,0.01000015805352792,0,ok,0.0,0.0033498033929081745,AIR,0.0,-1,3.407347907229594,0.05071550176211208,0.5580340058954592,UNLOADING,0.014760331035183517,0.002186198532660881,0.06091357126502181,2.500000000000002,0.0046136770538187655,0.5995424968867461,0,staged_v3,0.6680256385139297,2,1.0851101048068974,0.6542219638909509,2,0,0,0
v3_torso_proxy:v3_right_hand_proxy,105,0.10359905153429932,1.0000000000000009,0.03793415727893038,0.0,0.20045622522302114,FLAT,0.0,-1,0.06955007088422667,0.041855871259232194,0.06916857018928231,LOADING,0.17756360368514654,0.0,0.11376973720699032,0.007150420189656448,0.03793415727893038,0.009990004347716783,0,ok,0.0,0.0026088295055321353,AIR,0.0,-1,3.527675542237727,0.054747405344154856,0.6257690131448781,UNLOADING,0.012791184435927593,0.0015410453130890525,0.06473706106701671,0.9658073654530974,0.0050000000000000044,0.6045424968867461,1,staged_v3,0.6587532287125173,2,1.0787744958363201,0.6550037432208872,2,0,1,1
v3_torso_proxy:v3_right_hand_proxy,106,0.49045727834253866,0.8000000000000007,0.36864406005716516,0.0,0.19633978478288494,FLAT,0.0,-1,0.09502503056237674,0.05431935462292276,0.08030475061853257,LOADING,0.17816543641399704,0.0,0.13235292027650053,0.06948776825190628,0.36864406005716516,0.010003063962749623,0,ok,0.0,0.002031758461808213,AIR,0.0,-1,3.54160000263275,0.05451294118793301,0.6634156228095857,UNLOADING,0.011061566396004948,0.003657839952546274,0.08747012275364591,-2.500000000000002,0.0040000000000000036,0.6085424968867461,0,staged_v3,0.6755978868826032,2,1.0785064989925282,0.6725943472114702,2,0,0,0
v3_torso_proxy:v3_right_hand_proxy,107,0.1381688825604295,0.6000000000000005,0.05240683923330232,0.0,0.18716778263291617,FLAT,0.0,-1,0.09949552761512735,0.05185317808765899,0.09893730276136321,LOADING,0.17680607507705323,0.0,0.12670496970328124,0.009878456467992236,0.05240683923330232,0.009990004459678757,0,ok,0.0,0.0015823350810681893,FLAT,0.0,-1,3.51992698694164,0.05580424547782494,0.6664184236781557,UNLOADING,0.009556748029520253,0.002516675706082848,0.08834184237452472,-2.500000000000002,0.0030000000000000027,0.6115424968867461,1,staged_v3,0.6838981171748246,2,1.0715033274905608,0.6799709038392499,2,0,1,1
v3_torso_proxy:v3_right_hand_proxy,108,0.4060361542205205,0.40000000000000036,0.3757250009229966,0.0,0.1645659082181346,FLAT,0.0,-1,0.12304643569750555,0.060860386416982104,0.1304040251908733,LOADING,0.17199175740565964,0.0,0.13933731245832892,0.07082249416018227,0.3757250009229966,0.0100016153066729,0,ok,0.0,0.0012323238002172607,FLAT,0.0,-1,3.3251873271677086,0.05998237430941952,0.6313926693399992,UNLOADING,0.008256390251946914,0.0,0.11422657296293658,-2.500000000000002,0.0020000000000000018,0.6135424968867461,0,staged_v3,0.6995915821265976,2,1.0651467667975971,0.6966704333403335,2,0,0,0
v3_torso_proxy:v3_right_hand_proxy,109,0.2112332086589294,0.20000000000000018,0.07990908946759565,0.0,0.1372106657107002,FLAT,0.0,-1,0.1374315813430673,0.05340616192001834,0.17669562774719594,LOADING,0.16355952649047076,0.0,0.12671471349023775,0.01506250850558688,0.07990908946759565,0.009990001025087,0,ok,0.0,0.0009597347406067321,FLAT,0.0,-1,3.134498568247635,0.0576988464108605,0.5920160652566303,UNLOADING,0.007132842552494875,0.0,0.11092402004790192,-2.500000000000002,0.0010000000000000009,0.6145424968867461,1,staged_v3,0.7078666715416533,2,1.050580223732445,0.7033153467160758,2,0,1,1
v3_torso_proxy:v3_right_hand_proxy,110,0.8085814652740393,0.0,0.37277504820644486,0.0,0.1281133849639339,FLAT,0.0,-1,0.11967559859447703,0.02787020945529867,0.2301814413291881,LOADING,0.15428303147174272,0.00863886261116074,0.08191129212089326,0.0702664411732169,0.37277504820644486,0.009995992480303854,0,ok,0.0,0.0007474421675253547,AIR,0.0,-1,2.2216967982582165,0.04659147087546245,0.5651830275069226,UNLOADING,0.0061602936936237555,0.006667680499883685,0.09986009985777512,-2.500000000000002,0.0,0.6145424968867461,0,staged_v3,0.7189313823236412,2,1.0488276285775,0.7162305220283929,2,0,1,1
v3_torso_proxy:v3_right_hand_proxy,111,0.3511485223971106,0.20000000000000018,0.3990008613978299,0.0,0.12793279866268134,FLAT,0.0,-1,0.11428110492902083,0.04069175732170195,0.29249312006716177,LOADING,0.14517307486476655,0.0,0.10568750748705373,0.07520989049660531,0.3990008613978299,0.010072614907162235,0,ok,0.0,0.0005821085453693345,AIR,0.0,-1,1.782264986959191,0.05820323718464983,0.5430732480411622,UNLOADING,0.0053182490183808035,0.0,0.1385156978300779,-2.500000000000002,-0.0010000000000000009,0.6135424968867461,0,staged_v3,0.7160947957882202,2,1.0297158549400518,0.7180125893685458,2,0,0,0
v3_torso_proxy:v3_right_hand_proxy,112,0.22310082476592377,0.40000000000000036,0.3155208127864944,0.0,0.13561093822184553,FLAT,0.0,-1,0.105804980094951,0.04790224286298047,0.33714138889733497,LOADING,0.13727561819266587,0.0,0.11746708430499611,0.05947427205028388,0.3155208127864944,0.010150958577092702,0,ok,0.0,0.0004533465909661941,AIR,0.0,-1,1.1301287593182023,0.07206967806872874,0.5332551047365491,UNLOADING,0.004588727331057626,0.0,0.16959487565260045,-2.500000000000002,-0.0020000000000000018,0.6115424968867461,0,staged_v3,0.7291467497861814,2,1.0269940474852537,0.7282526082653914,2,0,0,0
v3_torso_proxy:v3_right_hand_proxy,113,0.1558479610536529,0.6000000000000005,0.23923427312210574,0.0,0.15024051227000426,FLAT,0.0,-1,0.09323601930978015,0.049650557495122684,0.3977512742472411,LOADING,0.1305908380324353,0.0,0.119979810603044,0.045094598095638094,0.23923427312210574,0.01024721514515177,0,ok,0.0,0.00035306668004722385,AIR,0.0,-1,0.9578100430748295,0.08213250427875801,0.5172600272038326,UNLOADING,0.003957543340838141,0.0,0.1895253651651988,-2.500000000000002,-0.0030000000000000027,0.6085424968867461,0,staged_v3,0.7366277937423892,2,1.0221603961371974,0.7338176476291567,2,0,0,0
v3_torso_proxy:v3_right_hand_proxy,114,0.13314799179311718,0.8000000000000007,0.17743983546790176,0.0,0.1588507325587774,FLAT,0.0,-1,0.08678214733812017,0.0475102078765075,0.4740373198002862,UNLOADING,0.12387065503470204,0.0011916581135068133,0.11658011409495551,0.03344662101360851,0.17743983546790176,0.010377558627016607,0,ok,0.0,0.0002749686068971991,AIR,0.0,-1,0.8750257708399499,0.08678279162658534,0.4942774086335755,UNLOADING,0.003412045411636187,0.0,0.19900982985303395,-2.500000000000002,-0.0040000000000000036,0.6045424968867461,0,staged_v3,0.7404738360943158,2,1.016283469870888,0.7365969332084535,2,0,0,0
v3_torso_proxy:v3_right_hand_proxy,115,0.12361963297256222,1.0000000000000009,0.13617520712209735,0.0,0.14737358450613303,FLAT,0.0,-1,0.11088164911455156,0.04308311229544355,0.5712025661334812,UNLOADING,0.11520247786630752,0.010477016011230508,0.1098285803731377,0.025668421817750975,0.13617520712209735,0.010554281382349477,0,ok,0.0,0.00021414576637159198,AIR,0.0,-1,0.5592871774852475,0.0871857967320647,0.4177488540089651,UNLOADING,0.00294242272681373,0.0,0.2013005414151494,-2.500000000000002,-0.0050000000000000044,0.5995424968867461,0,staged_v3,0.7374943386767966,2,1.0101338721675743,0.7332741796597749,2,0,0,0
v3_torso_proxy:v3_right_hand_proxy,116,0.11529332000165107,1.0000000000000009,0.11174524786524234,0.0,0.11477466301741626,FLAT,0.0,-1,0.1874162740273617,0.03797203273918804,0.6723900625910857,UNLOADING,0.10411659819501573,0.020647470390366247,0.1015130378011982,0.021063482986020954,0.11174524786524234,0.010788741788695773,0,ok,0.0,0.00016677689054162196,AIR,0.0,-1,0.3548768097189156,0.08531569429936567,0.34998341574178554,UNLOADED,0.0025375634436579217,0.0,0.19954781363899354,0.0,-0.0050000000000000044,0.5945424968867461,0,staged_v3,0.7319093978433181,2,1.0040694309218783,0.7276185013116524,2,0,0,0
v3_torso_proxy:v3_right_hand_proxy,117,0.10484511959858714,1.0000000000000009,0.11523250923504465,0.0,0.0893865974347204,FLAT,0.0,-1,0.3307578965174738,0.032466241701905985,0.7652572221913936,UNLOADING,0.09224034962154004,0.030796619407663706,0.09156309241775991,0.021720816268052057,0.11523250923504465,0.011090540402755034,0,ok,0.0,0.00012988597295202916,FLAT,0.0,-1,0.18896521845479802,0.08225536906714129,0.2983721412759877,UNLOADED,0.0021880731827183066,0.0,0.19584514750088813,0.0,-0.0050000000000000044,0.5895424968867461,0,staged_v3,0.7224089831206058,2,0.998448837509052,0.7182171005712509,2,0,0,0
v3_torso_proxy:v3_right_hand_proxy,118,0.0937697269920999,1.0000000000000009,0.11693767614956885,0.0,0.06961435207824868,FLAT,0.0,-1,0.776109286872792,0.026555278888268988,0.8317994497690674,UNLOADING,0.0807358957218245,0.040034693600184384,0.07865848014798696,0.022042232659160874,0.11693767614956885,0.011548503157173491,0,ok,0.0,0.026246339592476884,FLAT,0.0,-1,0.043792024462772444,0.07891783932320763,0.271420810626263,UNLOADED,0.00557496591103757,0.0,0.19177217660063395,0.0,-0.0050000000000000044,0.5845424968867461,0,staged_v3,0.7417230149105722,2,0.9916226608580281,0.7353249027557075,2,0,0,0
v3_torso_proxy:v3_right_hand_proxy,119,0.08593605597741079,0.8192103349357494,0.1593599464332313,0.0,0.05421571191154855,FLAT,0.0,-1,0.7315370840435995,0.021537584854886226,0.8579513341480681,UNLOADING,0.07030237769659932,0.046359981852517176,0.06346857250467697,0.030038642219466144,0.1593599464332313,0.012267794864531466,0,ok,0.0,0.116759643294436,FLAT,0.0,-1,0.01347523428455691,0.07653585148620794,0.2552757330525203,UNLOADED,0.021850720681129667,0.0,0.1888243217533603,2.259870813303144,-0.004096051674678747,0.5804464452120673,0,staged_v3,0.7656226076518409,2,1.0334769913038306,0.7579605162309524,2,0,0,0
v3_torso_proxy:v3_right_hand_proxy,120,0.07284784573256832,0.6192103349357492,0.15945581077663418,0.0,0.042223238891487706,FLAT,0.0,-1,1.4104679450419586,0.019325549547473213,0.8154456907334273,UNLOADING,0.06137239240974456,0.046446734989198143,0.052144730714827975,0.03005671222248469,0.15945581077663418,0.012969938403393506,0,ok,0.0,0.09093250162884467,FLAT,0.0,-1,0.26774026082575175,0.07525894987356879,0.2426896140289425,LOADING,0.03125340212607457,0.0,0.18661389954843083,2.500000000000002,-0.003096051674678746,0.5773503935373886,0,staged_v3,0.7676618609720574,2,0.9875707559096681,0.7610904561652845,2,0,0,0
v3_torso_proxy:v3_right_hand_proxy,121,0.05787175508530107,0.419210334935749,0.1583751882020957,0.0,0.032883491512501625,FLAT,0.0,-1,1.6922199675116818,0.01958799064568233,0.7524253475951477,UNLOADING,0.05376792477707613,0.04303327673407506,0.04438666243015753,0.029853019665996284,0.1583751882020957,0.013715446231589837,0,ok,0.0,0.07081830347518603,FLAT,0.0,-1,0.28256299767746107,0.07522634268055599,0.2324816291970646,LOADING,0.03587359148212018,0.0,0.1854290817203158,2.500000000000002,-0.002096051674678745,0.5752543418627099,0,staged_v3,0.7749674611294035,2,0.9958388928065943,0.7693760597357456,2,0,0,0
v3_torso_proxy:v3_right_hand_proxy,122,0.033610373316351604,0.21921033493574882,0.14942864939770753,0.0,0.025609688940058162,AIR,0.0,-1,2.2115344431844184,0.022543949867479082,0.6747963360752623,UNLOADING,0.047276559048248075,0.03619586693628404,0.04120790840992823,0.028166636831020973,0.14942864939770753,0.014627230811772009,0,ok,0.0,0.05515335020226327,FLAT,0.0,-1,0.3358259129908241,0.07711928340445379,0.22495289450377953,LOADING,0.03724816207223285,0.0,0.18626863411443312,2.500000000000002,-0.001096051674678744,0.5741582901880311,0,staged_v3,0.8145220579849426,2,1.0190183461310711,0.8102207138882175,2,0,0,0
v3_torso_proxy:v3_right_hand_proxy,123,0.0279465211829331,0.01921033493574864,0.1277338634911232,0.0,0.019944845800732393,AIR,0.0,-1,2.8640440652031978,0.02780447528250767,0.6009497315349719,UNLOADING,0.04165976433725204,0.02724301129424093,0.04353845652405708,0.02407726602950125,0.1277338634911232,0.01569318426826416,0,ok,0.0,0.10169783155750567,FLAT,0.0,-1,0.09681656108034432,0.08063708606293532,0.21897212328641702,LOADING,0.045684297947333134,0.0,0.18893020405999067,2.500000000000002,-9.60516746787432e-05,0.5740622385133524,0,staged_v3,0.799864895628559,2,1.0358142785113882,0.7966353903832697,2,0,0,0
v3_torso_proxy:v3_right_hand_proxy,124,0.04536430503149838,0.18078966506425154,0.10437000931426726,0.0,0.015533061527848809,AIR,0.0,-1,2.7590015786033795,0.03487337931838129,0.529813340024894,UNLOADING,0.03675171776321133,0.016617287682863413,0.05064751109039538,0.01967328327100802,0.10437000931426726,0.01691476128626452,0,ok,0.0,0.07920235085364924,FLAT,0.0,-1,0.16793296480569173,0.08520723227513508,0.21447208427566022,LOADING,0.0489905698751735,0.0,0.19273595315704184,2.500000000000002,0.0009039483253212577,0.5749661868386736,0,staged_v3,0.7672866038208275,2,1.0453219735552397,0.7649689128786719,2,0,0,0
v3_torso_proxy:v3_right_hand_proxy,125,0.03936033058618176,0.3807896650642517,0.10920895227157602,0.0,0.012097160481384966,AIR,0.0,-1,2.790050265236487,0.042604293563471334,0.4788418881866877,UNLOADING,0.03240211998486417,0.006337800845863058,0.058819615530765625,0.020585402529757296,0.10920895227157602,0.018345890032330316,0,ok,0.0,0.06168285286591818,FLAT,0.0,-1,0.40619443307586073,0.08841969490518582,0.19728318061107294,LOADING,0.049095228592811804,0.0,0.1936662819742213,2.500000000000002,0.0019039483253212586,0.5768701351639949,0,staged_v3,0.754237077753898,2,1.0293552118692546,0.7523206826198727,2,0,0,0
v3_torso_proxy:v3_right_hand_proxy,126,0.03608854540353594,0.5807896650642519,0.1144876290871924,0.0,0.009421278055843064,AIR,0.0,-1,2.844836959034043,0.05140655436086221,0.4605422341766082,UNLOADING,0.028499300217198723,0.0,0.0687376411503318,0.021580409668034206,0.1144876290871924,0.019980333674583968,0,ok,0.0,0.04803865411405533,FLAT,0.0,-1,0.30766866754709626,0.09138547344594448,0.1632897952731998,LOADING,0.04782368623934886,0.0,0.1935209065897125,2.500000000000002,0.0029039483253212595,0.5797740834893161,0,staged_v3,0.7598165495149627,2,1.0120838478511487,0.7553463853424612,2,0,0,0
v3_torso_proxy:v3_right_hand_proxy,127,0.04169976200168626,0.7807896650642521,0.11128624498692764,0.0,0.007337298727424022,AIR,0.0,-1,2.976239116370013,0.06182511566826435,0.46565294628311826,UNLOADING,0.024988066465775997,0.0,0.08127751083156087,0.020976962981791553,0.11128624498692764,0.02181306454481883,0,ok,0.0,0.07035505681348769,FLAT,0.0,-1,0.11432318910412674,0.09529657673540681,0.14954375818142585,LOADING,0.05022572843358529,0.0,0.19430160333629226,2.500000000000002,0.0039039483253212603,0.5836780318146374,0,staged_v3,0.7669789193823543,2,1.0163047673511216,0.762336594510671,2,0,0,0
v3_torso_proxy:v3_right_hand_proxy,128,0.04880050966786596,0.9807896650642522,0.1141940221671494,0.0,0.00571429399454665,AIR,0.0,-1,3.0696430409197664,0.07384728219335224,0.5006824129020457,UNLOADING,0.021825949469140193,0.0,0.09637137117309774,0.021525066067451193,0.1141940221671494,0.023843819500850155,0,ok,0.0,0.10944902468083054,FLAT,0.0,-1,0.09447033320404705,0.10007708872057287,0.14171594522045178,LOADING,0.058968253285814246,0.0,0.1959085123958717,2.500000000000002,0.004903948325321261,0.5885819801399587,0,staged_v3,0.7726983784677464,2,1.0228430412533935,0.7678899105182517,2,0,0,0
v3_torso_proxy:v3_right_hand_proxy,129,0.05489207461748007,0.7897533207487539,0.12081003841024578,0.0,0.004450296637653157,AIR,0.0,-1,3.140376144444105,0.08556562078931547,0.5741940406032146,UNLOADING,0.018978665663462478,0.0,0.11206743147714543,0.022772155748971734,0.12081003841024578,0.026073307906623613,0,ok,0.0,0.1495765391150962,FLAT,0.0,-1,0.0908744260218972,0.10374941268048066,0.13865548860155769,LOADING,0.0729419888288039,0.0,0.1963575632177079,-2.387954303943729,0.00394876660374377,0.5925307467437024,0,staged_v3,0.7775993960395703,2,1.03040650248327,0.7726398815460246,2,0,0,0
v3_torso_proxy:v3_right_hand_proxy,130,0.05275538504214721,0.5897533207487538,0.12730525318655328,0.0,0.003465894506304319,AIR,0.0,-1,3.180957270201612,0.0969103892143609,0.6675940938812257,UNLOADING,0.016432011112093577,0.0,0.12828744394440103,0.023996474890455866,0.12730525318655328,0.028503539263896233,0,ok,0.0,0.18078286771813673,FLAT,0.0,-1,0.0929597485461428,0.10617051392546395,0.14216944295689354,LOADING,0.089369804686743,0.0,0.1954528254706039,-2.500000000000002,0.0029487666037437688,0.5954795133474462,0,staged_v3,0.7829175856796396,2,1.03893732577988,0.7777785333557923,2,0,0,0
v3_torso_proxy:v3_right_hand_proxy,131,0.054818669604699194,0.3897533207487536,0.13260852056689237,0.0,0.002699241355552684,FLAT,0.0,-1,3.175351369058741,0.10816749151032069,0.7250897523415207,UNLOADING,0.014190587968872351,0.0,0.14530461887912122,0.024996117240981608,0.13260852056689237,0.03112597817705777,0,ok,0.0,0.25870213097405476,FLAT,0.0,-1,0.04178075471795284,0.10772089350072196,0.18984557392154255,SUPPORT,0.1614958437493944,0.0,0.19389344099277078,-2.500000000000002,0.0019487666037437679,0.59742827995119,0,staged_v3,0.7881768593787276,2,1.054732068430672,0.7830011584796827,2,0,0,0
v3_torso_proxy:v3_right_forearm_proxy,132,0.06225451235865052,0.1897533207487534,0.13530180756007104,0.0,0.0021021712814031507,FLAT,0.0,-1,3.136662849165585,0.1195603393570199,0.740899456820405,UNLOADING,0.012241171647728886,0.0,0.16320673095417382,0.02550378987888835,0.13530180756007104,0.03311304304331557,0,ok,0.0,0.201477422184835,FLAT,0.0,-1,0.15008610616381954,0.10892799142078438,0.27159089347356885,SUPPORT,0.21919667499951553,0.0,0.1927523376188522,-2.500000000000002,0.000948766603743767,0.5983770465549337,0,staged_v3,0.7934726712149893,2,1.0756588381378331,0.7884586058156674,2,0,0,0
v3_torso_proxy:v3_right_forearm_proxy,133,0.051874044449074876,0.010246679251246782,0.13416714481641737,0.0,0.0016371726401069925,FLAT,0.0,-1,3.127233200290768,0.1301411169316823,0.7029836488077043,UNLOADING,0.010561899561458537,0.0,0.1803989530830311,0.025289910990502484,0.13416714481641737,0.034826279588672765,0,ok,0.0,0.16919542524639047,FLAT,0.0,-1,0.1381395178962081,0.10832460186996502,0.35155965767107944,SUPPORT,0.2653573399996124,0.0,0.18940070784687268,-2.500000000000002,-5.123339625623391e-05,0.5983258131586775,0,staged_v3,0.8011297773514772,2,1.074812399033923,0.7957106202577993,2,0,0,0
v3_torso_proxy:v3_right_forearm_proxy,134,0.038933998822769586,0.21024667925124696,0.13263683424931128,0.0,0.0012750313341384051,FLAT,0.0,-1,3.0176315411758408,0.13987080111879505,0.6575927980235003,UNLOADING,0.009115425325757988,0.0,0.19681842549848366,0.025001454244382604,0.13263683424931128,0.03675562838038704,0,ok,0.0,0.13176952967398825,FLAT,0.0,-1,0.22708622202394965,0.10588329315857556,0.44170591109046775,LOADING,0.2379585985018645,0.0,0.18359552599060405,-2.500000000000002,-0.0010512333962562348,0.5972745797624213,0,staged_v3,0.8094386676296254,2,1.064342013549022,0.8035573093210504,2,0,0,0
v3_torso_proxy:v3_right_forearm_proxy,135,0.03777824414917247,0.41024667925124714,0.13322934982487483,0.0,0.000992995401467568,FLAT,0.0,-1,2.473196894267103,0.14925191965581228,0.6387608492046514,UNLOADING,0.007864465824302537,0.0,0.21327318005674079,0.025113140799142286,0.13322934982487483,0.03882872728066267,0,ok,0.0,0.15306177305685814,FLAT,0.0,-1,0.10468197898822343,0.10238900049384589,0.5351412214618394,LOADING,0.2141290999821833,0.0,0.17672433619639502,-2.500000000000002,-0.0020512333962562357,0.595223346366165,0,staged_v3,0.8137831603320439,2,1.0590116910679193,0.8077697372078447,2,0,0,0
v3_torso_proxy:v3_right_forearm_proxy,136,0.041176753006319046,0.6102466792512473,0.13091953484870683,0.0,0.000773345596249246,AIR,0.0,-1,1.9778851886794846,0.15788986993844284,0.624236734199473,UNLOADING,0.006782484258950614,0.0,0.22903986694791584,0.024677750933525422,0.13091953484870683,0.04093982308345703,0,ok,0.0,0.1959354880404106,FLAT,0.0,-1,0.08629585870095748,0.09775257543540011,0.6231865470250564,LOADING,0.19408653252884825,0.0,0.1686545947346548,-2.500000000000002,-0.0030512333962562366,0.5921721129699088,0,staged_v3,0.8165433653694281,2,1.0547660161356032,0.8104068299670568,2,0,0,0
v3_torso_proxy:v3_right_forearm_proxy,137,0.05258852482923572,0.8102466792512475,0.12338902655581459,0.0,0.0006022821559437352,AIR,0.0,-1,1.2666801361341333,0.16490074012126577,0.5980397013526639,UNLOADING,0.005848142724139541,0.0,0.24265928350345703,0.02325828356168058,0.12338902655581459,0.043023820500217566,0,ok,0.0,0.26102582644795425,FLAT,0.0,-1,0.06267658993454898,0.09198137772522434,0.710721002842335,UNLOADING,0.17714692635431492,0.0,0.15942491543933304,-2.500000000000002,-0.0040512333962562375,0.5881208795736526,0,staged_v3,0.8160564059532961,2,1.052916979311237,0.8098710080946324,2,0,0,0
v3_torso_proxy:v3_right_forearm_proxy,138,0.08775525866815792,1.0000000000000009,0.0951725994317524,0.0,0.000469057814678915,AIR,0.0,-1,0.9808767435166024,0.1654896540961835,0.5480262272656586,UNLOADING,0.005042979739281171,0.0,0.2467528886526117,0.01793961235187025,0.0951725994317524,0.04503254296945258,0,ok,0.0,0.2032871180395274,FLAT,0.0,-1,0.37965285616110295,0.0828268051060955,0.7761130256597992,UNLOADING,0.1583421279865855,0.0,0.14531978106565277,-2.3719165093594174,-0.0050000000000000044,0.5831208795736526,0,staged_v3,0.8155187024970934,2,1.0500080181751268,0.8086713173940069,2,0,0,0
v3_torso_proxy:v3_right_forearm_proxy,139,0.1254336568139937,1.0000000000000009,0.08312472908896915,0.0,0.0003653025933777009,AIR,0.0,-1,0.9187799234947984,0.1605007451247613,0.504113779664314,UNLOADING,0.004348432422570846,0.0,0.24215852079083594,0.015668642294252837,0.08312472908896915,0.0469539203640426,0,ok,0.0,0.15832016671751306,FLAT,0.0,-1,0.6048711231082766,0.0718962262567393,0.829894948710068,UNLOADING,0.13956911828560375,0.0,0.12802571057794165,0.0,-0.0050000000000000044,0.5781208795736525,0,staged_v3,0.8169524413250538,2,1.048588197836081,0.8098994931262007,2,0,0,0
v3_torso_proxy:v3_right_forearm_proxy,140,0.01589578943870778,1.0000000000000009,0.08045449565763355,0.0,0.00028449794578056843,AIR,0.0,-1,0.5152055936911955,0.16054255112832783,0.4733592379439414,UNLOADING,0.003748631821484905,0.0,0.24405047954562448,0.015165315150377608,0.08045449565763355,0.0488105478832076,0,ok,0.0,0.12329986981559454,FLAT,0.0,-1,0.1912060841802967,0.06652924508072891,0.8781144046640034,UNLOADING,0.12177759825013532,0.0023764751524712607,0.1198930258560214,0.0,-0.0050000000000000044,0.5731208795736525,0,staged_v3,0.8093089892033423,2,1.0518926778327249,0.8038874239368472,2,0,0,0
v3_torso_proxy:v3_right_forearm_proxy,141,0.013244552215771943,1.0000000000000009,0.07736523327316386,0.0,0.0002215672229561128,AIR,0.0,-1,0.15912975422760925,0.15994036549264334,0.4444305884606842,UNLOADING,0.003230698128654794,0.0,0.24447958820807109,0.014583002909653933,0.07736523327316386,0.050591838563023434,0,ok,0.0,0.09602603516498731,FLAT,0.0,-1,0.1625136255794796,0.06226378515595557,0.9126651546338318,UNLOADING,0.10557885834758175,0.008369472575736031,0.11350227459090526,0.0,-0.0050000000000000044,0.5681208795736525,0,staged_v3,0.8092957407613862,2,1.0527739211078095,0.8044623534745518,2,0,0,0
v3_torso_proxy:v3_right_forearm_proxy,142,0.07348828632577743,1.0000000000000009,0.07797933495066861,0.0,0.0001725567267411772,FLAT,0.0,-1,0.5868603609725611,0.15271157786871103,0.3654566540744677,LOADING,0.0027848119278110098,0.0,0.23483125631004922,0.0146987583487703,0.07797933495066861,0.05226156710550316,0,ok,0.0,0.07478515138173437,FLAT,0.0,-1,0.3643892870053757,0.054669009032466326,0.9374218487910203,UNLOADING,0.09116472379954901,0.017202083407084692,0.10083279714935478,0.0,-0.0050000000000000044,0.5631208795736525,0,staged_v3,0.8021250633847019,2,1.054593502358181,0.7963443621529391,2,0,0,0
v3_torso_proxy:v3_right_forearm_proxy,143,0.07288944933240737,0.8000000000000007,0.08993678216522046,0.0,0.00013438731391026725,FLAT,0.0,-1,0.33166429887410864,0.14485532947797,0.2871692833309013,LOADING,0.0024006667103074215,0.0,0.22359549852755672,0.016952684048265727,0.08993678216522046,0.053818405307044515,0,ok,0.0,0.05824273445820829,FLAT,0.0,-1,0.7924810351658571,0.04764213646472325,0.955160795300945,UNLOADING,0.07851427152712834,0.025115903300323997,0.0874412598816231,2.500000000000002,-0.0040000000000000036,0.5591208795736525,0,staged_v3,0.7843986703334727,2,1.060561989322872,0.7787660254393209,2,0,0,0
v3_torso_proxy:v3_right_forearm_proxy,144,0.06509453755864561,0.6000000000000005,0.10206182673123476,0.0,0.00010466094530817884,FLAT,0.0,-1,0.17856044757704279,0.13778944402178037,0.2214988083062825,LOADING,0.0020693541332129626,0.0,0.21298823099245784,0.019238201104248093,0.10206182673123476,0.05527957602552738,0,ok,0.0,0.04535948720427251,FLAT,0.0,-1,0.5937386128208461,0.04176019334561057,0.9504808363436182,UNLOADING,0.06761882757614399,0.03076384847157035,0.07402258946339678,2.500000000000002,-0.0030000000000000027,0.5561208795736525,0,staged_v3,0.7671048187064196,2,1.0703497165455929,0.7594633788370917,2,0,0,0
v3_torso_proxy:v3_right_forearm_proxy,145,0.05880641201433364,0.40000000000000036,0.11599905686126649,0.0,0.04752370158963754,FLAT,0.0,-1,0.09725954722704412,0.132950810709749,0.17699341282869607,LOADING,0.009477947197577384,0.0,0.2050676668363262,0.02186530709152197,0.11599905686126649,0.05662063160092315,0,ok,0.0,0.0353260041544048,FLAT,0.0,-1,1.0220335893317163,0.03788900096299737,0.8915024919000942,UNLOADING,0.05850653555410625,0.031686123632007346,0.06209305449544081,2.500000000000002,-0.0020000000000000018,0.5541208795736525,0,staged_v3,0.7752114391254973,2,1.0757991350344969,0.7676315675601145,2,0,0,0
v3_torso_proxy:v3_right_forearm_proxy,146,0.049158897915204045,0.20000000000000018,0.12033764076196497,0.0,0.09737099613210368,FLAT,0.0,-1,0.08603928272110262,0.13022028810199573,0.15268111018322406,LOADING,0.024083214626663442,0.0,0.19966802304774742,0.02268311089008701,0.12033764076196497,0.05784751950987213,0,ok,0.0,0.02751191969823416,AIR,0.0,-1,1.3151602935495417,0.03637896372660103,0.7926724517323449,UNLOADING,0.05096331316911557,0.028254658860016227,0.053015943588601414,2.500000000000002,-0.0010000000000000009,0.5531208795736525,0,staged_v3,0.7803665880188826,2,1.0798636698663322,0.7733090436042496,2,0,0,0
v3_torso_proxy:v3_right_forearm_proxy,147,0.03388321642601188,0.0,0.10778923499518953,0.0,0.1265904340200549,FLAT,0.0,-1,0.09376782861399834,0.1296721453699579,0.146155183809907,LOADING,0.04088428887478633,0.0,0.19689159373951737,0.020317792127817078,0.10778923499518953,0.058966704396311284,0,ok,0.0,0.021426304604782374,AIR,0.0,-1,1.9900297078991172,0.037605275450483956,0.703634646349488,UNLOADING,0.04458998476518762,0.022576456866990446,0.04892043691088925,2.500000000000002,0.0,0.5531208795736525,0,staged_v3,0.7807974010118109,2,1.0812117801352223,0.7749786838430001,2,0,0,0
v3_torso_proxy:v3_right_forearm_proxy,148,0.024540932434514988,0.20000000000000018,0.09642183647330244,0.0,0.13931968842869202,FLAT,0.0,-1,0.10753697690570678,0.1306988528181662,0.14147915323292606,LOADING,0.056629202476054186,0.0,0.19590252887409054,0.0181750879866098,0.09642183647330244,0.05998403503515903,0,ok,0.0,0.01668682280453096,AIR,0.0,-1,2.295552662076424,0.04103319136335776,0.6216132837904964,UNLOADING,0.03912199723944315,0.015047472826167065,0.048973604251682956,2.500000000000002,0.0010000000000000009,0.5541208795736525,0,staged_v3,0.7768133713555455,2,1.0802957072021067,0.7720487970587968,2,0,0,0
v3_torso_proxy:v3_right_forearm_proxy,149,0.024578017596653866,0.40000000000000036,0.08583483983966249,0.0,0.14500990886918444,FLAT,0.0,-1,0.10851200059209883,0.13288694940328066,0.13812863091531882,LOADING,0.07029933971842912,0.0,0.19613066869386775,0.016179486135740412,0.08583483983966249,0.06090343436686255,0,ok,0.0,0.012995710667142488,AIR,0.0,-1,2.4436219648821007,0.04635742872733138,0.5446194222036549,UNLOADING,0.03437856823844805,0.005873542382851364,0.052611034237167016,2.500000000000002,0.0020000000000000018,0.5561208795736525,0,staged_v3,0.771646907636282,2,1.0778739088373517,0.7677654140423406,2,0,0,0
v3_torso_proxy:v3_right_forearm_proxy,150,0.025784713428712476,0.6000000000000005,0.07594827749423305,0.0,0.1535898989467675,FLAT,0.0,-1,0.10295501837992353,0.13583155386342308,0.13572787676797696,LOADING,0.08278816538868622,0.0,0.19700917398800877,0.014315913037720895,0.07594827749423305,0.0617374929596234,0,ok,0.0,0.010121069644139979,AIR,0.0,-1,2.597702754541118,0.053316877148581666,0.4894509096546984,UNLOADING,0.03020553033297506,0.0,0.05927340255106691,2.500000000000002,0.0030000000000000027,0.5591208795736525,0,staged_v3,0.7609005298512143,2,1.0775188516226628,0.7577730912195247,2,0,0,0
v3_torso_proxy:v3_right_forearm_proxy,151,0.02738786764899777,0.8000000000000007,0.06678152801475651,0.0,0.17854251305811852,FLAT,0.0,-1,0.08469823920455179,0.13942633931780152,0.13400766125241664,LOADING,0.09715382200076318,0.0,0.19843145286392883,0.012588021468399602,0.06678152801475651,0.06249771393072098,0,ok,0.0,0.00788229696437644,AIR,0.0,-1,2.6693229712041893,0.06177827614666474,0.4681439302329874,UNLOADING,0.026489347068865722,0.0,0.06861166996724145,2.500000000000002,0.0040000000000000036,0.5631208795736525,0,staged_v3,0.7646488798648766,2,1.077623372261706,0.7600133254037851,2,0,0,0
v3_torso_proxy:v3_right_forearm_proxy,152,0.029146480783410134,1.0000000000000009,0.0757817614773075,0.0,0.16490886167873003,FLAT,0.0,-1,0.11531114053909916,0.1436916246783782,0.13277507297458285,LOADING,0.1063256727076468,0.0,0.20049478154724545,0.014284525507992196,0.0757817614773075,0.06320554420624529,0,ok,0.0,0.006138739048257729,AIR,0.0,-1,2.8213205013198293,0.07166321312487413,0.47109979952097925,UNLOADING,0.023168980389500892,0.0,0.08041887312291801,2.500000000000002,0.0050000000000000044,0.5681208795736525,0,staged_v3,0.7707022301737428,2,1.0790878814232792,0.7657701907889094,2,0,0,0
v3_torso_proxy:v3_right_forearm_proxy,153,0.04693168214487956,1.0000000000000009,0.0868015220650114,0.0,0.12843115061080895,FLAT,0.0,-1,0.18189573628090713,0.1474230686949436,0.13693218198199,LOADING,0.1072294967507601,0.0,0.2016522031665215,0.01636170144239113,0.0868015220650114,0.06388264958408545,0,ok,0.0,0.00478085477785413,AIR,0.0,-1,2.9609801316212447,0.08223547008895281,0.49710781438759677,UNLOADING,0.02020259097790513,0.0,0.09411217149539858,0.0,0.0050000000000000044,0.5731208795736525,0,staged_v3,0.77727717385598,2,1.0710127314229945,0.7720538010042216,2,0,0,0
v3_torso_proxy:v3_right_forearm_proxy,154,0.06978053189831415,1.0000000000000009,0.09709706259320698,0.0,0.10002228066645955,FLAT,0.0,-1,0.2593188539083984,0.1505527244276348,0.11795742088278864,LOADING,0.10451441298754145,0.0,0.20169327738776016,0.018302365111678043,0.09709706259320698,0.0645403487067709,0,ok,0.0,0.003723333444743464,AIR,0.0,-1,3.003592167142444,0.09365288645159311,0.5678794767939135,UNLOADING,0.017546353523377724,0.0,0.1098693370042045,0.0,0.0050000000000000044,0.5781208795736525,0,staged_v3,0.784389258035865,2,1.0584668640632144,0.7789009935927707,2,0,0,0
v3_torso_proxy:v3_right_forearm_proxy,155,0.06623940224507363,0.8186523796113176,0.1049171778884585,0.0,0.14270061236113263,FLAT,0.0,-1,0.07805603825495035,0.1526439889115781,0.10625384289484051,LOADING,0.10911915517289622,0.0,0.2006721388532304,0.019776422117385284,0.1049171778884585,0.06516839765799452,0,ok,0.0,0.002899735002402161,FLAT,0.0,-1,3.0346268676157524,0.10487425355209454,0.6723091890132546,UNLOADING,0.015175476807835738,0.0,0.12644552870273867,-2.2668452548585405,0.004093261898056588,0.5822141414717091,0,staged_v3,0.7864766200844024,2,1.0588903121958502,0.7808393964569775,2,0,0,0
v3_torso_proxy:v3_right_forearm_proxy,156,0.06401178957243887,0.6186523796113175,0.11133666213426106,0.0,0.18939055813560063,FLAT,0.0,-1,0.07025449591110511,0.15359034684621298,0.09768235889481525,LOADING,0.12147341247121887,0.0,0.1984734265642436,0.02098646639017221,0.11133666213426106,0.06576847276999782,0,ok,0.0,0.002258315890570365,FLAT,0.0,-1,3.0635468226532323,0.11584011495120611,0.7651992737406794,UNLOADING,0.013083302151177617,0.0,0.14360361229457924,-2.500000000000002,0.0030932618980565874,0.5853074033697657,0,staged_v3,0.7885942508000994,2,1.0582762180421377,0.782815479973077,2,0,0,0
v3_torso_proxy:v3_right_forearm_proxy,157,0.06208717981216074,0.4186523796113173,0.11572376826965132,0.0,0.22529460076347446,FLAT,0.0,-1,0.07140028908670755,0.15329011111015006,0.09376804554913876,LOADING,0.13801256325239708,0.0,0.19494659514708412,0.021813416414499853,0.11572376826965132,0.06634723256067825,0,ok,0.0,0.0017587781839987974,FLAT,0.0,-1,3.0829189398983736,0.12643952431769154,0.8317579278897315,UNLOADING,0.011256530484732,0.0,0.16096138102854332,-2.500000000000002,0.0020932618980565865,0.5874006652678223,0,staged_v3,0.7906736729237289,2,1.0555983963739164,0.7847360128922297,2,0,0,0
v3_torso_proxy:v3_right_forearm_proxy,158,0.06120439477281604,0.21865237961131712,0.12033065228125929,0.0,0.2507312963275074,FLAT,0.0,-1,0.07383551903503742,0.15163099943492886,0.09602108924703096,SUPPORT,0.20041005060191766,0.0,0.1899090375361741,0.022681793592508326,0.12033065228125929,0.06692309608612738,0,ok,0.0,0.0013697378269471668,FLAT,0.0,-1,3.0389578485726907,0.13670725848460313,0.8374703044383575,UNLOADING,0.009680257997200712,0.0,0.17850468662705637,-2.500000000000002,0.0010932618980565856,0.5884939271658789,0,staged_v3,0.792617483343878,2,1.0542675732246904,0.7864956424535191,2,0,0,0
v3_torso_proxy:v3_right_forearm_proxy,159,0.061576049575149866,0.018652379611316938,0.12517759610670912,0.0,0.2757590314585139,FLAT,0.0,-1,0.07377854086440987,0.14872520658563698,0.10413586573468737,SUPPORT,0.2503280404815341,0.0,0.18351939919168675,0.02359542097937206,0.12517759610670912,0.06750511377854339,0,ok,0.0,0.001066752892228978,FLAT,0.0,-1,2.9735293915035403,0.14678037841027428,0.7859212487695284,UNLOADING,0.008329988158606307,0.0,0.19636349697331346,-2.500000000000002,9.326189805658469e-05,0.5885871890639355,0,staged_v3,0.7943958313311981,2,1.0536036767094725,0.788120519254968,2,0,0,0
v3_torso_proxy:v3_right_forearm_proxy,160,0.05602832817555981,0.18134762038868324,0.12991455923590392,0.0,0.3050596084410978,FLAT,0.0,-1,0.06459324785419393,0.14468587341709718,0.118746557505132,SUPPORT,0.2902624323852273,0.0,0.17601971780208026,0.02448831749339231,0.12991455923590392,0.06819643542270211,0,ok,0.0,0.000830787987811614,FLAT,0.0,-1,2.5855916366747174,0.1568733945332048,0.7170201852199907,UNLOADING,0.007173575026078604,0.0,0.21495093393694506,-2.500000000000002,-0.0009067381019434162,0.5876804509619921,0,staged_v3,0.7966968605308677,2,1.0695946975108204,0.7902148413497857,2,0,0,0
v3_torso_proxy:v3_right_forearm_proxy,161,0.0543993659445782,0.3813476203886834,0.13681145421362104,0.0,0.3214183079433701,FLAT,0.0,-1,0.07375502707717445,0.1398198773905539,0.16734041199051944,SUPPORT,0.32220994590818186,0.0,0.16792823191659995,0.025788351569066892,0.13681145421362104,0.06895491202296293,0,ok,0.0,0.0006470183354740017,AIR,0.0,-1,2.3825684494974975,0.16663978998136741,0.6677086514763243,UNLOADING,0.006179492678812261,0.0,0.2333336520086029,-2.500000000000002,-0.001906738101943417,0.5857737128600486,0,staged_v3,0.7993668455692078,2,1.0786736158928099,0.7928141214710015,2,0,0,0
v3_torso_proxy:v3_right_forearm_proxy,162,0.06329655380937921,0.5813476203886836,0.13137855733164358,0.0,0.25960129442960406,FLAT,0.0,-1,0.13163047717265017,0.13436799677559555,0.2479216532423876,LOADING,0.30407145539712055,0.0,0.15975255164065305,0.024764274633139016,0.13137855733164358,0.06947274806175022,0,ok,0.0,0.0005038983863287095,AIR,0.0,-1,2.076414574265576,0.1748793224780416,0.6397830545202647,UNLOADING,0.005322638401489866,0.0,0.2492606478254321,-2.500000000000002,-0.002906738101943418,0.5828669747581052,0,staged_v3,0.8027488074552702,2,1.070810433120318,0.7961511964939707,2,0,0,0
v3_torso_proxy:v3_right_forearm_proxy,163,0.06766829280209503,0.7813476203886838,0.11690579982489736,0.0,0.2760563176065933,FLAT,0.0,-1,0.07156927001282361,0.12757770265510393,0.36443800946858573,LOADING,0.285697090728506,0.0,0.15027232416091296,0.02203622411351619,0.11690579982489736,0.06995647151278885,0,ok,0.0,0.00039243645786121625,AIR,0.0,-1,1.382919366556661,0.1797425685667734,0.6074266994937062,UNLOADING,0.004584270069205825,0.0,0.2600351900229966,-2.500000000000002,-0.003906738101943419,0.5789602366561618,0,staged_v3,0.8044352000628504,2,1.067556313282939,0.7976730987201155,2,0,0,0
v3_torso_proxy:v3_right_forearm_proxy,164,0.07215835692230887,0.981347620388684,0.10088509945406282,0.0,0.3169441334515216,FLAT,0.0,-1,0.05460532935193069,0.11956958211125618,0.49022674487884677,LOADING,0.2679645981388816,0.0,0.13961563216628245,0.019016393238093565,0.10088509945406282,0.0704525261149444,0,ok,0.0,0.0003056298206880836,AIR,0.0,-1,1.0630350505214479,0.18106173011362395,0.5808573651134646,UNLOADING,0.00394767470051115,0.0,0.2655877067138382,-2.500000000000002,-0.00490673810194342,0.5740534985542184,0,staged_v3,0.8050640469781188,2,1.06638956612608,0.7982248380149511,2,0,0,0
v3_torso_proxy:v3_right_forearm_proxy,165,0.07548271639305978,1.0000000000000009,0.07104932907449396,0.0,0.3600465521333878,FLAT,0.0,-1,0.05558634891032519,0.11120346233276382,0.6021071596461208,UNLOADING,0.2501496477316092,0.0,0.1286360365594601,0.013392483015774836,0.07104932907449396,0.07098430057541386,0,ok,0.0,0.00023802474368185257,AIR,0.0,-1,0.5776837692385746,0.1778740389611798,0.5488318038498423,UNLOADING,0.003399062485330421,0.0,0.2639175674074223,-0.23315474514146173,-0.0050000000000000044,0.5690534985542184,0,staged_v3,0.8033806453696944,2,1.0644914965127477,0.7965286301496446,2,0,0,0
v3_torso_proxy:v3_right_forearm_proxy,166,0.08269669076415716,1.0000000000000009,0.04770504583904343,0.0,0.37798227842545606,FLAT,0.0,-1,0.061630488054950625,0.10259495518143455,0.7148973216333074,UNLOADING,0.2298088066205568,0.0,0.11733785693075548,0.008992189292826192,0.04770504583904343,0.07156008805439958,0,ok,0.0,0.00018537385676979721,AIR,0.0,-1,0.547471336435912,0.17152155864293672,0.48529009496455694,UNLOADING,0.0029271126674566515,0.0,0.25709438460973455,0.0,-0.0050000000000000044,0.5640534985542184,0,staged_v3,0.7995900384236089,2,1.0616986788260245,0.7927969082395069,2,0,0,0
v3_torso_proxy:v3_right_forearm_proxy,167,0.09447594289603728,1.0000000000000009,0.05121305449048846,0.0,0.38186026478157176,FLAT,0.0,-1,0.06148361273981408,0.09377825438945323,0.7957150042218163,UNLOADING,0.20812302318601433,0.0,0.10565924279224446,0.00965343334531274,0.05121305449048846,0.07219182866839925,0,ok,0.0,0.00014436930481328452,AIR,0.0,-1,0.4823209362617146,0.16273303139300252,0.41799638563420755,UNLOADING,0.0025209570659921023,0.0,0.24620855323167062,0.0,-0.0050000000000000044,0.5590534985542184,0,staged_v3,0.7919424663391296,2,1.0568757959245763,0.7853285985531901,2,0,0,0
v3_torso_proxy:v3_right_forearm_proxy,168,0.0998640300192756,0.8000000000000007,0.06077295622709075,0.0,0.2973930732357421,FLAT,0.0,-1,0.1555295436244792,0.08611500449565893,0.853623404244497,UNLOADING,0.18460993211108584,0.0,0.09489505537212486,0.011455432369197743,0.06077295622709075,0.07291168045691704,0,ok,0.0,0.00011243492764006032,FLAT,0.0,-1,0.3004464614584357,0.1543391234101995,0.3623740103035925,LOADING,0.00217106197542365,0.0,0.2349894569368851,2.500000000000002,-0.0040000000000000036,0.5550534985542184,0,staged_v3,0.7798659446289365,2,1.0479908111417313,0.773674914331109,2,0,0,0
v3_torso_proxy:v3_right_forearm_proxy,169,0.10424239270371065,0.6000000000000005,0.06686081262897307,0.0,0.2316099583160076,FLAT,0.0,-1,0.17165694694241201,0.07969964791191667,0.8951165860059797,UNLOADING,0.16170737654424439,0.0,0.08504185805556691,0.01260296626609353,0.06686081262897307,0.07376291147447026,0,ok,0.0,8.756440969065573e-05,FLAT,0.0,-1,0.24322466081099078,0.14707862245034478,0.31169490619060597,LOADING,0.0018695204116811986,0.0,0.22456911896560533,2.500000000000002,-0.0030000000000000027,0.5520534985542184,0,staged_v3,0.7785519622484867,2,1.049511488782817,0.772358916172731,2,0,0,0
v3_torso_proxy:v3_right_forearm_proxy,170,0.08518920076339785,0.40000000000000036,0.06366349528770843,0.0,0.18037801690364216,FLAT,0.0,-1,0.3942742070406549,0.07481230390860291,0.9248477499134113,UNLOADING,0.14054286758599024,0.0,0.07647532964044114,0.012000286145862793,0.06366349528770843,0.0746124237841871,0,ok,0.0,6.8195230836268e-05,FLAT,0.0,-1,0.19834664405997993,0.14212920117194297,0.2936047284792215,LOADING,0.0016093278940985999,0.0,0.21698730182187057,2.500000000000002,-0.0020000000000000018,0.5500534985542184,0,staged_v3,0.7957983669946684,2,1.028865354212344,0.7892266359052387,2,0,0,0
v3_torso_proxy:v3_right_forearm_proxy,171,0.07064878534113421,0.20000000000000018,0.062270617973193804,0.0,0.14047854081342362,AIR,0.0,-1,0.5940135388625276,0.07092519962467972,0.9325104645501536,UNLOADING,0.12181971956801596,0.003568524891871039,0.06805699833563664,0.011737734957544932,0.062270617973193804,0.07546247584063683,0,ok,0.0,0.0152315066701245,FLAT,0.0,-1,0.13800544915686513,0.13858995379437583,0.28116999102510065,LOADING,0.0034772351305562468,0.0,0.21093115398444784,2.500000000000002,-0.0010000000000000009,0.5490534985542184,0,staged_v3,0.8092116688206907,2,1.0262889924175724,0.8020616623028926,2,0,0,0
v3_torso_proxy:v3_right_forearm_proxy,172,0.05758814882747765,0.0,0.07901404732409152,0.0,0.10940479759022262,AIR,0.0,-1,0.8405766047769323,0.06749452536269396,0.894421632413261,UNLOADING,0.1060670139062613,0.011475336783547285,0.05824574483711577,0.014893797036225731,0.07901404732409152,0.07633496035232491,0,ok,0.0,0.011862309322050287,FLAT,0.0,-1,0.36718398617664705,0.13552760028672273,0.2653706909155402,LOADING,0.004524668124725787,0.0,0.20498564432688182,2.500000000000002,0.0,0.5490534985542184,0,staged_v3,0.8151975832512139,2,1.0413171240426373,0.8071956354250708,2,0,0,0
v3_torso_proxy:v3_right_forearm_proxy,173,0.04803755596429011,0.20000000000000018,0.08228831837229503,0.0,0.08520454203503393,AIR,0.0,-1,1.1886322424910036,0.0668026873664733,0.8063500185773529,UNLOADING,0.09327170591711104,0.013412929645570393,0.05190457128329726,0.015510982588479605,0.08228831837229503,0.07723849646232206,0,ok,0.0,0.00923837578904799,FLAT,0.0,-1,0.19410307279877548,0.13461902305690923,0.2549697084928818,LOADING,0.004996308461213975,0.0,0.201603139678444,2.500000000000002,0.0010000000000000009,0.5500534985542184,0,staged_v3,0.8177146955359981,2,1.0479607801609139,0.8103651644291263,2,0,0,0
v3_torso_proxy:v3_right_forearm_proxy,174,0.04718721885979917,0.40000000000000036,0.07626523677160785,0.0,0.06635736405812485,AIR,0.0,-1,1.398409819547809,0.06905746339670316,0.7134350512464023,UNLOADING,0.08266370430477238,0.010668199082093613,0.050003553480226504,0.014375658453958162,0.07626523677160785,0.0781732995683153,0,ok,0.0,0.06526405002368331,FLAT,0.0,-1,0.10846935977740586,0.1358763195911568,0.24746739123745892,LOADING,0.013819711933517454,0.0,0.20087272158898353,2.500000000000002,0.0020000000000000018,0.5520534985542184,0,staged_v3,0.8204179083173522,2,1.0491281887582307,0.81406559192334,2,0,0,0
v3_torso_proxy:v3_right_forearm_proxy,175,0.03135878558864917,0.6000000000000005,0.06874498647615968,0.0,0.05167916709102193,AIR,0.0,-1,1.857834467526892,0.07397894685983201,0.6286355807554361,UNLOADING,0.07359628995749062,0.004180565824680772,0.052251213213091036,0.012958124669077975,0.06874498647615968,0.07914604540789284,0,ok,0.0,0.23658954462787807,FLAT,0.0,-1,0.019984848894217918,0.1391448456981873,0.24217087196363135,LOADING,0.04691465920838724,0.0,0.20261353058677317,2.500000000000002,0.0030000000000000027,0.5550534985542184,0,staged_v3,0.8163874324968108,2,1.0498498545962014,0.8108579261125342,2,0,0,0
v3_torso_proxy:v3_right_forearm_proxy,176,0.032166752190758936,0.8000000000000007,0.06100681378424794,0.0,0.04024777579896586,AIR,0.0,-1,1.9135905129888238,0.08090438256852148,0.5496511178511815,UNLOADING,0.06567189722642633,0.0,0.05763503741743123,0.011499513480210832,0.06100681378424794,0.08016610014548507,0,ok,0.0,0.21243036227456735,FLAT,0.0,-1,0.1279735949368925,0.14328331434294522,0.2378792844974737,LOADING,0.06991124330494061,0.0,0.2050311010723297,2.500000000000002,0.0040000000000000036,0.5590534985542184,0,staged_v3,0.811442275052572,2,1.0450947903512515,0.8065933648979569,2,0,0,0
v3_torso_proxy:v3_right_forearm_proxy,177,0.04686564527676085,1.0000000000000009,0.06446821935019177,0.0,0.031344999309116946,AIR,0.0,-1,2.0311606236876436,0.08925264684617949,0.4930562771314291,UNLOADING,0.05856021914309065,0.0,0.06532924053099223,0.01215197305803467,0.06446821935019177,0.08125629249265288,0,ok,0.0,0.16544093248757527,FLAT,0.0,-1,0.30296866955012974,0.14716684283564851,0.19582401425931645,LOADING,0.08253771963696324,0.0,0.20617686322003934,2.500000000000002,0.0050000000000000044,0.5640534985542184,0,staged_v3,0.8036166482591613,2,1.0322117986509978,0.7992892289564262,2,0,0,0
v3_torso_proxy:v3_right_forearm_proxy,178,0.047548887241309,1.0000000000000009,0.06481644746081605,0.0,0.024411510007312922,AIR,0.0,-1,2.1258803449506347,0.09839541094009456,0.4525043017387901,UNLOADING,0.05210378736794403,0.0,0.07477689126239392,0.012217612510481313,0.06481644746081605,0.08241233410862406,0,ok,0.0,0.12884552777338704,FLAT,0.0,-1,0.16561291760008082,0.15106419412064254,0.15885984120552987,LOADING,0.0877056052478234,0.0,0.20723993242861286,0.0,0.0050000000000000044,0.5690534985542184,0,staged_v3,0.791040426156284,2,1.0268645079484944,0.7872218776016944,2,0,0,0
v3_torso_proxy:v3_right_forearm_proxy,179,0.044374069569806586,1.0000000000000009,0.06190487618565637,0.0,0.01901170310965074,AIR,0.0,-1,2.20998171888176,0.1084309307520117,0.4234475416643464,UNLOADING,0.04622628119609727,0.0,0.08604075562835106,0.011668794254774628,0.06190487618565637,0.0836285460782776,0,ok,0.0,0.18782352075713038,FLAT,0.0,-1,0.08056553014560085,0.15528433880759568,0.13330838955048813,LOADING,0.10272149813531765,0.0,0.20885095086534536,0.0,0.0050000000000000044,0.5740534985542184,0,staged_v3,0.7765394485630768,2,1.0283442897527675,0.7732925869688436,2,0,0,0
v3_torso_proxy:v3_right_forearm_proxy,180,0.043478634672142434,0.8000000000000007,0.059946930012681275,0.0,0.01480632926931706,AIR,0.0,-1,2.196437838150339,0.1178230332198025,0.40262746328717713,UNLOADING,0.04088608309308584,0.0,0.09744644451620202,0.01129973009598606,0.059946930012681275,0.08491827681221767,0,ok,0.0,0.22687743225880147,FLAT,0.0,-1,0.08938820483227977,0.15807936360650082,0.11620411981705965,LOADING,0.1222798664956167,0.0,0.20893613810451378,-2.500000000000002,0.0040000000000000036,0.5780534985542184,0,staged_v3,0.756991640092455,2,1.0303217301880598,0.7542638783371345,2,0,0,0
v3_torso_proxy:v3_right_forearm_proxy,181,0.04397318729032579,0.6000000000000005,0.061188264368926756,0.0,0.011531180829357189,AIR,0.0,-1,2.2433937538488213,0.12660326921259174,0.4059322124187343,UNLOADING,0.03602382880600154,0.0,0.10901163604713425,0.011533716109639824,0.061188264368926756,0.08628555031333442,0,ok,0.0,0.2602633804154423,FLAT,0.0,-1,0.08686181193909133,0.15945327201411508,0.1034531310830959,SUPPORT,0.18782389319649337,0.0,0.20749004418620695,-2.500000000000002,0.0030000000000000027,0.5810534985542184,0,staged_v3,0.7386934442114572,2,1.0328708387969665,0.735379248583228,2,0,0,0
v3_torso_proxy:v3_right_forearm_proxy,182,0.046956593383222,0.40000000000000036,0.06750329757881315,0.0,0.008980492659641352,AIR,0.0,-1,2.3225324085304755,0.13482937953515395,0.4265231558224858,UNLOADING,0.03161329677508853,0.0,0.12082934379668879,0.012724071826001104,0.06750329757881315,0.08773310830152976,0,ok,0.0,0.2825318827696012,FLAT,0.0,-1,0.09034721780921111,0.1594892543201742,0.09407835881748669,SUPPORT,0.2402591145571947,0.0,0.20461771757412556,-2.500000000000002,0.0020000000000000018,0.5830534985542184,0,staged_v3,0.7416790607819144,2,1.0366486268999529,0.7357813369335087,2,0,0,0
v3_torso_proxy:v3_right_forearm_proxy,183,0.055643100770841517,0.20000000000000018,0.07303794554301701,0.0,0.006994014715695688,AIR,0.0,-1,2.3815156864799354,0.1426041100972319,0.4719592814528233,UNLOADING,0.027624700743790948,0.0,0.13301544211877075,0.013767328389074018,0.07303794554301701,0.08926128603707684,0,ok,0.0,0.2852848808356515,FLAT,0.0,-1,0.10097685477891385,0.15836585579567658,0.08721322347560655,SUPPORT,0.28220729164575575,0.0,0.20057815657969078,-2.500000000000002,0.0010000000000000009,0.5840534985542184,0,staged_v3,0.7457904783975048,2,1.0407799108241529,0.7396612625581629,2,0,0,0
v3_torso_proxy:v3_right_forearm_proxy,184,0.06496235370155312,0.0,0.07769493493911771,0.0,0.005446944137396732,FLAT,0.0,-1,2.408184487229596,0.1499774107737503,0.5405098400222321,UNLOADING,0.024035860242261155,0.0,0.14558379873542404,0.014645150209552149,0.07769493493911771,0.09087257979271636,0,ok,0.0,0.2716443908893416,FLAT,0.0,-1,0.10871974607571355,0.1561678036761314,0.0827564881173611,SUPPORT,0.3157658333166046,0.0,0.19550321948489086,-2.500000000000002,0.0,0.5840534985542184,0,staged_v3,0.7505340931749156,2,1.0447936849409751,0.7441928142605896,2,0,0,0
v3_torso_proxy:v3_right_forearm_proxy,185,0.08327096562494866,0.20000000000000018,0.07839184646183071,0.0,0.004242084359550772,FLAT,0.0,-1,2.2854450796277646,0.15667890017352634,0.6223370047558757,UNLOADING,0.020831034248410447,0.0,0.15795935525466448,0.014776514936749585,0.07839184646183071,0.09256173886338813,0,ok,0.0,0.24510090750398597,FLAT,0.0,-1,0.12437143742913236,0.1530461096344766,0.08822584634393907,LOADING,0.3025816674856296,0.0,0.18958206426801,-2.500000000000002,-0.0010000000000000009,0.5830534985542184,0,staged_v3,0.7557750017991275,2,1.0489286452445905,0.7492434908242516,2,0,0,0
v3_torso_proxy:v3_right_forearm_proxy,186,0.09793442411538374,0.40000000000000036,0.08418422570535453,0.0,0.0033037386210731006,FLAT,0.0,-1,2.200508186356774,0.16260530914403348,0.6834293883186981,UNLOADING,0.018004581720938703,0.0,0.1698920530005347,0.01586835270144521,0.08418422570535453,0.09432994108283027,0,ok,0.0,0.2140174840102291,FLAT,0.0,-1,0.13177659305324033,0.14899531753922338,0.10281777305179848,LOADING,0.28678609826056084,0.0,0.18278815713484992,-2.500000000000002,-0.0020000000000000018,0.5810534985542184,0,staged_v3,0.7608276193352788,2,1.0529257085507187,0.7541363214858321,2,0,0,0
v3_torso_proxy:v3_right_forearm_proxy,187,0.11245317742289913,0.6000000000000005,0.0897475486447922,0.0,0.0025729542251549742,FLAT,0.0,-1,2.025222370682898,0.16746093556088298,0.7242819026564058,UNLOADING,0.015533842909877731,0.0,0.18081863679512528,0.016917014370010308,0.0897475486447922,0.09617186669356224,0,ok,0.0,0.1803227851977369,FLAT,0.0,-1,0.13972007826025898,0.1439778090461466,0.12269745205857026,LOADING,0.2684163183527478,0.0,0.17502691536879733,-2.500000000000002,-0.0030000000000000027,0.5780534985542184,0,staged_v3,0.7653811405360652,2,1.0573477910335893,0.7585455759181574,2,0,0,0
v3_torso_proxy:v3_right_forearm_proxy,188,0.12150857008884891,0.8000000000000007,0.09376125890012708,0.0,0.002003818765357574,FLAT,0.0,-1,1.8522453599689865,0.17120064726477396,0.7198224965783425,UNLOADING,0.01339492605689339,0.0,0.19063144241130187,0.017673580929118193,0.09376125890012708,0.098077635702737,0,ok,0.0,0.17268483127333883,FLAT,0.0,-1,0.12404976295984699,0.1379956717347635,0.15365386123343497,LOADING,0.2509498643268904,0.0,0.16628834343951182,-2.500000000000002,-0.0040000000000000036,0.5740534985542184,0,staged_v3,0.7682786441192692,2,1.0621326820384491,0.761351214454126,2,0,0,0
v3_torso_proxy:v3_right_forearm_proxy,189,0.12746726529247593,0.9409351000710497,0.0967553382699553,0.0,0.0015605756235936542,FLAT,0.0,-1,1.7247811011503984,0.17407244325252053,0.677339640013026,UNLOADING,0.011553298890550854,0.0,0.19953605578379538,0.01823795159426922,0.0967553382699553,0.10004248595768675,0,ok,0.0,0.16154697481730462,FLAT,0.0,-1,0.12910624791170872,0.1313831246022542,0.20635462246678868,LOADING,0.23341574225422435,0.0,0.15691741618878852,-1.761688750888113,-0.004704675500355249,0.5693488230538631,0,staged_v3,0.770356226167374,2,1.067016772425038,0.7633750320670026,2,0,0,0
v3_torso_proxy:v3_right_forearm_proxy,190,0.1283317418357704,0.7409351000710496,0.0954514551410087,0.0,0.0012153775176968837,FLAT,0.0,-1,1.4647844461043968,0.1770830672463847,0.6225577982327766,UNLOADING,0.009968361158509003,0.0,0.20815734791031465,0.01799217541472692,0.0954514551410087,0.10204505479180173,0,ok,0.0,0.17608723029740048,FLAT,0.0,-1,0.10768885024942731,0.12542169203813036,0.28776237262284043,LOADING,0.21798720066339744,0.0,0.1480202682091143,2.500000000000002,-0.003704675500355248,0.5656441475535079,0,staged_v3,0.7701000080902842,2,1.0719407082237886,0.7629978862944619,2,0,0,0
v3_torso_proxy:v3_right_forearm_proxy,191,0.12744763912620727,0.5409351000710494,0.0927994609248835,0.0,0.0009465369625097133,AIR,0.0,-1,1.2997564186932997,0.18013615285636453,0.5762331947719868,UNLOADING,0.008601611127955284,0.0,0.21634755759524033,0.017492286281922426,0.0927994609248835,0.10407741652263086,0,ok,0.0,0.1808379550599043,FLAT,0.0,-1,0.11654934973946707,0.12020435711493511,0.4141713914452452,LOADING,0.20198046450957366,0.0,0.13971575537488934,2.500000000000002,-0.002704675500355247,0.5629394720531526,0,staged_v3,0.7690365389364704,2,1.0766174450462749,0.7618656382817367,2,0,0,0
v3_torso_proxy:v3_right_forearm_proxy,192,0.12308586888569834,0.3409351000710492,0.08620160784196065,0.0,0.0007371637276085937,AIR,0.0,-1,1.0447215638168297,0.18280974722429671,0.5335302921626167,UNLOADING,0.0074219330451968,0.0,0.22340537806190336,0.016248620275435915,0.08620160784196065,0.1061211597475549,0,ok,0.0,0.19983434042209328,FLAT,0.0,-1,0.10498804623006847,0.1159167294992097,0.5366698641670912,UNLOADING,0.18635315130704144,0.0,0.13227073782638188,2.500000000000002,-0.001704675500355246,0.5612347965527974,0,staged_v3,0.7665563209523861,2,1.0808939935568442,0.7594001937995314,2,0,0,0
v3_torso_proxy:v3_right_forearm_proxy,193,0.11978076661890788,0.14093510007104904,0.07564762105570214,0.0,0.0005741036883134086,AIR,0.0,-1,0.6694031364637203,0.18440915164336658,0.48395006593582446,UNLOADING,0.006403980634525848,0.0,0.2282492832761061,0.014259240634208303,0.07564762105570214,0.10816409368494243,0,ok,0.0,0.25031517262407044,FLAT,0.0,-1,0.07790523133500454,0.11218099790857405,0.6612855848276986,UNLOADING,0.17184346644948062,0.0,0.12505938358001084,2.500000000000002,-0.0007046755003552452,0.5605301210524422,0,staged_v3,0.7625685320230129,2,1.0842392711502795,0.7553545910530604,2,0,0,0
v3_torso_proxy:v3_right_forearm_proxy,194,0.1189393258053572,0.002305551104986314,0.06866795914594939,0.0,0.0004471124020226644,AIR,0.0,-1,0.48524165466542807,0.18476272083773687,0.4487320266598201,UNLOADING,0.0055243375078390545,0.0,0.23076220319691115,0.012943605359395122,0.06866795914594939,0.11020114373494214,0,ok,0.0,0.26463787949738526,FLAT,0.0,-1,0.08482732124087175,0.10896363970428605,0.7573005161863563,UNLOADING,0.1564697536354909,0.0,0.11816148528471052,1.7905081397004419,1.1527755524931571e-05,0.5605416488079671,0,staged_v3,0.757784596487952,2,1.087228593588295,0.7506087798392245,2,0,0,0
v3_torso_proxy:v3_right_forearm_proxy,195,0.12159473746172009,0.07648673185147725,0.06450193796645944,0.0,0.00034821148881618785,AIR,0.0,-1,0.21064015375827214,0.1821345644872045,0.42342885313116607,UNLOADING,0.004763827677784854,0.0,0.2288702017669912,0.012158328867464013,0.06450193796645944,0.11221970453131777,0,ok,0.0,0.3225636899879991,FLAT,0.0,-1,0.05169352925443601,0.10494171379787773,0.8260982207874277,UNLOADING,0.14213041734446158,0.0,0.11007301137633396,-0.9849035369557946,-0.00038243365925738626,0.5601592151487097,0,staged_v3,0.746956119067019,2,1.0864224058249057,0.7398795147449587,2,0,0,0
v3_torso_proxy:v3_right_forearm_proxy,196,0.12592181689354712,0.2124072060558646,0.061205737165590135,0.0,0.00027118738016450685,AIR,0.0,-1,0.20855451872198907,0.1767496087357597,0.4037471065429756,UNLOADING,0.0041063803324001774,0.0,0.22297813451379106,0.011537009654217945,0.061205737165590135,0.11422186815498625,0,ok,0.0,0.26541756940449635,FLAT,0.0,-1,0.08205763738818811,0.10020261592785931,0.8753939302297018,UNLOADING,0.12655073489117843,0.0,0.10086897469745458,-1.699005927554842,-0.001062036030279323,0.5590971791184304,0,staged_v3,0.733274600348331,2,1.084721138032703,0.7264573002096032,2,0,0,0
v3_torso_proxy:v3_right_forearm_proxy,197,0.1337678964495181,0.31067694224338194,0.057110876491026044,0.0,0.00021120094403120072,AIR,0.0,-1,0.2693069675254418,0.16860121065515957,0.38929200325062485,UNLOADING,0.0035381805856917053,0.0,0.2128483318676122,0.010765146601456888,0.057110876491026044,0.1162065132134791,0,ok,0.0,0.20670741089313072,FLAT,0.0,-1,0.22169359829306423,0.09495772380844655,0.9107158495220392,UNLOADING,0.11110858641802322,0.0,0.09037058056622368,-1.2283717023439666,-0.0015533847112169097,0.5575437944072135,0,staged_v3,0.7347967240212767,2,1.0808331876328454,0.7264910365851391,2,0,0,0
v3_torso_proxy:v3_right_forearm_proxy,198,0.1420245950617703,0.4157999176976457,0.06223306170370637,0.0,0.00016448346059691908,FLAT,0.0,-1,0.3077552172342349,0.1580128912264553,0.3731346662943513,LOADING,0.003047456070509483,0.0,0.19902628050750382,0.011730655767525855,0.06223306170370637,0.11817597442482294,0,ok,0.0,0.16098389347023284,FLAT,0.0,-1,0.7584956575933449,0.08871635471289628,0.9360251106445593,UNLOADING,0.09670720646870079,0.0,0.07710180997532953,-1.3140371931782968,-0.0020789995884882284,0.5554647948187252,0,staged_v3,0.7573376460106171,2,1.0760789475922108,0.7480611055883641,2,0,0,0
v3_torso_proxy:v3_right_forearm_proxy,199,0.14828829505172017,0.4552789424250303,0.08468879123126276,0.0,0.00012809984791517515,FLAT,0.0,-1,0.4376872388663687,0.14613945469437473,0.30642492815776357,LOADING,0.0026247976120396636,0.0,0.18299144939678724,0.015963461062412088,0.08468879123126276,0.12012832762007983,0,ok,0.0,0.12537438229650097,AIR,0.0,-1,0.952981880490203,0.08247169181786129,0.9541599886863329,UNLOADING,0.08371291455930291,0.01062158829913605,0.0620864111351806,-0.4934878090923078,-0.0022763947121251515,0.5531884001066001,0,staged_v3,0.776450645659647,2,1.0707995238734929,0.7663454408431832,2,0,0,0
v3_torso_proxy:v3_right_forearm_proxy,200,0.16131399563939264,0.5499253495584222,0.08396711493521548,0.0,0.03948498232168561,FLAT,0.0,-1,0.10123557012120343,0.13556027641579999,0.24000183859159624,LOADING,0.008101540883176609,0.0,0.16878007233527248,0.015827428285416167,0.08396711493521548,0.1220514691835054,0,ok,0.0,0.09764166710960863,AIR,0.0,-1,1.3983799443853833,0.0778635996615745,0.9071439664065637,UNLOADING,0.07304915789672377,0.020581432179133725,0.049775766141194465,-1.1830800891673987,-0.002749626747792111,0.550438773358808,0,staged_v3,0.7890516065704771,2,1.0648451057273947,0.7795804248736888,2,0,0,0
v3_torso_proxy:v3_right_forearm_proxy,201,0.16734572311536683,0.5453406643781467,0.08023418636782395,0.0,0.15347688168554224,FLAT,0.0,-1,0.020062901117610766,0.12655536170745857,0.18387801701211479,LOADING,0.031532404111341644,0.0,0.15660536350571588,0.015123787827594604,0.08023418636782395,0.12393803156150882,0,ok,0.0,0.07604340680536063,AIR,0.0,-1,1.5992363881960858,0.07521204835716276,0.8162198024548859,UNLOADING,0.0646100313864336,0.025063379292599025,0.040747610830145276,0.05730856475344437,-0.0027267033218907333,0.5477120700369172,0,staged_v3,0.79721648105783,2,1.0592323539065396,0.7886087051960375,2,0,0,0
v3_torso_proxy:v3_right_forearm_proxy,202,0.16348428320955338,0.39970808781903955,0.07547291477361438,0.0,0.1886263449790592,FLAT,0.0,-1,0.08402469486182444,0.12034330530566051,0.14294852329052682,LOADING,0.057558420791195955,0.0,0.14792360494086954,0.014226309275867731,0.07547291477361438,0.12576732617407826,0,ok,0.0,0.05922266476743226,AIR,0.0,-1,1.9820592986419894,0.07552674779509291,0.720507060423251,UNLOADING,0.057744643569145666,0.02430689086246697,0.03671846215869558,1.8204072069888388,-0.0019985404390951977,0.545713529597822,0,staged_v3,0.7972808376364111,2,1.0549883133847768,0.7900761702586473,2,0,0,0
v3_torso_proxy:v3_right_forearm_proxy,203,0.15556090751886859,0.19970808781903937,0.08083665012903776,0.0,0.24392323719728043,FLAT,0.0,-1,0.06160870926957012,0.11626604091729392,0.11396176366688793,LOADING,0.0892717996103451,0.0,0.14176097632698578,0.015237349571171607,0.08083665012903776,0.12754110780208927,0,ok,0.0,0.04612265769645154,AIR,0.0,-1,2.1110794676642173,0.07810183641364651,0.6337028967593133,UNLOADING,0.05190892247469228,0.02006603920124466,0.03661910563672101,2.500000000000002,-0.0009985404390951969,0.5447149891587268,0,staged_v3,0.7893117591149289,2,1.0573129073101508,0.7833420373061926,2,0,0,0
v3_torso_proxy:v3_right_forearm_proxy,204,0.14700546085588767,0.0002919121809608072,0.08396880942411086,0.0,0.29199178265806774,FLAT,0.0,-1,0.05819919023043043,0.11368000400351078,0.09345226415381938,SUPPORT,0.1614174396882761,0.0,0.13724927910548654,0.015827747689048086,0.08396880942411086,0.12926650381062235,0,ok,0.0,0.035920361931330816,AIR,0.0,-1,2.1797352832608974,0.08234382303878543,0.5532820084285313,UNLOADING,0.046785686683805436,0.01308833800514865,0.039575762416277915,2.500000000000002,1.4595609048040359e-06,0.5447164487196317,0,staged_v3,0.7782235214526981,2,1.0629591975493287,0.7733040953938598,2,0,0,0
v3_torso_proxy:v3_right_forearm_proxy,205,0.1576434762544304,0.20029191218096098,0.08639741238622027,0.0,0.34432893623941396,FLAT,0.0,-1,0.045737965939595046,0.11248737449845381,0.07886068622999368,SUPPORT,0.2191339517506209,0.0,0.134239908867903,0.016285528562503045,0.08639741238622027,0.13096945208449826,0,ok,0.0,0.02797480600032872,AIR,0.0,-1,2.460496787188995,0.08850725949882031,0.49565792391536756,UNLOADING,0.04211757026272903,0.003522080182555884,0.0462608160132125,2.500000000000002,0.001001459560904805,0.5457179082805365,0,staged_v3,0.760062621067242,2,1.0745033785240665,0.7563147117045399,2,0,0,0
v3_torso_proxy:v3_right_forearm_proxy,206,0.1641615735656261,0.40029191218096116,0.08854005512147695,0.0,0.37943962291562405,FLAT,0.0,-1,0.04849808243242797,0.11240774898192525,0.06844346438064575,SUPPORT,0.2653071614004967,0.0,0.13234810178946804,0.01668940720308404,0.08854005512147695,0.13267856130259767,0,ok,0.0,0.021786800819326643,AIR,0.0,-1,2.4573754769215186,0.09635068324670205,0.4543684631185356,UNLOADING,0.03779899817016482,0.0,0.05609264217375341,2.500000000000002,0.002001459560904806,0.5477193678414413,0,staged_v3,0.7417125626162447,2,1.0843481709680258,0.7388887664177507,2,0,0,0
v3_torso_proxy:v3_right_forearm_proxy,207,0.16754087706450738,0.6002919121809613,0.08946472816604635,0.0,0.41200805709671096,FLAT,0.0,-1,0.04456998365688657,0.11338791606346936,0.06116128310256943,SUPPORT,0.3022457291203974,0.0,0.1315142037104301,0.016863703965711546,0.08946472816604635,0.13443261935019843,0,ok,0.0,0.016967577538712315,AIR,0.0,-1,2.449860903248408,0.10597446949564653,0.42478327166089647,UNLOADING,0.033793431922949584,0.0,0.06899678770178012,2.500000000000002,0.0030014595609048067,0.5507208274023461,0,staged_v3,0.720588119737738,2,1.0922332402332142,0.7185752439099964,2,0,0,0
v3_torso_proxy:v3_right_forearm_proxy,208,0.17075035095513247,0.8002919121809615,0.0899236173202987,0.0,0.4234500576644198,FLAT,0.0,-1,0.05666664066356482,0.11519581118234375,0.05643532371242731,SUPPORT,0.3317965832963179,0.0,0.13147210243047197,0.016950202533460218,0.0899236173202987,0.13624867791145484,0,ok,0.0,0.013214362673973933,AIR,0.0,-1,2.3541781830978743,0.11667644402911678,0.4035845556521779,UNLOADING,0.03009169164623842,0.0,0.0838403700711957,2.500000000000002,0.004001459560904808,0.5547222869632509,0,staged_v3,0.6982340379758079,2,1.0964255645387753,0.6967532235039368,2,0,0,0
v3_torso_proxy:v3_right_forearm_proxy,209,0.17073088450774385,1.0000000000000009,0.09453545260576357,0.014855463749363128,0.4081589746067773,FLAT,0.0,-1,0.07514719619686906,0.11840262695635231,0.053743987690730056,SUPPORT,0.3554372666370543,0.0,0.13302621554178257,0.017819513004603174,0.09453545260576357,0.13813176932758908,0,ok,0.0,0.010291355998280443,AIR,0.0,-1,2.3241085026664234,0.12850956777278022,0.3883950118879691,UNLOADING,0.0266920563629165,0.0,0.10057712195739185,2.496351097737992,0.0050000000000000044,0.5597222869632509,0,staged_v3,0.67596392628983,2,1.098996137892697,0.674935183164193,2,0,0,0
v3_torso_proxy:v3_right_forearm_proxy,210,0.17948540194422746,1.0000000000000009,0.09557119260640298,0.02785841569864942,0.41917117823774447,FLAT,0.0,-1,0.054905431498999194,0.120741881137263,0.053268633522127115,SUPPORT,0.37434981330964345,0.0,0.13343038661025727,0.01801474539522545,0.09557119260640298,0.14004762659844547,0,ok,0.0,0.008014916110327409,AIR,0.0,-1,2.2060979313832205,0.1386304378933464,0.37751122818758276,UNLOADING,0.023591647637599467,0.0,0.11556362599846169,0.0,0.0050000000000000044,0.5647222869632509,0,staged_v3,0.6532800105328096,2,1.0965838697722214,0.6521745006262226,2,0,0,0
v3_torso_proxy:v3_right_forearm_proxy,211,0.18666619291679154,1.0000000000000009,0.09854287455132793,0.0398519077990446,0.4173861753602986,FLAT,0.0,-1,0.06178853128778688,0.12267880781038783,0.05740366312039923,SUPPORT,0.3894798506477148,0.0,0.1332871635929995,0.018574894245244347,0.09854287455132793,0.14198570502619126,0,ok,0.0,0.0062420229429746045,AIR,0.0,-1,2.168585445881414,0.14764575867306612,0.3697126563887433,UNLOADING,0.02078345055501211,0.0,0.12971472301920622,0.0,0.0050000000000000044,0.5697222869632509,0,staged_v3,0.6317653392491568,2,1.094138094394465,0.6307545712862751,2,0,0,0
v3_torso_proxy:v3_left_forearm_proxy,212,0.1936761402695045,1.0000000000000009,0.1022793541769705,0.05099880105568061,0.427237845380683,FLAT,0.0,-1,0.05448082201465719,0.12433033063015345,0.06629095864819268,SUPPORT,0.40158388051817184,0.0,0.13273266796644478,0.019279204061776745,0.1022793541769705,0.1426503127032228,0,ok,0.0,0.004861292355938298,AIR,0.0,-1,2.049640708760111,0.15563372458995,0.364124735517117,UNLOADING,0.01825598269894765,0.0,0.14322656743001214,0.0,0.0050000000000000044,0.5747222869632509,0,staged_v3,0.6224523688722181,2,1.0914840533377836,0.621088765134083,2,0,0,0
v3_torso_proxy:v3_left_forearm_proxy,213,0.19501088212503082,1.0000000000000009,0.10543345911005728,0.0617548729438379,0.4243207746476254,FLAT,0.0,-1,0.06339451656407556,0.12575516237272655,0.07858437266217329,SUPPORT,0.41126710441453745,0.0,0.13182302511244515,0.019873738834962948,0.10543345911005728,0.14164184978726224,0,ok,0.0,0.003785978293543781,AIR,0.0,-1,1.7622774289332648,0.16282483387846147,0.360120815251588,UNLOADING,0.015994066413947697,0.0,0.15600285552873405,0.0,0.0050000000000000044,0.5797222869632509,0,staged_v3,0.6224004519575921,2,1.0902644188663722,0.6210313862597407,2,0,0,0
v3_torso_proxy:v3_left_forearm_proxy,214,0.19495322804747012,0.8000000000000007,0.10796771332000017,0.07240951601055738,0.4131193047092778,FLAT,0.0,-1,0.06997152448848443,0.1260895144584685,0.09224981410713441,SUPPORT,0.41901368353163,0.0,0.1297519798513877,0.020351434499460086,0.10796771332000017,0.14056785822760226,0,ok,0.0,0.0029485228597032377,AIR,0.0,-1,1.6118797784645147,0.16832977330381624,0.35725188101629557,UNLOADING,0.013979936572220127,0.0,0.16706301802751636,-2.500000000000002,0.0040000000000000036,0.5837222869632509,0,staged_v3,0.6222632797107847,2,1.0898587898846623,0.6209319629206618,2,0,0,0
v3_torso_proxy:v3_left_forearm_proxy,215,0.19137279579965014,0.6000000000000005,0.1108526212578002,0.08276993336057134,0.39842356821646746,FLAT,0.0,-1,0.06967085367586306,0.12501766368299555,0.10320688436338168,SUPPORT,0.42521094682530397,0.0,0.12615126493878942,0.020895226834480612,0.1108526212578002,0.13943278210803398,0,ok,0.0,0.0022963119120408197,FLAT,0.0,-1,1.1407081804706551,0.1710724130852086,0.3594226538481259,LOADING,0.012192940689124687,0.0,0.17398657731835687,-2.500000000000002,0.0030000000000000027,0.5867222869632509,0,staged_v3,0.6181456280116625,2,1.0906774177534047,0.6165339405137853,2,0,0,0
v3_torso_proxy:v3_left_forearm_proxy,216,0.18580443941631095,0.40000000000000036,0.11967101850791514,0.09429054996422738,0.3789355290733618,FLAT,0.0,-1,0.07888104578068295,0.12385429699639958,0.13816550724951815,UNLOADING,0.36446652585026057,0.0,0.12300252070955466,0.022557455555524464,0.11967101850791514,0.1382536373907787,0,ok,0.0,0.0017883695152735855,FLAT,0.0,-1,0.9736671314743699,0.17136527492323267,0.369970456853095,LOADING,0.010612052823347685,0.0,0.1774726410095247,-2.500000000000002,0.0020000000000000018,0.5887222869632509,0,staged_v3,0.617178871794358,2,1.099273210189782,0.6150085741438435,2,0,0,0
v3_torso_proxy:v3_left_forearm_proxy,217,0.18111631177930063,0.20000000000000018,0.1261191535724327,0.10548398545558914,0.3570073941335038,FLAT,0.0,-1,0.08930254361928079,0.12148945911870082,0.15360799543100076,UNLOADING,0.31239987930022334,0.0,0.11868978882917265,0.023772900380407053,0.1261191535724327,0.1371078694615262,0,ok,0.0,0.0013927835789160972,FLAT,0.0,-1,0.6367126418145027,0.16822836598525132,0.3370207040849479,LOADING,0.009227957659513994,0.0,0.17626576828036442,-2.500000000000002,0.0010000000000000009,0.5897222869632509,0,staged_v3,0.6080894743955136,2,1.1237442370058042,0.6073211468574283,2,0,0,0
v3_torso_proxy:v3_left_forearm_proxy,218,0.17148601691904689,0.0,0.1263882650392999,0.11782348435031091,0.3977582804555466,FLAT,0.0,-1,0.032909123307723435,0.11831055388110714,0.15979401133108703,UNLOADING,0.26777132511447715,0.0,0.11373843966581287,0.023823626696845457,0.1263882650392999,0.1359629596799776,0,ok,0.0,0.0010847009419088503,FLAT,0.0,-1,0.4024679096580999,0.16325517403285814,0.2996670931828878,LOADING,0.008018199674394036,0.0,0.17207252763761036,-2.500000000000002,0.0,0.5897222869632509,0,staged_v3,0.6049033089828747,2,1.1332895383278025,0.6042892096753837,2,0,0,0
v3_torso_proxy:v3_left_forearm_proxy,219,0.16315240309954604,0.20000000000000018,0.12342389991738424,0.1313933426413188,0.4159602015531856,FLAT,0.0,-1,0.04891869428757186,0.11444734528376865,0.1629889162946719,UNLOADING,0.22951827866955185,0.0,0.10835319827633466,0.023264857035471376,0.12342389991738424,0.13477058000611583,0,ok,0.0,0.000844765942956903,FLAT,0.0,-1,0.304390383368607,0.1570732742285859,0.24041277985320525,LOADING,0.0069644102086642195,0.0,0.16562493820818786,-2.500000000000002,-0.0010000000000000009,0.5887222869632509,0,staged_v3,0.6029368865696048,2,1.1346121051031006,0.6024221991985697,2,0,0,0
v3_torso_proxy:v3_left_forearm_proxy,220,0.14884913813630976,0.40000000000000036,0.12008580807205467,0.14650844564623527,0.4397061867269808,FLAT,0.0,-1,0.03972163351143471,0.11033172400613714,0.1669221437488518,UNLOADING,0.19672995314533015,0.0,0.10326289574429813,0.022635641546373653,0.12008580807205467,0.13352953076444166,0,ok,0.0,0.08579731286268139,FLAT,0.0,-1,0.04519717451741415,0.15075926510577747,0.19066558790409086,LOADING,0.019459271719956782,0.0,0.15916922703818692,-2.500000000000002,-0.0020000000000000018,0.5867222869632509,0,staged_v3,0.5981792314919062,2,1.1377859843625615,0.5978611434198245,2,0,0,0
v3_torso_proxy:v3_left_forearm_proxy,221,0.13828335514287327,0.6000000000000005,0.1154608355846343,0.162637308465308,0.45442147377550124,FLAT,0.0,-1,0.04382369635566882,0.10571990883927815,0.16592580760573544,UNLOADING,0.1686256741245687,0.0,0.09811176209967609,0.021763854771001567,0.1154608355846343,0.13223917442148955,0,ok,0.0,0.15378495003974257,FLAT,0.0,-1,0.0714724559605701,0.14407622848890364,0.14823794791313713,LOADING,0.04176505430115079,0.0,0.15238245441772413,-2.500000000000002,-0.0030000000000000027,0.5837222869632509,0,staged_v3,0.5942426189541576,2,1.1405884912463489,0.5940303100029846,2,0,0,0
v3_torso_proxy:v3_left_forearm_proxy,222,0.12790769956535172,0.8000000000000007,0.10966261526962888,0.1795511705556256,0.4423469349374561,FLAT,0.0,-1,0.05866984537997764,0.10047368729798031,0.16521190156333623,UNLOADING,0.14453629210677316,0.0,0.09267092476768538,0.0206709159902706,0.10966261526962888,0.13089758566267404,0,ok,0.0,0.2120828801048633,FLAT,0.0,-1,0.07943480297271063,0.13695382770581707,0.11624637910930269,LOADING,0.07089784608524075,0.0,0.14508470594369527,-2.500000000000002,-0.0040000000000000036,0.5797222869632509,0,staged_v3,0.5911729860453513,2,1.1429274078195193,0.5910386817943202,2,0,0,0
v3_torso_proxy:v3_left_forearm_proxy,223,0.12362262694142392,1.0000000000000009,0.1038386518385586,0.19622968442105776,0.4598646640162681,FLAT,0.0,-1,0.03700239425045164,0.0941386470017791,0.1647003655311494,UNLOADING,0.12388825037723414,0.0,0.08623692400530877,0.01957312474648104,0.1038386518385586,0.1295018203524611,0,ok,0.0,0.2901288497299405,FLAT,0.0,-1,0.05908014735697544,0.12857270790240882,0.09393279979678473,SUPPORT,0.1467182768681926,0.0,0.1363479666567084,-2.500000000000002,-0.0050000000000000044,0.5747222869632509,0,staged_v3,0.5881198707852481,2,1.1451212963657338,0.5879338146384585,2,0,0,0
v3_torso_proxy:v3_left_forearm_proxy,224,0.12208300948928236,0.8000000000000007,0.09842257366961366,0.2123644438133005,0.4831894355329941,FLAT,0.0,-1,0.03016906149684829,0.08859197032527452,0.1645474124108322,UNLOADING,0.10618992889477212,0.0,0.08059747312722203,0.01855221806327151,0.09842257366961366,0.12804623856618008,0,ok,0.0,0.3670719203709032,FLAT,0.0,-1,0.04911045582054261,0.12073813777945984,0.07841446009741833,SUPPORT,0.2073746214945541,0.0,0.1280010838118299,2.500000000000002,-0.0040000000000000036,0.5707222869632509,0,staged_v3,0.5848910137576081,2,1.1470697187993106,0.5845877253915056,2,0,0,0
v3_torso_proxy:v3_left_forearm_proxy,225,0.1254972210491899,0.6000000000000005,0.09088242125337143,0.2276772884482778,0.4711025983292301,FLAT,0.0,-1,0.05832886610069973,0.08373439394118355,0.16446213368324758,UNLOADING,0.09101993905266181,0.0,0.07560652485791458,0.017130932817002675,0.09088242125337143,0.12653255525953247,0,ok,0.0,0.4390547845113455,FLAT,0.0,-1,0.04551590293307166,0.11338161470409171,0.06728734511732508,SUPPORT,0.2558996971956433,0.0,0.11991392582355449,2.500000000000002,-0.0030000000000000027,0.5677222869632509,0,staged_v3,0.5945190766026583,2,1.1486519334701808,0.5934770796375338,2,0,0,0
v3_torso_proxy:v3_left_forearm_proxy,226,0.12754260357029648,0.40000000000000036,0.08508384110376532,0.24237851597198415,0.44152011893071963,FLAT,0.0,-1,0.07930746653895282,0.07963258751853572,0.1642817070863131,UNLOADING,0.07801709061656727,0.0,0.07137244673977391,0.016037926209047426,0.08508384110376532,0.12496080703915238,0,ok,0.0,0.4759861369403112,FLAT,0.0,-1,0.05415628981606158,0.10673710856621746,0.059006423587946444,SUPPORT,0.29471975775651466,0.0,0.11237419330397239,2.500000000000002,-0.0020000000000000018,0.5657222869632509,0,staged_v3,0.6883467524294298,2,1.1493805775651713,0.6870968861129937,2,0,0,0
v3_torso_proxy:v3_left_forearm_proxy,227,0.12834273830575457,0.20000000000000018,0.083229470866427,0.25661630486496345,0.36785858743142097,FLAT,0.0,-1,0.12681468472123392,0.076320771720766,0.16315237142201383,UNLOADING,0.06687179195705766,0.0,0.0679991094467282,0.01568838565416797,0.083229470866427,0.12333971118805953,0,ok,0.0,0.48048823227029275,FLAT,0.0,-1,0.06672099650676569,0.10102972402361349,0.05156666174326437,SUPPORT,0.32691801783025004,0.0,0.10563252826950884,2.500000000000002,-0.0010000000000000009,0.5647222869632509,0,staged_v3,0.7675049939681413,2,1.1489791321431202,0.7660840264460623,2,0,0,0
v3_torso_proxy:v3_left_forearm_proxy,228,0.12288278275830285,0.0,0.08999146256821264,0.2708791981976658,0.3190044847866644,FLAT,0.0,-1,0.11895756046363493,0.07389831915895613,0.16177671102506905,UNLOADING,0.05731867882033513,0.0,0.06565471001989233,0.016962991061405863,0.08999146256821264,0.12167712504871991,0,ok,0.018315686176540617,0.49894430794427663,FLAT,0.0,-1,0.06022863240112994,0.09721889132374523,0.04585013052613189,SUPPORT,0.35674794352415223,0.0,0.10098439807372726,2.500000000000002,0.0,0.5647222869632509,0,staged_v3,0.5809336007031786,2,1.1477128037488311,0.5799748436280141,2,0,0,0
v3_torso_proxy:v3_left_forearm_proxy,229,0.12398605550914563,0.20000000000000018,0.08927814922309657,0.28416520039203136,0.2848071602285569,FLAT,0.0,-1,0.11564452660987813,0.0720101229807338,0.15645215578551028,UNLOADING,0.04913029613171583,0.0,0.06382302607198483,0.01682853466352241,0.08927814922309657,0.11998248440241649,0,ok,0.036050446896433164,0.5189605040598243,FLAT,0.0,-1,0.057687306275583,0.09406286622357996,0.03709020424851545,SUPPORT,0.37539835481932177,0.0,0.09686492446656533,2.500000000000002,0.0010000000000000009,0.5657222869632509,0,staged_v3,0.5789334193347003,2,1.1458677110251316,0.5777951853910168,2,0,0,0
v3_torso_proxy:v3_left_forearm_proxy,230,0.1203293199701548,0.40000000000000036,0.088885166435076,0.2967569965343877,0.2892576615030019,FLAT,0.0,-1,0.08521911339864993,0.07072904699549654,0.14824586894807223,UNLOADING,0.04211168239861357,0.0,0.06263512068146021,0.01675445915313245,0.088885166435076,0.11826637457703562,0,ok,0.05364994865952519,0.5764201932310662,FLAT,0.0,-1,0.025199308657001672,0.0918350665906481,0.030472763446139618,SUPPORT,0.3903186838554574,0.0,0.09374056839732774,2.500000000000002,0.0020000000000000018,0.5677222869632509,0,staged_v3,0.5747734117150199,2,1.1438352286393805,0.5735561459949045,2,0,0,0
v3_torso_proxy:v3_left_forearm_proxy,231,0.11585350306811007,0.6000000000000005,0.08806272224385282,0.308789054354792,0.3228835254361579,FLAT,0.0,-1,0.05500524092551839,0.07010380311841845,0.13944811123959858,UNLOADING,0.036095727770240206,0.0,0.06210902515881597,0.01659943207538439,0.08806272224385282,0.11652754397019083,0,ok,0.07121409972437191,0.624259527391822,FLAT,0.0,-1,0.023816375961236196,0.09057023457502839,0.02531142564522732,SUPPORT,0.40225494708436593,0.0,0.09166698746309589,2.500000000000002,0.0030000000000000027,0.5707222869632509,0,staged_v3,0.5692759044387277,2,1.1421815346715627,0.5680144968589507,2,0,0,0
v3_torso_proxy:v3_left_forearm_proxy,232,0.10847909111990041,0.8000000000000007,0.08683507389223752,0.3204846821442807,0.36977305616250866,FLAT,0.0,-1,0.03441957235093492,0.07020443469754437,0.1310360002063627,UNLOADING,0.030939195231634464,0.0,0.06228520271785511,0.016368025812826814,0.08683507389223752,0.1147596370778935,0,ok,0.08880278527257371,0.6702324497451602,FLAT,0.0,-1,0.02154476874323782,0.09025556807497906,0.021621152187770953,SUPPORT,0.4118039576674927,0.0,0.09065925675293146,2.500000000000002,0.0040000000000000036,0.5747222869632509,0,staged_v3,0.561428796771231,2,1.141592656936541,0.5602287769003426,2,0,0,0
v3_torso_proxy:v3_left_forearm_proxy,233,0.10114322740008225,1.0000000000000009,0.0836289642511881,0.0,0.4273862057687249,FLAT,0.0,-1,0.01954496890503023,0.0711653398335332,0.12463347472493341,UNLOADING,0.026519310198543828,0.0,0.06325712332784113,0.015763688383131358,0.0836289642511881,0.11295823901309246,0,ok,0.10636458340502526,0.713141959868135,FLAT,0.0,-1,0.016446555445172147,0.09090867939373345,0.01989278263778776,SUPPORT,0.4194431661339942,0.0,0.09073757026854659,2.500000000000002,0.0050000000000000044,0.5797222869632509,0,staged_v3,0.5493042202761076,2,1.141627001918495,0.5481653606826112,2,0,0,0
v3_torso_proxy:v3_left_forearm_proxy,234,0.09607423727573465,1.0000000000000009,0.0794456470466446,0.0,0.4738311818405518,FLAT,0.0,-1,0.016008216897621684,0.07195345133178935,0.1200458647507428,SUPPORT,0.11121544815883506,0.0,0.0639563125138832,0.01497515166728558,0.0794456470466446,0.11112122594347981,0,ok,0.12372383835440351,0.7493144905742846,FLAT,0.0,-1,0.014027188589564064,0.09145169407473877,0.018942223269517895,SUPPORT,0.42555453290719536,0.0,0.0908112430143628,0.0,0.0050000000000000044,0.5847222869632509,0,staged_v3,0.5352201789270151,2,1.1420015085269004,0.5340692976872234,2,0,0,0
v3_torso_proxy:v3_left_forearm_proxy,235,0.0876839490477555,1.0000000000000009,0.08163118768208681,0.0,0.5054436240195536,FLAT,0.0,-1,0.016899283140922997,0.07276169285596487,0.11649913076009634,SUPPORT,0.17897235852706805,0.0,0.06463959353085258,0.015387116371551213,0.08163118768208681,0.10926110934800087,0,ok,0.14243158562427238,0.7627155698209438,FLAT,0.0,-1,0.0200975286624912,0.09307863312250948,0.047701179641859597,UNLOADING,0.36476102820616746,0.0,0.09246072406245706,0.0,0.0050000000000000044,0.5897222869632509,0,staged_v3,0.5207933220433457,2,1.1420342104954615,0.5195934913473071,2,0,0,0
v3_torso_proxy:v3_left_forearm_proxy,236,0.0875828576259603,0.8000000000000007,0.07552766510099972,0.0,0.5397857932483405,FLAT,0.0,-1,0.010894680943857812,0.07220205579803866,0.08561091586290076,SUPPORT,0.241892734245368,0.0,0.06376992023162398,0.014236629469445455,0.07552766510099972,0.10737911652939214,0,ok,0.1602674112609305,0.791474421715752,FLAT,0.0,-1,0.010142059385361852,0.0931931938372924,0.0682240186676013,UNLOADING,0.3126523098910007,0.0,0.09248897664555483,-2.500000000000002,0.0040000000000000036,0.5937222869632509,0,staged_v3,0.5444288365463101,2,1.1418521304153455,0.542788041759935,2,0,0,0
v3_torso_proxy:v3_left_forearm_proxy,237,0.0855507848381401,0.6000000000000005,0.07493103994300637,0.0,0.562930761819991,FLAT,0.0,-1,0.015067914717386131,0.07046034081205012,0.06316657164050374,SUPPORT,0.29898865850126344,0.0,0.06175182483418547,0.01412416827664753,0.07493103994300637,0.10548636085123678,0,ok,0.17771716720171057,0.8035834089399645,FLAT,0.0,-1,0.016864270892097445,0.09219755170895527,0.08283170822007027,UNLOADING,0.2679876941922863,0.0,0.09142819145160562,-2.500000000000002,0.0030000000000000027,0.5967222869632509,0,staged_v3,0.6751055824254716,2,1.1411673400027595,0.6730153297876231,2,0,0,0
v3_torso_proxy:v3_left_forearm_proxy,238,0.07520571790473063,0.40000000000000036,0.07568288088250781,0.012292762859524686,0.5866220607510282,FLAT,0.0,-1,0.011331928452338807,0.06837881632918244,0.047128572014217926,SUPPORT,0.35098600694416965,0.0,0.05977956394185853,0.014265886954979878,0.07568288088250781,0.10358407833122993,0,ok,0.1957456883356152,0.8096989680455434,FLAT,0.0,-1,0.019147072641809485,0.09087235266610047,0.09320647242523761,UNLOADING,0.22970373787910253,0.0,0.09025050593803577,-2.500000000000002,0.0020000000000000018,0.5987222869632509,0,staged_v3,0.4865535075775018,2,1.1404844689215647,0.48529540181894254,2,0,0,0
v3_torso_proxy:v3_left_forearm_proxy,239,0.07577153862315826,0.20000000000000018,0.07753638047461209,0.023723678361065422,0.6086958293803064,FLAT,0.0,-1,0.009209130701107453,0.06510149567775474,0.03572775030424427,SUPPORT,0.39129309694661185,0.0,0.05671746728006477,0.014615263397099065,0.07753638047461209,0.10167760096396769,0,ok,0.21313322563445466,0.8108228583840138,FLAT,0.0,-1,0.02097070537543702,0.08825439777915,0.1005269198060465,UNLOADING,0.1968889181820879,0.0,0.08782555941927751,-2.500000000000002,0.0010000000000000009,0.5997222869632509,0,staged_v3,0.47639828808387163,2,1.1398044544631003,0.4750137190985415,2,0,0,0
v3_torso_proxy:v3_left_forearm_proxy,240,0.07615092722037645,0.0,0.07861611227321609,0.034747947746437226,0.6271200266174826,FLAT,0.0,-1,0.00987057161449386,0.06079613500624384,0.027539125926604506,SUPPORT,0.41041726135336515,0.0,0.0528441252661358,0.014818788046279563,0.07861611227321609,0.09977275902626195,0,ok,0.23013851605283575,0.8002065889580116,FLAT,0.0,-1,0.02542205503043818,0.0845745924954778,0.10552006738522168,UNLOADING,0.16876192987036107,0.0,0.08438322277686805,-2.500000000000002,0.0,0.5997222869632509,0,staged_v3,0.4663228547403855,2,1.1398580876028808,0.46486335091956404,2,0,0,0
v3_torso_proxy:v3_left_forearm_proxy,241,0.07719278974199148,0.20000000000000018,0.08208536154815067,0.04545261548237893,0.6416812115980582,FLAT,0.0,-1,0.008335947350635005,0.05548779978081943,0.021608520969646248,SUPPORT,0.41833380908269213,0.0,0.048166025557895426,0.015472726128415937,0.08208536154815067,0.09787006069056103,0,ok,0.24675231112512822,0.7935891070109227,FLAT,0.0,-1,0.02423189574677177,0.0798518528670954,0.1088677221421278,UNLOADING,0.1446530827460238,0.0,0.07994486991371882,-2.500000000000002,-0.0010000000000000009,0.5987222869632509,0,staged_v3,0.45610113775878613,2,1.1399961040708932,0.4545632160014589,2,0,0,0
v3_torso_proxy:v3_left_forearm_proxy,242,0.07727762849336076,0.2714680227842825,0.08628023159731418,0.055979653356153215,0.648246699902441,FLAT,0.0,-1,0.012866817153799013,0.04983959644361201,0.015483181849941834,SUPPORT,0.42466704726615373,0.0,0.043352648154605225,0.01626344050416889,0.08628023159731418,0.09597078271114796,0,ok,0.2630590594308486,0.7745415133221685,FLAT,0.0,-1,0.032639217902989855,0.0747768966067508,0.10635400056830305,UNLOADING,0.12398835663944896,0.0,0.07521839816121278,-0.8933502848035291,-0.0013573401139214125,0.5973649468493295,0,staged_v3,0.445320376857186,2,1.1402492880598147,0.44373200567473303,2,0,0,0
