active_collision_pair,frame_idx,frame_root_angular_budget_usage,frame_root_z_budget_usage,frame_velocity_budget_usage_max,left_anchor_error_xy,left_contact_confidence,left_contact_phase,left_contact_slack,left_elbow_branch_sign,left_foot_vxy,left_heel_height,left_liftoff_probability,left_load_phase,left_lock_weight,left_swing_clearance_error,left_toe_height,max_joint_delta,max_joint_velocity_ratio,min_self_collision_distance,qp_resolve_count,qp_status,right_anchor_error_xy,right_contact_confidence,right_contact_phase,right_contact_slack,right_elbow_branch_sign,right_foot_vxy,right_heel_height,right_liftoff_probability,right_load_phase,right_lock_weight,right_swing_clearance_error,right_toe_height,root_ddz,root_dz,root_z,safety_backtracked,solver_mode,stage_a_high_priority_error,stage_a_iterations,stage_b_detail_error,stage_b_high_priority_error,stage_b_iterations,stage_b_rejected,stage_c_iterations,stage_c_triggered
v3_pelvis_proxy:v3_left_hand_proxy,0,1.0,1.0000000000000009,1.0,0.0,0.2148096291092409,AIR,0.0,-1,0.0,0.08674746639194994,0.0037572997057471027,UNLOADED,0.042800504990599425,0.0,0.11531933227189493,0.1884955592153876,1.0,0.04226918126678228,0,ok,0.0,0.17341434616580315,AIR,0.0,1,0.0,0.10598840996851985,0.002202346334290004,UNLOADED,0.034606485543242325,0.0,0.08739738450629972,0.0,-0.0050000000000000044,0.745,0,staged_v3,0.6136189222634165,2,1.1208966536536273,0.6094162799346932,2,0,0,0
v3_torso_proxy:v3_left_forearm_proxy,1,0.9999999999999999,1.0000000000000009,1.0,0.0,0.3708746693652528,AIR,0.0,-1,0.006426479629141927,0.08662826552805619,0.006395102932000902,UNLOADED,0.10794098152843759,0.0,0.12030000607392105,0.1884955592153876,1.0,0.05012238601588612,0,ok,0.0,0.297192151039495,AIR,0.0,1,0.006406399557934934,0.09705021802798405,0.0034795921525607354,UNLOADED,0.08691679714718092,0.0,0.09392994573440834,0.0,-0.0050000000000000044,0.74,0,staged_v3,0.5290654894677065,2,1.1039882289176934,0.5280694718886426,2,0,0,0
v3_torso_proxy:v3_left_forearm_proxy,2,1.0000000000000002,1.0000000000000009,0.9999999999999999,0.0,0.499437441388623,FLAT,0.0,-1,0.0019467488701654,0.08679270860767255,0.008084337443817292,UNLOADED,0.1854327493388222,0.0,0.11197120125108556,0.18849555921538758,0.9999999999999999,0.05021638425743401,0,ok,0.0,0.40085378117417203,FLAT,0.0,-1,0.0019467332840453157,0.08005559907503818,0.004255959444474408,UNLOADED,0.14936299046541085,0.0,0.09848453186156272,0.0,-0.0050000000000000044,0.735,0,staged_v3,0.45185874557436245,2,1.034624304802251,0.453055123356141,2,0,0,0
v3_torso_proxy:v3_left_forearm_proxy,3,0.9999175087154515,1.0000000000000009,0.49352117167942594,0.0,0.5713161360724394,FLAT,0.0,-1,0.022674071409711526,0.08453435575710845,0.008306075572486141,UNLOADED,0.26166034768514596,0.0,0.1030141561414107,0.0930265492403467,0.49352117167942594,0.05264080823715246,0,ok,0.0,0.4720065208097315,FLAT,0.0,-1,0.011103881893740578,0.06816871697789181,0.004420795940322358,UNLOADED,0.21347436763207472,0.0,0.09789003885822387,0.0,-0.0050000000000000044,0.73,0,staged_v3,0.3814397425697886,2,0.9635489279233425,0.38255342649308743,2,1,0,0
v3_torso_proxy:v3_left_forearm_proxy,4,0.9999999999999996,1.0000000000000009,0.5187669411782718,0.0,0.6513442600335074,FLAT,0.0,-1,0.0038176904550339653,0.07942476691666622,0.00845748724250751,UNLOADED,0.33849538300087545,0.0,0.09321655785371764,0.09778526467985443,0.5187669411782718,0.059785746103009546,0,ok,0.0,0.533653685344207,FLAT,0.0,-1,0.0038176904550339457,0.06027827644460351,0.004613422145731511,UNLOADED,0.27701783722847756,0.0,0.09731345466540013,0.0,-0.0050000000000000044,0.725,0,staged_v3,0.31289905932547424,2,0.8817485283731468,0.3137663396239792,2,0,0,0
v3_torso_proxy:v3_left_forearm_proxy,5,1.0000000000000009,1.0000000000000009,0.596917160847861,0.024363491283679505,0.6946612850132444,FLAT,0.0,-1,0.01685668380116505,0.07346158089131208,0.007485937861833775,SUPPORT,0.4086885251604231,0.0,0.08691729731218596,0.11251623403927902,0.596917160847861,0.06650759854615161,0,ok,0.0,0.5756143583097414,FLAT,0.0,-1,0.009502606329988873,0.05454917861170272,0.004773250440918026,SUPPORT,0.33618763114681016,0.0,0.09520774733701494,0.0,-0.0050000000000000044,0.72,0,staged_v3,0.24579119334053887,2,0.8479011856569999,0.2429558428365313,2,0,0,0
v3_torso_proxy:v3_left_forearm_proxy,6,0.9999999999999997,1.0000000000000009,0.7626793449968259,0.0498601659872109,0.7455481936795458,FLAT,0.0,-1,0.0030104389069553505,0.06738000469701198,0.03533909716457512,SUPPORT,0.44039051209138225,0.0,0.08262719082333828,0.14376166963720222,0.7626793449968259,0.07195106673704081,0,ok,0.011510105434440147,0.6124168831367267,FLAT,0.0,-1,0.004791105203864684,0.04924008225227346,0.033261611104388515,SUPPORT,0.3873594871046624,0.0,0.0918797654152465,0.0,-0.0050000000000000044,0.715,0,staged_v3,0.18576663255566342,2,0.8751429484424417,0.16986269950644484,2,0,0,0
v3_torso_proxy:v3_left_forearm_proxy,7,0.6989210062786594,1.0000000000000009,0.7408773346123821,0.06902708610073878,0.7823283504082006,FLAT,0.0,-1,0.004750121714033253,0.06179369175270019,0.0552967579033889,SUPPORT,0.4423124096731058,0.0,0.07921375159009036,0.1396520874977668,0.7408773346123821,0.07574042568140746,0,ok,0.028338896105836793,0.6386795856732885,FLAT,0.0,-1,0.004750121714035103,0.04577123590943924,0.053501563975692876,SUPPORT,0.4245492850907469,0.0,0.08781268196689872,0.0,-0.0050000000000000044,0.71,0,staged_v3,0.13509561935544842,2,0.9194718402989438,0.1164989972476601,2,0,0,0
v3_torso_proxy:v3_right_forearm_proxy,8,0.44134107778196324,1.0000000000000009,0.7446912773154312,0.08548543524442274,0.8145484667087659,FLAT,0.0,-1,0.005718402176816255,0.057002663072612945,0.06959704670855821,SUPPORT,0.44384992773848464,0.0,0.07604135887316464,0.1403709987603935,0.7446912773154312,0.07776643785764278,0,ok,0.049806915908534574,0.6625078563897121,FLAT,0.0,-1,0.0033612231384060305,0.04337822344713069,0.06800412393252031,SUPPORT,0.42963942807259753,0.0,0.08427735040039125,0.0,-0.0050000000000000044,0.705,0,staged_v3,0.09438711296146539,2,0.9641033251096555,0.08079089847102953,2,0,0,0
v3_torso_proxy:v3_left_forearm_proxy,9,0.23871212296807906,1.0000000000000009,0.32824824100118555,0.10311391128889784,0.8213357321181411,FLAT,0.0,-1,0.007751102712351731,0.0506018006429267,0.07999116083425883,UNLOADING,0.38044279520441543,0.0,0.07032677891243835,0.06187333574898579,0.32824824100118555,0.07847651803324929,0,ok,0.06803400648435266,0.6707100800423571,FLAT,0.0,-1,0.009325257327883097,0.04108998895366211,0.07816924601789445,SUPPORT,0.433711542458078,0.0,0.08133894415702016,0.0,-0.0050000000000000044,0.7,0,staged_v3,0.0678691393971832,2,0.9820690764248288,0.06682611323777152,2,1,0,0
v3_torso_proxy:v3_left_forearm_proxy,10,0.13611893365325625,1.0000000000000009,0.18927696357562904,0.11642443369260629,0.8406776949286023,FLAT,0.0,-1,0.002783448470176209,0.04495320086015706,0.087345346540252,UNLOADING,0.3260938244609275,0.0,0.0653228110902305,0.03567786709577875,0.18927696357562904,0.07869364459978671,0,ok,0.08213229495140671,0.6880517838829052,FLAT,0.0,-1,0.006400275014584751,0.03795363363017718,0.05717892278346744,SUPPORT,0.4369692339664624,0.0,0.0780739889586078,0.0,-0.0050000000000000044,0.695,0,staged_v3,0.06316850978500878,2,0.9901389844606505,0.06480592879784376,2,1,0,0
v3_torso_proxy:v3_left_forearm_proxy,11,0.07834255830001588,1.0000000000000009,0.15087396224264565,0.11613054317365766,0.8645342706300275,FLAT,0.0,-1,0.0010274341029718388,0.03955777264365341,0.09262394086520967,UNLOADING,0.2795089923950807,0.0,0.060328767665253906,0.02843907188396877,0.15087396224264565,0.07899148064631233,0,ok,0.0820487349595998,0.7024393012938938,FLAT,0.0,-1,0.0013635061349821555,0.03479673833030515,0.042074245628811825,SUPPORT,0.43957538717316996,0.0,0.0748528827064385,0.0,-0.0050000000000000044,0.69,0,staged_v3,0.06400327028123035,2,0.997618072180815,0.065741801607648,2,1,0,0
v3_torso_proxy:v3_left_forearm_proxy,12,0.046726860552719955,1.0000000000000009,0.14839742217115154,0.11591719564706102,0.8793679954424282,FLAT,0.0,-1,0.0028084405692245075,0.03449813758653279,0.09634314203621924,UNLOADING,0.2395791363386406,0.0,0.055387604621245326,0.027972255078273167,0.14839742217115154,0.07933648949863309,0,ok,0.08173665818803581,0.7127040438180526,FLAT,0.0,-1,0.0028084405692245075,0.031294376282305046,0.0310996208520904,SUPPORT,0.441660309738536,0.0,0.0712346511836223,0.0,-0.0050000000000000044,0.6849999999999999,0,staged_v3,0.0653251854885625,2,1.0043840474456234,0.06711200650822073,2,1,0,0
v3_torso_proxy:v3_left_forearm_proxy,13,0.04983732858829488,1.0000000000000009,0.14401824679609782,0.11390231279041174,0.8748366747487129,FLAT,0.0,-1,0.011488530590354349,0.033032582278701934,0.09911543166273531,UNLOADING,0.20535354543312054,0.0,0.05236515545505418,0.02714679996705016,0.14401824679609782,0.0799633803121073,0,ok,0.0814837540076205,0.7206235886224979,FLAT,0.0,-1,0.002223517927625285,0.026158266651295236,0.023102886747410716,SUPPORT,0.4433282477908288,0.0,0.06614894922013045,0.0,-0.0050000000000000044,0.6799999999999999,0,staged_v3,0.06707827207191296,2,1.0100566351999896,0.06880377772720449,2,1,0,0
v3_torso_proxy:v3_left_forearm_proxy,14,0.04514998048588028,1.0000000000000009,0.16938067108286278,0.11217373056517858,0.8872476967254536,FLAT,0.0,-1,0.004450690803142677,0.03237403338666792,0.10191173535096237,UNLOADING,0.17601732465696046,0.0,0.050585834903713114,0.031927504316041855,0.16938067108286278,0.08074527741335054,0,ok,0.08119925718499688,0.7256877365011719,FLAT,0.0,-1,0.004450707828776538,0.020878438487590554,0.01789147243329258,SUPPORT,0.444662598232663,0.005016135134074076,0.06086559908625394,0.0,-0.0050000000000000044,0.6749999999999999,0,staged_v3,0.06885633998680507,2,1.0153452966201748,0.0705382151651635,2,1,0,0
v3_torso_proxy:v3_left_forearm_proxy,15,0.04068797174249795,1.0000000000000009,0.25943158905898966,0.11163990627642173,0.8876788037996955,FLAT,0.0,-1,0.011335764346726732,0.030327405252482988,0.10395268192364202,UNLOADING,0.15087199256310896,0.0,0.04868587286818317,0.04890170245781089,0.25943158905898966,0.08249300413507438,0,ok,0.0812007175419199,0.7309243633993869,FLAT,0.0,-1,0.0033948494388926853,0.016563626089948377,0.014157330904854505,SUPPORT,0.4457300785861304,0.009144240455294349,0.05643253207622127,0.0,-0.0050000000000000044,0.6699999999999999,0,staged_v3,0.07379282801931222,2,1.0262531513734996,0.07418130972046434,2,1,0,0
v3_torso_proxy:v3_left_forearm_proxy,16,0.012027362866284055,1.0000000000000009,0.21356573366360107,0.11044246076195932,0.8975309670842743,FLAT,0.0,-1,0.00409324649358568,0.02802567379731631,0.1054723971164712,UNLOADING,0.12931885076837912,0.002247946058507252,0.046008268127166935,0.040256192396165014,0.21356573366360107,0.08417828908422964,0,ok,0.08107527033294315,0.7346396837761136,FLAT,0.0,-1,0.005778660504426832,0.011474354187144115,0.011603223099494287,SUPPORT,0.44658406286890434,0.014105806967830599,0.05132525847886509,0.0,-0.0050000000000000044,0.6649999999999999,0,staged_v3,0.07678980308863825,2,1.0338270462121122,0.07625062543519619,2,1,0,0
v3_torso_proxy:v3_left_forearm_proxy,17,0.0038836166145652007,1.0000000000000009,0.22177200726882948,0.10998963378477301,0.9055553742708792,FLAT,0.0,-1,0.0012723070746537644,0.024532738820583634,0.1064534207290648,UNLOADING,0.11084472923003925,0.005789932215869608,0.04254866702371221,0.041803038528457015,0.22177200726882948,0.08556275994813378,0,ok,0.0810857088223768,0.7374264834197042,FLAT,0.0,-1,0.0012722986353943563,0.006492473202943546,0.00969413109463617,SUPPORT,0.4472672502951235,0.018992233351788262,0.046361528073674635,0.0,-0.0050000000000000044,0.6599999999999999,0,staged_v3,0.07858949438666685,2,1.0393332967765254,0.078460427921506,2,1,0,0
v3_pelvis_proxy:v3_right_hand_proxy,18,0.7207238608254137,0.8999999999999897,0.9999957137360144,0.095107026053743,0.9109181932661765,FLAT,0.0,-1,0.003560751921916745,0.009606522370457917,0.10702605317605238,UNLOADING,0.09500976791146222,0.020744780288344703,0.018385937048975138,0.1884947512736607,0.9999957137360144,0.06491175634784056,0,ok,0.08400448662478144,0.7412923684566975,FLAT,0.0,-1,0.0018912305760972752,0.04084842957411116,0.008283679172246329,SUPPORT,0.4478138002360988,0.0,0.06658218808696884,1.2500000000001399,-0.0044999999999999485,0.6555,0,staged_v3,0.09593388132025976,2,1.0303817279725007,0.09343900123359147,2,1,0,0
v3_pelvis_proxy:v3_right_hand_proxy,19,0.5951944612680405,1.0000000000000009,0.7879987950268681,0.10808488733709311,0.9180071320234874,FLAT,0.0,-1,0.003245655398995559,0.018010010533701284,0.10751169364089133,UNLOADING,0.08143694392411048,0.012365574148343283,0.037392722233093964,0.1485342735296411,0.7879987950268681,0.07959154067006725,0,ok,0.07909074989635793,0.7442471623793505,FLAT,0.0,-1,0.003245658076681975,0.004887533400687827,0.007273046207795014,SUPPORT,0.448251040188879,0.020476118909701926,0.0441708413161536,-1.2500000000001399,-0.0050000000000000044,0.6505,0,staged_v3,0.22156227504915038,2,1.0380111934771366,0.22343992766443507,2,1,0,0
v3_pelvis_proxy:v3_right_hand_proxy,20,0.6367187500000002,0.5093749999999897,0.63671875,0.12735863956774052,0.9275079491039115,FLAT,0.0,-1,0.0009183920626289942,0.045613244045917524,0.10795884297009814,UNLOADING,0.0698030947920947,0.0,0.04230743602139962,0.12001865684417257,0.63671875,0.0421687323353928,0,ok,0.12073684386880569,0.7467585683211114,FLAT,0.0,-1,0.0031730071618147207,0.00842946766398057,0.006551646624493309,SUPPORT,0.4486008321511032,0.01883350877840651,0.006494073552818157,6.132812500000139,-0.0025468749999999485,0.647953125,1,staged_v3,0.28880918040020637,2,1.032557183541645,0.27409691448346574,2,0,1,1
v3_pelvis_proxy:v3_right_hand_proxy,21,0.035156250000000035,0.010876464843745381,0.03515625000000002,0.12121144901124756,0.9106330451439936,FLAT,0.0,-1,0.016947022743383205,0.04444415290969676,0.10699389257143418,UNLOADING,0.059831224107509746,0.0,0.039800338747624966,0.006626797003665974,0.03515625000000002,0.042936126742056296,0,ok,0.1164468996543765,0.7393842001369214,FLAT,0.0,-1,0.009436885017812315,0.005042552432980555,0.005919208610592285,SUPPORT,0.44888066572088253,0.02025340799754906,0.0070376166535013746,6.231231689453054,-5.438232421872691e-05,0.6478987426757813,1,staged_v3,0.2873719234500932,2,1.0272695176141835,0.28668537160903423,2,1,1,1
v3_pelvis_proxy:v3_left_hand_proxy,22,0.2727584490534911,0.21087646484374556,1.0,0.08643307312599299,0.916298399170258,FLAT,0.0,-1,0.004554846339053313,0.02152307399291758,0.10614211743317503,UNLOADING,0.0512839063778655,0.008784031878741171,0.02574129266252465,0.1884955592153876,1.0,0.046105405167714344,0,ok,0.09318747767349436,0.7419302164857167,FLAT,0.0,-1,0.00455484633905288,0.008117644670021556,0.005538420595857664,SUPPORT,0.449104532576706,0.01715927635977133,0.05014054870963264,-2.500000000000002,-0.0010543823242187278,0.6468443603515626,0,staged_v3,0.261240419983194,2,1.0700205408201713,0.13240809034439566,2,0,0,0
v3_pelvis_proxy:v3_left_hand_proxy,23,0.9999999999999997,0.010876464843745381,1.0,0.21046887496154362,0.9124056279033441,FLAT,0.0,-1,0.007230565843540408,0.09632791507527344,0.10553179387704403,UNLOADING,0.04395763403817043,0.0,0.10403424410219746,0.1884955592153876,1.0,0.07266643376776327,0,ok,0.2331659226305261,0.7403629625393965,FLAT,0.0,-1,0.00516869855978248,0.04232350239213421,0.0051213130744231,SUPPORT,0.4492836260613648,0.0,0.02763682017585084,2.500000000000002,-5.438232421872691e-05,0.6467899780273438,0,staged_v3,0.34995216888797004,2,1.0425283022079221,0.35135163546534004,2,1,1,1
v3_pelvis_proxy:v3_left_hand_proxy,24,0.84393310546875,0.21087646484374556,0.84393310546875,0.3177402269501961,0.9171321514648395,FLAT,0.0,-1,0.003930362533330467,0.13792726997979804,0.10509447793949543,UNLOADING,0.03767797203271751,0.0,0.16135506918125478,0.15907764265571073,0.84393310546875,0.06151750141347148,0,ok,0.31397944669146155,0.7387691291410942,FLAT,0.0,-1,0.006096002368745341,0.011035558200061683,0.004884051829416362,SUPPORT,0.4494269008490918,0.014208644391409137,0.027606090633166547,-2.500000000000002,-0.0010543823242187278,0.6457355957031251,1,staged_v3,0.3726282583840158,2,1.031052837705797,0.3416519003543706,2,0,1,1
v3_pelvis_proxy:v3_left_hand_proxy,25,6.103515625021084e-05,6.638467331399056e-07,3.0121298196556686e-05,0.31773290218739675,0.9199599021507933,FLAT,0.0,-1,0.0043270370461208135,0.1379202943788701,0.10478112737762893,UNLOADING,0.03229540459947215,0.0,0.16134768972980154,5.677730947853399e-06,3.0121298196556686e-05,0.061517184647729706,0,ok,0.3139720315464554,0.7402267234877156,FLAT,0.0,-1,0.004327037046121966,0.011033660441226929,0.00471404648503938,SUPPORT,0.44954152067927344,0.014202041883025042,0.02760449247744729,2.6359475124626552,-3.319233665699528e-09,0.6457355923838914,1,staged_v3,0.15047150470393503,2,1.0270884577602137,0.15047150470393503,2,1,1,1
v3_pelvis_proxy:v3_left_hand_proxy,26,0.8812077561048881,0.19999933615326704,0.49114037948615114,0.0,0.9224245573834438,FLAT,0.0,-1,0.003791687612779035,0.1538739298938826,0.10455660188886569,UNLOADING,0.02768177537097613,0.0,0.19740055846183485,0.09257778048449974,0.49114037948615114,0.056214501397642364,0,ok,0.40382061938357017,0.7383433247123435,FLAT,0.0,-1,0.008133958700679999,0.021783448646852305,0.004577531062630825,SUPPORT,0.44963321654341876,0.0034454279062792366,0.061602596336682594,2.500000000000002,0.0009999966807663352,0.6467355890646578,0,staged_v3,0.1298799513583698,2,1.0272294352955988,0.1298799513583698,2,1,1,1
v3_pelvis_proxy:v3_left_hand_proxy,27,1.0000000000000002,6.638467331399056e-07,1.0,0.0,0.918406044328703,FLAT,0.0,-1,0.007978125734040624,0.06283741312066363,0.10415280406904356,SUPPORT,0.18669571620436295,0.0,0.07968792971070249,0.1884955592153876,1.0,0.07472864587426269,0,ok,0.20886601454204018,0.73564264588394,FLAT,0.0,-1,0.007979260901999513,0.042123879882434295,0.0043309343979311375,SUPPORT,0.449706573234735,0.012336902273552695,0.012879644446343864,-2.500000000000002,-3.319233665699528e-09,0.6467355857454241,0,staged_v3,0.2798737786671552,2,1.0244522330780883,0.22399383078918073,2,0,0,0
v3_pelvis_proxy:v3_left_hand_proxy,28,0.7818603515625003,0.19999933615326704,0.7730763268574699,0.0,0.9229421436530951,FLAT,0.0,-1,0.002443503875070534,0.02761593321033288,0.10386347028799958,SUPPORT,0.3147730069111382,0.002577240304067103,0.07014348714520996,0.14572145454717655,0.7730763268574699,0.06745165071668423,0,ok,0.1825951433620201,0.7366563305490333,FLAT,0.0,-1,0.00580556056448699,0.001008948072200728,0.032482256757774226,UNLOADING,0.3854627770583443,0.025615164765687985,0.0408462748590539,2.500000000000002,0.0009999966807663352,0.6477355824261904,1,staged_v3,0.24291731459671748,2,1.0378606755080817,0.24399527982632152,2,1,1,1
v3_pelvis_proxy:v3_left_hand_proxy,29,0.10083007812499993,0.3999993361532672,0.100830078125,0.04151028154068035,0.9161733007799808,FLAT,0.0,-1,0.003816072849126969,0.031249771496102634,0.07534907813758551,SUPPORT,0.42124650295929866,0.0,0.06456501934159772,0.019006021961903097,0.100830078125,0.065121410279419,0,ok,0.18006410068369996,0.7397678299656807,FLAT,0.0,-1,0.0044815307709581784,0.0004532893920769195,0.052653560662657806,UNLOADING,0.3303966660500094,0.027179388641055974,0.03997094393381915,2.500000000000002,0.001999996680766336,0.6497355791069568,1,staged_v3,0.24964418327896676,2,1.0675911635602493,0.2510283442606593,2,1,1,1
v3_pelvis_proxy:v3_left_hand_proxy,30,0.9999999999999999,0.19999933615326704,1.0,0.12107028192903996,0.9234634277643712,FLAT,0.0,-1,0.0022198023049338697,0.024381946670582116,0.05499145434160944,SUPPORT,0.42699720236743893,0.003367626046498356,0.04235886414481281,0.1884955592153876,1.0,0.024735544508670146,0,ok,0.052831970801809146,0.7381431330366526,FLAT,0.0,-1,0.007282199082259637,0.016929941529422832,0.06708262675754839,UNLOADING,0.2831971423285795,0.01142418980845459,0.04403809981278533,-2.500000000000002,0.0009999966807663352,0.6507355757877231,0,staged_v3,0.13070959570162533,2,1.067571450231636,0.11749561017953582,2,0,0,0
v3_pelvis_proxy:v3_left_hand_proxy,31,0.4833458598722959,6.638467331399056e-07,0.7797139759384946,0.14306576298202653,0.9278951945072409,FLAT,0.0,-1,0.00403247026912833,0.010310348329516175,0.04057163283625472,SUPPORT,0.43159776189395116,0.016718233312296563,0.03002702771955413,0.14697262192257982,0.7797139759384946,0.03838943997342836,0,ok,0.07704833323910003,0.7426624622874963,FLAT,0.0,-1,0.0021741933156983087,0.004141930459233137,0.07742150439687617,SUPPORT,0.31655771386286363,0.024729144760610673,0.04449632216343283,-2.500000000000002,-3.319233665699528e-09,0.6507355724684895,0,staged_v3,0.19717965786490615,2,1.0539722908663327,0.19717965786490615,2,1,0,0
v3_pelvis_proxy:v3_right_hand_proxy,32,0.7194213867187499,0.19999933615326704,0.71942138671875,0.21353953839548803,0.9315991193532471,FLAT,0.0,-1,0.0038441176793580305,0.02828203851041966,0.05861872669643317,UNLOADING,0.36994093876624384,0.02091885732228639,0.007012079012535269,0.1356077366010604,0.71942138671875,0.05255662851144416,0,ok,0.04020457275104443,0.7456983248563844,FLAT,0.0,-1,0.003844106552069377,0.023664600256065156,0.08482963394164575,SUPPORT,0.34324617109029093,0.005576881441017131,0.025903032022608363,2.500000000000002,0.0009999966807663352,0.6517355691492558,1,staged_v3,0.17811536752286072,2,1.0399733618985452,0.15500108126339907,2,0,1,1
v3_pelvis_proxy:v3_right_hand_proxy,33,0.6674099367010822,6.638467331399056e-07,0.8448066495284056,0.14665065340373706,0.9360252246484054,FLAT,0.0,-1,0.002900101002873416,0.013656350711728653,0.07177503016146979,UNLOADING,0.317092233228209,0.01493240079634484,0.03285818750629682,0.15924230183173477,0.8448066495284056,0.06404092830228895,0,ok,0.07956767448492402,0.7445921224775733,FLAT,0.0,-1,0.007110718217074576,0.006287761656190157,0.06186723592701218,SUPPORT,0.36459693687223277,0.021805600140160454,0.04337655743240429,-2.500000000000002,-3.319233665699528e-09,0.6517355658300221,0,staged_v3,0.19947167083518325,2,1.0458413276967622,0.20048167928833793,2,1,0,0
v3_pelvis_proxy:v3_right_hand_proxy,34,0.5908673506718398,0.20000066384673332,0.6826680063002303,0.18321196769326353,0.9315911496259446,FLAT,0.0,-1,0.00626422726015211,0.02057582845390272,0.08108707829596715,UNLOADING,0.2717933427670363,0.025677358001395954,0.0033769959134024074,0.12867988760601565,0.6826680063002303,0.012251437677085551,0,ok,0.05895972821362203,0.7458364245135769,FLAT,0.0,-1,0.005316150658963438,0.022972497105445168,0.045495077121785854,SUPPORT,0.3816775494977862,0.0043022567506441275,0.0435442791008227,-2.500000000000002,-0.0010000033192336666,0.6507355625107885,1,staged_v3,0.27881621967015463,2,1.0228690544909456,0.2600111591470097,2,0,1,1
v3_pelvis_proxy:v3_right_hand_proxy,35,0.5696675273473192,0.20000066384673332,0.7869448474212943,0.21933185724880275,0.9315198599193066,FLAT,0.0,-1,0.004459988143509539,0.05012128666084272,0.08782409748526385,UNLOADING,0.23296572237174543,0.005913628765997665,0.02347757610826553,0.14833560908634474,0.7869448474212943,0.04198838425590257,0,ok,0.029583736201497048,0.7464106413130412,FLAT,0.0,-1,0.00445998472235114,0.0036162454230536283,0.0338285564648402,SUPPORT,0.39534203959822894,0.023075182400188386,0.025499547743227498,0.0,-0.0010000033192336666,0.6497355591915548,0,staged_v3,0.2405457991967244,2,0.999466025583795,0.2395211317523701,2,1,0,0
v3_pelvis_proxy:v3_right_hand_proxy,36,0.9999999999999999,6.638467331399056e-07,0.999983235656018,0.20926702536945466,0.9370915552885807,FLAT,0.0,-1,0.0022298711684350407,0.1099581547398796,0.09255707892184667,UNLOADING,0.19968490489006752,0.0,0.07705807196655393,0.18849239921099384,0.999983235656018,0.013574705065265778,0,ok,0.1797417608352619,0.7521370448771288,FLAT,0.0,-1,0.002060634593553955,0.08146353885493829,0.025476895496162555,SUPPORT,0.419569213531711,0.0,0.027009247863663724,2.500000000000002,-3.319233665699528e-09,0.6497355558723211,0,staged_v3,0.27389558310774986,2,1.0110601614191113,0.27557059614325485,2,1,1,1
v3_pelvis_proxy:v3_right_hand_proxy,37,1.0,0.20000066384673332,0.8025116328201554,0.14623573206061657,0.9367131866898282,FLAT,0.0,-1,0.005004123428235749,0.018915762914760437,0.09575778287243808,UNLOADING,0.17115848990577215,0.010872126228861467,0.025854993547285456,0.151269879005289,0.8025116328201554,0.02933838921335269,0,ok,0.0533428219104303,0.7519521373847473,FLAT,0.0,-1,0.00500412578487324,0.006526697029550392,0.01942778989757726,SUPPORT,0.4256553708253688,0.019444692465328473,0.028980987379422268,-2.500000000000002,-0.0010000033192336666,0.6487355525530875,0,staged_v3,0.3357040288523078,2,1.005130000163092,0.3357040288523078,2,1,0,0
v3_pelvis_proxy:v3_right_hand_proxy,38,0.5808105468749999,6.638467331399056e-07,0.5808104095603618,0.2538580125854859,0.9344568212317882,FLAT,0.0,-1,0.0063452586927616374,0.03716793024756594,0.09797591814140036,UNLOADING,0.1467072770620904,0.022684284119861044,0.007214511787208975,0.1094801829481987,0.5808104095603618,0.027404625154937703,0,ok,0.09342995040034714,0.7551827327730405,FLAT,0.0,-1,0.0022599160881298743,0.05451609802195857,0.015098618470377603,SUPPORT,0.43052429666029507,0.0,0.02658635603997665,2.500000000000002,-3.319233665699528e-09,0.6487355492338538,1,staged_v3,0.3401333765067313,2,1.0146807591664455,0.33835288580383827,2,0,1,1
v3_pelvis_proxy:v3_right_hand_proxy,39,0.9937453668649872,0.20000066384673332,0.7168395355733905,0.17110156883065222,0.9411053368873294,FLAT,0.0,-1,0.0014269349014311183,0.01386081148838992,0.09961716405162856,UNLOADING,0.12574909462464892,0.01612004671419151,0.02796402609515652,0.13512106912560498,0.7168395355733905,0.05567250368541499,0,ok,0.06006481539338906,0.7595054179719425,FLAT,0.0,-1,0.00142693961767109,0.0053215160241338435,0.012069093230364559,SUPPORT,0.43441943732823607,0.020281938637384388,0.03653398592589771,-2.500000000000002,-0.0010000033192336666,0.6477355459146201,0,staged_v3,0.2576905743523922,2,1.0346735204157518,0.25668524408682863,2,1,0,0
v3_pelvis_proxy:v3_right_hand_proxy,40,0.5512084960937499,6.638467331399056e-07,0.5512084960937499,0.10886510001366587,0.9326622125491665,FLAT,0.0,-1,0.006516938852953942,0.04336534478709068,0.10076626042229463,UNLOADING,0.10778493824969908,0.0,0.04115172352710683,0.10390035371546419,0.5512084960937499,0.028927242076832643,0,ok,0.06730052385393294,0.7529829887258795,FLAT,0.0,-1,0.007320839358938257,0.006326942964429578,0.009785172202588675,SUPPORT,0.43753554986258886,0.021665745965901803,0.0038235126442276316,2.500000000000002,-3.319233665699528e-09,0.6477355425953865,1,staged_v3,0.30120282340708365,2,1.0120396806242191,0.30170755047314207,2,0,1,1
v3_pelvis_proxy:v3_right_hand_proxy,41,0.0797886212281682,0.19999933615326704,0.12011718749999999,0.11986156899744227,0.9321618503263944,FLAT,0.0,-1,0.005780822128450937,0.04725604900363166,0.1016882200028768,UNLOADING,0.0923870899283135,0.0,0.039941519097483696,0.022641556429192064,0.12011718749999999,0.031477962700914366,0,ok,0.07738215811623995,0.7552613398969574,FLAT,0.0,-1,0.0017615922471024789,0.0054533521402164616,0.008102535934651975,SUPPORT,0.44002843989007107,0.02191370661124361,0.0034914201854889916,2.500000000000002,0.0009999966807663352,0.6487355392761528,1,staged_v3,0.25824225795217276,2,1.0205963008840944,0.25824225795217276,2,1,0,0
v3_pelvis_proxy:v3_right_hand_proxy,42,0.8140049577304698,6.638467331399056e-07,0.590217349431651,0.13611610384389258,0.937928891691702,FLAT,0.0,-1,0.0015079440973846485,0.012010231783955817,0.10228073085837058,UNLOADING,0.07918893422426872,0.018103804758962713,0.028651100864856203,0.1112533493397429,0.590217349431651,0.05201406866416913,0,ok,0.06855867831420526,0.7584411876914611,FLAT,0.0,-1,0.0015079540490068374,0.017829292442931487,0.006981225976635037,SUPPORT,0.44202275191205687,0.007519768855900267,0.04767158022019498,-2.500000000000002,-3.319233665699528e-09,0.6487355359569191,0,staged_v3,0.08607957942605075,2,1.0403996266352944,0.08744030253662373,2,1,0,0
v3_torso_proxy:v3_left_forearm_proxy,43,0.2100207408569943,0.20000066384673332,0.8513182787252292,0.15177499125636795,0.9390163884599168,FLAT,0.0,-1,0.0034314415651646936,0.003235425115561537,0.10261749324837181,UNLOADING,0.06787622933508747,0.026895449546857058,0.02067721063431928,0.1604697150185933,0.8513182787252292,0.07540754334416602,0,ok,0.06886639068094619,0.7532142927714006,FLAT,0.0,-1,0.007698583390988134,0.029092921260549253,0.006017864072523889,SUPPORT,0.4436182015296455,0.0,0.05570139968814279,-2.500000000000002,-0.0010000033192336666,0.6477355326376855,0,staged_v3,0.12095597433459983,2,1.0536834843016056,0.10803319530323012,2,0,0,0
v3_torso_proxy:v3_left_forearm_proxy,44,0.3805904623295114,0.38803775336790913,0.6178522474253378,0.14810162420443393,0.9392403191880667,FLAT,0.0,-1,0.002280712475628654,0.012146081429694647,0.10391516006453927,UNLOADING,0.05817962514436069,0.018049676573532316,0.03049041286114674,0.11646240489092308,0.6178522474253378,0.08180404995091112,0,ok,0.07771642924140046,0.7504520176098263,FLAT,0.0,-1,0.007085431089591303,0.0018263855088112542,0.005234886221219406,SUPPORT,0.4448945612237164,0.023435358802249718,0.03949111502089285,-2.3504636190146977,-0.0019401887668395457,0.6457953438708459,1,staged_v3,0.1083491197318608,2,1.054125087145483,0.09171112332368359,2,0,0,0
v3_torso_proxy:v3_left_forearm_proxy,45,0.11110207580618262,0.5880377533679093,0.4073368365867515,0.14809921826000416,0.9400902121042933,FLAT,0.0,-1,0.003766632372422456,0.01179880699449529,0.10483085121963799,UNLOADING,0.04986825012373773,0.018442735566486613,0.03019608301420789,0.07678118480144669,0.4073368365867515,0.08498025303692681,0,ok,0.07634336027119644,0.7518108904212093,FLAT,0.0,-1,0.0037669297247035004,0.0019447661583972585,0.004670564453748922,SUPPORT,0.4459156489789731,0.02328876206429019,0.041264301354542815,-2.500000000000002,-0.0029401887668395466,0.6428551551040064,0,staged_v3,0.12044771448665337,2,1.0535840801842733,0.09539199340591561,2,0,0,0
v3_torso_proxy:v3_left_forearm_proxy,46,0.1936832790696977,0.738037753367915,0.42699627265239887,0.14459025815492324,0.9405525895550806,FLAT,0.0,-1,0.0026791266971339894,0.007318618414390261,0.10550384982817548,UNLOADING,0.0427442143917752,0.022956574077018514,0.026672345809537302,0.08048690119650004,0.42699627265239887,0.08176080416315351,0,ok,0.060584900436836134,0.7494146781100723,FLAT,0.0,-1,0.005512677017162539,0.011621437013746207,0.004423329457400046,SUPPORT,0.4467325191831785,0.013599729459123796,0.042247237501367774,-1.875000000000071,-0.003690188766839575,0.6391649663371668,0,staged_v3,0.09129464042765303,2,1.0466248509661442,0.08972542838996007,2,1,0,0
v3_pelvis_proxy:v3_right_hand_proxy,47,0.1419067382812501,0.5380377533679148,0.14190673828125003,0.1653625634852202,0.9300874253295675,FLAT,0.0,-1,0.00444954100638206,0.003625429366600646,0.10604147872727505,UNLOADING,0.03663789805009303,0.02667664456976311,0.020604352598823844,0.026748789988755878,0.14190673828125003,0.07942171707483998,0,ok,0.0150397407518209,0.7507905818587703,FLAT,0.0,-1,0.004104616084956214,0.011084090498000312,0.0043192209292842575,SUPPORT,0.4473860153465428,0.0141318705484639,0.031092011862371614,2.500000000000002,-0.002690188766839574,0.6364747775703272,1,staged_v3,0.21497062338384626,2,1.0390089609286801,0.1444882690656633,2,0,1,1
v3_pelvis_proxy:v3_right_hand_proxy,48,0.5715942382812501,0.19322043214664575,0.57159423828125,0.04242616921476163,0.9279095601066344,FLAT,0.0,-1,0.0067734030066785335,0.04748322508365235,0.10644669328802922,UNLOADING,0.03140391261436545,0.0,0.0853443498212845,0.10774297558911773,0.57159423828125,0.05085084091483519,0,ok,0.11467741972249547,0.7510891447628104,FLAT,0.0,-1,0.0047134383716487,0.014150574474826417,0.004191529054445879,SUPPORT,0.49455685306332964,0.020887309741181373,0.004322266711540922,4.310216515265863,-0.0009661021607332287,0.635508675409594,1,staged_v3,0.24278135909068102,2,0.996565329909339,0.23149083728842504,2,0,1,1
v3_pelvis_proxy:v3_left_hand_proxy,49,0.9999999999999999,0.006779567853354429,0.9999837166555033,0.15944601208674533,0.9296233204640887,FLAT,0.0,-1,0.00262347474384496,0.02481764490373987,0.10664520647466721,SUPPORT,0.11512313009149237,0.005514615419993492,0.048609792559081606,0.1884924898772608,0.9999837166555033,0.02692909052241383,0,ok,0.08401234705178386,0.7487159481959669,FLAT,0.0,-1,0.0047650620425344495,0.06004356160445887,0.004198386774861661,SUPPORT,0.4881915883399968,0.0,0.041338659844279105,2.500000000000002,3.3897839266772145e-05,0.6355425732488608,0,staged_v3,0.21010639431843253,2,1.0359993287574576,0.18132907225132985,2,0,0,0
v3_pelvis_proxy:v3_left_hand_proxy,50,0.6368408203125,0.2067795678533546,0.5891003913422668,0.20174730334764746,0.9303787065708501,FLAT,0.0,-1,0.0027859706346256745,0.00036781543180425,0.10678744321567121,UNLOADING,0.09867696864985061,0.029971556728979314,0.015432369587496502,0.11104280770006426,0.5891003913422668,0.03530480912867069,0,ok,0.08192878346381387,0.7489372580894278,FLAT,0.0,-1,0.002785967216337886,0.05795835560059603,0.03255016948900295,UNLOADING,0.4184499328628544,0.0,0.06450600644997552,2.500000000000002,0.001033897839266773,0.6365764710881275,1,staged_v3,0.2854223726599429,2,1.0415135335715453,0.2854223726599429,2,1,1,1
v3_pelvis_proxy:v3_left_hand_proxy,51,1.0,0.4067795678533548,0.700265562775029,0.09410753648497397,0.9205457500057066,FLAT,0.0,-1,0.012903834323943828,0.009221627626664605,0.0779699832310763,UNLOADING,0.08458026914742646,0.01967687153488921,0.029342514391854438,0.1319969488545572,0.700265562775029,0.05940083719758078,0,ok,0.17390129886511183,0.7475793624025795,FLAT,0.0,-1,0.006461773693795181,0.012779805152879659,0.024958912806492786,UNLOADING,0.3657758429115101,0.013468140487444984,0.0585176722408017,2.500000000000002,0.002033897839266774,0.6386103689273943,0,staged_v3,0.15165558837556248,2,1.0582867708431782,0.14225360573945287,2,1,1,1
v3_pelvis_proxy:v3_left_hand_proxy,52,0.28881835937499994,0.606779567853355,0.2121338263675328,0.15542347943776716,0.9242667016940466,FLAT,0.0,-1,0.004710858318785565,0.001463416495060114,0.057321357576530146,UNLOADING,0.076099661965964,0.026402651383766396,0.019285761776934765,0.039986284229648034,0.2121338263675328,0.060341878532228846,0,ok,0.17251972569808557,0.7489672990760691,FLAT,0.0,-1,0.004710855024644357,0.024228274346421042,0.023756351645102897,UNLOADING,0.3135227337177581,0.0019595432358341033,0.07381860684627814,2.500000000000002,0.003033897839266775,0.6416442667666611,1,staged_v3,0.11779841906516851,2,1.049884832999713,0.11943677869110332,2,1,1,1
v3_torso_proxy:v3_left_forearm_proxy,53,0.9999999999999999,0.8067795678533551,0.8251633034881454,0.182454617690362,0.9263444355320646,FLAT,0.0,-1,0.005436963509692026,0.01171862658821032,0.0427243446287412,SUPPORT,0.1508797295727712,0.015417590643226741,0.01540797832860107,0.15553961833501456,0.8251633034881454,0.08061377391823027,0,ok,0.05067585331336485,0.7493635234786273,FLAT,0.0,-1,0.004760489231932871,0.010253021001076248,0.022945291827196637,SUPPORT,0.34081818697420646,0.015894243590283585,0.032042543435793824,2.500000000000002,0.004033897839266776,0.6456781646059279,0,staged_v3,0.09427789096307829,2,1.0544833645043876,0.090910238240258,2,0,1,1
v3_pelvis_proxy:v3_right_hand_proxy,54,0.9999999999999997,1.0000000000000009,1.0,0.13005376927365495,0.9317660851611491,FLAT,0.0,-1,0.002606506730454604,0.08795982425751878,0.060698875933443176,UNLOADING,0.12932548249094675,0.0,0.06847968846852029,0.1884955592153876,1.0,0.063460982200441,0,ok,0.21321903435646367,0.7500806171074463,FLAT,0.0,-1,0.0033399803575923587,0.07320421660568172,0.05082527612519212,SUPPORT,0.36265454957936516,0.002212671181697528,0.02532859262456208,2.415255401833072,0.0050000000000000044,0.6506781646059279,0,staged_v3,0.20329405451291419,2,1.0424574506543787,0.2005764463943015,2,1,1,1
v3_pelvis_proxy:v3_right_hand_proxy,55,1.0000000000000002,0.8000000000000007,0.9273661612624342,0.13452666326102564,0.9347575727188584,FLAT,0.0,-1,0.0027147342516069197,0.009979911054714703,0.07357819040615089,UNLOADING,0.11085041356366865,0.018698998465592843,0.026582587069958547,0.17480440316458987,0.9273661612624342,0.07456718391020851,0,ok,0.10307501033147527,0.7520078259637988,FLAT,0.0,-1,0.002714726931250877,0.008255055299837156,0.04245528915119352,SUPPORT,0.3801236396634921,0.018867709157722522,0.04023241728318076,-2.500000000000002,0.0040000000000000036,0.6546781646059279,0,staged_v3,0.3217940949932404,2,1.0379534518623241,0.3217940949932404,2,1,0,0
v3_torso_proxy:v3_left_forearm_proxy,56,0.3322590207769995,0.6000000000000005,0.5463328486869213,0.14479729116315004,0.932925849985399,FLAT,0.0,-1,0.006373562394896802,0.021446815827027954,0.08280662248457211,UNLOADING,0.09501464019743028,0.0076935152972006544,0.038633009155715534,0.10298131583097697,0.5463328486869213,0.08569750838975441,0,ok,0.0888156488656011,0.7543325554627186,FLAT,0.0,-1,0.0006247909298765783,0.004622863239396415,0.03637309897941117,SUPPORT,0.3940989117307937,0.022195791709574145,0.04434251544398826,-2.500000000000002,0.0030000000000000027,0.6576781646059279,0,staged_v3,0.24881022971415329,2,1.0533522393333976,0.24759028382685885,2,0,0,0
v3_torso_proxy:v3_left_forearm_proxy,57,0.012569894677327343,0.40000000000000036,0.26985965110571475,0.1478621546297873,0.93372573797734,FLAT,0.0,-1,0.0040239751787289404,0.025521842465932257,0.08941908301626447,UNLOADING,0.08144112016922596,0.003949111684880966,0.04268413287771604,0.050867345844841094,0.26985965110571475,0.08517598796140813,0,ok,0.0816175352500559,0.7541381079464998,FLAT,0.0,-1,0.004025224043981764,0.005971822143865078,0.03207327662553568,SUPPORT,0.40527912938463495,0.02063184168741171,0.04562873816711604,-2.500000000000002,0.0020000000000000018,0.6596781646059279,0,staged_v3,0.09248207866427212,2,1.0531904298701362,0.08205463848956544,2,0,0,0
v3_torso_proxy:v3_left_forearm_proxy,58,0.01018767748212388,0.20000000000000018,0.1996231278160842,0.1475778799868637,0.9276650069962766,FLAT,0.0,-1,0.009641865650945028,0.02593332189006645,0.09422976276609547,UNLOADING,0.0698066744307651,0.003778166248238325,0.04313379096105337,0.03762807311001759,0.1996231278160842,0.08485044143338952,0,ok,0.08152321674257354,0.7480915263692085,FLAT,0.0,-1,0.00825695994842172,0.007087541237051288,0.02899393588122496,SUPPORT,0.414223303507708,0.01936215555700996,0.04663023456552084,-2.500000000000002,0.0010000000000000009,0.6606781646059279,0,staged_v3,0.07964171901773633,2,1.0528869834324102,0.08142998580869266,2,0,0,0
v3_torso_proxy:v3_left_forearm_proxy,59,0.004252772208148606,0.0,0.15592497671649366,0.14762592133924568,0.9259673823871444,FLAT,0.0,-1,0.007617762503978416,0.02585580871322684,0.09770835007838369,UNLOADING,0.05983429236922723,0.004029608790692345,0.04305155942058196,0.029391165681821763,0.15592497671649366,0.08461152997108579,0,ok,0.08225963633748636,0.7048397376172929,FLAT,0.0,-1,0.03779667881657457,0.007076001203383871,0.026094237302173376,SUPPORT,0.4213786428061664,0.0192287106617248,0.046843127583257635,-2.500000000000002,0.0,0.6606781646059279,0,staged_v3,0.07936676725580195,2,1.0526886581900992,0.08123967093685562,2,0,0,0
v3_torso_proxy:v3_left_forearm_proxy,60,0.007252234131693712,0.20000000000000018,0.12397739904396332,0.14786547534683703,0.9193331191695189,FLAT,0.0,-1,0.011448100149642128,0.026046045699755778,0.10025097080497006,UNLOADING,0.05128653631648048,0.003966502840492728,0.04319757117602825,0.023369189162861126,0.12397739904396332,0.08436735869551087,0,ok,0.08155952801613091,0.6794423012595199,FLAT,0.0,-1,0.03381243200178919,0.00617397357475653,0.02110021377904324,SUPPORT,0.42710291424493313,0.019881037114195633,0.04585183843542029,-2.500000000000002,-0.0010000000000000009,0.6596781646059279,0,staged_v3,0.0837353444652048,2,1.0525803512408551,0.08189259234029664,2,0,0,0
v3_torso_proxy:v3_left_forearm_proxy,61,0.008933854305061755,0.40000000000000036,0.09816636242699499,0.14780175301204446,0.9122998424561688,FLAT,0.0,-1,0.012267149109859831,0.02401988517288387,0.10106442498728138,UNLOADING,0.04395988827126898,0.006033336076480197,0.041260860948390925,0.018503923381816834,0.09816636242699499,0.08399402390597727,0,ok,0.08106181102759938,0.6986832528916953,FLAT,0.0,-1,0.0018791153640480872,0.0056729777150725256,0.01727672449381596,SUPPORT,0.43168233139594653,0.020190858509618274,0.045474596536192305,-2.500000000000002,-0.0020000000000000018,0.6576781646059279,0,staged_v3,0.08423201948227557,2,1.0524616442117711,0.08213312743489916,2,0,0,0
v3_pelvis_proxy:v3_right_hand_proxy,62,0.8113615645274136,0.6000000000000005,0.9664897757543265,0.14008460169201511,0.9150229243808512,FLAT,0.0,-1,0.006016640362797649,0.003068764663107089,0.10276769487126126,UNLOADING,0.03767990423251627,0.027069620080455978,0.016325520399141768,0.18217903075676634,0.9664897757543265,0.06856343225070867,0,ok,0.07182070316993848,0.7084070701688041,FLAT,0.0,-1,0.006016469949223648,0.044891766875031394,0.014351025951491313,SUPPORT,0.4353458651167572,0.0,0.06499642641577297,-2.500000000000002,-0.0030000000000000027,0.6546781646059279,1,staged_v3,0.08781271172139658,2,1.044858939596696,0.08643357153843864,2,1,0,0
v3_pelvis_proxy:v3_right_hand_proxy,63,0.6467474111453756,0.8000000000000007,0.681828339516741,0.14911156489647973,0.9252690454020451,FLAT,0.0,-1,0.0008878400359994706,0.023809825407687717,0.10399019480446035,UNLOADING,0.032297060770728234,0.0063896843325353045,0.04193774865275232,0.12852161414610727,0.681828339516741,0.07765006262022628,0,ok,0.07902550233913283,0.7203648400312743,FLAT,0.0,-1,0.0012028406107678139,0.006403716788368662,0.012239450378788125,SUPPORT,0.43827669209340575,0.019208255730570747,0.04599993480134129,-2.500000000000002,-0.0040000000000000036,0.6506781646059279,0,staged_v3,0.2047736729092584,2,1.0465756440644762,0.20576130635109197,2,1,0,0
v3_pelvis_proxy:v3_right_hand_proxy,64,1.0000000000000002,0.6000000000000005,1.0,0.0,0.9277291730057373,FLAT,0.0,-1,0.0035181062691927775,0.07643091278862023,0.10496885572498812,UNLOADING,0.027683194946338488,0.0,0.07113218551753617,0.1884955592153876,1.0,0.022709443649415614,0,ok,0.2295336717320489,0.7249941398466206,FLAT,0.0,-1,0.0068084847077660585,0.039048192898758716,0.01127576045063489,SUPPORT,0.4406213536747246,0.002662472235352452,0.022901315787179292,2.500000000000002,-0.0030000000000000027,0.6476781646059279,0,staged_v3,0.290902373006143,2,1.0441570488192724,0.2886878324841385,2,0,1,1
v3_pelvis_proxy:v3_right_hand_proxy,65,0.31231689453125006,0.40000000000000036,0.31231689453125,0.0,0.9291430134309869,FLAT,0.0,-1,0.0032041468150822375,0.07246136756409575,0.1056612526230071,SUPPORT,0.18834027571026146,0.0,0.061697525080030485,0.0588703476870812,0.31231689453125,0.029870225063334033,0,ok,0.23629837635615827,0.7306913171375028,FLAT,0.0,-1,0.003205314585104005,0.009181523513199293,0.010576402149454359,SUPPORT,0.4424970829397797,0.016347296594273426,0.017106789843759396,2.500000000000002,-0.0020000000000000018,0.6456781646059279,1,staged_v3,0.38519819584819615,2,1.0353148859953614,0.38687237481542497,2,1,1,1
v3_pelvis_proxy:v3_right_hand_proxy,66,1.0000000000000002,0.20000000000000018,1.0,0.0,0.9332994595548445,FLAT,0.0,-1,0.002167153522352825,0.03278150458901185,0.10624114221992723,SUPPORT,0.3175011523559086,0.017440747309077926,0.012871309801918435,0.1884955592153876,1.0,0.04536039067964989,0,ok,0.04848907605207766,0.7232172872231764,FLAT,0.0,-1,0.01341184305301958,0.011864799150968643,0.038389881179459746,UNLOADING,0.3792832139483826,0.015054694908004346,0.033508762225313536,2.500000000000002,-0.0010000000000000009,0.6446781646059279,0,staged_v3,0.11220509693010314,2,1.0368894607064494,0.11220509693010314,2,1,1,1
v3_pelvis_proxy:v3_right_hand_proxy,67,0.9999999999999999,0.0,0.77897962718479,0.21230617422660494,0.9366315398598495,FLAT,0.0,-1,0.0027351917318848332,0.053785365646427295,0.07827541104956884,SUPPORT,0.42666418609979273,0.0,0.07804539608701505,0.14683420044359113,0.77897962718479,0.03837512022267649,0,ok,0.22254861925296912,0.731610376920255,FLAT,0.0,-1,0.002735200736456282,0.006219588002830571,0.0582963179036774,UNLOADING,0.36352831176124084,0.0216952278923533,0.03567886181855558,2.500000000000002,0.0,0.6446781646059279,0,staged_v3,0.19213688487491964,2,1.042746681128577,0.19385213369215412,2,1,1,1
v3_pelvis_proxy:v3_right_hand_proxy,68,0.9984370661096372,0.20000000000000018,0.388249881945291,0.06821810698823798,0.9385233044969546,FLAT,0.0,-1,0.0018952537632188206,0.003568291261580832,0.05831689653582507,SUPPORT,0.4313313488798342,0.024347553565210425,0.024206395919962483,0.07318337861258584,0.388249881945291,0.04725099801292515,0,ok,0.09889742746974059,0.7370996607128895,FLAT,0.0,-1,0.004108452539711284,0.01001745339595728,0.07257717738131242,UNLOADING,0.3115956957953493,0.01861140547310834,0.04769253674122123,-2.500000000000002,-0.0010000000000000009,0.6436781646059279,0,staged_v3,0.20585830152001167,2,1.040509891946392,0.206832120857598,2,1,0,0
v3_pelvis_proxy:v3_left_hand_proxy,69,0.48010064796928775,0.40000000000000036,1.0,0.06558673951885413,0.9247542339058228,FLAT,0.0,-1,0.014077502551812376,0.020923305240763277,0.04322616920346753,SUPPORT,0.4350650791038674,0.0062380032194101,0.04517611083912318,0.1884955592153876,1.0,0.02521192884295971,0,ok,0.05319508428855119,0.7351137077729024,FLAT,0.0,-1,0.007155505153148267,0.009970011417515572,0.08279039566538879,UNLOADING,0.26708202496744227,0.01916950836575387,0.025916106016796156,-2.500000000000002,-0.0020000000000000018,0.6416781646059279,0,staged_v3,0.11064864528823593,2,1.0575451530149622,0.10532660209080733,2,0,0,0
v3_pelvis_proxy:v3_left_hand_proxy,70,0.4396362304687501,0.20000000000000018,0.43963623046875,0.08969210947951417,0.9278898844420236,FLAT,0.0,-1,0.00439001885257837,0.02535815779423295,0.03242975492964027,SUPPORT,0.43805206328309393,0.0012633299522490649,0.04866546203646881,0.08286947711355205,0.43963623046875,0.03398251108269379,0,ok,0.03892345387413012,0.7394339327844389,FLAT,0.0,-1,0.004390018852581375,0.016857256430179365,0.09012504929818804,SUPPORT,0.3036656199739538,0.027006032142846127,0.002500220322063277,2.500000000000002,-0.0010000000000000009,0.6406781646059279,1,staged_v3,0.22837345724080488,2,1.0331949608251356,0.22837345724080488,2,1,1,1
v3_pelvis_proxy:v3_right_hand_proxy,71,1.0000000000000002,0.0,1.0000000000000002,0.23020696043792202,0.9229643103603974,FLAT,0.0,-1,0.00827416209156312,0.10983260513933849,0.0533949916646405,UNLOADING,0.3754731970997948,0.0,0.07486876176485747,0.18849555921538763,1.0000000000000002,0.03771998928631823,0,ok,0.15710680647775063,0.7284074502406136,FLAT,0.0,-1,0.016755797488844572,0.023492017797834035,0.09483907805207611,SUPPORT,0.332932495979163,0.0075718917491579656,0.02217006215344584,2.500000000000002,0.0,0.6406781646059279,0,staged_v3,0.2170586114803024,2,1.017327996844123,0.11719527113633368,2,0,1,1
v3_torso_proxy:v3_left_forearm_proxy,72,1.0000000000000002,0.20000000000000018,1.0,0.1619249638528979,0.9240080994564955,FLAT,0.0,-1,0.004452389029625564,0.020241241882224942,0.06828682708407423,UNLOADING,0.3218341689426813,0.008173099471978772,0.021735053186279066,0.1884955592153876,1.0,0.07266441236852125,0,ok,0.16960999363416748,0.7317787093877113,FLAT,0.0,-1,0.004452379327246409,0.06682721376081241,0.0698528325668852,SUPPORT,0.3563459967833304,0.0030527409185467543,0.025439900709797507,2.500000000000002,0.0010000000000000009,0.6416781646059279,0,staged_v3,0.3264263403948225,2,1.002319805971644,0.2508964480111368,2,0,0,0
v3_pelvis_proxy:v3_left_hand_proxy,73,0.19531249999999994,0.40000000000000036,0.19531249999999997,0.11564168450183282,0.9251974736593679,FLAT,0.0,-1,0.0019495011774978818,0.01642958215877132,0.07874690118145161,UNLOADING,0.27585785909372684,0.02047237661053465,0.008464968448537934,0.03681553890925539,0.19531249999999997,0.06976142125946307,0,ok,0.13363714384970404,0.7390362521115533,FLAT,0.0,-1,0.0007573931942398699,0.04116031257836841,0.051949405343062915,SUPPORT,0.37507679742666433,0.001163584745995823,0.026433885521157323,2.500000000000002,0.0020000000000000018,0.6436781646059279,1,staged_v3,0.3069665703732866,2,1.0313164252318174,0.3075090561537988,2,1,1,1
v3_pelvis_proxy:v3_left_hand_proxy,74,0.6971435546874998,0.6000000000000005,0.6971435546875001,0.11353599058226828,0.9288241527477463,FLAT,0.0,-1,0.003853648185919904,0.07175546850528525,0.08622290188243847,UNLOADING,0.23644959350890873,0.0,0.03160482988548862,0.13140846419422347,0.6971435546875001,0.04839997060001772,0,ok,0.09097976364996634,0.7321808454211968,FLAT,0.0,-1,0.013388876778330575,0.0011804927642205991,0.0385572435723941,SUPPORT,0.39006143794133147,0.025747369414399108,0.01856988568603743,2.500000000000002,0.0030000000000000027,0.6466781646059279,1,staged_v3,0.19674059629473245,2,1.0538964959036405,0.1938077235170427,2,1,1,1
v3_pelvis_proxy:v3_left_hand_proxy,75,0.7437668308659127,0.6333546616549279,0.8524169921875,0.060461301143246486,0.9321623897665985,FLAT,0.0,-1,0.003141613114012909,0.0706353123894799,0.09161376997672732,UNLOADING,0.2026710801504932,0.0,0.04143572139381621,0.1606768176270815,0.8524169921875,0.009991006033781773,0,ok,0.027203896701919403,0.7378120356725602,FLAT,0.0,-1,0.003141624525878521,0.006159035012013307,0.02896134034744058,SUPPORT,0.40204915035306515,0.020505777781090462,0.005942289236281567,0.41693327068659247,0.0031667733082746397,0.6498449379142025,1,staged_v3,0.21505531821874208,2,1.0775820014708877,0.1466786259959652,2,0,1,1
v3_torso_proxy:v3_left_forearm_proxy,76,1.0,0.43335466165492775,1.0,0.06218074655275557,0.9279607321627243,FLAT,0.0,-1,0.006971970925080333,0.008046197374821196,0.09546244158204346,SUPPORT,0.2521368641203946,0.02172692470428098,0.02311158479214545,0.1884955592153876,1.0,0.07065665623684732,0,ok,0.09816791887871533,0.7323259104865691,FLAT,0.0,-1,0.009411043463743359,0.006036765497817804,0.02206320485724561,SUPPORT,0.42817252302038067,0.02006639474504448,0.03226566800300736,-2.500000000000002,0.0021667733082746388,0.6520117112224771,0,staged_v3,0.2383917542810462,2,1.0474010957473072,0.22239668802761597,2,0,0,0
v3_torso_proxy:v3_left_forearm_proxy,77,0.43620616783706595,0.23335466165492758,0.7556142543126251,0.03924667402695725,0.9315720681643216,FLAT,0.0,-1,0.0033609032146740187,0.0051737862144539655,0.09818052317084956,SUPPORT,0.2917094912963157,0.024735239944088515,0.024413890051584716,0.14242993141777638,0.7556142543126251,0.07353036141209125,0,ok,0.07736735084985959,0.7386615462650008,FLAT,0.0,-1,0.0033613565445955347,0.009594330452630414,0.045404790457361385,UNLOADING,0.36700501973175487,0.017675909070237656,0.0476425222396783,-2.500000000000002,0.0011667733082746379,0.6531784845307518,0,staged_v3,0.3331701724412752,2,1.0549280900543965,0.33462834296179206,2,1,0,0
v3_torso_proxy:v3_left_forearm_proxy,78,0.15499879051961146,0.0333546616549274,0.5797494354331738,0.03691833187001244,0.923781954399707,FLAT,0.0,-1,0.010102179918151452,0.00708209632709135,0.07115366905914344,SUPPORT,0.32604322935532865,0.021475587125865822,0.02576143777447535,0.10928019403678135,0.5797494354331738,0.08144834934338385,0,ok,0.0775705346865836,0.7422453016329255,FLAT,0.0,-1,0.004184403151028519,0.011949871442281792,0.06228524439612129,UNLOADING,0.3236475916900326,0.016164390777524275,0.04945981539382828,-2.500000000000002,0.000166773308274637,0.6533452578390264,0,staged_v3,0.20784280061595622,2,1.0553646859948398,0.20959038569102414,2,0,0,0
v3_torso_proxy:v3_left_forearm_proxy,79,0.14559912609109382,0.16664533834507278,0.1590649933393068,0.03743777861597847,0.926937373196473,FLAT,0.0,-1,0.0036728701197807903,0.004639465957600398,0.05301084806740354,SUPPORT,0.36261270452362204,0.02301107644576978,0.024931443531721432,0.029983044871084538,0.1590649933393068,0.08164885157035948,0,ok,0.07677533628846218,0.7455194347785721,FLAT,0.0,-1,0.0036728672974961746,0.012461379620028457,0.07464264053909622,UNLOADING,0.2862915028646529,0.016270752406926357,0.05012663553289726,-2.500000000000002,-0.0008332266917253639,0.652512031147301,0,staged_v3,0.07674302311210755,2,1.0527625909603568,0.07842662786456846,2,1,0,0
v3_torso_proxy:v3_left_forearm_proxy,80,0.9999999999999999,0.0333546616549274,0.13562662808016987,0.062064817475653705,0.9317507692262216,FLAT,0.0,-1,0.0017696575998917756,0.03620096467501664,0.040093998391873775,SUPPORT,0.39220240664729755,0.0,0.027495714346620813,0.025565017104469012,0.13562662808016987,0.07935297667654055,0,ok,0.03083963502591076,0.7482058536933541,FLAT,0.0,-1,0.0034956163420918405,0.021606853735372612,0.08341838153026111,SUPPORT,0.31903320229172233,0.007564065341140444,0.025773180904503482,2.500000000000002,0.000166773308274637,0.6526788044555757,0,staged_v3,0.07693138012702225,2,1.0526192647168469,0.07856429118564862,2,1,1,1
v3_torso_proxy:v3_left_forearm_proxy,81,0.9088666632346619,0.16664533834507278,0.23379881070456524,0.03335169480986709,0.9381583442888464,FLAT,0.0,-1,0.001290218037960949,0.010797010172561051,0.0593527155063905,SUPPORT,0.40376192531783806,0.017170625602758477,0.02811135135528362,0.04407003756764957,0.23379881070456524,0.08074562185513573,0,ok,0.07804313044308415,0.7421958328394608,FLAT,0.0,-1,0.008733145282042897,0.002291619446801449,0.08973731404438337,SUPPORT,0.3475889582767333,0.02719524625541772,0.04179645496788624,-2.500000000000002,-0.0008332266917253639,0.6518455777638503,0,staged_v3,0.07520631379208001,2,1.0508504973222195,0.07633148292652163,2,1,0,0
v3_pelvis_proxy:v3_left_hand_proxy,82,0.5126711713706471,0.36664533834507296,1.0000000000000002,0.05906357155206686,0.9343497957933926,FLAT,0.0,-1,0.005674348869656578,0.019162944757875663,0.07299159441134598,SUPPORT,0.4340268468863681,0.009486634962691639,0.043300928603820024,0.18849555921538763,1.0000000000000002,0.04725903259274633,0,ok,0.049097361024324215,0.7417673205869183,FLAT,0.0,-1,0.005674347706182408,0.02659146455819246,0.09418705702958967,SUPPORT,0.36807116662138667,0.003117888293287026,0.046586977749483685,-2.500000000000002,-0.0018332266917253648,0.650012351072125,0,staged_v3,0.10581377384248976,2,1.0649372198034486,0.09444479544697044,2,0,0,0
v3_pelvis_proxy:v3_left_hand_proxy,83,0.2734198494460675,0.46664533834506194,0.6856319854432925,0.03537626140103815,0.9369137255887258,FLAT,0.0,-1,0.002122847939726572,0.0025307330215106833,0.08271570871800366,SUPPORT,0.4372214775090945,0.026605052414389502,0.022563288774452447,0.12923858451208992,0.6856319854432925,0.05281180243574732,0,ok,0.07257388001532813,0.7484577028850968,FLAT,0.0,-1,0.0002783665811755148,0.014446405644507762,0.09739734299809465,SUPPORT,0.38445693329710934,0.015423461505396974,0.045700006061969195,-1.2499999999998623,-0.0023332266917253097,0.6476791243803997,1,staged_v3,0.2018798117707407,2,1.0619134981193055,0.20340599963247416,2,1,0,0
v3_pelvis_proxy:v3_left_hand_proxy,84,1.0,0.26664533834506177,0.9999977015822001,0.16712773207752435,0.9383376964296426,FLAT,0.0,-1,0.0018575534693324462,0.07419675028985379,0.08962129911952901,SUPPORT,0.453340731576944,0.0,0.08775025741841416,0.1884951259738391,0.9999977015822001,0.05975305301301513,0,ok,0.18740295387808112,0.7509514617215565,FLAT,0.0,-1,0.0018575506955542484,0.06893159951792786,0.09972197263566535,SUPPORT,0.39756554663768745,0.015995289537421627,0.01399080909436164,2.500000000000002,-0.0013332266917253088,0.6463458976886743,0,staged_v3,0.23579015874642476,2,1.0501169548636777,0.2375653076522621,2,1,1,1
v3_pelvis_proxy:v3_left_hand_proxy,85,0.8916121248225246,0.46664533834506194,0.9347960904652007,0.036068581078322476,0.9417762125915028,FLAT,0.0,-1,0.0015948988410823654,0.015693373618310115,0.09456937086021976,UNLOADING,0.38857776992309484,0.014035094924700876,0.0331417310666198,0.17620491182459608,0.9347960904652007,0.054372210385169095,0,ok,0.07380991500964963,0.7535741171499597,FLAT,0.0,-1,0.0018116661760388634,0.003944859171258836,0.10120336174317413,UNLOADING,0.34077046854658927,0.026115308915899874,0.041078160899389635,-2.500000000000002,-0.0023332266917253097,0.644012670996949,0,staged_v3,0.29175181137614226,2,1.0531792044023343,0.29175181137614226,2,1,0,0
v3_pelvis_proxy:v3_left_hand_proxy,86,0.306640625,0.26664533834506177,0.30664062499999994,0.031085119849412233,0.9258896681101852,FLAT,0.0,-1,0.014153485580488812,0.0022506950211231254,0.06926701040884783,UNLOADING,0.4132899285929815,0.026212655499319268,0.012823356313270732,0.05780039608753096,0.30664062499999994,0.06250679050026235,0,ok,0.09543839964625687,0.7469731745203116,FLAT,0.0,-1,0.009775419755734146,0.018141695411312313,0.0737454909915415,UNLOADING,0.3032714888330648,0.010545579138264764,0.047514703977505984,2.500000000000002,-0.0013332266917253088,0.6426794443052237,1,staged_v3,0.32037113064096157,2,1.0454457347678905,0.28028104263671305,2,0,1,1
v3_pelvis_proxy:v3_right_hand_proxy,87,0.37979897210635255,0.46664533834506194,0.5784806777712327,0.0147480231315832,0.9270855816711576,FLAT,0.0,-1,0.005060355588694323,0.023411281052061802,0.05355394006174228,UNLOADING,0.44986175208452694,0.004266415951025313,0.025836177884675994,0.10904103885178495,0.5784806777712327,0.04606077060730067,0,ok,0.09128563525407674,0.7475664576054447,FLAT,0.0,-1,0.005060357651565948,0.015162110621140094,0.056576486164629264,UNLOADING,0.26258303051540693,0.01266671368709137,0.045676218135055235,-2.500000000000002,-0.0023332266917253097,0.6403462176134984,0,staged_v3,0.13406837885721784,2,1.0245108887965915,0.1296168449884692,2,0,0,0
v3_pelvis_proxy:v3_right_hand_proxy,88,0.19892749295267895,0.26664533834506177,0.5839233398437501,0.019814259937376757,0.9151173738292224,FLAT,0.0,-1,0.010619128125102155,0.00625906741872949,0.04247733019584613,SUPPORT,0.520535992674464,0.02211663127698025,0.005007235232812062,0.11006695648276449,0.5839233398437501,0.03250419949358177,0,ok,0.10186858465249196,0.7475642667914792,FLAT,0.0,-1,0.0041804013764582685,0.012389553005193024,0.0440483553789358,SUPPORT,0.30006642441232556,0.014812864763753767,0.0312624256169683,2.500000000000002,-0.0013332266917253088,0.6390129909217731,1,staged_v3,0.195500455572109,2,1.0261412664729934,0.18844087871271595,2,0,1,1
v3_pelvis_proxy:v3_right_hand_proxy,89,0.9640502929687498,0.06424945795655557,0.8617912242538928,0.2635178137874911,0.9118684587516487,FLAT,0.0,-1,0.00964173039408938,0.08082581008799229,0.06295623645444334,SUPPORT,0.5624848632307557,0.0,0.0935021980595942,0.162443818742651,0.8617912242538928,0.017613529260331037,0,ok,0.22197884637359172,0.7484007790760272,FLAT,0.0,-1,0.0034758418516363135,0.03142004712070282,0.06347930015962297,UNLOADING,0.25719979235342194,0.018292321522817574,0.009881643485163575,2.5299485048563275,-0.00032124728978277783,0.6386917436319903,1,staged_v3,0.16688986612800036,2,1.0265158823003548,0.16689498709814193,2,1,1,1
v3_pelvis_proxy:v3_right_hand_proxy,90,0.949056766776671,0.16424945795656676,0.8113032185660537,0.053492151037956966,0.911697496372764,FLAT,0.0,-1,0.007954086511913573,0.002067324212825226,0.0495225016442175,SUPPORT,0.5464155970549335,0.025408800869385652,0.022726976448908663,0.15292705387685213,0.8113032185660537,0.05437870032399539,0,ok,0.05359471651991905,0.7449814531422164,FLAT,0.0,-1,0.007954078452287235,0.008549140312448415,0.07740220977451301,UNLOADING,0.22045696487436167,0.020320970176277237,0.033987249645211395,-1.2500000000001399,-0.0008212472897828338,0.6378704963422075,0,staged_v3,0.1934430108474035,2,1.022377105559716,0.19365219351693966,2,1,0,0
v3_pelvis_proxy:v3_right_hand_proxy,91,1.0,0.03575054204343342,1.0000000000000002,0.21609063458051447,0.9161585796766295,FLAT,0.0,-1,0.0030733587178709033,0.06130043062941369,0.04031743233613651,SUPPORT,0.5326419403328001,0.0,0.04851753765146173,0.18849555921538763,1.0000000000000002,0.027545123179022107,0,ok,0.3202301275249722,0.7474942502359609,FLAT,0.0,-1,0.003926639189256959,0.09121759316658236,0.08758651366362132,UNLOADING,0.21984583883193154,0.0,0.03720671129814264,2.500000000000002,0.0001787527102171671,0.6380492490524247,0,staged_v3,0.2975040679061172,2,1.01959571783112,0.28385711988989354,2,0,1,1
v3_pelvis_proxy:v3_right_hand_proxy,92,0.79638671875,0.2357505420434336,0.7963867187500003,0.21943056666917457,0.9162228041370456,FLAT,0.0,-1,0.008096361849930366,0.10828624480133217,0.03412917758512218,SUPPORT,0.5208359488566858,0.0,0.054941591244159566,0.15011535990248892,0.7963867187500003,0.05385059926218877,0,ok,0.2981062822417163,0.7449903667539053,FLAT,0.0,-1,0.008096361849932574,0.00545563992321191,0.09501424495196069,UNLOADING,0.1884392904273699,0.02429507232438613,0.011755770921326977,2.500000000000002,0.001178752710217168,0.6392280017626418,1,staged_v3,0.36668404773824875,2,1.0070031943099766,0.36856439942846886,2,1,1,1
v3_pelvis_proxy:v3_right_hand_proxy,93,1.0000000000000002,0.03575054204343342,0.7607873600201527,0.09920702599945451,0.9166203060519839,FLAT,0.0,-1,0.0072055843745461425,0.018294739933518895,0.030119299965736555,SUPPORT,0.510716527591445,0.008211225064767933,0.0288637355664216,0.1434050388709971,0.7607873600201527,0.054502564614365895,0,ok,0.13161087241258354,0.7447143078949364,FLAT,0.0,-1,0.006066456411824736,0.001610380314354531,0.10078163086198463,UNLOADING,0.1615193917948885,0.028428701228744704,0.02891257793332135,-2.500000000000002,0.0001787527102171671,0.639406754472859,0,staged_v3,0.2888051819004646,2,1.0193290004573878,0.2888051819004646,2,1,0,0
v3_pelvis_proxy:v3_right_hand_proxy,94,0.04876708984374997,0.2357505420434336,0.048767089843749965,0.12202715235455143,0.8755525175107044,FLAT,0.0,-1,0.02767119234156654,0.01966441397301417,0.027682592031351642,SUPPORT,0.5020427379355243,0.006719715628553412,0.031211905641074532,0.009192379871404699,0.048767089843749965,0.05768823132720616,0,ok,0.15647654307699838,0.7205367199217126,FLAT,0.0,-1,0.024761335065527166,0.0005669384402222895,0.1049695834925617,UNLOADING,0.1384451929670473,0.0296815407344058,0.028603939336522572,2.500000000000002,0.001178752710217168,0.6405855071830762,1,staged_v3,0.26116545478759434,2,1.0566091054229392,0.2570470680059373,2,0,1,1
v3_pelvis_proxy:v3_left_hand_proxy,95,0.17972737615577908,0.03575054204343342,0.7218096357381418,0.06938736545710407,0.847023985924763,FLAT,0.0,-1,0.028957380409974,0.02178250973305762,0.024527357558485716,SUPPORT,0.4946080610875923,0.004443858144866666,0.03334348793036512,0.13605791093551628,0.7218096357381418,0.049875553484113766,0,ok,0.04558592326423199,0.7022002537225226,FLAT,0.0,-1,0.02224733872262881,0.0170936190507652,0.10676430428268693,UNLOADING,0.11866730825746911,0.013244596163369149,0.03556884591667594,-2.500000000000002,0.0001787527102171671,0.6407642598932933,0,staged_v3,0.12826810466094368,2,1.039928326139202,0.11569679792620428,2,0,0,0
v3_pelvis_proxy:v3_left_hand_proxy,96,0.9999999999999996,0.2357505420434336,1.0,0.3097470063359183,0.8623927714001728,FLAT,0.0,-1,0.007760456680687333,0.05847386795738106,0.022701571187401553,SUPPORT,0.48823548093222197,0.0,0.09774590119563148,0.1884955592153876,1.0,0.07905491758032218,0,ok,0.2732495259672911,0.7111655550293169,FLAT,0.0,-1,0.006791338581265609,0.016945038416693915,0.10848697405530598,SUPPORT,0.18493384660597528,0.013479310286071387,0.026891423455812642,2.500000000000002,0.001178752710217168,0.6419430126035105,0,staged_v3,0.22029280758048103,2,1.0211285315996603,0.2219531694247643,2,1,1,1
v3_pelvis_proxy:v3_left_hand_proxy,97,0.17112936497491954,0.4357505420434338,0.1749267578125,0.26766425581546327,0.8659244625376299,FLAT,0.0,-1,0.010233277145006167,0.06416177297305833,0.050039403782808994,UNLOADING,0.4184875550847617,0.0,0.08809990700470227,0.03297291703560186,0.1749267578125,0.07645316715710804,0,ok,0.24385991106222743,0.7158168106752755,FLAT,0.0,-1,0.008456502892907294,0.007416157962945735,0.11013132208168101,UNLOADING,0.15851472566226454,0.023090408141138316,0.022553165561172678,2.500000000000002,0.002178752710217169,0.6441217653137277,1,staged_v3,0.3751345897692942,2,1.041047043366524,0.3758536127725269,2,1,1,1
v3_pelvis_proxy:v3_left_hand_proxy,98,0.05148583418529264,0.2357505420434336,0.06857343029002691,0.22921311614972645,0.8786468257016008,FLAT,0.0,-1,0.004954868921952662,0.06160150888041452,0.04240606427620985,UNLOADING,0.35870361864412453,0.0,0.08424876178321877,0.012925787089836022,0.06857343029002691,0.07526014162994815,0,ok,0.20640027816462497,0.7214562547893896,FLAT,0.0,-1,0.005762322220329398,0.006816002243000857,0.0840028839986187,UNLOADING,0.13586976485777938,0.02238414195693008,0.023304502711381382,-2.500000000000002,0.001178752710217168,0.6453005180239448,1,staged_v3,0.09363683544736809,2,1.0249776243049167,0.08927907162349047,2,1,0,0
v3_pelvis_proxy:v3_left_hand_proxy,99,1.0,0.03575054204343342,1.0,0.08570969110015217,0.8881016160448301,FLAT,0.0,-1,0.0022995758438441017,0.026357540529024642,0.03746757514555191,UNLOADING,0.3074602446432829,0.0005158382282529558,0.05141958645422898,0.1884955592153876,1.0,0.04585247793857539,0,ok,0.07739042994463641,0.7271466613625444,FLAT,0.0,-1,0.004409594687654555,0.008275798435856931,0.06553515488524161,UNLOADING,0.11645980230894706,0.02000095930840515,0.04270389737871337,-2.500000000000002,0.0001787527102171671,0.645479270734162,0,staged_v3,0.09668273286864298,2,1.0390596359497914,0.09328798307035524,2,0,0,0
v3_pelvis_proxy:v3_left_hand_proxy,100,0.9999999999999997,0.2357505420434336,0.8069674648959752,0.24254794762309095,0.8954360219128682,FLAT,0.0,-1,0.00738529646933584,0.053209548713327254,0.03430448229504885,SUPPORT,0.3359681957146263,0.0,0.10658853706594648,0.1521097835641905,0.8069674648959752,0.062459106516177545,0,ok,0.2758768369461618,0.726637792513595,FLAT,0.0,-1,0.006573024348628373,0.009884935741212245,0.05195350531277322,SUPPORT,0.18316784184715765,0.017712739524426417,0.06300091227388765,2.500000000000002,0.001178752710217168,0.6466580234443792,0,staged_v3,0.22809046156802368,2,1.0332063771799895,0.22809046156802368,2,1,1,1
v3_pelvis_proxy:v3_left_hand_proxy,101,0.9995761896208557,0.03575054204343342,0.40239756893444756,0.07130705144403064,0.8983522433034234,FLAT,0.0,-1,0.0099911687970739,0.01404729062871531,0.06143838364178876,UNLOADING,0.28797273918396543,0.014024628553374132,0.03967919898713272,0.07585015478321118,0.40239756893444756,0.0595323787466753,0,ok,0.10825760969300696,0.7278948665810743,FLAT,0.0,-1,0.004096810553279914,0.0054685453751594166,0.07086278778118726,UNLOADING,0.1570010072975637,0.023074594013899948,0.047975681112706836,-2.500000000000002,0.0001787527102171671,0.6468367761545963,0,staged_v3,0.22303711536702805,2,1.0363151948842069,0.22440394807812217,2,1,0,0
v3_torso_proxy:v3_left_forearm_proxy,102,0.2850961948282146,0.16424945795656676,0.49390525206020636,0.033553429414928886,0.8937673263192131,FLAT,0.0,-1,0.01513092956618374,0.011397372635834006,0.05335179502897157,UNLOADING,0.26264672855510185,0.016270217115614573,0.03149102056786873,0.09309894668650556,0.49390525206020636,0.07194475273212461,0,ok,0.07660992066794663,0.7268388718592754,FLAT,0.0,-1,0.006649225594850673,0.006484191004753708,0.05592465672075535,UNLOADING,0.1354747449797165,0.021312041831284063,0.043940101585244556,-2.500000000000002,-0.0008212472897828338,0.6460155288648135,0,staged_v3,0.11542197154908942,2,1.0427782623877562,0.11535266482133111,2,1,0,0
v3_torso_proxy:v3_left_forearm_proxy,103,0.06803160403109842,0.36424945795656694,0.2125330374304732,0.033137638063816,0.8896501018925789,FLAT,0.0,-1,0.014189413883595382,0.01063125161985918,0.04742967881259303,UNLOADING,0.31815353703817023,0.016740232320770473,0.031231579399205817,0.04006153374220195,0.2125330374304732,0.07440446688501332,0,ok,0.07689574979904008,0.727260885976013,FLAT,0.0,-1,0.0066656878793725895,0.0039453455154297825,0.044585821115342344,UNLOADING,0.12561020588952268,0.023283945540337338,0.04140493135671995,-2.500000000000002,-0.0018212472897828347,0.6441942815750307,0,staged_v3,0.08132080115833361,2,1.042025814093806,0.0817544190454299,2,1,0,0
v3_torso_proxy:v3_left_forearm_proxy,104,0.6475884061146501,0.16424945795656676,1.0,0.06752215715191401,0.8855463052882939,FLAT,0.0,-1,0.01378371294682605,0.03128501378954855,0.04308802883344461,SUPPORT,0.36375566821546335,0.007356052379830502,0.01979834906184173,0.1884955592153876,1.0,0.07611535974091027,0,ok,0.08313474826014411,0.7277302788726521,FLAT,0.0,-1,0.006958110353171487,0.05789866031064995,0.0357354497440167,SUPPORT,0.19048816471161814,0.0,0.04940231364556266,2.500000000000002,-0.0008212472897828338,0.6433730342852478,0,staged_v3,0.14228837947154502,2,1.0521968384643337,0.12709097604881828,2,0,0,0
v3_torso_proxy:v3_left_forearm_proxy,105,0.5268991114599488,0.36424945795656694,0.9999999999999999,0.03522875064706918,0.8685937287642939,FLAT,0.0,-1,0.021808943030334402,0.0034103414398798425,0.06829713772220525,SUPPORT,0.38100453457237066,0.025004515446230422,0.025549325498286087,0.18849555921538758,0.9999999999999999,0.07704806514496709,0,ok,0.07687947238156348,0.7187493976098002,FLAT,0.0,-1,0.012149950295010793,0.007587109659381173,0.05770732504623524,UNLOADING,0.16327556975281554,0.02029825659293059,0.043873575387267244,-2.500000000000002,-0.0018212472897828347,0.641551786995465,0,staged_v3,0.2997096823616964,2,1.0453546738191175,0.300828495119901,2,1,0,0
v3_torso_proxy:v3_right_forearm_proxy,106,0.29067204332554597,0.5642494579565671,0.6931567517744679,0.031306233897409566,0.8547970494452587,FLAT,0.0,-1,0.021226507148840577,0.015402722312412534,0.05817561996379289,SUPPORT,0.40281306324391347,0.012506058685777113,0.036529485685418736,0.13065696954964995,0.6931567517744679,0.08532678430186122,0,ok,0.0726144276806372,0.7137437524588086,FLAT,0.0,-1,0.010273329591581878,0.0159020125178126,0.07335832708490056,UNLOADING,0.14883442004409064,0.012765903836432432,0.051846908189010624,-2.500000000000002,-0.0028212472897828356,0.6387305397056822,0,staged_v3,0.33793355576355427,2,1.053493492545459,0.30326389367578444,2,0,0,0
v3_torso_proxy:v3_right_forearm_proxy,107,0.30157470703124994,0.36424945795656694,0.30157470703125,0.04245678388129444,0.8437229959407393,FLAT,0.0,-1,0.02011970990205276,0.0266604108192202,0.051021641966943414,SUPPORT,0.4304508357906319,0.0034306981070612516,0.02412038399128592,0.056845493047072156,0.30157470703125,0.08532472431133849,0,ok,0.039792907276901456,0.71480375074509,FLAT,0.0,-1,0.008990088483287624,0.004245036324574496,0.08468294544834334,UNLOADING,0.1389138884802974,0.02498911094784267,0.0373395057645104,2.500000000000002,-0.0018212472897828347,0.6369092924158993,1,staged_v3,0.20374806571145437,2,1.0549041047248853,0.20374806571145437,2,1,1,1
v3_pelvis_proxy:v3_left_hand_proxy,108,0.9999999999999999,0.16424945795656676,1.0,0.13202425472558096,0.8282139452191508,FLAT,0.0,-1,0.026356962374952313,0.01948503383427696,0.04550577749057143,SUPPORT,0.43436066863250555,0.024898556432436797,0.0023767324420917767,0.1884955592153876,1.0,0.05658443424570331,0,ok,0.15211024786425162,0.7047307880808098,FLAT,0.0,-1,0.017107762435781156,0.08923873427086541,0.0927152658767239,SUPPORT,0.20113111078423793,0.0,0.07487795990786443,2.500000000000002,-0.0008212472897828338,0.6360880451261165,0,staged_v3,0.20065013071232704,2,1.0668515108072982,0.1142042929891053,2,0,1,1
v3_pelvis_proxy:v3_left_hand_proxy,109,0.02301025390625014,0.03575054204343342,0.02301025123441363,0.1502866944206862,0.8116883709510613,FLAT,0.0,-1,0.02956017137540308,0.01863318830303103,0.06948374572163285,UNLOADING,0.37230914454214764,0.026878237620564037,0.0015959496655176065,0.00433733017411736,0.02301025123441363,0.05723057732748896,0,ok,0.17028224848539522,0.6952040846983378,FLAT,0.0,-1,0.019418979924399293,0.0895867265088916,0.0987634832021102,UNLOADING,0.17239809495791822,0.0,0.07478214033392461,2.500000000000002,0.0001787527102171671,0.6362667978363337,1,staged_v3,0.24938065633036816,2,1.0605861685771956,0.25073689151134465,2,1,1,1
v3_pelvis_proxy:v3_right_hand_proxy,110,0.3577378327192006,0.09420484353135361,0.5735470924961279,0.05346764406556202,0.8080854398022359,FLAT,0.0,-1,0.025835268033589633,0.0011055528214019708,0.05841367169294501,UNLOADING,0.3191350841496664,0.026815130763245282,0.0033701805219002673,0.10811107993641726,0.5735470924961279,0.07589287316991043,0,ok,0.09518013878846633,0.6905189137040726,FLAT,0.0,-1,0.015353045791558995,0.04327768000372702,0.07450730631029726,UNLOADING,0.1477706338282068,0.0,0.0552021329109333,-1.6244423196848379,-0.00047102421765676805,0.6357957736186769,1,staged_v3,0.10084926495036563,2,1.0499100303560558,0.10131354471868786,2,1,0,0
v3_pelvis_proxy:v3_right_hand_proxy,111,0.42169544934418973,0.10579515646864657,1.0,0.045941958586354165,0.8026446442515306,FLAT,0.0,-1,0.027201373104229872,0.009236922149209247,0.05031396517206588,UNLOADING,0.308248620006112,0.01827877610939405,0.02163514902135478,0.1884955592153876,1.0,0.023072129694279568,0,ok,0.07020071675224411,0.6846591643739044,FLAT,0.0,-1,0.0181604539631205,0.009194506236132972,0.05730349545488969,UNLOADING,0.12912087596654923,0.018670668536611514,0.037889290162633225,2.500000000000002,0.0005289757823432328,0.6363247494010201,0,staged_v3,0.18785024426650596,2,1.0018274824568585,0.11852609089391707,2,0,1,1
v3_pelvis_proxy:v3_right_hand_proxy,112,0.8700561523437501,0.30579515646864674,0.87005615234375,0.20339909775314508,0.7934485745070201,FLAT,0.0,-1,0.029830423099462388,0.08599165590655869,0.044178113922435876,SUPPORT,0.33659889600488957,0.0,0.03609316183465214,0.16400172098482363,0.87005615234375,0.009990222860957236,0,ok,0.20168115846835302,0.673453474668777,FLAT,0.0,-1,0.02431958065981333,0.07700961071274051,0.045243845641820074,SUPPORT,0.19329670077323938,0.005409354427126541,0.021852837854964464,2.500000000000002,0.0015289757823432337,0.6378537251833634,1,staged_v3,0.21633218400597504,2,1.0201548971036698,0.21731687057023968,2,1,1,1
v3_pelvis_proxy:v3_right_hand_proxy,113,0.8623046875000001,0.5057951564686469,0.7450302801816422,0.19245221586366723,0.7782585649399314,FLAT,0.0,-1,0.03127999795348835,0.10068165548753297,0.06741663008964721,UNLOADING,0.2885133394327625,0.0,0.07415417808296501,0.14043489929523556,0.7450302801816422,0.027142298033569157,0,ok,0.13529807642425315,0.667964406506886,FLAT,0.0,-1,0.02142610317110466,0.002280645234097851,0.06496836705056071,UNLOADING,0.16568288637706233,0.02596777311843019,0.01061361349261232,2.500000000000002,0.0025289757823432346,0.6403827009657066,1,staged_v3,0.22387183621603182,2,1.0047541685535837,0.220488819995537,2,1,1,1
v3_pelvis_proxy:v3_right_hand_proxy,114,0.9960177712225063,0.30579515646864674,0.6487802693344998,0.027528424887180245,0.7611399741155922,FLAT,0.0,-1,0.03225940746909684,0.01589652037855866,0.054048720126861405,UNLOADING,0.2472971859382658,0.011805915627784411,0.03767395428200195,0.12229219967611633,0.6487802693344998,0.057048160602644254,0,ok,0.05762405427248006,0.6633454531816685,FLAT,0.0,-1,0.020054065286103023,0.0046139309480882846,0.05067333467063078,UNLOADING,0.14207333925164778,0.022919735785443256,0.03473304133208276,-2.500000000000002,0.0015289757823432337,0.6419116767480498,0,staged_v3,0.18813555716551772,2,1.0336246025298355,0.1865747894344401,2,1,0,0
v3_torso_proxy:v3_right_forearm_proxy,115,0.32484667519324856,0.10579515646864657,0.8606899592005013,0.03396327059752458,0.7632572015912138,FLAT,0.0,-1,0.026104923213915616,0.005591788680427923,0.043740842226792115,UNLOADING,0.3056407141809556,0.021595253430911683,0.0334389624396646,0.16223623517056762,0.8606899592005013,0.0866081402945283,0,ok,0.07651971691810258,0.6626387084656112,FLAT,0.0,-1,0.019509741030603347,0.004142199712309781,0.04036451138739557,UNLOADING,0.14735461885322834,0.02287602585706,0.040289780004262754,-2.500000000000002,0.0005289757823432328,0.6424406525303931,0,staged_v3,0.0981325807845281,2,1.053122762518923,0.09435779380616688,2,0,0,0
v3_pelvis_proxy:v3_right_hand_proxy,116,0.16973876953125006,0.30579515646864674,0.16973876953124992,0.053396827358632624,0.7626868192509916,FLAT,0.0,-1,0.02545081235723819,0.0044843342492779555,0.035417671661667996,SUPPORT,0.3372663075588134,0.022286549333805444,0.025999481049493595,0.031995004283324746,0.16973876953124992,0.07704979985134196,0,ok,0.09932436581385494,0.6522500766902264,FLAT,0.0,-1,0.025833032658016158,0.010652364974685687,0.033197889192971335,SUPPORT,0.20788369508258267,0.016007529484962882,0.040747820553956864,2.500000000000002,0.0015289757823432337,0.6439696283127363,1,staged_v3,0.1705245026471868,2,1.0543624743735676,0.1554375380768729,2,0,1,1
v3_pelvis_proxy:v3_right_hand_proxy,117,0.26208742703421584,0.10579515646864657,0.9138465762719215,0.022306234160321393,0.7596214580193086,FLAT,0.0,-1,0.023631436051201257,0.016754831802195908,0.056669353886656844,SUPPORT,0.3598130460470507,0.011078635892136934,0.03790832545281195,0.1722560214314432,0.9138465762719215,0.06260751733573322,0,ok,0.08920124404567409,0.6565508657742196,FLAT,0.0,-1,0.01379386232663223,0.03549060377272066,0.05683415976368592,UNLOADING,0.17818602435649944,0.0,0.06435790730863693,-2.500000000000002,0.0005289757823432328,0.6444986040950795,0,staged_v3,0.09628030657032766,2,1.0469898912515851,0.09461041889308713,2,1,0,0
v3_pelvis_proxy:v3_right_hand_proxy,118,0.17452165341307882,0.09420484353135361,0.664656012511023,0.03262932937607853,0.7685559319202873,FLAT,0.0,-1,0.017574236014686422,0.004258735924715901,0.0433958958884707,SUPPORT,0.4083543875193982,0.022911058869707637,0.035235505280591,0.12528470676413495,0.664656012511023,0.06274100061355793,0,ok,0.07694030103143192,0.6474834091694888,FLAT,0.0,-1,0.02293533950783885,0.01486814168844245,0.07345912230086854,UNLOADING,0.15273087801985666,0.013804814426600979,0.04967998193120346,-2.500000000000002,-0.00047102421765676805,0.6440275798774228,1,staged_v3,0.1671428026263907,2,1.0444985586882378,0.1671428026263907,2,1,0,0
v3_pelvis_proxy:v3_right_hand_proxy,119,0.03411865234375004,0.10579515646864657,0.022975650838969578,0.05201409309068272,0.7867368922286256,FLAT,0.0,-1,0.008009609428443669,0.004166654873943205,0.033885047633184236,SUPPORT,0.42598040037658075,0.022527597507716008,0.034116255082736885,0.00433080815322906,0.022975650838969578,0.06383745566268219,0,ok,0.09326931048004966,0.6468042675931713,FLAT,0.0,-1,0.01635185660148591,0.015934819943562467,0.08514642739712022,UNLOADING,0.13883081226842833,0.013322501426293546,0.049773915394527316,2.500000000000002,0.0005289757823432328,0.644556555659766,1,staged_v3,0.14859528600129462,2,1.0548116884295458,0.1201315789083073,2,0,1,1
v3_pelvis_proxy:v3_right_hand_proxy,120,0.11156514734070369,0.09420484353135361,0.29804890746633333,0.03312823826607694,0.7929528829421946,FLAT,0.0,-1,0.01787892365239884,0.012066782907978364,0.027603823977003634,SUPPORT,0.4307843203012646,0.01431340829087182,0.044256948028169055,0.056180895486401816,0.29804890746633333,0.06804579059318264,0,ok,0.07622522681767988,0.6445314523708123,FLAT,0.0,-1,0.021857539840545837,0.010339505318204135,0.09352074743481317,UNLOADING,0.11899783908722429,0.019336532053536526,0.04462335313108144,-2.500000000000002,-0.00047102421765676805,0.6440855314421092,0,staged_v3,0.08305822884737445,2,1.0473736654058794,0.08414158254113548,2,1,0,0
v3_pelvis_proxy:v3_right_hand_proxy,121,1.0000000000000002,0.10579515646864657,0.9999983491300055,0.23741106407329074,0.8115863290937787,FLAT,0.0,-1,0.009116864653226482,0.07115537001336113,0.023410296072507004,SUPPORT,0.4468213688576258,0.0,0.12332737291075926,0.1884952480337248,0.9999983491300055,0.051190457297817654,0,ok,0.2747233475996493,0.6426354192223839,FLAT,0.0,-1,0.022912425829616622,0.041006700402159715,0.09952120994658564,SUPPORT,0.18519827126977945,0.0,0.07633980361485207,2.500000000000002,0.0005289757823432328,0.6446145072244525,0,staged_v3,0.09544668988727587,2,1.0465558467261362,0.09605870444777492,2,1,1,1
v3_pelvis_proxy:v3_right_hand_proxy,122,1.0,0.09420484353135361,0.711474591318658,0.048168348513823095,0.8266800566068933,FLAT,0.0,-1,0.007612281649767684,0.00938136510643063,0.0491717654226251,UNLOADING,0.38298974473510783,0.018077223164700625,0.04209441643783512,0.13410980095814978,0.711474591318658,0.05762410790767958,0,ok,0.0844931657805562,0.637606026541218,FLAT,0.0,-1,0.024869749705805105,0.013260521809733094,0.10382072921419486,UNLOADING,0.15874137537409666,0.01693051465097665,0.045027157702218906,-2.500000000000002,-0.00047102421765676805,0.6441434830067957,0,staged_v3,0.21573422819598126,2,1.0489627407948074,0.21573422819598126,2,1,0,0
v3_torso_proxy:v3_left_forearm_proxy,123,0.2008543304318702,0.2942048435313538,0.6930289187080395,0.033538322199089664,0.8384018327836571,FLAT,0.0,-1,0.008776851108974557,0.005585083162186876,0.040536758668528426,UNLOADING,0.3737049922737648,0.02144175477123955,0.03801432931884939,0.1306328735843073,0.6930289187080395,0.08458167166509074,0,ok,0.07636706341152266,0.6316826305647745,FLAT,0.0,-1,0.028014591858896275,0.005127499739337024,0.07927982877377779,UNLOADING,0.1408430765932398,0.02383649169935187,0.03587941396277666,-2.500000000000002,-0.001471024217656769,0.6426724587891389,0,staged_v3,0.17214507296815532,2,1.0540530531432315,0.1708682701209289,2,0,0,0
v3_torso_proxy:v3_left_forearm_proxy,124,0.048678669051231506,0.4130640336498015,0.3574630393743574,0.03174561893479461,0.8303862331685051,FLAT,0.0,-1,0.0196884494322327,0.009785316102724883,0.035708963650758964,UNLOADING,0.40108549310800584,0.017000132079813067,0.040546083628687925,0.06738019550570162,0.3574630393743574,0.08410636285217574,0,ok,0.07643071387120738,0.623998760060518,FLAT,0.0,-1,0.029377475777559666,0.0019755082770963753,0.061853165282067496,UNLOADING,0.12883685710041912,0.026117149987007003,0.03207932641278686,-1.4857398764805962,-0.0020653201682490074,0.6406071386208899,1,staged_v3,0.09348465264998068,2,1.052773744331743,0.09255485978169156,2,0,0,0
v3_pelvis_proxy:v3_left_hand_proxy,125,1.0,0.2130640336498013,1.0,0.09027998826678131,0.8365616194517206,FLAT,0.0,-1,0.012454309468024291,0.06985192712488555,0.036464392850071664,SUPPORT,0.4285956589772499,0.0,0.03730602587089474,0.1884955592153876,1.0,0.06503840454500079,0,ok,0.13531782418770033,0.6297875055167386,FLAT,0.0,-1,0.018574281873688696,0.007985081323283256,0.04986407465231551,SUPPORT,0.1930694856803353,0.019508122409332522,0.031081898436253096,2.500000000000002,-0.0010653201682490065,0.6395418184526409,0,staged_v3,0.2148810671974584,2,1.1012718342350243,0.17856401509843942,2,0,0,0
v3_pelvis_proxy:v3_left_hand_proxy,126,0.8257668207603374,0.3057457032733524,0.9063230749307263,0.024278221600161687,0.833879253749844,FLAT,0.0,-1,0.01788073657965431,0.004115857178347247,0.09489663436211461,UNLOADING,0.3673677076947856,0.025628974539758487,0.03539913795644726,0.17083787483887689,0.9063230749307263,0.060748778219341215,0,ok,0.05413432591568865,0.636779200324885,FLAT,0.0,-1,0.017233954350704753,0.00608138186225719,0.06991730210156386,UNLOADING,0.16548813058314454,0.022414483242821005,0.02466491520164748,-1.1585208702943883,-0.0015287285163667619,0.6380130899362741,1,staged_v3,0.34613016514980666,2,1.0726096668460463,0.3476717166636622,2,1,0,0
v3_torso_proxy:v3_left_forearm_proxy,127,1.0000000000000002,0.5057457032733526,1.0,0.040339230288669044,0.8236004395362054,FLAT,0.0,-1,0.023453217314910218,0.01069788598475387,0.13642648149000805,UNLOADING,0.4062643387528076,0.021123438089746534,0.043230381092427786,0.1884955592153876,1.0,0.0701625244530957,0,ok,0.07548373615872925,0.6458894551929407,FLAT,0.0,-1,0.015219205561295098,0.03217325245041182,0.05586202224533266,UNLOADING,0.17015983444809382,0.0,0.050584774982486896,-2.500000000000002,-0.0025287285163667628,0.6354843614199074,0,staged_v3,0.29338351543706176,2,1.064277750645686,0.2836848417129289,2,0,0,0
v3_torso_proxy:v3_left_forearm_proxy,128,0.49856746509425287,0.7057457032733527,0.717331087773403,0.030319166759526416,0.8057292027416,FLAT,0.0,-1,0.025060398615089997,0.004969982409705701,0.23268942384188865,UNLOADING,0.3942924550616681,0.03166448878238873,0.0390124684872878,0.13521372453242989,0.717331087773403,0.07014840940379818,0,ok,0.07525058995697036,0.6479274556040557,FLAT,0.0,-1,0.018139209936230083,0.001643926578615098,0.046066570835243355,UNLOADING,0.15489065619595904,0.02565940196314707,0.02834491907899327,-2.500000000000002,-0.0035287285163667637,0.6319556329035406,1,staged_v3,0.26231796260973683,2,1.068304223721144,0.26231796260973683,2,1,0,0
v3_torso_proxy:v3_left_forearm_proxy,129,0.0,0.0,0.0,0.030319166759526416,0.7883505648089714,FLAT,0.0,-1,0.024240157097284623,0.004969982409705701,0.33549453376735117,UNLOADING,0.3897768586051083,0.03680474427866186,0.0390124684872878,0.0,0.0,0.07014840940379818,0,ok,0.07525058995697036,0.6504557896200671,FLAT,0.0,-1,0.016602399585217028,0.001643926578615098,0.03948815101416031,SUPPORT,0.21391252495676724,0.02533048097209292,0.02834491907899327,8.821821290916908,0.0,0.6319556329035406,1,staged_v3,0.23631172898066324,2,1.0731932280519318,0.23631172898066324,2,1,1,1
v3_pelvis_proxy:v3_left_hand_proxy,130,0.5663196921753334,0.20000000000000018,1.0,0.0595070408789245,0.7571381113720724,FLAT,0.0,-1,0.028952501115217077,0.03786206584314601,0.4642719392605389,UNLOADING,0.37421169107872376,0.010351531119880936,0.07363259824951496,0.1884955592153876,1.0,0.03251601130013633,0,ok,0.06047304870581896,0.6474369417581617,FLAT,0.0,-1,0.02378421089436326,0.019638864058997688,0.03585031309548526,SUPPORT,0.2611300199654138,0.007153651595776578,0.025778555025003664,-2.500000000000002,-0.0010000000000000009,0.6309556329035406,0,staged_v3,0.12996769194013164,2,1.0828913190165304,0.13189373759715106,2,0,0,0
v3_pelvis_proxy:v3_left_hand_proxy,131,0.9999999999999999,0.0,0.9999999587647401,0.21695556184298195,0.7197136691886089,FLAT,0.0,-1,0.03112261410685552,0.1250923410620441,0.582248114968176,UNLOADING,0.33117197678700117,0.0,0.1581042259150679,0.18849555144272423,0.9999999587647401,0.04972349688805315,0,ok,0.18030372635065064,0.6480540518325698,FLAT,0.0,-1,0.021239470498871333,0.04934918112980891,0.0335707311035788,SUPPORT,0.29890401597233107,0.014852466897856121,0.01182606965732282,2.500000000000002,0.0,0.6309556329035406,0,staged_v3,0.2818498648479211,2,1.0766771611193449,0.2836917077109799,2,1,1,1
v3_pelvis_proxy:v3_left_hand_proxy,132,0.9999999999999999,0.20000000000000018,1.0000000000000002,0.131996275274348,0.6536606670833752,FLAT,0.0,-1,0.05036176791606262,0.020264162628239796,0.6912213257990498,UNLOADING,0.28386169438885817,0.0392969036617127,0.059108372339220665,0.18849555921538763,1.0000000000000002,0.03472331432540676,0,ok,0.16765008257453456,0.6538846865659175,FLAT,0.0,-1,0.01635831492901751,0.02900241959497514,0.0322220320746815,SUPPORT,0.3291232127778649,0.0,0.041963744592851154,2.500000000000002,0.0010000000000000009,0.6319556329035406,0,staged_v3,0.32364445680745346,2,1.0322678839508774,0.2608945712760907,2,0,0,0
v3_pelvis_proxy:v3_left_hand_proxy,133,1.0,0.40000000000000036,1.0,0.044386293684960894,0.5344892097199208,FLAT,0.0,-1,0.11378806606224458,0.011154321803646627,0.771134094490636,UNLOADING,0.24331002376187844,0.05240238292088517,0.019550175069868246,0.1884955592153876,1.0,0.030700468008547782,0,ok,0.08185981215175867,0.6558898690257123,FLAT,0.0,-1,0.018295778962638298,0.01112705137727453,0.032637509496832265,SUPPORT,0.3532985702222919,0.015504824097567083,0.039379273562408876,2.500000000000002,0.0020000000000000018,0.6339556329035406,0,staged_v3,0.27101234582231243,2,1.0634007270460215,0.2220702774223455,2,0,0,0
v3_pelvis_proxy:v3_left_hand_proxy,134,1.0000000000000002,0.6000000000000005,0.9999999999999999,0.20270711994901405,0.41626061507309065,FLAT,0.0,-1,0.15633567162217937,0.02028382756780976,0.8107374115769272,UNLOADING,0.21366924707637178,0.045253043011036595,0.10839250614805987,0.18849555921538758,0.9999999999999999,0.03790191275807568,0,ok,0.07689752523455357,0.6578979568953089,FLAT,0.0,-1,0.01809032140578349,0.04373709755272388,0.033812522095705726,SUPPORT,0.3726388561778335,0.0,0.036370180207525936,2.500000000000002,0.0030000000000000027,0.6369556329035406,0,staged_v3,0.3929249958306955,2,1.0138287731190812,0.3929249958306955,2,1,1,1
v3_pelvis_proxy:v3_left_hand_proxy,135,1.0,0.8000000000000007,1.0,0.22931895526614277,0.32418409298070766,FLAT,0.0,-1,0.44522139718612314,0.012367470217643946,0.8170594938837384,UNLOADING,0.18314506892260438,0.053485504476542975,0.06369935413829504,0.1884955592153876,1.0,0.027244062332325597,0,ok,0.23035874107777313,0.6520645348626639,FLAT,0.0,-1,0.02469875142917725,0.0247459067318997,0.03562587599911236,SUPPORT,0.3881110849422668,0.0020353870680559216,0.08939863308100461,2.500000000000002,0.0040000000000000036,0.6409556329035406,0,staged_v3,0.4536348053091227,2,1.0550468486369153,0.4547623536513183,2,1,1,1
v3_torso_proxy:v3_left_forearm_proxy,136,0.9121704101562502,1.0000000000000009,0.9121698579869105,0.16482997566116675,0.25247482547266825,FLAT,0.0,-1,0.5351212942578218,0.016038654045819965,0.799248450173426,UNLOADING,0.15698148764794662,0.04892376846285134,0.05781085833588017,0.1719399674806634,0.9121698579869105,0.07454419971857114,0,ok,0.21647584717458332,0.6456967271872245,FLAT,0.0,-1,0.026506670047186216,0.007462710264556496,0.03817427179831566,SUPPORT,0.40048886795381344,0.019446003325359288,0.05042458974781425,2.500000000000002,0.0050000000000000044,0.6459556329035406,1,staged_v3,0.37162582027068214,2,1.0487404770336897,0.3433933641527239,2,0,1,1
v3_torso_proxy:v3_left_forearm_proxy,137,0.923385564101829,0.8000000000000007,0.780875971854321,0.028003830881412603,0.1966275917839303,FLAT,0.0,-1,0.7088960662656041,0.02396564866645994,0.7628978478971387,UNLOADING,0.1345555608410971,0.039179243728397,0.08008749409683165,0.1471916529925395,0.780875971854321,0.07558553457815187,0,ok,0.10799812872357367,0.6306409876512549,FLAT,0.0,-1,0.03267483106821776,0.0036415209003051357,0.04151683253180064,SUPPORT,0.41039109436305077,0.0234343207262849,0.03202036478473793,-2.500000000000002,0.0040000000000000036,0.6499556329035406,0,staged_v3,0.20576908007924086,2,1.0471109185920797,0.18685051243143763,2,0,0,0
v3_torso_proxy:v3_left_forearm_proxy,138,0.17993949078719143,0.6000000000000005,0.5299758840465233,0.01676541491044147,0.15313372245476944,FLAT,0.0,-1,0.7922618917279798,0.026495827408412144,0.7098152775261939,UNLOADING,0.11997224121342845,0.03399493646789755,0.0849853160621374,0.09989810063401883,0.5299758840465233,0.07634377952841394,0,ok,0.0839041906437376,0.6249285698675167,FLAT,0.0,-1,0.030077301857953657,0.006348057734400916,0.046244388536310764,SUPPORT,0.4183128754904406,0.020964161692414624,0.03477282602172478,-2.500000000000002,0.0030000000000000027,0.6529556329035406,0,staged_v3,0.1396069833396443,2,1.0446525113868443,0.1384888475643802,2,0,0,0
v3_torso_proxy:v3_left_forearm_proxy,139,0.16954689944128018,0.40000000000000036,0.361436933198945,0.02342184723324044,0.11926066296241362,FLAT,0.0,-1,0.8315723291322756,0.02975211308902851,0.6439280710309149,UNLOADING,0.10825471238391604,0.027444290462517236,0.0902146040300672,0.06812925684442983,0.361436933198945,0.07628372182007305,0,ok,0.08402010025781512,0.620379540064475,FLAT,0.0,-1,0.02915035937696853,0.00840498904660767,0.05072303802806143,SUPPORT,0.42465030039235246,0.0191311628547954,0.03704675449755358,-2.500000000000002,0.0020000000000000018,0.6549556329035406,0,staged_v3,0.10756410456766237,2,1.0411488260607302,0.10874256119977765,2,1,0,0
v3_torso_proxy:v3_left_forearm_proxy,140,0.17901081805841385,0.20000000000000018,0.3236541267042287,0.031238493731948463,0.09288029770474263,FLAT,0.0,-1,0.8130152114693,0.03273534900831212,0.5716349892933659,UNLOADING,0.09735370405487494,0.020846400456356176,0.09166715179392812,0.061007365605481506,0.3236541267042287,0.07596916218321027,0,ok,0.08471706440596653,0.6080515367408008,FLAT,0.0,-1,0.03701740887693114,0.01027061335827668,0.05468992769908884,SUPPORT,0.42972024031388195,0.017463883026677764,0.038471204484647276,-2.500000000000002,0.0010000000000000009,0.6559556329035406,0,staged_v3,0.1147535647615116,2,1.040174091420587,0.1161096343142498,2,1,0,0
v3_torso_proxy:v3_left_forearm_proxy,141,0.18934008867685664,0.0,0.3207561675044746,0.03945865507724986,0.07233524858435876,FLAT,0.0,-1,0.7922384252275384,0.03441379816932136,0.5165999720997222,UNLOADING,0.0868269702449935,0.016416200435664753,0.09160891701982768,0.06046111316554048,0.3207561675044746,0.07552243134866692,0,ok,0.08536220148213543,0.6018336390484986,FLAT,0.0,-1,0.03487392771371055,0.010902273588963913,0.05822695244217707,SUPPORT,0.4337761922511056,0.01700907403314494,0.03880468014471025,-2.500000000000002,0.0,0.6559556329035406,0,staged_v3,0.1227941549697759,2,1.0395810223183217,0.12419706911141812,2,1,0,0
v3_torso_proxy:v3_left_forearm_proxy,142,0.19927728850754017,0.20000000000000018,0.3171330234519916,0.047253644788369575,0.056334748241163336,FLAT,0.0,-1,0.7509447913981956,0.03489916550464746,0.4742702859717767,UNLOADING,0.07669279804970493,0.013814348793941375,0.09000194611925083,0.059778166601249794,0.3171330234519916,0.07500129401904389,0,ok,0.0861007613092126,0.5983590706556204,FLAT,0.0,-1,0.031908377436097236,0.010346204738149397,0.06122327811728653,SUPPORT,0.43702095380088446,0.01771495916771493,0.03820098486683185,-2.500000000000002,-0.0010000000000000009,0.6549556329035406,0,staged_v3,0.13147471523408605,2,1.039669459874166,0.13293210380295253,2,1,0,0
v3_torso_proxy:v3_left_forearm_proxy,143,0.23778388735607486,0.40000000000000036,0.45001862094162304,0.05109712277654696,0.043873546044348455,FLAT,0.0,-1,0.712067608382501,0.01823871078237163,0.44011632934189887,LOADING,0.0671731880188995,0.028767105684723314,0.07647759529275264,0.08482651161172877,0.45001862094162304,0.07373589291037257,0,ok,0.08687109056021401,0.5955284904448613,FLAT,0.0,-1,0.03271564570361602,0.010918737253545797,0.06399050746206378,SUPPORT,0.43961676304070757,0.017280788119557394,0.038789107864270214,-2.500000000000002,-0.0020000000000000018,0.6529556329035406,0,staged_v3,0.14366128719702914,2,1.0405116233121359,0.1446763498293204,2,1,0,0
v3_torso_proxy:v3_left_forearm_proxy,144,0.2675383041922703,0.6000000000000005,0.34965023470841783,0.05875466152445834,0.034168752015457916,FLAT,0.0,-1,0.6911384916612295,0.011373052861807759,0.41457117156745005,LOADING,0.058582658499207546,0.034355505716564746,0.07035830949253923,0.06590751652115474,0.34965023470841783,0.07100727768203086,0,ok,0.08455544603453118,0.5926088576781543,FLAT,0.0,-1,0.03500562293642521,0.01582622226247239,0.09489509476516496,UNLOADING,0.3768143683206065,0.013918532475785863,0.041182904882012907,-2.500000000000002,-0.0030000000000000027,0.6499556329035406,0,staged_v3,0.15254104454964712,2,1.042274774481134,0.15379283531001756,2,0,0,0
v3_torso_proxy:v3_left_forearm_proxy,145,1.0000000000000002,0.40000000000000036,1.0,0.16615387919633792,0.02661065082621127,FLAT,0.0,-1,0.5831093844604341,0.028745733487181544,0.3679203972458889,LOADING,0.05081770633992992,0.03383126415028517,0.009564755712009269,0.1884955592153876,1.0,0.06492302763284977,0,ok,0.26673854334840874,0.5729298530475676,FLAT,0.0,-1,0.045217577219312015,0.04328419102056705,0.11784546148096016,UNLOADING,0.3229837442748056,0.0,0.08744202335486986,2.500000000000002,-0.0020000000000000018,0.6479556329035406,0,staged_v3,0.17624358818846278,2,1.0429195848547697,0.16488583933622625,2,1,1,1
v3_torso_proxy:v3_left_forearm_proxy,146,0.7269322266814884,0.6000000000000005,1.0000000000000002,0.08928304401948246,0.020724395701493065,FLAT,0.0,-1,0.5462329197103838,0.01333754114486781,0.3310270278804541,UNLOADING,0.04355803400565422,0.028213810249154894,0.09966149143365446,0.18849555921538763,1.0000000000000002,0.09595510525833019,0,ok,0.0778820876325421,0.5606621314501107,FLAT,0.0,-1,0.045451122642173596,0.037097167154426874,0.1348431340200848,UNLOADING,0.2768432093784048,0.01253594181345127,0.01920621488755297,-2.500000000000002,-0.0030000000000000027,0.6449556329035406,0,staged_v3,0.3157997653368795,2,1.0309347458214961,0.3040005906961634,2,0,0,0
v3_torso_proxy:v3_left_forearm_proxy,147,0.45310476172839886,0.8000000000000007,0.9999999999999999,0.08162963708868083,0.016140175601004458,FLAT,0.0,-1,0.47554136290296106,0.021382620119843578,0.301611603439613,UNLOADING,0.037335457719132194,0.01869796005213708,0.07603058076528306,0.18849555921538758,0.9999999999999999,0.09327465774443164,0,ok,0.09430155848710682,0.5561987776560328,FLAT,0.0,-1,0.04378270444114161,0.0032008379510329458,0.11892100142010271,SUPPORT,0.31147456750272384,0.027745212119972194,0.028292225813974153,-2.500000000000002,-0.0040000000000000036,0.6409556329035406,0,staged_v3,0.387708377773052,2,1.0335694182857962,0.3891166190768316,2,1,0,0
v3_pelvis_proxy:v3_right_hand_proxy,148,0.5848789248736102,1.0000000000000009,1.0000000000000002,0.13994706634225368,0.012569981396972255,FLAT,0.0,-1,0.4545149127226914,0.0159110446114957,0.3063733877310762,UNLOADING,0.03200182090211331,0.02440762477505811,0.06859704213169601,0.18849555921538763,1.0000000000000002,0.037448911124892514,0,ok,0.06434630198582621,0.559096805899092,FLAT,0.0,-1,0.03761427800290215,0.04509238121192423,0.10879699079337354,SUPPORT,0.3391796540021791,0.0,0.04552471614340606,-2.500000000000002,-0.0050000000000000044,0.6359556329035406,0,staged_v3,0.3360548205125081,2,1.0339920344816569,0.33411231169741384,2,0,0,0
v3_pelvis_proxy:v3_right_hand_proxy,149,0.058227539062499986,0.8000000000000007,0.05822753906249996,0.0,0.009789511355154984,FLAT,0.0,-1,0.4368197518881428,0.00839748624758194,0.2870126631307789,UNLOADING,0.027430132201811407,0.030953146908957004,0.05758556542926335,0.010975632537321756,0.05822753906249996,0.03869344570345948,0,ok,0.08179445253840212,0.5598069064168203,FLAT,0.0,-1,0.04000844486611431,0.03793335615736515,0.10333475054788545,SUPPORT,0.3613437232017433,0.0,0.041769255003706415,2.500000000000002,-0.0040000000000000036,0.6319556329035406,1,staged_v3,0.3467272516131649,2,1.030620300838504,0.3479661451134472,2,1,1,1
v3_pelvis_proxy:v3_right_hand_proxy,150,0.6381225585937501,0.38287353515624734,0.6381225585937501,0.0,0.007624079109281112,FLAT,0.0,-1,0.27614809403820584,0.025355256362705945,0.25914184490613595,LOADING,0.024318450627722876,0.012601835882600856,0.07728889786679058,0.12028326853008287,0.6381225585937501,0.06397853084074,0,ok,0.11156928273116973,0.5661403049493531,FLAT,0.0,-1,0.033329792907431106,0.0008806674943876479,0.10170842453573177,SUPPORT,0.37907497856139466,0.029204753732398944,0.030809011352932333,5.214080810546917,-0.0019143676757812367,0.6300412652277594,1,staged_v3,0.19682418356624212,2,1.0387955074640784,0.1789782040242544,2,0,1,1
v3_pelvis_proxy:v3_right_hand_proxy,151,6.103515624991559e-05,1.1161714796870115e-05,6.103461421244747e-05,0.0,0.005937638780506469,FLAT,0.0,-1,0.17738407970231143,0.02535784838954702,0.2264443123385928,LOADING,0.021500542573753854,0.010964367227382626,0.07729033190063236,1.150475373747073e-05,6.103461421244747e-05,0.06398053209142453,0,ok,0.11156832127810319,0.569282357923797,FLAT,0.0,-1,0.0349191151892328,0.0008792705992540584,0.1301782495593997,UNLOADING,0.32492141019548115,0.030629641878715926,0.03080757074295075,4.78577966801813,-5.5808573984350573e-08,0.6300412094191854,1,staged_v3,0.1957367570731373,2,1.03596067338019,0.18592006455689403,2,1,1,1
v3_pelvis_proxy:v3_right_hand_proxy,152,0.9999999999999999,0.1999888382852033,0.879225277156925,0.0,0.022825300992351923,FLAT,0.0,-1,0.08758778732139318,0.03248072440854168,0.17068336294984646,LOADING,0.02113323675730828,0.019497174815425403,0.014036993332066924,0.16573006029399873,0.879225277156925,0.086383717003097,0,ok,0.2431270804686712,0.5712655715963213,FLAT,0.0,-1,0.03685865883798337,0.03122230766637326,0.1519499925464115,UNLOADING,0.278504065881841,0.0013751919609473195,0.06331979812738484,2.500000000000002,0.0009999441914260165,0.6310411536106114,0,staged_v3,0.19190475055517855,2,1.0290493557961793,0.19189951807566033,2,1,1,1
v3_torso_proxy:v3_left_forearm_proxy,153,0.9982749894151762,1.1161714796870115e-05,0.7763843508880416,0.0,0.09657363737294329,FLAT,0.0,-1,0.053548916528180016,0.014109033362289029,0.13072889680548933,LOADING,0.03369632386558363,0.017427411477985443,0.04622626248204599,0.1463450023867171,0.7763843508880416,0.09083692384056935,0,ok,0.11595062571027205,0.5727552027080611,FLAT,0.0,-1,0.03138274070681441,0.006662241493981487,0.1694111910933767,UNLOADING,0.23871777075586373,0.02680831806068735,0.03133674697225601,-2.500000000000002,-5.5808573984350573e-08,0.6310410978020374,0,staged_v3,0.19676118609972604,2,1.0278157172529858,0.1984391655811542,2,1,0,0
v3_torso_proxy:v3_left_forearm_proxy,154,0.22216454208835437,0.1999888382852033,0.1322686947127856,0.0,0.20457330295994477,FLAT,0.0,-1,0.03023117264121578,0.005663481196826196,0.102100270815797,LOADING,0.06369432175767738,0.024441532343963655,0.03153597865944402,0.024932061576575903,0.1322686947127856,0.09083631281139694,0,ok,0.1073875758840346,0.5691738502535472,FLAT,0.0,-1,0.036347277458660496,0.013220291901972811,0.18406135337537777,UNLOADING,0.20461523207645463,0.02098277576679608,0.03962218668162763,2.500000000000002,0.0009999441914260165,0.6320410419934634,1,staged_v3,0.2000753508584471,2,1.0270146116459014,0.2000753508584471,2,1,1,1
v3_torso_proxy:v3_left_forearm_proxy,155,0.07019042968750014,0.3999888382852035,0.04539447900450994,0.0,0.27477449756555783,FLAT,0.0,-1,0.047232735732501425,0.005563713865165357,0.08158696391547592,SUPPORT,0.1409554574061419,0.02351563433060844,0.029418378142228495,0.008556657705246273,0.04539447900450994,0.09083631705145115,0,ok,0.08560306158397125,0.5570876817756846,FLAT,0.0,-1,0.04356029233168436,0.018062095191792284,0.1971367737660337,UNLOADING,0.1753844846369611,0.016794743496509404,0.04457442104872986,2.500000000000002,0.0019999441914260174,0.6340409861848895,1,staged_v3,0.20783260465920478,2,1.027251615974247,0.20783260465920478,2,1,1,1
v3_torso_proxy:v3_left_forearm_proxy,156,0.7086832093694327,0.1999888382852033,0.619493244815211,0.0,0.33026991656044136,FLAT,0.0,-1,0.04787292600243074,0.007979654523637868,0.0668885372379865,SUPPORT,0.20276436592491354,0.02036477233826146,0.04348329470627033,0.11677172561159821,0.619493244815211,0.08723290057401348,0,ok,0.0800107234424233,0.5433521327947156,FLAT,0.0,-1,0.049405350967593464,0.008562069085070807,0.23189609538681843,UNLOADING,0.15032955826025238,0.02803273568427012,0.03638298469061601,-2.500000000000002,0.0009999441914260165,0.6350409303763155,0,staged_v3,0.20938013186273582,2,1.0305317272210082,0.21039371064012527,2,1,0,0
v3_pelvis_proxy:v3_left_hand_proxy,157,0.18176269531250008,0.3999888382852035,0.1817626953125001,0.0,0.3606805149835851,FLAT,0.0,-1,0.059469870023075036,0.016452821566109815,0.055401587038429824,SUPPORT,0.2522114927399308,0.011317257785811677,0.04394359743306656,0.03426146089742582,0.1817626953125001,0.0867341502350892,0,ok,0.06219148215485471,0.5211777268725525,FLAT,0.0,-1,0.058502549195268407,0.0034615858228916893,0.28525890119202263,UNLOADING,0.12885390708021632,0.03580135923670945,0.034708700412569404,2.500000000000002,0.0019999441914260174,0.6370408745677415,1,staged_v3,0.19778561162593308,2,1.0277848390634094,0.19778561162593308,2,1,1,1
v3_pelvis_proxy:v3_left_hand_proxy,158,0.7971801757812504,0.5999888382852037,0.7971794670308961,0.0,0.39484643588511126,FLAT,0.0,-1,0.0527314378463457,0.03571146412629998,0.05157928774871447,SUPPORT,0.2917691941919447,0.02351731081165886,0.0040616535757768656,0.1502647894330134,0.7971794670308961,0.07551491338897756,0,ok,0.1491420833292119,0.5117823172405769,FLAT,0.0,-1,0.05247053616411839,0.045460187749134684,0.36905235475666465,UNLOADING,0.12026545515767903,0.0,0.0958077459896365,2.500000000000002,0.0029999441914260183,0.6400408187591675,1,staged_v3,0.18847288236177498,2,1.0236919926640637,0.1894628585753133,2,1,1,1
v3_pelvis_proxy:v3_left_hand_proxy,159,1.0,0.3999888382852035,0.6532784055031584,0.0,0.43639729384715586,FLAT,0.0,-1,0.044252680101532424,0.010901888375540205,0.049147300690189265,SUPPORT,0.32341535535355576,0.01655547665896926,0.044050905276809715,0.12314007836865459,0.6532784055031584,0.0786338000325288,0,ok,0.08175599725809359,0.5063337026465946,FLAT,0.0,-1,0.05650237452378644,0.020237586432904953,0.46642002245011893,UNLOADING,0.10308467584943917,0.028083414689601,0.05063112853176254,-2.500000000000002,0.0019999441914260174,0.6420407629505935,0,staged_v3,0.21601331830943546,2,1.0294470418545796,0.21601331830943546,2,1,0,0
v3_pelvis_proxy:v3_left_hand_proxy,160,0.3373872225971478,0.1999888382852033,0.49230428086616357,0.007896042960505278,0.4863523378795064,FLAT,0.0,-1,0.03528663204038252,0.004264792258504378,0.04934199495307531,SUPPORT,0.3512032329385325,0.02320230748914939,0.039244190064400705,0.09279717072599675,0.49230428086616357,0.08169565499297396,0,ok,0.0888310534314991,0.5380930725526046,FLAT,0.0,-1,0.024272474901304127,0.028278430343776938,0.5808380443076433,UNLOADING,0.08835829358523357,0.02576347187160523,0.05676449648878104,-2.500000000000002,0.0009999441914260165,0.6430407071420196,0,staged_v3,0.22781594959708132,2,1.03839028931055,0.22957029978194443,2,1,0,0
v3_pelvis_proxy:v3_left_hand_proxy,161,0.25269476935960844,1.1161714796870115e-05,0.45840863892449013,0.008138275353535313,0.5368362386015134,FLAT,0.0,-1,0.028704034394438742,0.003276274182929949,0.05272166527179762,SUPPORT,0.38016415873690024,0.024359809080659933,0.0374826628642836,0.08640799274323646,0.45840863892449013,0.08497957387931278,0,ok,0.08988969045521386,0.5584448269876758,FLAT,0.0,-1,0.03389187617255105,0.03228263211918568,0.6894926359770919,UNLOADING,0.0757356802159145,0.027191999679668913,0.05933030078084851,-2.500000000000002,-5.5808573984350573e-08,0.6430406513334456,0,staged_v3,0.23559578324452896,2,1.0425928685728112,0.23693280058790084,2,0,0,0
v3_pelvis_proxy:v3_left_hand_proxy,162,0.2649603069350539,0.20001116171479705,0.38918537562366967,0.009859466053168179,0.5781852130795317,FLAT,0.0,-1,0.02663621709269287,0.008554383413535649,0.0636545271747475,SUPPORT,0.4095766925471588,0.01962834294520173,0.039940958593848414,0.0733597150166343,0.38918537562366967,0.08644565540380605,0,ok,0.09152436809087441,0.5643057074200661,FLAT,0.0,-1,0.037126377571404905,0.03382743060547228,0.777511751513853,UNLOADING,0.06491629732792671,0.030048156970220362,0.059289088552268845,-2.500000000000002,-0.0010000558085739852,0.6420405955248716,0,staged_v3,0.24001455177375547,2,1.0428760633315304,0.24118683576840727,2,1,0,0
v3_pelvis_proxy:v3_left_hand_proxy,163,0.97808837890625,1.1161714796870115e-05,0.97808837890625,0.0618810141931245,0.6273721244805193,FLAT,0.0,-1,0.017133670999010343,0.06044859734250895,0.08971125221978968,SUPPORT,0.43752333936994336,0.0,0.05657993226527824,0.18436531594400551,0.97808837890625,0.07438430896691718,0,ok,0.10077525045428665,0.4892274665213044,FLAT,0.0,-1,0.08519820141278406,0.004440437912178907,0.8099212467297512,UNLOADING,0.055642540566794324,0.06105562442430865,0.03324916074801931,2.500000000000002,-5.5808573984350573e-08,0.6420405397162976,1,staged_v3,0.23726716620433197,2,1.0410998165324177,0.23726716620433197,2,1,0,0
v3_pelvis_proxy:v3_left_hand_proxy,164,0.8950547108425458,0.20001116171479705,0.9999871243226991,0.009944486729375058,0.6761595089150634,FLAT,0.0,-1,0.007431546009563434,0.0024906796920370665,0.10838171156557463,SUPPORT,0.4400186714959547,0.027928405886241667,0.038416364915177185,0.1884931322073945,0.9999871243226991,0.0869055263617278,0,ok,0.09710704116478364,0.39803490742871683,FLAT,0.0,-1,0.11292641296824844,0.048588361124112994,0.798903146399705,UNLOADING,0.04769360620010942,0.01635679619587227,0.06327406721250875,-2.500000000000002,-0.0010000558085739852,0.6410404839077236,0,staged_v3,0.24151893285523143,2,1.0546089761593795,0.2392254813583245,2,0,0,0
v3_pelvis_proxy:v3_left_hand_proxy,165,0.2902208175566384,0.4000111617147972,0.9999999999999996,0.007707016270818197,0.6105121396201634,FLAT,0.0,-1,0.08383512129154251,0.02251026817669895,0.12175968026962458,SUPPORT,0.455091096837946,0.008577715836782279,0.05241020591535611,0.18849555921538752,0.9999999999999996,0.09056848546130247,0,ok,0.10297411334826077,0.3099898975952388,FLAT,0.0,-1,0.26042976476194135,0.052046934128907665,0.7615943055221518,UNLOADING,0.040880233885808075,0.011032781147199924,0.05957243677772961,-2.500000000000002,-0.002000055808573986,0.6390404280991496,0,staged_v3,0.2888545966584066,2,1.001425672598149,0.2741288381920937,2,0,0,0
v3_pelvis_proxy:v3_left_hand_proxy,166,0.3261867341524224,0.6000111617147974,1.0000000000000002,0.016894531432786263,0.5590237547135622,FLAT,0.0,-1,0.08022709880814449,0.01352620734675538,0.1313454137179526,SUPPORT,0.4589122929582456,0.018041063339142252,0.03789685771531662,0.18849555921538763,1.0000000000000002,0.08569218856501895,0,ok,0.10753199039982644,0.2414203749913966,FLAT,0.0,-1,0.3436597890115066,0.03965178688300554,0.7048039927906071,UNLOADING,0.035040200473549776,0.020588412756524822,0.04270450860187103,-2.500000000000002,-0.003000055808573987,0.6360403722905756,0,staged_v3,0.23942797085199286,2,1.0048635999710829,0.24141322349358674,2,0,0,0
v3_pelvis_proxy:v3_left_hand_proxy,167,0.5456105706869376,0.6000111617147974,0.9999871451447004,0.05914279073830402,0.4999153887167891,FLAT,0.0,-1,0.08902132423628632,0.03027117525219497,0.14250765336134574,SUPPORT,0.4576391082499248,0.0018542074158723193,0.059248420467720865,0.18849313613224927,0.9999871451447004,0.05192183177441856,0,ok,0.16362985501139093,0.18801837709269187,AIR,0.0,-1,0.4645132847793173,0.020821941735916366,0.6406741443058654,UNLOADING,0.03003445754875695,0.03810906738916303,0.018924639826130237,0.0,-0.003000055808573987,0.6330403164820017,0,staged_v3,0.20579973730710707,2,1.039730628524485,0.19879294776486625,2,1,0,0
v3_pelvis_proxy:v3_left_hand_proxy,168,0.7280273437500001,0.4000111617147972,0.7280273437500001,0.03934798436717881,0.409396231536403,FLAT,0.0,-1,0.12252909481395079,0.0011691294573149278,0.1462119860691133,SUPPORT,0.4565478070713641,0.03114146984614074,0.01857233857682064,0.1372299212842495,0.7280273437500001,0.017194000381553706,0,ok,0.0,0.14642885931160313,AIR,0.0,-1,0.6784349022779886,0.048410765055105234,0.5765001127467957,UNLOADING,0.025743820756077385,0.009448911534017806,0.04437609410332198,2.500000000000002,-0.002000055808573986,0.6310402606734277,1,staged_v3,0.2195908905392871,2,1.0455847674017567,0.2079591740207785,2,0,1,1
v3_pelvis_proxy:v3_left_hand_proxy,169,1.0000000000000002,0.20001116171479705,0.9893583550722561,0.14339813789350211,0.3188381057070328,FLAT,0.0,-1,0.18257962326840987,0.02752112062918923,0.15027220875718691,LOADING,0.41216157256880237,0.005632741565927107,0.026880868871932237,0.18648965640376092,0.9893583550722561,0.026615701573876584,0,ok,0.0,0.11403891029612909,AIR,0.0,-1,0.8392761550604793,0.11605701072369184,0.5122944226315725,UNLOADING,0.0317185391225499,0.0024513713886578567,0.048163349742920775,2.500000000000002,-0.0010000558085739852,0.6300402048648537,0,staged_v3,0.22305094727738078,2,1.0759028448218992,0.22305094727738078,2,1,1,1
v3_pelvis_proxy:v3_left_hand_proxy,170,0.9765070479279155,1.1161714796870115e-05,1.0,0.06195158642096157,0.26069554073536344,FLAT,0.0,-1,0.13398707000602134,0.049421222243991,0.13100118803807176,LOADING,0.35329001536450844,0.0,0.045392739772801956,0.1884955592153876,1.0,0.024649200273501544,0,ok,0.0,0.08881359263923502,FLAT,0.0,-1,1.1860549419407396,0.042814911486477814,0.46628903534701716,UNLOADING,0.03485498893839655,0.014932229612562208,0.03338222215478865,2.500000000000002,-5.5808573984350573e-08,0.6300401490562797,0,staged_v3,0.2323091036597499,2,1.0790371007709716,0.1953202544567288,2,0,0,0
v3_pelvis_proxy:v3_left_hand_proxy,171,0.7808133223389839,0.20001116171479705,0.99432373046875,0.019252350762322807,0.20302989126792437,FLAT,0.0,-1,0.1645786376032097,0.0003958575973026278,0.10894473662013364,LOADING,0.308387226412596,0.030051379233704056,0.029581811939371868,0.18742560761583738,0.99432373046875,0.06910482635765518,0,ok,0.0,0.069168095494821,FLAT,0.0,-1,1.1145604814386327,0.06376840120000453,0.43332473490255985,UNLOADING,0.03572316092087979,0.004426961604750111,0.04223927514037788,-2.500000000000002,-0.0010000558085739852,0.6290400932477057,1,staged_v3,0.3276660350469895,2,1.0658580163043596,0.3291765859861709,2,1,0,0
v3_pelvis_proxy:v3_left_hand_proxy,172,6.103515624998066e-05,1.1161714796870115e-05,5.555451163917191e-05,0.02698318517199127,0.2791125581332252,FLAT,0.0,-1,0.056265710373864186,0.0003951657846253927,0.09314059857903133,SUPPORT,0.3367097811300768,0.029261864144326178,0.029580246452966176,1.0471778738363469e-05,5.555451163917191e-05,0.06910533105464552,0,ok,0.0,0.05386816693492431,FLAT,0.0,-1,1.0778560190181505,0.06376993030516163,0.40970478150294476,UNLOADING,0.035162440985166535,0.003244263225331216,0.04224097584981602,2.500000000000002,-5.5808573984350573e-08,0.6290400374391317,1,staged_v3,0.2861174428377665,2,1.0613555254818334,0.2861174428377665,2,1,1,1
v3_pelvis_proxy:v3_left_hand_proxy,173,0.7306819319988116,1.1161714796870115e-05,1.0000000000000002,0.04341814065874864,0.37798291808297124,FLAT,0.0,-1,0.025622175285393657,0.002199350207974988,0.10528516701545822,SUPPORT,0.35936782490406144,0.028064908142797926,0.01329506079503974,0.18849555921538763,1.0000000000000002,0.04829029175469318,0,ok,0.0,0.04195257059154021,FLAT,0.0,-1,1.0464554209305201,0.044994907123369426,0.3927803453378267,LOADING,0.03377843876254067,0.0,0.053343753726011175,0.0,-5.5808573984350573e-08,0.6290399816305577,0,staged_v3,0.1383508375687906,2,1.0446970628210508,0.13280592392546395,2,1,0,0
v3_pelvis_proxy:v3_left_hand_proxy,174,0.08728027343749999,0.1999888382852033,0.04291063925424951,0.07501943051166238,0.45207696730650415,FLAT,0.0,-1,0.027666218838815555,0.0022241851815464767,0.1610160153390356,SUPPORT,0.37749425992324914,0.03082661558540531,0.01610130099878852,0.008088464942519524,0.04291063925424951,0.04856229159607571,0,ok,0.0,0.032672694828549904,FLAT,0.0,-1,1.0308999091842423,0.04819490350968536,0.38065345691171226,LOADING,0.03184376473866928,0.0,0.059485717004916644,2.500000000000002,0.0009999441914260165,0.6300399258219838,1,staged_v3,0.1773447884808001,2,1.0632790635336344,0.17350981278766744,2,1,1,1
v3_pelvis_proxy:v3_left_hand_proxy,175,0.16754150390625014,0.3999888382852035,0.07354619680911562,0.05506515408977038,0.4094802713001433,FLAT,0.0,-1,0.10638412093421468,0.00203533177699751,0.20106548178424025,SUPPORT,0.3919954079385993,0.033017942312214506,0.013254595113083861,0.013863131495699205,0.07354619680911562,0.04950136975192264,0,ok,0.0,0.025445520317527705,FLAT,0.0,-1,1.1464442052959687,0.05564367605511292,0.37196416165456636,LOADING,0.02957761244525285,0.0,0.06229117222456212,2.500000000000002,0.0019999441914260174,0.6320398700134098,1,staged_v3,0.10273664792009779,2,1.0532357641274643,0.10024677261111103,2,1,1,1
v3_pelvis_proxy:v3_left_hand_proxy,176,0.6333631156925494,0.1999888382852033,0.296157737111103,0.0289776796471028,0.4439523188052241,FLAT,0.0,-1,0.051501325682536625,1.6135528389857497e-05,0.2303808673094913,SUPPORT,0.40359632635087944,0.03650290783708471,0.021873510981336285,0.05582441827272111,0.296157737111103,0.05714260822281303,0,ok,0.0,0.01981699114894992,FLAT,0.0,-1,1.1629483571393138,0.04227811716696864,0.365738009536001,LOADING,0.02714783413180822,0.0010087833098314097,0.042562633317329526,-2.500000000000002,0.0009999441914260165,0.6330398142048358,1,staged_v3,0.09479203766247421,2,1.0554918252077616,0.09616621437945663,2,1,0,0
v3_pelvis_proxy:v3_left_hand_proxy,177,0.5924987527773464,0.09998883828521432,0.3643942824268854,0.01960356047603785,0.45799927179102967,FLAT,0.0,-1,0.0348990107789904,0.011777184533628051,0.2533635816218162,SUPPORT,0.41287706108070354,0.02589099454746276,0.025247063106157066,0.06868670404094565,0.3643942824268854,0.06822803607598688,0,ok,0.0,0.015433488224921297,FLAT,0.0,-1,1.2833735435310942,0.028675706424190033,0.36127677659865354,LOADING,0.024677818876885395,0.014388132405742646,0.032019407632237255,-1.2499999999998623,0.0004999441914260716,0.6335397583962619,0,staged_v3,0.10974441116712587,2,1.0618769456033996,0.11096273241757461,2,1,0,0
v3_pelvis_proxy:v3_left_hand_proxy,178,0.9999999999999999,0.2999888382852145,0.8625095919288801,0.19590607967113,0.43977838058672464,FLAT,0.0,-1,0.05769890125673847,0.06882766644068168,0.2705139998867632,SUPPORT,0.42030164886456284,0.00010539483135683925,0.038420305162981325,0.16257922785927,0.8625095919288801,0.05110028406794059,0,ok,0.0,0.012019612715092012,FLAT,0.0,-1,1.3751899082921317,0.08838129909570727,0.35808016351528105,LOADING,0.022254648727141984,0.0,0.10147866657682884,2.500000000000002,0.0014999441914260725,0.6350397025876879,0,staged_v3,0.09839396329250877,2,1.0612269486834478,0.09839396329250877,2,1,1,1
v3_pelvis_proxy:v3_left_hand_proxy,179,0.9799900203090288,0.09998883828521432,0.870460900884945,0.013292822160696357,0.4114320105908186,FLAT,0.0,-1,0.07660845284113814,0.015568156398394359,0.2838368744184528,UNLOADING,0.3602585561696253,0.023623687322528286,0.031307207523602804,0.1640780142874378,0.870460900884945,0.06651264136522671,0,ok,0.0,0.009360883794728674,FLAT,0.0,-1,1.397922186796448,0.02163299989970551,0.3557896901532548,LOADING,0.01993689574467049,0.02115648460795723,0.03529007316013142,-2.500000000000002,0.0004999441914260716,0.635539646779114,0,staged_v3,0.18397742200886866,2,1.0659798499400064,0.18397742200886866,2,1,0,0
v3_torso_proxy:v3_right_forearm_proxy,180,0.221701927778076,0.10001116171478586,0.4999999880100263,0.012281053224511406,0.32272437854253005,FLAT,0.0,-1,0.1433951997431373,0.006163729957148146,0.26559779842503395,UNLOADING,0.3403410546711604,0.03211615996410355,0.03190142820638554,0.09424777734763701,0.4999999880100263,0.09188106032637204,0,ok,0.0,0.007290263629575115,FLAT,0.0,-1,1.5345986858457077,0.014467049675619823,0.344024612508106,LOADING,0.017771943996764506,0.02773418094978548,0.0396976649016708,-2.500000000000002,-0.0005000558085739293,0.6350395909705401,0,staged_v3,0.20052175750817958,2,1.0637502889560004,0.20127913523707391,2,1,0,0
v3_torso_proxy:v3_right_forearm_proxy,181,0.3391368850514134,0.30001116171478603,0.43252754337953125,0.012910081637924162,0.2822860783144767,FLAT,0.0,-1,0.10465804217412958,0.003148070281384031,0.2266941077716226,UNLOADING,0.3210799460290281,0.033186635107197104,0.03311520675241873,0.08152952116538256,0.43252754337953125,0.09185069481464357,0,ok,0.0,0.005677663023510082,FLAT,0.0,-1,1.6553733102177166,0.007993111068574945,0.3568192301474795,LOADING,0.01575477537928735,0.034847850438799025,0.04057361815801648,-2.500000000000002,-0.0015000558085739302,0.6335395351619661,0,staged_v3,0.10352152369540445,2,1.031893007924316,0.10352152369540445,2,1,0,0
v3_pelvis_proxy:v3_left_hand_proxy,182,1.0,0.10001116171478586,1.0,0.225549482296101,0.34401857811373393,FLAT,0.0,-1,0.05671243800695831,0.05280099632658003,0.19715736391858404,SUPPORT,0.3468639568232225,0.0,0.09237094123941167,0.1884955592153876,1.0,0.05447953974306839,0,ok,0.0,0.004421768408725212,FLAT,0.0,-1,1.7274903220924176,0.020108738786367018,0.3876719619415776,LOADING,0.013890889292883932,0.024274859310711865,0.06699606912451764,2.500000000000002,-0.0005000558085739293,0.6330394793533922,0,staged_v3,0.12848711732222548,2,1.0061166458677782,0.12006634385149055,2,1,1,1
v3_pelvis_proxy:v3_left_hand_proxy,183,0.2391357421875002,0.09998883828521432,0.23913574218749997,0.18674255654773958,0.4368272647112343,FLAT,0.0,-1,0.018500188925841498,0.03937281278786604,0.175993362135484,UNLOADING,0.2973119629913336,0.0,0.07851912222819113,0.045076025452019566,0.23913574218749997,0.0620741179044651,0,ok,0.0,0.003443676699275595,FLAT,0.0,-1,1.6381002935188769,0.007329733559163033,0.4613467881622626,UNLOADING,0.012171469038842739,0.0407376058489501,0.040388167607632926,2.500000000000002,0.0004999441914260716,0.6335394235448183,1,staged_v3,0.2918391110680946,2,1.0004401299020924,0.29312245281988847,2,1,1,1
v3_pelvis_proxy:v3_left_hand_proxy,184,0.9976186821883078,0.10001116171478586,0.999999271319252,0.021873361277917558,0.5238364582962167,FLAT,0.0,-1,0.004170556704165148,0.001642914702953754,0.13656031661217044,UNLOADING,0.25483888195477616,0.030185101127654775,0.02967197376638509,0.18849542186230253,0.999999271319252,0.0875527493587458,0,ok,0.0,0.0026819381100405843,FLAT,0.0,-1,1.5744398674723679,0.00983639267536773,0.48679948369846865,UNLOADING,0.010629312322259717,0.0395035815095557,0.052079984141933364,-2.500000000000002,-0.0005000558085739293,0.6330393677362444,0,staged_v3,0.10102609959793496,2,1.0389462063717032,0.10265108511419578,2,1,0,0
v3_pelvis_proxy:v3_right_hand_proxy,185,0.26967835491225,0.30001116171478603,0.3731989374626037,0.01286511584722923,0.5452387288326895,FLAT,0.0,-1,0.014467810506018652,0.0029958669516819353,0.11043232337678861,UNLOADING,0.28398013354170415,0.0275257492171575,0.028193472325646552,0.07034634241560195,0.3731989374626037,0.08678827637940222,0,ok,0.0,0.002088695500248651,FLAT,0.0,-1,1.3604318297253393,0.004655106118324375,0.5013125263767958,UNLOADING,0.00925964003082078,0.04541052020051541,0.055355434547901775,-2.500000000000002,-0.0015000558085739302,0.6315393119276704,0,staged_v3,0.1562986104037758,2,1.068835706548378,0.15686696263359848,2,1,0,0
v3_pelvis_proxy:v3_left_hand_proxy,186,0.059565656729990264,0.04687604641075982,0.09375000000000006,0.017734557012761144,0.5547661570280663,FLAT,0.0,-1,0.036806967610492805,0.005286819064220735,0.0953966733798145,SUPPORT,0.321123098527756,0.024483014604769992,0.0303547443959221,0.017671458676442597,0.09375000000000006,0.08678663370761211,0,ok,0.0,0.001626677691191369,FLAT,0.0,-1,1.3223608714873778,0.003373086267865745,0.5039938214472512,UNLOADING,0.008052097481467074,0.04682660480449682,0.050641885242576325,3.1641889413003277,-0.0002343802320537991,0.6313049316956166,1,staged_v3,0.1529427702190514,2,1.1083692161198384,0.14863884782440775,2,0,0,0
v3_pelvis_proxy:v3_left_hand_proxy,187,0.6664634277191812,0.24687604641076,0.9999991611245235,0.05096989950395985,0.5772826820640968,FLAT,0.0,-1,0.04499310910079472,0.03653622904699276,0.09077211729336881,SUPPORT,0.34946511959141613,0.0021504599796166105,0.027388145885051833,0.18849540109108553,0.9999991611245235,0.03839617950914931,0,ok,0.0,0.0012668578597046232,FLAT,0.0,-1,1.2093670773616696,0.017432725224204387,0.5150103562340628,UNLOADING,0.006989571118697524,0.03331779258749876,0.03741279706212882,-2.500000000000002,-0.0012343802320538,0.6300705514635628,0,staged_v3,0.16589903717188398,2,1.1081272150209414,0.1391602971989914,2,0,0,0
v3_pelvis_proxy:v3_left_hand_proxy,188,1.0,0.04687604641075982,1.0,0.2292093700410734,0.5978995492818658,FLAT,0.0,-1,0.04033432934848935,0.05894110138780798,0.08726430711265189,SUPPORT,0.3695720956731329,0.0,0.039078675750660034,0.1884955592153876,1.0,0.054487811297026664,0,ok,0.0,0.0009866298931781245,FLAT,0.0,-1,1.069645779281247,0.007657757891540357,0.5046810611654393,UNLOADING,0.006060874740556656,0.042576295166731615,0.09051407070130443,2.500000000000002,-0.0002343802320537991,0.629836171231509,0,staged_v3,0.23771747515185276,2,1.1018414922961435,0.23771747515185276,2,1,1,1
v3_pelvis_proxy:v3_left_hand_proxy,189,0.14294433593750006,0.15312395358924036,0.1429443359375,0.232087814990781,0.6132891782507407,FLAT,0.0,-1,0.04009993149124223,0.06006646962530731,0.08528355066667012,SUPPORT,0.38565767653850636,0.0,0.045954322286995156,0.026944372539211288,0.1429443359375,0.05221326935107276,0,ok,0.0,0.00076838813340878,FLAT,0.0,-1,0.9919339715175307,0.00425637944534497,0.47905681065521594,UNLOADING,0.005252219286887513,0.04469646108741583,0.09125525220093997,2.500000000000002,0.0007656197679462018,0.6306017909994552,1,staged_v3,0.3455211789867166,2,1.0790511618791487,0.3455211789867166,2,1,1,1
v3_pelvis_proxy:v3_left_hand_proxy,190,0.9489808933245538,0.05312395358925137,0.6634737731928296,0.06565795846229337,0.6286961817729912,FLAT,0.0,-1,0.036211761309680165,0.005661303543049113,0.08315123714831085,SUPPORT,0.3985261412308051,0.02349625831436643,0.03065524377322681,0.12506185990272567,0.6634737731928296,0.03577265054840702,0,ok,0.0,0.0005984212800015329,FLAT,0.0,-1,0.8567319449888512,0.012803811287548705,0.4606962328546545,UNLOADING,0.004548006653138549,0.03523100035518402,0.08524259817178453,-1.2499999999998623,0.00026561976794625686,0.6308674107674015,0,staged_v3,0.13657604354066807,2,1.049663355955226,0.13207064631646034,2,1,0,0
v3_pelvis_proxy:v3_right_hand_proxy,191,0.9999999999999999,0.25312395358925155,1.0,0.16778888167708486,0.6265592338663681,FLAT,0.0,-1,0.04596659286909405,0.036452018514716966,0.10194984429390452,SUPPORT,0.40882091298464407,0.0,0.09610626922349948,0.1884955592153876,1.0,0.08224394355022835,0,ok,0.0,0.0004660509614717863,FLAT,0.0,-1,0.7252354248700212,0.03808573484921776,0.4475403039803262,LOADING,0.003935073470190811,0.00929128034979855,0.12759902322707106,2.500000000000002,0.0012656197679462577,0.6321330305353478,0,staged_v3,0.19337636727224722,2,1.0597476384393294,0.14054775514715917,2,0,1,1
v3_pelvis_proxy:v3_right_hand_proxy,192,0.9943237304687502,0.4531239535892517,0.9943237304687502,0.07730270663565117,0.61032693533692,FLAT,0.0,-1,0.059066017351925536,0.023980199688122303,0.18474412800406284,UNLOADING,0.3504179254154092,0.027477970687894957,0.0067592357123081835,0.1874256076158374,0.9943237304687502,0.07172630240564018,0,ok,0.0,0.0003629608537454083,FLAT,0.0,-1,0.5132482268528303,0.15090875157528866,0.4291029242320566,LOADING,0.0034025220158809075,0.0,0.19757595845145065,2.500000000000002,0.0022656197679462586,0.634398650303294,1,staged_v3,0.2500141967187171,2,0.9920353708074081,0.2500141967187171,2,1,0,0
v3_pelvis_proxy:v3_right_hand_proxy,193,0.9999467833454929,0.25312395358925155,1.0000000000000002,0.07216991858836538,0.5792945784722034,FLAT,0.0,-1,0.07107646718768759,0.009698117834198314,0.24526415546451105,UNLOADING,0.30607971671797035,0.02756508993902724,0.046618783093503466,0.18849555921538763,1.0000000000000002,0.07440792758567577,0,ok,0.0,0.00028267419712118966,FLAT,0.0,-1,0.4364251141219802,0.0204281903242436,0.38072800929665696,LOADING,0.002941454901151022,0.02360821014058925,0.08909196021386578,-2.500000000000002,0.0012656197679462577,0.6356642700712403,0,staged_v3,0.35826936335218607,2,1.0174953062643395,0.3594488781849721,2,1,0,0
v3_pelvis_proxy:v3_right_hand_proxy,194,0.5029956267239665,0.05312395358925137,1.0,0.08640580366202935,0.5268449285787499,FLAT,0.0,-1,0.08617252924791316,0.008934117515182683,0.28833237724122224,UNLOADING,0.2690229296705261,0.03163711986988242,0.007779498992178698,0.1884955592153876,1.0,0.02722517047706096,0,ok,0.0,0.00022014688607206316,FLAT,0.0,-1,0.38832748378401777,0.05140917058544128,0.3170225079489018,LOADING,0.00254272639643407,0.0,0.07829299678962814,-2.500000000000002,0.00026561976794625686,0.6359298898391865,0,staged_v3,0.4014040818785752,2,1.057362032303374,0.3734823166512772,2,0,0,0
v3_pelvis_proxy:v3_left_hand_proxy,195,0.5889595177241334,0.1468760464107488,1.0000000000000002,0.012732548244534033,0.5042961162473111,FLAT,0.0,1,0.06282465977987046,0.050602514324103315,0.32172033746521883,UNLOADING,0.23059108257473665,0.009619931789492664,0.031466085083768275,0.18849555921538763,1.0000000000000002,0.06546366767774407,0,ok,0.0,0.08827751503102253,FLAT,0.0,-1,0.01809325266243803,0.02234995609471434,0.27137552157743444,LOADING,0.014898412786331052,0.016218819984157386,0.06875319288130081,-2.500000000000002,-0.000734380232053744,0.6351955096071328,0,staged_v3,0.38143466788408387,2,1.071799713237977,0.382924676772381,2,0,0,0
v3_pelvis_proxy:v3_left_hand_proxy,196,0.4953176783451182,0.346876046410749,1.0,0.06377672130108254,0.47556381424897964,FLAT,0.0,-1,0.0656459200598794,0.004507595416833107,0.3503847707213416,UNLOADING,0.2423800241143803,0.038011643119233975,0.013930787793102683,0.1884955592153876,1.0,0.08218672991266006,0,ok,0.0,0.14996896715897584,FLAT,0.0,-1,0.06663428524311996,0.035595817694946415,0.25805547881784285,LOADING,0.03417246093525464,0.002306956245945728,0.08290550948808671,-2.500000000000002,-0.001734380232053745,0.633461129375079,0,staged_v3,0.454672548408873,2,1.0648644037615012,0.4538857137114353,2,0,0,0
v3_pelvis_proxy:v3_left_hand_proxy,197,0.10498046875000006,0.1468760464107488,0.10214873416120837,0.0723513573278513,0.47338008990960856,FLAT,0.0,-1,0.024475590937154002,0.0008398742113000729,0.37822324035264443,UNLOADING,0.21601762486096776,0.043071287806332154,0.010130516407804702,0.01925458276886094,0.10214873416120837,0.08270004761134535,0,ok,0.0,0.14080067652051476,FLAT,0.0,-1,0.11364523820758421,0.03737410971459877,0.24991131385574164,LOADING,0.04846056764010284,0.00012145597818831455,0.0818437973379176,2.500000000000002,-0.000734380232053744,0.6327267491430253,1,staged_v3,0.37055772593110886,2,1.070809318424194,0.37055772593110886,2,1,1,1
v3_pelvis_proxy:v3_right_hand_proxy,198,0.5253830115963668,0.346876046410749,1.0,0.07142199280764587,0.4170396001893078,FLAT,0.0,-1,0.09313100859194269,0.02112405831139961,0.3750483877711961,UNLOADING,0.18974531371638365,0.0226283610771602,0.04245341204323292,0.1884955592153876,1.0,0.0712627373228207,0,ok,0.0,0.17976900929832323,FLAT,0.0,-1,0.08284860302208079,0.0314604574167154,0.2415112368970897,LOADING,0.06603900881346643,0.005654679077139714,0.03142088276771477,-2.500000000000002,-0.001734380232053745,0.6309923689109715,0,staged_v3,0.19690897982323197,2,1.0720203012881881,0.159374399034114,2,0,0,0
v3_pelvis_proxy:v3_right_hand_proxy,199,0.5757922940437374,0.5468760464107492,0.999994710826591,0.013343425619562387,0.3247907671992185,FLAT,0.0,-1,0.21075861854815786,0.003337353753404636,0.32775225326070145,LOADING,0.16669283313809222,0.03805025890963044,0.025430161068945863,0.18849456222968808,0.999994710826591,0.03934042897882643,0,ok,0.0,0.1400042452135048,FLAT,0.0,-1,0.18341342284143897,0.022488740327645248,0.23318046476438756,LOADING,0.07430280509989963,0.014170282910574133,0.06981838862880797,-2.500000000000002,-0.002734380232053746,0.6282579886789178,0,staged_v3,0.2706098741200563,2,1.0650150651734072,0.25985334695997186,2,0,0,0
v3_pelvis_proxy:v3_right_hand_proxy,200,1.0,0.346876046410749,0.9999983675077273,0.1171961012512812,0.3737003325191075,FLAT,0.0,-1,0.05153624273742048,0.03566699651856399,0.30109024004257984,LOADING,0.18199998834294354,0.013051368941315818,0.027003143060813174,0.18849525149784374,0.9999983675077273,0.04111103502397795,0,ok,0.0,0.20344642907886112,FLAT,0.0,-1,0.05767948132881406,0.027894630297602162,0.255558074632672,LOADING,0.08973305435443468,0.00988327343403144,0.08635784834671709,2.500000000000002,-0.001734380232053745,0.626523608446864,0,staged_v3,0.296947907759305,2,1.0747860597944052,0.296947907759305,2,1,1,1
v3_pelvis_proxy:v3_right_hand_proxy,201,0.8999155604475038,0.2468760464107378,0.9542766761132595,0.057238184546507934,0.46013360541592147,FLAT,0.0,-1,0.021932377796334415,0.004303077708203665,0.28936957342486724,UNLOADING,0.15599999000823733,0.0351654009630397,0.014722846459434658,0.17987691571017017,0.9542766761132595,0.05205705422567515,0,ok,0.0,0.22190164568981974,FLAT,0.0,-1,0.08558713056477149,0.046190252764227314,0.2715923327591028,LOADING,0.10411341550231529,0.0,0.07582232018615692,1.2500000000001399,-0.001234380232053689,0.6252892282148104,1,staged_v3,0.2357117259913664,2,1.0685153730791823,0.23646252843792545,2,1,0,0
v3_torso_proxy:v3_left_forearm_proxy,202,0.41181267715116954,0.44687604641073797,1.0,0.013360364568225593,0.48082114951761395,FLAT,0.0,-1,0.04012180972437787,0.01358022075460685,0.2851242150128965,UNLOADING,0.1469570880901142,0.025675989996037974,0.03928140530318628,0.1884955592153876,1.0,0.08747429322516558,0,ok,0.0,0.17281717542806505,FLAT,0.0,-1,0.1671022458625763,0.006198616645358045,0.24991219967667236,LOADING,0.10921634339683782,0.031296993338475576,0.04871374166921528,-2.500000000000002,-0.00223438023205369,0.6230548479827567,0,staged_v3,0.23632471584546888,2,1.0642369686258997,0.18769352789383573,2,0,0,0
v3_pelvis_proxy:v3_right_hand_proxy,203,0.3405151367187504,0.2468760464107378,0.34051513671875017,0.02267555153539547,0.5239219464251492,FLAT,0.0,-1,0.03372942330780399,0.00027237854480259994,0.2871593382124298,UNLOADING,0.18711301297312777,0.03908558836581889,0.019040870922203558,0.06418559111710498,0.34051513671875017,0.08307997889782147,0,ok,0.0,0.2114976056661071,FLAT,0.0,-1,0.04250162705644158,0.016638461473586594,0.2153119650337885,LOADING,0.12056500283550951,0.019127136778102835,0.03978443013900196,2.500000000000002,-0.001234380232053689,0.621820467750703,1,staged_v3,0.28423800553927514,2,1.0378538882088617,0.28199176826353717,2,0,1,1
v3_pelvis_proxy:v3_right_hand_proxy,204,0.36552099450938547,0.44687604641073797,0.9999942419517996,0.015888735224757717,0.48728325177432175,FLAT,0.0,-1,0.07255909883105746,0.03163430371330674,0.31234099843557256,UNLOADING,0.204248893506221,0.008982746208471885,0.0565253418847738,0.18849447384887208,0.9999942419517996,0.051761791378035174,0,ok,0.0,0.21168929494759162,FLAT,0.0,-1,0.022302990058319674,0.013112189178924209,0.17229682638156305,LOADING,0.1314951825182418,0.020502652140153944,0.02775170947735623,-2.500000000000002,-0.00223438023205369,0.6195860875186493,0,staged_v3,0.24877468585766485,2,1.0193630601973613,0.20193399557836253,2,0,0,0
v3_pelvis_proxy:v3_right_hand_proxy,205,1.0000000000000002,0.2468760464107378,0.9999999904289862,0.2188742974879665,0.496875702919338,FLAT,0.0,-1,0.05261322763165427,0.07871472651015474,0.36905222253958325,UNLOADING,0.22007728002350577,0.0,0.061001542349828464,0.188495557411294,0.9999999904289862,0.02823734702473349,0,ok,0.0,0.17732727878731216,FLAT,0.0,-1,0.12713264332761653,0.010693777093982847,0.13780994864691218,LOADING,0.13577410913538063,0.02119672033836276,0.07623213051023928,2.500000000000002,-0.001234380232053689,0.6183517072865956,0,staged_v3,0.261143469567619,2,1.040537944299339,0.2626531447562935,2,1,1,1
v3_pelvis_proxy:v3_right_hand_proxy,206,1.0,0.046876046410737615,1.0,0.1966531392304497,0.4777522520707644,FLAT,0.0,-1,0.07827238985835057,0.0547077836576301,0.43774278410555456,UNLOADING,0.18863766859157638,0.0,0.0830153307708292,0.1884955592153876,1.0,0.07245604553696024,0,ok,0.0,0.17393258017655785,FLAT,0.0,-1,0.10127310964100411,0.011632210519361346,0.1078159115482819,LOADING,0.13965526340768003,0.01875858505805275,0.07198365200863036,2.500000000000002,-0.00023438023205368808,0.6181173270545419,0,staged_v3,0.3511924002767924,2,1.0939844631251667,0.3526441324137567,2,1,1,1
v3_pelvis_proxy:v3_right_hand_proxy,207,0.14440917968750036,0.15312395358926256,0.14440917968749994,0.20167414200589887,0.39168966176814046,FLAT,0.0,-1,0.13492799173277292,0.04832590033363676,0.5080065132149388,UNLOADING,0.16168943022135118,0.002074425327110184,0.0672530931749957,0.027220489081030697,0.14440917968749994,0.06984047287948203,0,ok,0.0,0.224698673510004,FLAT,0.0,-1,0.06302601639577977,0.005912131844967219,0.08506572920224599,LOADING,0.15284111412556364,0.023341154615145084,0.061890947840952254,2.500000000000002,0.0007656197679463128,0.6188829468224882,1,staged_v3,0.42812251500418097,2,1.0531363105361395,0.4292308944448716,2,0,1,1
v3_pelvis_proxy:v3_right_hand_proxy,208,0.8836747845607831,0.046876046410737615,1.0,0.0973043930326286,0.3050482153060015,FLAT,0.0,-1,0.1934636378655066,0.0073748422335589425,0.5586366096652655,UNLOADING,0.1385909401897296,0.04555698824970433,0.010848082426942112,0.1884955592153876,1.0,0.027135115353811273,0,ok,0.0,0.2811518407128749,FLAT,0.0,-1,0.05180787482823069,0.03052758848305645,0.06816939140372706,SUPPORT,0.21227289130045093,0.0,0.03296780159694827,-2.500000000000002,-0.00023438023205368808,0.6186485665904345,0,staged_v3,0.19744852981091301,2,1.101068006347026,0.1646458224975531,2,0,0,0
v3_pelvis_proxy:v3_right_hand_proxy,209,0.6273803710937502,0.15312395358926256,0.62738037109375,0.03898036548692001,0.23757178895484848,FLAT,0.0,-1,0.22050019564412857,0.031290266640944156,0.5955870917706917,UNLOADING,0.11879223444833965,0.03564606808289146,0.019133286505643127,0.1182584138900738,0.62738037109375,0.043991639039951055,0,ok,0.0,0.32666673404734875,FLAT,0.0,-1,0.0450628163037283,0.0008543512522199885,0.05587255233574721,SUPPORT,0.25981831304036074,0.026939276364567374,0.001953663796503629,2.500000000000002,0.0007656197679463128,0.6194141863583809,1,staged_v3,0.30195527429190405,2,1.1156243836188109,0.3037088923641307,2,1,1,1
v3_pelvis_proxy:v3_right_hand_proxy,210,1.0,0.35312395358926274,0.9999994832411512,0.19412576944564594,0.18502109527371052,FLAT,0.0,-1,0.2703959239633187,0.01728555830120314,0.6229690281407283,UNLOADING,0.1072486857065166,0.03886289310583328,0.07606406324280537,0.1884954618086394,0.9999994832411512,0.04335427292386225,0,ok,0.0,0.365577088809122,FLAT,0.0,-1,0.046555916332185976,0.04405038610105785,0.04689503155515219,SUPPORT,0.2978546504322886,0.0,0.0963071482416098,2.500000000000002,0.0017656197679463137,0.6211798061263272,0,staged_v3,0.2455932956370392,2,1.1000695936377949,0.2455932956370392,2,1,1,1
v3_pelvis_proxy:v3_right_hand_proxy,211,0.9727394217440304,0.15312395358926256,0.729018938340584,0.10864869860387212,0.14409457388389477,FLAT,0.0,-1,0.3283891801531751,0.0019383882059787584,0.6239704209067898,UNLOADING,0.09192744489129995,0.05426013283936073,0.06496188812728047,0.13741683246111655,0.729018938340584,0.047667128050768226,0,ok,0.0,0.40180602860040504,FLAT,0.0,-1,0.04108379749488892,0.003672681526346638,0.04057027723442253,SUPPORT,0.32828372034583087,0.023355832335374492,0.0654105252090946,-2.500000000000002,0.0007656197679463128,0.6219454258942735,1,staged_v3,0.1484573509352398,2,1.0894556418717471,0.15007392510398418,2,1,0,0
v3_pelvis_proxy:v3_left_hand_proxy,212,0.7679362667474143,0.046876046410737615,0.9999855116907347,0.055597766541304654,0.11222096697711766,FLAT,0.0,-1,0.450661295181922,0.0408737156480775,0.6043202506132689,UNLOADING,0.07879495276397139,0.014342296882585946,0.04717487949211077,0.18849282823343055,0.9999855116907347,0.08315744455769951,0,ok,0.04421152485838884,0.4391768675452441,FLAT,0.0,-1,0.033338752044132454,0.007040679122151755,0.03699535107318388,SUPPORT,0.35262697627666467,0.01980908843150744,0.02860972956063466,-2.500000000000002,-0.00023438023205368808,0.6217110456622198,0,staged_v3,0.16173142270930263,2,1.068655956775838,0.15324712666231344,2,0,0,0
v3_torso_proxy:v3_left_forearm_proxy,213,0.9037475585937504,0.15312395358926256,0.9037475585937503,0.10967659135159133,0.0873977769588095,FLAT,0.0,-1,0.6471432191347022,0.0046328213297079195,0.5683577926292227,UNLOADING,0.06910364199485344,0.04878506830175322,0.007095188112083926,0.17035240144667024,0.9037475585937503,0.08560124362339637,0,ok,0.1279751302667604,0.4614004578105233,FLAT,0.0,-1,0.0396978910488529,0.013671466887100771,0.035704013120223095,SUPPORT,0.37210158102133173,0.013113733768910386,0.041871923102745325,2.500000000000002,0.0007656197679463128,0.6224766654301661,1,staged_v3,0.31815833048616543,2,1.0405893815405407,0.31815833048616543,2,1,1,1
v3_torso_proxy:v3_left_forearm_proxy,214,0.26733398437500006,0.35312395358926274,0.09925226865174888,0.10519466278993138,0.06806545713422082,FLAT,0.0,-1,0.7543419289835768,0.010121421417397816,0.5192617977256075,UNLOADING,0.05923169313844581,0.045484368003178774,0.005478721883101608,0.01870861188290729,0.09925226865174888,0.08598380315894115,0,ok,0.1260623681178185,0.47674389724117927,FLAT,0.0,-1,0.04142584993092408,0.015842985297537485,0.036049320864770536,SUPPORT,0.3876812648170654,0.010959480745701043,0.031137954252590902,2.500000000000002,0.0017656197679463137,0.6242422851981124,1,staged_v3,0.29103736325899415,2,1.0395600613200109,0.29260587746034317,2,1,1,1
v3_torso_proxy:v3_left_forearm_proxy,215,0.9999999999999999,0.5531239535892629,1.0000000000000002,0.24114676041180566,0.05300943131624432,FLAT,0.0,-1,0.9065747250042632,0.047463430802251405,0.4798132242142877,UNLOADING,0.05077002269009641,0.01487953312485811,0.03411112808585628,0.18849555921538763,1.0000000000000002,0.06376321549732009,0,ok,0.17735186268066358,0.4874487483075862,FLAT,0.0,-1,0.037914890419592416,0.04968486813280457,0.03705850669759904,SUPPORT,0.4001450118536523,0.0,0.06738631097711853,2.500000000000002,0.0027656197679463146,0.6270079049660587,0,staged_v3,0.23929097630221388,2,1.093505722987429,0.18616724883319966,2,0,1,1
v3_torso_proxy:v3_left_forearm_proxy,216,1.0000000000000002,0.7531239535892631,0.999999377238978,0.05789002603075481,0.04128378661926093,FLAT,0.0,-1,0.951523613583332,0.020176214292320954,0.44610213728199344,UNLOADING,0.04351716230579692,0.02712889257177872,0.035133454856113557,0.1884954418277005,0.999999377238978,0.08121562618914978,0,ok,0.10742786887421371,0.4965423539389072,FLAT,0.0,-1,0.03907371312011591,0.013047244071260084,0.03886424088865767,SUPPORT,0.4101160094829219,0.019089930881441685,0.0078532811629912,2.500000000000002,0.0037656197679463155,0.630773524734005,0,staged_v3,0.40941475804514255,2,1.0462808636170433,0.3989458013267013,2,0,0,0
v3_torso_proxy:v3_left_forearm_proxy,217,0.6206054687500002,0.9531239535892633,0.6206054687500002,0.11976191999757567,0.0321518453472332,FLAT,0.0,-1,1.0240089225660958,0.006938843318317619,0.4207584915655459,LOADING,0.037996722434207444,0.03909908125995967,0.058000891266420426,0.11698137488415905,0.6206054687500002,0.0812259950316858,0,ok,0.11571898265780653,0.49664315736105824,FLAT,0.0,-1,0.04645408152238667,0.024878991288881148,0.04159746084718289,SUPPORT,0.4180928075863375,0.002200881753477997,0.06351164184717811,2.500000000000002,0.004765619767946316,0.6355391445019514,1,staged_v3,0.3247517173716509,2,1.0391772441794953,0.3247517173716509,2,1,1,1
v3_torso_proxy:v3_left_forearm_proxy,218,0.14691162109374986,1.0000000000000009,0.14370298579787547,0.07986061991016613,0.025039882333615922,FLAT,0.0,-1,1.0156424829755615,0.005796711013878766,0.40070067469568504,UNLOADING,0.03256861922932067,0.039238322720905494,0.05548552140250582,0.02708737466889144,0.14370298579787547,0.08081189032722982,0,ok,0.07604005404005507,0.4972271359133231,FLAT,0.0,-1,0.04616006218998331,0.02820013327217274,0.07247422196234111,UNLOADING,0.35836526364543214,0.0004235778259443178,0.0712065909667733,0.5859505801342202,0.0050000000000000044,0.6405391445019514,1,staged_v3,0.10771796993059399,2,1.0462270456472271,0.10654337619381546,2,1,1,1
v3_torso_proxy:v3_left_forearm_proxy,219,0.9965047443144559,0.8000000000000007,1.0,0.0,0.019501079969435918,FLAT,0.0,-1,1.0186283894481756,0.021151313588033096,0.35798175194405346,UNLOADING,0.02805546274030765,0.021747774009169583,0.05342567892088461,0.1884955592153876,1.0,0.0795447744092641,0,ok,0.06361875981583365,0.497199366683151,FLAT,0.0,-1,0.04417300552122667,0.004218340098395297,0.06675108750543676,UNLOADING,0.31373134836270494,0.024119214276876542,0.05254147369509081,-2.500000000000002,0.0040000000000000036,0.6445391445019514,0,staged_v3,0.10259869954015745,2,1.0507356268139814,0.10450807337842707,2,1,0,0
v3_torso_proxy:v3_left_forearm_proxy,220,0.5433062472356013,0.6000000000000005,0.4272164431831793,0.0,0.015187456350934781,FLAT,0.0,-1,0.9267589281653403,0.028139878870872888,0.3273723062385264,UNLOADING,0.02550689716875403,0.013228736441053435,0.05801868634068938,0.08052840236382225,0.4272164431831793,0.07585966236337079,0,ok,0.09541267725498721,0.5005961364378283,FLAT,0.0,-1,0.044276198829414436,0.004541708957887543,0.06208875501893608,UNLOADING,0.28220044536602445,0.023562728793059262,0.04769447543166231,-2.500000000000002,0.0030000000000000027,0.6475391445019514,0,staged_v3,0.13452362353099648,2,1.053310766253573,0.13401039276973267,2,1,0,0
v3_torso_proxy:v3_left_forearm_proxy,221,0.41479492187500006,0.8000000000000007,0.25227195808516323,0.0,0.011828002898970789,FLAT,0.0,-1,0.8986958492203835,0.04131247524371241,0.3054396799912079,LOADING,0.02303666349872832,0.0,0.07187115070296408,0.04755214381362366,0.25227195808516323,0.07668476826188039,0,ok,0.11594487233073857,0.5072491863033495,FLAT,0.0,-1,0.04031514242391017,0.00044701356067216886,0.057791868546612155,SUPPORT,0.31576035629281957,0.02744257986665844,0.044161372144316674,2.500000000000002,0.0040000000000000036,0.6515391445019514,1,staged_v3,0.09062932628781734,2,1.043973203342689,0.09054298182077879,2,1,1,1
v3_torso_proxy:v3_left_forearm_proxy,222,0.5123296984670228,0.6000000000000005,0.6342897834800505,0.0,0.009211657919889298,FLAT,0.0,-1,0.8376857851301983,0.022342137242594252,0.3180711355045127,LOADING,0.020643096631114414,0.01856141953263139,0.05521174702728446,0.11956080744167924,0.6342897834800505,0.07301589306404274,0,ok,0.09834164191441068,0.5160728650174672,FLAT,0.0,-1,0.035587591159808904,0.02101073635589329,0.08214030112548917,UNLOADING,0.2706517339652739,0.008096278700381172,0.06325412259466522,-2.500000000000002,0.0030000000000000027,0.6545391445019514,0,staged_v3,0.09623741194690577,2,1.0504038669045144,0.09702299006050255,2,1,0,0
v3_torso_proxy:v3_left_forearm_proxy,223,0.17368037232838776,0.40000000000000036,0.16276513444323368,0.0,0.007174046401395694,FLAT,0.0,-1,0.7597280026542919,0.021920573692336708,0.2987750999352945,LOADING,0.018412742822509248,0.01801818130442802,0.05489225904267629,0.03068050503764508,0.16276513444323368,0.07178964493394456,0,ok,0.0966966197856313,0.5275108699403304,FLAT,0.0,-1,0.03183747511124121,0.019847716528556863,0.0985530009463846,UNLOADING,0.23198720054166336,0.010079933518762369,0.0617969364432573,-2.500000000000002,0.0020000000000000018,0.6565391445019514,0,staged_v3,0.09360935076805914,2,1.0504904004716162,0.09251229756991765,2,1,0,0
v3_torso_proxy:v3_left_forearm_proxy,224,0.19972101715329332,0.20000000000000018,0.2950107707950892,0.0,0.0055871529551975605,FLAT,0.0,-1,0.7281404715485025,0.021652530697355635,0.28494888628000414,LOADING,0.01635307955402764,0.017594913616644572,0.054144603365175445,0.05560822021558287,0.2950107707950892,0.0693333594058988,0,ok,0.09606572526276104,0.5349173441648819,FLAT,0.0,-1,0.030628741155521073,0.019948427365395514,0.1087271691437447,UNLOADING,0.1988461718928543,0.010487931091791722,0.06121405249132922,-2.500000000000002,0.0010000000000000009,0.6575391445019514,0,staged_v3,0.09757305814295167,2,1.0500135131849382,0.09604506600944462,2,1,0,0
v3_torso_proxy:v3_left_forearm_proxy,225,0.24000679110978956,0.0,0.5139360900155561,0.0,0.004351279096647574,FLAT,0.0,-1,0.6299372500019557,0.01985710039161534,0.2712496258670567,LOADING,0.014469924799114945,0.018705380901737498,0.049143348289487285,0.09687467068845201,0.5139360900155561,0.06558833222701753,0,ok,0.0957731626034347,0.5457420268588008,FLAT,0.0,-1,0.025754490867153392,0.01921960733374694,0.11473495706348086,UNLOADING,0.17043957590816083,0.011517140519427104,0.05986043319549975,-2.500000000000002,0.0,0.6575391445019514,0,staged_v3,0.10299489884299397,2,1.0485604292858393,0.10278575805889152,2,0,0,0
v3_torso_proxy:v3_left_forearm_proxy,226,0.13988848101743268,0.20000000000000018,0.3847731289779386,0.0,0.003388779567831366,FLAT,0.0,-1,0.4732432853171521,0.016658290696576577,0.21790552104227137,LOADING,0.012781413512156477,0.01923698535553699,0.04417757131203914,0.072528026117751,0.3847731289779386,0.06414918579505535,0,ok,0.09582179191700084,0.5582165689055031,FLAT,0.0,-1,0.023763131201236527,0.017751159115359832,0.11810389072182673,UNLOADING,0.14609106506413785,0.013154035420731507,0.05810655017612207,-2.500000000000002,-0.0010000000000000009,0.6565391445019514,0,staged_v3,0.1080028515536187,2,1.0485210991327445,0.10579081116160109,2,0,0,0
v3_torso_proxy:v3_left_forearm_proxy,227,0.11903804786353461,0.40000000000000036,0.3542031677077855,0.0,0.002639184181083445,FLAT,0.0,-1,0.166132430179585,0.011662021010862951,0.16595494398174887,LOADING,0.011269954227299012,0.021635726188224493,0.039932648233739765,0.06676572417294074,0.3542031677077855,0.06329663968141751,0,ok,0.09577335826345913,0.5718764239936309,FLAT,0.0,-1,0.017982914152684215,0.015323464122115608,0.11980229671782869,UNLOADING,0.12522091291211818,0.015666650713775827,0.055781949721140686,-2.500000000000002,-0.0020000000000000018,0.6545391445019514,0,staged_v3,0.11222932291723947,2,1.0488545234380084,0.11018751640049096,2,0,0,0
v3_torso_proxy:v3_left_forearm_proxy,228,0.10584118830370619,0.6000000000000005,0.22389783441228983,0.0,0.07368055773623347,FLAT,0.0,-1,0.06927619010015346,0.007238329809701693,0.12350297262208222,LOADING,0.021932121348110345,0.02393681882140242,0.036323451857520776,0.04220374750465883,0.22389783441228983,0.0630118881638413,0,ok,0.09561631084644534,0.582628266998172,FLAT,0.0,-1,0.02016142703662594,0.011708533348947052,0.12062352762635417,UNLOADING,0.10733221106752987,0.01932264303237066,0.05216524928518372,-2.500000000000002,-0.0030000000000000027,0.6515391445019514,0,staged_v3,0.11600811478082493,2,1.048900904589474,0.11389647786996472,2,0,0,0
v3_torso_proxy:v3_left_forearm_proxy,229,0.17492675781249992,0.40000000000000036,0.17492675781250022,0.0,0.21273842223968914,FLAT,0.0,-1,0.02011188214713176,0.014115353897527508,0.0930848059472993,LOADING,0.05613283857608289,0.01553888639983746,0.039589175975714784,0.0329729170356019,0.17492675781250022,0.06190155000810249,0,ok,0.08831225371169667,0.5896760317219287,FLAT,0.0,-1,0.022907475643782836,0.004016035427661473,0.1191673063973016,UNLOADING,0.09199903805788275,0.026942329892203607,0.03958908803377188,2.500000000000002,-0.0020000000000000018,0.6495391445019514,1,staged_v3,0.1507641900829059,2,1.082057524438249,0.14862036012903238,2,0,1,1
v3_pelvis_proxy:v3_left_hand_proxy,230,1.0000000000000002,0.20000000000000018,1.0,0.0,0.3525343106770643,FLAT,0.0,-1,0.010994262845610125,0.09778147788403008,0.07128923711456514,SUPPORT,0.13490627086086632,0.0008906538808257335,0.027673807974902525,0.1884955592153876,1.0,0.039370008717258195,0,ok,0.15813461402237572,0.6122775260360477,FLAT,0.0,-1,0.0032347448851763705,0.028837661221109492,0.11799365714586005,UNLOADING,0.07885631833532807,0.002062021636183513,0.07352769370797138,2.500000000000002,-0.0010000000000000009,0.6485391445019514,0,staged_v3,0.20970305111827792,2,1.0501317238910226,0.20223028075808475,2,1,1,1
v3_pelvis_proxy:v3_left_hand_proxy,231,0.844574071330517,0.40000000000000036,0.9232753190717313,0.0,0.4600413544983946,FLAT,0.0,-1,0.011973498461056348,0.010951552080324438,0.0556720296141449,SUPPORT,0.19792501668869306,0.01683204940038281,0.036066855575474184,0.17403329757819141,0.9232753190717313,0.04645659488052707,0,ok,0.08642506939003758,0.6284637098342828,FLAT,0.0,-1,0.006207868102517532,0.012804216711107912,0.11679082963517523,UNLOADING,0.06759113000170977,0.01803532477065085,0.05444582892094124,-2.500000000000002,-0.0020000000000000018,0.6465391445019514,0,staged_v3,0.2570877319017762,2,1.0561727617223702,0.25878263963230635,2,1,0,0
v3_pelvis_proxy:v3_left_hand_proxy,232,0.8369140624999998,0.20000000000000018,0.8369140625,0.0,0.5397997605975379,FLAT,0.0,-1,0.016662268039980176,0.012535013503126257,0.04448181145636597,SUPPORT,0.2614977112354438,0.02265967757630897,0.00456441299650933,0.15775458422615934,0.8369140625,0.03436345248306895,0,ok,0.14711697633019777,0.6390815070165241,FLAT,0.0,-1,0.009719873823721163,0.04722368442710261,0.11582878989059595,UNLOADING,0.057935254287179806,0.0,0.10475604046490992,2.500000000000002,-0.0010000000000000009,0.6455391445019514,1,staged_v3,0.29172582359660104,2,1.0690439977839847,0.2892025196861111,2,1,1,1
v3_pelvis_proxy:v3_left_hand_proxy,233,0.5965322531812948,0.40000000000000036,1.0,0.0,0.5918469485778188,FLAT,0.0,-1,0.01587417507093574,0.011240613782803794,0.0585218416394252,SUPPORT,0.3206403640240292,0.01668547829916747,0.09541169397906332,0.1884955592153876,1.0,0.07820273773060532,0,ok,0.19468352614862022,0.6446223725111784,FLAT,0.0,-1,0.009306881212192048,0.06692722045796085,0.1684568365047989,UNLOADING,0.04965878938901126,0.006457227300819594,0.026965614524420353,-2.500000000000002,-0.0020000000000000018,0.6435391445019514,0,staged_v3,0.33174909475315634,2,1.071764405759504,0.3317302414515917,2,0,0,0
v3_pelvis_proxy:v3_left_hand_proxy,234,0.7680664062500003,0.20000000000000018,0.7680664062500001,0.1906521940156528,0.6142238848463781,FLAT,0.0,-1,0.027130989731016276,0.018844598329597492,0.07164442987590965,SUPPORT,0.37055592417930194,0.009737623164197993,0.022567421901781917,0.14477710676064684,0.7680664062500001,0.06759962869382741,0,ok,0.13759199335271205,0.6462720680821126,FLAT,0.0,-1,0.011297795684217257,0.007651693832954276,0.20661436820092158,UNLOADING,0.04256467661915251,0.0276790245770918,0.02667028537982647,2.500000000000002,-0.0010000000000000009,0.6425391445019514,1,staged_v3,0.4704450934183378,2,1.0913208901071911,0.47215245151324375,2,1,1,1
v3_pelvis_proxy:v3_left_hand_proxy,235,0.8023681640624999,0.0,0.7584171806233788,0.23175456909336728,0.6306616493597893,FLAT,0.0,-1,0.03239200155708915,0.01311584100286054,0.09328128940272386,SUPPORT,0.38644473934344153,0.02436325475569367,0.005300809714442523,0.14295827058016142,0.7584171806233788,0.06349370752827078,0,ok,0.03542970495538001,0.6557343948521169,FLAT,0.0,-1,0.010030477192234146,0.03328608447173764,0.2335075459126959,UNLOADING,0.036484008530702154,0.003389292823897154,0.10332333460413251,2.500000000000002,0.0,0.6425391445019514,1,staged_v3,0.3024617008639264,2,1.0602789717902794,0.3038517274335117,2,1,1,1
v3_pelvis_proxy:v3_left_hand_proxy,236,0.031372070312499875,0.20000000000000018,0.03137207031250014,0.2048735370958255,0.6516768074883477,FLAT,0.0,-1,0.02821072609597277,0.01242559286549797,0.10782154521834744,SUPPORT,0.3991557914747532,0.0253971500887036,0.004993927172213773,0.0059134959372991736,0.03137207031250014,0.06473346543025314,0,ok,0.011351359602756609,0.6620465986813576,FLAT,0.0,-1,0.010498926193123719,0.034872889051214925,0.25332661414428037,SUPPORT,0.11918720682456174,0.002793441655999096,0.1029440469463403,2.500000000000002,0.0010000000000000009,0.6435391445019514,1,staged_v3,0.17551762276875504,2,1.0512591247978336,0.16166818126413451,2,0,1,1
v3_torso_proxy:v3_left_forearm_proxy,237,0.7075560164473531,0.0,0.9474701164077293,0.17796687194408614,0.6805891961014736,FLAT,0.0,-1,0.02187590716329359,0.012274601580439116,0.146516103440157,UNLOADING,0.3421335355497885,0.020051203591568735,0.03637356580129639,0.17859390943214332,0.9474701164077293,0.08287566650051502,0,ok,0.1302195939296922,0.6606788309253995,FLAT,0.0,-1,0.014587473973745423,0.01663153810114281,0.26841149559015887,SUPPORT,0.18716254551715328,0.021789036678365133,0.05612624157553298,-2.500000000000002,0.0,0.6435391445019514,0,staged_v3,0.15799259624602457,2,1.0647117389001077,0.1451810054767892,2,0,0,0
v3_torso_proxy:v3_left_forearm_proxy,238,0.11670568571540828,0.20000000000000018,0.603058153679449,0.16213647277906665,0.699671257096965,FLAT,0.0,-1,0.02211292024059416,0.007378814719296738,0.174241965954904,UNLOADING,0.29325731618553297,0.026333283578448462,0.03221642915437716,0.1136737839172069,0.603058153679449,0.08313470494429065,0,ok,0.10021234020460182,0.6600937684868157,FLAT,0.0,-1,0.01584449833758171,0.0047714776987473105,0.2506908319352212,UNLOADING,0.1604250390147028,0.03276306389801375,0.04357903286711527,-2.500000000000002,-0.0010000000000000009,0.6425391445019514,0,staged_v3,0.16872765121384428,2,1.0574592232543576,0.16102375142226868,2,0,0,0
v3_pelvis_proxy:v3_right_hand_proxy,239,0.4833081338158769,0.40000000000000036,0.99998929759052,0.1779704721887424,0.7142065816594957,FLAT,0.0,-1,0.022082982579309286,0.023258675138400055,0.16576154561676326,UNLOADING,0.25136572211730274,0.01002940214243811,0.025766757397289976,0.18849354185872771,0.99998929759052,0.04809965331063512,0,ok,0.10682907136051607,0.6596509074302871,FLAT,0.0,-1,0.01716185342224889,0.032620089135326505,0.23787732037584428,UNLOADING,0.1375071762983167,0.00427377688346571,0.07185663037614298,-2.500000000000002,-0.0020000000000000018,0.6405391445019514,0,staged_v3,0.16320878695225133,2,1.0553223712718338,0.1523111036096108,2,0,0,0
v3_pelvis_proxy:v3_right_hand_proxy,240,0.8576660156250003,0.20000000000000018,0.857666015625,0.20065860899329635,0.5562246450711665,FLAT,0.0,-1,0.1817179837398796,0.016589503405420855,0.1596850589176587,SUPPORT,0.2910925776938422,0.029665254974308233,0.0033189979715747006,0.16166623523526774,0.857666015625,0.05588999978938866,0,ok,0.07405435894077526,0.5137366432604704,FLAT,0.0,-1,0.4029722863241342,0.02272611226361489,0.24604329278882053,UNLOADING,0.11786329396998575,0.014576052375826137,0.12640997917662108,2.500000000000002,-0.0010000000000000009,0.6395391445019514,1,staged_v3,0.29007954378756595,2,1.051842897444703,0.2910999652599508,2,1,1,1
v3_pelvis_proxy:v3_right_hand_proxy,241,0.9999999999999999,0.0,1.0000000000000002,0.12474809669180327,0.5394023472594679,FLAT,0.0,-1,0.0718109636465697,0.032896759919035824,0.1553310659394651,SUPPORT,0.3228740621550738,0.0,0.09845753803219517,0.18849555921538763,1.0000000000000002,0.019321201810407876,0,ok,0.22637078520496834,0.4351794542084561,FLAT,0.0,-1,0.10998300524605385,0.039374882946757034,0.2796153162602291,SUPPORT,0.1842906351759886,0.0,0.07013438509846923,2.500000000000002,0.0,0.6395391445019514,0,staged_v3,0.3425144348412231,2,1.0604958777990692,0.33780100524257956,2,0,1,1
v3_pelvis_proxy:v3_right_hand_proxy,242,0.2763671875000001,0.20000000000000018,0.27636718750000006,0.060240959644100506,0.42008697043622745,FLAT,0.0,-1,0.28865072524908975,0.008548386365362811,0.15010862154148277,UNLOADING,0.2767491961329204,0.02395704471171133,0.04736679057334739,0.05209398755659639,0.27636718750000006,0.033058632103496355,0,ok,0.1597247383734676,0.33891809971413217,FLAT,0.0,-1,0.3553552220909338,0.029403353467799098,0.2630154082388928,UNLOADING,0.1579634015794188,0.008747416944145547,0.0871950246178517,2.500000000000002,0.0010000000000000009,0.6405391445019514,1,staged_v3,0.4471995121159009,2,1.0936760801599685,0.4485255266657451,2,1,1,1
v3_pelvis_proxy:v3_right_hand_proxy,243,0.00018310546874990204,0.0,0.00018310546875003692,0.06847426679950375,0.42681716365213207,FLAT,0.0,-1,0.07381542116422334,0.008546281773529247,0.11121692859993584,UNLOADING,0.2499053724911663,0.022014564656467547,0.04736325345000045,3.451456772743389e-05,0.00018310546875003692,0.03306183112233535,0,ok,0.15306956884015713,0.2639496814544386,FLAT,0.0,-1,0.16652063252620794,0.029396953714138675,0.19506396226268755,UNLOADING,0.1353983241411769,0.005356244398995701,0.0871881049034104,-2.500000000000002,0.0,0.6405391445019514,1,staged_v3,0.18334435842875973,2,1.0745076196755032,0.18256298924725245,2,0,0,0
v3_pelvis_proxy:v3_right_hand_proxy,244,0.0,0.0,0.0,0.06847426679950375,0.5283993547805336,FLAT,0.0,-1,0.008953428320128388,0.008546281773529247,0.08334981288609583,UNLOADING,0.22481063557443498,0.020621208870775547,0.04736325345000045,0.0,0.0,0.03306183112233535,0,ok,0.15306956884015713,0.29854599182871816,FLAT,0.0,-1,0.04236520344044048,0.029396953714138675,0.14378935915028349,UNLOADING,0.11605881264708495,0.002792514243375503,0.0871881049034104,0.0,0.0,0.6405391445019514,1,staged_v3,0.1227193500718878,2,1.076322674050679,0.12408549335013995,2,0,0,0
v3_pelvis_proxy:v3_right_hand_proxy,245,1.0000000000000002,0.20000000000000018,1.0,0.1440360209640219,0.5925458869330722,FLAT,0.0,-1,0.023765328760963933,0.01527245569009347,0.06338215194174661,SUPPORT,0.269848508459548,0.012896651906993864,0.08908132551917841,0.1884955592153876,1.0,0.043207708157810665,0,ok,0.1788346400937681,0.38852594319157474,FLAT,0.0,-1,0.015330085789920494,0.06371745746770563,0.10746915383801667,SUPPORT,0.18284705011766797,0.0,0.17613857581727302,2.500000000000002,0.0010000000000000009,0.6415391445019514,0,staged_v3,0.12147933057554708,2,1.0746595710739937,0.12147933057554708,2,1,1,1
v3_pelvis_proxy:v3_right_hand_proxy,246,0.9999999999999999,0.0,0.9999161871255632,0.10913320145491551,0.6409877697341925,FLAT,0.0,-1,0.024341895131752497,0.022278629743444803,0.07742156661882008,UNLOADING,0.23129872153675543,0.006592448587496202,0.05132229956582497,0.1884797608607512,0.9999161871255632,0.07138469831643281,0,ok,0.07237966419900342,0.4576073922095124,FLAT,0.0,-1,0.01556583795298563,0.01844523197922195,0.11012963500639289,UNLOADING,0.15672604295800113,0.012061249771097696,0.0938664663127215,-2.500000000000002,0.0,0.6415391445019514,0,staged_v3,0.19095201465132378,2,1.1024195896451394,0.18090699927469195,2,0,0,0
v3_torso_proxy:v3_right_forearm_proxy,247,1.0,0.20000000000000018,1.0000000000000002,0.13278489736826257,0.6742207417334637,FLAT,0.0,-1,0.02581873353137879,0.003454710038683786,0.058882754062731496,UNLOADING,0.19902936699193988,0.024489427664452793,0.02560018079437873,0.18849555921538763,1.0000000000000002,0.08191874549613477,0,ok,0.08137393086624439,0.5094818648522983,FLAT,0.0,-1,0.015300376441987182,0.005982066005628836,0.08387072015452868,UNLOADING,0.14253846042727508,0.0232114700020976,0.05492138576199072,-2.500000000000002,-0.0010000000000000009,0.6405391445019514,0,staged_v3,0.1590264258986603,2,1.0787910811146368,0.1501652873936321,2,0,0,0
v3_torso_proxy:v3_right_forearm_proxy,248,0.016052246093750052,0.0,0.016052246093750142,0.12995239542486356,0.7059892281232396,FLAT,0.0,-1,0.023699217451903943,0.0028121122749990126,0.04606205068966369,UNLOADING,0.1706798260350152,0.024490990259484174,0.02466883218419122,0.0030257771041044546,0.016052246093750142,0.08159839914633762,0,ok,0.07991201553936036,0.540808549150346,FLAT,0.0,-1,0.023456712608057248,0.00648696296653387,0.0643434846299884,UNLOADING,0.12728972000629063,0.021730211264965552,0.05519682801649622,2.500000000000002,0.0,0.6405391445019514,1,staged_v3,0.19331902538739237,2,1.075614773173668,0.15940858590233437,2,0,1,1
v3_pelvis_proxy:v3_right_hand_proxy,249,0.9999999999999999,0.20000000000000018,1.0000000000000002,0.03213469119813571,0.7345652191523194,FLAT,0.0,-1,0.022547937075007213,0.023515139790145675,0.037333171193054744,SUPPORT,0.22654386082801214,0.0033515187695070635,0.10936748190462592,0.18849555921538763,1.0000000000000002,0.04093973257602779,0,ok,0.17245819668936962,0.560384478950754,FLAT,0.0,-1,0.02836237492486965,0.025108769946881285,0.07672797856234698,SUPPORT,0.1918317760050325,0.003727628981236065,0.03817636601624465,2.500000000000002,0.0010000000000000009,0.6415391445019514,0,staged_v3,0.2018793451959253,2,1.038822906777425,0.17880009324126,2,0,1,1
v3_pelvis_proxy:v3_right_hand_proxy,250,1.0,0.0,0.8796574070567262,0.13129168316015918,0.7555900927827921,FLAT,0.0,-1,0.02358851622351774,0.005377318071183437,0.06144856331822533,SUPPORT,0.27507480137689483,0.02269511009472783,0.02984187909614688,0.16581151486111545,0.8796574070567262,0.04271739507311782,0,ok,0.08876610107353801,0.5865782139074318,FLAT,0.0,-1,0.021522543098327487,0.00033238518900858844,0.1532397492923203,UNLOADING,0.16442723657574215,0.032329602275607425,0.05076097691503515,-2.500000000000002,0.0,0.6415391445019514,0,staged_v3,0.36212125918426114,2,1.04889766177107,0.36212125918426114,2,1,0,0
v3_pelvis_proxy:v3_right_hand_proxy,251,1.0,0.20000000000000018,1.0,0.40303899200109444,0.7762095572710453,FLAT,0.0,-1,0.020994059687104914,0.08559490454434686,0.05804562175244387,SUPPORT,0.31005984110151585,0.017721846449508877,0.010180434638113318,0.1884955592153876,1.0,0.06536475903886156,0,ok,0.0977431469657704,0.6054753906330753,FLAT,0.0,-1,0.02298263305881859,0.03710384199239909,0.2078728215363263,UNLOADING,0.14093763135063614,0.0,0.09609152753216357,2.500000000000002,0.0010000000000000009,0.6425391445019514,0,staged_v3,0.20183754925935402,2,1.0619773882821575,0.20375993124402877,2,1,1,1
v3_pelvis_proxy:v3_right_hand_proxy,252,0.9999999999999999,0.40000000000000036,1.0,0.23177457934663637,0.7983491522758019,FLAT,0.0,-1,0.016395146355394283,0.04441087685482369,0.05560730757250846,SUPPORT,0.3380478728812127,0.0,0.054785258333897496,0.1884955592153876,1.0,0.036752937052946105,0,ok,0.2868322923003813,0.6179174300922968,FLAT,0.0,-1,0.02592436928974029,0.042090883567828,0.2550500152990914,UNLOADING,0.12080368401483098,0.009061651867471869,0.028690848897482704,2.500000000000002,0.0020000000000000018,0.6445391445019514,0,staged_v3,0.28324799290400315,2,1.039862262485308,0.28453957189787077,2,1,1,1
v3_pelvis_proxy:v3_right_hand_proxy,253,0.5920532540415587,0.20000000000000018,0.736943551364836,0.14942941686026592,0.812848724209187,FLAT,0.0,-1,0.018742342366512916,0.006999483650825596,0.07681315460311144,SUPPORT,0.36043829830497015,0.021841174079329978,0.019339682792631253,0.1389105868246885,0.736943551364836,0.04818075736528292,0,ok,0.11484892129629456,0.6318971781276987,FLAT,0.0,-1,0.021558713898477747,0.014235845973507855,0.2768972574113846,UNLOADING,0.10354601486985512,0.02460901689706138,0.05744667681206465,-2.500000000000002,0.0010000000000000009,0.6455391445019514,0,staged_v3,0.3980680721216267,2,1.0377772240982772,0.39928452301657585,2,1,0,0
v3_torso_proxy:v3_right_forearm_proxy,254,0.25915042920062603,0.0,0.8703425670090418,0.1495990100381145,0.8188922521557439,FLAT,0.0,-1,0.02161798036022236,0.005880260934277019,0.111562603537262,SUPPORT,0.3783506386439761,0.024697869242586084,0.017587470377887427,0.1640557088773253,0.8703425670090418,0.07414954260469934,0,ok,0.09992811824894432,0.6515847051650804,FLAT,0.0,-1,0.014688242661226508,0.004712773382487258,0.28931960758996655,UNLOADING,0.0887537270313044,0.03475320699701107,0.049861426438104296,-2.500000000000002,0.0,0.6455391445019514,0,staged_v3,0.21523863044819577,2,1.0615996003395038,0.21494609643545026,2,0,0,0
v3_pelvis_proxy:v3_left_hand_proxy,255,0.9999999999999999,0.20000000000000018,0.9704386566167179,0.24292963879444127,0.833729832500395,FLAT,0.0,-1,0.01438551195936803,0.03293690987382646,0.13643560838350793,SUPPORT,0.3926805109151809,0.0,0.033352412919539866,0.18292337726319774,0.9704386566167179,0.06130388712918486,0,ok,0.09528151962497752,0.6498576031598932,FLAT,0.0,-1,0.023814557867800422,0.07584119220752997,0.2978582306895273,UNLOADING,0.07607462316968948,0.0,0.15835909476825005,2.500000000000002,0.0010000000000000009,0.6465391445019514,0,staged_v3,0.1579430490640443,2,1.056208837795834,0.15946290555787734,2,1,1,1
v3_pelvis_proxy:v3_left_hand_proxy,256,0.9999999999999999,0.0,0.6919755756030465,0.1463313889401629,0.8198676569396514,FLAT,0.0,-1,0.021517528827605076,0.009325105161906301,0.15420351032906612,SUPPORT,0.40414440873214474,0.023385070354547004,0.020715494653176965,0.13043432308668595,0.6919755756030465,0.0725440270034295,0,ok,0.06697842423634649,0.5591580533448165,FLAT,0.0,-1,0.06958641312129932,0.01159565999665903,0.2845698329976757,UNLOADING,0.06520681985973384,0.02763283165322476,0.06083433223528861,-2.500000000000002,0.0,0.6465391445019514,0,staged_v3,0.21031009719338575,2,1.062991858724061,0.21031009719338575,2,1,0,0
v3_pelvis_proxy:v3_right_hand_proxy,257,0.8491821289062499,0.20000000000000018,0.8491821289062499,0.21424008913100287,0.753493216302178,FLAT,0.0,-1,0.03572820661584459,0.056954309064279895,0.16837687704708823,SUPPORT,0.4133155269857158,0.0,0.08168477964406187,0.16006706026389694,0.8491821289062499,0.06353816918606862,0,ok,0.30358712346483097,0.43547272980562546,FLAT,0.0,-1,0.1733893681608558,0.0339172349404289,0.25272428625083193,LOADING,0.06361884227345926,0.03457200060956484,0.0030642137029767537,2.500000000000002,0.0010000000000000009,0.6475391445019514,1,staged_v3,0.19228943854794267,2,1.0529690162499354,0.1939424298720598,2,1,1,1
v3_pelvis_proxy:v3_right_hand_proxy,258,0.31591796874999994,0.40000000000000036,0.31591796875000006,0.20484961469935367,0.6395024024297931,FLAT,0.0,-1,0.09888783254002259,0.06797950382639194,0.21067781683589026,UNLOADING,0.3542704517020421,0.0,0.07050864003209362,0.05954913418572061,0.31591796875000006,0.06825541713406279,0,ok,0.24912046217518075,0.37953416564229303,FLAT,0.0,-1,0.07436687582826358,0.0013359877437484112,0.2296172764828348,UNLOADING,0.05453043623439366,0.03514487608039333,0.0033182794436720136,2.500000000000002,0.0020000000000000018,0.6495391445019514,1,staged_v3,0.26491765766514586,2,1.055443456042623,0.26599531754605216,2,1,1,1
v3_torso_proxy:v3_right_forearm_proxy,259,1.0000000000000002,0.20000000000000018,0.9264797368527082,0.14751227480735637,0.5897458252398144,FLAT,0.0,-1,0.06321040806551752,0.018532018210076644,0.21780048246313766,UNLOADING,0.30366038717317895,0.017358005913080243,0.026135848436047417,0.1746373160997764,0.9264797368527082,0.07454632234733558,0,ok,0.10381841406277675,0.2955815054045701,FLAT,0.0,-1,0.09459284098284514,0.006633060467050585,0.18620743387313676,UNLOADING,0.04674037391576341,0.027677311226606254,0.05113035756157182,-2.500000000000002,0.0010000000000000009,0.6505391445019514,0,staged_v3,0.16174316057281019,2,1.0549250627210378,0.16009102909560202,2,0,0,0
v3_torso_proxy:v3_right_forearm_proxy,260,0.10179649514131756,0.0,0.539315064459266,0.15366976980523062,0.47288828827562834,FLAT,0.0,-1,0.13226004248474568,0.0195945085060634,0.1934983316140593,UNLOADING,0.260289372290678,0.015080408074639565,0.03331948460618981,0.10165849466853216,0.539315064459266,0.08000977360354616,0,ok,0.09675777654062494,0.23725929987798136,FLAT,0.0,-1,0.1424181523535362,0.010263005918624425,0.14222011375571125,UNLOADING,0.040453231868144354,0.021847999769161137,0.05187321603481389,-2.500000000000002,0.0,0.6505391445019514,0,staged_v3,0.1339652839847832,2,1.060435628275083,0.13442427393589992,2,0,0,0
v3_pelvis_proxy:v3_right_hand_proxy,261,1.0,0.20000000000000018,0.554647137117275,0.21867652583203617,0.41998272613598836,FLAT,0.0,-1,0.09408535387301308,0.029770236746594042,0.14237394835922845,SUPPORT,0.29823149783254244,0.005602680792217346,0.026516016625744078,0.10454852227813452,0.554647137117275,0.0774191684915276,0,ok,0.15732248149641387,0.2757136098530193,FLAT,0.0,-1,0.0593015551432402,0.03760813341044476,0.10291191387001467,SUPPORT,0.1223625854945155,0.0,0.0440899643628683,2.500000000000002,0.0010000000000000009,0.6515391445019514,0,staged_v3,0.1229143389160372,2,1.0620711894601862,0.1229143389160372,2,1,1,1
v3_pelvis_proxy:v3_right_hand_proxy,262,0.8058353779877467,0.0,0.41107254695904266,0.1539174279304768,0.5232410706476098,FLAT,0.0,-1,0.0116198539658996,0.016088118606227015,0.13462690159513047,UNLOADING,0.25562699814217926,0.015643226473529514,0.033266685879929966,0.07748534961713843,0.41107254695904266,0.08099589548854495,0,ok,0.09553395140055522,0.3743722143722702,FLAT,0.0,-1,0.0071030728135747226,0.0116066791832714,0.10342409340388467,UNLOADING,0.10488221613815614,0.018564525486922834,0.05213977779473489,-2.500000000000002,0.0,0.6515391445019514,0,staged_v3,0.10892920093438499,2,1.0594506292976822,0.11075517009951973,2,1,0,0
v3_pelvis_proxy:v3_left_hand_proxy,263,0.17963680754357278,0.20000000000000018,0.22177968807937848,0.15303137780518097,0.6138378903812184,FLAT,0.0,-1,0.009029222775987278,0.016535522242002047,0.10069437463691178,UNLOADING,0.21911490044361223,0.013499196489843542,0.032825025919901565,0.04180448632713668,0.22177968807937848,0.07859928040893903,0,ok,0.10075822403440451,0.45474362190312834,FLAT,0.0,-1,0.005506610944470359,0.009377992438488861,0.07562815878028539,UNLOADING,0.09145873450716871,0.01940341550052541,0.04985896899396578,-2.500000000000002,-0.0010000000000000009,0.6505391445019514,0,staged_v3,0.10755943340763233,2,1.0585960725955355,0.10423062339596299,2,0,0,0
v3_pelvis_proxy:v3_left_hand_proxy,264,0.01095931814117767,0.40000000000000036,0.15296149746030493,0.15299529379230853,0.6843151108941306,FLAT,0.0,-1,0.008651033338843853,0.014226250844996312,0.07647534579618105,UNLOADING,0.1878204875674151,0.014597516444812744,0.030369100121745395,0.02883256300220327,0.15296149746030493,0.0782039981816264,0,ok,0.10055635687660153,0.5194167189028567,FLAT,0.0,-1,0.004184654326904991,0.006469815421387522,0.05685021614629221,UNLOADING,0.07959928444570118,0.02137269538592709,0.04707438739107809,-2.500000000000002,-0.0020000000000000018,0.6485391445019514,0,staged_v3,0.10534843492382368,2,1.0568084214835172,0.10218002024554203,2,0,0,0
v3_pelvis_proxy:v3_right_hand_proxy,265,0.61883544921875,0.20000000000000018,0.61883544921875,0.18341851445115798,0.7346710454706047,FLAT,0.0,-1,0.011423984225597114,0.007428095361206751,0.059504152621239446,SUPPORT,0.24025639005393207,0.020547112269855224,0.014368950435054182,0.11664773406279388,0.61883544921875,0.08109968912542474,0,ok,0.2210254748497608,0.5695265721217625,FLAT,0.0,-1,0.0047277619808747855,0.04800450969665357,0.04698578666660301,SUPPORT,0.15367942755656094,0.0003363004702671875,0.027012988863062967,2.500000000000002,-0.0010000000000000009,0.6475391445019514,1,staged_v3,0.20104338472532704,2,1.0470167219678492,0.20104338472532704,2,1,1,1
v3_pelvis_proxy:v3_right_hand_proxy,266,0.0,0.0,0.0,0.1904439021589481,0.7750456921789501,FLAT,0.0,-1,0.011469823660173175,0.007428095361206751,0.07583657700245436,UNLOADING,0.20593404861765607,0.02136373348891597,0.014368950435054182,0.0,0.0,0.08109968912542474,0,ok,0.2342653967914383,0.6119350876747305,FLAT,0.0,-1,0.0034075113438840027,0.04800450969665357,0.06837979233788963,UNLOADING,0.13172522361990938,0.0014060007538315156,0.027012988863062967,2.500000000000002,0.0,0.6475391445019514,1,staged_v3,0.22144414820007235,2,1.0468278228342565,0.22144414820007235,2,1,1,1
v3_pelvis_proxy:v3_right_hand_proxy,267,0.44320824076777326,0.20000000000000018,0.9999874242101451,0.19478988551408938,0.8027652465588095,FLAT,0.0,-1,0.013548316292076349,0.021744036753814026,0.05914760163624804,UNLOADING,0.176514952823652,0.01610653907272483,0.011850841009087575,0.18849318873484633,0.9999874242101451,0.0525960288065411,0,ok,0.14614125098675532,0.6418476705262544,FLAT,0.0,-1,0.005579583063179244,0.029082312550852692,0.05522071326284965,UNLOADING,0.11290733455670124,0.0,0.038316137145224236,2.500000000000002,0.0010000000000000009,0.6485391445019514,0,staged_v3,0.2030022026968529,2,1.0249203050019549,0.18538387269255155,2,0,0,0
v3_pelvis_proxy:v3_right_hand_proxy,268,1.0,0.40000000000000036,0.9999968069604418,0.27469279864706597,0.823362236846422,FLAT,0.0,-1,0.012435290804437501,0.035125099865301004,0.047605435352412524,UNLOADING,0.15129855969410863,0.01427726583108797,0.013103005936532658,0.18849495734161048,0.9999968069604418,0.02875401826183359,0,ok,0.21547013732702366,0.6612338476495517,FLAT,0.0,-1,0.006703013404745839,0.02053037621305368,0.045850901424207204,UNLOADING,0.09679528389988333,0.0067621688581566836,0.021272160304833157,2.500000000000002,0.0020000000000000018,0.6505391445019514,0,staged_v3,0.23042265362473147,2,0.9858488432209497,0.19541992874150682,2,0,1,1
v3_pelvis_proxy:v3_right_hand_proxy,269,0.9999999999999997,0.6000000000000005,0.970916247505626,0.3642791357121847,0.8320046801373839,FLAT,0.0,-1,0.018366665327563026,0.09865243642608658,0.03935496042357717,SUPPORT,0.21103884775528692,0.0,0.07977942094464595,0.18301340102487865,0.970916247505626,0.011032552403351041,0,ok,0.45401993594114715,0.6712221626406286,FLAT,0.0,-1,0.008331119914659242,0.10536185197197698,0.0390828205653436,SUPPORT,0.16743622711990666,0.00975150428410346,0.01720263674416372,2.500000000000002,0.0030000000000000027,0.6535391445019514,0,staged_v3,0.2708450203741494,2,0.9808724794380791,0.2708450203741494,2,1,1,1
v3_pelvis_proxy:v3_right_hand_proxy,270,0.9984111107594003,0.40000000000000036,0.876611103524505,0.20814032499592877,0.8424475699631024,FLAT,0.0,-1,0.016614113126114907,0.02344423726910947,0.06204520570884568,UNLOADING,0.18089044093310308,0.004658023016332814,0.023654813637842206,0.1652373001732696,0.876611103524505,0.0287303107731587,0,ok,0.17920390306391284,0.6834051934097808,FLAT,0.0,-1,0.006834551240867263,0.0045253988143725875,0.06250267223280784,UNLOADING,0.14351676610277714,0.023599734797267808,0.017054154624001536,-2.500000000000002,0.0020000000000000018,0.6555391445019514,0,staged_v3,0.25491267261357464,2,0.9827828803010363,0.2561716085356775,2,1,0,0
v3_pelvis_proxy:v3_right_hand_proxy,271,0.88847467443873,0.20000000000000018,0.625813410982273,0.1488908218646615,0.858106114818996,FLAT,0.0,-1,0.011059244564148777,0.015036875942589682,0.04976836224021005,UNLOADING,0.15504895284180775,0.012451542169420824,0.030442892273660406,0.11796304886759275,0.625813410982273,0.06746584287755707,0,ok,0.09899403895098201,0.6792622889013332,FLAT,0.0,-1,0.013937498614109093,0.00818417335508027,0.050790908940101576,UNLOADING,0.12301461389775498,0.01935537209192481,0.04872784373193445,-2.500000000000002,0.0010000000000000009,0.6565391445019514,0,staged_v3,0.21053636142927148,2,1.0281024828036238,0.2103513282353063,2,1,0,0
v3_pelvis_proxy:v3_left_hand_proxy,272,0.14530068098234364,0.0,0.4720701511267444,0.15152240723470706,0.8595155171577833,FLAT,0.0,-1,0.012935926327393247,0.018830593695858544,0.04069318159620285,UNLOADING,0.1329157003818653,0.0082040653839516,0.033364037941843484,0.08898312712552822,0.4720701511267444,0.08385754847065456,0,ok,0.10053539831085702,0.646246473533816,FLAT,0.0,-1,0.0417143867884694,0.01319176286887496,0.04000847949200143,UNLOADING,0.1071996871726464,0.013808661105725113,0.053063607483202095,-2.500000000000002,0.0,0.6565391445019514,0,staged_v3,0.09650375272692878,2,1.0469494723530754,0.09577945169078583,2,0,0,0
v3_pelvis_proxy:v3_left_hand_proxy,273,0.11073107840469344,0.20000000000000018,0.38193610146420587,0.14814713379434366,0.8732261723625767,FLAT,0.0,-1,0.010495957785876909,0.010942427659897298,0.03391385266265547,SUPPORT,0.19633256030549223,0.015753264973235478,0.02843169416363479,0.0719932590300405,0.38193610146420587,0.08497371576727163,0,ok,0.1003321499206045,0.6463442367307373,FLAT,0.0,-1,0.021513802699573283,0.004116370769890095,0.032193553106381695,SUPPORT,0.17575974973811714,0.02249330688542899,0.04687579812006694,-2.500000000000002,-0.0010000000000000009,0.6555391445019514,0,staged_v3,0.0943596233941108,2,1.0466754377744334,0.09576028999781508,2,1,0,0
v3_torso_proxy:v3_left_forearm_proxy,274,0.0195529167782002,0.40000000000000036,0.3970474717309625,0.15251468638022297,0.8767839106370144,FLAT,0.0,-1,0.013154413886225028,0.016444261760554503,0.057222597865345184,UNLOADING,0.1682850516904219,0.011416868132712758,0.031751352244494935,0.07484168521898357,0.3970474717309625,0.0848448285351609,0,ok,0.09945670298868697,0.6637215842797952,FLAT,0.0,-1,0.0051434669760972605,0.008917622075734863,0.05531278344964692,UNLOADING,0.15065121406124327,0.018848017096747487,0.04865821537118767,-2.500000000000002,-0.0020000000000000018,0.6535391445019514,0,staged_v3,0.09220299910445023,2,1.0484950622073477,0.09320002758237073,2,1,0,0
v3_torso_proxy:v3_left_forearm_proxy,275,0.09069656993490677,0.6000000000000005,0.13799012952407655,0.1523820658956496,0.8665639597894172,FLAT,0.0,-1,0.02253864994788089,0.014245853852722788,0.044592795766018795,UNLOADING,0.1442550968662579,0.012983785935578154,0.029031453845378412,0.026010526630844577,0.13799012952407655,0.08476409403983065,0,ok,0.10027863181966472,0.676577408260491,FLAT,0.0,-1,0.005461116731229644,0.008765124545111684,0.043094433532970426,UNLOADING,0.13089864287702416,0.018389597131536838,0.048377505721808836,-2.500000000000002,-0.0030000000000000027,0.6505391445019514,0,staged_v3,0.09660922810305082,2,1.0527469321756013,0.09406366829578218,2,0,0,0
v3_torso_proxy:v3_left_forearm_proxy,276,0.019698338445578768,0.8000000000000007,0.11941999329559086,0.15331384643472526,0.8707869051893893,FLAT,0.0,-1,0.012817800324097675,0.012484515922805091,0.03545465727137247,UNLOADING,0.12365832678754672,0.014288216940763532,0.028278686429948564,0.022510138417750236,0.11941999329559086,0.08543978375737786,0,ok,0.1006569057436254,0.6893079276812953,FLAT,0.0,-1,0.0032673952104398194,0.004897243598261888,0.0343065619094517,UNLOADING,0.11390210259935833,0.021818084497210698,0.04458059003955905,-2.500000000000002,-0.0040000000000000036,0.6465391445019514,0,staged_v3,0.0996539460769477,2,1.0535544577159905,0.09842971392633416,2,0,0,0
v3_pelvis_proxy:v3_left_hand_proxy,277,1.0,0.6000000000000005,1.0000000000000002,0.22671756920210379,0.871174249540312,FLAT,0.0,-1,0.006999572536696014,0.0367251812682647,0.02874942710711356,SUPPORT,0.1889266614300374,0.0,0.07633282537419282,0.18849555921538763,1.0000000000000002,0.06600575091551734,0,ok,0.36506464071695177,0.6985128003988416,FLAT,0.0,-1,0.007236818594038458,0.07396205940723874,0.028160347069759197,SUPPORT,0.18112168207948667,0.020635115505475362,0.005772901848012598,2.500000000000002,-0.0030000000000000027,0.6435391445019514,0,staged_v3,0.2182330372998581,2,1.0132532226220905,0.21827419247496815,2,0,1,1
v3_pelvis_proxy:v3_left_hand_proxy,278,0.6257152007572302,0.2540283203124938,0.6350708007812501,0.15324659210275476,0.8863974876779567,FLAT,0.0,-1,0.005044173915264616,0.017780732509178443,0.052192822082862925,UNLOADING,0.1619371383686035,0.009828908594964707,0.018000328956866592,0.11970802573462574,0.6350708007812501,0.0532301833330647,0,ok,0.1475910509207679,0.7081176328923462,FLAT,0.0,-1,0.0019792415075225115,0.00202181140382278,0.05186941787757975,UNLOADING,0.15524715606813144,0.02557165949005621,0.014792053108334573,4.324645996093834,-0.001270141601562469,0.6422690029003889,1,staged_v3,0.41370652963848953,2,1.0184075245019373,0.4145139162151781,2,1,1,1
v3_pelvis_proxy:v3_left_hand_proxy,279,0.0,0.0,0.0,0.15324659210275476,0.8909591845211151,FLAT,0.0,-1,0.004691855975267465,0.017780732509178443,0.04097516373102959,UNLOADING,0.13881342186320741,0.009268025677373039,0.018000328956866592,0.0,0.0,0.0532301833330647,0,ok,0.1475910509207679,0.6979909972062346,FLAT,0.0,-1,0.015287771581288592,0.00202181140382278,0.040435068185892035,UNLOADING,0.1330847202706169,0.024999942005471825,0.014792053108334573,3.1753540039061723,0.0,0.6422690029003889,1,staged_v3,0.22210534941178411,2,1.0638071243718075,0.22024776937354285,2,1,1,1
v3_pelvis_proxy:v3_left_hand_proxy,280,0.5939862566423828,0.18469238281249023,0.9234619140624998,0.22281380237330553,0.8972249575050778,FLAT,0.0,-1,0.003935460832634635,0.04980852311704528,0.032682392548871064,UNLOADING,0.11899325335999537,0.0,0.030410705833968134,0.1740684699053231,0.9234619140624998,0.009991490884763768,0,ok,0.08545976846820422,0.6866059619562006,FLAT,0.0,-1,0.021217819482528284,0.011579842864878169,0.03200478404116408,UNLOADING,0.11408822610266728,0.015020396337180036,0.04141855118824429,-2.308654785156128,-0.0009234619140624512,0.6413455409863265,1,staged_v3,0.21022607339553406,2,1.0822059621100528,0.19748663307437808,2,0,1,1
v3_pelvis_proxy:v3_left_hand_proxy,281,0.7907104492187502,0.015307617187509948,0.7907104492187502,0.07448879829638998,0.8974928479878616,FLAT,0.0,-1,0.013698206627180827,0.004391480952099503,0.026343328006242315,SUPPORT,0.1851946026879963,0.021925685448212613,0.04806088113371706,0.14904540830293866,0.7907104492187502,0.028979327218956102,0,ok,0.16277245333520562,0.6840106542002979,FLAT,0.0,-1,0.011652340830755331,0.024012358197975734,0.02596422149443272,SUPPORT,0.18127058088213382,0.002285852876745903,0.02671609159152137,2.500000000000002,7.653808593754974e-05,0.641422079072264,1,staged_v3,0.34084696614807897,2,1.0472905020336305,0.3416347757484016,2,1,1,1
v3_pelvis_proxy:v3_left_hand_proxy,282,0.0470581054687501,0.21530761718751013,0.047058105468749986,0.07274045991027413,0.8915053152596087,FLAT,0.0,-1,0.014978181920445323,0.00409977726189514,0.05007151333544588,SUPPORT,0.23815568215039706,0.023403798404877156,0.04684859988646811,0.008870243905948719,0.047058105468749986,0.029019711535291426,0,ok,0.17120496936224563,0.6740281410565407,FLAT,0.0,-1,0.017983354226811913,0.024695073154675333,0.04998283823884143,UNLOADING,0.15537478361325757,0.0028040687572667387,0.03009600392249908,2.500000000000002,0.0010765380859375506,0.6424986171582016,1,staged_v3,0.32830438548107255,2,1.0575441480304113,0.32795860130056603,2,0,1,1
v3_pelvis_proxy:v3_left_hand_proxy,283,0.006347571682636653,0.015307617187509948,0.007568359374999998,0.06502675235156248,0.8946394031795559,FLAT,0.0,-1,0.00956313731187253,0.004083659011905719,0.03865885645090056,SUPPORT,0.28052454572031765,0.02284928381063931,0.046646375201940135,0.001426602132733646,0.007568359374999998,0.029022700803350898,0,ok,0.15362871652412458,0.6768951664186955,FLAT,0.0,-1,0.01227476042327641,0.02459381314978668,0.06719292917288217,UNLOADING,0.13317838595422077,0.0037658333088574324,0.030253753284968432,-2.500000000000002,7.653808593754974e-05,0.6425751552441391,1,staged_v3,0.10642625695984545,2,1.062074795472558,0.1046842111167924,2,0,0,0
v3_pelvis_proxy:v3_left_hand_proxy,284,0.831824355029147,0.18469238281249023,1.0000000000000002,0.1504247028200542,0.8905208344869462,FLAT,0.0,-1,0.01263607007944434,0.002353560775549748,0.030480849860152967,SUPPORT,0.3144196365762541,0.024170481717457903,0.01848817616497321,0.18849555921538763,1.0000000000000002,0.07339398610408461,0,ok,0.108187947732017,0.6753958559462924,FLAT,0.0,-1,0.013680814828320027,0.0026354801046713896,0.07952449818494445,UNLOADING,0.11415290224647495,0.026340744804575836,0.04273727268878437,-2.500000000000002,-0.0009234619140624512,0.6416516933300767,0,staged_v3,0.10954181350218367,2,1.059683127480671,0.09756548398199594,2,0,0,0
v3_pelvis_proxy:v3_left_hand_proxy,285,0.013793945312500043,0.015307617187509948,0.01379394531250013,0.13055933594877697,0.8813166487153126,FLAT,0.0,-1,0.01521369568383176,0.0021367245538468577,0.02377641742842616,SUPPORT,0.3415357092610033,0.02405209631757445,0.01813509897536106,0.0026000974354661865,0.01379394531250013,0.07354558343543409,0,ok,0.1244906684788465,0.6667386925416191,FLAT,0.0,-1,0.02139066326459682,0.0034886929195783985,0.0872711502860797,UNLOADING,0.09784534478269281,0.02587486459472559,0.043221493544544,2.500000000000002,7.653808593754974e-05,0.6417282314160142,1,staged_v3,0.22623591541779686,2,1.0539059440996315,0.22647764250239816,2,1,1,1
v3_pelvis_proxy:v3_left_hand_proxy,286,0.04870605468749997,0.21530761718751013,0.047413676192037325,0.11410536068830081,0.8973858519955935,FLAT,0.0,-1,0.0058390014982630445,0.0023098468113424047,0.018817116308513814,SUPPORT,0.36322856740880266,0.023631009004083287,0.018392116845429705,0.008937267408275384,0.047413676192037325,0.07404711908871034,0,ok,0.1441773934933748,0.6688417597255922,FLAT,0.0,-1,0.013705135760915064,0.008150349625143539,0.09305548988082112,UNLOADING,0.08386743838516528,0.02150242486889752,0.04364003755083159,2.500000000000002,0.0010765380859375506,0.6428047695019518,1,staged_v3,0.2212165111997477,2,1.0537180470308942,0.2212165111997477,2,1,1,1
v3_pelvis_proxy:v3_left_hand_proxy,287,0.6179809570312501,0.4153076171875103,0.5474210804026826,0.19667082187119617,0.8954165307955004,FLAT,0.0,-1,0.012562719158707146,0.033615907724072136,0.015247579727288171,SUPPORT,0.3805828539270421,0.0,0.05485578698203017,0.10318644267679532,0.5474210804026826,0.07985779553268971,0,ok,0.29682682298937896,0.6709634876920972,FLAT,0.0,-1,0.012011217888878748,0.026948334453671043,0.09737045898620839,UNLOADING,0.0718863757587131,0.02592882747980877,0.003939695469501649,2.500000000000002,0.0020765380859375515,0.6448813075878893,1,staged_v3,0.2077043111157964,2,1.0544903432579853,0.20846233394854932,2,1,1,1
v3_pelvis_proxy:v3_left_hand_proxy,288,0.5547999507125002,0.21530761718751013,0.6145800502508963,0.11243409125019133,0.9055494925679005,FLAT,0.0,-1,0.003777237181197156,0.01285376646137466,0.012689895002601481,SUPPORT,0.3944662831416337,0.012780728288755417,0.02955699997192842,0.11584561025466372,0.6145800502508963,0.08838033519796933,0,ok,0.14359892476324054,0.6774806401237559,FLAT,0.0,-1,0.010454085797187884,0.009264080448005387,0.1002919607796136,UNLOADING,0.061616893507468365,0.020750517590975296,0.048486522358954134,-2.500000000000002,0.0010765380859375506,0.6459578456738269,0,staged_v3,0.16483345167299143,2,1.0586288070806713,0.1638810446902995,2,0,0,0
v3_torso_proxy:v3_left_forearm_proxy,289,0.061449952361514494,0.015307617187509948,0.42152896978479343,0.12676208098841632,0.9167954488631347,FLAT,0.0,-1,0.0038014913040076907,0.005364384423658734,0.012085881709813392,SUPPORT,0.40557302651330696,0.020239909661831937,0.021808420909268947,0.07945633888507087,0.42152896978479343,0.09275191928830984,0,ok,0.12746504065432315,0.6759332944891752,FLAT,0.0,-1,0.012022749094409028,0.005657869975634511,0.10427992087842158,UNLOADING,0.0528144801492586,0.024556126068286572,0.04545739451077238,-2.500000000000002,7.653808593754974e-05,0.6460343837597644,0,staged_v3,0.17387731634224798,2,1.057356628839184,0.17520661710401672,2,0,0,0
v3_pelvis_proxy:v3_left_hand_proxy,290,0.9999999999999997,0.21530761718751013,0.8655472695530941,0.1545670982148378,0.9118094376936603,FLAT,0.0,-1,0.010825499190462688,0.0216111801107049,0.013484198128929835,SUPPORT,0.4144584212106456,0.004063029795741593,0.02710704948640138,0.1631518166017623,0.8655472695530941,0.06614837196166987,0,ok,0.01100634640632419,0.6821120340888362,FLAT,0.0,-1,0.008931737858851412,0.07350514984382506,0.10739131376730303,UNLOADING,0.04526955441365023,0.0,0.12258917374298137,2.500000000000002,0.0010765380859375506,0.647110921845702,0,staged_v3,0.12127547404141754,2,1.0348641976901465,0.12281788242248969,2,1,1,1
v3_pelvis_proxy:v3_left_hand_proxy,291,0.9999999999999999,0.015307617187509948,0.46236121320098034,0.12645942463670967,0.912808111182723,FLAT,0.0,-1,0.0093113387923383,0.013007669889244455,0.014402992586592021,SUPPORT,0.4215667369685165,0.012712479740085148,0.030091658386796505,0.08715303544182385,0.46236121320098034,0.06980432418234955,0,ok,0.11536382526427688,0.6876681643483833,FLAT,0.0,-1,0.010706470726211939,0.004163104389489123,0.10962072419168321,SUPPORT,0.15288044414591961,0.02631793182009504,0.04751679444046808,-2.500000000000002,7.653808593754974e-05,0.6471874599316395,0,staged_v3,0.1666187507656428,2,1.0471890118220633,0.1666187507656428,2,1,0,0
v3_pelvis_proxy:v3_right_hand_proxy,292,0.18237454522236896,0.18469238281249023,0.49202704188313984,0.1503671532464749,0.91481777481365,FLAT,0.0,-1,0.006460243552651871,0.011588583545761647,0.043408206526109716,UNLOADING,0.3613429174015856,0.015581826780543841,0.02792831551463252,0.09274491240885538,0.49202704188313984,0.08993594204091909,0,ok,0.11110481016819684,0.6992933545534075,FLAT,0.0,-1,0.0030968163926835767,0.004484806943476989,0.11121816656487121,UNLOADING,0.13104038069650253,0.026076101384766574,0.04389647255478871,-2.500000000000002,-0.0009234619140624512,0.6462639980175771,0,staged_v3,0.12246525479014668,2,1.0551211711736395,0.11279482187442938,2,0,0,0
v3_pelvis_proxy:v3_right_hand_proxy,293,0.2750784996261258,0.3846923828124904,0.9949716558791992,0.16329031967288407,0.9081837675658745,FLAT,0.0,-1,0.012449535228042655,0.010960438587434073,0.03610142588044472,UNLOADING,0.3097372678573454,0.015844632706588164,0.019592474841070094,0.18754773867840985,0.9949716558791992,0.06875024205715873,0,ok,0.08965938978125636,0.692669256507185,FLAT,0.0,-1,0.015353436408359889,0.031930469430470926,0.08402603554652902,UNLOADING,0.11297029154642235,0.0,0.06679796306692694,-2.500000000000002,-0.001923461914062452,0.6443405361035146,0,staged_v3,0.1271831108232902,2,1.0453144929735514,0.11749025998555958,2,1,0,0
v3_pelvis_proxy:v3_right_hand_proxy,294,0.18854901853808803,0.5846923828124906,0.4641281544703167,0.15444530471392984,0.9163673587048778,FLAT,0.0,-1,0.005942364763119165,0.008835500165974463,0.030849887023972445,UNLOADING,0.26549204746320354,0.017706994185224163,0.02528388639054638,0.08748609602448815,0.4641281544703167,0.07033011274514717,0,ok,0.10048073223381689,0.6894292586071339,FLAT,0.0,-1,0.011888723946471813,0.011665997491492306,0.06453190182360971,UNLOADING,0.10052942370807086,0.01656059759968818,0.04940281531188886,-2.500000000000002,-0.002923461914062453,0.6414170741894522,0,staged_v3,0.14929842642092492,2,1.043305830477428,0.14929842642092492,2,1,0,0
v3_pelvis_proxy:v3_right_hand_proxy,295,0.07055664062499999,0.3846923828124904,0.07055664062500008,0.1588911202826562,0.918836721149428,FLAT,0.0,-1,0.008307743517217936,0.002633044571876229,0.027201146582517273,SUPPORT,0.30239363797056285,0.023727012757249637,0.022404706770263315,0.013299613430968527,0.07055664062500008,0.06622014482159233,0,ok,0.12817627356042502,0.6899300286287204,FLAT,0.0,-1,0.008678410104943106,0.01109607692130142,0.050580807458592655,SUPPORT,0.17042353896645668,0.016432963451628216,0.04646856786622729,2.500000000000002,-0.001923461914062452,0.6394936122753897,1,staged_v3,0.18417304876795013,2,0.9795154835816546,0.17180513420733287,2,0,1,1
v3_pelvis_proxy:v3_right_hand_proxy,296,0.0,0.0,0.0,0.1588911202826562,0.9019014949525439,FLAT,0.0,-1,0.021118202638988268,0.002633044571876229,0.05300626971744476,UNLOADING,0.259194546831911,0.025017268913996013,0.022404706770263315,0.0,0.0,0.06622014482159233,0,ok,0.12817627356042502,0.6712369248059572,FLAT,0.0,-1,0.026230802294594114,0.01109607692130142,0.06891421765194244,UNLOADING,0.14607731911410574,0.017349633961295702,0.04646856786622729,4.80865478515613,0.0,0.6394936122753897,1,staged_v3,0.2116183826393629,2,1.0358999767850612,0.2116183826393629,2,1,1,1
v3_pelvis_proxy:v3_right_hand_proxy,297,0.04754638671875001,0.20000000000000018,0.047546386718750014,0.14057029297992785,0.8583213864057747,FLAT,0.0,-1,0.03345090732122956,0.002804259889822255,0.04128686284735854,UNLOADING,0.2221715905104596,0.024260083252545674,0.022285141429156895,0.008962282753221862,0.047546386718750014,0.06577004959626778,0,ok,0.12572685152366217,0.6455519459915362,FLAT,0.0,-1,0.03051212788184292,0.014843047838271183,0.052619597824718055,UNLOADING,0.12533140087473446,0.012787932052964721,0.04704536007417556,2.500000000000002,0.0010000000000000009,0.6404936122753897,1,staged_v3,0.17668994731066984,2,1.0426395688461296,0.17668994731066984,2,1,1,1
v3_pelvis_proxy:v3_right_hand_proxy,298,0.9999999999999999,0.40000000000000036,0.6872535596486651,0.18243485263570358,0.8528499051716181,FLAT,0.0,-1,0.020158590998717422,0.05442719230936138,0.03293145638356784,UNLOADING,0.19047629965121896,0.0,0.09167662216178539,0.12954424404874088,0.6872535596486651,0.05334400072292479,0,ok,0.25385908592213663,0.6409230266923829,FLAT,0.0,-1,0.022740509903841424,0.014315932256870622,0.04083965872953408,UNLOADING,0.10758453092546828,0.012726050679606082,0.02020270186490604,2.500000000000002,0.0020000000000000018,0.6424936122753897,0,staged_v3,0.13768611605793835,2,1.0461594190723413,0.13894745149685428,2,1,1,1
v3_pelvis_proxy:v3_right_hand_proxy,299,0.9506100810751708,0.20000000000000018,0.9906400556731538,0.15020143969164418,0.8614892303801533,FLAT,0.0,-1,0.012382537590341205,0.004866982457354092,0.02700609097639697,SUPPORT,0.24238103972097516,0.021483322091465758,0.022998717538055394,0.18673125127527385,0.9906400556731538,0.0625924926882581,0,ok,0.10043729678865534,0.6511389288832614,FLAT,0.0,-1,0.011325005223186057,0.00363355741610064,0.032646123995491994,SUPPORT,0.17606762474037463,0.022998748783673962,0.04416789025224277,-2.500000000000002,0.0010000000000000009,0.6434936122753897,0,staged_v3,0.1647272676205143,2,1.0403946799477648,0.1647272676205143,2,1,0,0
v3_pelvis_proxy:v3_right_hand_proxy,300,0.20895443663537072,0.0,0.3797621007697967,0.15293853860406814,0.849208278136274,FLAT,0.0,-1,0.023326815704284146,0.00839343564721583,0.050944162573199905,UNLOADING,0.207755176903693,0.019153772481444165,0.02521762622897976,0.07158346955341321,0.3797621007697967,0.08700141645853288,0,ok,0.09961805336259207,0.6420417996594169,FLAT,0.0,-1,0.022126389652917803,0.0033172783747824662,0.05527192818645076,UNLOADING,0.15091510692032112,0.024446318034540074,0.042006373058407154,-2.500000000000002,0.0,0.6434936122753897,0,staged_v3,0.17730570697958842,2,1.0530665393081102,0.17702429557419105,2,0,0,0
v3_pelvis_proxy:v3_left_hand_proxy,301,0.010742334320287315,0.20000000000000018,0.23744998764372366,0.15279808252511587,0.8648795842791357,FLAT,0.0,-1,0.009616069195301795,0.007032733441369184,0.04101545554846145,UNLOADING,0.1780861077079892,0.02001803933605389,0.023975034201930895,0.04475826820659057,0.23744998764372366,0.0880437437929366,0,ok,0.09953881621323407,0.6480378856576741,FLAT,0.0,-1,0.014805955267398028,0.0026928032359624767,0.0438081457130187,UNLOADING,0.13102733645401637,0.02449760404968846,0.04144074484383347,-2.500000000000002,-0.0010000000000000009,0.6424936122753897,0,staged_v3,0.10281792320169034,2,1.0542581128684332,0.09988871962574374,2,0,0,0
v3_pelvis_proxy:v3_right_hand_proxy,302,0.4954084560597938,0.40000000000000036,1.0000000000000002,0.16838627751517302,0.871902007556563,FLAT,0.0,-1,0.013250329220941597,0.00670917882746689,0.03396396882260325,UNLOADING,0.15265581624679386,0.019989019613663273,0.011908881456937545,0.18849555921538763,1.0000000000000002,0.03033656407643011,0,ok,0.08016236163838181,0.646447539069953,FLAT,0.0,-1,0.020177726424786935,0.03274416246149353,0.035593986633197586,UNLOADING,0.11400154720636464,0.0,0.07049519812571281,-2.500000000000002,-0.0020000000000000018,0.6404936122753897,0,staged_v3,0.13568020314706203,2,1.0296190848568736,0.13339463640533974,2,0,0,0
v3_pelvis_proxy:v3_right_hand_proxy,303,0.13916015625,0.20000000000000018,0.13916015001040763,0.17414646422484528,0.8860480339478904,FLAT,0.0,-1,0.007694783632001115,0.007640351095615828,0.02876832232383701,SUPPORT,0.2121246529974351,0.02512824218929485,0.0013101739268970023,0.026231070296709014,0.13916015001040763,0.033405233648701044,0,ok,0.06475752690521516,0.6519112263419515,FLAT,0.0,-1,0.017827358019655248,0.03662691944817241,0.02970828446247177,SUPPORT,0.18120123776509173,0.0,0.07854215258259786,2.500000000000002,-0.0010000000000000009,0.6394936122753897,1,staged_v3,0.25999943088075256,2,1.0360026532186029,0.26075954121087636,2,1,1,1
v3_pelvis_proxy:v3_right_hand_proxy,304,0.5938720703125,0.0,0.5817098726748692,0.15709954787439714,0.8999532761852227,FLAT,0.0,-1,0.0058627833042856625,0.014954857847175252,0.053392347871419,UNLOADING,0.18182113114065868,0.012714759546395699,0.028792716749579363,0.10964972775096138,0.5817098726748692,0.042391934051223254,0,ok,0.1282099230354975,0.6612276315236855,FLAT,0.0,-1,0.006835712413214555,0.00027875535239172636,0.053876996930971914,SUPPORT,0.2349609902120734,0.027415094494156873,0.03170375669065257,2.500000000000002,0.0,0.6394936122753897,1,staged_v3,0.11070291981437223,2,1.0257056462291698,0.1051226710331912,2,1,1,1
v3_pelvis_proxy:v3_right_hand_proxy,305,0.033935546874999986,0.20000000000000018,0.019945212619075607,0.17581243370136557,0.8986818494185828,FLAT,0.0,-1,0.012901772059359294,0.016884593255840012,0.07103623316863039,UNLOADING,0.15584668383485029,0.011667218402591509,0.031005870682687273,0.003759584006302462,0.019945212619075607,0.04395350472247905,0,ok,0.11961410210555697,0.665925978730226,FLAT,0.0,-1,0.012347939517258504,0.00017670542001513734,0.04287072321221451,SUPPORT,0.27796879216965875,0.02696683074059559,0.031365520307899956,2.500000000000002,0.0010000000000000009,0.6404936122753897,1,staged_v3,0.10957284670405977,2,1.0541219619826758,0.10297260235943691,2,0,1,1
v3_pelvis_proxy:v3_right_hand_proxy,306,0.0003144206876001782,0.0,0.00041077531437244425,0.1567353814960731,0.9033430385304897,FLAT,0.0,-1,0.009463786988896139,0.016877492991873622,0.08367862942425489,UNLOADING,0.13358287185844311,0.012306438479339123,0.031002326152703853,7.742932259451052e-05,0.00041077531437244425,0.04396223191705616,0,ok,0.13161047713945237,0.6769872625998502,FLAT,0.0,-1,0.007173776632575052,0.00017744877677922533,0.034922294060135,SUPPORT,0.312375033735727,0.026568665926227527,0.03137630091249227,-2.500000000000002,0.0,0.6404936122753897,1,staged_v3,0.10817984587259728,2,1.038958908741804,0.10817984587259728,2,1,0,0
v3_pelvis_proxy:v3_right_hand_proxy,307,0.29261908425734684,0.20000000000000018,0.3951218322910572,0.15409877206618372,0.8760010847155746,FLAT,0.0,-1,0.020371779243614947,0.010896534984818528,0.09273730218209067,UNLOADING,0.1144996044500941,0.018740330124286008,0.02879867964242829,0.07447871073591142,0.3951218322910572,0.05219079321423864,0,ok,0.10468553762557428,0.6598907721186096,FLAT,0.0,-1,0.0249275448328135,0.0034606891748768078,0.029448239466394098,SUPPORT,0.3399000269885816,0.0230117227984429,0.04346337760117951,-2.500000000000002,-0.0010000000000000009,0.6394936122753897,0,staged_v3,0.10786337040574488,2,1.03890793444364,0.10786337040574488,2,1,0,0
v3_pelvis_proxy:v3_right_hand_proxy,308,1.0000000000000002,0.0,0.9999956817113618,0.26828614857218136,0.8479307294898466,FLAT,0.0,-1,0.03127029824747892,0.06593242299604292,0.09761115586465827,UNLOADING,0.09814251810008066,0.0,0.06372952735435596,0.1884947452371559,0.9999956817113618,0.03463086345159662,0,ok,0.3585470877084819,0.6435142202533671,FLAT,0.0,-1,0.029661678544819495,0.08599669893268488,0.02551198585421592,SUPPORT,0.3619200215908653,0.011887114764638437,0.01438848452807236,2.500000000000002,0.0,0.6394936122753897,0,staged_v3,0.20686112162259498,2,1.0262525005544354,0.20686112162259498,2,1,1,1
v3_pelvis_proxy:v3_right_hand_proxy,309,0.16027832031250008,0.20000000000000018,0.16027832031250006,0.23333863280437006,0.8479493171736165,FLAT,0.0,-1,0.018827392094401513,0.06403619895567304,0.10110342463137331,UNLOADING,0.08412215837149771,0.0,0.0530824831161487,0.030211751617407717,0.16027832031250006,0.03981589564891949,0,ok,0.28399578442946966,0.6573794954470973,FLAT,0.0,-1,0.00983476610502561,0.0575885645877704,0.02269153689473108,SUPPORT,0.3795360172726922,0.01986827021878656,0.006266306625949996,2.500000000000002,0.0010000000000000009,0.6404936122753897,1,staged_v3,0.3664134247869484,2,1.0088772705041924,0.36574635195251304,2,1,1,1
v3_pelvis_proxy:v3_right_hand_proxy,310,0.05792236328124998,0.40000000000000036,0.05792236328125004,0.22090571865678224,0.8375322825711056,FLAT,0.0,-1,0.01986184968875739,0.06217068329431309,0.10239776886928348,UNLOADING,0.07210470717556947,0.0,0.05213812272558718,0.01091810825777606,0.05792236328125004,0.04405611917149607,0,ok,0.278195589106771,0.6758649999392702,FLAT,0.0,-1,0.004832755680026334,0.0499836400886829,0.020748165925025364,SUPPORT,0.3936288138181538,0.020054685469750238,0.00598272282650103,2.500000000000002,0.0020000000000000018,0.6424936122753897,1,staged_v3,0.308321066961725,2,1.0768933430875658,0.1394880330576525,2,0,1,1
v3_pelvis_proxy:v3_right_hand_proxy,311,0.1178588867187499,0.6000000000000005,0.11785888671875006,0.19301672448698623,0.858933445739123,FLAT,0.0,-1,0.006642573497089857,0.06784875077590784,0.10334866143200884,UNLOADING,0.06180403472191669,0.0,0.05587347673236568,0.02221587676055381,0.11785888671875006,0.05265247852767371,0,ok,0.24051287471425448,0.6910193664279842,FLAT,0.0,-1,0.004732990788596689,0.039477543302975565,0.019310753410051226,SUPPORT,0.404903051054523,0.020452779036179494,0.005512758634323069,2.500000000000002,0.0030000000000000027,0.6454936122753897,1,staged_v3,0.2962503414290079,2,1.0814701555710124,0.14217420827680116,2,0,1,1
v3_pelvis_proxy:v3_right_hand_proxy,312,0.16210937499999994,0.8000000000000007,0.162109375,0.17032157033305775,0.8749557822413997,FLAT,0.0,-1,0.009164615645833374,0.07567164587998286,0.10385986960291825,UNLOADING,0.052974886904500015,0.0,0.060049697634171006,0.030556897294681973,0.162109375,0.06083760480395689,0,ok,0.20765486522489396,0.6931580362768637,FLAT,0.0,-1,0.007862411427765535,0.03535397218477282,0.018248159684341046,SUPPORT,0.4139224408436184,0.021675587472907206,0.004236820511309847,2.500000000000002,0.0040000000000000036,0.6494936122753897,1,staged_v3,0.21496699493276203,2,1.0792507534029223,0.12477089964676014,2,0,1,1
v3_pelvis_proxy:v3_left_hand_proxy,313,1.0,0.6000000000000005,0.48611549330601933,0.09147059965090014,0.893717145862091,FLAT,0.0,-1,0.004456791464703405,0.016670399848064142,0.10444487527701116,UNLOADING,0.045407045918142874,0.013551843915786416,0.02961232252847562,0.09163061175398213,0.48611549330601933,0.07776156420065476,0,ok,0.08565501059184633,0.701339715525165,FLAT,0.0,-1,0.006937548767640396,0.0025742176011352815,0.017505331841170098,SUPPORT,0.42113795267489473,0.023301048990923227,0.03875312758654944,-2.500000000000002,0.0030000000000000027,0.6524936122753897,0,staged_v3,0.10689606677371685,2,1.0486749497530246,0.10408546716936831,2,0,0,0
v3_pelvis_proxy:v3_left_hand_proxy,314,0.23706141282305782,0.40000000000000036,0.20781599012658014,0.09742924127278382,0.902171729352748,FLAT,0.0,-1,0.008844564839926482,0.017277965889406454,0.10719225904985752,UNLOADING,0.03892032507269389,0.013081647063086423,0.03417937088912529,0.03917239127280919,0.20781599012658014,0.08409662311335081,0,ok,0.0855063569913228,0.6734263228814927,FLAT,0.0,-1,0.031124426787305513,0.004493203093847519,0.015813389435680995,SUPPORT,0.4269103621399158,0.021297466377936534,0.0454417151025152,-2.500000000000002,0.0020000000000000018,0.6544936122753897,0,staged_v3,0.09880009586120163,2,1.052754669304153,0.09962465511904767,2,0,0,0
v3_pelvis_proxy:v3_left_hand_proxy,315,0.02021348489578545,0.20000000000000018,0.14261074750239489,0.11177601441515524,0.9041183903146193,FLAT,0.0,-1,0.010304128059640417,0.019346130386469765,0.11125535906655643,UNLOADING,0.033360278633737625,0.011216637566858059,0.03533785063516651,0.026881492600588364,0.14261074750239489,0.08574689445359779,0,ok,0.09717745759640128,0.6669868283857165,FLAT,0.0,-1,0.021802302163451054,0.0039044577337387166,0.01309818706207711,SUPPORT,0.43152828971193263,0.02175045161936514,0.04499716463745192,-2.500000000000002,0.0010000000000000009,0.6554936122753897,0,staged_v3,0.09727401811451777,2,1.0522984778835214,0.09834975511185509,2,0,0,0
v3_pelvis_proxy:v3_left_hand_proxy,316,0.03950288382383298,0.0,0.4936936633380722,0.0,0.9108178124819735,FLAT,0.0,-1,0.0048910829814224075,0.02022811452001333,0.11416669744651407,UNLOADING,0.02859452454320368,0.010480220352312376,0.036485755979629636,0.09305906315200321,0.4936936633380722,0.08598202983687694,0,ok,0.09843623006342231,0.6838929738992052,FLAT,0.0,-1,0.0036949596138521556,0.014093146802189326,0.011152659546845654,SUPPORT,0.4352226317695461,0.011464486175152958,0.05445105170106244,-2.500000000000002,0.0,0.6554936122753897,0,staged_v3,0.1127517011989488,2,1.0527288154528784,0.0975587730593044,2,0,0,0
v3_pelvis_proxy:v3_left_hand_proxy,317,0.10156731959577979,0.20000000000000018,0.4657020122845376,0.0,0.9149833686489385,FLAT,0.0,-1,0.009271525693549042,0.009521664468343075,0.11641298413578541,SUPPORT,0.18456910448854338,0.021298984738446197,0.028470688778606118,0.08778276123330522,0.4657020122845376,0.08585613679388487,0,ok,0.09800202081129387,0.6837440112137849,FLAT,0.0,-1,0.01246979628467899,0.0055590918752738945,0.01169116322412711,SUPPORT,0.4381781054156369,0.020025466285932464,0.046837214349650255,-2.500000000000002,-0.0010000000000000009,0.6544936122753897,0,staged_v3,0.09315744474533906,2,1.051316276705843,0.0951255807994597,2,1,0,0
v3_pelvis_proxy:v3_left_hand_proxy,318,0.12427155232629554,0.40000000000000036,0.23533891126383366,0.0,0.9224058605772374,FLAT,0.0,-1,0.004674306230984696,0.004282849936493958,0.1178901761318025,SUPPORT,0.3103879378325907,0.02661165887009617,0.022725345536037243,0.04436033968381681,0.23533891126383366,0.08416419935656852,0,ok,0.09851933924215214,0.6951723203413716,FLAT,0.0,-1,0.0052674565643666075,0.01048315076156017,0.04042388691237947,UNLOADING,0.3755812332134031,0.016538043584058807,0.04891626328491157,-2.500000000000002,-0.0020000000000000018,0.6524936122753897,0,staged_v3,0.09466730668904402,2,1.0548659543949042,0.09646576880418062,2,0,0,0
v3_pelvis_proxy:v3_left_hand_proxy,319,0.09447810961753188,0.6000000000000005,0.10708324289685262,0.001882828331325976,0.9205842612961547,FLAT,0.0,-1,0.0037362048828993555,0.0029919836098625677,0.09079033246846077,SUPPORT,0.4157111722956415,0.026547533013560474,0.02130123795965682,0.020184715752439415,0.10708324289685262,0.08411555876935806,0,ok,0.09870430073713442,0.7097763522688612,FLAT,0.0,-1,0.0008791979620186833,0.007880257477140221,0.06113928140399822,UNLOADING,0.3219267713257741,0.02017670659305969,0.046486009358710535,-2.500000000000002,-0.0030000000000000027,0.6494936122753897,0,staged_v3,0.09339891361316008,2,1.0530625385525807,0.09460773494866528,2,1,0,0
v3_pelvis_proxy:v3_right_hand_proxy,320,0.2361867263128894,0.8000000000000007,0.9999999999999999,0.04647484689688725,0.9087673402413263,FLAT,0.0,-1,0.010525347819406923,0.013119445414991712,0.07130408444028244,SUPPORT,0.5011234585317719,0.015445758807022411,0.014060955394112746,0.18849555921538758,0.9999999999999999,0.04733351673561939,0,ok,0.09883619015627346,0.7061350930301714,FLAT,0.0,-1,0.010154034897038504,0.025384597724892044,0.07597284490769239,UNLOADING,0.27593723256494923,0.0034140445204925776,0.06559643103863355,-2.500000000000002,-0.0040000000000000036,0.6454936122753897,0,staged_v3,0.1344272462909254,2,1.0343669518942376,0.12781580782105423,2,0,0,0
v3_pelvis_proxy:v3_right_hand_proxy,321,0.9999999999999999,0.6000000000000005,1.0,0.2546006980423764,0.8789828498124664,FLAT,0.0,-1,0.024833620761166287,0.1034315389338368,0.05746668793491159,SUPPORT,0.49382010731294734,0.0,0.028394469850473846,0.1884955592153876,1.0,0.06496835382202021,0,ok,0.13394914149383116,0.7081291821364507,FLAT,0.0,-1,0.00614354268070084,0.02665138208891482,0.08675011092483029,UNLOADING,0.23651762791281364,0.002686123457326696,0.06040265271921444,2.500000000000002,-0.0030000000000000027,0.6424936122753897,0,staged_v3,0.217708723938821,2,1.0468198441528223,0.21910610202329336,2,1,1,1
v3_pelvis_proxy:v3_right_hand_proxy,322,0.5687255859374999,0.40000000000000036,0.5687255859375001,0.17623420656292657,0.8258518332361855,FLAT,0.0,-1,0.043051529083702834,0.05557970731125833,0.044760927257560264,SUPPORT,0.4875600919825263,0.0,0.04496346536964413,0.10720224736138806,0.5687255859375001,0.05485005544311147,0,ok,0.23644369695945902,0.7055765653726027,FLAT,0.0,-1,0.010851215750094987,0.030530289681383584,0.09449382318151647,UNLOADING,0.20272939535384027,0.024834058277478466,0.00489063288159736,2.500000000000002,-0.0020000000000000018,0.6404936122753897,1,staged_v3,0.3390930502263641,2,1.0211911099166266,0.34018347724140435,2,1,1,1
v3_pelvis_proxy:v3_left_hand_proxy,323,0.9999999999999996,0.6000000000000005,1.0,0.0638505830390113,0.8205738528279969,FLAT,0.0,-1,0.023617993332596218,0.010245454792013567,0.03482038471171547,SUPPORT,0.48219436455645115,0.016495564443572207,0.02077844656993726,0.1884955592153876,1.0,0.07814071042790677,0,ok,0.14378204058518276,0.7121723026101153,FLAT,0.0,-1,0.005115212799814038,0.008817190306035994,0.10010948877322488,UNLOADING,0.17376805316043453,0.021188284132625253,0.03155800239076316,-2.500000000000002,-0.0030000000000000027,0.6374936122753897,0,staged_v3,0.240191105768816,2,1.0455365981467029,0.22636227536838213,2,0,0,0
v3_pelvis_proxy:v3_left_hand_proxy,324,0.12878417968750017,0.40000000000000036,0.12878417968750006,0.07910271695267547,0.8280587806059514,FLAT,0.0,-1,0.014604766874759761,0.010354421723685725,0.02763914003217976,SUPPORT,0.4775951696198153,0.016027535277923263,0.013828739568304445,0.024275245968290282,0.12878417968750006,0.0765435449965441,0,ok,0.1354936034603587,0.6906940869807351,FLAT,0.0,-1,0.026104706450167818,0.0003019808304263608,0.10342905039096062,UNLOADING,0.14894404556608676,0.02986947168912167,0.03950161892185228,2.500000000000002,-0.0020000000000000018,0.6354936122753897,1,staged_v3,0.2597225027655171,2,1.0665817192329823,0.2597225027655171,2,1,1,1
v3_pelvis_proxy:v3_left_hand_proxy,325,0.0,0.0,0.0,0.07910271695267547,0.8297475581672326,FLAT,0.0,-1,0.017841825058743842,0.010354421723685725,0.021941829598256087,SUPPORT,0.47365300253127024,0.015742669756227082,0.013828739568304445,0.0,0.0,0.0765435449965441,0,ok,0.1354936034603587,0.6813085299770403,FLAT,0.0,-1,0.019297386468462508,0.0003019808304263608,0.1057000510996208,UNLOADING,0.1276663247709315,0.029983021724554682,0.03950161892185228,5.000000000000004,0.0,0.6354936122753897,1,staged_v3,0.24815977101679543,2,1.0661141477812741,0.24815977101679543,2,1,1,1
v3_pelvis_proxy:v3_left_hand_proxy,326,0.06542968749999988,0.20000000000000018,0.06542968749999993,0.11536533334619413,0.8393880590294733,FLAT,0.0,-1,0.014465086778438717,0.015621547001327302,0.017656024967788644,SUPPORT,0.4702740021696602,0.01304213951091172,0.012840661737477714,0.012333205534600544,0.06542968749999993,0.07592331907918898,0,ok,0.15856039042985826,0.6820243890646339,FLAT,0.0,-1,0.009125574509488317,0.0007876123991556747,0.10721712413891253,UNLOADING,0.10942827837508415,0.029573243807789956,0.042130499022394574,2.500000000000002,0.0010000000000000009,0.6364936122753897,1,staged_v3,0.2457287930192522,2,1.0639632054027424,0.2457287930192522,2,1,1,1
v3_pelvis_proxy:v3_left_hand_proxy,327,0.9999999999999999,0.40000000000000036,0.9999957926708882,0.31926720534374337,0.8590892956229393,FLAT,0.0,-1,0.009514755552383139,0.12415828374469029,0.01456032944319559,SUPPORT,0.467377716145423,0.0,0.032591105715187536,0.18849476615253388,0.9999957926708882,0.06577898619534621,0,ok,0.17705742469017038,0.6894107330470894,FLAT,0.0,-1,0.009514767676612888,0.020552915189422715,0.10830415505347066,UNLOADING,0.09379566717864356,0.00986229256325082,0.06165047528238339,2.500000000000002,0.0020000000000000018,0.6384936122753897,0,staged_v3,0.2368402733088782,2,1.0553608068474791,0.2368402733088782,2,1,1,1
v3_pelvis_proxy:v3_left_hand_proxy,328,0.8607788085937497,0.6000000000000005,0.8607788085937501,0.28789595920423955,0.8779678036245078,FLAT,0.0,-1,0.006501412354015914,0.07354250422586159,0.012925510375209108,SUPPORT,0.46489518526750545,0.0,0.07234421383942459,0.162252982886634,0.8607788085937501,0.07943886088116867,0,ok,0.3754167198038539,0.6838835370334516,FLAT,0.0,-1,0.015735823317657976,0.04968397045144255,0.10907613851539301,UNLOADING,0.08039628615312305,0.029995021143912115,0.00045878578185753766,2.500000000000002,0.0030000000000000027,0.6414936122753897,1,staged_v3,0.3171672239634886,2,1.0493854895257466,0.31892903675692147,2,1,1,1
v3_pelvis_proxy:v3_left_hand_proxy,329,0.9990583749403023,0.40000000000000036,0.8695271693644115,0.12195541311625895,0.8771778279568518,FLAT,0.0,-1,0.012414038995001372,0.019720164962099503,0.011923596958673078,SUPPORT,0.46276730165786184,0.005876014885834151,0.03195386433597135,0.1639020100423178,0.8695271693644115,0.07820436691225026,0,ok,0.20829001892642734,0.6767435786072791,FLAT,0.0,-1,0.022040951931839838,0.01052712883959826,0.10943524565396046,UNLOADING,0.06891110241696262,0.019944633443099765,0.035335552654766685,-2.500000000000002,0.0020000000000000018,0.6434936122753897,0,staged_v3,0.3476676653480697,2,1.0430385853902886,0.3490119548671639,2,1,0,0
v3_pelvis_proxy:v3_left_hand_proxy,330,0.5745740333111417,0.20000000000000018,0.5895957497453428,0.05727381007221324,0.8862761158612462,FLAT,0.0,-1,0.008807858110081657,0.015113080379076538,0.011150404912610755,SUPPORT,0.4609434014210244,0.010444439866554002,0.025838688857352778,0.11113618055926411,0.5895957497453428,0.0791067048876476,0,ok,0.15617851894824925,0.6708986532539768,FLAT,0.0,-1,0.019869533776875347,0.007242218060499687,0.10840696876827259,UNLOADING,0.05906665921453939,0.023178130377913945,0.0452299751429152,-2.500000000000002,0.0010000000000000009,0.6444936122753897,0,staged_v3,0.1894559066671858,2,1.0536160445105067,0.18814428609872177,2,0,0,0
v3_pelvis_proxy:v3_left_hand_proxy,331,0.2463121126735275,0.0,0.29240436075291737,0.035165017383960245,0.8936109247983564,FLAT,0.0,-1,0.008417036369990917,0.004073557993575128,0.010381112306778208,SUPPORT,0.4593800583608781,0.021445497621763784,0.020612807118996643,0.05511692349713909,0.29240436075291737,0.07894316670777193,0,ok,0.1337872826208492,0.6900060392224436,FLAT,0.0,-1,0.0028468948183745725,0.005957071601301136,0.10781628884703805,UNLOADING,0.05062856504103376,0.02443374284105077,0.04462745595063805,-2.500000000000002,0.0,0.6444936122753897,0,staged_v3,0.10534896559164571,2,1.0538499718019072,0.09912227348978815,2,0,0,0
v3_pelvis_proxy:v3_left_hand_proxy,332,0.0570434134318718,0.20000000000000018,0.1722447688807234,0.01580521835207048,0.899062990330654,FLAT,0.0,-1,0.010698647883711446,0.0033123798865070117,0.009738755287837238,SUPPORT,0.47608514248919054,0.022174557877884853,0.019802367115558037,0.03246737403209715,0.1722447688807234,0.07856410956035358,0,ok,0.114128072317045,0.6950928203018848,FLAT,0.0,-1,0.010699245594044369,0.0025588976677174005,0.10713556292579723,UNLOADING,0.043395912892314654,0.027797880478572463,0.041416644383673366,-2.500000000000002,-0.0010000000000000009,0.6434936122753897,0,staged_v3,0.09993343277230399,2,1.053580390155691,0.09361084063779573,2,0,0,0
v3_pelvis_proxy:v3_left_hand_proxy,333,0.06366697481565085,0.40000000000000036,0.9999694702510527,0.008628095225246752,0.9012921948987161,FLAT,0.0,-1,0.009207075412319961,0.019296156825899986,0.009368070350194584,SUPPORT,0.5424573274873854,0.0061722466916097445,0.03533991195239582,0.18848980449328706,0.9999694702510527,0.07974041397109433,0,ok,0.10688176623109569,0.6960719077939753,FLAT,0.0,-1,0.009195154764674383,0.02463381404951248,0.10649701355434238,UNLOADING,0.03719649676484113,0.005691036628204638,0.061895704215290254,-2.500000000000002,-0.0020000000000000018,0.6414936122753897,0,staged_v3,0.13444637019801214,2,1.0541279571570352,0.13182596608794017,2,0,0,0
v3_pelvis_proxy:v3_left_hand_proxy,334,0.19370170818339505,0.6000000000000005,0.6735723394928999,0.005368102776422944,0.9035150928459865,FLAT,0.0,-1,0.011119391935494907,0.002601117577750893,0.009195342264664723,SUPPORT,0.6077544260155706,0.022858649535482344,0.02082542132960075,0.12696539480473107,0.6735723394928999,0.08026163316251494,0,ok,0.1021910197846549,0.7048652449114198,FLAT,0.0,-1,0.00544650675129269,0.00647173228847495,0.10601423098142165,UNLOADING,0.03188271151272097,0.023828979260596135,0.04559719931448658,-2.500000000000002,-0.0030000000000000027,0.6384936122753897,1,staged_v3,0.17565656785993616,2,1.0499529808200903,0.17565656785993616,2,1,0,0
v3_pelvis_proxy:v3_left_hand_proxy,335,0.0,0.0,0.0,0.005368102776422944,0.8962439619348687,FLAT,0.0,-1,0.0162301048916837,0.002601117577750893,0.008834697682983072,SUPPORT,0.6618326041820106,0.02284061730639826,0.02082542132960075,0.0,0.0,0.08026163316251494,0,ok,0.0,0.7119663093137142,FLAT,0.0,-1,0.0034792144289313813,0.00647173228847495,0.10558307414090438,UNLOADING,0.02732803843947512,0.02380742141857027,0.04559719931448658,7.500000000000006,0.0,0.6384936122753897,1,staged_v3,0.2221852041143266,2,1.0356865880801862,0.2221852041143266,2,1,1,1
v3_pelvis_proxy:v3_left_hand_proxy,336,0.24401855468749997,0.20000000000000018,0.2440185546875,0.08591485248687153,0.9086175150916178,FLAT,0.0,-1,0.004026493638778563,0.012119974150156154,0.008647973404005397,SUPPORT,0.7075534266437216,0.013312424520044119,0.04468303922933502,0.045996413924750956,0.2440185546875,0.07366480741784946,0,ok,0.0,0.7135226526185312,FLAT,0.0,-1,0.008194022508433357,7.628794505589332e-05,0.10522788340110664,SUPPORT,0.14955046557652812,0.030185106224999442,0.027225553705592553,2.500000000000002,0.0010000000000000009,0.6394936122753897,1,staged_v3,0.18881456946292743,2,1.0218214593447388,0.16765687571574966,2,0,1,1
v3_pelvis_proxy:v3_left_hand_proxy,337,0.047424316406250035,0.40000000000000036,0.012311302994672195,0.06149650374818431,0.916255142035948,FLAT,0.0,-1,0.005736343135821658,0.015627061130639112,0.03703475444277581,UNLOADING,0.6064743656946185,0.011224676591499682,0.04827775433189374,0.0023206259426508113,0.012311302994672195,0.07354638952912283,0,ok,0.0,0.7162293338517265,FLAT,0.0,-1,0.008485413672610718,0.00023958878828060724,0.10478410895089882,SUPPORT,0.247876348721138,0.029999616659264337,0.027929044126513824,2.500000000000002,0.0020000000000000018,0.6414936122753897,1,staged_v3,0.10829134178588434,2,1.0456845042084169,0.10829134178588434,2,1,1,1
v3_pelvis_proxy:v3_left_hand_proxy,338,0.11227066231994591,0.20000000000000018,0.12169733448935016,0.03007569476491087,0.9151322129203721,FLAT,0.0,-1,0.010072310368108664,0.014473673060841755,0.05736585896086561,UNLOADING,0.5469845276915265,0.013394619887201527,0.03967701609883909,0.022939407119592137,0.12169733448935016,0.07246105173099379,0,ok,0.0,0.7206904576563637,FLAT,0.0,-1,0.006413923514529321,0.0008102393135653143,0.07617958604666658,SUPPORT,0.3314587903617743,0.027998739988768017,0.0351428215365256,-2.500000000000002,0.0010000000000000009,0.6424936122753897,1,staged_v3,0.10716964509411947,2,1.045468386810499,0.10716964509411947,2,1,0,0
v3_pelvis_proxy:v3_left_hand_proxy,339,0.1897221805033783,0.04999999999999449,0.2794593150392101,0.00784401759242332,0.9105658757220007,FLAT,0.0,-1,0.012624454440253124,0.009900895810410544,0.07198813934559625,UNLOADING,0.5552828659173689,0.01869851115686927,0.027191899606283383,0.05267683986626509,0.2794593150392101,0.06957964086522404,0,ok,0.021301028321949696,0.7237287740588418,FLAT,0.0,-1,0.006668577923950009,0.013320211495259901,0.0556644316451409,SUPPORT,0.40185559692654377,0.014463010086997144,0.04851126340946018,-1.875000000000071,0.00024999999999997247,0.6427436122753897,0,staged_v3,0.11106955291196839,2,1.0465057418976509,0.11234738385229301,2,1,0,0
v3_pelvis_proxy:v3_right_hand_proxy,340,0.9999999999999999,0.24999999999999467,1.0000000000000002,0.17636406668784035,0.9091806073806682,FLAT,0.0,-1,0.009997132228676613,0.040511185354952226,0.08240142228060086,SUPPORT,0.6070224976596941,0.0,0.060884832524702406,0.18849555921538763,1.0000000000000002,0.04583235069938628,0,ok,0.1894588533635405,0.7270427715268827,FLAT,0.0,-1,0.004582502696542531,0.01898060263592735,0.04092347496501484,SUPPORT,0.43779568976736727,0.00806557111232339,0.0485202907520533,2.500000000000002,0.0012499999999999734,0.6439936122753896,0,staged_v3,0.15581886739670134,2,1.0456867247831745,0.13317049527034905,2,0,1,1
v3_pelvis_proxy:v3_right_hand_proxy,341,0.3291015625,0.44999999999999485,0.32910156250000006,0.14042344542214832,0.9064588978597335,FLAT,0.0,-1,0.01323090355554598,0.05544974186640121,0.08995227905698794,UNLOADING,0.5203049979940235,0.0,0.05192092415647237,0.06203418306209535,0.32910156250000006,0.05976130106038889,0,ok,0.22202987899748153,0.7307822787060816,FLAT,0.0,-1,0.004884592948473581,0.0071455431332496,0.05870798689851374,UNLOADING,0.3752534483720291,0.02078985621167609,0.06426869222732405,2.500000000000002,0.0022499999999999742,0.6462436122753896,1,staged_v3,0.34206155290327367,2,1.0611601205050594,0.3336623481419495,2,0,1,1
v3_pelvis_proxy:v3_left_hand_proxy,342,0.9509277343749997,0.649999999999995,0.950927734375,0.07271754371907305,0.8973286458710893,FLAT,0.0,-1,0.015331168149694093,0.07348690107277955,0.06585374889712364,UNLOADING,0.44602066691184966,0.0,0.05452258781081169,0.17924565506443718,0.950927734375,0.06314426713475946,0,ok,0.26304920657579045,0.7324574482713395,FLAT,0.0,-1,0.006542171348726562,0.002672229602231118,0.04310427759951782,UNLOADING,0.3216458131636717,0.024482984277744774,0.08788354634058694,2.500000000000002,0.003249999999999975,0.6494936122753896,1,staged_v3,0.20298627017747745,2,1.055397252457439,0.20298627017747745,2,1,1,1
v3_pelvis_proxy:v3_left_hand_proxy,343,0.9995100182586856,0.44999999999999485,0.9711312251646759,0.05684914777253398,0.9139999219636707,FLAT,0.0,-1,0.000990177469571205,0.02246960041136358,0.04858980327527882,UNLOADING,0.39728729285668457,0.004959889752400359,0.051688539562842736,0.18305392335894008,0.9711312251646759,0.05594913800314898,0,ok,0.07021553757856515,0.7379298842089865,FLAT,0.0,-1,0.002463300344192639,0.01565201484982959,0.031923731325695856,UNLOADING,0.2756964112832445,0.010944171716455203,0.05868709757178407,-2.500000000000002,0.0022499999999999742,0.6517436122753896,0,staged_v3,0.20428888174937562,2,1.0515079440975013,0.20519140020629373,2,1,0,0
v3_pelvis_proxy:v3_left_hand_proxy,344,0.9152345508912727,0.24999999999999467,0.9287917792068,0.0100654867323321,0.925174043628612,FLAT,0.0,-1,0.0024130124108807305,0.007277209341870806,0.036011913675995114,SUPPORT,0.40782983428534764,0.01952338634192895,0.025007324968449356,0.17507312581624057,0.9287917792068,0.062390909460630084,0,ok,0.031949581795612456,0.7363867452678321,FLAT,0.0,-1,0.007324737049995552,0.01344120076407582,0.023941444560485782,SUPPORT,0.3105571290265956,0.012755871463948468,0.0550040490818919,-2.500000000000002,0.0012499999999999734,0.6529936122753895,0,staged_v3,0.19637828658426684,2,1.0475945310984753,0.1955688783972326,2,1,0,0
v3_pelvis_proxy:v3_left_hand_proxy,345,0.21153608871678004,0.04999999999999449,0.6028440507232192,0.00048586727654846275,0.9386510891207562,FLAT,0.0,-1,0.0011846097833362577,0.006024279323447429,0.05540749975892009,SUPPORT,0.49654974376518646,0.021746095664498578,0.023578857031215154,0.1136334264607427,0.6028440507232192,0.0802814015341247,0,ok,0.025573246918556426,0.7340244075935228,FLAT,0.0,-1,0.007289117840164128,0.005768336005355667,0.046469226451271405,SUPPORT,0.34150254213274633,0.021555125317207907,0.046420068123849106,-2.500000000000002,0.00024999999999997247,0.6532436122753895,0,staged_v3,0.11052526148325914,2,1.0524215143874038,0.09408295104791653,2,0,0,0
v3_pelvis_proxy:v3_right_hand_proxy,346,1.0,0.24999999999999467,1.0,0.1572053852648806,0.9463485860230653,FLAT,0.0,-1,0.0029946617358316448,0.01015057975475286,0.06922253272765166,SUPPORT,0.5733911488284772,0.018310546881629725,0.060492650840777915,0.1884955592153876,1.0,0.06458597442255992,0,ok,0.14945944931724064,0.7383521709003491,FLAT,0.0,-1,0.0022748380284008407,0.02952384872910182,0.0626110875337965,SUPPORT,0.37976431232258573,0.0,0.05718316757410862,2.500000000000002,0.0012499999999999734,0.6544936122753895,0,staged_v3,0.12780611379926812,2,1.0490503755424199,0.12289231211956482,2,1,1,1
v3_pelvis_proxy:v3_left_hand_proxy,347,0.8428668983843729,0.04999999999999449,0.9999929752144033,0.01956326156898055,0.9522138931052264,FLAT,0.0,-1,0.0019935475217252837,0.03036769079892826,0.07972595104235611,UNLOADING,0.49147812756726617,0.0017306750673104325,0.027255622484807375,0.1884942350744982,0.9999929752144033,0.02867495541619358,0,ok,0.05748959373373582,0.7420292396270443,FLAT,0.0,-1,0.0019931371022936808,0.006252585828854403,0.07417723641035825,UNLOADING,0.32551226770507347,0.02245627599166351,0.042152102317478304,-2.500000000000002,0.00024999999999997247,0.6547436122753895,0,staged_v3,0.2660814074448544,2,1.0556828477439486,0.26332953468729375,2,0,0,0
v3_pelvis_proxy:v3_left_hand_proxy,348,0.3454406618822795,0.15000000000000568,0.923018312725363,0.005544625860869674,0.9580758710097057,FLAT,0.0,-1,0.000974655795888495,0.017094526132991894,0.05874015332553932,UNLOADING,0.5479408012398772,0.010842481533285073,0.03177815328732515,0.17398485302321082,0.923018312725363,0.03627227458228094,0,ok,0.028212178073340494,0.7432377553753031,FLAT,0.0,-1,0.004278872332501341,0.006695387218936276,0.054117875280551536,UNLOADING,0.3057849407313985,0.021010506545091304,0.04598452916548075,-2.500000000000002,-0.0007500000000000284,0.6539936122753894,0,staged_v3,0.32338012250353826,2,1.0489670449218458,0.32457809060975645,2,1,0,0
v3_pelvis_proxy:v3_left_hand_proxy,349,0.15234015614351207,0.35000000000000586,0.5649648693186963,0.005196595169696544,0.9570537475050389,FLAT,0.0,-1,0.006337997871448716,0.015108685335187187,0.04369256498397382,UNLOADING,0.6191629846239661,0.012075942914011505,0.030230041140876192,0.10649336897927603,0.5649648693186963,0.07944073978997696,0,ok,0.025374837012297508,0.7402355668181836,FLAT,0.0,-1,0.006826594236239959,0.009159072958924184,0.03967074858707111,UNLOADING,0.3480357817933233,0.017824464470429374,0.04852428126960387,-2.500000000000002,-0.0017500000000000293,0.6522436122753894,0,staged_v3,0.1944604239532799,2,1.053523797918661,0.18936987205885703,2,0,0,0
v3_pelvis_proxy:v3_right_hand_proxy,350,0.9999999999999999,0.15000000000000568,1.0,0.15706469817897126,0.9593420878384029,FLAT,0.0,-1,0.0039333548398319835,0.014888133878554147,0.03292075756671099,SUPPORT,0.6788888350881349,0.011757903999781404,0.057854106402738394,0.1884955592153876,1.0,0.0709922423969355,0,ok,0.16772767928512236,0.7426057054083024,FLAT,0.0,-1,0.0039333548398318985,0.03087364709366626,0.029376491923122423,SUPPORT,0.389854297323669,0.0,0.04920107674886401,2.500000000000002,-0.0007500000000000284,0.6514936122753894,0,staged_v3,0.14891947468534233,2,1.0496708254480311,0.14682397936430933,2,1,1,1
v3_pelvis_proxy:v3_left_hand_proxy,351,0.9999999999999994,0.04999999999999449,1.0,0.05993914795843388,0.9590749028315328,FLAT,0.0,-1,0.0032770483818950016,0.0672327413452938,0.05378151654274645,UNLOADING,0.5819047157898299,0.0034093013755930497,0.024279774451544275,0.1884955592153876,1.0,0.036209356366123435,0,ok,0.26933339828635317,0.7467020136129021,FLAT,0.0,-1,0.0009865821081696492,0.015728208178990864,0.050278057431143316,UNLOADING,0.3341608262774306,0.011785694692566302,0.12091534288724437,2.500000000000002,0.00024999999999997247,0.6517436122753894,0,staged_v3,0.30894078601126806,2,1.0725523252019646,0.3061078883066536,2,0,0,0
v3_pelvis_proxy:v3_left_hand_proxy,352,0.9937463415855079,0.04999999999999449,1.0,0.12198785508157603,0.9549439380936994,FLAT,0.0,-1,0.0051197794000069265,0.00935119359972579,0.040306246822347735,UNLOADING,0.5298852074723374,0.017664118741391597,0.044752344130765676,0.1884955592153876,1.0,0.04794074319254284,0,ok,0.10601895181281826,0.7508758271429095,FLAT,0.0,-1,0.0010335270319631548,0.02591933333291739,0.036899266411262725,UNLOADING,0.28642356538068064,0.0009256299876457472,0.046848260873347855,0.0,0.00024999999999997247,0.6519936122753893,0,staged_v3,0.49779571116103083,2,1.0516704017078757,0.49889398342546143,2,1,0,0
v3_pelvis_proxy:v3_left_hand_proxy,353,0.6107267320038026,0.15000000000000568,0.8333740234375,0.05911863148882913,0.9538644607475316,FLAT,0.0,-1,0.005075844063010897,0.022231997506326366,0.03059709430891149,UNLOADING,0.45453071419866103,0.00429785720911921,0.0419832505548816,0.1570873025834291,0.8333740234375,0.009992341210833873,0,ok,0.07393175236823228,0.7484520436169468,FLAT,0.0,-1,0.0032129846913539063,0.014632276790614192,0.027355305459413528,UNLOADING,0.2466658358045755,0.011735488482356487,0.04079606498798519,-2.500000000000002,-0.0007500000000000284,0.6512436122753893,1,staged_v3,0.48314848665605764,2,1.056422953074913,0.47347794513064656,2,0,1,1
v3_pelvis_proxy:v3_left_hand_proxy,354,0.5834507414254748,0.04999999999999449,1.0000000000000002,0.12939019285704303,0.9480310536745511,FLAT,0.0,-1,0.009815712673636167,0.04355040015681154,0.02335816401293179,SUPPORT,0.45388346931313805,0.011260600509771058,0.014907307690875532,0.18849555921538763,1.0000000000000002,0.06339711653910232,0,ok,0.06412231611263224,0.749024965412857,FLAT,0.0,-1,0.003755579836473058,0.022555578159782902,0.020632280760149283,SUPPORT,0.2873326686436604,0.003476035878224565,0.03789730759106548,2.500000000000002,0.00024999999999997247,0.6514936122753893,0,staged_v3,0.3878221416239561,2,1.062669236569136,0.3806113573917927,2,0,1,1
v3_pelvis_proxy:v3_left_hand_proxy,355,0.06160830890414503,0.24999999999999467,0.09527587890625007,0.10703204537256586,0.9491692478242016,FLAT,0.0,-1,0.006162457383553358,0.042199854407123094,0.047428986788623506,UNLOADING,0.3890429736969755,0.016959111408212203,0.010412337931218974,0.017959080074171158,0.09527587890625007,0.06189839750822204,0,ok,0.01957337710098624,0.7473162515353148,FLAT,0.0,-1,0.006162684342947383,0.02089033173965216,0.044513580593763466,SUPPORT,0.3198661349149283,0.006335347290036014,0.04314261994390292,2.500000000000002,0.0012499999999999734,0.6527436122753892,1,staged_v3,0.4289180228612626,2,1.0218920653821837,0.4289180228612626,2,1,1,1
v3_pelvis_proxy:v3_left_hand_proxy,356,0.4180923879363152,0.04999999999999449,1.0,0.006712963807421559,0.9506694159136388,FLAT,0.0,-1,0.004478820679899791,0.013584664255485074,0.06468910301340039,UNLOADING,0.333465406025979,0.014649790895184946,0.028003358907700657,0.1884955592153876,1.0,0.045902977444251286,0,ok,0.036454541517914656,0.7451116768723158,FLAT,0.0,-1,0.0034176580250344295,0.005474405161917451,0.03321502943690877,SUPPORT,0.37949533536732594,0.02118634630992799,0.04703763073371427,-2.500000000000002,0.00024999999999997247,0.6529936122753892,0,staged_v3,0.08796890633149011,2,1.0454298141751182,0.08677543507942648,2,1,0,0
v3_pelvis_proxy:v3_right_hand_proxy,357,0.7842948682906032,0.24999999999999467,0.9980228118689313,0.0397340208251014,0.9486981466269926,FLAT,0.0,-1,0.005600390940744487,0.014158514993405848,0.0769808154408625,UNLOADING,0.43877704983479404,0.02092581021311589,0.007923230558927238,0.18812286803294778,0.9980228118689313,0.053358925555468825,0,ok,0.07030103302450753,0.7473053933077809,FLAT,0.0,-1,0.0013156943341801454,0.0639162196078655,0.02516809217375498,SUPPORT,0.39359626829386074,0.0,0.07216929871194774,2.500000000000002,0.0012499999999999734,0.6542436122753892,0,staged_v3,0.20963999614341666,2,1.031286890080522,0.20596260794394933,2,0,0,0
v3_pelvis_proxy:v3_right_hand_proxy,358,0.5655635406325938,0.04999999999999449,0.8866086558078375,0.004169512997485983,0.9441415664315785,FLAT,0.0,-1,0.0052415108082584936,0.011450977928673698,0.08562785602452333,SUPPORT,0.4428392041938248,0.01783041487255247,0.029392722520836988,0.16712179438170144,0.8866086558078375,0.06583006937794807,0,ok,0.023405891667341316,0.7476873997242433,FLAT,0.0,-1,0.0037330007604325084,0.013522625522467122,0.019406292866130555,SUPPORT,0.4048770146350886,0.012447689120839406,0.0544659661203589,-2.500000000000002,0.00024999999999997247,0.6544936122753892,0,staged_v3,0.2545458841408174,2,1.0374481585786086,0.2545458841408174,2,1,0,0
v3_pelvis_proxy:v3_left_hand_proxy,359,0.27965170318581434,0.15000000000000568,1.0000000000000002,0.0018875108287592412,0.9437543487772351,FLAT,0.0,-1,0.006528964689418927,0.009965475438078675,0.09173579105011115,SUPPORT,0.524519005736269,0.019621314114426882,0.027863848921062993,0.18849555921538763,1.0000000000000002,0.08054953898836627,0,ok,0.02496402748012334,0.7465042552233776,FLAT,0.0,-1,0.0035112646104945248,0.0025519646008113047,0.04372607775664923,SUPPORT,0.4385784672736802,0.02463433928702116,0.04419581057101201,-2.500000000000002,-0.0007500000000000284,0.6537436122753891,0,staged_v3,0.17775162316201498,2,1.0532515114309307,0.17930522562136983,2,0,0,0
v3_pelvis_proxy:v3_left_hand_proxy,360,0.06380132702446817,0.12054748535157422,0.060068130941610495,0.0022296361827577253,0.9485432607212404,FLAT,0.0,-1,0.0030627330984589795,0.009632689611906237,0.09622248954540379,SUPPORT,0.5908254558935913,0.020178434865363953,0.027533050419152126,0.011322575932861997,0.060068130941610495,0.08096724186636868,0,ok,0.025041761429227153,0.746048482357272,FLAT,0.0,-1,0.005362617945792791,0.0018423754765147836,0.06107894874494424,SUPPORT,0.46004821451059064,0.02621157196073243,0.043593497117250336,0.36815643310539325,-0.0006027374267578711,0.6531408748486313,1,staged_v3,0.14314674010114742,2,1.0492614717140072,0.14314674010114742,2,1,0,0
v3_torso_proxy:v3_right_forearm_proxy,361,0.5478042798833881,0.3205474853515744,1.0,0.03412020021332375,0.942977500643946,FLAT,0.0,-1,0.008968992962462445,0.04738617206361433,0.0994274137067096,SUPPORT,0.642166901064937,0.0,0.03256987447675115,0.1884955592153876,1.0,0.07896185534526654,0,ok,0.05027575702667112,0.7433716284495617,FLAT,0.0,-1,0.006483822011143631,0.015037685148403028,0.07350500247969541,SUPPORT,0.47522564114060123,0.013637564975581745,0.05342049395077338,-2.500000000000002,-0.001602737426757872,0.6515381374218734,0,staged_v3,0.16431641213368436,2,1.0538221068829894,0.11395764698362355,2,0,0,0
v3_torso_proxy:v3_right_forearm_proxy,362,0.4223212832236492,0.5205474853515746,0.9999979499337787,0.0030799573160375407,0.9257239039036314,FLAT,0.0,-1,0.013201739156764144,0.013924579030364145,0.10230025721987396,SUPPORT,0.6249490317964054,0.016190433830629555,0.030489619715248585,0.18849517278700878,0.9999979499337787,0.07999993031981464,0,ok,0.025801406489988243,0.739001648061187,FLAT,0.0,-1,0.008664487353622494,0.003593470071035933,0.08376906237833001,SUPPORT,0.4716219781205153,0.02559498304788057,0.04525620071017594,-2.500000000000002,-0.002602737426757873,0.6489353999951155,0,staged_v3,0.2549176744958632,2,1.048320574845922,0.2568713297360296,2,1,0,0
v3_torso_proxy:v3_right_forearm_proxy,363,0.21612817708000306,0.7205474853515748,0.22910620971218196,0.003084631792134279,0.9274489920654871,FLAT,0.0,-1,0.007698981201244599,0.0032051934346976904,0.1043323007281359,SUPPORT,0.6654672407412066,0.027011421601709107,0.02103791272621342,0.0431855031194156,0.22910620971218196,0.08287014715692442,0,ok,0.025823828194896342,0.7379371879429008,FLAT,0.0,-1,0.0059259391243305405,0.007297645746696214,0.09114151165697656,SUPPORT,0.4800754354171649,0.022259429836152617,0.04589829232553144,-2.500000000000002,-0.003602737426757874,0.6453326625683576,0,staged_v3,0.22483819172505756,2,1.0491852922798701,0.22582415203207862,2,1,0,0
v3_pelvis_proxy:v3_right_hand_proxy,364,0.48071289062500017,0.25023388639093813,0.480712890625,0.10840881249467266,0.9317324348361642,FLAT,0.0,-1,0.003787676502775006,0.01912644946540765,0.10575128177013533,SUPPORT,0.6983808759780514,0.011161114623099117,0.04548446195977869,0.09061224514040483,0.480712890625,0.07722190538365833,0,ok,0.10395406703918607,0.743617623805168,FLAT,0.0,-1,0.0003325565978160145,0.011913435013594088,0.09642868409719617,SUPPORT,0.48697919318477867,0.02584236136200193,0.003979072842857881,5.878919987007958,-0.0012511694319546907,0.644081493136403,1,staged_v3,0.2141017726162162,2,1.0232041244228562,0.21517445218328154,2,1,1,1
v3_pelvis_proxy:v3_left_hand_proxy,365,1.0000000000000002,0.050233886390937954,1.0,0.24431390538681996,0.9338690140516374,FLAT,0.0,-1,0.006006558813896067,0.09002354987825825,0.1067680357915558,UNLOADING,0.5986121794097584,0.024007462064182045,0.006330939725395748,0.1884955592153876,1.0,0.03844870820414012,0,ok,0.18953944177479531,0.7415040120227527,FLAT,0.0,-1,0.006006294374006034,0.054938615637486976,0.1002351188936553,UNLOADING,0.41741073701552456,0.0,0.08132246544745214,2.500000000000002,-0.00025116943195468977,0.6438303237044483,0,staged_v3,0.22248812516351318,2,1.0802655625359814,0.22131759313307164,2,0,1,1
v3_pelvis_proxy:v3_left_hand_proxy,366,0.04711914062499988,0.14976611360906222,0.047119140625,0.21504901727390763,0.9335948363848774,FLAT,0.0,-1,0.008616676619181215,0.0847770081480568,0.0791939215326505,UNLOADING,0.5130961537850427,0.024223462669272205,0.004736233407360322,0.008881748761857863,0.047119140625,0.03912847233089066,0,ok,0.16981477783957868,0.7381412613702111,FLAT,0.0,-1,0.005937789437539718,0.05965799657677069,0.07442631302371375,UNLOADING,0.3577806877815133,0.0,0.08175272241509293,2.500000000000002,0.0007488305680453111,0.6445791542724936,1,staged_v3,0.44710974125655384,2,1.0623578457202587,0.44846650419739914,2,1,1,1
v3_pelvis_proxy:v3_left_hand_proxy,367,0.7750244140625001,0.3497661136090624,0.7750244140625,0.07990688906395953,0.9237695375146189,FLAT,0.0,-1,0.013695518242933245,0.02389882090049617,0.06008808853054518,UNLOADING,0.4397967043919099,0.00828084911287692,0.019723555313650342,0.14608866033428905,0.7750244140625,0.06893368960563925,0,ok,0.0895167023167076,0.7396249161442183,FLAT,0.0,-1,0.0036830862152709065,0.013730828388516188,0.05595491575481138,UNLOADING,0.3066701368347086,0.027025254626509454,0.0007724911612311163,2.500000000000002,0.001748830568045312,0.6463279848405389,1,staged_v3,0.3142584682929158,2,1.0203208692710979,0.13245615418616388,2,0,1,1
v3_pelvis_proxy:v3_left_hand_proxy,368,0.3336863482379714,0.14976611360906222,0.9205932617187499,0.00966080125615251,0.9217064936627446,FLAT,0.0,-1,0.009261591239888784,0.029411148758350124,0.04803026383006264,SUPPORT,0.4418373635135279,0.0,0.03289166036178741,0.17352774167759344,0.9205932617187499,0.00999290847299382,0,ok,0.07876222356790953,0.7433545413809018,FLAT,0.0,-1,0.002136684050665964,0.024337440837643606,0.04270252823039414,SUPPORT,0.3353361094677669,0.002797685573876104,0.03554457715866372,-2.500000000000002,0.0007488305680453111,0.6470768154085842,1,staged_v3,0.2826939221799787,2,1.0574516290765956,0.26556306230189786,2,0,1,1
v3_pelvis_proxy:v3_left_hand_proxy,369,1.0000000000000002,0.3497661136090624,1.0000000000000002,0.14799629130895864,0.9100821871006586,FLAT,0.0,-1,0.01826274904218303,0.01690925671796565,0.06799428057902959,SUPPORT,0.5168939215454287,0.01149045731098583,0.02610412662066708,0.18849555921538763,1.0000000000000002,0.058164207034647836,0,ok,0.08855345298974725,0.7282820020718473,FLAT,0.0,-1,0.01826274904218303,0.02439713780125067,0.06041346376861831,SUPPORT,0.3582688875742135,0.003623535387180247,0.04138287782523148,2.500000000000002,0.001748830568045312,0.6488256459766295,0,staged_v3,0.3480654850520557,2,1.0442345369740018,0.34351163923504086,2,0,1,1
v3_pelvis_proxy:v3_left_hand_proxy,370,0.3720092773437501,0.5497661136090626,0.37200927734375006,0.027988553525071434,0.9104198813468312,FLAT,0.0,-1,0.01246423194366646,0.011466539166534376,0.08244517397562087,UNLOADING,0.4430519327532246,0.025185080092595794,0.003937178606185251,0.07012209676622239,0.37200927734375006,0.050136476843006275,0,ok,0.02867064885997638,0.7269931166292596,FLAT,0.0,-1,0.009252996790254124,0.030234978673463676,0.07398870110604565,UNLOADING,0.30708761792075445,0.0,0.063979168555836,2.500000000000002,0.002748830568045313,0.6515744765446748,1,staged_v3,0.40745471957935386,2,1.0405781264166232,0.40745471957935386,2,1,1,1
v3_pelvis_proxy:v3_left_hand_proxy,371,0.41453220384229605,0.3497661136090624,0.9600258406537303,0.006407699847137254,0.907184985491048,FLAT,0.0,-1,0.012902933514174672,0.017267975267493442,0.06447855256926056,UNLOADING,0.4785199446400177,0.010955952360969589,0.03281247839824579,0.1809606076952475,0.9600258406537303,0.049418173242867194,0,ok,0.02234501880819114,0.7260889871290607,FLAT,0.0,-1,0.007370154294582403,0.012677247945459467,0.0552884704221335,UNLOADING,0.3444166542116561,0.015087175575647208,0.0522186330173772,-2.500000000000002,0.001748830568045312,0.6533233071127201,0,staged_v3,0.17165882074127117,2,1.0469667691540956,0.17218248976970146,2,1,0,0
v3_pelvis_proxy:v3_left_hand_proxy,372,0.16288268860565389,0.14976611360906222,0.783127992942614,0.005259399510097239,0.909511841698251,FLAT,0.0,-1,0.00923136653609989,0.017105118051481842,0.05157121726083641,UNLOADING,0.5525271409665915,0.010473442811559978,0.03243911557001368,0.14761614896694214,0.783127992942614,0.07899475290484823,0,ok,0.02485886405835839,0.7229780948270085,FLAT,0.0,-1,0.00923136653609989,0.013058959775685438,0.042119326034863666,UNLOADING,0.38896367416928956,0.014047006526057747,0.05244796144272272,-2.500000000000002,0.0007488305680453111,0.6540721376807654,0,staged_v3,0.09655111042908664,2,1.0525337054737327,0.09517869238943875,2,0,0,0
v3_pelvis_proxy:v3_left_hand_proxy,373,0.006154484098822329,0.050233886390937954,0.42720544856501624,0.0026529751428351366,0.9201794082749238,FLAT,0.0,-1,0.0010741112251523612,0.011653126102788972,0.04249541225106812,SUPPORT,0.6162979251006807,0.015471644509764435,0.029345976198338487,0.08052632992712325,0.42720544856501624,0.0815528182591412,0,ok,0.024872853486789734,0.7245711468845638,FLAT,0.0,-1,0.005830156097374922,0.003847496242959975,0.03303448199860379,SUPPORT,0.4206096151390967,0.022804227856970217,0.04538804755316948,-2.500000000000002,-0.00025116943195468977,0.6538209682488108,0,staged_v3,0.09465835165027568,2,1.0529285666162662,0.09346242391064187,2,0,0,0
v3_pelvis_proxy:v3_right_hand_proxy,374,0.5201416015624999,0.14976611360906222,0.5201416015625,0.11435836965860811,0.90297228671879,FLAT,0.0,-1,0.022815244706694472,0.021699218576525518,0.0643882885454071,SUPPORT,0.6615296057520337,0.02175586271001708,0.0064635517172532755,0.09804438205771077,0.5201416015625,0.07044103772890835,0,ok,0.03255237906151321,0.725956734585876,FLAT,0.0,-1,0.006888048309365185,0.026269936553215963,0.0548717757375651,SUPPORT,0.4436296105831612,0.0014736522336622933,0.039302654765556784,2.500000000000002,0.0007488305680453111,0.6545697988168561,1,staged_v3,0.14120246668672032,2,1.058912531082206,0.13741069472986175,2,0,1,1
v3_pelvis_proxy:v3_left_hand_proxy,375,0.4396518439190546,0.050233886390937954,0.7095759888980172,0.011782282101392925,0.8729635831015603,FLAT,0.0,-1,0.03402369788905806,0.01875747344370994,0.07828984837394017,UNLOADING,0.5670253763588861,0.01015701897498707,0.03547037111511086,0.1337519228331434,0.7095759888980172,0.07779040355728732,0,ok,0.024972671896988867,0.7231918388635078,FLAT,0.0,-1,0.01004273301709242,0.0034483006071685434,0.07088985977440877,SUPPORT,0.44490368846652895,0.025096192381551898,0.04455311644269582,-2.500000000000002,-0.00025116943195468977,0.6543186293849014,0,staged_v3,0.19365268266766186,2,1.0470787782005935,0.19504020859384533,2,1,0,0
v3_pelvis_proxy:v3_left_hand_proxy,376,0.09729834812301953,0.25023388639093813,0.18548013728689944,0.006131616996601145,0.8807825419421723,FLAT,0.0,-1,0.009388883042769983,0.018569464704265744,0.087965653579874,UNLOADING,0.6056029487807648,0.010828817974727959,0.03506309009080899,0.03496218220124098,0.18548013728689944,0.0772322230137272,0,ok,0.02450201200371207,0.7232406212011202,FLAT,0.0,-1,0.008067317527174999,0.005738259198233197,0.05396743286266216,SUPPORT,0.4625537126141683,0.021960112444899912,0.0464596641827994,-2.500000000000002,-0.0012511694319546907,0.6530674599529467,0,staged_v3,0.18312263972915457,2,1.05004096051922,0.1840246797718204,2,1,0,0
v3_pelvis_proxy:v3_right_hand_proxy,377,0.5438842773437503,0.050233886390937954,0.5438842773437499,0.11689598714665958,0.8769632699563514,FLAT,0.0,-1,0.014706851719338025,0.023506465203768468,0.0948872150963929,UNLOADING,0.6408629603474479,0.023126659993879195,0.006617700760940454,0.10251977100636711,0.5438842773437499,0.06669033022000834,0,ok,0.027620899397600228,0.7128789366800233,FLAT,0.0,-1,0.01566502557385715,0.0307126077474367,0.04173601340715157,SUPPORT,0.4775012075726545,0.0,0.04640082128564344,2.500000000000002,-0.00025116943195468977,0.652816290520992,1,staged_v3,0.14159910040050297,2,1.0520013186110724,0.13028340614825296,2,0,1,1
v3_pelvis_proxy:v3_left_hand_proxy,378,0.5091466133835465,0.25023388639093813,0.6241909114538542,0.010371784541946235,0.8944658160369472,FLAT,0.0,-1,0.002372263540436746,0.018829236975876806,0.09969871365989258,UNLOADING,0.5493111088692411,0.011155698707117825,0.03517967991296363,0.11765721491165673,0.6241909114538542,0.07730709088680267,0,ok,0.02469614884356468,0.7220789414477591,FLAT,0.0,-1,0.0030020202326935244,0.0034007036860140673,0.032974965077637475,SUPPORT,0.48492591068474106,0.023248044567867807,0.044367305373548556,-2.500000000000002,-0.0012511694319546907,0.6515651210890373,0,staged_v3,0.1980137289641556,2,1.043466488512106,0.19950574521536463,2,1,0,0
v3_pelvis_proxy:v3_left_hand_proxy,379,0.02575316162880641,0.24512245279584288,0.14875220128558658,0.007195346500089096,0.8931308441177066,FLAT,0.0,-1,0.012346343905140594,0.014085808078399101,0.10318567004668011,SUPPORT,0.5928964939708492,0.016073475423934905,0.03150867005106767,0.028039129365846543,0.14875220128558658,0.07718846127432799,0,ok,0.024927201545712607,0.7102805935268419,FLAT,0.0,-1,0.01717008975641213,0.00181594141781185,0.026606515985600324,SUPPORT,0.4962830003223394,0.02451438438146817,0.04326835902958169,0.06389291993869062,-0.0012256122639792144,0.6503395088250581,1,staged_v3,0.19416744928898225,2,1.0424632237371554,0.19416744928898225,2,1,0,0
v3_pelvis_proxy:v3_left_hand_proxy,380,0.33320752911436013,0.44512245279584306,0.9999733839694673,0.004679865169832259,0.8768630051923161,FLAT,0.0,-1,0.021449201269863005,0.016193093937535128,0.10557443493206892,SUPPORT,0.627959938874097,0.01408562780906832,0.032583921162816686,0.18849054221182826,0.9999733839694673,0.06061791962996986,0,ok,0.042491192065858066,0.6955506023328951,FLAT,0.0,-1,0.020140962447292056,0.03035797539498497,0.04983223445956482,SUPPORT,0.500116461545963,0.0,0.06174532692946218,-2.500000000000002,-0.0022256122639792153,0.6481138965610789,0,staged_v3,0.13492327915456426,2,1.0522025900515375,0.12227280458026914,2,0,0,0
v3_pelvis_proxy:v3_left_hand_proxy,381,1.0,0.24512245279584288,0.7701478308803344,0.10052729475688175,0.8833966582947251,FLAT,0.0,-1,0.010424861418601133,0.017669762784929634,0.10725592824566146,SUPPORT,0.6587216303513008,0.023427070088100552,0.006935726324182521,0.1451694460603064,0.7701478308803344,0.05958658997085556,0,ok,0.09612363751138342,0.6983294585893783,FLAT,0.0,-1,0.010833214015886671,0.04310813592322486,0.06654493269736568,SUPPORT,0.49295696703939684,0.0,0.06756787130649844,2.500000000000002,-0.0012256122639792144,0.6468882842970997,0,staged_v3,0.15436048592870688,2,1.044093998121306,0.15436048592870688,2,1,1,1
v3_pelvis_proxy:v3_left_hand_proxy,382,0.1121826171875,0.045122452795842705,0.1121826171875,0.11905847641007153,0.8695048836541482,FLAT,0.0,-1,0.022060880293430653,0.012729515027033338,0.10519909977529318,UNLOADING,0.564618540301115,0.028900613414858136,0.0013593415739065239,0.021145925161003564,0.1121826171875,0.06016277876067741,0,ok,0.11680279805489345,0.685706932977242,FLAT,0.0,-1,0.014817852148734352,0.04439381684457364,0.07602839678030911,UNLOADING,0.42253454317662587,0.0,0.06636624370931744,2.500000000000002,-0.00022561226397921352,0.6466626720331204,1,staged_v3,0.22002746077071,2,0.972412824410463,0.1703917857508381,2,0,1,1
