active_collision_pair,frame_idx,frame_root_angular_budget_usage,frame_root_z_budget_usage,frame_velocity_budget_usage_max,left_anchor_error_xy,left_contact_confidence,left_contact_phase,left_contact_slack,left_elbow_branch_sign,left_foot_vxy,left_heel_height,left_liftoff_probability,left_load_phase,left_lock_weight,left_swing_clearance_error,left_toe_height,max_joint_delta,max_joint_velocity_ratio,min_self_collision_distance,qp_resolve_count,qp_status,right_anchor_error_xy,right_contact_confidence,right_contact_phase,right_contact_slack,right_elbow_branch_sign,right_foot_vxy,right_heel_height,right_liftoff_probability,right_load_phase,right_lock_weight,right_swing_clearance_error,right_toe_height,root_ddz,root_dz,root_z,safety_backtracked,solver_mode,stage_a_high_priority_error,stage_a_iterations,stage_b_detail_error,stage_b_high_priority_error,stage_b_iterations,stage_b_rejected,stage_c_iterations,stage_c_triggered
v3_pelvis_proxy:v3_left_hand_proxy,0,1.0,1.0000000000000009,1.0,0.0,0.16665577551076677,AIR,0.0,-1,0.0,0.08488584238222252,0.0030357889982638516,UNLOADED,0.03322996874819481,0.0,0.11581905949877463,0.1884955592153876,1.0,0.04154341132874527,0,ok,0.0,0.22011209563076015,AIR,0.0,1,0.0,0.10708160923863436,0.003255194501317052,UNLOADED,0.043879117589477906,0.0,0.0848984784253811,0.0,-0.0050000000000000044,0.745,0,staged_v3,0.583740041055277,2,1.133711820206652,0.5836803651051783,2,0,0,0
v3_pelvis_proxy:v3_left_hand_proxy,1,0.9999999999999999,1.0000000000000009,1.0,0.0,0.28145717106631474,AIR,0.0,-1,0.011623236930277047,0.0817018692706484,0.005184298118590272,UNLOADED,0.08258357763533422,0.0,0.11899256668181034,0.1884955592153876,1.0,0.04565482301895109,0,ok,0.0,0.37092559033643535,AIR,0.0,-1,0.00951055221945901,0.09982884235275907,0.005440169111500378,UNLOADED,0.10888483255102674,0.0,0.08761757077006671,0.0,-0.0050000000000000044,0.74,0,staged_v3,0.5064455047972305,2,1.0933830052874456,0.5065989384813817,2,0,0,0
v3_torso_proxy:v3_left_forearm_proxy,2,1.0000000000000002,1.0000000000000009,0.9999999999999999,0.0,0.3669307215152202,FLAT,0.0,-1,0.015186193069135073,0.07830534402040465,0.00676124016640712,UNLOADED,0.13895682506479193,0.0,0.11096952565107182,0.18849555921538758,0.9999999999999999,0.04972236704143203,0,ok,0.0,0.4809758479229591,FLAT,0.0,-1,0.017439037147596467,0.08563925594211015,0.006610049705350335,UNLOADED,0.18266718077304445,0.0,0.08913501977734611,0.0,-0.0050000000000000044,0.735,0,staged_v3,0.42946779952430947,2,0.9986025888386904,0.429544381933516,2,0,0,0
v3_torso_proxy:v3_left_forearm_proxy,3,0.9999999999999997,1.0000000000000009,0.5932425425280573,0.0,0.44372841059762885,FLAT,0.0,-1,0.004390670190519054,0.07364563929750587,0.007639961785874277,UNLOADED,0.19923312855130482,0.0,0.10280185043893471,0.11182358480418453,0.5932425425280573,0.04906479408121475,0,ok,0.0,0.5761954553372224,FLAT,0.0,-1,0.009296190427734372,0.07517436581403256,0.007492951035732539,UNLOADED,0.26050935481910936,0.0,0.08858989364329506,0.0,-0.0050000000000000044,0.73,0,staged_v3,0.35286540397644767,2,0.8921376115677259,0.3527733306761469,2,0,0,0
v3_torso_proxy:v3_left_forearm_proxy,4,0.9999999999999997,1.0000000000000009,0.4853492026886794,0.0,0.48964160008598334,FLAT,0.0,-1,0.017046694128117826,0.067879938411009,0.007969786335045515,UNLOADED,0.25653435507155353,0.0,0.09669628712062459,0.09148616937554513,0.4853492026886794,0.05040495953401357,0,ok,0.0,0.6384382932275936,FLAT,0.0,-1,0.015124184065984935,0.06808707104945294,0.007718478580665452,UNLOADED,0.33510958804253543,0.0,0.08678965397700542,0.0,-0.0050000000000000044,0.725,0,staged_v3,0.2763089790237468,2,0.8144702121722849,0.27612410905582274,2,0,0,0
v3_torso_proxy:v3_right_forearm_proxy,5,1.0000000000000007,1.0000000000000009,0.6621256076528703,0.0,0.5247673285312054,FLAT,0.0,-1,0.01679094275747641,0.06215483412634265,0.006968863742215688,SUPPORT,0.3094495433617038,0.0,0.09236695927466584,0.12480773668535612,0.6621256076528703,0.04913467937484342,0,ok,0.008182849535255029,0.695365250716734,FLAT,0.0,-1,0.012349098330262733,0.062113972769289275,0.00803632514405563,SUPPORT,0.4060430843276477,0.0,0.08358120427509291,0.0,-0.0050000000000000044,0.72,0,staged_v3,0.20019982520950133,2,0.8449956610527534,0.19995348274802482,2,0,0,0
v3_torso_proxy:v3_right_forearm_proxy,6,0.8986058211397845,1.0000000000000009,0.7093980977831276,0.02479303285503978,0.5644920374848337,FLAT,0.0,-1,0.005929931839145783,0.056818241193543575,0.03459854030761349,SUPPORT,0.35655192208388065,0.0,0.08975100265576125,0.13371839114796286,0.7093980977831276,0.04694915866709498,0,ok,0.018552189956142925,0.7438570372171004,FLAT,0.0,-1,0.0062845324300280095,0.05674422849517112,0.037188643874251866,SUPPORT,0.4642877371469273,0.0,0.07903716248696738,0.0,-0.0050000000000000044,0.715,0,staged_v3,0.14847037723141712,2,0.8877104475490153,0.1327565106804703,2,0,0,0
v3_torso_proxy:v3_right_forearm_proxy,7,0.5329333061783403,1.0000000000000009,0.6389440641152461,0.040818740055861016,0.5957697284146223,FLAT,0.0,-1,0.0024916113773485403,0.05220975925747953,0.05439606866774789,SUPPORT,0.3752415376671045,0.0,0.08712390739992854,0.12043811867275578,0.6389440641152461,0.04944360918934708,0,ok,0.037979191724779884,0.7869642828699914,FLAT,0.0,-1,0.004497440825805882,0.05287975207408403,0.05856121886651843,SUPPORT,0.5005480321365255,0.0,0.07381715991865845,0.0,-0.0050000000000000044,0.71,0,staged_v3,0.1041502058920104,2,0.9430039406625501,0.10007542425824822,2,0,0,0
v3_torso_proxy:v3_right_forearm_proxy,8,0.32218178431864614,1.0000000000000009,0.335801160702374,0.056589464473848494,0.6255511113958733,FLAT,0.0,-1,0.0013519682931292607,0.04771781195297841,0.06949043127574762,SUPPORT,0.3901932301336836,0.0,0.0837826317679842,0.06329702757177022,0.335801160702374,0.05100098865375205,0,ok,0.055328253105354955,0.822474041807147,FLAT,0.0,-1,0.004856407975309742,0.04904292598315817,0.07423688934692527,SUPPORT,0.4933268846884505,0.0,0.06900010285672448,0.0,-0.0050000000000000044,0.705,0,staged_v3,0.09802416210398718,2,0.9629400309047881,0.0992356669078129,2,1,0,0
v3_torso_proxy:v3_right_forearm_proxy,9,0.24052055214604676,1.0000000000000009,0.30153775244451153,0.07582923318035535,0.6472862008997892,FLAT,0.0,-1,0.0028382801391391905,0.043658993528629515,0.08040334374790296,SUPPORT,0.4021545841069469,0.0,0.0807822890528227,0.056838527271579314,0.30153775244451153,0.05604791277940199,0,ok,0.07791181424686282,0.8487414076283768,FLAT,0.0,-1,0.005727675605309762,0.04599176194675357,0.08586772757296779,SUPPORT,0.48713732973295754,0.0,0.06439068704199294,0.0,-0.0050000000000000044,0.7,0,staged_v3,0.10024281066468171,2,0.9874727092714078,0.10219322085543787,2,1,0,0
v3_torso_proxy:v3_right_forearm_proxy,10,0.16290170998717893,1.0000000000000009,0.3221763538737199,0.09129172257934501,0.6604416711714928,FLAT,0.0,-1,0.004122349637124382,0.039369682831203956,0.08847172175560292,SUPPORT,0.4117236672855575,0.0,0.0771853643388423,0.06072881198940144,0.3221763538737199,0.062384502806618766,0,ok,0.09500704389082533,0.8575388135277148,FLAT,0.0,-1,0.010226438347322812,0.04315301782010743,0.09444383063539886,SUPPORT,0.4818319969139636,0.0,0.06016935695749074,0.0,-0.0050000000000000044,0.695,0,staged_v3,0.10292253420591072,2,1.0073462757346148,0.10418057417339299,2,1,0,0
v3_torso_proxy:v3_right_forearm_proxy,11,0.17399208403469768,1.0000000000000009,0.7679896643209339,0.09304170434238594,0.6719369998833368,FLAT,0.0,-1,0.0029355057438391354,0.03368674854419065,0.09445494162045676,UNLOADING,0.3529060005304778,0.0,0.07193602591248896,0.14476264124781224,0.7679896643209339,0.07732458430915942,0,ok,0.0985780638201652,0.8624694329052941,FLAT,0.0,-1,0.010564500314730482,0.038704546829843485,0.10071081458908399,UNLOADING,0.4129988544976831,0.0,0.05405876689755243,0.0,-0.0050000000000000044,0.69,0,staged_v3,0.10352941867088233,2,1.0346618588754586,0.10449659708390527,2,0,0,0
v3_torso_proxy:v3_right_forearm_proxy,12,0.08906269031878047,1.0000000000000009,0.8730248818398526,0.09134949692582932,0.6742512050272651,FLAT,0.0,-1,0.008877610413477323,0.031519738031718855,0.0705185854400119,UNLOADING,0.30529714004297615,0.0,0.06861109268177935,0.1645613133113507,0.8730248818398526,0.09109018639175939,0,ok,0.09868513267815972,0.8614477416248753,FLAT,0.0,-1,0.012308685522226961,0.03311195255223225,0.07687948505328068,UNLOADING,0.35632852103451157,0.0,0.04735892420251671,0.0,-0.0050000000000000044,0.6849999999999999,0,staged_v3,0.10509437495876199,2,1.0535289207122795,0.10548660650729604,2,0,0,0
v3_torso_proxy:v3_right_forearm_proxy,13,0.05926881275172136,1.0000000000000009,0.9730197740683445,0.09069423417778637,0.6786376435913217,FLAT,0.0,-1,0.006760425625109307,0.029128063399726484,0.053367436775676715,UNLOADING,0.26494232897733894,0.0,0.0660952911919799,0.1834099064406427,0.9730197740683445,0.1051771798681359,0,ok,0.09821567774706982,0.8552155823753083,FLAT,0.0,-1,0.016058455196513114,0.03007055522559339,0.0597624724187915,UNLOADING,0.30776016268881023,0.0,0.04271477537049075,0.0,-0.0050000000000000044,0.6799999999999999,0,staged_v3,0.10736914526021231,2,1.066095213442906,0.10674251957662306,2,0,0,0
v3_torso_proxy:v3_right_forearm_proxy,14,0.06086841061513501,1.0000000000000009,1.0000000000000002,0.09224441726762117,0.6823327386389861,FLAT,0.0,-1,0.006868281218954044,0.02035441630990183,0.04140898493875361,SUPPORT,0.3019538631818712,0.006716032937035852,0.05912206170415793,0.18849555921538763,1.0000000000000002,0.11977307565880155,0,ok,0.09742338671077778,0.846377616755458,FLAT,0.0,-1,0.01861512621652315,0.02678018104801103,0.04733759537331346,SUPPORT,0.33620813015104817,0.0005866987206546471,0.038508525666231364,0.0,-0.0050000000000000044,0.6749999999999999,0,staged_v3,0.10444141535886711,2,1.074700452068289,0.10283213801327955,2,0,0,0
v3_torso_proxy:v3_right_forearm_proxy,15,0.044934322876182736,1.0000000000000009,1.0000000000000002,0.08858172082370931,0.6710079264477768,FLAT,0.0,-1,0.015289702470843304,0.02383390540239901,0.06118724871423064,UNLOADING,0.2588175970130324,0.004225457033312525,0.05951430715321953,0.18849555921538763,1.0000000000000002,0.1330376699278765,0,ok,0.09529336934848304,0.8337516320040002,FLAT,0.0,-1,0.01753781631052052,0.026153458879060974,0.06655980218375382,UNLOADING,0.288178397272327,0.0021745312301267167,0.03485133466141925,0.0,-0.0050000000000000044,0.6699999999999999,0,staged_v3,0.10973555436551491,2,1.0785115241096046,0.1097914998134283,2,0,0,0
v3_torso_proxy:v3_right_forearm_proxy,16,0.02963859956697218,1.0000000000000009,1.0000000000000002,0.08774257850500654,0.6635157482572415,FLAT,0.0,-1,0.01597640300603325,0.021741956320510007,0.04701212503552622,UNLOADING,0.22575859783922822,0.005608649931266307,0.05726495240265689,0.18849555921538763,1.0000000000000002,0.14414996089247,0,ok,0.09359989753208157,0.8235263274465094,FLAT,0.0,-1,0.01683521786969687,0.024743850814147247,0.0517310920561973,UNLOADING,0.24996133108679813,0.00284270378866262,0.03257489079837703,0.0,-0.0050000000000000044,0.6649999999999999,0,staged_v3,0.11392977659251545,2,1.0797994342508759,0.11261596698672115,2,0,0,0
v3_torso_proxy:v3_right_forearm_proxy,17,0.04958782708966382,1.0000000000000009,1.0000000000000002,0.08737331574468468,0.6587245332847195,FLAT,0.0,-1,0.0177327488822097,0.01734856527494514,0.03685520508847859,UNLOADING,0.1976749671048484,0.00949419497947879,0.0525657549502936,0.18849555921538763,1.0000000000000002,0.15108895389178978,0,ok,0.09143169488803161,0.815997754812898,FLAT,0.0,-1,0.015393826125463089,0.024283005192393504,0.041038288455171976,UNLOADING,0.2176135105119167,0.002768909230365095,0.03019593444863399,0.0,-0.0050000000000000044,0.6599999999999999,0,staged_v3,0.11501876602942454,2,1.078450632282426,0.11319740748772826,2,0,0,0
v3_torso_proxy:v3_right_forearm_proxy,18,0.07035409921151783,1.0000000000000009,1.0000000000000002,0.09102315014289336,0.6571334025413255,FLAT,0.0,-1,0.019157769735134896,0.0033719046857178083,0.02960317417255168,SUPPORT,0.24813997368387872,0.023108254022909776,0.04067756673113957,0.18849555921538763,1.0000000000000002,0.15206288227385847,0,ok,0.09508016229472817,0.812996766110766,FLAT,0.0,-1,0.01505469855271638,0.010596541379482894,0.03322858743038527,SUPPORT,0.26409080840953336,0.01606488799203637,0.018154342373601303,0.0,-0.0050000000000000044,0.6549999999999999,0,staged_v3,0.10364022722300974,2,1.076354134970195,0.10177172028031874,2,0,0,0
v3_torso_proxy:v3_left_hand_proxy,19,0.08496972362798196,1.0000000000000009,0.9191142027279002,0.08720673523925557,0.6569596197161012,FLAT,0.0,-1,0.020028048503566282,0.005551332670131266,0.053069814669321994,UNLOADING,0.2126914060147532,0.022102158063334838,0.0399606097431424,0.17324894562600068,0.9191142027279002,0.1358681458491265,0,ok,0.08951344880825689,0.8117053930684798,FLAT,0.0,-1,0.014976193974802699,0.01882426026304971,0.05555514014888613,UNLOADING,0.2263635500653143,0.0089534967443946,0.024951580110670942,0.0,-0.0050000000000000044,0.6499999999999999,0,staged_v3,0.11690844701647887,2,1.0701611011718148,0.1111914433198533,2,0,0,0
v3_torso_proxy:v3_left_hand_proxy,20,0.4856673007991427,1.0000000000000009,1.0000000000000002,0.10996686268605395,0.6637970359853923,FLAT,0.0,-1,0.017661171290224674,0.022795561378249247,0.04151518391724262,UNLOADING,0.18664598431752624,0.004280197817612887,0.06758533792310069,0.18849555921538763,1.0000000000000002,0.10812212033837734,0,ok,0.07540439573953504,0.8236614244269052,FLAT,0.0,-1,0.006868863983938861,0.02478482351246638,0.042964882170128,UNLOADING,0.19859296705459867,0.013537722304019947,0.013610521804486454,0.0,-0.0050000000000000044,0.6449999999999999,0,staged_v3,0.15358289863037172,2,1.0378777460997464,0.12328329582896333,2,0,0,0
v3_torso_proxy:v3_left_hand_proxy,21,0.38868290130147226,1.0000000000000009,0.6422879309081911,0.08542540656739399,0.6643076493071559,FLAT,0.0,-1,0.022362579305177165,0.0030358244519463453,0.0328270633157729,UNLOADING,0.16071014643688467,0.023605528713842302,0.037126048109234734,0.12106842271383372,0.6422879309081911,0.10807989766667878,0,ok,0.08741387012961167,0.8297629028010641,FLAT,0.0,-1,0.007995174019676815,0.0135282683070212,0.033984005022783925,UNLOADING,0.1820016317795824,0.013170931944118,0.017604347528523502,0.0,-0.0050000000000000044,0.6399999999999999,0,staged_v3,0.20809929925871834,2,1.006413581799788,0.20809929925871834,2,1,0,0
v3_torso_proxy:v3_left_hand_proxy,22,0.9999999999999997,0.8000000000000007,1.0000000000000002,0.28820075428237457,0.6738856182462203,FLAT,0.0,-1,0.01027403214370724,0.03427976032253646,0.02643898970908856,SUPPORT,0.21856811714950775,0.012279994681735774,0.014041954803718656,0.18849555921538763,1.0000000000000002,0.09639085803008912,0,ok,0.3418210135244976,0.8285548747203811,FLAT,0.0,-1,0.010257209730012956,0.08704527337498613,0.02755753459357995,SUPPORT,0.23560130542366592,0.0,0.09726873280691206,2.500000000000002,-0.0040000000000000036,0.6359999999999999,0,staged_v3,0.2506657124249142,2,0.9621934294118052,0.1916444236008838,2,0,1,1
v3_torso_proxy:v3_left_hand_proxy,23,0.04461669921875018,0.026770019531241473,0.044616699218750014,0.28329911358832716,0.6751133779227626,FLAT,0.0,-1,0.020583373881992457,0.033476684792107386,0.049331231541760806,UNLOADING,0.1873441004138638,0.014725769733517736,0.012740791843570305,0.00841004966958303,0.044616699218750014,0.09689841394410373,0,ok,0.33726706300476617,0.8260482330079346,FLAT,0.0,-1,0.00856094827062,0.08551770182688008,0.05145201171461354,UNLOADING,0.20194397607742792,0.0,0.0961186113579031,9.66537475585949,-0.00013385009765620737,0.6358661499023437,1,staged_v3,0.35204123761496564,2,0.9558208468883659,0.3277531039458575,2,0,1,1
v3_torso_proxy:v3_left_hand_proxy,24,0.9999999999999999,0.1732299804687587,1.0000000000000002,0.1327027740086977,0.6819942952069403,FLAT,0.0,-1,0.014393114504243016,0.01843949536034134,0.03699061893467743,UNLOADING,0.16058065749759862,0.008410035586392531,0.01852151517367421,0.18849555921538763,1.0000000000000002,0.06382820233651358,0,ok,0.1618427214567327,0.8224443203736971,FLAT,0.0,-1,0.007835898201397587,0.025333781734572344,0.039829795685460065,UNLOADING,0.17309483663779537,0.001657708049700661,0.04232956067863229,2.500000000000002,0.0008661499023437935,0.6367322998046875,0,staged_v3,0.2131418570879256,2,0.9771754222693741,0.21007121083396244,2,0,0,0
v3_torso_proxy:v3_left_hand_proxy,25,0.7233682499155997,0.3732299804687589,0.9999998499787494,0.22908666820082257,0.6924180802284732,FLAT,0.0,-1,0.0110068818923954,0.09018729251645607,0.028148183610040543,UNLOADING,0.1377244507354608,0.0015466271196850241,0.024860782060817006,0.18849553093704807,0.9999998499787494,0.06801467315849599,0,ok,0.2109703090104588,0.8197090635624189,FLAT,0.0,-1,0.013143773498511086,0.05431522135476918,0.03132308140238589,UNLOADING,0.14837019833335835,0.0,0.059313503867616565,2.500000000000002,0.0018661499023437944,0.6385984497070313,0,staged_v3,0.4167578109873639,2,1.048723572653992,0.4186959273850923,2,1,0,0
v3_torso_proxy:v3_left_hand_proxy,26,0.9999999999999999,0.5732299804687591,1.0,0.06700966063742497,0.7003916681507274,FLAT,0.0,-1,0.010194043602867079,0.011597794722485944,0.021812301838214504,SUPPORT,0.20017956058836864,0.014492820369424782,0.020148358559540704,0.1884955592153876,1.0,0.0684731729733582,0,ok,0.19989419432292355,0.8199561961047399,FLAT,0.0,-1,0.013140048428007643,0.1835262357291452,0.025963164017083394,SUPPORT,0.20869615866668667,0.0,0.0765348459240737,2.500000000000002,0.0028661499023437953,0.6414645996093751,0,staged_v3,0.4998466297457812,2,1.0469564367408217,0.5009271527065853,2,1,1,1
v3_torso_proxy:v3_left_hand_proxy,27,0.9999999999999999,0.7732299804687592,1.0,0.1480079331769151,0.7045310446119039,FLAT,0.0,-1,0.010196180554336983,0.06225331555378551,0.045619313111228486,SUPPORT,0.2501436484706949,0.008645934718956721,0.018635030936604704,0.1884955592153876,1.0,0.09150924191529741,0,ok,0.10267831357881262,0.8202366908170431,FLAT,0.0,-1,0.013166110141219673,0.02684032450458989,0.05084605924590281,UNLOADING,0.17888242171430285,0.0007019784577052546,0.03142865735130452,2.500000000000002,0.003866149902343796,0.6453307495117189,0,staged_v3,0.5065758452439518,2,1.0360996319749596,0.5048795446652725,2,0,0,0
v3_torso_proxy:v3_left_hand_proxy,28,1.0,0.5732299804687591,1.0000000000000002,0.020023980115676233,0.7083454496318327,FLAT,0.0,-1,0.010664974066434673,0.010313832229477196,0.03513417890886879,SUPPORT,0.29011491877655593,0.016442876715966243,0.02042599485771847,0.18849555921538763,1.0000000000000002,0.1275833318493742,0,ok,0.02061635213134558,0.81819269905964,FLAT,0.0,-1,0.014100217102229619,0.03705344160160754,0.06944906129477407,UNLOADING,0.15332779004083102,0.018334403684771065,0.01013804937996764,-2.500000000000002,0.0028661499023437953,0.6481968994140627,0,staged_v3,0.46163950707419293,2,0.9057072052071828,0.4619635052065156,2,0,0,0
v3_torso_proxy:v3_left_hand_proxy,29,0.6895141601562501,0.7732299804687592,0.68951416015625,0.10391538307207748,0.7109045834218481,FLAT,0.0,-1,0.011593851505552274,0.0335375828537754,0.028061151906613065,SUPPORT,0.349805470323856,0.0205374535762507,0.005865604019079953,0.12997035720558067,0.68951416015625,0.1298739735720224,0,ok,0.19966504006390895,0.8123165195708468,FLAT,0.0,-1,0.0146006313743261,0.03355626410551574,0.08277869473345867,UNLOADING,0.2483790705308097,0.0,0.04670228553123535,2.500000000000002,0.003866149902343796,0.6520630493164065,1,staged_v3,0.40856310562847376,2,0.923628481540293,0.40994789144639826,2,0,1,1
v3_torso_proxy:v3_right_hand_proxy,30,0.6387903421285173,0.5732299804687591,1.0,0.0798643269551845,0.7177445153489201,FLAT,0.0,-1,0.005714366860143388,0.009529881716475567,0.023864567108435798,SUPPORT,0.3698443762590848,0.016663346638946225,0.03510667837814277,0.1884955592153876,1.0,0.09592340838349725,0,ok,0.12152576091598001,0.8079445610793468,FLAT,0.0,-1,0.018289467661341173,0.02626129788995113,0.09268824130825806,UNLOADING,0.21289634616926548,0.0033731141754617736,0.03913195508802696,-2.500000000000002,0.0028661499023437953,0.6549291992187503,0,staged_v3,0.3461694016828077,2,0.9403876770128641,0.3240033866310987,2,0,0,0
v3_torso_proxy:v3_right_hand_proxy,31,0.34526617580116237,0.3732299804687589,0.49859443004482246,0.09167000804501609,0.7252045822367821,FLAT,0.0,-1,0.00602746457578001,0.0017389728719446511,0.023160814441514067,SUPPORT,0.3858755010072678,0.024419067850131055,0.0366009737394799,0.09398283591297626,0.49859443004482246,0.1006161838882004,0,ok,0.09063745485312265,0.8035543466064539,FLAT,0.0,-1,0.018561256023523497,0.03092052721674108,0.10158941816170347,UNLOADING,0.18248258243079898,0.005613146066630298,0.024466324841454876,-2.500000000000002,0.0018661499023437944,0.656795349121094,0,staged_v3,0.26179829345975064,2,0.9420756475898046,0.2635442436099878,2,1,0,0
v3_torso_proxy:v3_right_hand_proxy,32,0.30235596836793865,0.1732299804687587,1.0000000000000002,0.09311690785474393,0.7322423147392761,FLAT,0.0,-1,0.007498820369891401,0.004279522703291229,0.0243159516220766,SUPPORT,0.39870040080581426,0.021936274877812603,0.03861688305162297,0.18849555921538763,1.0000000000000002,0.11252063838085888,0,ok,0.09132503803769075,0.7980877991857076,FLAT,0.0,-1,0.019201080525171832,0.032058428647860945,0.10986164409474702,UNLOADING,0.156413642083542,0.007198422989962948,0.023294659214774405,-2.500000000000002,0.0008661499023437935,0.6576614990234378,0,staged_v3,0.15475000238669112,2,0.9479296081933203,0.13998942524485405,2,0,0,0
v3_torso_proxy:v3_right_hand_proxy,33,0.11048784403933444,0.026770019531241473,1.0000000000000002,0.09058429058347794,0.7326347274462808,FLAT,0.0,1,0.009079112334594786,0.012237028008606293,0.026270857791538794,SUPPORT,0.40896032064465143,0.014076514880970649,0.047061357112234775,0.18849555921538763,1.0000000000000002,0.11336423212379015,0,ok,0.0903300070749228,0.7855708349572802,FLAT,0.0,-1,0.024829517896638256,0.030976864864590246,0.11698938868849926,UNLOADING,0.13406883607160744,0.009650631213120101,0.021198838221304864,-2.500000000000002,-0.00013385009765620737,0.6575276489257816,0,staged_v3,0.13490604884514665,2,0.9839539381817609,0.10931997912471257,2,0,0,0
v3_torso_proxy:v3_right_hand_proxy,34,0.09097973217622794,0.22677001953124165,1.0000000000000002,0.09164356619959436,0.7298335534221279,FLAT,0.0,1,0.010198127433759323,0.003470062638878027,0.02865349460847147,SUPPORT,0.41716825651572115,0.02296261209154555,0.03924067302495608,0.18849555921538763,1.0000000000000002,0.10751623713402045,0,ok,0.09027070405677073,0.7720849942490868,FLAT,0.0,-1,0.027486424489169714,0.03202458060098945,0.12302545698090128,UNLOADING,0.11491614520423495,0.01033970190272232,0.020811570946322744,-2.500000000000002,-0.0011338500976562083,0.6563937988281254,0,staged_v3,0.10390745454881692,2,1.0042063187584864,0.10363318942816377,2,0,0,0
v3_torso_proxy:v3_left_hand_proxy,35,0.6794859529090758,0.42677001953124183,0.999989922765138,0.06146599832606181,0.7174794209682985,FLAT,0.0,1,0.017261255221917828,0.0381952080941743,0.03052183475983892,SUPPORT,0.42373460521257694,0.006134069548358618,0.02039202218963333,0.18849365970136694,0.999989922765138,0.13412553888423204,0,ok,0.21313923242856517,0.7537033390437229,FLAT,0.0,-1,0.03294472410780448,0.00635845840143558,0.12664560426744004,UNLOADING,0.09849955303220138,0.024973821811936425,0.020656509095385342,-2.500000000000002,-0.002133850097656209,0.6542599487304692,0,staged_v3,0.18837512147787144,2,0.9786308391759848,0.16385496762908683,2,0,0,0
v3_torso_proxy:v3_right_hand_proxy,36,0.56475830078125,0.22677001953124165,0.56475830078125,0.06569825098858294,0.7082350029899213,FLAT,0.0,1,0.02036494861531213,0.0032851871695662284,0.03167176617801597,SUPPORT,0.42898768417006156,0.02329840113933457,0.011468774409818184,0.1064544317272938,0.56475830078125,0.13403012063933784,0,ok,0.21593866994054778,0.7416119879480199,FLAT,0.0,-1,0.028970333822175197,0.02103606757874803,0.12779799907683,UNLOADING,0.08442818831331547,0.010353832375093474,0.041524837433612904,2.500000000000002,-0.0011338500976562083,0.653126098632813,1,staged_v3,0.3471598897396424,2,0.9640470256716931,0.34874057292595134,2,1,1,1
v3_torso_proxy:v3_right_hand_proxy,37,0.0,0.0,0.0,0.06569825098858294,0.6998890987595778,FLAT,0.0,1,0.026513497234468695,0.0032851871695662284,0.03158329033237811,SUPPORT,0.43319014733604927,0.02329397734705268,0.011468774409818184,0.0,0.0,0.13403012063933784,0,ok,0.21593866994054778,0.7348641466683933,FLAT,0.0,-1,0.022180977718063145,0.02103606757874803,0.1270107886545527,UNLOADING,0.07236701855427041,0.010314471853979604,0.041524837433612904,2.8346252441405206,0.0,0.653126098632813,1,staged_v3,0.1705333353447784,2,0.9596404029079391,0.1705333353447784,2,1,1,1
v3_torso_proxy:v3_right_hand_proxy,38,0.6028022726934225,0.20000000000000018,1.0,0.08641164822641331,0.6703769102261349,FLAT,0.0,1,0.03756544739710803,0.012293234888670516,0.029884219444800558,SUPPORT,0.4365521178688394,0.014200976083569513,0.045022961259515146,0.1884955592153876,1.0,0.1082097422487974,0,ok,0.14337379903618944,0.7321847725181219,FLAT,0.0,-1,0.02210021696559171,0.030298123339313303,0.12382999917673176,UNLOADING,0.062028873046517496,0.0021712903882577968,0.029020209570578794,-2.500000000000002,-0.0010000000000000009,0.652126098632813,0,staged_v3,0.13117512654476204,2,0.8972094996258656,0.12865174311480934,2,0,0,0
v3_torso_proxy:v3_right_hand_proxy,39,0.4962768554687502,0.0,0.49610698705248274,0.08503163630352359,0.6358841568126845,FLAT,0.0,1,0.04327398158710356,0.0506112840727662,0.02654677024661064,SUPPORT,0.43924169429507154,0.0,0.035643423443225276,0.0935139639551188,0.49610698705248274,0.10819333558438332,0,ok,0.08885015611655601,0.7325424473436289,FLAT,0.0,-1,0.021807237413217582,0.026521341100125884,0.12108797053226097,UNLOADING,0.05316760546844357,0.02620234949498732,0.0048520490316257305,2.500000000000002,0.0,0.652126098632813,1,staged_v3,0.25240117272584894,2,0.8898041843977859,0.25240117272584894,2,1,1,1
v3_torso_proxy:v3_right_hand_proxy,40,0.6553239418465144,0.20000000000000018,0.52478048299569,0.08137508614639716,0.6293769176135076,FLAT,0.0,1,0.028344352351728972,0.011177532395047967,0.024155383398658175,SUPPORT,0.44139335543605723,0.015030236774884943,0.04888888431446249,0.09891879060759379,0.52478048299569,0.11238116024748568,0,ok,0.09149153576091881,0.7551134136442602,FLAT,0.0,-1,0.01029296373550346,0.02223839613252453,0.12005960290714884,UNLOADING,0.04557223325866592,0.022002573448208603,0.009000406697148841,-2.500000000000002,-0.0010000000000000009,0.651126098632813,0,staged_v3,0.18200512248599265,2,0.9480928692950362,0.18238045992028615,2,1,0,0
v3_torso_proxy:v3_right_hand_proxy,41,0.9999999999999999,0.0,1.0,0.14544100910620436,0.6239234257095192,FLAT,0.0,1,0.02926029309365161,0.08907772423133273,0.022441879846405874,SUPPORT,0.44311468434884577,0.0,0.026958973164357837,0.1884955592153876,1.0,0.12512288112025224,0,ok,0.22059622413941454,0.7819583740885605,FLAT,0.0,-1,0.006754266615180334,0.05016997516274409,0.12007841442849078,UNLOADING,0.039061914221713644,0.0,0.04008444008792224,2.500000000000002,0.0,0.651126098632813,0,staged_v3,0.2390754907953893,2,0.9293451108610106,0.23802824373831266,2,1,1,1
v3_torso_proxy:v3_right_hand_proxy,42,0.8258666992187497,0.20000000000000018,0.8258666992187501,0.05261316298646918,0.6171282985542745,FLAT,0.0,1,0.036221223111057896,0.02174907333495446,0.022220445011177804,SUPPORT,0.4444917474790766,0.025744594748788183,0.0003664275017707082,0.1556722053066046,0.8258666992187501,0.11266918506117624,0,ok,0.1688309956706423,0.7811975472776966,FLAT,0.0,1,0.02409752859151313,0.06988856106743663,0.11950420132287914,UNLOADING,0.03348164076146884,0.0,0.06288468632599352,2.500000000000002,0.0010000000000000009,0.652126098632813,1,staged_v3,0.35821671122884446,2,0.8901485027773562,0.3586688614084807,2,0,1,1
v3_torso_proxy:v3_right_hand_proxy,43,1.0,0.0,1.0,0.12544739495630472,0.6240910650367235,FLAT,0.0,1,0.026111471361470226,0.034387551571138264,0.022061780018485144,SUPPORT,0.4455933979832613,0.0,0.04469876569857169,0.1884955592153876,1.0,0.11598667090570716,0,ok,0.0,0.7957940547576643,FLAT,0.0,1,0.016751149455737056,0.05049542166224464,0.12361390592888157,UNLOADING,0.02869854922411615,0.00870020985371213,0.02248048544273195,-2.500000000000002,0.0,0.652126098632813,0,staged_v3,0.40672086474431396,2,0.9406543352849648,0.4052138569959619,2,0,0,0
v3_torso_proxy:v3_right_hand_proxy,44,0.58160400390625,0.20000000000000018,0.5816040039062502,0.09799201337224613,0.6424242371472526,FLAT,0.0,1,0.012841958912976039,0.0016010579677397533,0.02194809158332889,SUPPORT,0.44647471838660907,0.024496346611426693,0.028405796362256774,0.1096297719582171,0.5816040039062502,0.11620851870807045,0,ok,0.0,0.8222273791316324,FLAT,0.0,1,0.0027953791514672777,0.029655641135491725,0.12665557570740585,SUPPORT,0.16657637879235773,0.0016771376498785698,0.039126350358245215,2.500000000000002,0.0010000000000000009,0.653126098632813,1,staged_v3,0.4862000036458342,2,0.9710789445226653,0.48729347520609256,2,1,1,1
v3_torso_proxy:v3_right_hand_proxy,45,0.41790024954244004,0.0,0.6897391427163491,0.10428729657473078,0.6276285271665565,FLAT,0.0,1,0.03440288432025022,0.008092446662416288,0.05021349920251038,UNLOADING,0.3826926157599506,0.01941822829770923,0.04915579964140424,0.13001276541906026,0.6897391427163491,0.11549207194941269,0,ok,0.0,0.8253292692337091,FLAT,0.0,1,0.008575418909262472,0.018954988201905096,0.12855874241561027,SUPPORT,0.277106298294332,0.027129729117951862,0.004298208002828653,-2.500000000000002,0.0,0.653126098632813,0,staged_v3,0.3031808764205505,2,0.9612509630916848,0.3047347089625355,2,1,0,0
v3_torso_proxy:v3_right_hand_proxy,46,0.24564596269674743,0.20000000000000018,1.0000000000000002,0.09025532829354166,0.617657374345519,FLAT,0.0,1,0.033477873181196785,0.0028756658937650276,0.07046654876778485,UNLOADING,0.32802224207995767,0.025647661544624216,0.042897209297017354,0.18849555921538763,1.0000000000000002,0.1127265391678802,0,ok,0.026307126818126383,0.823887726106303,FLAT,0.0,1,0.008913540479081942,0.01716253261789654,0.10119032498581215,SUPPORT,0.36978869050542246,0.0282147665800161,0.0018447496692745114,-2.500000000000002,-0.0010000000000000009,0.652126098632813,0,staged_v3,0.14761552787552523,2,1.0141873480208687,0.14753787049138947,2,0,0,0
v3_torso_proxy:v3_right_hand_proxy,47,0.10124235556843987,0.40000000000000036,1.0000000000000002,0.0891221750447877,0.6120783394446492,FLAT,0.0,1,0.03169993964527644,0.0030168945414233957,0.0849784929159069,UNLOADING,0.28116192178282085,0.026232030104371952,0.041155367784196636,0.18849555921538763,1.0000000000000002,0.11858502651195954,0,ok,0.027123716843738127,0.8135406983656512,FLAT,0.0,1,0.011767121671958987,0.017989589657637417,0.08109742461272901,SUPPORT,0.4091896265477904,0.026377118577094665,0.002677752653541786,-2.500000000000002,-0.0020000000000000018,0.650126098632813,0,staged_v3,0.12360572797226113,2,1.0444068632611219,0.11852513455789537,2,0,0,0
v3_torso_proxy:v3_right_hand_proxy,48,0.07085651283053501,0.6000000000000005,0.9999999999999999,0.08537440863072916,0.6159744206879064,FLAT,0.0,1,0.027744914142964438,0.02291499980646738,0.0955191804392993,UNLOADING,0.24099593295670357,0.006860959215497585,0.0572252387013385,0.18849555921538758,0.9999999999999999,0.12783329418784778,0,ok,0.04509976865929888,0.8046986397953186,FLAT,0.0,1,0.013574606391019619,0.03313861203594213,0.06625125915325983,SUPPORT,0.4393186398998875,0.002605162632818625,0.02570740032484437,-2.500000000000002,-0.0030000000000000027,0.647126098632813,0,staged_v3,0.15015137309323304,2,1.0654102653907112,0.1443451770778052,2,0,0,0
v3_torso_proxy:v3_right_hand_proxy,49,0.6497192382812499,0.40000000000000036,0.5994417909157045,0.10015574608399319,0.5997489216750883,FLAT,0.0,1,0.04332143663218524,0.022801423023056887,0.10341389205357153,UNLOADING,0.20656794253431734,0.007369271579621691,0.07072293900732149,0.11299211559572916,0.5994417909157045,0.12735386802902773,0,ok,0.04333226472297595,0.7878045772361687,FLAT,0.0,1,0.014563836997748237,0.0044181196418310665,0.05510751467016431,SUPPORT,0.44145491191991,0.025955932411230693,0.0017994433222775262,2.500000000000002,-0.0020000000000000018,0.645126098632813,1,staged_v3,0.19260795594113322,2,1.064383987153792,0.19444795596607925,2,1,1,1
v3_torso_proxy:v3_right_hand_proxy,50,3.2214496517390686e-05,3.051757813121725e-05,2.214196506496449e-05,0.10015326669690083,0.5933258039955724,FLAT,0.0,1,0.042853087246479134,0.022800649368941352,0.10608397672749931,UNLOADING,0.1770582364579863,0.007503549467433614,0.07072076913529325,4.173662087048058e-06,2.214196506496449e-05,0.12735363182207785,0,ok,0.043331201156101985,0.750137910771916,FLAT,0.0,1,0.04912709558080414,0.0044182348841399184,0.04321868524575462,SUPPORT,0.443163929535928,0.02536171642123308,0.0017992178410546527,4.999618530273364,-1.5258789065608624e-07,0.6451259460449223,1,staged_v3,0.1395181351588451,2,1.050103484475522,0.13955658083795885,2,1,0,0
v3_torso_proxy:v3_left_hand_proxy,51,1.0,0.19996948242186896,0.7916384322944452,0.19502537337561068,0.6164404121844436,FLAT,0.0,1,0.022285789190747904,0.06810130789676587,0.10756042560471601,UNLOADING,0.15176420267827398,0.0,0.12681206104739437,0.1492203289917342,0.7916384322944452,0.1358412340741522,0,ok,0.17206572161995173,0.7503096914673996,FLAT,0.0,1,0.020711277556855055,0.022426194785592445,0.034302426466549525,SUPPORT,0.4445311436287424,0.010646232595768922,0.016068888727558555,2.500000000000002,0.0009998474121093448,0.6461257934570317,0,staged_v3,0.11891929260661059,2,1.0770342690749428,0.11436384257558409,2,0,1,1
v3_torso_proxy:v3_left_hand_proxy,52,0.9999999999999999,3.051757813121725e-05,0.7090266733367404,0.11763868723924939,0.6360795487288934,FLAT,0.0,1,0.01942517733336092,0.012945599287045802,0.10727722903972126,UNLOADING,0.1300836022956634,0.017418262164940263,0.0548731932160852,0.13364837928923484,0.7090266733367404,0.12966182878098803,0,ok,0.08437905003436863,0.752226412320808,FLAT,0.0,1,0.022708576059474787,0.03221183681339604,0.027816084521768394,SUPPORT,0.44562491490299394,0.0090185643125145,0.017372239913573922,-2.500000000000002,-1.5258789065608624e-07,0.646125640869141,0,staged_v3,0.1471724933487962,2,1.0411783016895646,0.13371576915275837,2,0,0,0
v3_torso_proxy:v3_left_hand_proxy,53,0.5722707346819668,0.2000305175781314,0.90997314453125,0.04193584761812226,0.6652391772278219,FLAT,0.0,1,0.009935844374483272,0.057183751997668966,0.10867990615480022,UNLOADING,0.11150023053914006,0.008720752915231222,0.02171324239250879,0.1715258967494027,0.90997314453125,0.12639369701260234,0,ok,0.07933659206083106,0.757114781551735,FLAT,0.0,1,0.02130829735154834,0.0034952783781358543,0.02278827723478783,SUPPORT,0.4464999319223952,0.02264413548360354,0.005590124597238953,-2.500000000000002,-0.001000152587890657,0.6451254882812504,1,staged_v3,0.20786045913433887,2,1.0505747643295522,0.20642669953090378,2,0,0,0
v3_torso_proxy:v3_left_hand_proxy,54,0.6167447153573667,0.1000305175781202,0.9999998844483703,0.07242593123229184,0.6925937501565966,FLAT,0.0,1,0.005368012206490337,0.018141307046239594,0.11011782816574114,SUPPORT,0.17920018443131205,0.012364584362047463,0.03449559700345745,0.18849553743441855,0.9999998844483703,0.1262079301071943,0,ok,0.029757633963967748,0.776524298043553,FLAT,0.0,1,0.009105461024739912,0.021682572888610457,0.019832283826964454,SUPPORT,0.44719994553791614,0.013992892036055974,0.011998722155292251,1.2500000000001399,-0.000500152587890601,0.6446253356933598,0,staged_v3,0.2982515763207774,2,1.0340501542020697,0.3000990940811544,2,1,0,0
v3_torso_proxy:v3_left_hand_proxy,55,0.2850952148437499,0.09996948242187997,0.2850861386217766,0.037438298116777007,0.7080842149581146,FLAT,0.0,1,0.010699136020254135,0.029193182559716892,0.11229005613989114,SUPPORT,0.23336014754504963,0.0014213202472776673,0.03745904263468383,0.05373747112406729,0.2850861386217766,0.12620792228640212,0,ok,0.014662746668018919,0.7952262470125014,FLAT,0.0,1,0.007683313229467195,0.0064177077073347966,0.04787281667132721,SUPPORT,0.46402383066759945,0.02509822661967582,0.002295414213890544,2.500000000000002,0.0004998474121093999,0.6451251831054692,1,staged_v3,0.3279869151050975,2,1.008918088414369,0.3279869151050975,2,1,1,1
v3_torso_proxy:v3_left_hand_proxy,56,1.0000000000000002,0.29996948242188015,0.7116168068200522,0.18529742448858033,0.7263962564504056,FLAT,0.0,1,0.004309796090828645,0.052660127962289006,0.11390504295107381,SUPPORT,0.2766881180360397,0.022437857387342285,0.008257394760211405,0.1341366079486142,0.7116168068200522,0.12760360791343525,0,ok,0.15604475036080195,0.8138107782582918,FLAT,0.0,1,0.0045835283528299735,0.04287837951430222,0.06998956791186563,SUPPORT,0.5101159790582372,0.0,0.04180055627341867,2.500000000000002,0.0014998474121094008,0.6466250305175786,0,staged_v3,0.22117627798011152,2,1.0049969389847562,0.2231488838196142,2,1,1,1
v3_torso_proxy:v3_left_hand_proxy,57,0.8198852539062498,0.49996948242188033,0.6753148292536755,0.15334204359007192,0.7389736531316836,FLAT,0.0,1,0.006441853197930045,0.0016347900314716774,0.11492340266892373,UNLOADING,0.23716124403089117,0.02911138010197451,0.005520247580351305,0.12729384638661556,0.6753148292536755,0.13188983204001503,0,ok,0.1667803048642652,0.8261201446661129,FLAT,0.0,1,0.0038189593685693207,0.055015625640455576,0.0873135038455655,UNLOADING,0.4372422677642034,0.0,0.07695825887803212,2.500000000000002,0.0024998474121094016,0.649124877929688,1,staged_v3,0.17160793497450375,2,1.0142557686885298,0.16964954584025546,2,1,1,1
v3_torso_proxy:v3_left_hand_proxy,58,0.7720452830235065,0.29996948242188015,0.6795255029107851,0.08685106241755564,0.7509497608176926,FLAT,0.0,1,0.004356585579055172,0.005263820201767516,0.08759714106039236,UNLOADING,0.20328911893050666,0.024116036851252104,0.037254197154434086,0.12808753967228592,0.6795255029107851,0.13016043778595157,0,ok,0.02936113490383064,0.8279465043653412,FLAT,0.0,1,0.009211488675243023,0.028680983201942244,0.07180348118851282,UNLOADING,0.3747807027517923,0.015378596532925719,0.013211577526499922,-2.500000000000002,0.0014998474121094008,0.6506247253417974,0,staged_v3,0.16511661487705812,2,1.0141665384998,0.16635402975362373,2,1,0,0
v3_torso_proxy:v3_left_hand_proxy,59,0.23512831625111708,0.09996948242187997,0.999999999999999,0.08910754906363451,0.7497691467055481,FLAT,0.0,1,0.010583862846742785,0.0041283100911156155,0.06809152250474411,UNLOADING,0.17913243732972237,0.024276266034121592,0.03773797063046044,0.1884955592153874,0.999999999999999,0.1259067617744014,0,ok,0.029019209303993102,0.8338022805554128,FLAT,0.0,1,0.008033612484260495,0.02949664957654856,0.0608259238133838,UNLOADING,0.41076278097141505,0.013272830787388203,0.01476846540328099,-2.500000000000002,0.0004998474121093999,0.6511245727539068,0,staged_v3,0.11228531299445776,2,1.0573961623514245,0.11219526200248968,2,0,0,0
v3_torso_proxy:v3_left_hand_proxy,60,0.5938072293515417,0.1000305175781202,0.9449462890625,0.08782616363922967,0.7355735853886047,FLAT,0.0,1,0.02199737934974581,0.017621821570623607,0.05398853828728022,SUPPORT,0.2333059498637779,0.010077605343740408,0.019595277117437963,0.17811817918534123,0.9449462890625,0.12140834280628676,0,ok,0.09041757203172951,0.825727562994448,FLAT,0.0,1,0.015946551106264882,0.004705661321968018,0.05252034048704167,SUPPORT,0.44033420492685005,0.022920355702384067,0.00927186872055995,-2.500000000000002,-0.000500152587890601,0.6506244201660162,1,staged_v3,0.20132004920250018,2,1.0073765665241723,0.17111956650167062,2,0,0,0
v3_torso_proxy:v3_left_hand_proxy,61,0.049499511718749965,0.09996948242187997,0.04949951171875041,0.08680799544605139,0.7196133489878608,FLAT,0.0,1,0.02430751814344191,0.02012161713383081,0.0718940052872667,UNLOADING,0.19997652845466676,0.008473083130532529,0.02050472106780357,0.00933043814231449,0.04949951171875041,0.12253030327036066,0,ok,0.09693536044664953,0.816268595045093,FLAT,0.0,1,0.01625845710873126,0.004613199213258319,0.07405962820095402,UNLOADING,0.37742931850872863,0.024089782196789384,0.009882232302538622,2.500000000000002,0.0004998474121093999,0.6511242675781256,1,staged_v3,0.2947912584818636,2,0.8963856089990863,0.27974770203686683,2,0,1,1
v3_torso_proxy:v3_left_hand_proxy,62,0.18591308593749992,0.29996948242188015,0.18591263812539235,0.10099421094607566,0.6969233510634496,FLAT,0.0,1,0.029752847992205334,0.024982288322649926,0.05614172353663337,UNLOADING,0.17602079056799863,0.002824797854181743,0.02623688314799818,0.03504370668865382,0.18591263812539235,0.12312417815836571,0,ok,0.12394201144653094,0.7981077087907441,FLAT,0.0,1,0.020291881725518827,0.004333473777286278,0.0597895436219007,UNLOADING,0.3260103582329673,0.02365600340380876,0.012237841923093545,2.500000000000002,0.0014998474121094008,0.652624114990235,1,staged_v3,0.18962493139806422,2,0.9400590194607331,0.191117068589435,2,1,1,1
v3_torso_proxy:v3_left_hand_proxy,63,0.5164588587322851,0.29996948242188015,0.7669977497629491,0.07391692994184978,0.6938696115325076,FLAT,0.0,1,0.021563592032453165,0.028296048274534327,0.04545273441448833,UNLOADING,0.1524748352030715,0.0,0.043505796332603895,0.14457566975851102,0.7669977497629491,0.12709271166716668,0,ok,0.010660203575419691,0.7756100335604269,FLAT,0.0,1,0.028170531017544045,0.007052420027745345,0.048595672383802566,UNLOADING,0.2796635618034286,0.026887700531033513,0.000542083088156617,0.0,0.0014998474121094008,0.6541239624023444,1,staged_v3,0.1183325428565103,2,0.893737454125418,0.11175322457686435,2,1,0,0
v3_torso_proxy:v3_left_hand_proxy,64,0.8602208931119106,0.09996948242187997,1.0000000000000002,0.06238244230852838,0.6883059341988289,FLAT,0.0,1,0.020240302262764007,0.004403678437276998,0.03821680178951561,SUPPORT,0.2119798681624572,0.022507161652198786,0.012045179661995429,0.18849555921538763,1.0000000000000002,0.14200054487589722,0,ok,0.05163995049733184,0.7517463210155334,FLAT,0.0,1,0.033951629466991914,0.05031569618791906,0.03740055578897669,SUPPORT,0.36202558048656375,0.0,0.04298364594848846,-2.500000000000002,0.0004998474121093999,0.6546238098144538,0,staged_v3,0.18394361870241394,2,0.9219591745142435,0.181278255714131,2,0,0,0
v3_torso_proxy:v3_left_hand_proxy,65,0.20197924978578305,0.29996948242188015,1.0000000000000002,0.14193866482566317,0.7011288958724766,FLAT,0.0,1,0.009016250024337745,0.019094930911220175,0.06124413825283391,SUPPORT,0.2595838945299658,0.008967276001421522,0.024799219354218287,0.18849555921538763,1.0000000000000002,0.13778587974538808,0,ok,0.19736011453092742,0.7834210946213416,FLAT,0.0,1,0.007127592287260937,0.045343827098032946,0.05775024184801983,SUPPORT,0.379620464389251,0.0,0.08925030150630336,2.500000000000002,0.0014998474121094008,0.6561236572265632,0,staged_v3,0.2420339640893312,2,0.941145057539327,0.2357824493827637,2,1,0,0
v3_torso_proxy:v3_left_hand_proxy,66,0.5866814082044703,0.37743142441639677,1.0,0.06705952049399701,0.7137282647343353,FLAT,0.0,1,0.007171887732125058,0.027726840541732307,0.07752771902566372,UNLOADING,0.22250048102568495,0.0011495454095508811,0.046657551518194854,0.1884955592153876,1.0,0.14138621101686633,0,ok,0.023654119818079824,0.8044337286828922,FLAT,0.0,1,0.007556119557606201,0.021662413936522025,0.0726012906651855,UNLOADING,0.32538896947650087,0.023523934803105166,0.005106129730154113,0.9682742749314577,0.0018871571220819838,0.6580108143486452,0,staged_v3,0.286315659409009,2,1.0214034052243035,0.28213749510284153,2,0,0,0
v3_torso_proxy:v3_right_hand_proxy,67,0.6623566560266765,0.1774314244163966,0.9283071331298391,0.09053676906778348,0.72708021528841,FLAT,0.0,1,0.005434384793740562,0.00679747369012922,0.06072756377673674,UNLOADING,0.2068609062394483,0.02123890449870762,0.04655030647264096,0.1749817721829423,0.9283071331298391,0.146566271512096,0,ok,0.030872963625814043,0.8201456408143206,FLAT,0.0,1,0.010180612997933144,0.03443591157464146,0.05506518461343731,UNLOADING,0.38422640979046296,0.0070655877422808495,0.020687671488391016,-2.500000000000002,0.0008871571220819829,0.6588979714707272,0,staged_v3,0.2663290663878983,2,1.057165400077742,0.2365164830281278,2,0,0,0
v3_torso_proxy:v3_left_hand_proxy,68,0.10556122465756237,0.02256857558360359,0.4907594542499141,0.08917497000440727,0.7443171348172348,FLAT,0.0,1,0.0015565498984391381,0.009206961898533247,0.04868972651837997,UNLOADING,0.18112030170687032,0.018227524427385754,0.049068834581853744,0.09250597776907599,0.4907594542499141,0.14855176648127033,0,ok,0.02984730778420689,0.8386384285934114,FLAT,0.0,1,0.004901049453908697,0.03318243052407148,0.04509107787116402,UNLOADING,0.41677408162722424,0.0075208107685953325,0.01973374312496287,-2.500000000000002,-0.00011284287791801795,0.6587851285928091,0,staged_v3,0.11702933639173964,2,1.0678289692215412,0.11745896379149913,2,0,0,0
v3_torso_proxy:v3_left_hand_proxy,69,1.0,0.1774314244163966,0.42043500706175585,0.04111172239653712,0.717692758886461,FLAT,0.0,1,0.031105957918866715,0.03746446784920694,0.040404933083886777,SUPPORT,0.23489624136549625,0.0,0.0413371041045456,0.0792501317698311,0.42043500706175585,0.13377191359776283,0,ok,0.08179708424505282,0.8406680173775029,FLAT,0.0,1,0.012409532023889332,0.04378766977658717,0.03796403047915374,SUPPORT,0.44668206399123256,0.016314070221081244,0.010584131302876446,2.500000000000002,0.0008871571220819829,0.6596722857148911,0,staged_v3,0.11021885686317291,2,1.0456126442215177,0.10311221135718907,2,1,1,1
v3_torso_proxy:v3_left_hand_proxy,70,0.9999999999999999,0.02256857558360359,0.6498619966539156,0.08669449207803286,0.6911130960887548,FLAT,0.0,1,0.03652273320174865,0.011156705515697304,0.06113880134364186,SUPPORT,0.27791699309239704,0.016900234551484792,0.05093049662630791,0.12249610047210818,0.6498619966539156,0.13366814178524433,0,ok,0.03782903559447468,0.8354087785251765,FLAT,0.0,1,0.01692986408275929,0.043328101627387136,0.061327123606100674,UNLOADING,0.3828703405639136,0.0,0.02993108323992842,-2.500000000000002,-0.00011284287791801795,0.6595594428369731,0,staged_v3,0.1559741527510281,2,1.0326094517460658,0.13161233396058353,2,0,0,0
v3_torso_proxy:v3_left_hand_proxy,71,0.29961326033235086,0.22256857558360377,0.527731407623864,0.09194468253763527,0.701652596831896,FLAT,0.0,1,0.010729200681528245,0.0023936616303006685,0.04777561726065522,SUPPORT,0.3123335944739176,0.024995119232732094,0.04417623299137095,0.0994750267955839,0.527731407623864,0.14051988380708855,0,ok,0.030509931110295704,0.8542401112323375,FLAT,0.0,1,0.0036328131858100556,0.034191107250791636,0.07810852795396928,UNLOADING,0.3951536208894001,0.00767425249072427,0.021231173906974196,-2.500000000000002,-0.0011128428779180188,0.6584465999590551,0,staged_v3,0.1409491051317928,2,1.058766933118275,0.14049413865092317,2,0,0,0
v3_torso_proxy:v3_left_hand_proxy,72,0.13871400251376126,0.42256857558360394,0.20330394801967117,0.08645018902903735,0.712922117709469,FLAT,0.0,1,0.010388521343817752,0.006709666546083564,0.03817599827437263,SUPPORT,0.3398668755791341,0.02019913336763507,0.045035277889071385,0.03832189137266401,0.20330394801967117,0.14061806715342845,0,ok,0.029309785499638617,0.844897663221414,FLAT,0.0,1,0.011418223176805938,0.028594490837664337,0.0897171288701188,UNLOADING,0.4221225009021375,0.013398900338068839,0.016086956105437103,-2.500000000000002,-0.0021128428779180197,0.6563337570811371,0,staged_v3,0.13019320776830662,2,1.0537101654861325,0.1316863473660342,2,1,0,0
v3_torso_proxy:v3_left_hand_proxy,73,0.4881049628707069,0.6225685755836041,0.9999863725781459,0.07656304944403329,0.7269786572344907,FLAT,0.0,1,0.004433173478180559,0.024160027431265246,0.0313639568440043,SUPPORT,0.36189350046330726,0.005732436449958033,0.020835761392242184,0.18849299050688456,0.9999863725781459,0.11860295795649078,0,ok,0.0992580955764025,0.8539721568212478,FLAT,0.0,1,0.005954052971118799,0.007119868567892422,0.0981844693688777,SUPPORT,0.44693173917910356,0.022789354900551465,0.01290998145747404,-2.500000000000002,-0.0031128428779180206,0.653220914203219,0,staged_v3,0.17589977420026917,2,1.022703538820485,0.1357726645452933,2,0,0,0
v3_torso_proxy:v3_left_hand_proxy,74,1.0000000000000002,0.42256857558360394,1.0,0.20229591392667234,0.7286062977288879,FLAT,0.0,1,0.00924745958040056,0.08506571553514129,0.05509199806623514,SUPPORT,0.37951480037064583,0.0029096927356216384,0.024844907167690118,0.1884955592153876,1.0,0.12927447925514407,0,ok,0.21714311311392223,0.8455132655852011,FLAT,0.0,1,0.013931131721681145,0.06820010191520577,0.10399695160694816,UNLOADING,0.38308434786780304,0.0,0.06034202984765781,2.500000000000002,-0.0021128428779180197,0.651108071325301,0,staged_v3,0.24424241453924367,2,0.9828817664815317,0.2336762309386431,2,1,1,1
v3_torso_proxy:v3_left_hand_proxy,75,0.7266845703124998,0.22256857558360377,0.7266845703125001,0.03226752621057776,0.7182338781269362,FLAT,0.0,1,0.024786165136803234,0.03595303992003636,0.042420982013998174,SUPPORT,0.3936118402965167,0.013063766669783976,0.014057282430915936,0.13697681445424836,0.7266845703125001,0.12988417981375663,0,ok,0.1306696143585763,0.8112818112480155,FLAT,0.0,1,0.03590810415476902,0.00027149536845663767,0.10870716256942567,UNLOADING,0.3283580124581169,0.030163862760014648,0.012481399300608507,2.500000000000002,-0.0011128428779180188,0.649995228447383,1,staged_v3,0.28707629200600193,2,0.9583721864871038,0.2859457471649529,2,1,1,1
v3_torso_proxy:v3_left_hand_proxy,76,0.9999999999999999,0.02256857558360359,0.9999960852839164,0.1484553222077448,0.716729741571288,FLAT,0.0,1,0.014926191891498,0.025689063763151998,0.03360813591530187,SUPPORT,0.4062302897485774,0.0009913430326130984,0.027997215731109235,0.18849482130879025,0.9999960852839164,0.13338433375123596,0,ok,0.23572190623011058,0.8238451996657497,FLAT,0.0,1,0.007165730849099606,0.027352452442465633,0.1119759567128725,UNLOADING,0.2814497249641002,0.003246345393177995,0.048353895498300214,2.500000000000002,-0.00011284287791801795,0.649882385569465,0,staged_v3,0.33631079744982656,2,0.9115321383904901,0.3372601708552241,2,1,1,1
v3_torso_proxy:v3_left_hand_proxy,77,0.5406592624758313,0.1774314244163966,1.0,0.06757531169354886,0.7197220747857722,FLAT,0.0,1,0.009606091469168137,0.018046385881817728,0.027175840002371995,SUPPORT,0.4149842317988619,0.010594494863499372,0.01576429713661923,0.1884955592153876,1.0,0.13505011690102167,0,ok,0.22735064849082195,0.8204658630466815,FLAT,0.0,1,0.01971222528515441,0.020752345531733916,0.11444984750639622,UNLOADING,0.24124262139780017,0.009970146843585898,0.08600531657583355,2.500000000000002,0.0008871571220819829,0.650769542691547,0,staged_v3,0.3817646784958688,2,0.9887418500268366,0.38305723820717247,2,1,0,0
v3_torso_proxy:v3_left_hand_proxy,78,1.0,0.37743142441639677,0.9999997325857147,0.236009089406998,0.7172483553885711,FLAT,0.0,1,0.016354658089545723,0.04928674985099532,0.021306915389150863,SUPPORT,0.42198738543908954,0.0038285438543483874,0.022236801915109156,0.18849550880898236,0.9999997325857147,0.13326869901500135,0,ok,0.2545748304718943,0.8336008788911469,FLAT,0.0,1,0.007192906016165076,0.08943558122637085,0.1160881733066857,UNLOADING,0.20677938976954302,0.0,0.09935161171103735,2.500000000000002,0.0018871571220819838,0.652656699813629,0,staged_v3,0.43455398380519517,2,0.9751988947393576,0.43616315654199683,2,1,1,1
v3_torso_proxy:v3_left_hand_proxy,79,0.43304443359375006,0.5774314244163969,0.43304443359375,0.19722622340851884,0.7362483895386375,FLAT,0.0,1,0.0017479283546223403,0.005435797336384635,0.017133731854794755,SUPPORT,0.42758990835127164,0.020420889256355105,0.02124036369301851,0.08162695267536468,0.43304443359375,0.1341584078440652,0,ok,0.22213772329745357,0.8010332479637908,FLAT,0.0,1,0.03696349410127206,0.06386482541911873,0.11613568759087489,UNLOADING,0.1772394769453226,0.0,0.09483022232912058,2.500000000000002,0.0028871571220819847,0.6555438569357109,1,staged_v3,0.4433403291833423,2,0.9712982697015664,0.44444070126727325,2,1,1,1
v3_torso_proxy:v3_left_hand_proxy,80,0.9951879506141708,0.37743142441639677,0.6336293484117921,0.12390252162640965,0.7434377729906665,FLAT,0.0,1,0.003008746623691454,0.001083458027575976,0.014256773812295644,SUPPORT,0.4320719266810173,0.024629380663038807,0.04059767023988648,0.11943631836416241,0.6336293484117921,0.13227301511623887,0,ok,0.018055952355806097,0.7944996647333789,FLAT,0.0,1,0.020211647316978547,0.029412185839274546,0.11603457156415618,UNLOADING,0.15191955166741938,0.012224304024933914,0.018577424553273898,-2.500000000000002,0.0018871571220819838,0.6574310140577929,0,staged_v3,0.18543610607293756,2,1.0070030018390526,0.18366826589325982,2,1,0,0
v3_torso_proxy:v3_left_hand_proxy,81,0.275174882437936,0.1774314244163966,0.770469876943644,0.09615528170763424,0.7474120364880464,FLAT,0.0,1,0.00496161860121497,0.003129509660413932,0.012181800863189686,SUPPORT,0.4356575413448138,0.022479580382745553,0.04368723051111196,0.14523015031310305,0.770469876943644,0.13618587255063722,0,ok,0.020699164154355396,0.7863187873186883,FLAT,0.0,1,0.028417744851127868,0.02295121760631626,0.11627352158605628,SUPPORT,0.2435220623788062,0.020297417645391592,0.010516258433911223,-2.500000000000002,0.0008871571220819829,0.6583181711798749,0,staged_v3,0.11231571369993337,2,1.0511598777368587,0.10961615448273855,2,0,0,0
v3_torso_proxy:v3_left_hand_proxy,82,0.08570567795788664,0.02256857558360359,0.3948022251918426,0.08813818368858573,0.7483057134971813,FLAT,0.0,1,0.008225965005586557,0.010918716030210707,0.03911755943740675,UNLOADING,0.37342074972412614,0.01603716194165963,0.048966844347791125,0.07441846621701576,0.3948022251918426,0.13850028006766651,0,ok,0.02558914214668302,0.7773869092712659,FLAT,0.0,1,0.021879083702599264,0.019035184370688046,0.11638963798076404,SUPPORT,0.31056143830279714,0.02321903374564627,0.007600448153391934,-2.500000000000002,-0.00011284287791801795,0.6582053283019569,0,staged_v3,0.11461113800441772,2,1.064186292701083,0.11607761513108387,2,0,0,0
v3_torso_proxy:v3_left_hand_proxy,83,0.03622789193248655,0.22256857558360377,0.277734995450453,0.08753856501042666,0.7494195058788786,FLAT,0.0,1,0.006814828835223277,0.011681560432220506,0.0588746583484506,UNLOADING,0.32007492833496526,0.016262172485202026,0.04982761372193445,0.052351813281116266,0.277734995450453,0.13833923562954256,0,ok,0.02538128230543617,0.7750648774557161,FLAT,0.0,1,0.02519380364283839,0.017580101461145983,0.08857936339292274,SUPPORT,0.357175741496672,0.022409156292050224,0.007019811877595913,-2.500000000000002,-0.0011128428779180188,0.6570924854240389,0,staged_v3,0.11777817910592635,2,1.0690888520820003,0.11830556372514608,2,0,0,0
v3_torso_proxy:v3_right_hand_proxy,84,0.01457700334450255,0.42256857558360394,0.2233846311344042,0.0873610331019522,0.7496824814172665,FLAT,0.0,1,0.006593451086858216,0.010201947857056515,0.07311749393608925,UNLOADING,0.27434993857282736,0.01845392683974795,0.04841964162384586,0.042107010965802605,0.2233846311344042,0.14072327217774572,0,ok,0.02545203453108139,0.7760805891120555,FLAT,0.0,1,0.022575975245999403,0.015592309631941805,0.0689148805918131,SUPPORT,0.3974309174580898,0.022552252616811503,0.005893491412779155,-2.500000000000002,-0.0021128428779180197,0.6549796425461208,0,staged_v3,0.11865268941476685,2,1.0710136968110207,0.118803027505681,2,0,0,0
v3_torso_proxy:v3_right_hand_proxy,85,0.013967227754231494,0.6225685755836041,0.2929845181205822,0.08724812008563133,0.7523167902473685,FLAT,0.0,1,0.007235806486730996,0.007228396440418059,0.08363024544932234,UNLOADING,0.23515709020528058,0.02195311583204806,0.04549124262864458,0.055226280584590004,0.2929845181205822,0.1408535171150809,0,ok,0.02578757942266731,0.7987052262709101,FLAT,0.0,1,0.007304106116633154,0.014265455298957518,0.05516063405300045,SUPPORT,0.4344214351505682,0.022138928224729855,0.00561910347792017,-2.500000000000002,-0.0031128428779180206,0.6518667996682028,0,staged_v3,0.11832788861078121,2,1.072229505555792,0.118604321202237,2,0,0,0
v3_torso_proxy:v3_right_hand_proxy,86,0.9999999999999999,0.42256857558360394,1.0,0.18652859160710375,0.7525686399613718,FLAT,0.0,1,0.008041000233607395,0.04823450812866277,0.09165640201547588,UNLOADING,0.2015632201759548,0.0,0.10486679334884208,0.1884955592153876,1.0,0.14085401897032448,0,ok,0.16306923612891425,0.7953889705292652,FLAT,0.0,1,0.021653468576833,0.02414098004303416,0.045627030611622564,SUPPORT,0.46389762384231387,0.003140371487546971,0.03140925792694133,2.500000000000002,-0.0021128428779180197,0.6497539567902848,0,staged_v3,0.11627510936632811,2,1.0830096465715742,0.11627510936632811,2,1,1,1
v3_torso_proxy:v3_right_hand_proxy,87,1.0,0.22256857558360377,1.0,0.11486958188554193,0.7492181417417829,FLAT,0.0,1,0.009681340461107546,0.0499026138433665,0.09795489884812278,UNLOADING,0.17276847443653268,0.0,0.041800815045552,0.1884955592153876,1.0,0.1442591929481735,0,ok,0.1162916399468525,0.7945609040036088,FLAT,0.0,1,0.019169911473223472,0.020890007834553248,0.03895960698278356,SUPPORT,0.4619122490076976,0.020489586783202167,0.006458393565937012,2.500000000000002,-0.0011128428779180188,0.6486411139123668,0,staged_v3,0.22953798700854117,2,1.0789464684981607,0.23066589230906032,2,1,1,1
v3_torso_proxy:v3_right_hand_proxy,88,0.32042491673431994,0.42256857558360394,0.779658864973501,0.09190632993626269,0.7466622595333142,FLAT,0.0,1,0.008090686272243984,0.0058424563728930535,0.10312303445652488,UNLOADING,0.14808726380274229,0.024313695349933193,0.04380830704335631,0.14696223375041445,0.779658864973501,0.14349723144313906,0,ok,0.042860569579484975,0.7855026767028446,FLAT,0.0,1,0.027536992989571664,0.0094839276945082,0.034340029797112454,SUPPORT,0.4602104991494551,0.022157293099414752,0.004559708390440874,-2.500000000000002,-0.0021128428779180197,0.6465282710344488,0,staged_v3,0.2872145302823341,2,1.0869332023061558,0.288242256706788,2,1,0,0
v3_torso_proxy:v3_right_hand_proxy,89,0.9999999999999997,0.22256857558360377,1.0000000000000002,0.18629595882192318,0.7444117119768737,FLAT,0.0,1,0.007318703152444165,0.060061064593547736,0.10743730298410561,UNLOADING,0.12693194040235053,0.0,0.11328910194402408,0.18849555921538763,1.0000000000000002,0.1434959293655922,0,ok,0.17271972779965583,0.7827422088552177,FLAT,0.0,1,0.023546344338689205,0.029590309043819422,0.031155349983714678,SUPPORT,0.45875185641381866,0.0,0.03739674146319852,2.500000000000002,-0.0011128428779180188,0.6454154281565307,0,staged_v3,0.12511041404573664,2,1.0977151288170035,0.12511041404573664,2,1,1,1
v3_torso_proxy:v3_right_hand_proxy,90,0.3958129882812498,0.02256857558360359,0.3958127890819027,0.14202991596599424,0.7380450757700273,FLAT,0.0,1,0.012377056454085355,0.08627176100223002,0.11120227696465447,UNLOADING,0.10879880605915761,0.0,0.10871006112590315,0.07460895302259551,0.3958127890819027,0.15245512170142542,0,ok,0.13867041630547008,0.7834059783295266,FLAT,0.0,1,0.02087995537479644,0.0071375724375720585,0.02890912710008095,SUPPORT,0.4575015912118446,0.01930788391743199,0.012149294871665788,2.500000000000002,-0.00011284287791801795,0.6453025852786127,1,staged_v3,0.26227579598801964,2,1.0694887200760856,0.26273067803621813,2,1,1,1
v3_torso_proxy:v3_right_hand_proxy,91,1.0000000000000002,0.22256857558360377,0.6033553227097159,0.09971193003223484,0.7328423618892214,FLAT,0.0,1,0.012110891330129919,0.01265236629332668,0.11437664973668157,UNLOADING,0.09325611947927795,0.0180664661935074,0.0529346276271548,0.11372979895974855,0.6033553227097159,0.1452217658658387,0,ok,0.01740881066701446,0.780874127181984,FLAT,0.0,1,0.02286090835875785,0.005754008912996157,0.02745107702265191,SUPPORT,0.4564299353244382,0.023683074141057803,0.0026894797100747965,-2.500000000000002,-0.0011128428779180188,0.6441897424006947,0,staged_v3,0.1668018780406302,2,1.0856274465464568,0.1605029495416023,2,0,0,0
v3_torso_proxy:v3_right_hand_proxy,92,0.39427490202166815,0.42256857558360394,0.9245415677160255,0.09240213136644154,0.7287175743106802,FLAT,0.0,1,0.01144339511094635,0.0017327524869636584,0.11704574952896232,UNLOADING,0.07993381669652395,0.02911953498948446,0.040754546194100294,0.17427197982450338,0.9245415677160255,0.13617513417523175,0,ok,0.0404277431797995,0.7727299442482899,FLAT,0.0,1,0.026991842152614468,0.005851564876489801,0.02646113374256332,SUPPORT,0.498423325820902,0.020471491810638367,0.006224840687606804,-2.500000000000002,-0.0021128428779180197,0.6420768995227767,0,staged_v3,0.12390953134011906,2,1.087227674600696,0.12103334383133241,2,0,0,0
v3_torso_proxy:v3_right_hand_proxy,93,0.7102210253698767,0.6225685755836041,1.0,0.08068045449624235,0.7179814506010135,FLAT,0.0,1,0.011637076447303003,0.006108568518274221,0.11898137350771826,UNLOADING,0.06851470002559196,0.024840500157111693,0.043079069154974,0.1884955592153876,1.0,0.13439700331505022,0,ok,0.03163332710170896,0.7702903300174911,FLAT,0.0,1,0.025918887774314465,0.019213926792163372,0.02567019520109994,SUPPORT,0.4915057078464874,0.022751653022357314,0.003531856737697685,-2.500000000000002,-0.0031128428779180206,0.6389640566448587,0,staged_v3,0.1788085810914632,2,1.0917237825586692,0.15239653132888012,2,0,0,0
v3_torso_proxy:v3_right_hand_proxy,94,0.07177734374999976,0.42256857558360394,0.07177734375,0.11130535635365615,0.7050263105595543,FLAT,0.0,1,0.011872447733973852,0.0010687610686690276,0.12029456557519821,UNLOADING,0.05872688573622168,0.029945967210090886,0.03975217900236169,0.013529710549151357,0.07177734375,0.1343967191309969,0,ok,0.05432163251005776,0.7672807250307716,FLAT,0.0,1,0.025458093932281465,0.017196454909787058,0.024843633201004585,SUPPORT,0.49348698852801237,0.02170031825011165,0.004541863409938581,2.500000000000002,-0.0021128428779180197,0.6368512137669406,1,staged_v3,0.23219542880212868,2,1.1057429750798415,0.23219542880212868,2,1,1,1
v3_torso_proxy:v3_right_hand_proxy,95,0.0,0.0,0.0,0.11130535635365615,0.6921564278812883,FLAT,0.0,1,0.013354870409896897,0.0010687610686690276,0.12117423025432644,UNLOADING,0.05033733063104716,0.029989950444047297,0.03975217900236169,0.0,0.0,0.1343967191309969,0,ok,0.05432163251005776,0.7694329230530355,FLAT,0.0,1,0.023776904658317066,0.017196454909787058,0.024161113010751318,SUPPORT,0.4872745615954392,0.02166619224059899,0.004541863409938581,5.282107194795049,0.0,0.6368512137669406,1,staged_v3,0.1293624024601918,2,1.1026416640039154,0.12715214880365444,2,1,1,1
v3_torso_proxy:v3_right_hand_proxy,96,0.045043945312500014,0.20000000000000018,0.04504394531250003,0.1030088079940426,0.681244303032488,FLAT,0.0,1,0.01402371633251735,0.001316312872261455,0.12189701292408164,UNLOADING,0.04314628339804042,0.02977853777394263,0.042006798117025436,0.00849058366094703,0.04504394531250003,0.13415750338540028,0,ok,0.06263324351049472,0.7711428500572568,FLAT,0.0,1,0.022606492400789064,0.018018286895034846,0.023450051064040724,SUPPORT,0.48194962422466214,0.02117580377031029,0.004996698782891746,2.500000000000002,0.0010000000000000009,0.6378512137669407,1,staged_v3,0.1650084091387688,2,1.1191238195089261,0.16220106378828478,2,1,1,1
v3_torso_proxy:v3_right_hand_proxy,97,0.21246337890624992,0.40000000000000036,0.10711264471510733,0.08288113631459695,0.6723482068654398,FLAT,0.0,1,0.015206997249455028,0.006305060553193822,0.1243961230554859,UNLOADING,0.03698252862689179,0.024914745599580474,0.05135697056444414,0.020190257864613287,0.10711264471510733,0.13415745081734748,0,ok,0.0496719795744252,0.7705741150354769,FLAT,0.0,1,0.020685295713185073,0.0158789586642436,0.023816650672438724,SUPPORT,0.47738539219256754,0.02353041017239468,0.00266042236122726,2.500000000000002,0.0020000000000000018,0.6398512137669407,1,staged_v3,0.14089509197625633,2,1.1406289141061348,0.14089509197625633,2,1,1,1
v3_torso_proxy:v3_right_hand_proxy,98,0.33267194449426524,0.20000000000000018,1.0000000000000002,0.09446672655997736,0.6653719762046059,FLAT,0.0,1,0.0132032978075991,0.007538888250431003,0.12611557745091478,UNLOADING,0.03169931025162154,0.02376689062211474,0.04747358098389512,0.18849555921538763,1.0000000000000002,0.1217667520107226,0,ok,0.05400696035119572,0.7737832039214031,FLAT,0.0,1,0.02066807988968105,0.0024128482776020832,0.025216676991887475,SUPPORT,0.47347319330791504,0.023847985571992292,0.011549319085136308,-2.500000000000002,0.0010000000000000009,0.6408512137669407,0,staged_v3,0.14278012095490927,2,1.1357270310995138,0.13886371901790526,2,0,0,0
v3_torso_proxy:v3_right_hand_proxy,99,0.29735454123330707,0.0,0.6683875381876029,0.0,0.6592986383638755,FLAT,0.0,1,0.01227614404837777,0.02935047975365234,0.1269301008391884,UNLOADING,0.02717083735853275,0.001996025288307078,0.0653821190041243,0.12598808278326845,0.6683875381876029,0.1163304447889057,0,ok,0.0615220621259582,0.7780650082622204,FLAT,0.0,1,0.020681658078790573,0.007341460902413149,0.026122734960817882,SUPPORT,0.4701198799782129,0.01997829718542933,0.006327839562611563,-2.500000000000002,0.0,0.6408512137669407,0,staged_v3,0.16671812289845458,2,1.1362612887302115,0.16104242805332472,2,1,0,0
v3_torso_proxy:v3_right_hand_proxy,100,0.9999999999999999,0.20000000000000018,1.0000000000000002,0.0,0.6573412585391073,FLAT,0.0,1,0.010145746295885757,0.09165372592338059,0.1270028371248517,SUPPORT,0.13650808063591022,0.0,0.11081092054283517,0.18849555921538763,1.0000000000000002,0.08616608081883258,0,ok,0.2055309022904675,0.7906866768466552,FLAT,0.0,1,0.01040637941688646,0.054988998986977546,0.026512164979016012,SUPPORT,0.4672456114098968,0.0019483402307344834,0.024377268018216318,2.500000000000002,0.0010000000000000009,0.6418512137669407,0,staged_v3,0.19760528595354815,2,1.1189388415409014,0.18063609957966106,2,0,1,1
v3_torso_proxy:v3_right_hand_proxy,101,0.8385252746868955,0.021118721770863047,1.0,0.0,0.6547276128016302,FLAT,0.0,1,0.01068226824126987,0.02356579798853245,0.12674369033680408,SUPPORT,0.22355546830667725,0.007771386528307757,0.053060423146254226,0.1884955592153876,1.0,0.08439417383131646,0,ok,0.04323240161855364,0.7984330637016588,FLAT,0.0,1,0.01231480515530297,0.0033388532466058817,0.05489256432404671,UNLOADING,0.40049623835134013,0.024405774969596457,0.009750980893335665,-2.236015977864214,0.00010559360885431524,0.641956807375795,0,staged_v3,0.367937402927573,2,1.1221428751605258,0.36897612705500027,2,1,0,0
v3_torso_proxy:v3_right_hand_proxy,102,0.2687377929687501,0.22111872177086322,0.2687377929687501,0.0,0.6514573487270022,FLAT,0.0,1,0.011704047781713802,0.032614937703671854,0.09798467924725712,SUPPORT,0.29636927651908546,0.0,0.03959372756066119,0.050655880567953615,0.2687377929687501,0.08439370496796032,0,ok,0.07751502657139313,0.7996367464909093,FLAT,0.0,1,0.016131426634184102,0.006470349221157613,0.07488925873106937,UNLOADING,0.3933208224492072,0.024054089141496357,0.004690373795057113,2.500000000000002,0.0011055936088543161,0.6430624009846493,1,staged_v3,0.30077452231984236,2,1.12697013019354,0.30077452231984236,2,1,1,1
v3_torso_proxy:v3_right_hand_proxy,103,0.9999999999999997,0.4211187217708634,0.40203895859278227,0.11933166016164816,0.6528594673667372,FLAT,0.0,1,0.005852424227807486,0.05198728272671985,0.07697584893843078,SUPPORT,0.35761643234100654,0.0,0.03622272697976146,0.07578255832631856,0.40203895859278227,0.08439375649606982,0,ok,0.18919479646599,0.8138136142239917,FLAT,0.0,1,0.010831591108455252,0.06498959113084937,0.08892126709530543,UNLOADING,0.34670816751144423,0.0,0.05397802369225495,2.500000000000002,0.002105593608854317,0.6451679945935036,0,staged_v3,0.14867613539405214,2,1.141002567997834,0.14867613539405214,2,1,1,1
v3_torso_proxy:v3_right_hand_proxy,104,1.0000000000000002,0.6211187217708636,0.7105881301418575,0.13675386676881082,0.632856811528697,FLAT,0.0,1,0.029194695815569823,0.03832226342389787,0.06127413684456222,SUPPORT,0.37609314587280523,0.005943572748879144,0.02212013409334897,0.13394270696290606,0.7105881301418575,0.08439375656133906,0,ok,0.21485524514945825,0.7995542934352786,FLAT,0.0,1,0.026506784540564605,0.1151890558022111,0.09867433991092336,UNLOADING,0.2971784292955236,0.0,0.09280675753370668,2.500000000000002,0.003105593608854318,0.6482735882023579,0,staged_v3,0.12252414038066237,2,1.1448968626423752,0.12252414038066237,2,1,1,1
v3_torso_proxy:v3_right_hand_proxy,105,1.0000000000000002,0.4211187217708634,0.9999828813290508,0.04752730904457844,0.6145766853606148,FLAT,0.0,1,0.028296366292629806,0.015997063646871236,0.04695202401704895,SUPPORT,0.3908745166982442,0.011679948421192413,0.015667652779660035,0.188492332421934,0.9999828813290508,0.07803351853565746,0,ok,0.12252519283535582,0.7698042731423986,FLAT,0.0,-1,0.034478486339972254,0.03197721066000359,0.10189208947192316,UNLOADING,0.2547243679675917,0.0,0.03550022815612252,-2.500000000000002,0.002105593608854317,0.6503791818112122,0,staged_v3,0.32854700775309836,2,1.136254831121081,0.1901184068579699,2,0,0,0
v3_torso_proxy:v3_right_hand_proxy,106,0.9975009303245748,0.22111872177086322,0.6559189285654891,0.015084454933519353,0.6283891121139797,FLAT,0.0,1,0.008368031154950314,0.031534762457730015,0.03682210474230992,SUPPORT,0.40269961335859533,0.0,0.04484791040743126,0.12363780523990973,0.6559189285654891,0.07466224105357333,0,ok,0.08401498246808546,0.7988312648566094,FLAT,0.0,-1,0.005131971108678732,0.013535570307491245,0.10412117052399958,UNLOADING,0.21833517254365,0.016670488218708736,0.021781782981666258,-2.500000000000002,0.0011055936088543161,0.6514847754200666,0,staged_v3,0.18986753765609723,2,1.1511097093722176,0.18584720460324705,2,1,0,0
v3_torso_proxy:v3_right_hand_proxy,107,0.8890380859374999,0.4211187217708634,0.7632463859798374,0.03617130760781678,0.6402491292317234,FLAT,0.0,1,0.0030669948542833003,0.0004575098995702647,0.029492179732847443,SUPPORT,0.43562161612139044,0.02601709908707211,0.026025893233763815,0.14386855434439302,0.7632463859798374,0.07368345560939259,0,ok,0.11270275460907571,0.8186762461312875,FLAT,0.0,-1,0.009818852792359653,0.05209089137031658,0.10633921737005274,UNLOADING,0.18714443360884286,0.0,0.05347836911755478,2.500000000000002,0.002105593608854317,0.6535903690289209,1,staged_v3,0.16155950510164624,2,1.1528455895073544,0.16349054716683672,2,1,1,1
v3_torso_proxy:v3_right_hand_proxy,108,0.7618648755410069,0.22111872177086322,0.6066407862879786,0.06317188350265197,0.6524530282114303,FLAT,0.0,1,0.004243004543306078,0.017266745912175675,0.02399017971885264,SUPPORT,0.43849729289711237,0.008932763073766958,0.05571807901349155,0.11434909425421497,0.6066407862879786,0.07321373968243952,0,ok,0.0286800620755369,0.8444465839687352,FLAT,0.0,-1,0.0024893584143751532,0.018016431011877714,0.10906148913842027,UNLOADING,0.1604095145218653,0.012436643445043302,0.03603039900854441,-2.500000000000002,0.0011055936088543161,0.6546959626377752,0,staged_v3,0.1419478046875042,2,1.1531597544814132,0.1434792007361007,2,1,0,0
v3_torso_proxy:v3_right_forearm_proxy,109,0.2239247833535339,0.021118721770863047,0.739436112066144,0.06985663659722946,0.6613534960195897,FLAT,0.0,1,0.005423003384586026,0.011298174456784736,0.019775379424357187,SUPPORT,0.4407978343176899,0.014690594514433126,0.05238297528176139,0.13938042344795984,0.739436112066144,0.06658489580064292,0,ok,0.023530760853832305,0.8660112710532738,FLAT,0.0,-1,0.0014801009068174517,0.004167841087558717,0.11097038082566045,SUPPORT,0.23913759801988954,0.02638067795372431,0.025017355109894796,-2.500000000000002,0.00010559360885431524,0.6548015562466295,0,staged_v3,0.12143993621259594,2,1.1434343637177258,0.1207021666827844,2,0,0,0
v3_torso_proxy:v3_right_forearm_proxy,110,0.044540558716352235,0.17888127822913713,0.5487985948591485,0.06943761732019837,0.6719421878827908,FLAT,0.0,1,0.001902693581644363,0.007866301704661599,0.04485707425481032,SUPPORT,0.4426382674541519,0.019376552008078918,0.04817550727808048,0.10344609803459415,0.5487985948591485,0.05870976712863568,0,ok,0.02318175822394794,0.8777355198384048,FLAT,0.0,-1,0.005198628536677944,0.0017228232902303737,0.11223696842490825,SUPPORT,0.31619320281292995,0.02888902513101504,0.022867409006176086,-2.500000000000002,-0.0008944063911456857,0.6539071498554838,0,staged_v3,0.15264461686944464,2,1.1281624437847022,0.1190013360911008,2,0,0,0
v3_torso_proxy:v3_right_forearm_proxy,111,0.576869200562184,0.3788812782291373,1.0000000000000002,0.05594067446655785,0.6789480489735914,FLAT,0.0,1,0.0017376165372392802,0.028276826080485446,0.06268377139368667,SUPPORT,0.4441106139633215,0.012340708771727087,0.015793479797957248,0.18849555921538763,1.0000000000000002,0.057796726475730364,0,ok,0.058558565399275356,0.8859924308566823,FLAT,0.0,-1,0.0046941063242081525,0.02637758782420537,0.11306531818207503,SUPPORT,0.3797188031653699,0.0042756780848983815,0.037835330060405424,-2.500000000000002,-0.0018944063911456865,0.6520127434643381,0,staged_v3,0.25176083297240337,2,1.1199964064615255,0.1588700593380605,2,0,0,0
v3_torso_proxy:v3_right_forearm_proxy,112,0.5456542968750001,0.17888127822913713,0.5456535246507503,0.05661091082727805,0.6734557019286511,FLAT,0.0,1,0.007701175607148915,0.027396527264192932,0.07714172285245147,SUPPORT,0.4452884911706572,0.0014605588784296422,0.02936569757557843,0.10285326626689048,0.5456535246507503,0.057795703376262594,0,ok,0.10214849697906574,0.884203143460073,FLAT,0.0,-1,0.005328704827148582,0.0047829507137919156,0.11362589229697756,SUPPORT,0.3937750425322959,0.025898343901056962,0.03562145740667344,2.500000000000002,-0.0008944063911456857,0.6511183370731924,1,staged_v3,0.22014936227805576,2,1.1108947954797292,0.22014936227805576,2,1,1,1
v3_torso_proxy:v3_right_forearm_proxy,113,0.9999999999999999,0.021118721770863047,0.8795226039860646,0.07027754125603713,0.6734795271371441,FLAT,0.0,1,0.01042390665266641,0.025715443840532252,0.08745718814627898,SUPPORT,0.4462307929365258,0.0036574155667816986,0.031281657713111935,0.16578610508092714,0.8795226039860646,0.0577957490944032,0,ok,0.20194494989316195,0.8883675954092546,FLAT,0.0,-1,0.006895990226362873,0.052347415749179116,0.1139154879675515,UNLOADING,0.3375214650276822,0.0,0.1282933696467809,2.500000000000002,0.00010559360885431524,0.6512239306820468,0,staged_v3,0.21777614874267473,2,1.1002601231812261,0.21777614874267473,2,1,1,1
v3_torso_proxy:v3_right_forearm_proxy,114,1.0000000000000002,0.22111872177086322,0.7620155670577315,0.3007836628544988,0.6839170866004085,FLAT,0.0,1,0.0009836611850563583,0.03022310732384826,0.06642771547985979,SUPPORT,0.44698463434922064,0.0,0.11403289489261778,0.1436365504433778,0.7620155670577315,0.05441296754552853,0,ok,0.21016806300444096,0.8820663825516193,FLAT,0.0,-1,0.012783934818442694,0.009131293308817946,0.1139359737352618,UNLOADING,0.2893041128808705,0.021565505377945146,0.06811952328998991,2.500000000000002,0.0011055936088543161,0.6523295242909011,0,staged_v3,0.1626417732543759,2,1.1050933247535992,0.16395205506075777,2,1,1,1
v3_torso_proxy:v3_right_forearm_proxy,115,0.9992807426418012,0.021118721770863047,0.2198070378200973,0.1677877220405352,0.6781070438084272,FLAT,0.0,1,0.00790555843382908,0.006465265264663934,0.05118982216749013,SUPPORT,0.44758770747937654,0.021094225843710575,0.06323194555268219,0.04143265051337709,0.2198070378200973,0.05182408738421086,0,ok,0.06811992580507689,0.8644898237099591,FLAT,0.0,-1,0.0206022987059388,0.005371335515690031,0.11294054282735219,UNLOADING,0.24797495389788898,0.025275691625677582,0.03922537562355977,-2.500000000000002,0.00010559360885431524,0.6524351178997554,0,staged_v3,0.1846040940601918,2,1.0835619025939403,0.18652334186631647,2,1,0,0
v3_torso_proxy:v3_right_hand_proxy,116,0.9638671874999999,0.22111872177086322,0.9638649405154188,0.047374000423605095,0.6774387641297885,FLAT,0.0,1,0.0056960385294116496,0.038232806548615786,0.04028488818475825,SUPPORT,0.44807016598350125,0.0,0.06188282663670508,0.18168426097056017,0.9638649405154188,0.04511775997899892,0,ok,0.0878700933808773,0.870640765886086,FLAT,0.0,-1,0.00721046388852291,0.01019410098522338,0.11207152028544667,SUPPORT,0.2883799631183112,0.028545213035068275,0.00205836297920406,2.500000000000002,0.0011055936088543161,0.6535407115086097,1,staged_v3,0.15296387263829528,2,1.1035084149878722,0.12670799073995118,2,0,1,1
v3_torso_proxy:v3_right_forearm_proxy,117,0.6424446691775176,0.021118721770863047,0.9999812278577737,0.07190613157885507,0.6770417391152245,FLAT,0.0,1,0.008308204250400391,0.007547048908578765,0.0608214672469294,SUPPORT,0.448456132786801,0.020494024453767707,0.04501555898570673,0.18849202074994098,0.9999812278577737,0.044266936624328054,0,ok,0.02987626543027838,0.8731069570334181,FLAT,0.0,-1,0.0046095921472401255,0.013672449843891234,0.11139282754328726,UNLOADING,0.24718282552998105,0.01689719153327313,0.03429184689890338,-2.500000000000002,0.00010559360885431524,0.653646305117464,0,staged_v3,0.276133048005507,2,1.0857332558411994,0.2778794745143661,2,1,0,0
v3_torso_proxy:v3_right_forearm_proxy,118,0.06095525381886462,0.17888127822913713,0.33908913164236354,0.0666176639261463,0.6864415555027144,FLAT,0.0,1,0.003587075976200661,0.01375255658236691,0.04708069391990545,SUPPORT,0.4487649062294408,0.013601478113628364,0.04742862675457374,0.0639167954927875,0.33908913164236354,0.04231897455920555,0,ok,0.02841182263122738,0.892801616338864,FLAT,0.0,-1,0.0020160894517009175,0.01198851215557276,0.1107885158970067,UNLOADING,0.3088506063695795,0.018550913639277578,0.03199546244608353,-2.500000000000002,-0.0008944063911456857,0.6527518987263183,0,staged_v3,0.25272781338684575,2,1.0765004057413086,0.25427556986148303,2,1,0,0
v3_torso_proxy:v3_right_forearm_proxy,119,0.037859778917807604,0.3788812782291373,0.8371347026606325,0.06965971219437865,0.6692379627083529,FLAT,0.0,1,0.022226246166538597,0.008779183745123448,0.037008627279574095,SUPPORT,0.44901192498355263,0.018071247618855257,0.0457429329791975,0.15779617391662315,0.8371347026606325,0.03510785744584677,0,ok,0.028770490767663998,0.8928876946296629,FLAT,0.0,-1,0.007653037511657776,0.011060518811372183,0.11028455249537726,UNLOADING,0.3621201111350478,0.019453708813396683,0.03096441871697199,-2.500000000000002,-0.0018944063911456865,0.6508574923351726,0,staged_v3,0.1262395444457357,2,1.06375996304682,0.12636142718947746,2,0,0,0
v3_torso_proxy:v3_right_forearm_proxy,120,0.040524623471587855,0.5788812782291375,0.703309439871105,0.06054242945918808,0.6564381316088056,FLAT,0.0,1,0.02136649528579122,0.012972980117517845,0.028775925615484886,SUPPORT,0.4492095399868421,0.0134658161632564,0.041223932180175366,0.13257070616996494,0.703309439871105,0.0353044000566108,0,ok,0.024986625144977584,0.8826421440506319,FLAT,0.0,-1,0.014631245545439391,0.001337215721847103,0.1098520186182201,SUPPORT,0.40254139618557055,0.029155385209063904,0.02274359650025963,-2.500000000000002,-0.0028944063911456874,0.647963085944027,1,staged_v3,0.13684901069873673,2,1.0365412699991559,0.13388250808589272,2,1,0,0
v3_torso_proxy:v3_right_forearm_proxy,121,0.6359971091291128,0.3788812782291373,1.0000000000000002,0.09259953273100287,0.6657266920482555,FLAT,0.0,1,0.00550535496596714,0.061887581761737004,0.05108976729576145,SUPPORT,0.44936763198947366,0.00044239085457715294,0.02711209751021092,0.18849555921538763,1.0000000000000002,0.05691741743914544,0,ok,0.007128179255318579,0.8899430688845185,FLAT,0.0,-1,0.004718245468066459,0.010517128115881513,0.1094780973944801,SUPPORT,0.44550820574133476,0.019956776753842494,0.026842205618601706,2.500000000000002,-0.0018944063911456865,0.6460686795528813,0,staged_v3,0.26716913024505734,2,1.034542250618172,0.21114094776457695,2,0,0,0
v3_pelvis_proxy:v3_right_hand_proxy,122,1.0,0.17888127822913713,0.8895827058303335,0.02902814448655261,0.6731626537678078,FLAT,0.0,1,0.00805506108252954,0.018971292959960192,0.06720610999563008,UNLOADING,0.38517225599097743,0.009389012539821315,0.024788798478268644,0.16768238960382637,0.8895827058303335,0.04472699463841026,0,ok,0.14228619223134356,0.898659894302567,FLAT,0.0,-1,0.00413641722975546,0.03507719516714237,0.1092059147353633,SUPPORT,0.5132895757420113,0.0011887893759499404,0.029271506360818225,2.500000000000002,-0.0008944063911456857,0.6451742731617356,0,staged_v3,0.2927849619575705,2,0.9999109966203538,0.292068706110074,2,1,1,1
v3_pelvis_proxy:v3_right_hand_proxy,123,0.650756835937499,0.021118721770863047,0.6507552864970287,0.11993508649017522,0.6835684253021362,FLAT,0.0,1,0.0033525436720388256,0.03571291579142281,0.07879562486017685,UNLOADING,0.3980435834650799,0.0015531025636400693,0.027386678679368774,0.12266448164062721,0.6507552864970287,0.009992829791737538,0,ok,0.16093934181192654,0.9093292520652932,FLAT,0.0,-1,0.003240807297823182,0.05046002936390452,0.08066496816878477,SUPPORT,0.5042482077788668,0.023979558605001793,0.005053689803437446,2.500000000000002,0.00010559360885431524,0.6452798667705899,1,staged_v3,0.2877780471777072,2,0.9531713283933697,0.2692987923240997,2,0,1,1
v3_pelvis_proxy:v3_right_hand_proxy,124,0.2711181640625,0.22111872177086322,0.2711181640625,0.08367965584192257,0.6851536159410718,FLAT,0.0,1,0.009692173561966158,0.050850824270570125,0.08701415824105202,UNLOADING,0.34118021439863994,0.0,0.03681959491998248,0.05110456994841014,0.2711181640625,0.028619574721442206,0,ok,0.1041382229522293,0.9178614293848342,FLAT,0.0,-1,0.004805528420453222,0.02445335529521968,0.06020060141820652,SUPPORT,0.49649846381045726,0.027246508590196093,0.0007635214807142363,2.500000000000002,0.0011055936088543161,0.6463854603794442,1,staged_v3,0.31334939011421276,2,1.0177824891414144,0.2713086677685235,2,0,1,1
v3_torso_proxy:v3_left_hand_proxy,125,0.9999999999999999,0.4211187217708634,0.9999930139318021,0.14050887198458595,0.6851655702333993,FLAT,0.0,1,0.011327866952042727,0.02741395580762325,0.0929126319039986,UNLOADING,0.2924401837702628,0.019933471004650375,0.009712160590549555,0.1884942423725559,0.9999930139318021,0.054973334672139496,0,ok,0.22113911743184464,0.9195276715571499,FLAT,0.0,-1,0.008105203163047999,0.050322834821859674,0.045418691791801385,SUPPORT,0.48985582612324907,0.0,0.03916119721982739,2.500000000000002,0.002105593608854317,0.6484910539882985,0,staged_v3,0.2654743314227849,2,1.041511958830815,0.1673898239582379,2,0,1,1
v3_torso_proxy:v3_left_hand_proxy,126,0.33770751953124933,0.6211187217708636,0.33770751953125,0.15278400462787942,0.6908517525115645,FLAT,0.0,1,0.0045261324560622,0.0016949688419746175,0.09712625542629721,UNLOADING,0.2506630146602253,0.028161343929340246,0.003076313888492458,0.0636563677452844,0.33770751953125,0.06266039447378852,0,ok,0.2116768587685347,0.9260766875936899,FLAT,0.0,-1,0.0030014003084671663,0.05565547838632866,0.03469512255367227,SUPPORT,0.48416213667707064,0.0,0.03494469142625949,2.500000000000002,0.003105593608854318,0.6515966475971529,1,staged_v3,0.2915595326845839,2,0.998661809971118,0.29279755398568663,2,1,1,1
v3_torso_proxy:v3_left_hand_proxy,127,0.9989624023437508,0.8211187217708638,0.6814336943245346,0.05821929183506242,0.6835218381027811,FLAT,0.0,1,0.01490626139800597,0.02424755558038033,0.09969565567498374,UNLOADING,0.2148540125659074,0.0057372272033688575,0.038983951001756445,0.12844722527991065,0.6814336943245346,0.0626616151126314,0,ok,0.053712708618730336,0.9157209773849,FLAT,0.0,-1,0.014704762637151,0.03189076299217396,0.027484243627028976,SUPPORT,0.47928183143748915,0.023906875038900155,0.0024673371424512947,2.500000000000002,0.004105593608854319,0.6557022412060072,1,staged_v3,0.132999839305342,2,1.0248203073398752,0.132999839305342,2,1,1,1
v3_torso_proxy:v3_left_hand_proxy,128,0.9785032179112824,0.6211187217708636,0.9942949923301612,0.1316511321457359,0.6879714411065072,FLAT,0.0,1,0.008095865754130962,0.020738316729270203,0.10166220751665914,SUPPORT,0.2618832100527259,0.009344793646562755,0.04784196870261191,0.18742019060433326,0.9942949923301612,0.02820261071211988,0,ok,0.09545055521931141,0.914735882168051,FLAT,0.0,-1,0.008777359978388152,0.025660890375371927,0.022796336626301796,SUPPORT,0.47509871266070497,0.0021571720868588315,0.023982644744456258,-2.500000000000002,0.003105593608854318,0.6588078348148615,0,staged_v3,0.1656213271364102,2,1.0242696308709638,0.12208800002315119,2,0,0,0
v3_torso_proxy:v3_left_hand_proxy,129,0.06648621259580806,0.4211187217708634,0.8050818432820032,0.08301577626875863,0.6926796064022369,FLAT,0.0,-1,0.004434408932677436,0.019685138674663222,0.10431888161076369,UNLOADING,0.2244713229023365,0.010530805405874963,0.052359416914864676,0.15175435226359624,0.8050818432820032,0.02909083542329749,0,ok,0.06500146192469167,0.9170550136080573,FLAT,0.0,-1,0.007748675453864674,0.017097793919551775,0.04769612146863564,UNLOADING,0.40722746799488996,0.010287012153880008,0.036851795678107306,-2.500000000000002,0.002105593608854317,0.6609134284237158,0,staged_v3,0.19322790401698886,2,0.9982012689604975,0.1764913243803196,2,0,0,0
v3_torso_proxy:v3_left_forearm_proxy,130,0.07483225180021148,0.22111872177086322,0.9103211704168176,0.06660812688705547,0.6970918168533908,FLAT,0.0,-1,0.0008975934755467442,0.023069227038294744,0.07959851566059302,UNLOADING,0.19822465324327787,0.005910698744734908,0.05564310819653874,0.1715914980833242,0.9103211704168176,0.038205105445759766,0,ok,0.03986841842406706,0.9078063131454792,FLAT,0.0,-1,0.009273006725144198,0.02019872434037216,0.037190639122851414,UNLOADING,0.3720901153613124,0.006660807615770415,0.04024091925197856,-2.500000000000002,0.0011055936088543161,0.6620190220325701,0,staged_v3,0.1322604821033203,2,0.9749091490943536,0.13220855635344753,2,0,0,0
v3_torso_proxy:v3_left_forearm_proxy,131,0.030448063937348276,0.021118721770863047,0.9076983530529037,0.06059217706290033,0.7011239078470466,FLAT,0.0,-1,0.004733815212655365,0.024556944017220625,0.06198716774047123,UNLOADING,0.18583559805714292,0.003542414369802939,0.05698302898069318,0.17109710865759342,0.9076983530529037,0.04739162180941957,0,ok,0.03105164824726548,0.906524188929069,FLAT,0.0,-1,0.01160269907850996,0.021691617097020457,0.02966313208941683,UNLOADING,0.3908277194553299,0.004791539507450385,0.041743835188311804,-2.500000000000002,0.00010559360885431524,0.6621246156414244,0,staged_v3,0.1336088558450218,2,0.9609226680267251,0.13424140404532184,2,0,0,0
v3_torso_proxy:v3_right_forearm_proxy,132,0.022167148232437865,0.17888127822913713,0.73553674787034,0.07073956425591882,0.6981466661137072,FLAT,0.0,-1,0.005430778507831859,0.012072904416488187,0.04944348434119794,SUPPORT,0.23866847844571434,0.015399269800571713,0.04756844067757862,0.13864541061328728,0.73553674787034,0.04946295340266468,0,ok,0.0233996823332105,0.8893434867946691,FLAT,0.0,-1,0.013622519344085078,0.01326295574613513,0.024296752424884133,SUPPORT,0.4306718833954778,0.012951881875109077,0.03629198166834424,-2.500000000000002,-0.0008944063911456857,0.6612302092502788,0,staged_v3,0.125037885305857,2,0.9552829887169919,0.12227114793366613,2,0,0,0
v3_torso_proxy:v3_right_forearm_proxy,133,0.017599989006780073,0.3788812782291373,0.595584825798048,0.07139871946160221,0.7029596569139872,FLAT,0.0,-1,0.003901384041566708,0.007264013295040162,0.06881760448389487,SUPPORT,0.28093478275657147,0.021176866929154582,0.042634421897850966,0.11226509479900226,0.595584825798048,0.04888093215623282,0,ok,0.022975563477641885,0.8917084247900913,FLAT,0.0,-1,0.010239309367899503,0.009537780531558213,0.04898608326642361,SUPPORT,0.4807827678951233,0.01791152363176297,0.03246254623137734,-2.500000000000002,-0.0018944063911456865,0.6593358028591331,0,staged_v3,0.12043331361986369,2,0.9541447556738123,0.11965784218558899,2,0,0,0
v3_torso_proxy:v3_right_forearm_proxy,134,0.006681523723655628,0.5788812782291375,0.46741672168479537,0.07117682402323514,0.6976552417273902,FLAT,0.0,-1,0.01153267327234979,0.00507991216387125,0.0826385683129324,SUPPORT,0.31474782620525715,0.024052016251775374,0.04031304114785155,0.08810597634059869,0.46741672168479537,0.04828955531340062,0,ok,0.022916968842898247,0.8827111829643087,FLAT,0.0,-1,0.018514228138843722,0.006169238624036345,0.06657721454318676,SUPPORT,0.5180476098844397,0.022159622103122997,0.028992131432081795,-2.500000000000002,-0.0028944063911456874,0.6564413964679874,0,staged_v3,0.12290134391257683,2,0.9547929165252395,0.12023520354314429,2,0,0,0
v3_pelvis_proxy:v3_left_hand_proxy,135,0.15808105468750003,0.3788812782291373,0.15808105468749997,0.047058099459839055,0.6982621217659213,FLAT,0.0,-1,0.004791583109315224,0.006494109329444116,0.09242575067817571,SUPPORT,0.34179826096420574,0.023127178204464673,0.04235544543079582,0.029797576804678576,0.15808105468749997,0.04332110804174738,0,ok,0.04952325959084141,0.8693260189227325,FLAT,0.0,-1,0.021267990790384352,0.001238479229401378,0.0790664024312463,SUPPORT,0.5442177337393697,0.02771484089216094,0.023891973416100356,2.500000000000002,-0.0018944063911456865,0.6545469900768417,1,staged_v3,0.20282882592674115,2,0.9793969471987721,0.18203621343106446,2,0,1,1
v3_pelvis_proxy:v3_left_hand_proxy,136,0.6838526836139611,0.5788812782291375,1.0000000000000002,0.06857188396775366,0.6876200201483827,FLAT,0.0,-1,0.018683917940615625,0.018224248196824017,0.0992151477516949,SUPPORT,0.3634386087713646,0.020453065233386268,0.009507692154198479,0.18849555921538763,1.0000000000000002,0.011883744448669672,0,ok,0.04378039043925644,0.8758236035455332,FLAT,0.0,-1,0.013359629899804605,0.021656115209395727,0.08801529659667989,SUPPORT,0.5307580574908883,0.0077446496204382695,0.04663017228806711,-2.500000000000002,-0.0028944063911456874,0.651652583685696,0,staged_v3,0.2603362255052981,2,0.9677056616283696,0.163394866690711,2,0,0,0
v3_pelvis_proxy:v3_left_hand_proxy,137,0.22088623046874997,0.3788812782291373,0.2208861354075384,0.03961599069332951,0.6647321086306008,FLAT,0.0,-1,0.031307196241707226,0.01961276509258702,0.1023655552663425,SUPPORT,0.38075088701709164,0.02715626420353255,0.0029620135597845767,0.04163605561656978,0.2208861354075384,0.009990054017325459,0,ok,0.07129734450826795,0.8679779839694611,FLAT,0.0,-1,0.02127130656825551,0.022203633250232023,0.09372035660035843,SUPPORT,0.5192211921350471,0.0074823845797859015,0.05251083019695391,2.500000000000002,-0.0018944063911456865,0.6497581772945503,1,staged_v3,0.24093245406348,2,0.9764567941336756,0.24093245406348,2,1,1,1
v3_pelvis_proxy:v3_left_hand_proxy,138,0.0,0.17888127822913713,0.0,0.055955451418325475,0.6580080488427005,FLAT,0.0,-1,0.01983008980958711,0.018718358701441333,0.10395992869483558,SUPPORT,0.39460070961367333,0.028130389266102892,0.002067607168638891,0.0,0.0,0.009990054017325452,0,ok,0.07567259135613938,0.8781530016876506,FLAT,0.0,-1,0.009783052758741664,0.021309226859086337,0.09785917895969641,SUPPORT,0.509332450401469,0.008583732088898486,0.05161642380580823,2.500000000000002,-0.0008944063911456857,0.6488637709034046,1,staged_v3,0.23388265784190485,2,0.994782381174138,0.12223226287013794,2,0,1,1
v3_pelvis_proxy:v3_left_hand_proxy,139,0.00012207031249992783,0.021118721770863047,0.0001220703125000246,0.0793076121818103,0.6572888149091982,FLAT,0.0,-1,0.015955261178846436,0.01882329397112166,0.10445514883780821,SUPPORT,0.4056805676909387,0.02804898879313019,0.002173768648760223,2.3009711818289258e-05,0.0001220703125000246,0.009990007750446436,0,ok,0.08926508116075636,0.8883796947366589,FLAT,0.0,-1,0.008911855822214895,0.021417673866128376,0.10086709249176794,SUPPORT,0.500856386058402,0.008625680758460024,0.05172080445593155,2.500000000000002,0.00010559360885431524,0.648969364512259,1,staged_v3,0.23850411630966326,2,0.9805562565596462,0.13623158714214545,2,0,1,1
v3_pelvis_proxy:v3_left_hand_proxy,140,0.7009480259486329,0.17888127822913713,0.9999922226759004,0.0999069234330872,0.6632030929743076,FLAT,0.0,-1,0.011413859806481531,0.005282806230918644,0.10483637711712783,SUPPORT,0.41454445415275093,0.02495901262493775,0.032001316395326315,0.18849409322433225,0.9999922226759004,0.01146624646135775,0,ok,0.09295499566137837,0.8931215929601082,FLAT,0.0,-1,0.01122903424512372,0.009470788687990775,0.10302233857282674,UNLOADING,0.4293054737643446,0.020680328240650567,0.01231612933818849,-2.500000000000002,-0.0008944063911456857,0.6480749581211133,0,staged_v3,0.23882015249832395,2,0.9686596328811502,0.14950887126516627,2,0,0,0
v3_pelvis_proxy:v3_left_hand_proxy,141,0.07604980468750007,0.021118721770863047,0.07604980468750001,0.1374251500180299,0.679162759262244,FLAT,0.0,-1,0.0010105036252987972,0.00015519571568676106,0.07676267017311544,SUPPORT,0.42163556332220076,0.028682937792969012,0.03249154352383994,0.014335050462791321,0.07604980468750001,0.010564649742349635,0,ok,0.07086931443653109,0.9074083632067601,FLAT,0.0,-1,0.004461939775737592,0.013200080017004316,0.10457367453114724,UNLOADING,0.3679761203694382,0.019744172040468445,0.010484511686088917,2.500000000000002,0.00010559360885431524,0.6481805517299676,1,staged_v3,0.2680769499576483,2,0.8981331826878868,0.26284867747451474,2,1,1,1
v3_pelvis_proxy:v3_left_hand_proxy,142,0.03430175781250005,0.22111872177086322,0.03430175781249999,0.17543548524355101,0.6784897409549289,FLAT,0.0,-1,0.010378578979716493,0.000178637633549931,0.05698174864060715,SUPPORT,0.42730845065776063,0.027670449798480427,0.035970939805960445,0.006465729020937977,0.03430175781249999,0.011038994298865193,0,ok,0.0552322390283124,0.9052714224469891,FLAT,0.0,-1,0.010378578979716493,0.012508564876739632,0.10574166378686603,UNLOADING,0.33091958005118066,0.022025514012581085,0.008261569176762221,2.500000000000002,0.0011055936088543161,0.6492861453388219,1,staged_v3,0.25504454730817994,2,0.9200740297878693,0.25504454730817994,2,1,1,1
v3_pelvis_proxy:v3_left_hand_proxy,143,0.05267333984375,0.4211187217708634,0.052673339843750014,0.18274176398154812,0.6803131382059698,FLAT,0.0,-1,0.0110486787413086,0.0002813296551517465,0.0434569613101793,SUPPORT,0.4318467605262085,0.02689151841035722,0.039702755549253996,0.009928690649589816,0.052673339843750014,0.011738853949148045,0,ok,0.02287358355032461,0.9069095879282851,FLAT,0.0,-1,0.01154759851421652,0.01498195748927049,0.1065899514007802,SUPPORT,0.35473566404094453,0.021051072912751878,0.009278424657287135,2.500000000000002,0.002105593608854317,0.6513917389476762,1,staged_v3,0.25872403847943476,2,0.9310574279505925,0.25872403847943476,2,1,1,1
v3_pelvis_proxy:v3_left_hand_proxy,144,0.07745361328124989,0.6211187217708636,0.07745361328125,0.20078248605692497,0.6910196789782768,FLAT,0.0,-1,0.002851416207394859,0.0005589663239633372,0.06211289666169713,UNLOADING,0.3701543661653216,0.02754667850912152,0.04670918456962679,0.014599662148701592,0.07745361328125,0.012760434537298145,0,ok,0.01914590810850764,0.8985659958893446,FLAT,0.0,-1,0.01628237560521313,0.017646480361085362,0.1079642322784953,SUPPORT,0.41382733073553984,0.02068354864286975,0.009714662971055017,2.500000000000002,0.003105593608854318,0.6544973325565305,1,staged_v3,0.25888364112299084,2,0.9346272126282865,0.25888364112299084,2,1,1,1
v3_pelvis_proxy:v3_left_hand_proxy,145,0.26428222656250006,0.8211187217708638,0.2642822265625,0.17434744451073977,0.690826577222013,FLAT,0.0,-1,0.0081830364971754,0.002493990685694559,0.07548045846910008,UNLOADING,0.3172751709988471,0.02628003223776045,0.04664491406109199,0.0498160260865862,0.2642822265625,0.01622892161217522,0,ok,0.08595709257553473,0.904297382184881,FLAT,0.0,-1,0.009809756100949217,0.03442794470756301,0.08362792654675638,SUPPORT,0.474192999081907,0.025148824034033065,0.004032572293304758,2.500000000000002,0.004105593608854319,0.6586029261653848,1,staged_v3,0.25415636982750756,2,0.9449017057421241,0.25415636982750756,2,1,1,1
v3_pelvis_proxy:v3_left_hand_proxy,146,0.37451703198904757,0.6211187217708636,0.8455390539506016,0.13636095399937373,0.697473282471776,FLAT,0.0,-1,0.005166678731500373,0.019912630168983564,0.08505873505013466,UNLOADING,0.27195014657044037,0.00934030658352317,0.05230202562004871,0.15938035681286844,0.8455390539506016,0.03353421788662048,0,ok,0.06131480055121028,0.9100604549510344,FLAT,0.0,-1,0.0064627633199042115,0.004190648664184987,0.06607180056120278,SUPPORT,0.4707368563559203,0.024112941363875155,0.02507941152655591,-2.500000000000002,0.003105593608854318,0.6617085197742392,0,staged_v3,0.13502044829346013,2,0.9628514087814161,0.1348156694521023,2,0,0,0
v3_pelvis_proxy:v3_left_hand_proxy,147,0.21426422570288747,0.4211187217708634,0.2813499137761401,0.11943824220280101,0.6941490258413817,FLAT,0.0,-1,0.011600035862160409,0.02236330475859315,0.09192187012178159,UNLOADING,0.23310012563180604,0.00723278874749593,0.054784119339335156,0.05303320933243461,0.2813499137761401,0.040588779676482306,0,ok,0.04960636409622829,0.9089281922319916,FLAT,0.0,-1,0.011598881521990862,0.00879168930177459,0.053526062734657896,SUPPORT,0.46777444830507453,0.018884613834958305,0.03140525951171061,-2.500000000000002,0.002105593608854317,0.6638141133830935,0,staged_v3,0.13169088825664027,2,0.9654156166036616,0.13205310009371476,2,0,0,0
v3_pelvis_proxy:v3_left_hand_proxy,148,0.10542432280345253,0.22111872177086322,0.19306728439460233,0.10150285857741354,0.6997864957597114,FLAT,0.0,-1,0.002927782715162858,0.025762939496450924,0.0968395212893137,UNLOADING,0.19980010768440518,0.004079036568014761,0.057992368772933914,0.036392325738156844,0.19306728439460233,0.04230546323478264,0,ok,0.033649663987071296,0.9187959203761482,FLAT,0.0,-1,0.003996542462924946,0.011195855744071233,0.04454685818861465,SUPPORT,0.4652352414043496,0.0160314871653595,0.034138867835353234,-2.500000000000002,0.0011055936088543161,0.6649197069919478,0,staged_v3,0.13130832753204982,2,0.968234582642142,0.13225902943449486,2,0,0,0
v3_pelvis_proxy:v3_left_hand_proxy,149,0.060689221418972795,0.021118721770863047,0.08235369379892649,0.08399789734870722,0.6938076871349343,FLAT,0.0,-1,0.013827925271534782,0.02623083585305453,0.10036317232533021,UNLOADING,0.17125723515806157,0.0037873227632119824,0.05856291116735785,0.015523305566081447,0.08235369379892649,0.0426634793147557,0,ok,0.021169417606865106,0.9151368186718296,FLAT,0.0,-1,0.008812769871760244,0.012566372382741359,0.038099515978942414,SUPPORT,0.48411794230619637,0.014338603416205763,0.0353605392460735,-2.500000000000002,0.00010559360885431524,0.6650253006008021,0,staged_v3,0.13286918155933364,2,0.970770245985865,0.13196004663938377,2,0,0,0
v3_pelvis_proxy:v3_left_hand_proxy,150,0.024827483270029153,0.17888127822913713,0.11778663570082158,0.06671562273634221,0.6814372440268817,FLAT,0.0,-1,0.018539996662473385,0.02718010996860064,0.10182797732827148,UNLOADING,0.14679191584976706,0.002911288897812933,0.05937169122072399,0.0222022577645255,0.11778663570082158,0.04261808845027375,0,ok,0.02247549772154675,0.908231261635405,FLAT,0.0,-1,0.012852714177308423,0.012532190827053254,0.03344926886870548,SUPPORT,0.5340519086641013,0.01414027261638202,0.035453200018063874,-2.500000000000002,-0.0008944063911456857,0.6641308942096564,0,staged_v3,0.13337410991101517,2,0.972755105879156,0.1336122455792,2,0,0,0
v3_pelvis_proxy:v3_left_hand_proxy,151,0.10375850023632789,0.3788812782291373,0.5320008489339959,0.07139453395654462,0.6852428966747053,FLAT,0.0,-1,0.009344376739363489,0.011628929977466021,0.10291501212816143,SUPPORT,0.20743353267981365,0.01851682062894205,0.04695085674096125,0.1002797975228745,0.5320008489339959,0.04208627863410107,0,ok,0.02232047107327072,0.8950948563468872,FLAT,0.0,-1,0.021672283035063855,0.013481459484068446,0.030117221212315432,SUPPORT,0.5691032106301703,0.013024401576547329,0.03643441853518915,-2.500000000000002,-0.0018944063911456865,0.6622364878185107,0,staged_v3,0.12364198540211847,2,0.9742139547557586,0.12070509256822298,2,0,0,0
v3_pelvis_proxy:v3_left_hand_proxy,152,0.0071709228643742065,0.5788812782291375,0.14121482150660594,0.07211199631491919,0.6868289302201916,FLAT,0.0,-1,0.011061207424438294,0.006391012170384177,0.10358001840401221,SUPPORT,0.25594682614385095,0.023787988749816434,0.04165583802522081,0.026618366749388833,0.14121482150660594,0.04182485829680627,0,ok,0.023176212648268784,0.8496734623162455,FLAT,0.0,-1,0.04338943228287428,0.010702937466614732,0.05427042823326837,SUPPORT,0.5869572325463703,0.017010583945048688,0.033389215502335694,-2.500000000000002,-0.0028944063911456874,0.6593420814273651,0,staged_v3,0.11912065781448897,2,0.9752131042463853,0.11828612514363811,2,0,0,0
v3_pelvis_proxy:v3_left_hand_proxy,153,0.5145472900011352,0.5246419547446646,0.6735839843749999,0.06405672341852006,0.6975917555638457,FLAT,0.0,-1,0.002618166848935467,0.01431394330946801,0.10405651622238737,SUPPORT,0.29475746091508076,0.01588888250165136,0.048419655091844566,0.1269675898132945,0.6735839843749999,0.009992194849692541,0,ok,0.0428693984312563,0.849224654212932,FLAT,0.0,-1,0.022146646569930536,0.022577373599854258,0.071639271908046,SUPPORT,0.5967575894252531,0.0060045899955480445,0.028275826156617667,0.6779915435559114,-0.002623209773723323,0.6567188716536417,1,staged_v3,0.15105275731305562,2,0.9970343999881144,0.13218225287116758,2,0,1,1
v3_pelvis_proxy:v3_left_hand_proxy,154,0.46330364532532814,0.7246419547446648,0.3343342498883635,0.07023596977546004,0.700849067043041,FLAT,0.0,-1,0.004095085298619989,0.006193811469610823,0.10581842723274694,SUPPORT,0.32580596873206463,0.024097109892026528,0.041355970638030426,0.06302052139756423,0.3343342498883635,0.013309473984176513,0,ok,0.023486110646483968,0.878251300249843,FLAT,0.0,-1,0.0009602806081686751,0.004292095450621596,0.08399409683671968,SUPPORT,0.5757922195073598,0.02490760939121439,0.02727312313158585,-2.500000000000002,-0.0036232097737233238,0.6530956618799184,0,staged_v3,0.1409884082063067,2,0.9888587860063263,0.1428603396585585,2,1,0,0
v3_pelvis_proxy:v3_left_hand_proxy,155,0.3093287295546428,0.5246419547446646,1.0,0.07140735124701257,0.6995225315582745,FLAT,0.0,-1,0.010521944744591751,0.03776486187712458,0.10864474525744787,SUPPORT,0.3506447749856517,0.0,0.03052811445343377,0.1884955592153876,1.0,0.01152558357786259,0,ok,0.16595184186826675,0.8875621603416812,FLAT,0.0,-1,0.010521944744592216,0.06343471364455298,0.09508949520321391,SUPPORT,0.5894623266967778,0.0009387220770292713,0.028815752683131426,2.500000000000002,-0.002623209773723323,0.6504724521061951,0,staged_v3,0.21460439121928276,2,0.9938807272302922,0.18670129106779432,2,0,0,0
v3_pelvis_proxy:v3_left_hand_proxy,156,1.0000000000000002,0.3246419547446644,0.9649441817645874,0.23512324187122505,0.7054471992312713,FLAT,0.0,-1,0.003698923484160993,0.03719018699278807,0.11066989061578515,SUPPORT,0.3705158199885214,0.0,0.0773857992891565,0.18188769315335052,0.9649441817645874,0.02494382974652687,0,ok,0.16060095815772907,0.8899618293397199,FLAT,0.0,-1,0.01402529383279555,0.011948579199250247,0.10301785919384064,UNLOADING,0.5052534228829524,0.018202313760441784,0.015824249803755575,2.500000000000002,-0.001623209773723322,0.6488492423324718,0,staged_v3,0.31194519038682433,2,0.9838703194986379,0.3136704099203348,2,1,1,1
v3_pelvis_proxy:v3_left_hand_proxy,157,0.10229492187500017,0.12464195474466422,0.102294921875,0.24804407208682133,0.7047720014253716,FLAT,0.0,-1,0.008073110951061828,0.038265077923576765,0.08377410173087592,SUPPORT,0.38641265599081714,0.0,0.07365967984165533,0.019282138503722512,0.102294921875,0.023465067691914934,0,ok,0.17053661268824555,0.8677955193116338,FLAT,0.0,-1,0.030397092830685257,0.0045515301664956105,0.10869878023475045,UNLOADING,0.43307436247110204,0.025883408845241915,0.011151932154895315,2.500000000000002,-0.0006232097737233211,0.6482260325587484,1,staged_v3,0.3987624643253495,2,0.9765270358509711,0.40030232929430687,2,1,1,1
v3_pelvis_proxy:v3_left_hand_proxy,158,0.3288687035413598,0.3246419547446644,0.9999992656552437,0.08664861267877108,0.7095567011023518,FLAT,0.0,-1,0.003649779341824341,0.030829264677856547,0.06450242687225595,SUPPORT,0.3991301247926537,0.0,0.05910180861061878,0.1884954207946621,0.9999992656552437,0.022287894678143537,0,ok,0.06261756088278327,0.8650008318044622,FLAT,0.0,-1,0.018779818927292396,0.014792745235568137,0.11276933803345977,UNLOADING,0.37120659640380177,0.021395713689755416,0.009242753211917573,-2.500000000000002,-0.001623209773723322,0.6466028227850251,0,staged_v3,0.1820123736904864,2,1.008518155339764,0.1596149571686702,2,0,0,0
v3_pelvis_proxy:v3_right_hand_proxy,159,0.3074149090944932,0.12464195474466422,1.0,0.17290040089563335,0.7031466563763953,FLAT,0.0,-1,0.009539675781736612,0.020103223590810116,0.05069366842885704,SUPPORT,0.40930409983412297,0.007431459830632738,0.0361399411005255,0.1884955592153876,1.0,0.06696905133442807,0,ok,0.17184672114667632,0.8841365123990463,FLAT,0.0,-1,0.0027918165082688766,0.04659697348455931,0.11583010317039301,SUPPORT,0.3869652771230414,0.008017646630462883,0.02277385852805677,2.500000000000002,-0.0006232097737233211,0.6459796130113018,0,staged_v3,0.25821830035435256,2,0.9768455819550181,0.2593011446558762,2,0,0,0
v3_pelvis_proxy:v3_left_hand_proxy,160,0.9999999999999999,0.07535804525533596,1.0000000000000002,0.14758383228614697,0.7004351473506947,FLAT,0.0,-1,0.009862704149417593,0.07905782562493752,0.0691461295866326,UNLOADING,0.35083208557210543,0.008787612904075991,0.01966969357525564,0.18849555921538763,1.0000000000000002,0.045932780787740435,0,ok,0.1769213152734638,0.891850481440074,FLAT,0.0,-1,0.009862704149417593,0.0286103551130222,0.11796533608214493,UNLOADING,0.3316845232483212,0.002287911691085047,0.0970691172671652,2.500000000000002,0.0003767902262766798,0.6463564032375785,0,staged_v3,0.4161153183536103,2,1.011700673474055,0.4176978110351979,2,1,1,1
v3_torso_proxy:v3_right_forearm_proxy,161,0.6316528320312502,0.27535804525533614,0.63165283203125,0.11502286350957511,0.6884181188156363,FLAT,0.0,-1,0.01963534934961161,0.0009105748088792257,0.05402102682070441,UNLOADING,0.3007285232248032,0.026790476532155997,0.008508642298181567,0.11906375380371377,0.63165283203125,0.0634039175583301,0,ok,0.13412619015582602,0.8794876295187274,FLAT,0.0,-1,0.02219549942876098,0.06068610045518025,0.09106224649667748,UNLOADING,0.2843014368913977,0.0,0.08387086325925197,2.500000000000002,0.0013767902262766807,0.6477331934638552,1,staged_v3,0.49931928572045087,2,0.965447306064181,0.5012407092959967,2,1,1,1
v3_pelvis_proxy:v3_right_hand_proxy,162,0.9972937786123091,0.07535804525533596,0.5955819326536463,0.07406967628522243,0.6637169817227978,FLAT,0.0,-1,0.03157780830009114,0.0075934712692686465,0.04193449690571833,UNLOADING,0.25822433979919734,0.01950325357601727,0.03890038142153249,0.11226454945413039,0.5955819326536463,0.03293889455705708,0,ok,0.01889217932193302,0.8344629522965924,FLAT,0.0,-1,0.046117189483547025,0.009760711264383333,0.06997802149782362,UNLOADING,0.2437700548622914,0.01873818981050785,0.030968018557918177,-2.500000000000002,0.0003767902262766798,0.6481099836901318,0,staged_v3,0.31756420288774473,2,0.981193543133255,0.317397291960574,2,1,0,0
v3_pelvis_proxy:v3_left_hand_proxy,163,0.32861328125,0.27535804525533614,0.3286085772668466,0.07946578174609745,0.6578240511334975,FLAT,0.0,-1,0.02238441476309905,0.01619818410744916,0.03237322594360472,SUPPORT,0.2965794718393579,0.010420477189731076,0.05127544237328362,0.06194125753488716,0.3286085772668466,0.03689302660884916,0,ok,0.01834370566434787,0.8218255203842313,FLAT,0.0,-1,0.03301371556949712,0.00011149174667269505,0.0520864280778446,SUPPORT,0.3300913535496616,0.02749282965721954,0.013567291252972607,2.500000000000002,0.0013767902262766807,0.6494867739164085,1,staged_v3,0.17965493003883598,2,1.0041747373920646,0.1622663110619077,2,0,1,1
v3_pelvis_proxy:v3_left_hand_proxy,164,0.5244814020088095,0.07535804525533596,0.9999790677873738,0.07874085225641282,0.6710852243631195,FLAT,0.0,-1,0.005553049671363802,0.007096092449214782,0.05383574555332163,SUPPORT,0.3272635774714863,0.020595694828451302,0.017501510782230566,0.188491613586263,0.9999790677873738,0.01019189597826256,0,ok,0.0477257881429053,0.8406039550108562,FLAT,0.0,-1,0.012892130293054386,0.03311018084982396,0.06740006026390762,SUPPORT,0.40111778159271094,0.0,0.030525034156180998,-2.500000000000002,0.0003767902262766798,0.6498635641426852,0,staged_v3,0.2126030961086966,2,0.9973625907978299,0.14120952859387173,2,0,0,0
v3_pelvis_proxy:v3_left_hand_proxy,165,0.040466308593749986,0.12464195474466422,0.040466103189833694,0.09590352487118797,0.6708432325128499,FLAT,0.0,-1,0.016174249102914113,0.007308135184356621,0.06803106669942817,SUPPORT,0.3518108619771891,0.02109341815061479,0.01549662792770049,0.007627680750035282,0.040466103189833694,0.009990287158201744,0,ok,0.026818247949840078,0.8578655839556768,FLAT,0.0,-1,0.010420344247601809,0.03285863546179871,0.07794710782793157,SUPPORT,0.41089422527416875,0.0,0.02992322672328538,-2.500000000000002,-0.0006232097737233211,0.6492403543689619,1,staged_v3,0.23979516747440568,2,1.000327528989291,0.2343742576577422,2,1,1,1
v3_pelvis_proxy:v3_right_hand_proxy,166,0.32379541852637955,0.3246419547446644,1.0,0.07098985509541669,0.6785950081284969,FLAT,0.0,-1,0.007707209418393716,0.006371482230693452,0.0778790677288246,UNLOADING,0.30155216740901924,0.02252247115574778,0.0387753102651777,0.1884955592153876,1.0,0.03851564284215149,0,ok,0.01968828623900782,0.8762624047328211,FLAT,0.0,-1,0.005760147172558281,0.0014194337263506935,0.08541458304292507,SUPPORT,0.44892726600024796,0.027851295425795564,0.023432821755544855,-2.500000000000002,-0.001623209773723322,0.6476171445952386,0,staged_v3,0.1290158008970002,2,0.9829419739635037,0.12735609745907214,2,0,0,0
v3_pelvis_proxy:v3_left_hand_proxy,167,1.0,0.12464195474466422,0.9999992511939553,0.17853084949381,0.6898236226346129,FLAT,0.0,-1,0.0038515960379984435,0.03134134334522766,0.0850437474088056,UNLOADING,0.2704842871085379,0.0,0.06500312807074901,0.18849541806877346,0.9999992511939553,0.010951335725933473,0,ok,0.19098996700886625,0.8964175953075602,FLAT,0.0,-1,0.003852739432081016,0.0305948350814534,0.062441039290759275,SUPPORT,0.5030882664046519,0.0,0.07285118150434682,2.500000000000002,-0.0006232097737233211,0.6469939348215152,0,staged_v3,0.21487356414190598,2,0.9979352654672313,0.21502249897908263,2,1,1,1
v3_pelvis_proxy:v3_right_hand_proxy,168,1.0,0.07535804525533596,1.0,0.15829139306839077,0.6978616453973882,FLAT,0.0,-1,0.003640512806939084,0.026847207433232878,0.09014039382040204,UNLOADING,0.23184367466446104,0.0026598122577872266,0.05837827662659127,0.1884955592153876,1.0,0.023406796245178267,0,ok,0.08324764738233979,0.9087373376726823,FLAT,0.0,-1,0.005411075772610505,0.03437127362262218,0.04601585855016602,SUPPORT,0.4955042283468445,0.00996500167135059,0.017335791256157713,2.500000000000002,0.0003767902262766798,0.6473707250477919,0,staged_v3,0.26209918009784683,2,0.9870055020184864,0.25484938013225283,2,0,1,1
v3_pelvis_proxy:v3_right_hand_proxy,169,0.45324707031250017,0.27535804525533614,0.4532470703125,0.1494806153185548,0.7051943188543071,FLAT,0.0,-1,0.002973422022866554,0.03384725718528122,0.09384599254604276,UNLOADING,0.1987231497123952,0.0,0.050804265918166905,0.08543505998129079,0.4532470703125,0.03515130414484377,0,ok,0.12940179846228758,0.918926850558408,FLAT,0.0,-1,0.005279940724237964,0.005249236946405774,0.034417737969913875,SUPPORT,0.48900362429729527,0.02147164995208992,0.023491253581669907,2.500000000000002,0.0013767902262766807,0.6487475152740686,1,staged_v3,0.4096182338012035,2,0.9854749153513792,0.41133778143019123,2,1,1,1
v3_pelvis_proxy:v3_right_hand_proxy,170,0.8289763101053044,0.07535804525533596,0.6764288696199711,0.10082193705317931,0.7143294681814846,FLAT,0.0,-1,0.0009252150474548546,0.009900317349434227,0.09653622491351502,UNLOADING,0.17033412832491016,0.019926493896241525,0.04252107109507827,0.12750383804844895,0.6764288696199711,0.03922423635018271,0,ok,0.025556802611633577,0.9351475517835003,FLAT,0.0,-1,0.0009252184374925393,0.0045723369335262465,0.02614238123858525,SUPPORT,0.48343167796911024,0.02173478212840302,0.027114588747420242,-2.500000000000002,0.0003767902262766798,0.6491243055003453,0,staged_v3,0.21995858063238907,2,0.9832234337662747,0.21376609591886797,2,0,0,0
v3_pelvis_proxy:v3_right_hand_proxy,171,0.15982953508256892,0.12464195474466422,0.3341072394874269,0.0843765172800877,0.7189079701100852,FLAT,0.0,-1,0.002391652298439811,0.006286362099375258,0.09846495691540248,UNLOADING,0.14600068142135156,0.02363688574639487,0.03880921658001752,0.06297773094509196,0.3341072394874269,0.04409148030730661,0,ok,0.01295890637949838,0.9395610215184164,FLAT,0.0,-1,0.003965188753871058,0.012434996627830833,0.020163392555419914,SUPPORT,0.5285350947266102,0.013573172999940163,0.029432049415046194,-2.500000000000002,-0.0006232097737233211,0.648501095726622,0,staged_v3,0.13488756235451968,2,0.9794241728471147,0.1286315091036838,2,0,0,0
v3_pelvis_proxy:v3_left_hand_proxy,172,0.13460611657375784,0.3246419547446644,0.31692926365805024,0.07018670275182651,0.7198955553585231,FLAT,0.0,-1,0.0034184397719425204,0.00838085501512231,0.10026483025134394,UNLOADING,0.12514344121830134,0.02163238649744489,0.04083439111725058,0.059739758784945196,0.31692926365805024,0.0427585385149421,0,ok,0.020341611188945393,0.9417064948269269,FLAT,0.0,-1,0.006779592821159259,0.0010967940185146368,0.016297876141552904,SUPPORT,0.5960632894675467,0.02471809978856301,0.02302577926339347,-2.500000000000002,-0.001623209773723322,0.6468778859528986,1,staged_v3,0.13046134271703824,2,0.9775294722102423,0.13046134271703824,2,1,0,0
v3_pelvis_proxy:v3_left_hand_proxy,173,0.6756693260291096,0.12464195474466422,1.0000000000000002,0.06988750360185544,0.7201147104264327,FLAT,0.0,-1,0.004614328926212342,0.02686571324462402,0.10156059131740508,SUPPORT,0.1901147529746411,0.011742473637186817,0.01833555592868344,0.18849555921538763,1.0000000000000002,0.01411809194152188,0,ok,0.010468684519899893,0.9456970777635364,FLAT,0.0,-1,0.004767829596786097,0.005374676840140887,0.013588247828142238,SUPPORT,0.6349605567774169,0.020304735551266228,0.04674961822554036,2.500000000000002,-0.0006232097737233211,0.6462546761791753,0,staged_v3,0.2606773852833275,2,0.9873369769478221,0.15925968238104313,2,0,0,0
v3_pelvis_proxy:v3_left_hand_proxy,174,0.14721679687500003,0.07535804525533596,0.14721675924112962,0.04430761440666198,0.7177998018473468,FLAT,0.0,-1,0.004116918881949127,0.03389131385259386,0.10226647678497824,SUPPORT,0.24209180237971287,0.0103778550384197,0.019735468800829215,0.027749705359033806,0.14721675924112962,0.01160383834689916,0,ok,0.04120616783964688,0.9491029195723666,FLAT,0.0,-1,0.005003241516272089,0.0030040575177956346,0.04006526564401478,SUPPORT,0.6823685317958191,0.023999205764405108,0.039958763624573526,2.500000000000002,0.0003767902262766798,0.646631466405452,1,staged_v3,0.24731862591967294,2,0.9930103545023782,0.24731862591967294,2,1,1,1
v3_pelvis_proxy:v3_left_hand_proxy,175,0.9999999999999999,0.27535804525533614,0.6394265402098829,0.12264400662185776,0.7229668421276212,FLAT,0.0,-1,0.001205230796288696,0.03825586926190766,0.10277226582417343,SUPPORT,0.2836734419037703,0.0,0.06678159457958004,0.1205290632740224,0.6394265402098829,0.01726534103760384,0,ok,0.07407957414338488,0.9575657628482003,FLAT,0.0,-1,0.0012052307962873564,0.014984467331325559,0.058946023786396934,SUPPORT,0.6501584650619319,0.017124701783449534,0.010822599405870315,2.500000000000002,0.0013767902262766807,0.6480082566317287,0,staged_v3,0.25087429915695564,2,1.0159221059630261,0.15230675932398363,2,0,1,1
v3_pelvis_proxy:v3_left_hand_proxy,176,0.2778320312500001,0.4753580452553363,0.27783203125000006,0.06565833712669762,0.7251739627926592,FLAT,0.0,-1,0.002296467511541432,0.045489448355490764,0.1031346795073018,UNLOADING,0.24314866448894598,0.0,0.058763731681322304,0.052370104098415804,0.27783203125000006,0.011705501294575364,0,ok,0.10517440866512173,0.9536626902260164,FLAT,0.0,-1,0.005812128580545386,0.021808769816624468,0.07228228694977577,SUPPORT,0.6215643986245131,0.026189834217724816,0.0024242801297639756,2.500000000000002,0.0023767902262766816,0.6503850468580054,1,staged_v3,0.19670650388093155,2,1.034526255663484,0.17956997616924794,2,0,1,1
v3_pelvis_proxy:v3_left_hand_proxy,177,1.0,0.27535804525533614,0.9595044956847468,0.051264997159019714,0.7274433575733492,FLAT,0.0,-1,0.001441000596494412,0.01953062230729588,0.1034363494583502,UNLOADING,0.2250236090852712,0.01064119516562163,0.044820017917202554,0.1808623364837748,0.9595044956847468,0.041081785641318896,0,ok,0.060376200548576696,0.9589508965360717,FLAT,0.0,-1,0.0014410005964930253,0.00852088795456838,0.05355937822647511,SUPPORT,0.5970551988210112,0.019157080956755376,0.019311978196992402,-2.500000000000002,0.0013767902262766807,0.651761837084282,0,staged_v3,0.12797016531186825,2,0.9715055140380446,0.12829776380743954,2,0,0,0
v3_pelvis_proxy:v3_right_hand_proxy,178,0.6891893321077691,0.07535804525533596,0.5166672449254375,0.05287175614598706,0.7280878200029239,FLAT,0.0,-1,0.0028527829844958983,0.010237711513078857,0.10367688595221472,UNLOADING,0.22563629874241428,0.01994613278453188,0.042667695228674224,0.09738948126049396,0.5166672449254375,0.04359236620078509,0,ok,0.039234885558904406,0.9537228214206436,FLAT,0.0,-1,0.008172992449983131,0.0045753754372950825,0.040190025798883894,SUPPORT,0.5760473132751525,0.022434125852649114,0.026892044296295124,-2.500000000000002,0.0003767902262766798,0.6521386273105587,0,staged_v3,0.14856503786000777,2,0.9816772507940149,0.13550788818195353,2,0,0,0
v3_pelvis_proxy:v3_right_hand_proxy,179,0.09517871520782124,0.12464195474466422,0.1497039023524231,0.0684287649892278,0.7228784685203012,FLAT,0.0,-1,0.008101524336759619,0.00598338233554813,0.10384663568359606,SUPPORT,0.2705090389939314,0.024208949448631674,0.03991545864862884,0.028218520790645768,0.1497039023524231,0.044037150511027134,0,ok,0.023736223060791893,0.9456838054137736,FLAT,0.0,-1,0.011074939561719566,0.002965597749006528,0.031074066736971294,SUPPORT,0.5644714523908418,0.02358810558784204,0.025583309048979878,-2.500000000000002,-0.0006232097737233211,0.6515154175368354,0,staged_v3,0.12144167142878119,2,0.9820406639411455,0.12144167142878119,2,1,0,0
v3_pelvis_proxy:v3_left_hand_proxy,180,0.07788085937499999,0.07535804525533596,0.0778808593750001,0.043690045445929186,0.7185416553616562,FLAT,0.0,-1,0.006621971966890696,0.00800082782132696,0.10395016601562629,SUPPORT,0.3064072311951451,0.022196680479454355,0.0404823201489587,0.014680196140065604,0.0778808593750001,0.03997042578770105,0,ok,0.04870686561176431,0.9431981692002929,FLAT,0.0,-1,0.006622155861834652,0.0010106480118394117,0.05497309505229207,SUPPORT,0.5938765636155349,0.026738006740775196,0.022353403834332826,2.500000000000002,0.0003767902262766798,0.6518922077631121,1,staged_v3,0.2253180931409787,2,1.012690145794293,0.15179172231176036,2,0,1,1
v3_pelvis_proxy:v3_left_hand_proxy,181,0.6464882269383837,0.12464195474466422,1.0,0.06665867020950315,0.7176578015307717,FLAT,0.0,-1,0.004162814096442905,0.017363769239462402,0.10406212944854984,SUPPORT,0.3351257849561161,0.020764143141047884,0.00943896333137961,0.1884955592153876,1.0,0.01036292896491657,0,ok,0.044122113926939294,0.9469448476004806,FLAT,0.0,-1,0.004895292488828965,0.025533957417467407,0.07201778864341402,SUPPORT,0.5733227688133156,0.0030669320147032955,0.04157770503949532,-2.500000000000002,-0.0006232097737233211,0.6512689979893888,0,staged_v3,0.26067323258844954,2,0.9929828302984973,0.15710010996941842,2,0,0,0
v3_pelvis_proxy:v3_left_hand_proxy,182,0.24261474609375003,0.07535804525533596,0.24261469338846478,0.046083876725921756,0.7212828200477301,FLAT,0.0,-1,0.0005080820191624597,0.024753808461156258,0.1042004883701975,SUPPORT,0.3581006279648929,0.02326836245225845,0.006941661966251429,0.04573179230412847,0.24261469338846478,0.009990064494528765,0,ok,0.06317134029186998,0.9526196960420035,FLAT,0.0,-1,0.0005080820191598256,0.02562165387845757,0.0842782773752982,SUPPORT,0.5557052304114134,0.0035922599903073435,0.045820697139913866,2.500000000000002,0.0003767902262766798,0.6516457882156654,1,staged_v3,0.23478700511545111,2,1.000451483992826,0.23478700511545111,2,1,1,1
v3_pelvis_proxy:v3_left_hand_proxy,183,1.0000000000000002,0.27535804525533614,0.9999954199690089,0.06808814826691051,0.7234794212229693,FLAT,0.0,-1,0.0019421429395620057,0.03526049289387968,0.10433938215192283,SUPPORT,0.3764805023719143,8.917246601076317e-05,0.03012779664158538,0.1884946958998847,0.9999954199690089,0.010808637871321108,0,ok,0.15390458805346427,0.9515375459791937,FLAT,0.0,-1,0.006725172708226745,0.06454665404183199,0.09306753517944663,SUPPORT,0.5406044832097829,0.0,0.036541986680469464,2.500000000000002,0.0013767902262766807,0.6530225784419421,0,staged_v3,0.21783377736866835,2,1.0048503098571533,0.11575045807060294,2,0,1,1
v3_pelvis_proxy:v3_left_hand_proxy,184,0.4459228515625,0.4753580452553363,0.44592285156250006,0.07966454001411578,0.7180082867854857,FLAT,0.0,-1,0.007218196657925807,0.0031471473871877024,0.10442579254466873,SUPPORT,0.39118440189753145,0.027074142240045736,0.02327052634700815,0.08405447727219373,0.44592285156250006,0.015743757568869005,0,ok,0.07951940713108724,0.9394392324457969,FLAT,0.0,-1,0.010521129361135965,0.04768787601892477,0.0994104556060603,UNLOADING,0.4633752713226711,0.02137993278243017,0.008590589997872846,2.500000000000002,0.0023767902262766816,0.6553993686682188,1,staged_v3,0.24825889698161202,2,0.9931523568467988,0.24909026295842296,2,1,1,1
v3_pelvis_proxy:v3_left_hand_proxy,185,0.3614501953125001,0.6753580452553365,0.3539815433488738,0.16365879849216303,0.7226426413864259,FLAT,0.0,-1,0.0015951133985299712,0.011051549311105972,0.07614098340733863,SUPPORT,0.40294752151802515,0.017755499859260962,0.03532918043595831,0.06672394896547193,0.3539815433488738,0.01976977967753267,0,ok,0.08779001902370484,0.9484079004118176,FLAT,0.0,-1,0.001595112230183377,0.03684758254308814,0.10395534199662235,UNLOADING,0.40685602781796765,0.027946800085622114,0.002250967014209006,2.500000000000002,0.0033767902262766825,0.6587761588944955,1,staged_v3,0.12153208922727265,2,0.9916034433737252,0.12037411932832982,2,1,1,1
v3_pelvis_proxy:v3_left_hand_proxy,186,0.9999999999999999,0.4753580452553363,1.0000000000000002,0.11922343577696079,0.7191190814154593,FLAT,0.0,-1,0.007865392814730757,0.13248706112909253,0.05585109329907364,SUPPORT,0.4123580172144201,0.0,0.045390291578660466,0.18849555921538763,1.0000000000000002,0.02723980554045345,0,ok,0.14629830091469706,0.9358513948255086,FLAT,0.0,-1,0.014554599432802138,0.10045609945297312,0.10714123507354426,UNLOADING,0.34873373812968655,0.0,0.06319079875819499,-2.500000000000002,0.0023767902262766816,0.6611529491207722,0,staged_v3,0.24782502795893227,2,1.0060522302113366,0.19341091111441028,2,0,1,1
v3_pelvis_proxy:v3_left_hand_proxy,187,1.0000000000000002,0.27535804525533614,0.7354725834367214,0.1390358228663789,0.7229259908294559,FLAT,0.0,-1,0.0009202744827985194,0.01583647797957212,0.041312760190875306,SUPPORT,0.41988641377153607,0.011229160029971649,0.028695041944748183,0.13863331590249062,0.7354725834367214,0.029655237396293735,0,ok,0.02540020077659885,0.9027823819437775,FLAT,0.0,-1,0.030009564232402617,0.0101189979267023,0.1077351306971736,UNLOADING,0.2989146326825885,0.020267758608156383,0.021189453098440336,-2.500000000000002,0.0013767902262766807,0.6625297393470488,0,staged_v3,0.2915917695424051,2,0.9964469352254821,0.2915917695424051,2,1,0,0
v3_pelvis_proxy:v3_left_hand_proxy,188,0.9999999999999999,0.4753580452553363,1.0,0.26422182359861685,0.7279074610290309,FLAT,0.0,-1,0.000695318787652354,0.0750150174987638,0.030952582607802405,SUPPORT,0.4259091310172289,0.0,0.0684183551250889,0.1884955592153876,1.0,0.046699258606158076,0,ok,0.24217492081779063,0.8935507360793256,FLAT,0.0,-1,0.018093677064726664,0.11057946126771714,0.10753859868388597,SUPPORT,0.36234600545613105,0.0075868861528145225,0.02279004378137978,2.500000000000002,0.0023767902262766816,0.6649065295733255,0,staged_v3,0.18816966918877126,2,0.9923233573383227,0.18816966918877126,2,1,1,1
v3_pelvis_proxy:v3_left_hand_proxy,189,0.9995261607581035,0.27535804525533614,0.8232248243114664,0.14485847646169092,0.7275062497374605,FLAT,0.0,-1,0.0031761034592903575,0.01846170072249637,0.05197389602368584,UNLOADING,0.36506496944333905,0.009136994078687923,0.03742330393488437,0.15517422361857908,0.8232248243114664,0.04224888343510001,0,ok,0.047176242149354446,0.9109560906916512,FLAT,0.0,-1,0.001430801606485348,0.018555167547820016,0.10762317119173019,UNLOADING,0.31058229039096946,0.011825991011766495,0.021089932726870875,-2.500000000000002,0.0013767902262766807,0.6662833197996022,0,staged_v3,0.24521403589962076,2,0.9689941036253328,0.24629832050341158,2,1,0,0
v3_pelvis_proxy:v3_left_hand_proxy,190,0.6127112140159405,0.07535804525533596,0.5684923199557894,0.126783405070315,0.7260684480148134,FLAT,0.0,-1,0.0038700821729681003,0.01405832993153536,0.03857849860993587,UNLOADING,0.31293539946615656,0.012870594998961433,0.046623645475993195,0.10715827775971959,0.5684923199557894,0.038989512970162954,0,ok,0.04102625832515323,0.9212395642253579,FLAT,0.0,-1,0.003870082172967443,0.017947633430349733,0.07922594541095068,UNLOADING,0.31811720962729206,0.011013663840197804,0.03631554950096422,-2.500000000000002,0.0003767902262766798,0.6666601100258789,0,staged_v3,0.2138991155333273,2,0.9813112989236227,0.21506980420865848,2,0,0,0
v3_pelvis_proxy:v3_left_hand_proxy,191,0.13266215136412537,0.12464195474466422,0.35296405501573536,0.09825501196528014,0.7198474005386122,FLAT,0.0,-1,0.008073495315303793,0.019928540476114986,0.028924230389412095,UNLOADING,0.2683914255790112,0.00651767104335562,0.05269285318534615,0.06653215693312187,0.35296405501573536,0.04311498866761207,0,ok,0.021547114361488835,0.9143618552697393,FLAT,0.0,-1,0.013458022950488802,0.020634501934318965,0.058395680819702186,UNLOADING,0.3423196987039039,0.007285282106666145,0.03984782953413695,-2.500000000000002,-0.0006232097737233211,0.6660369002521556,0,staged_v3,0.12307966463356279,2,0.9776756071751254,0.12499096533472491,2,0,0,0
v3_pelvis_proxy:v3_right_hand_proxy,192,0.05536915808518577,0.3246419547446644,0.2296351073510692,0.08633063866505242,0.7215817129042419,FLAT,0.0,-1,0.00400079821362603,0.01338289234144682,0.02200017042831282,SUPPORT,0.30471314046320896,0.012717116179968822,0.048922191918710216,0.043285197975625356,0.2296351073510692,0.045308720799197524,0,ok,0.011369623435235135,0.925910696567947,FLAT,0.0,-1,0.0039997902043510435,0.01473447046741691,0.043435213070307455,SUPPORT,0.42097182845252185,0.012437290186098463,0.03704790048184672,-2.500000000000002,-0.001623209773723322,0.6644136904784322,0,staged_v3,0.11964677094269356,2,0.977147734773852,0.11793630853064976,2,0,0,0
v3_pelvis_proxy:v3_right_hand_proxy,193,0.07627921949593819,0.5246419547446646,0.4212740681644237,0.06804398767689225,0.7156847021924493,FLAT,0.0,-1,0.008187770030842353,0.0211927880260925,0.045433493810528996,UNLOADING,0.2611826918256077,0.006078886664433951,0.05374689584321271,0.07940829106159436,0.4212740681644237,0.04533325396799012,0,ok,0.02157787815139167,0.9222398738163203,FLAT,0.0,-1,0.011220553913322726,0.009662101425158859,0.0609709839138365,SUPPORT,0.5012512501115891,0.018386447770532967,0.031917722807124065,-2.500000000000002,-0.002623209773723323,0.6617904807047089,0,staged_v3,0.12455366340899253,2,0.9784008909729522,0.1264466860933639,2,0,0,0
v3_pelvis_proxy:v3_right_hand_proxy,194,0.018281943953127194,0.7246419547446648,0.1957073714342861,0.06714590088672102,0.7179327874278039,FLAT,0.0,-1,0.0027382032784738415,0.019689145777928144,0.0623954487618273,UNLOADING,0.23896107219865592,0.008430626660163223,0.05233749222533953,0.03688997042107933,0.1957073714342861,0.04531555271962723,0,ok,0.022146758657902135,0.9307014661624017,FLAT,0.0,-1,0.0027382032784732916,0.006646129801171779,0.045198342550541566,SUPPORT,0.5485273901255386,0.020613787326355302,0.02887030998919839,-2.500000000000002,-0.0036232097737233238,0.6581672709309856,0,staged_v3,0.1294181090158877,2,0.9793423435411825,0.12913996206629502,2,0,0,0
v3_pelvis_proxy:v3_left_hand_proxy,195,0.01838535792657537,0.9246419547446649,0.16929136401499145,0.06730926271696552,0.7148977747679731,FLAT,0.0,-1,0.005255240555338243,0.015120841349705837,0.07440502385412481,UNLOADING,0.22039589526804043,0.013599409843000405,0.047937359966570586,0.03191067033034156,0.16929136401499145,0.045540004522024544,0,ok,0.022712218683658334,0.9284825182029103,FLAT,0.0,-1,0.009791989648421092,0.004091843356828028,0.03393512392938302,SUPPORT,0.5862584431241112,0.022604912839641125,0.026180625366360875,-2.500000000000002,-0.004623209773723325,0.6535440611572623,0,staged_v3,0.13043493215387147,2,0.979715332638745,0.12946766357437384,2,0,0,0
v3_pelvis_proxy:v3_left_hand_proxy,196,0.02729362035840513,1.0000000000000009,0.9334793256928644,0.0701698825407171,0.7172001071508438,FLAT,0.0,-1,0.0028751964240153463,0.004581791461136222,0.0834097569670427,SUPPORT,0.26631671621443237,0.024588696387215916,0.040009320558986046,0.1759567075124794,0.9334793256928644,0.04641611559973917,0,ok,0.027077531662909177,0.9322833443753358,FLAT,0.0,-1,0.0028830122822398312,0.017663812125072623,0.025850085193527713,SUPPORT,0.6167787998192753,0.008628692134603762,0.0377793637229354,-0.9419755656916995,-0.0050000000000000044,0.6485440611572623,0,staged_v3,0.15044497642973598,2,0.9805970783009108,0.12390486258562848,2,0,0,0
v3_pelvis_proxy:v3_left_hand_proxy,197,0.5509033203125002,0.4407226562499922,0.5509033203125,0.08707263358935212,0.720291269342836,FLAT,0.0,-1,0.0022849103254866366,0.018285279401972984,0.09030803270961252,SUPPORT,0.3030533729715459,0.011230122233507642,0.06284098843079873,0.1038428294359185,0.5509033203125,0.012549939865617012,0,ok,0.06714465851113274,0.9402931622893583,FLAT,0.0,-1,0.0022849103254891042,0.0014529350043463148,0.048411082637222796,SUPPORT,0.6268900795469291,0.025967619127514826,0.023388610189308795,6.990966796875108,-0.002203613281249961,0.6463404478760123,1,staged_v3,0.19607737891786606,2,1.0077277033544425,0.18423650841112463,2,0,1,1
v3_pelvis_proxy:v3_left_hand_proxy,198,0.5626344750963114,0.6407226562499924,0.528530925017433,0.06636423459823242,0.7164969949092531,FLAT,0.0,-1,0.008403076379428455,0.0070962736758736,0.09523007410699533,UNLOADING,0.25976003397561076,0.022665230029476166,0.04039803028000215,0.09962573227378713,0.528530925017433,0.018466314859555757,0,ok,0.028203217690714703,0.9339078391828277,FLAT,0.0,-1,0.010257304148621865,0.007920936294265844,0.06424107369792306,SUPPORT,0.6016200681830821,0.02029111739063031,0.027952705948893812,-2.500000000000002,-0.003203613281249962,0.6431368345947623,0,staged_v3,0.20783587927959696,2,0.9928388694551374,0.2090522300404609,2,1,0,0
v3_pelvis_proxy:v3_right_hand_proxy,199,0.44512939453124983,0.4407226562499922,0.44512939453125006,0.12295594290408318,0.7171160702241131,FLAT,0.0,-1,0.0049842247846321654,0.016508986311185483,0.09869393057913325,UNLOADING,0.23851038420598616,0.01342571021777118,0.0343760497455248,0.08390491414537488,0.44512939453125006,0.015116951417130438,0,ok,0.09420499756207004,0.9370152126159482,FLAT,0.0,-1,0.005148276966007635,0.013101229291395969,0.047343897156758075,SUPPORT,0.6111735562940532,0.02366128535082708,0.003705909507010827,2.500000000000002,-0.002203613281249961,0.6409332213135124,1,staged_v3,0.22858332579180415,2,1.0068149467089238,0.1917595779295478,2,0,1,1
v3_pelvis_proxy:v3_left_hand_proxy,200,0.12860107421875,0.030957192182534676,0.12860107421875,0.1107297152655916,0.7206783866830124,FLAT,0.0,-1,0.0026775506869458907,0.02286582477745414,0.10129775981092058,UNLOADING,0.20443747217655958,0.007199063213091893,0.036869277368898196,0.024240731400562848,0.12860107421875,0.02205704320570294,0,ok,0.07435590491135226,0.9453495646631227,FLAT,0.0,-1,0.0026787837520147787,0.0022736548048112497,0.03535843155622199,SUPPORT,0.5881487625377599,0.024494266772999852,0.0030769825973579754,5.122068300843218,-0.00015478596091267338,0.6407784353525997,1,staged_v3,0.29513610412195357,2,1.0526252717198552,0.23460415273715488,2,0,1,1
v3_pelvis_proxy:v3_left_hand_proxy,201,0.9999999999999999,0.1690428078174655,0.9999999541368972,0.17612194706831055,0.7177059827018425,FLAT,0.0,-1,0.007935551812294108,0.052212635670744946,0.10312154157069474,UNLOADING,0.17523211900847965,0.0,0.04629374226593411,0.1884955505703964,0.9999999541368972,0.01641622294112339,0,ok,0.23424508649476472,0.9443535156850554,FLAT,0.0,-1,0.007280875506275496,0.051897902022402395,0.027951048225266006,SUPPORT,0.5684132250323657,0.0,0.08382470158124586,2.500000000000002,0.0008452140390873275,0.641623649391687,0,staged_v3,0.3082559615104643,2,1.057616699789553,0.19350947276221392,2,0,1,1
v3_pelvis_proxy:v3_left_hand_proxy,202,0.8138778833978918,0.030957192182534676,0.8568340176210941,0.06775262833457737,0.7204606474269821,FLAT,0.0,-1,0.002022804377739827,0.013436171591444123,0.10442679341165151,UNLOADING,0.15019895915012543,0.016785168079138452,0.045767245379530544,0.1615094073062554,0.8568340176210941,0.022109877262794266,0,ok,0.03511380710738411,0.9501629597120143,FLAT,0.0,-1,0.002023353335423591,0.0017848814575845496,0.02245680403194829,SUPPORT,0.5514970500277421,0.02433795874401287,0.023094519922222966,-2.500000000000002,-0.00015478596091267338,0.6414688634307744,0,staged_v3,0.3174539730284887,2,1.0401853331191555,0.3174539730284887,2,1,0,0
v3_pelvis_proxy:v3_left_hand_proxy,203,0.3563899360429707,0.18906236947950905,0.818603515625,0.04864532190146436,0.7130230422547129,FLAT,0.0,-1,0.011146806087309006,0.001918542642471416,0.10517646597269088,SUPPORT,0.21015916732010034,0.02834028065616313,0.012484854645733293,0.15430312745341665,0.818603515625,0.012956464336327286,0,ok,0.05465895318927525,0.9475324244171696,FLAT,0.0,-1,0.007372084360070009,0.023776363142694216,0.018472683682311215,SUPPORT,0.5547865673317384,0.0021472710414213447,0.03338414630732695,-1.9763147162121797,-0.0009453118473975453,0.6405235515833768,1,staged_v3,0.33616196263459325,2,1.0383475416194354,0.28999146856558733,2,0,0,0
v3_pelvis_proxy:v3_left_hand_proxy,204,0.6884765625000002,0.010937630520491126,0.6884765624999999,0.15489385671328953,0.7030809467544998,FLAT,0.0,-1,0.01372726172272816,0.03345522745135789,0.10566534803350468,SUPPORT,0.2581273338560803,0.0,0.06394202491735321,0.12977477465512524,0.6884765624999999,0.016489950469990876,0,ok,0.09655845008803828,0.9454978205902673,FLAT,0.0,-1,0.008285075381569758,0.022855845989983612,0.0440264354262824,SUPPORT,0.5398170577129187,0.01984965336202684,0.00735166840928728,2.500000000000002,5.468815260245563e-05,0.6405782397359793,1,staged_v3,0.2771723227284106,2,1.0270981601444638,0.2786783856072552,2,1,1,1
v3_pelvis_proxy:v3_left_hand_proxy,205,1.0000000000000002,0.2109376305204913,1.0,0.10752840825637393,0.7098557095968554,FLAT,0.0,-1,0.0015527954191363142,0.06784292135152842,0.10603631641895547,UNLOADING,0.2212520004480688,0.009196527877617586,0.02110528794333019,0.1884955592153876,1.0,0.011693662859128914,0,ok,0.20240940420003936,0.9526948181249951,FLAT,0.0,-1,0.0015527901351377164,0.04915411715378229,0.0625011633267361,UNLOADING,0.4627003351825017,0.0,0.04076253760715622,2.500000000000002,0.0010546881526024565,0.6416329278885817,0,staged_v3,0.2926647986612882,2,1.0726195843194135,0.2866237880803817,2,0,0,0
v3_pelvis_proxy:v3_left_hand_proxy,206,0.5094604492187501,0.4109376305204915,0.50946044921875,0.06874351968015618,0.7056611204686252,FLAT,0.0,-1,0.009573159558654754,0.02120655298480694,0.07811560245795453,UNLOADING,0.19055571619676873,0.007699227138090788,0.02805609422562443,0.09603103227361086,0.50946044921875,0.025236863883626552,0,ok,0.13908068772393398,0.9486416270285347,FLAT,0.0,-1,0.004960836933175991,0.035726382478382765,0.04749842790920412,UNLOADING,0.39660029715588657,0.02519927442654274,0.002175646968917468,2.500000000000002,0.0020546881526024574,0.6436876160411842,1,staged_v3,0.44073850965534755,2,1.0146330925488145,0.4422071904514808,2,1,1,1
v3_pelvis_proxy:v3_right_hand_proxy,207,0.8267865462048418,0.2109376305204913,0.9985701805434941,0.0752242862958325,0.7093726545256518,FLAT,0.0,-1,0.001467711694458542,0.0049544871631421504,0.05810598016817292,UNLOADING,0.1777494858587153,0.022950811845266497,0.0377548504126305,0.18822604459735648,0.9985701805434941,0.04377700072082781,0,ok,0.01650090764884856,0.9511448108963678,FLAT,0.0,-1,0.001467711694458542,0.005928239390355809,0.036714371617778484,UNLOADING,0.34000020767683553,0.020907479190533117,0.026971044246552493,-2.500000000000002,0.0010546881526024565,0.6447423041937866,0,staged_v3,0.24516394389071855,2,1.0033262340133084,0.235447041386679,2,0,0,0
v3_pelvis_proxy:v3_left_hand_proxy,208,0.1276123029319385,0.4109376305204915,0.16870117187500014,0.07103520815201438,0.7018861200152168,FLAT,0.0,-1,0.013802216321750629,0.01039556592716711,0.0429052902101897,SUPPORT,0.23219958868697224,0.016749698583342378,0.03631653249828668,0.03179942173286937,0.16870117187500014,0.03807746264678774,0,ok,0.047779996208119034,0.9351704360733324,FLAT,0.0,-1,0.016803834404579086,0.002316719268301984,0.02793167613738126,SUPPORT,0.43504899484847537,0.024079864538567083,0.02510098150332571,2.500000000000002,0.0020546881526024574,0.6467969923463891,1,staged_v3,0.243229067063562,2,1.0264667053131662,0.22624671332417068,2,1,1,1
v3_pelvis_proxy:v3_left_hand_proxy,209,0.554727109444285,0.6109376305204917,0.9999752760706057,0.05952992138514366,0.700960279845986,FLAT,0.0,-1,0.008197878361361998,0.034729219823383214,0.05994014813780699,SUPPORT,0.2757596709495778,0.0012805182876532394,0.026716489119237113,0.1884908988644904,0.9999752760706057,0.011837416565885987,0,ok,0.03884515631037387,0.9280278202837967,FLAT,0.0,-1,0.00967662814863671,0.021121791565713782,0.049874018353090514,SUPPORT,0.4380391958787803,0.006371909351940746,0.027039826946674703,2.500000000000002,0.0030546881526024583,0.6498516804989916,0,staged_v3,0.25360016035209937,2,1.0075419357152957,0.16008258655562366,2,0,0,0
v3_pelvis_proxy:v3_left_hand_proxy,210,0.17541503906249997,0.8109376305204918,0.14151233510034933,0.024456829024527636,0.7049631925671291,FLAT,0.0,-1,0.0028784360909199134,0.03004828050238815,0.07220678903437822,SUPPORT,0.31060773675966225,0.0,0.030838827835040897,0.02667444674061567,0.14151233510034933,0.009990591704017338,0,ok,0.08070534013646372,0.9347017061852441,FLAT,0.0,-1,0.002878436090920023,0.0217182557960693,0.06572744921407275,SUPPORT,0.44594069200536307,0.0065681166646343395,0.03602631242848363,2.500000000000002,0.004054688152602459,0.653906368651594,1,staged_v3,0.22578467500814553,2,1.006069427816425,0.22578467500814553,2,1,1,1
v3_pelvis_proxy:v3_left_hand_proxy,211,0.6019896366670703,0.6109376305204917,0.7365683642202588,0.07877816244124008,0.7047113709950361,FLAT,0.0,-1,0.005999218975831602,0.00478412951814063,0.080963885361912,SUPPORT,0.3504548941230309,0.02426406474995497,0.040130800355004714,0.13883986571406098,0.7365683642202588,0.04170801735185771,0,ok,0.01869415453748773,0.9383290758714589,FLAT,0.0,-1,0.004007496178922731,0.020769732686080542,0.0770530531061587,UNLOADING,0.3822348788617398,0.008082919969227394,0.0402036225945105,-2.500000000000002,0.0030546881526024583,0.6569610568041965,0,staged_v3,0.11677622540582525,2,0.9912119528908436,0.11691275532447531,2,0,0,0
v3_pelvis_proxy:v3_left_hand_proxy,212,0.10987959257424335,0.4109376305204915,0.2826807415661925,0.07199544074553249,0.7059253010579783,FLAT,0.0,-1,0.0034994238837402656,0.005170458371060525,0.05904217215376343,SUPPORT,0.3703639152984247,0.02278165023662765,0.04080199591636169,0.05328406446093992,0.2826807415661925,0.04422221260419275,0,ok,0.027149150791846145,0.9394762885677123,FLAT,0.0,-1,0.0034994238837379003,0.021492122717883023,0.08499149225895221,UNLOADING,0.45528458328392096,0.00775745189506459,0.04087226291335663,-2.500000000000002,0.0020546881526024574,0.6590157449567989,0,staged_v3,0.14526237804829617,2,0.985370028790336,0.1370927246739626,2,0,0,0
v3_pelvis_proxy:v3_left_hand_proxy,213,0.01749048766066378,0.2109376305204913,0.19551886007695163,0.07177890273145525,0.7073267495662505,FLAT,0.0,-1,0.00489973755598013,0.006503169660052658,0.043208711115693764,SUPPORT,0.3862911322387398,0.02065726589573203,0.0420991751463992,0.03685443686736012,0.19551886007695163,0.04397412904707561,0,ok,0.02695848321634926,0.9353497240338227,FLAT,0.0,-1,0.00586240173101606,0.021818168704009797,0.0904352650744432,UNLOADING,0.49093284031664275,0.0077035945497123635,0.041341664148703924,-2.500000000000002,0.0010546881526024565,0.6600704331094014,0,staged_v3,0.11621271136502857,2,0.9829272010508258,0.11616495282095482,2,0,0,0
v3_pelvis_proxy:v3_left_hand_proxy,214,0.05846586079669271,0.010937630520491126,0.4140685787844871,0.07160936421675118,0.7103663746086759,FLAT,0.0,-1,0.0037816938948356197,0.008347583490444253,0.031908151819218335,SUPPORT,0.3990329057909918,0.018247824100516664,0.04387641235124315,0.07805008831150267,0.4140685787844871,0.04460227988453033,0,ok,0.02308041982095882,0.9336675099944682,FLAT,0.0,-1,0.008391267468025834,0.012265157890223144,0.09420118137134813,SUPPORT,0.5192207458909143,0.017444901178344265,0.03482152317282967,-2.500000000000002,5.468815260245563e-05,0.6601251212620038,0,staged_v3,0.11659745608307219,2,0.9819958432446999,0.11631927042464961,2,0,0,0
v3_pelvis_proxy:v3_left_hand_proxy,215,0.01049927987429887,0.18906236947950905,0.1128605868553686,0.07158590633545234,0.7124034945623752,FLAT,0.0,-1,0.004051685536918926,0.007287614257756609,0.05215782977812344,SUPPORT,0.40922632463279346,0.020320277231149566,0.0428155932571326,0.021273719432679528,0.1128605868553686,0.04410037504798189,0,ok,0.022586150536273573,0.938318769814014,FLAT,0.0,-1,0.004051760935588937,0.009918567107139686,0.0968995783110806,SUPPORT,0.5523309913145834,0.019926411808414347,0.03243673902240094,-2.500000000000002,-0.0009453118473975453,0.6591798094146063,0,staged_v3,0.11660511372526694,2,0.981687540896244,0.11631735802807311,2,0,0,0
v3_pelvis_proxy:v3_left_hand_proxy,216,0.0072632989781409325,0.38906236947950923,0.08846914236805668,0.07155560433068006,0.7158895038721061,FLAT,0.0,-1,0.0018829623123503515,0.005239468738216443,0.06719282316816932,SUPPORT,0.4173810597062348,0.023120172420192025,0.040807327006069816,0.016676040463972586,0.08846914236805668,0.04403612045402169,0,ok,0.022513175035454084,0.9449357309067219,FLAT,0.0,-1,0.0020817304450082164,0.007849433610049677,0.09883306420675543,SUPPORT,0.5807378927769182,0.022092219600288097,0.030340718808700533,-2.500000000000002,-0.0019453118473975461,0.6572344975672088,0,staged_v3,0.11631690928310613,2,0.9817962296708663,0.11598758974116677,2,0,0,0
v3_pelvis_proxy:v3_left_hand_proxy,217,0.6063115324203227,0.41001387094385944,0.6960449218750001,0.05815463428664611,0.7179466949954678,FLAT,0.0,-1,0.0029197189456299684,0.014907396464674462,0.07798809429612036,SUPPORT,0.4239048477649878,0.013992008250131558,0.04791267052666637,0.13120137678785893,0.6960449218750001,0.009991867423057119,0,ok,0.04743516167326207,0.9486344003861572,FLAT,0.0,-1,0.002919718945631348,0.022374913899790325,0.10021846738955925,SUPPORT,0.6039760347697393,0.007636009469687639,0.02587040829704144,-0.2618937683043776,-0.002050069354719297,0.6551844282124895,1,staged_v3,0.15031058353409407,2,1.006184101392917,0.12934943573680707,2,0,1,1
v3_pelvis_proxy:v3_left_hand_proxy,218,0.000680256656228083,0.6100138709438596,0.0006575586676504968,0.07092906154553162,0.7196057132753673,FLAT,0.0,-1,0.0029926337287109256,0.011855364884409959,0.08573477910317505,SUPPORT,0.4291238782119903,0.017431374070748795,0.044838908250893726,0.0001239468887757056,0.0006575586676504968,0.009990041595653067,0,ok,0.041274817176216415,0.9467772683626487,FLAT,0.0,-1,0.006224043927393217,0.019313132829403567,0.10121115214780677,SUPPORT,0.5819794583740623,0.010747424777986774,0.022821109400275326,-2.500000000000002,-0.003050069354719298,0.6521343588577702,1,staged_v3,0.1442155858718113,2,0.9974373127803057,0.1442155858718113,2,1,1,1
v3_pelvis_proxy:v3_left_hand_proxy,219,0.2803955078125002,0.41001387094385944,0.27352448497578247,0.10131829183655977,0.7168021225890319,FLAT,0.0,-1,0.00586732106902229,0.0023139241365486224,0.09117089968842396,SUPPORT,0.4332991025695922,0.02724462084787258,0.03848976529266136,0.051558150754610996,0.27352448497578247,0.011587221738459233,0,ok,0.05461221538222413,0.9435196173282099,FLAT,0.0,-1,0.007440775381457183,0.018661548594484635,0.10191570346351345,SUPPORT,0.5631252500349105,0.01143423657869104,0.02826548294453758,2.500000000000002,-0.002050069354719297,0.6500842895030509,1,staged_v3,0.11759140288443494,2,1.001896820238654,0.11759140288443494,2,1,1,1
v3_pelvis_proxy:v3_left_hand_proxy,220,0.83642578125,0.17566101607755513,0.5432611935389987,0.17039938074104682,0.7146596843263566,FLAT,0.0,-1,0.006002515852943793,0.04301903159933631,0.09506606287122454,UNLOADING,0.37139923077393616,0.0,0.0827722401537817,0.10240232247615248,0.5432611935389987,0.018638236910372738,0,ok,0.1022671632622119,0.9420372826389185,FLAT,0.0,-1,0.006003672597758572,0.02917453187650043,0.10245834206421693,SUPPORT,0.5469645000299234,0.021949077548913485,0.008173839554297364,2.929410685828804,-0.0008783050803877757,0.6492059844226631,1,staged_v3,0.1512816475868521,2,1.0044777497302038,0.1440022837436968,2,1,1,1
v3_pelvis_proxy:v3_left_hand_proxy,221,0.7693650942301932,0.3756610160775553,0.694721206032282,0.07227536438861243,0.7130327725576528,FLAT,0.0,-1,0.006667378612442028,0.011704434463226207,0.09789146803049154,UNLOADING,0.318342197806231,0.01819013893829837,0.04446352346759158,0.1309518622298435,0.694721206032282,0.01548730625653208,0,ok,0.018259203354517282,0.9346899946101758,FLAT,0.0,-1,0.007393232951845813,0.006080200578623127,0.07487370514921306,SUPPORT,0.5331124285970772,0.02266348467883753,0.028292740910606656,-2.500000000000002,-0.0018783050803877765,0.6473276793422753,0,staged_v3,0.14798483206593063,2,0.9922291635258951,0.14912631317277128,2,1,0,0
v3_pelvis_proxy:v3_left_hand_proxy,222,0.25421142578124994,0.17566101607755513,0.25421142578125017,0.1256227097703664,0.716732675145355,FLAT,0.0,-1,0.0026146330176186673,0.0029940870537542063,0.10013829668925009,UNLOADING,0.2842667238275536,0.0270128277807083,0.0387215839936772,0.04791772486157775,0.25421142578125017,0.018351198786123478,0,ok,0.0678179270261951,0.9422493702637212,FLAT,0.0,-1,0.0026146330176186673,0.009983767620455358,0.05521502550053633,SUPPORT,0.5823057725715514,0.01777698365457146,0.029997594563904106,2.500000000000002,-0.0008783050803877757,0.6464493742618875,1,staged_v3,0.2554373301416511,2,1.0129069259650338,0.2555768605539739,2,0,1,1
v3_pelvis_proxy:v3_right_hand_proxy,223,0.9999999999999999,0.024338983922445045,0.9760307908114506,0.1047212930781976,0.7116536859170662,FLAT,0.0,-1,0.009501295553202338,0.01572325919437001,0.1016923983726506,UNLOADING,0.2436571918521888,0.014886429878743519,0.015198190039889013,0.18397746972544138,0.9760307908114506,0.04143932576575676,0,ok,0.04930103526547662,0.9432328768260316,FLAT,0.0,-1,0.005367501569053846,0.05072968861434301,0.041022389615986594,SUPPORT,0.5634049479184726,0.0,0.07082119555077768,2.500000000000002,0.00012169491961222523,0.6465710691814998,0,staged_v3,0.1544374400668369,2,1.0019113285402954,0.14243136100953654,2,0,0,0
v3_pelvis_proxy:v3_left_hand_proxy,224,1.0000000000000002,0.17566101607755513,0.9561123529637949,0.07417298781568488,0.7139230899704916,FLAT,0.0,-1,0.003055298745286846,0.012297201615089542,0.10266222421156565,UNLOADING,0.2088490215875904,0.017835909595488742,0.04452356793174189,0.18022293264465059,0.9561123529637949,0.04591162804470583,0,ok,0.02038931803985523,0.9495222306628555,FLAT,0.0,-1,0.0013346562447489653,0.010031629745558997,0.030852921625133582,SUPPORT,0.5472042410729765,0.016511016335697685,0.03289961557559881,-2.500000000000002,-0.0008783050803877757,0.645692764101112,0,staged_v3,0.22800716108302307,2,0.9918448071181103,0.22800716108302307,2,1,0,0
v3_pelvis_proxy:v3_left_hand_proxy,225,0.9999999999999997,0.024338983922445045,0.9999999999999999,0.2017809165681253,0.7170488920274971,FLAT,0.0,-1,0.002892103475231768,0.02935671493481748,0.103357134790952,SUPPORT,0.2570792172700723,0.0008111418047301241,0.059379108445069786,0.18849555921538758,0.9999999999999999,0.015130443734279964,0,ok,0.21726860041372537,0.9530626507623722,FLAT,0.0,-1,0.0028921034752318188,0.0472238656419334,0.023566179397809472,SUPPORT,0.5953704114390496,0.0,0.09035024988150339,2.500000000000002,0.00012169491961222523,0.6458144590207242,0,staged_v3,0.1871630856277527,2,0.9946531927693701,0.18742453502448672,2,1,1,1
v3_pelvis_proxy:v3_left_hand_proxy,226,0.43475341796874994,0.22433898392244522,0.43475341796875,0.11344037272241238,0.7198225581086324,FLAT,0.0,-1,0.0026962933269994494,0.0001828303598344046,0.10384335940881596,UNLOADING,0.22035361480291915,0.030009337610606396,0.04031758896360575,0.08194908864082068,0.43475341796875,0.04418090668205141,0,ok,0.09572317708688766,0.9459377291859727,FLAT,0.0,-1,0.004359780528407651,0.024865088157210467,0.046709786246272963,UNLOADING,0.5103174955191854,0.002470401155103181,0.04005418408801494,2.500000000000002,0.0011216949196122261,0.6469361539403364,1,staged_v3,0.19926901842073036,2,0.9731709318868584,0.2011110973828802,2,1,1,1
v3_pelvis_proxy:v3_left_hand_proxy,227,0.7792743819630228,0.024338983922445045,0.719473883450275,0.06502447824690451,0.7160299697826158,FLAT,0.0,-1,0.007659968041144304,0.011873936354014947,0.0759075572506409,UNLOADING,0.1894240972858366,0.0169214415085171,0.04451771061207423,0.1356176320018262,0.719473883450275,0.03465694467396192,0,ok,0.027703080878544846,0.9435161872986186,FLAT,0.0,-1,0.00765996804114415,0.007275698315480562,0.035030947789762526,UNLOADING,0.4407446670623879,0.019475849074007564,0.028259681861209217,-2.500000000000002,0.00012169491961222523,0.6470578488599487,0,staged_v3,0.17176291751451916,2,0.9883781380918131,0.17365883759744763,2,1,0,0
v3_pelvis_proxy:v3_right_hand_proxy,228,0.03894289536832362,0.17566101607755513,0.5491941681936767,0.06747179530801284,0.7165587982889208,FLAT,0.0,-1,0.004491159041113972,0.006103653851957078,0.05580577720319014,UNLOADING,0.1801751783894493,0.02168663500820243,0.03921755175568771,0.10352066185149672,0.5491941681936767,0.04213789469804381,0,ok,0.02674153897865425,0.9384897999732245,FLAT,0.0,-1,0.010294576333460754,0.006406855782268063,0.026590429169856423,UNLOADING,0.4870063545838238,0.01992266567622476,0.027285651897353762,-2.500000000000002,-0.0008783050803877757,0.6461795437795609,0,staged_v3,0.1371677743135276,2,0.9846676236290864,0.12924849041024267,2,0,0,0
v3_pelvis_proxy:v3_left_hand_proxy,229,0.1417846679687502,0.024338983922445045,0.14178466796875,0.05747614087778665,0.7102682388046887,FLAT,0.0,-1,0.009622835597061244,0.009112991515576416,0.040851952506376625,SUPPORT,0.23414014271155945,0.017929606109742417,0.03645911774590414,0.026725780276937585,0.14178466796875,0.03475094021948999,0,ok,0.032581763027750156,0.9261064198408021,FLAT,0.0,-1,0.009835118641931774,0.0018147752833797244,0.01991824089118303,SUPPORT,0.5259772947962202,0.02418113676117943,0.019938668158098048,2.500000000000002,0.00012169491961222523,0.6463012386991731,1,staged_v3,0.24796340487811844,2,1.016087143300517,0.15923515885600933,2,0,1,1
v3_pelvis_proxy:v3_left_hand_proxy,230,0.603642433757861,0.22433898392244522,0.9999999999999999,0.06709215942907597,0.7092862691853121,FLAT,0.0,-1,0.006100971033996988,0.02649232885445712,0.05848393784089921,SUPPORT,0.27731211416924756,0.013611197985803708,0.014312998906241256,0.18849555921538758,0.9999999999999999,0.010763418104523081,0,ok,0.020721556851929928,0.9284794136643199,FLAT,0.0,-1,0.006099810970235732,0.015711466247305912,0.04348427802209118,SUPPORT,0.5369482456508607,0.01146274765379865,0.03769892229493134,2.500000000000002,0.0011216949196122261,0.6474229336187853,0,staged_v3,0.2710733636056603,2,1.0072627549705424,0.15909856177409745,2,0,0,0
v3_pelvis_proxy:v3_left_hand_proxy,231,0.072021484375,0.4243389839224454,0.07202129124988776,0.030698045208578727,0.7150635144429943,FLAT,0.0,-1,0.0006388797133557608,0.025150371969622515,0.0711962251792872,SUPPORT,0.311849691335398,0.012008211134484106,0.016551600124480256,0.013575693569561897,0.07202129124988776,0.009990352734368255,0,ok,0.061945950606549186,0.9344614243084735,FLAT,0.0,-1,0.0026483221726856508,0.015856954060274507,0.060440553489436256,SUPPORT,0.5774436164206299,0.012165073614197306,0.041414965849900176,2.500000000000002,0.002121694919612227,0.6495446285383976,1,staged_v3,0.21896597909600382,2,1.0203489073007432,0.2193822936589432,2,1,1,1
v3_pelvis_proxy:v3_left_hand_proxy,232,0.2951919872706846,0.22433898392244522,1.0,0.05601804519284171,0.7146525034134923,FLAT,0.0,-1,0.006105547890580419,0.006234878392023365,0.08041301713852891,SUPPORT,0.33963921210211506,0.022785772464903084,0.03894116062323197,0.1884955592153876,1.0,0.011893095997845667,0,ok,0.07488109776031299,0.9372583398657671,FLAT,0.0,-1,0.006105547890583192,0.004369043206060953,0.0728818754054939,SUPPORT,0.5592373855033971,0.025268869841315145,0.0033752239289595526,-2.500000000000002,0.0011216949196122261,0.6506663234580098,0,staged_v3,0.20842726216931237,2,1.030809257285433,0.13658872108580505,2,0,0,0
v3_pelvis_proxy:v3_left_hand_proxy,233,0.5278320312499999,0.4243389839224454,0.5278320312500001,0.08189593818719199,0.7146457476155658,FLAT,0.0,-1,0.005778184645060808,0.022441564024534722,0.08700483651715807,SUPPORT,0.36171136968169204,0.006908677801323183,0.026636315420955185,0.09949399390226271,0.5278320312500001,0.010117752595421484,0,ok,0.09921169938366765,0.939643798366957,FLAT,0.0,-1,0.0055295458301994746,0.004744480590932451,0.0818013767233467,SUPPORT,0.5436320447171975,0.024345588245234886,0.01765712462117837,2.500000000000002,0.002121694919612227,0.652788018377622,1,staged_v3,0.2181990841096029,2,1.0147918648524974,0.21870468497898765,2,1,1,1
v3_pelvis_proxy:v3_left_hand_proxy,234,0.49312173129243086,0.22433898392244522,0.845993920732109,0.06716475242304729,0.7132736385933177,FLAT,0.0,-1,0.005347358206294509,0.008478845898205353,0.0919500749885782,UNLOADING,0.31003831687002176,0.02111865785122356,0.041070566730916705,0.15946609718121718,0.845993920732109,0.03138556047710747,0,ok,0.02795726657118872,0.9450980966340943,FLAT,0.0,-1,0.0032919536209135504,0.014702332633734282,0.08944333175788786,UNLOADING,0.4659703240433122,0.014769833954160112,0.033754321670680945,-2.500000000000002,0.0011216949196122261,0.6539097132972342,0,staged_v3,0.1560603109774715,2,1.0064012556981639,0.15640055642309114,2,1,0,0
v3_pelvis_proxy:v3_right_hand_proxy,235,0.17344297831193645,0.024338983922445045,0.5325295164320423,0.06755734789313758,0.7161608671781909,FLAT,0.0,-1,0.0033947444085798664,0.012519755872648985,0.06714661334613631,UNLOADING,0.28145317653907354,0.015837574794657833,0.045354289241002606,0.10037944899855775,0.5325295164320423,0.03998703266813827,0,ok,0.026649771801658947,0.9497170122576001,FLAT,0.0,-1,0.0033947444085800148,0.013856990629462461,0.06652808989256771,UNLOADING,0.5024780939296362,0.014469413865165925,0.033918807862967484,-2.500000000000002,0.00012169491961222523,0.6540314082168465,0,staged_v3,0.18639115033345788,2,0.9898774174213538,0.17626803664433838,2,0,0,0
v3_pelvis_proxy:v3_right_hand_proxy,236,0.02702541441372872,0.17566101607755513,0.24767790878557022,0.0674352718669304,0.7183863238025441,FLAT,0.0,-1,0.003441784965330339,0.013285305863920384,0.04928833643227385,UNLOADING,0.2569659098049085,0.014179110957693308,0.04621599659199304,0.04668618592183382,0.24767790878557022,0.04164429620422805,0,ok,0.02635410506937026,0.9529098638952704,FLAT,0.0,-1,0.0039454419084408885,0.012322533274237012,0.050105677566519666,UNLOADING,0.5382464137984404,0.015182750604088975,0.032393732791282194,-2.500000000000002,-0.0008783050803877757,0.6531531031364587,0,staged_v3,0.13054834889497718,2,0.9840362707741636,0.12993002212681018,2,0,0,0
v3_pelvis_proxy:v3_left_hand_proxy,237,0.96270751953125,0.024338983922445045,0.34425667748032285,0.13840573147532614,0.7155973469110622,FLAT,0.0,-1,0.0054088494332696635,0.03454556424806925,0.036451135499543215,SUPPORT,0.29557272784392685,0.0,0.07460973490850448,0.06489085493528479,0.34425667748032285,0.027960227417916914,0,ok,0.10530737915648807,0.9496726047077207,FLAT,0.0,-1,0.005409994002925081,0.009759355383360127,0.03839657329893408,SUPPORT,0.5689366149896987,0.022729017530029972,0.004190811134916733,2.500000000000002,0.00012169491961222523,0.6532747980560709,1,staged_v3,0.12098314515953884,2,0.9822940630862714,0.11695670608707934,2,1,1,1
v3_pelvis_proxy:v3_left_hand_proxy,238,0.9472233700401699,0.17566101607755513,0.3064405175904983,0.06824656558471418,0.7188125979761852,FLAT,0.0,-1,0.002039040549212144,0.01049978651429485,0.055842103706310334,UNLOADING,0.25334805243765157,0.017292318671020667,0.04348921737418261,0.0577626767294738,0.3064405175904983,0.03508055008721171,0,ok,0.027286221427796693,0.9473232595816989,FLAT,0.0,-1,0.004290139063739066,0.012288342523007752,0.05835028785635047,UNLOADING,0.48765995570545606,0.015629171869809774,0.032897737641754486,-2.500000000000002,-0.0008783050803877757,0.6523964929756831,0,staged_v3,0.12566553350815088,2,0.9838291768852632,0.12667840167511443,2,1,0,0
v3_pelvis_proxy:v3_right_hand_proxy,239,0.030123734316789774,0.3756610160775553,0.2054631095500588,0.06776795354643757,0.714847153653553,FLAT,0.0,-1,0.0054556141485805525,0.01038837156219265,0.04124367414091167,UNLOADING,0.23235102600859053,0.016673812144852935,0.043407261400144365,0.03872888373277078,0.2054631095500588,0.04154715061204341,0,ok,0.02601766413133419,0.9413140921539597,FLAT,0.0,-1,0.00755301345259027,0.009429005049077812,0.04429941551470489,UNLOADING,0.5237096536411773,0.017785965726657433,0.029650755832165022,-2.500000000000002,-0.0018783050803877765,0.6505181878952954,0,staged_v3,0.1299643654040597,2,0.9820317638599472,0.12923835637812803,2,0,0,0
v3_pelvis_proxy:v3_right_hand_proxy,240,0.022625023960326077,0.5756610160775555,0.13106703050570548,0.06783033868804908,0.715899578061168,FLAT,0.0,-1,0.0043492782452659974,0.0070236280114090895,0.030848568436817703,UNLOADING,0.2149467640597389,0.0195188004104318,0.04013886472794916,0.02470555320987322,0.13106703050570548,0.0420731523520662,0,ok,0.02630184774043373,0.9441285622341657,FLAT,0.0,-1,0.004349278245266415,0.007793482510732877,0.03423153114829781,UNLOADING,0.5580722634615517,0.018918094046682016,0.02899374214502495,-2.500000000000002,-0.0028783050803877774,0.6476398828149076,0,staged_v3,0.1306006348056297,2,0.9813349961487589,0.1291715492024416,2,0,0,0
v3_pelvis_proxy:v3_left_hand_proxy,241,0.23449707031250003,0.3756610160775553,0.23449707031250014,0.028161568220867926,0.7140058303668289,FLAT,0.0,-1,0.007272686488489194,0.012063128870079855,0.023329605326923533,SUPPORT,0.26195741124779115,0.014103351396266322,0.029943029372823088,0.04420165640292478,0.23449707031250014,0.0298058518044841,0,ok,0.04778376948702029,0.9270206767018913,FLAT,0.0,-1,0.016903967741508815,0.0027483821452154488,0.025825552238413492,SUPPORT,0.5834136035227253,0.023542895466705228,0.016675403655209885,2.500000000000002,-0.0018783050803877765,0.6457615777345198,1,staged_v3,0.25416314465493056,2,1.013197942087359,0.1629055131865172,2,0,1,1
v3_pelvis_proxy:v3_left_hand_proxy,242,0.9374389648437503,0.1646714810751515,0.9374389648437503,0.09280254704868515,0.715311611102723,FLAT,0.0,-1,0.0045879090168884865,0.039670246107319534,0.046282790200212955,SUPPORT,0.3089172939690983,0.005741621818098126,0.021572517691912523,0.1767030819085168,0.9374389648437503,0.00999020203191691,0,ok,0.06337744445922935,0.9334514982335571,FLAT,0.0,-1,0.004587909016885726,0.025337712969993216,0.048071214311826246,SUPPORT,0.5643545173051931,0.0020658477455980997,0.03889608851247281,2.6373691875300476,-0.0008233574053757575,0.644938220329144,1,staged_v3,0.2840009153253647,2,1.0141028595925228,0.1595220953661315,2,0,1,1
v3_pelvis_proxy:v3_left_hand_proxy,243,0.4823608398437501,0.03532851892484867,0.4823601218343837,0.03668020913577448,0.7179093743583811,FLAT,0.0,-1,0.003973356848688723,0.034486025707266124,0.06272946583931349,UNLOADING,0.2647862519735128,0.0,0.03336209397574018,0.09092274090837466,0.4823601218343837,0.014892194273058289,0,ok,0.08294055587915741,0.9323724913824769,FLAT,0.0,-1,0.008173740772618926,0.003519547513027522,0.06401687148201653,SUPPORT,0.5480181576901656,0.024681296061073308,0.01931904472063766,2.500000000000002,0.00017664259462424337,0.6451148629237683,1,staged_v3,0.31855725761743525,2,1.0517347145080842,0.2534868597593193,2,0,1,1
v3_pelvis_proxy:v3_left_hand_proxy,244,0.933039078201191,0.1646714810751515,0.8508286204273595,0.06988644593563627,0.719085710304827,FLAT,0.0,-1,0.0044438511716697405,0.001973352319627958,0.07451402388958023,UNLOADING,0.28953490635925155,0.026752348874851055,0.019627309122977617,0.1603774166039119,0.8508286204273595,0.018162302321824197,0,ok,0.06570500157452967,0.938679126104715,FLAT,0.0,-1,0.004897056812849721,0.012037813569595334,0.04708962139936603,SUPPORT,0.5340155637344277,0.015316667500372968,0.017134295582083858,-2.500000000000002,-0.0008233574053757575,0.6442915055183925,0,staged_v3,0.3150731760238573,2,1.0438745355785544,0.20020971714497252,2,0,0,0
v3_pelvis_proxy:v3_left_hand_proxy,245,0.21374511718750003,0.03532851892484867,0.21374511718750008,0.05763339235834889,0.7150050102929761,FLAT,0.0,-1,0.008604326495392792,0.018550938793148147,0.0825772537315764,UNLOADING,0.26145659176074515,0.010577923893430673,0.027644940484880892,0.040290005393816386,0.21374511718750008,0.009992037777847046,0,ok,0.0886919026449782,0.937028737686657,FLAT,0.0,-1,0.008604326495398338,0.004768860885476273,0.034769763972414984,SUPPORT,0.5220133403437952,0.021969627313144478,0.00567282309802513,2.500000000000002,0.00017664259462424337,0.6444681481130168,1,staged_v3,0.2564089837404189,2,1.0535612492351132,0.22536851602525804,2,0,1,1
v3_pelvis_proxy:v3_left_hand_proxy,246,1.0000000000000002,0.23532851892484885,0.9999979699376655,0.03608624740215802,0.7144546829166174,FLAT,0.0,-1,0.005269185478096999,0.02996487233559928,0.08835481037771961,SUPPORT,0.2991652734085961,0.012817619228331186,0.016600121290554794,0.18849517655765263,0.9999979699376655,0.017273974529676994,0,ok,0.08103921995676515,0.9463797974414541,FLAT,0.0,-1,0.0005347536503953188,0.05394310991375696,0.02594220038419952,SUPPORT,0.5117257202946817,0.009361793384963218,0.01693531663424676,2.500000000000002,0.0011766425946242443,0.645644790707641,0,staged_v3,0.1813497268439357,2,1.031815379003631,0.1813497268439357,2,1,0,0
v3_pelvis_proxy:v3_left_hand_proxy,247,0.16544944000392167,0.03532851892484867,0.3202514648437502,0.004135455825120953,0.7198561311863234,FLAT,0.0,-1,0.0007820547512945333,0.02346870688020717,0.09249461061329492,SUPPORT,0.3293322187268769,0.009278775995388788,0.02034595453527596,0.06036597895526974,0.3202514648437502,0.009990076569703903,0,ok,0.10223611769221325,0.9547905374701369,FLAT,0.0,-1,0.0007820547512946991,0.04405286053317434,0.04880173267524833,UNLOADING,0.43862204596687,0.007860524999914738,0.01957956163384768,-2.500000000000002,0.00017664259462424337,0.6458214333022653,1,staged_v3,0.25370673304150637,2,1.0106103264672666,0.2544891810111617,2,0,1,1
v3_pelvis_proxy:v3_left_hand_proxy,248,0.21559695966080317,0.1646714810751515,1.0,0.05842442417657224,0.7193805721572634,FLAT,0.0,-1,0.004539512896720888,0.0019073569164727829,0.0671140381589843,SUPPORT,0.3967707437924584,0.026448344991476434,0.02796701239113581,0.1884955592153876,1.0,0.010582398955439484,0,ok,0.07221284656212738,0.9539306437140065,FLAT,0.0,-1,0.0041441523083098775,0.006487195229190645,0.06576452155477384,UNLOADING,0.3759617536858886,0.02180103084854805,0.007611366074193831,-2.500000000000002,-0.0008233574053757575,0.6449980758968895,0,staged_v3,0.2361350804374397,2,1.0289964810469407,0.12372188443002329,2,0,0,0
v3_pelvis_proxy:v3_left_hand_proxy,249,0.5998243471383602,0.03532851892484867,1.0,0.035037825695355525,0.7177009088879691,FLAT,0.0,-1,0.0058142122132661,0.019135400978321133,0.048928063315184095,SUPPORT,0.4074165950339667,0.008311002187438073,0.02615514931922865,0.1884955592153876,1.0,0.018069503542049913,0,ok,0.06732386268056337,0.9483501990971154,FLAT,0.0,-1,0.007257068417578719,0.04322779267452544,0.07791889090160675,UNLOADING,0.33776802828867797,0.004091945592485217,0.02480399895259512,2.500000000000002,0.00017664259462424337,0.6451747184915138,0,staged_v3,0.19391120157620156,2,1.0206871884325006,0.19391120157620156,2,1,0,0
v3_pelvis_proxy:v3_left_hand_proxy,250,0.17258284155388626,0.1646714810751515,0.18487548828125003,0.04973660355658771,0.7171494485013958,FLAT,0.0,-1,0.004215697145773953,0.01782408923650817,0.03591129992108439,SUPPORT,0.4159332760271734,0.00897147575954605,0.028214787266111273,0.03484820854879206,0.18487548828125003,0.009991238444733284,0,ok,0.04863544648783647,0.948772208445312,FLAT,0.0,-1,0.0042157317294540236,0.03769374898724423,0.086635466936406,SUPPORT,0.3602144226309424,0.008187217582851066,0.021144555763969234,-2.500000000000002,-0.0008233574053757575,0.644351361086138,1,staged_v3,0.2948724320268457,2,1.0143625351209944,0.291233751967153,2,0,1,1
v3_pelvis_proxy:v3_left_hand_proxy,251,0.00011473390898898279,0.3646714810751517,0.00018310546874988966,0.06368263717439616,0.7196508532455448,FLAT,0.0,-1,0.0036015594725992985,0.016000414020850097,0.05495374259431063,SUPPORT,0.4227466208217387,0.011747273108865437,0.026393822119225387,3.451456772740613e-05,0.00018310546874988966,0.00999011896202303,0,ok,0.043775629805942115,0.9540743515887534,FLAT,0.0,-1,0.0018536864500579293,0.03586653265177893,0.09292148843351039,SUPPORT,0.3781715381047539,0.01032744564023676,0.019318628781438762,-2.500000000000002,-0.0018233574053757584,0.6425280036807622,1,staged_v3,0.21113006066214687,2,1.0123115434773782,0.1495770992827956,2,0,1,1
v3_pelvis_proxy:v3_left_hand_proxy,252,6.1035156249987444e-05,0.1646714810751515,6.103515624986506e-05,0.08058236805775625,0.7168467894029532,FLAT,0.0,-1,0.005917786524681458,0.015175106686647774,0.0685353869864821,SUPPORT,0.428197296657391,0.013251662662676331,0.025569668980822923,1.1504855909116873e-05,6.103515624986506e-05,0.009990055820473055,0,ok,0.0633576045799899,0.9510250589086041,FLAT,0.0,-1,0.005917868543077609,0.03504170524682204,0.09737770797043685,SUPPORT,0.3925372304838031,0.011372226622590815,0.01849665877593103,2.500000000000002,-0.0008233574053757575,0.6417046462753865,1,staged_v3,0.2538077567211759,2,1.0161901327687755,0.15198405711924023,2,0,1,1
v3_pelvis_proxy:v3_left_hand_proxy,253,0.0,0.3646714810751517,0.0,0.10247686757634986,0.7196685382922728,FLAT,0.0,-1,0.0034898802555144936,0.013351749281272016,0.07833481192796586,UNLOADING,0.3670262542777637,0.01556499131512628,0.023746311575447165,0.0,0.0,0.009990055820473041,0,ok,0.05201759342962851,0.9554536505892057,FLAT,0.0,-1,0.0019805198385032816,0.03321834784144628,0.10057072879543529,SUPPORT,0.4040297843870425,0.013355235069216494,0.016673301370555272,-2.500000000000002,-0.0018233574053757584,0.6398812888700107,1,staged_v3,0.1345276098325054,2,0.9559562762353727,0.1304585977074419,2,1,1,1
v3_pelvis_proxy:v3_left_hand_proxy,254,0.0001831054687499381,0.1646714810751515,0.000116092339994795,0.089788707160464,0.7190242779462857,FLAT,0.0,-1,0.0030453660274456984,0.012525221312856837,0.0853564067241567,UNLOADING,0.3145939322380832,0.016742599023351,0.02292383650286244,2.188289054794179e-05,0.000116092339994795,0.009990003511425406,0,ok,0.024621337651618464,0.9420604762727551,FLAT,0.0,-1,0.013168755222645262,0.03239027967778038,0.07451175924923974,SUPPORT,0.413223827509634,0.012869519199013333,0.015856068763448656,2.500000000000002,-0.0008233574053757575,0.639057931464635,1,staged_v3,0.16214576032481434,2,1.0174004195140283,0.16214576032481434,2,1,1,1
v3_pelvis_proxy:v3_left_hand_proxy,255,0.0,0.03532851892484867,0.0,0.0849996399701033,0.7199714106828872,FLAT,0.0,-1,0.004233390146528351,0.01270186390748108,0.09040417488003724,UNLOADING,0.269651941918357,0.016818344836520782,0.023100479097486682,0.0,0.0,0.009990003511425413,0,ok,0.010458264382610091,0.9249823776267039,FLAT,0.0,-1,0.017283624128251695,0.032566922272404625,0.054270200955071825,SUPPORT,0.46786340773307233,0.011680798689680694,0.0160327113580729,2.500000000000002,0.00017664259462424337,0.6392345740592592,1,staged_v3,0.16454787211010577,2,1.0179703798506126,0.16454787211010577,2,1,1,1
v3_pelvis_proxy:v3_left_hand_proxy,256,1.0,0.23532851892484885,0.593649302078704,0.0610312527101548,0.7195489498831296,FLAT,0.0,-1,0.005020813888850692,0.02696388048262565,0.094041738614721,UNLOADING,0.2311302359300203,0.005358386854040661,0.024343700076695392,0.11190025717314989,0.593649302078704,0.01039262899193464,0,ok,0.0620202922931089,0.9348059446465822,FLAT,0.0,-1,0.0031738388498460434,0.04439702451226586,0.039890182304937925,SUPPORT,0.5461100229428242,0.0,0.030142673061911894,2.500000000000002,0.0011766425946242443,0.6404112166538835,0,staged_v3,0.13664213418011278,2,1.0188889760590492,0.13664213418011278,2,1,1,1
v3_pelvis_proxy:v3_left_hand_proxy,257,1.0000000000000002,0.43532851892484903,1.0,0.11602934085424439,0.7193833680554731,FLAT,0.0,-1,0.005732138131159968,0.015797739714400114,0.09775865677764435,SUPPORT,0.27490418874401623,0.015436195896335084,0.014451736942547136,0.1884955592153876,1.0,0.01839234452937854,0,ok,0.1478373930452966,0.9393207827313765,FLAT,0.0,-1,0.00573116668452125,0.04401144601144366,0.030924526047825075,SUPPORT,0.5323800196652779,0.0,0.050145702086012496,2.500000000000002,0.002176642594624245,0.6425878592485077,0,staged_v3,0.2889713041236733,2,1.031134706103088,0.16939935000108894,2,0,1,1
v3_pelvis_proxy:v3_left_hand_proxy,258,0.2077026367187501,0.6353285189248492,0.20770263671875003,0.1570794433195872,0.7232461302175632,FLAT,0.0,-1,0.0023484909044809033,0.0026033353211406688,0.1004477270142638,UNLOADING,0.23563216178058535,0.027419051029572525,0.023610732417284046,0.03915102465881128,0.20770263671875003,0.022941938599679773,0,ok,0.07041987010080174,0.9440625856790028,FLAT,0.0,-1,0.004649712314516324,0.03737647194802481,0.053323253524050145,UNLOADING,0.4563257311416668,0.0039038288180397625,0.023762333858162746,2.500000000000002,0.003176642594624246,0.6457645018431319,1,staged_v3,0.3059511914508663,2,1.0017458886209603,0.307053613790444,2,1,1,1
v3_pelvis_proxy:v3_left_hand_proxy,259,0.08251953125000003,0.8353285189248494,0.08251953125000014,0.14939006650905792,0.7225597397484627,FLAT,0.0,-1,0.0028411679843898764,0.0020696403531697107,0.07418461671856152,UNLOADING,0.20197536744147498,0.02663959048275837,0.027611621852342907,0.01555456518916043,0.08251953125000014,0.024520165430260144,0,ok,0.06947793556598009,0.9484977277197577,FLAT,0.0,-1,0.001331008927108982,0.04593029387339304,0.041147624698315635,UNLOADING,0.4090107111112983,0.0,0.02765023434299433,2.500000000000002,0.004176642594624247,0.6499411444377562,1,staged_v3,0.2628179856379733,2,0.95633281222822,0.25927875748882195,2,0,1,1
v3_pelvis_proxy:v3_left_hand_proxy,260,0.25555419921875,1.0000000000000009,0.25555419921875,0.11425206639219956,0.720948003280625,FLAT,0.0,-1,0.006210155548541266,0.00039999386990692293,0.05537833627951236,UNLOADING,0.173134659750113,0.0273689229440687,0.02034200843351041,0.048170831691578854,0.25555419921875,0.03364828044208433,0,ok,0.09069494481684524,0.9488921539616876,FLAT,0.0,-1,0.0062101563939006505,0.05693827772250254,0.03243546581962644,UNLOADING,0.3696015106691613,0.0,0.04187564718688676,2.058393513439394,0.0050000000000000044,0.6549411444377562,1,staged_v3,0.20276264223623686,2,0.9609209918794116,0.1499175276686512,2,0,1,1
v3_pelvis_proxy:v3_left_hand_proxy,261,0.5658445990218864,0.8000000000000007,0.7808309464640172,0.1276740843058977,0.7223692892921842,FLAT,0.0,-1,0.0029062873781975553,0.012529277011961867,0.04202050513345924,SUPPORT,0.2285077278000904,0.014571748244711098,0.047210491244066316,0.1471831659064153,0.7808309464640172,0.03823187230090791,0,ok,0.050886671404777505,0.9518343692221662,FLAT,0.0,-1,0.0034899558822970114,0.005925202897016303,0.02628623232682277,SUPPORT,0.38568120853532906,0.02038910871932484,0.02718164651772413,-2.500000000000002,0.0040000000000000036,0.6589411444377562,0,staged_v3,0.13204488846641213,2,0.9960728826345004,0.12686951552248543,2,0,0,0
v3_pelvis_proxy:v3_left_hand_proxy,262,0.1263821359582315,0.6000000000000005,0.244646381064639,0.10728785197720873,0.7200373723883278,FLAT,0.0,-1,0.0059576402280850805,0.021625267622871452,0.060724646645132455,UNLOADING,0.19586376668579178,0.006410964709385174,0.05397879137543408,0.046114756408799945,0.244646381064639,0.04219444418997416,0,ok,0.03759954306785593,0.9511162253286829,FLAT,0.0,-1,0.005957645054711342,0.007561906766523404,0.05023464804595401,SUPPORT,0.39854496682826324,0.0199498256357743,0.02979136596306139,-2.500000000000002,0.0030000000000000027,0.6619411444377562,0,staged_v3,0.12778149911764713,2,0.9893363787813882,0.12858354457579313,2,0,0,0
v3_pelvis_proxy:v3_left_hand_proxy,263,0.06664718531725779,0.40000000000000036,0.1956558200172395,0.08942331235534091,0.7183657681253113,FLAT,0.0,-1,0.006437237076169191,0.023373657073153836,0.07410129838897798,UNLOADING,0.16788322858782154,0.005331407846295065,0.05688298954219176,0.036880253207894786,0.1956558200172395,0.0434440760524958,0,ok,0.022094194075928195,0.9437691947211676,FLAT,0.0,-1,0.007082856957002427,0.010726544444640402,0.038877771726502544,SUPPORT,0.42189478196866426,0.016217344141684728,0.03310088690351469,-2.500000000000002,0.0020000000000000018,0.6639411444377562,0,staged_v3,0.12942637736129514,2,0.9849750390426751,0.12749443278621114,2,0,0,0
v3_pelvis_proxy:v3_left_hand_proxy,264,0.01412287473719132,0.20000000000000018,0.17959752690844313,0.07203469646468073,0.7075175506999329,FLAT,0.0,-1,0.01381098188095378,0.02623235821456345,0.08366089407769804,UNLOADING,0.14389991021813275,0.0029506864893214524,0.05861093212295404,0.03385333626830761,0.17959752690844313,0.0434341327569282,0,ok,0.018913773631963872,0.9303517229150939,FLAT,0.0,-1,0.016523598754988135,0.012404273598365965,0.030795778178374134,SUPPORT,0.4858671834808792,0.014135515310552745,0.03481254947905789,-2.500000000000002,0.0010000000000000009,0.6649411444377562,0,staged_v3,0.13028558001196844,2,0.9822794755180626,0.12902668054016964,2,0,0,0
v3_pelvis_proxy:v3_left_hand_proxy,265,0.09977772187725115,0.0,0.4560197229631615,0.0719123993445717,0.708051497555778,FLAT,0.0,-1,0.006755249683433322,0.014331616759977166,0.09053808139245316,SUPPORT,0.2051199281745062,0.015195287309645495,0.04963445890775219,0.08595769269318726,0.4560197229631615,0.04309430006274709,0,ok,0.02205340454351164,0.9150083356549339,FLAT,0.0,-1,0.019882219861472428,0.01559356753389006,0.023246003530451455,SUPPORT,0.5436096602817223,0.010568732642632514,0.03786857518702723,-2.500000000000002,0.0,0.6649411444377562,0,staged_v3,0.12078208667826289,2,0.9813444546104279,0.11830931248373511,2,0,0,0
v3_pelvis_proxy:v3_left_hand_proxy,266,0.0041717378164579195,0.20000000000000018,0.12276686011906603,0.07266753645242506,0.7067547342978876,FLAT,0.0,-1,0.007966298213412373,0.011288760038214937,0.0954383637447951,SUPPORT,0.254095942539605,0.01848315814902482,0.04653628103933079,0.023141007951260617,0.12276686011906603,0.04257961181457903,0,ok,0.022133546704912035,0.9230065139912424,FLAT,0.0,-1,0.006574334287654573,0.015119281088750373,0.0461325515650535,SUPPORT,0.5798432223949505,0.012187346489502301,0.03737745764776984,-2.500000000000002,-0.0010000000000000009,0.6639411444377562,0,staged_v3,0.11699611583257291,2,0.9810816278593786,0.11631532743476587,2,0,0,0
v3_pelvis_proxy:v3_left_hand_proxy,267,0.004176678464709552,0.40000000000000036,0.1001102511005348,0.07271758183181183,0.7081301111820719,FLAT,0.0,-1,0.006138685401555487,0.00889320784823349,0.09894956948090028,SUPPORT,0.293276754031684,0.021054270625811524,0.04411379567702487,0.01887033776438818,0.1001102511005348,0.04238211228628422,0,ok,0.022278674790835788,0.9291383640646527,FLAT,0.0,-1,0.006138685401555487,0.013503172827784984,0.0624987908868561,SUPPORT,0.6070864227875664,0.014621766716557825,0.03574898161203746,-2.500000000000002,-0.0020000000000000018,0.6619411444377562,0,staged_v3,0.1160359062392622,2,0.9809857772896907,0.11578637137518073,2,0,0,0
v3_pelvis_proxy:v3_left_hand_proxy,268,0.004894449442353996,0.6000000000000005,0.08144779058004967,0.07240090181123326,0.6975406054792108,FLAT,0.0,-1,0.015649874345509032,0.006001209236835451,0.1006208164663531,SUPPORT,0.3246214032253472,0.024029831586482205,0.04110922982331888,0.01535254683224424,0.08144779058004967,0.04223936407039071,0,ok,0.02249559509755477,0.9360242885319966,FLAT,0.0,-1,0.004958649773755744,0.01073734704962151,0.07411216556174216,SUPPORT,0.627788260055798,0.0179682612284656,0.032972768923970636,-2.500000000000002,-0.0030000000000000027,0.6589411444377562,0,staged_v3,0.11596188284754937,2,0.9810364447435178,0.11576506013905281,2,0,0,0
v3_pelvis_proxy:v3_left_hand_proxy,269,0.45572225918060616,0.46572265625000053,0.5821533203124999,0.048429302552192605,0.7048415543536959,FLAT,0.0,-1,0.0032544026609004025,0.018224374190989993,0.10298515855681421,SUPPORT,0.3496971225802778,0.01192488373685072,0.04936157669953628,0.10973331566139932,0.5821533203124999,0.009991640422309128,0,ok,0.05388185717767906,0.9431593445789586,FLAT,0.0,-1,0.0021735926486223718,0.019758438347869844,0.08408288782568898,SUPPORT,0.64334166316562,0.009445706043414607,0.027203940781882836,1.678466796875,-0.0023286132812500027,0.6566125311565062,1,staged_v3,0.155106326348411,2,1.0107290374847127,0.1288196852152251,2,0,1,1
v3_pelvis_proxy:v3_left_hand_proxy,270,0.41481371953273766,0.6657226562500007,0.3908850089462649,0.07020938918721446,0.708449644724727,FLAT,0.0,-1,0.005288244685067627,0.006665828304722024,0.10467928369353709,SUPPORT,0.36975769806422226,0.02356813587995483,0.04179307139360249,0.07368008835023798,0.3908850089462649,0.015176044479794253,0,ok,0.023767893830528554,0.9465174510607515,FLAT,0.0,-1,0.005288244685069862,0.0042045911048905526,0.0912272225193192,SUPPORT,0.6157214255705314,0.02535677002107541,0.026773788220703244,-2.500000000000002,-0.0033286132812500036,0.6532839178752562,0,staged_v3,0.14627177350467468,2,0.9924358930404188,0.14811573142180492,2,1,0,0
v3_pelvis_proxy:v3_left_hand_proxy,271,0.7537231445312502,0.46572265625000053,0.7536942919586517,0.11301519685902486,0.7068034551153474,FLAT,0.0,-1,0.009360270847405814,0.01683030698559498,0.10591901800931003,SUPPORT,0.38580615845137783,0.013465643914870522,0.05603255349257246,0.14206802704019167,0.7536942919586517,0.009990110275538054,0,ok,0.09630375848426105,0.9461056793624784,FLAT,0.0,-1,0.005450168253012785,0.007143889632714093,0.096324313490538,SUPPORT,0.6289873393421678,0.022672326041812806,0.027206905580318515,2.500000000000002,-0.0023286132812500027,0.6509553045940062,1,staged_v3,0.20993473677824884,2,1.01203228094414,0.18131578087906253,2,0,1,1
v3_pelvis_proxy:v3_left_hand_proxy,272,0.2849121093750002,0.26572265625000036,0.284912109375,0.13237495141330724,0.7053906042583094,FLAT,0.0,-1,0.0063702791889081005,0.0025735829202586493,0.10686291365045811,UNLOADING,0.3306909929583239,0.02776956276226426,0.04760248576329555,0.0537046673838763,0.284912109375,0.011193030367383588,0,ok,0.08391841501253525,0.9425642833833627,FLAT,0.0,-1,0.006371270387826638,0.016136605608598788,0.09997653876425923,UNLOADING,0.5391320051504296,0.013862221329614177,0.037467362827703354,2.500000000000002,-0.0013286132812500018,0.6496266913127562,1,staged_v3,0.24416764384837286,2,1.0122335679372774,0.2454514610898567,2,1,1,1
v3_pelvis_proxy:v3_right_hand_proxy,273,1.0000000000000002,0.06572265625000018,0.9580082264925824,0.2576340365139735,0.7036683065817073,FLAT,0.0,-1,0.00969054342933244,0.055385143550221144,0.0791649149527951,UNLOADING,0.28353305458366745,0.0,0.10920909779998614,0.18058029638566103,0.9580082264925824,0.020454630764108174,0,ok,0.168223758955363,0.9426188362302284,FLAT,0.0,-1,0.006501642488274101,0.02995080373075048,0.07424660358352834,UNLOADING,0.46956665164045475,0.0021170144992273265,0.02659531567994909,2.500000000000002,-0.0003286132812500009,0.6492980780315062,0,staged_v3,0.13079846971885717,2,1.0062488627804855,0.12971028415967678,2,1,1,1
v3_pelvis_proxy:v3_left_hand_proxy,274,0.9995820658143687,0.26572265625000036,0.6454240949105148,0.07600994501600268,0.7123242293233456,FLAT,0.0,-1,0.00016760665992336337,0.011139830662734034,0.059341454022732935,UNLOADING,0.24302833250056852,0.016827242038402614,0.04479863430944661,0.12165957570124289,0.6454240949105148,0.02031951853825263,0,ok,0.022511254999670653,0.9475010607243972,FLAT,0.0,-1,0.0027048459836059072,0.013203555961097312,0.055810299407500596,UNLOADING,0.4024872518662831,0.014586959009277721,0.03236073394969583,-2.500000000000002,-0.0013286132812500018,0.6479694647502562,0,staged_v3,0.1974820784045531,2,0.9991262884067609,0.19868833719412213,2,1,0,0
v3_pelvis_proxy:v3_left_hand_proxy,275,0.33862304687499994,0.06572265625000018,0.33862304687499994,0.0566948844561906,0.7122151185539958,FLAT,0.0,-1,0.004722887757697403,0.014880796659595394,0.045137369204735336,SUPPORT,0.28442266600045485,0.012376071800641375,0.054256615880074174,0.06382894058392152,0.33862304687499994,0.018438908923569794,0,ok,0.050920821202172305,0.9470667586321724,FLAT,0.0,-1,0.004722896909529011,0.0002791638349133674,0.042658971426907485,SUPPORT,0.47005214620999075,0.026853784736432008,0.014249151292999234,2.500000000000002,-0.0003286132812500009,0.6476408514690062,1,staged_v3,0.1743053265143788,2,1.0194349400104152,0.1610960202283278,2,0,1,1
v3_pelvis_proxy:v3_left_hand_proxy,276,0.6831265695969604,0.26572265625000036,1.0,0.06377549913275389,0.6999554771047755,FLAT,0.0,-1,0.017923137300944875,0.007436804491796831,0.06266519838376224,SUPPORT,0.31753813280036386,0.020696455427391285,0.015551833361742507,0.1884955592153876,1.0,0.01772767612460023,0,ok,0.028414762267655,0.9275395906961202,FLAT,0.0,-1,0.018416730549155838,0.022092359733122985,0.06082082136884114,SUPPORT,0.4671875538942778,0.005948681335319075,0.02496408237894805,-2.500000000000002,-0.0013286132812500018,0.6463122381877562,0,staged_v3,0.2400213579153789,2,1.0209477107424632,0.15580266333466797,2,0,0,0
v3_pelvis_proxy:v3_left_hand_proxy,277,0.28985595703125,0.06572265625000018,0.28985595703125006,0.029191928477492943,0.7011185670330391,FLAT,0.0,-1,0.00786540707239911,0.01286825148169457,0.07515225841804496,SUPPORT,0.3440305062402911,0.01588936143920768,0.01979041517711452,0.05463656071251684,0.28985595703125006,0.011938381861211413,0,ok,0.049337750474771944,0.9298320007280293,FLAT,0.0,-1,0.007865401640553384,0.004436975852103196,0.07384625482844323,SUPPORT,0.49844762992251834,0.024255336889318968,0.03207779515562825,2.500000000000002,-0.0003286132812500009,0.6459836249065062,1,staged_v3,0.2762203656863459,2,1.0197384632621715,0.2762203656863459,2,1,1,1
v3_pelvis_proxy:v3_left_hand_proxy,278,0.04711914062499983,0.13427734375,0.04711900087446686,0.012592828976662312,0.7040256989770695,FLAT,0.0,-1,0.0068575557834068025,0.013806843412477027,0.08406221488169646,SUPPORT,0.36694093595167926,0.015396267331607798,0.021008170639616,0.008881722419502969,0.04711900087446686,0.011399062636187993,0,ok,0.0678449300406425,0.9224037882975964,FLAT,0.0,-1,0.011218096036215944,0.004359651363948929,0.08308271244675604,SUPPORT,0.49152653993358714,0.024794484258388875,0.03590778117268513,2.500000000000002,0.00067138671875,0.6466550116252562,1,staged_v3,0.22775634131024708,2,1.019623230289913,0.22775634131024708,2,1,1,1
v3_pelvis_proxy:v3_left_hand_proxy,279,0.0999755859375001,0.3342773437500002,0.08866303553631276,0.030217908688300463,0.6955445920595414,FLAT,0.0,-1,0.012665846796107738,0.015368036640917713,0.09016922298118885,SUPPORT,0.41233937409768806,0.014140424508141732,0.02192371513749189,0.016712588465151057,0.08866303553631276,0.00999048321763904,0,ok,0.057241545225404436,0.918546814685453,FLAT,0.0,-1,0.012859901773518305,0.007232221540419269,0.08929473765809554,SUPPORT,0.48559417708593183,0.02223251534248551,0.04527055582167321,2.500000000000002,0.0016713867187500009,0.6483263983440062,1,staged_v3,0.2398508451562054,2,1.0185203736409787,0.2398508451562054,2,1,1,1
v3_pelvis_proxy:v3_left_hand_proxy,280,6.103515625003968e-05,0.5342773437500004,4.6535458739939475e-05,0.0048250757991883785,0.6978578552571482,FLAT,0.0,-1,0.006319255315929476,0.018039177629913666,0.09454508549840286,SUPPORT,0.41987149927815043,0.011688076645006477,0.024596465186576745,8.771727318529488e-06,4.6535458739939475e-05,0.009990127337622896,0,ok,0.08061031675903843,0.9232364835438807,FLAT,0.0,-1,0.006319255315930587,0.009902017852952381,0.09374584822409404,SUPPORT,0.4805092946450844,0.01978527455825232,0.04793741927801427,2.500000000000002,0.0026713867187500018,0.6509977850627562,1,staged_v3,0.1262232865097032,2,1.0002730284235541,0.12208720630789308,2,1,1,1
v3_pelvis_proxy:v3_left_hand_proxy,281,0.0,0.7342773437500005,0.0,0.023782619522008337,0.6971591252074423,FLAT,0.0,-1,0.0072898840951417,0.021710564348663433,0.09771124406127837,SUPPORT,0.4605388155276896,0.008174997854400488,0.028267851905326515,0.0,0.0,0.00999012733762298,0,ok,0.07176017258523518,0.9276095205982337,FLAT,0.0,-1,0.0067203458227639385,0.013573404571702256,0.0969352083114578,UNLOADING,0.41186510969578666,0.016273355843870636,0.05160880599676416,2.500000000000002,0.0036713867187500027,0.6546691717815062,1,staged_v3,0.12238165287013228,2,0.9996566096570014,0.10829340141102553,2,1,1,1
v3_pelvis_proxy:v3_right_hand_proxy,282,0.7422770630976706,0.5342773437500004,0.8865797232389813,0.07101881835476372,0.7023182496573662,FLAT,0.0,-1,0.004585203461375876,0.004040197464304775,0.07161286330641052,SUPPORT,0.4724316951702567,0.024540445701015753,0.039043288903101166,0.16711634072095535,0.8865797232389813,0.03742343957370324,0,ok,0.027429623717930732,0.9337788146945316,FLAT,0.0,-1,0.004587145766756836,0.021164685665349126,0.09922048467474828,UNLOADING,0.3683451928944228,0.008796338568388289,0.04045305058639656,-2.500000000000002,0.0026713867187500018,0.6573405585002562,0,staged_v3,0.12110923881779675,2,0.9948024777785064,0.11796976561736923,2,0,0,0
v3_pelvis_proxy:v3_left_hand_proxy,283,0.12345910325520032,0.3342773437500002,0.2873909019100451,0.07138381097214833,0.6981677607093962,FLAT,0.0,-1,0.011212138052121456,0.007442736423113418,0.05254780338125841,SUPPORT,0.46922716728879144,0.020184653745949504,0.042541133474775256,0.05417190876894856,0.2873909019100451,0.0433138793034957,0,ok,0.026814887156797407,0.9300395997486786,FLAT,0.0,-1,0.009994076473435795,0.021451194355004193,0.10057874578937487,UNLOADING,0.4184965107674339,0.008577742934464554,0.04077334238329695,-2.500000000000002,0.0016713867187500009,0.6590119452190062,0,staged_v3,0.19783767141516911,2,0.9862483132470884,0.18753648063523395,2,0,0,0
v3_pelvis_proxy:v3_left_hand_proxy,284,0.05654081324724858,0.13427734375,0.4875791672835004,0.07137292255984698,0.6994684967867927,FLAT,0.0,-1,0.0074742421646981794,0.009520418119823553,0.03888709100692134,SUPPORT,0.46648042910467835,0.017423936430522514,0.04454261309551314,0.09190650779887644,0.4875791672835004,0.04348273764253634,0,ok,0.022447233786568207,0.9307543052754289,FLAT,0.0,-1,0.008024116732552801,0.011319342938539707,0.10152219568032503,SUPPORT,0.4602449013209516,0.018756766845476544,0.033521043661859914,-2.500000000000002,0.00067138671875,0.6596833319377562,0,staged_v3,0.11834775971433828,2,0.9827637530227777,0.11783098971425698,2,0,0,0
v3_pelvis_proxy:v3_left_hand_proxy,285,0.014280915247190773,0.06572265625000018,0.18009619057218482,0.07134999155415582,0.7019265976411977,FLAT,0.0,-1,0.006405233983030582,0.008825719338158507,0.0574456318085871,SUPPORT,0.4641260820897243,0.01904656225227085,0.043857124218038904,0.03394733215446499,0.18009619057218482,0.043046258858284434,0,ok,0.02200626568393742,0.9333868237454266,FLAT,0.0,-1,0.006405233983029112,0.009459885519935412,0.10223940366915542,SUPPORT,0.5051956078946241,0.02065208466352236,0.031612825899464986,-2.500000000000002,-0.0003286132812500009,0.6593547186565062,0,staged_v3,0.1180992908273833,2,0.9815910658106256,0.11767318220540803,2,0,0,0
v3_pelvis_proxy:v3_left_hand_proxy,286,0.007509332879993975,0.26572265625000036,0.14168561914756694,0.07141944710854577,0.7050236694268492,FLAT,0.0,-1,0.0043540910147750085,0.007266848349990633,0.07074757927711892,SUPPORT,0.4621080703626208,0.021270530613865316,0.042222813201002025,0.026707110013999058,0.14168561914756694,0.04261888115055218,0,ok,0.021979490706271074,0.9357691561894501,FLAT,0.0,-1,0.0047485212845664,0.008067378912874915,0.1027915503179489,SUPPORT,0.5425018999653202,0.022072198603022532,0.030138039276386287,-2.500000000000002,-0.0013286132812500018,0.6580261053752562,0,staged_v3,0.11800691863722151,2,0.9812362386172597,0.11757991450049311,2,0,0,0
v3_pelvis_proxy:v3_left_hand_proxy,287,0.00532801961732389,0.46572265625000053,0.11221141893081142,0.07144932187276853,0.7091817252884317,FLAT,0.0,-1,0.003687678870672784,0.004704930716776396,0.08067710227430838,SUPPORT,0.4603783460251035,0.024328924396939025,0.03966909944823891,0.02115135416171543,0.11221141893081142,0.04237960067352693,0,ok,0.02207693361724803,0.9411833998190524,FLAT,0.0,-1,0.0036876886213209896,0.006013591324592679,0.10374418065962959,SUPPORT,0.5730651374645476,0.024173617708388804,0.028064620588619863,-2.500000000000002,-0.0023286132812500027,0.6556974920940062,0,staged_v3,0.11783654568830786,2,0.9811715478758567,0.11734462881326488,2,0,0,0
v3_pelvis_proxy:v3_left_hand_proxy,288,0.07015360938398604,0.43224838972091284,0.1832074420467532,0.07076456823309747,0.7062901233753865,FLAT,0.0,-1,0.00871309339224869,0.002708805873456983,0.08769923135275204,SUPPORT,0.45889572516437444,0.026676155694180623,0.03767619571296636,0.03453378924102346,0.1832074420467532,0.04191195003007954,0,ok,0.024547566995898162,0.9392845212495561,FLAT,0.0,-1,0.0073560252207458075,0.008516019570306989,0.10446910028506906,SUPPORT,0.5968849880989989,0.021707435443946467,0.02896063921530083,0.41842833161359616,-0.002161241948604564,0.6535362501454016,1,staged_v3,0.11932067765404612,2,0.9812087632827986,0.11932067765404612,2,1,0,0
v3_pelvis_proxy:v3_right_hand_proxy,289,0.8539014547637545,0.632248389720913,1.0,0.13497126789239963,0.7090803210022052,FLAT,0.0,-1,0.005409547216906404,0.018245178745191836,0.0927146054767728,SUPPORT,0.4576249072837495,0.011390551528646806,0.05635770566618297,0.1884955592153876,1.0,0.021415390673824558,0,ok,0.10791904775388131,0.941901383275474,FLAT,0.0,-1,0.0023073618798432755,0.045786212576165594,0.10495602405606612,SUPPORT,0.6100032705978886,0.02461310406316703,0.005634697139636277,-2.500000000000002,-0.003161241948604565,0.650375008196797,0,staged_v3,0.25256783155297136,2,0.9792463251641405,0.1585904270559412,2,0,0,0
v3_pelvis_proxy:v3_right_hand_proxy,290,0.6742364172103061,0.8322483897209132,1.0,0.06920811935790389,0.7111073066744077,FLAT,0.0,-1,0.005094272330348047,0.009707646902355153,0.09630829236304794,UNLOADING,0.39224992052892815,0.020107767715797246,0.04161605972669328,0.1884955592153876,1.0,0.025078166700847046,0,ok,0.028873837035378203,0.9445085921540854,FLAT,0.0,-1,0.005094264136056568,0.004210736064740443,0.10533290031387628,UNLOADING,0.5228599462267617,0.026055908950953374,0.024361547507394565,-2.500000000000002,-0.004161241948604566,0.6462137662481925,0,staged_v3,0.2740193927316689,2,0.9696656549178263,0.27583777718231667,2,1,0,0
v3_pelvis_proxy:v3_left_hand_proxy,291,0.17231848813691109,1.0000000000000009,0.41497561983852,0.06692140610400057,0.7143015197894643,FLAT,0.0,-1,0.003303901747937781,0.004011106748883349,0.07053203550881366,UNLOADING,0.35017631833893365,0.024515495026557338,0.03612741247241978,0.07822106152221392,0.41497561983852,0.042313260444843584,0,ok,0.027566983882756527,0.9416461812182231,FLAT,0.0,-1,0.007813957891553841,0.004101114199614513,0.07723617818880234,UNLOADING,0.5427910231516062,0.024760694709825608,0.025783880464064657,-2.096895128488596,-0.0050000000000000044,0.6412137662481925,0,staged_v3,0.234398721515159,2,0.9798447254987456,0.23327431596351605,2,0,0,0
v3_pelvis_proxy:v3_left_hand_proxy,292,0.48769903797335323,0.8000000000000007,1.0000000000000002,0.03945583183337693,0.7158604911903323,FLAT,0.0,-1,0.005521771939325945,0.052229322348963866,0.05220847909408767,UNLOADING,0.3163115428589461,0.0,0.0661887273021952,0.18849555921538763,1.0000000000000002,0.025346048739638145,0,ok,0.13005733432464706,0.9446907965941951,FLAT,0.0,-1,0.005521755062027328,0.04535466718668414,0.05709865678913973,UNLOADING,0.5656859929266799,0.01210032310058852,0.01575460973886847,2.500000000000002,-0.0040000000000000036,0.6372137662481925,0,staged_v3,0.24084531732568956,2,0.9853840197742953,0.21550548160960523,2,0,0,0
v3_pelvis_proxy:v3_left_hand_proxy,293,0.20599365234374997,0.6000000000000005,0.20599365234375,0.014049133500877739,0.7126089023927086,FLAT,0.0,-1,0.008521971079272363,0.035974224154819656,0.039164936522557536,SUPPORT,0.3430492342871569,0.0,0.06115365246384377,0.038828888693355296,0.20599365234375,0.028031920625512977,0,ok,0.12679150255137625,0.9429469302551532,FLAT,0.0,-1,0.006715815603575433,0.02898923470545987,0.04277721281390104,SUPPORT,0.5491594225085827,0.02622236271662396,0.0009164979240710936,2.500000000000002,-0.0030000000000000027,0.6342137662481925,1,staged_v3,0.3126565203637618,2,0.9719067171241724,0.31414572058739537,2,1,1,1
v3_pelvis_proxy:v3_left_hand_proxy,294,0.0,0.0,0.0,0.014049133500877739,0.7030198911083014,FLAT,0.0,-1,0.010501572468279563,0.035974224154819656,0.058179363730486544,SUPPORT,0.3968101633610396,0.0,0.06115365246384377,0.0,0.0,0.028031920625512977,0,ok,0.12679150255137625,0.9359674447267983,FLAT,0.0,-1,0.012304339186857222,0.02898923470545987,0.06059116148492486,UNLOADING,0.47070807643592805,0.02711306015017515,0.0009164979240710936,7.500000000000006,0.0,0.6342137662481925,1,staged_v3,0.12795444658780927,2,0.9742974551362945,0.12795444658780927,2,1,1,1
v3_pelvis_proxy:v3_left_hand_proxy,295,0.024658203125000062,0.20000000000000018,0.02465818855036435,0.04432661641960544,0.7060685745763446,FLAT,0.0,-1,0.005202489401242874,0.03621014624584083,0.043456930570138316,SUPPORT,0.4422707554505003,0.0,0.062159630421826845,0.0046479590400393955,0.02465818855036435,0.028211961190805268,0,ok,0.09893886520549736,0.9399331739199966,FLAT,0.0,-1,0.005202479613374432,0.027953839899164366,0.07337084749448185,UNLOADING,0.40346406551650976,0.02758428443383875,0.0010842579408853444,2.500000000000002,0.0010000000000000009,0.6352137662481925,1,staged_v3,0.1282631481772465,2,0.9743528600316784,0.1282631481772465,2,1,1,1
v3_pelvis_proxy:v3_left_hand_proxy,296,0.05438232421875007,0.40000000000000036,0.054382298002853616,0.061516020042922614,0.7060512058564223,FLAT,0.0,-1,0.006724061603716397,0.036812394751241866,0.03331303699475289,SUPPORT,0.44381660436040027,0.0,0.06430424875605112,0.010250821673465749,0.054382298002853616,0.02860204302043999,0,ok,0.11419461819883678,0.9461422249871396,FLAT,0.0,-1,0.0005791133334903042,0.02586883557756873,0.08373668212641339,UNLOADING,0.3458263418712941,0.027735329455783324,0.0014515046505373464,2.500000000000002,0.0020000000000000018,0.6372137662481925,1,staged_v3,0.12763593063763282,2,0.9744092572530016,0.12763593063763282,2,1,1,1
v3_pelvis_proxy:v3_left_hand_proxy,297,0.10327148437500006,0.6000000000000005,0.09512187169988721,0.10084891157388576,0.7124858492417118,FLAT,0.0,-1,0.002631041581010996,0.03819187968652916,0.026831863103661764,SUPPORT,0.44505328348832024,0.0,0.06836075041633095,0.017930050399684594,0.09512187169988721,0.02924779377364231,0,ok,0.13737184402866934,0.9523723181495765,FLAT,0.0,-1,0.0026310373912404443,0.022246883499191013,0.09114188165741074,UNLOADING,0.2964225787468235,0.02743168527243612,0.0021254088104344206,2.500000000000002,0.0030000000000000027,0.6402137662481925,1,staged_v3,0.12899976075659203,2,0.9745317561222907,0.12899976075659203,2,1,1,1
v3_pelvis_proxy:v3_right_hand_proxy,298,0.5318126259823459,0.40000000000000036,0.6857561270757517,0.08532866380597041,0.7164603221537094,FLAT,0.0,-1,0.0038558982892965958,0.011660665441137488,0.022210642867321183,SUPPORT,0.4460426267906562,0.014449866702228573,0.043095590410693684,0.12926198465852223,0.6857561270757517,0.030685473422974938,0,ok,0.044838884802185376,0.9557475974169174,FLAT,0.0,-1,0.002809542126917409,0.008785767737672506,0.0964479389824167,UNLOADING,0.25407649606870586,0.021036629211448332,0.028669235420286193,-2.500000000000002,0.0020000000000000018,0.6422137662481925,0,staged_v3,0.13581746882844722,2,0.9756501065159461,0.1372299974441261,2,1,0,0
v3_pelvis_proxy:v3_right_hand_proxy,299,0.6991577148437499,0.6000000000000005,0.5753302250306922,0.05837760658039812,0.7079160329901943,FLAT,0.0,-1,0.009477772026995835,0.0009555952364897384,0.01885497000160738,SUPPORT,0.44683410143252494,0.024987153263590633,0.022582854223450258,0.10844719250067511,0.5753302250306922,0.019612185421214075,0,ok,0.052400106548749305,0.9500630070138105,FLAT,0.0,-1,0.009421548124920536,0.024935921877527207,0.10026310453610726,SUPPORT,0.2932611968549647,0.005077233349278159,0.03671817664951169,2.500000000000002,0.0030000000000000027,0.6452137662481925,1,staged_v3,0.12667984990853137,2,0.9633123243155183,0.12487887141751972,2,1,1,1
v3_pelvis_proxy:v3_right_hand_proxy,300,0.49900019896389175,0.40000000000000036,0.9999878675059097,0.0894856839105394,0.7119443363274494,FLAT,0.0,-1,0.003950607778851241,0.021882881135439673,0.04479739501049299,SUPPORT,0.44746728114601997,0.005356988615084976,0.03329796446471759,0.18849327229412938,0.9999878675059097,0.019276574724988338,0,ok,0.0405145150169225,0.9535570289595845,FLAT,0.0,-1,0.003950558398534194,0.016770705993288535,0.10298358076572474,SUPPORT,0.3246089574839718,0.020806335023257887,0.009342844015028353,-2.500000000000002,0.0020000000000000018,0.6472137662481925,0,staged_v3,0.20158221992507544,2,0.9244315320988726,0.15916519307844287,2,0,0,0
v3_pelvis_proxy:v3_right_hand_proxy,301,0.9879150390624998,0.6000000000000005,0.6503436774512799,0.19535894119374478,0.7042179754497669,FLAT,0.0,-1,0.012188658380645045,0.017248354221970935,0.06341720025535819,UNLOADING,0.3835433838394457,0.010922505790796976,0.08047959553252539,0.12258689516337065,0.6503436774512799,0.0276135151984528,0,ok,0.09255325457996331,0.9466136968677537,FLAT,0.0,-1,0.007049360063864705,0.003357644336626082,0.1049328871639174,SUPPORT,0.3496871659871774,0.02688900002156979,0.018018749316953773,2.500000000000002,0.0030000000000000027,0.6502137662481925,1,staged_v3,0.22003904888885495,2,0.962133039279575,0.22065966522292843,2,1,1,1
v3_pelvis_proxy:v3_left_hand_proxy,302,0.7277595642456279,0.40000000000000036,0.5620698614190289,0.06794312494084888,0.711050364322841,FLAT,0.0,-1,0.00201411354360146,0.01503754371220269,0.0766937381871221,UNLOADING,0.328751471862382,0.013797143197153416,0.04746214875652069,0.10594767284629528,0.5620698614190289,0.0397605007061244,0,ok,0.02188891171525521,0.9525568843559046,FLAT,0.0,-1,0.002014113543602312,0.0025013822734775747,0.07798275728950317,SUPPORT,0.36974973278974194,0.026397755590997586,0.025026754311827076,-2.500000000000002,0.0020000000000000018,0.6522137662481925,0,staged_v3,0.18684997173682036,2,0.9750512682636605,0.18285978027160787,2,0,0,0
v3_pelvis_proxy:v3_left_hand_proxy,303,0.03000273129747372,0.20000000000000018,0.17197721380970166,0.06687716616962947,0.7029573881772855,FLAT,0.0,-1,0.014963480030178193,0.0150359390669287,0.08620532255080432,UNLOADING,0.2962664122518914,0.014274327060611516,0.047439746661973106,0.03241694108936399,0.17197721380970166,0.042044980473964474,0,ok,0.024041459467396567,0.929149611277319,FLAT,0.0,-1,0.019720401101847022,0.005165134408623995,0.05840248723804721,SUPPORT,0.44026008372239384,0.02275498995327837,0.02588392175988089,-2.500000000000002,0.0010000000000000009,0.6532137662481925,0,staged_v3,0.1317293808059466,2,0.9788472028275814,0.13006378862683654,2,0,0,0
v3_pelvis_proxy:v3_left_hand_proxy,304,0.00910090118931315,0.0,0.4076797862604493,0.07024543035495603,0.6906020635764036,FLAT,0.0,-1,0.02041848833245792,0.006778478938229658,0.09207347920847705,SUPPORT,0.3270131298015131,0.022825195022194197,0.040445653749131144,0.07684582929197309,0.4076797862604493,0.04213664000445129,0,ok,0.02145045711171343,0.9132861354820562,FLAT,0.0,-1,0.01781784055483257,0.0020605884360713382,0.04347978085561923,SUPPORT,0.490859243764514,0.025113400606709625,0.024248998345677616,-2.500000000000002,0.0,0.6532137662481925,0,staged_v3,0.12067467262020695,2,0.9799514815558094,0.12095490794432756,2,0,0,0
v3_pelvis_proxy:v3_left_hand_proxy,305,0.24988884849926432,0.10856933593750284,0.5428352610765725,0.052120178419729005,0.699120476471006,FLAT,0.0,-1,0.003213171297841671,0.013148047264504085,0.0962781971890516,SUPPORT,0.35161050384121045,0.016665862594948497,0.04297367562991953,0.10232203609845947,0.5428352610765725,0.009992299802564185,0,ok,0.048785593357689866,0.9256956047711588,FLAT,0.0,-1,0.0032134735714931585,0.009905168227508719,0.06117861864709631,SUPPORT,0.5372812284891473,0.0181537627048461,0.017519630132422317,-1.3571166992187855,-0.0005428466796875142,0.652670919568505,1,staged_v3,0.18476670802299813,2,1.0133740461356178,0.14829096781723453,2,0,1,1
v3_pelvis_proxy:v3_left_hand_proxy,306,0.34442348353983004,0.09143066406249734,0.4631945303427861,0.056088422434260196,0.703306114915679,FLAT,0.0,-1,0.005926755766103234,0.0029005520043460216,0.09929100927426586,SUPPORT,0.37128840307296834,0.027063998459367276,0.02331181686054388,0.0873101120224723,0.4631945303427861,0.014301138274917184,0,ok,0.039075716059697486,0.936332897383318,FLAT,0.0,-1,0.00023553183642277713,0.025971431316671224,0.07381838002314715,SUPPORT,0.5248124815621262,0.008263469943661082,0.02042744905749628,2.500000000000002,0.0004571533203124867,0.6531280728888175,1,staged_v3,0.17822872490678804,2,0.9938263264573296,0.1762388289082427,2,1,1,1
v3_pelvis_proxy:v3_right_hand_proxy,307,0.4312148745723227,0.09143066406249734,0.9993591429526357,0.05243675038771698,0.7109906345524242,FLAT,0.0,-1,0.000957825857607031,0.01043811779663531,0.10144978346619699,SUPPORT,0.38703072245837467,0.01963437137667454,0.03789236614200654,0.18837476050786756,0.9993591429526357,0.02113821798550873,0,ok,0.05719805405027304,0.9458796258640338,FLAT,0.0,-1,0.000958280592123018,0.04007783262147621,0.08362178170220626,SUPPORT,0.517068924237774,0.0,0.0321665821242445,0.0,0.0004571533203124867,0.65358522620913,0,staged_v3,0.14968755606142953,2,0.9952810119358577,0.14454783868953017,2,1,0,0
v3_pelvis_proxy:v3_left_hand_proxy,308,0.6230542467387609,0.10856933593750284,0.5012327118409138,0.07047518477646256,0.701021379399924,FLAT,0.0,-1,0.013813148281419321,0.008274202236553747,0.10268697215519289,SUPPORT,0.39962457796669976,0.0218601463712059,0.04336158324780982,0.09448014031549828,0.5012327118409138,0.026413697314425846,0,ok,0.022478457255435073,0.9388207814769758,FLAT,0.0,-1,0.011225160151334755,0.006012944870723518,0.0905836737665034,SUPPORT,0.5074876493466633,0.023516238817601655,0.028120654602802022,-2.500000000000002,-0.0005428466796875142,0.6530423795294424,0,staged_v3,0.16142831335021807,2,0.9875528171639575,0.16256803086207378,2,1,0,0
v3_pelvis_proxy:v3_left_hand_proxy,309,0.07372323261467098,0.308569335937503,0.2252155674252671,0.07072216978767287,0.6999524201699908,FLAT,0.0,-1,0.0109672222465519,0.0027643500960187308,0.10276144252761817,SUPPORT,0.4096996623733598,0.02737372203036218,0.037952014986583626,0.042452134325836555,0.2252155674252671,0.025507619290927874,0,ok,0.02409148782195955,0.9429225115843347,FLAT,0.0,-1,0.003174994389125503,0.0068895836649873615,0.09564553212592813,SUPPORT,0.5453277373116994,0.022892692941309047,0.02770136638214251,-2.500000000000002,-0.001542846679687515,0.6514995328497549,1,staged_v3,0.13430685130809225,2,0.9887977466330387,0.13430685130809225,2,1,0,0
v3_pelvis_proxy:v3_right_hand_proxy,310,0.8378645335540621,0.5085693359375032,0.9999999999999999,0.11595865331492565,0.7096337321520808,FLAT,0.0,-1,0.0013488771046497184,0.011824173184433264,0.1027945441461435,SUPPORT,0.41775972989868787,0.018315554022873912,0.04804713818834818,0.18849555921538758,0.9999999999999999,0.01620706612189269,0,ok,0.12700451909957064,0.9521871617772759,FLAT,0.0,-1,0.0013488816197970799,0.06110342300665795,0.09925225065667703,SUPPORT,0.5722593166905415,0.01728782861121266,0.012674783921621195,-2.500000000000002,-0.002542846679687516,0.6489566861700674,0,staged_v3,0.25706778563212757,2,0.9884498198289289,0.18072455135853321,2,0,0,0
v3_pelvis_proxy:v3_right_hand_proxy,311,0.6474238932663838,0.7085693359375034,0.9999999999999999,0.06915630132936532,0.7120037153697716,FLAT,0.0,-1,0.0051000810201463935,0.010162669895483083,0.1028888731949143,UNLOADING,0.3580797684845896,0.019981773764262634,0.042223930564359066,0.18849555921538758,0.9999999999999999,0.021180564516930102,0,ok,0.026673964016115843,0.9575375708680288,FLAT,0.0,-1,0.00219568431428251,0.002968199527341794,0.10178339417133327,UNLOADING,0.4905079857347499,0.027120970181224873,0.02310288847108109,-2.500000000000002,-0.003542846679687517,0.6454138394903799,0,staged_v3,0.2829639747541468,2,0.9781285401739982,0.28478871825405205,2,1,0,0
v3_pelvis_proxy:v3_left_hand_proxy,312,0.2083178457853917,0.9085693359375036,0.5239207570369093,0.06687548062312546,0.7161984587655417,FLAT,0.0,-1,0.001889325932651408,0.003938852152624348,0.07449972163289854,UNLOADING,0.3209049701889434,0.02478613392902058,0.03606297115235988,0.09875673608222144,0.5239207570369093,0.04177231692043966,0,ok,0.027302594586619253,0.9600319031204544,FLAT,0.0,-1,0.001889325932651408,0.0035385011370757296,0.0752579090784834,UNLOADING,0.525984720329517,0.025224394316848444,0.025196494801051135,-2.500000000000002,-0.004542846679687518,0.6408709928106924,0,staged_v3,0.23699468856408984,2,0.9819073323027451,0.23612231797713906,2,0,0,0
v3_torso_proxy:v3_right_forearm_proxy,313,1.0,1.0000000000000009,1.0,0.025421042455107366,0.7205620309149554,FLAT,0.0,-1,0.0014712673057544752,0.052688032616515626,0.054152377822554096,UNLOADING,0.2913345381181728,0.0,0.07563140471635654,0.1884955592153876,1.0,0.037330335628473585,0,ok,0.04916412871777329,0.950684521512052,FLAT,0.0,-1,0.011390796929356739,0.0022113162561900367,0.05624382821133394,UNLOADING,0.553965466636941,0.025600875154376663,0.017078106791455588,-1.1428833007812167,-0.0050000000000000044,0.6358709928106924,0,staged_v3,0.2425658390399925,2,0.9824890646416381,0.1964079411526243,2,0,0,0
v3_pelvis_proxy:v3_right_hand_proxy,314,0.9999999999999999,0.8000000000000007,1.0,0.23042120044149406,0.7208354413655189,FLAT,0.0,-1,0.005336140412441789,0.0827550651122268,0.04073403190025163,SUPPORT,0.3398608352678843,0.0,0.09769920626911247,0.1884955592153876,1.0,0.025501845600127415,0,ok,0.2028715969437031,0.9346102183843243,FLAT,0.0,-1,0.01636286528137961,0.04817595002880465,0.04148208268917014,SUPPORT,0.539113257117378,0.0074611646663651846,0.019612939468093324,2.500000000000002,-0.0040000000000000036,0.6318709928106924,0,staged_v3,0.3139538953965327,2,0.9823245895696691,0.31337104316307135,2,1,1,1
v3_pelvis_proxy:v3_right_hand_proxy,315,0.24962422494488942,0.6000000000000005,0.36688232421874994,0.27417643999335684,0.7227111096539531,FLAT,0.0,-1,0.00323925861754468,0.09588209963230679,0.05942137259237322,UNLOADING,0.29130928737247225,0.0,0.12066010410336997,0.06915568886985442,0.36688232421874994,0.028010419297639838,0,ok,0.2117999905885856,0.9416857132633324,FLAT,0.0,-1,0.0032393169105430584,0.03773411836935161,0.05925169365260609,UNLOADING,0.46209707752918117,0.019093589760239917,0.008868994922390388,2.500000000000002,-0.0030000000000000027,0.6288709928106924,1,staged_v3,0.33789775664424754,2,0.9439797350348861,0.3033138881685028,2,0,1,1
v3_pelvis_proxy:v3_left_hand_proxy,316,1.0000000000000002,0.8000000000000007,0.576117526697654,0.12391167230087745,0.7232398353211464,FLAT,0.0,-1,0.0039401094018367035,0.025496344621744264,0.04458779830857088,UNLOADING,0.24969367489069913,0.0017330452936842808,0.03545686797935996,0.10859559536866029,0.576117526697654,0.031089210853867483,0,ok,0.1404399512953559,0.945294269558471,FLAT,0.0,-1,0.0052059890397427215,0.01590123657548017,0.04362284514132556,UNLOADING,0.39608321139162433,0.018711169690147737,0.008469972566918543,-2.500000000000002,-0.0040000000000000036,0.6248709928106924,0,staged_v3,0.15480305277184692,2,0.9660210457891261,0.15480305277184692,2,1,1,1
v3_pelvis_proxy:v3_left_hand_proxy,317,0.14294433593750008,0.6000000000000005,0.14294433593750025,0.127501840339249,0.726042402433625,FLAT,0.0,-1,0.002248935708519657,0.023267829718876778,0.033912532062094054,UNLOADING,0.21423872550053705,0.004115728857734282,0.022579897745370423,0.026944372539211336,0.14294433593750025,0.02026357399539363,0,ok,0.12647558240225917,0.9517136141329848,FLAT,0.0,-1,0.0022489353862945025,0.0010377536751392984,0.03244492399335489,UNLOADING,0.33954918809963625,0.02558449252452845,0.006759618290635249,2.500000000000002,-0.0030000000000000027,0.6218709928106924,1,staged_v3,0.35105200114942875,2,1.0938843136590868,0.3224732421548489,2,0,1,1
v3_pelvis_proxy:v3_left_hand_proxy,318,0.0,0.0,0.0,0.127501840339249,0.7257150460230483,FLAT,0.0,-1,0.0035381528761919785,0.023267829718876778,0.026194705584613905,SUPPORT,0.26139098040042963,0.0037298375338602717,0.022579897745370423,0.0,0.0,0.02026357399539363,0,ok,0.12647558240225917,0.9575622875773704,FLAT,0.0,-1,0.0015717388738699669,0.0010377536751392984,0.024445537005592075,SUPPORT,0.361639350479709,0.02518452317514031,0.006759618290635249,7.500000000000006,0.0,0.6218709928106924,1,staged_v3,0.33083248401582727,2,1.0462270852732234,0.14725366014617905,2,0,1,1
v3_pelvis_proxy:v3_left_hand_proxy,319,0.9999999999999999,0.20000000000000018,0.9999999883186427,0.15442075539627279,0.7242017836895583,FLAT,0.0,-1,0.0039914818795479465,0.05119271224646449,0.04911967318940705,UNLOADING,0.22404941177179682,0.0,0.030828385116293038,0.18849555701350362,0.9999999883186427,0.01513177784491336,0,ok,0.1614225442711275,0.9508172136410586,FLAT,0.0,-1,0.00416317429334592,0.02838809443172089,0.047313234087925884,UNLOADING,0.30997658612546486,0.004471914932940264,0.022893746771456034,2.500000000000002,0.0010000000000000009,0.6228709928106924,0,staged_v3,0.34501620081238044,2,1.0474280062830035,0.16436686344485618,2,0,1,1
v3_pelvis_proxy:v3_left_hand_proxy,320,0.9999999999999999,0.40000000000000036,1.0000000000000002,0.10317804900446279,0.7246302356124406,FLAT,0.0,-1,0.0014856340300620045,0.014718224621329181,0.037079622759103176,UNLOADING,0.1920495337717116,0.02078776169514062,0.00606621944281454,0.18849555921538763,1.0000000000000002,0.02905141035025062,0,ok,0.23071960021818708,0.9541814820584081,FLAT,0.0,-1,0.0014856340300633513,0.05283221775914734,0.03523214528966381,UNLOADING,0.26569812823839645,0.0,0.07196706795124504,2.500000000000002,0.0020000000000000018,0.6248709928106924,0,staged_v3,0.35811458314912126,2,1.068482947476035,0.2008390237632915,2,0,1,1
v3_pelvis_proxy:v3_left_hand_proxy,321,0.1405639648437501,0.6000000000000005,0.14056396484375006,0.05789944928428071,0.7126151580630016,FLAT,0.0,-1,0.013035318772332527,0.0021651908814754083,0.027959926691283367,UNLOADING,0.1660137698563965,0.02423280545308876,0.008751282955000017,0.02649568315875475,0.14056396484375006,0.033318258806720666,0,ok,0.1886969313504075,0.9475278384328895,FLAT,0.0,-1,0.008107624976515617,0.046173030903857416,0.026749082759173377,UNLOADING,0.22774125285031951,0.0,0.05266643523080897,2.500000000000002,0.0030000000000000027,0.6278709928106924,1,staged_v3,0.27381085194994764,2,1.0764579691641667,0.27235506713331514,2,1,1,1
v3_torso_proxy:v3_left_forearm_proxy,322,0.48999023437499994,0.8000000000000007,0.4899902343750001,0.02384230737389779,0.7166373381078304,FLAT,0.0,-1,0.0016227910800694204,0.006669344831499106,0.021407351812657766,SUPPORT,0.2228110158851172,0.019401022759133784,0.032363440573924346,0.09236098323859449,0.4899902343750001,0.057849004981648675,0,ok,0.12840319363064526,0.9530143511724788,FLAT,0.0,-1,0.0016227886068846454,0.03180416685818046,0.02067047716955123,SUPPORT,0.2721930022802556,0.023584125936167908,0.0024493979223096556,2.500000000000002,0.0040000000000000036,0.6318709928106924,1,staged_v3,0.28937921875365946,2,1.0184081326674905,0.18345394216948513,2,0,1,1
v3_torso_proxy:v3_left_forearm_proxy,323,0.14343261718750025,1.0000000000000009,0.14343261718749997,0.04693832461978695,0.716957623322936,FLAT,0.0,-1,0.004767912844056241,0.015100619658443445,0.04504916102902158,SUPPORT,0.28733095069440573,0.012151838393007635,0.035728961045216605,0.027036411386484424,0.14343261718749997,0.05614341373870796,0,ok,0.07487582203818836,0.9482680201876439,FLAT,0.0,-1,0.006421064748536343,0.024397518577025643,0.04467650802062979,UNLOADING,0.23330828766879053,0.02491431700237214,0.0023195083986593543,2.500000000000002,0.0050000000000000044,0.6368709928106924,1,staged_v3,0.3110569888173788,2,1.0734895225921635,0.22027739997594883,2,0,1,1
v3_pelvis_proxy:v3_left_hand_proxy,324,1.0000000000000002,1.0000000000000009,1.0,0.17441089035770377,0.7122347500390531,FLAT,0.0,-1,0.009618376117109194,0.09683042996811966,0.033533932672276806,SUPPORT,0.3198647605555246,0.0,0.047949979653969896,0.1884955592153876,1.0,0.014454070222324804,0,ok,0.21796110561207035,0.9484416810919549,FLAT,0.0,-1,0.005354825598277729,0.057559723100083116,0.06182360470683391,UNLOADING,0.21347647618148044,0.02285239337752201,0.00523878685781969,0.0,0.0050000000000000044,0.6418709928106924,0,staged_v3,0.24128714781528499,2,1.068782443143627,0.1785585783093811,2,0,1,1
v3_pelvis_proxy:v3_left_hand_proxy,325,1.0,0.8000000000000007,1.0,0.163320587140002,0.7199412376187624,FLAT,0.0,-1,0.0004934754842662502,0.021929288520484036,0.025296740265930897,SUPPORT,0.3458918084444197,0.004335548492812511,0.033870674755533625,0.1884955592153876,1.0,0.036854359048431456,0,ok,0.14518474759880856,0.9583408370366197,FLAT,0.0,-1,0.0004934754842662502,0.03175277919908305,0.07411003707710997,UNLOADING,0.18297983672698323,0.010924764721914882,0.01778073713194062,-2.500000000000002,0.0040000000000000036,0.6458709928106924,0,staged_v3,0.25358841385437264,2,1.0001341936567043,0.21968404313554835,2,0,0,0
v3_pelvis_proxy:v3_left_hand_proxy,326,0.29156494140625,1.0000000000000009,0.29156494140625,0.14094106982915378,0.7237987462773806,FLAT,0.0,-1,0.0022568133596305912,0.024899210712421793,0.019406879521744577,SUPPORT,0.36671344675553574,0.0010711332636654386,0.029525158574779956,0.05495869667797282,0.29156494140625,0.038900213206694984,0,ok,0.080047279197902,0.9583503197615091,FLAT,0.0,-1,0.0034054605278746315,0.003208087370643092,0.08290532263282252,UNLOADING,0.15683986005169992,0.025937178760998037,0.026760064204639476,2.500000000000002,0.0050000000000000044,0.6508709928106924,1,staged_v3,0.34455991934883345,2,1.0692848256135314,0.3463446657843617,2,0,1,1
v3_pelvis_proxy:v3_left_hand_proxy,327,0.9999999999999999,0.8000000000000007,1.0000000000000002,0.04382535720406479,0.727765293838783,FLAT,0.0,-1,0.001574675955481085,0.022673490398141143,0.015181785723266044,SUPPORT,0.3833707574044286,0.003085598888022161,0.0454769653040557,0.18849555921538763,1.0000000000000002,0.04086771572013191,0,ok,0.030401350918202896,0.9641262165615383,FLAT,0.0,-1,0.0015746782489938398,0.01507820249215222,0.08920742011892796,UNLOADING,0.13443416575859993,0.014382168513794178,0.02743780874988408,-2.500000000000002,0.0040000000000000036,0.6548709928106924,0,staged_v3,0.2992082632419262,2,1.0182995247127098,0.1601100305746946,2,0,0,0
v3_torso_proxy:v3_right_forearm_proxy,328,0.5632512626989149,0.6000000000000005,0.9268319646273788,0.07090441865938679,0.7251034733463052,FLAT,0.0,-1,0.005679002972771678,0.007821712135847814,0.012206920027726562,SUPPORT,0.3966966059235429,0.017788633865538517,0.043049470329069646,0.17470370947113412,0.9268319646273788,0.04453271504988003,0,ok,0.02371278964522078,0.9553985468695965,FLAT,0.0,-1,0.010274797541947262,0.01133639945152571,0.0936016560661789,SUPPORT,0.22721487479677335,0.018343683351783237,0.033469362870154826,-2.500000000000002,0.0030000000000000027,0.6578709928106924,0,staged_v3,0.21755850656504439,2,1.0162101484558794,0.21900011520165177,2,1,0,0
v3_torso_proxy:v3_right_forearm_proxy,329,0.22507081397072587,0.40000000000000036,0.42895991410831213,0.07200449161231481,0.7200838935378071,FLAT,0.0,-1,0.00854615913635112,0.008258727302225832,0.03847410596687843,SUPPORT,0.4073572847388343,0.01866497799611809,0.04322282613356283,0.08085703889083093,0.42895991410831213,0.04349428307875053,0,ok,0.021990716346085466,0.9384010264659268,FLAT,0.0,-1,0.009401645054814774,0.009260629490077322,0.09601248888749939,SUPPORT,0.317259644078214,0.02053999495429765,0.031245675025615254,-2.500000000000002,0.0020000000000000018,0.6598709928106924,0,staged_v3,0.18624698242314347,2,0.9925295145821142,0.18129300818897137,2,0,0,0
v3_pelvis_proxy:v3_left_hand_proxy,330,0.04189199346467926,0.20000000000000018,0.2749878944523486,0.07192011364642292,0.7236291625220066,FLAT,0.0,-1,0.0013725824299202325,0.009432889492921627,0.057236512376678594,SUPPORT,0.4158858277910675,0.018428936125912305,0.044392885346707024,0.05183399694225743,0.2749878944523486,0.044088921807268824,0,ok,0.021492219705057127,0.9476324660359248,FLAT,0.0,-1,0.0013725904389566077,0.009154044825100988,0.09768107133226872,SUPPORT,0.39474358135131266,0.02073000874151245,0.03110053109111624,-2.500000000000002,0.0010000000000000009,0.6608709928106924,0,staged_v3,0.11639942830435206,2,0.9855852913681492,0.11634923043965685,2,0,0,0
v3_pelvis_proxy:v3_left_hand_proxy,331,0.016198031162001022,0.0,0.21145759810341638,0.07182103321182814,0.7176601257267938,FLAT,0.0,-1,0.008744555401981886,0.009540485513762149,0.06970373909319297,SUPPORT,0.42270866223285397,0.0189447014408975,0.04450472574907902,0.03985881820484616,0.21145759810341638,0.04316905402320023,0,ok,0.02159688438035495,0.9485198018886589,FLAT,0.0,-1,0.0016451984505175756,0.009398854515523112,0.09868350006483603,SUPPORT,0.45793305372752013,0.02053532048771869,0.03137243068571944,-2.500000000000002,0.0,0.6608709928106924,0,staged_v3,0.11675848517316799,2,0.9825903295525351,0.1166065873990881,2,0,0,0
v3_pelvis_proxy:v3_left_hand_proxy,332,0.009617627541859181,0.20000000000000018,0.16522252161269096,0.07179727951871122,0.721833496359381,FLAT,0.0,-1,0.0023679889470870274,0.008553147913260017,0.0782917804669601,SUPPORT,0.4281669297862832,0.020361441110087992,0.04352343523122633,0.031143711606360647,0.16522252161269096,0.042619173815117095,0,ok,0.02176626481771814,0.9554808548069949,FLAT,0.0,-1,0.0023678668524565734,0.009050950878601777,0.09905668657608666,SUPPORT,0.5092105259762237,0.02090188345020256,0.030999448172342625,-2.500000000000002,-0.0010000000000000009,0.6598709928106924,0,staged_v3,0.11701189443706249,2,0.9813285642427155,0.11676524223458508,2,0,0,0
