active_collision_pair,frame_idx,frame_root_angular_budget_usage,frame_root_z_budget_usage,frame_velocity_budget_usage_max,left_anchor_error_xy,left_contact_confidence,left_contact_phase,left_contact_slack,left_elbow_branch_sign,left_foot_vxy,left_heel_height,left_liftoff_probability,left_load_phase,left_lock_weight,left_swing_clearance_error,left_toe_height,max_joint_delta,max_joint_velocity_ratio,min_self_collision_distance,qp_resolve_count,qp_status,right_anchor_error_xy,right_contact_confidence,right_contact_phase,right_contact_slack,right_elbow_branch_sign,right_foot_vxy,right_heel_height,right_liftoff_probability,right_load_phase,right_lock_weight,right_swing_clearance_error,right_toe_height,root_ddz,root_dz,root_z,safety_backtracked,solver_mode,stage_a_high_priority_error,stage_a_iterations,stage_b_detail_error,stage_b_high_priority_error,stage_b_iterations,stage_b_rejected,stage_c_iterations,stage_c_triggered
v3_pelvis_proxy:v3_left_hand_proxy,0,1.0,1.0000000000000009,1.0,0.0,0.07989951813250866,AIR,0.0,-1,0.0,0.08892306283343501,0.002596388012585616,UNLOADED,0.01593841359628361,0.0,0.13862949535384642,0.1884955592153876,1.0,0.04738453110508899,0,ok,0.0,0.1946822474054534,AIR,0.0,-1,0.0,0.1031761541914844,0.002466518936434625,UNLOADED,0.038840411991128046,0.0,0.09113808624016317,0.0,-0.0050000000000000044,0.745,0,staged_v3,0.6768821399254811,2,1.0607157792105992,0.6427891845314618,2,0,0,0
v3_torso_proxy:v3_left_forearm_proxy,1,1.0000000000000002,1.0000000000000009,0.8144170758460098,0.0,0.1407524215742723,AIR,0.0,-1,0.0021105937517069285,0.10320396101921184,0.004713469454865891,UNLOADED,0.0407685287439236,0.0,0.17905567973001918,0.15351400214615435,0.8144170758460098,0.05009765567569241,0,ok,0.0,0.3389694408800384,AIR,0.0,-1,0.002046189995510988,0.09546011791897041,0.00444948366700078,UNLOADED,0.09856456997074849,0.0,0.09967335548415862,0.0,-0.0050000000000000044,0.74,0,staged_v3,0.5711389934323621,2,1.037350833117199,0.5420093686135004,2,0,0,0
v3_torso_proxy:v3_left_forearm_proxy,2,0.9999999999999999,1.0000000000000009,0.6448091507973317,0.0,0.18436661826343448,FLAT,0.0,-1,0.00966503920895316,0.11326917925029766,0.007717067771528653,UNLOADED,0.06920359271023649,0.0,0.19312086364533293,0.12154366146674223,0.6448091507973317,0.04865826539115088,0,ok,0.0,0.4454690633286834,FLAT,0.0,-1,0.009665040352450026,0.07879283745066169,0.008046141402498213,UNLOADED,0.16722860722753927,0.0,0.10601376370999094,0.0,-0.0050000000000000044,0.735,0,staged_v3,0.4809143096099491,2,1.0038350281435606,0.4632382618851179,2,0,0,0
v3_torso_proxy:v3_left_forearm_proxy,3,0.9999999999999997,1.0000000000000009,0.5143406387816728,0.0,0.21652401506378904,FLAT,0.0,-1,0.01112306084266623,0.11637861398510657,0.010177317902614164,UNLOADED,0.09822695043397608,0.0,0.1878038894083855,0.0969509263343511,0.5143406387816728,0.04885830248643652,0,ok,0.0,0.5233323841268235,FLAT,0.0,-1,0.013646006656291539,0.062183652859505875,0.010859295794300115,UNLOADED,0.2373127583758022,0.0,0.1057370945687216,0.0,-0.0050000000000000044,0.73,0,staged_v3,0.42766900948336334,2,0.9723543774245104,0.4257019066882326,2,0,0,0
v3_torso_proxy:v3_left_forearm_proxy,4,0.9999999999999997,1.0000000000000009,0.5446420484552975,0.0,0.24222224330859782,FLAT,0.0,-1,0.009177805949031882,0.11349967240393169,0.012306486002342708,UNLOADED,0.12642982807955377,0.0,0.1729934429736341,0.10266260749579553,0.5446420484552975,0.052159759752836224,0,ok,0.0,0.5862168676066747,FLAT,0.0,-1,0.009177805949031882,0.04928582366608952,0.01319829059145797,UNLOADED,0.30554616810831925,0.0,0.10087652339328829,0.0,-0.0050000000000000044,0.725,0,staged_v3,0.4104339115354961,2,0.9513261077264199,0.40786515969851295,2,0,0,0
v3_torso_proxy:v3_left_forearm_proxy,5,0.6018786253559218,1.0000000000000009,0.3862526429688385,0.0,0.2616859487055534,FLAT,0.0,-1,0.012195927628134663,0.10780770058385408,0.013971054093845792,LOADING,0.15274984649576076,0.0,0.1624333774171106,0.07280690793483266,0.3862526429688385,0.05326034714337512,0,ok,0.024694977795307334,0.6410086367003245,FLAT,0.0,-1,0.005542459687444855,0.04608380497442692,0.015100225333974772,SUPPORT,0.37070278685568053,0.0,0.10147145452511588,0.0,-0.0050000000000000044,0.72,0,staged_v3,0.39654324686533376,2,0.9424821669699266,0.3985323505704926,2,1,0,0
v3_torso_proxy:v3_left_forearm_proxy,6,0.35396013515844843,1.0000000000000009,0.4003442040035982,0.0,0.2770863796110241,FLAT,0.0,-1,0.0057777096782363445,0.10416482635358931,0.043681305177951754,LOADING,0.17519645417712484,0.0,0.15584701649530217,0.07546310461229747,0.4003442040035982,0.054499302143317926,0,ok,0.04093852162138701,0.6899244059220118,FLAT,0.0,-1,0.0010968037782105695,0.042553686240999075,0.044981200381398745,SUPPORT,0.39981531320795677,0.0,0.10082136728516844,0.0,-0.0050000000000000044,0.715,0,staged_v3,0.38554364039632183,2,0.9450891467073663,0.3870222235339576,2,1,0,0
v3_torso_proxy:v3_left_forearm_proxy,7,0.3359457358192133,1.0000000000000009,0.4420314868217346,0.0,0.2838484436669219,FLAT,0.0,-1,0.013366404542063164,0.10026833088531686,0.06519255421161793,LOADING,0.1932258910647564,0.0,0.14881659870208522,0.0833209722992721,0.4420314868217346,0.0574290303476626,0,ok,0.0579952625469996,0.7076119582685535,FLAT,0.0,-1,0.007714267073865281,0.040188102876078935,0.06680208217971556,SUPPORT,0.40985225056636543,0.0,0.09865756908594152,0.0,-0.0050000000000000044,0.71,0,staged_v3,0.37350728996858745,2,0.9530974579622188,0.37537715805814476,2,1,0,0
v3_torso_proxy:v3_left_forearm_proxy,8,0.36606875301074704,1.0000000000000009,0.5321397521052604,0.0,0.29322642585635467,FLAT,0.0,-1,0.01194077700384766,0.09711738610823398,0.080746942397568,LOADING,0.2084905705594625,0.0,0.14263171756566248,0.10030598015381881,0.5321397521052604,0.06426364888156615,0,ok,0.07555283241844288,0.7373562436748818,FLAT,0.0,-1,0.00397543490832908,0.039819617218167944,0.08255078184551334,SUPPORT,0.41788180045309237,0.0,0.09639117631570683,0.0,-0.0050000000000000044,0.705,0,staged_v3,0.3598056445477058,2,0.9649125861346818,0.36040426846371787,2,0,0,0
v3_torso_proxy:v3_left_forearm_proxy,9,0.28825598404676517,1.0000000000000009,0.5043048989398239,0.0,0.2930618471377274,FLAT,0.0,-1,0.02176516211095127,0.09588068513572842,0.09169715387964014,LOADING,0.22003023841646752,0.0,0.14025038310392218,0.09505923394072163,0.5043048989398239,0.07074491006095032,0,ok,0.10065696570327261,0.7256701189735009,FLAT,0.0,-1,0.026685532476603095,0.042187585426463066,0.09365170238917461,SUPPORT,0.4243054403624739,0.0,0.09759960095347053,0.0,-0.0050000000000000044,0.7,0,staged_v3,0.3412290859670061,2,0.9743321473086559,0.3379896631148655,2,0,0,0
v3_torso_proxy:v3_left_forearm_proxy,10,0.22585549145665096,1.0000000000000009,0.43390877341084205,0.0,0.29857852962793463,FLAT,0.0,-1,0.013929495722691488,0.09714352681902597,0.10099151660447607,LOADING,0.229709116952229,0.0,0.14019343289899794,0.08178987689253958,0.43390877341084205,0.07656720734879469,0,ok,0.12221664007700318,0.7338075578048163,FLAT,0.0,-1,0.017366056308962922,0.042586382322021575,0.10161231495670472,UNLOADING,0.3636903774535491,0.0,0.09541300319171295,0.0,-0.0050000000000000044,0.695,0,staged_v3,0.32163965973031,2,0.9817726516634883,0.31711875238055165,2,0,0,0
v3_torso_proxy:v3_left_forearm_proxy,11,0.21391493529282965,1.0000000000000009,0.39074344778172393,0.0,0.3070030050975409,FLAT,0.0,-1,0.009545666263200782,0.0977206467352559,0.07924827403388007,LOADING,0.24030200292585246,0.0,0.139373594987212,0.07365340469936466,0.39074344778172393,0.0814520491645788,0,ok,0.14116220962013298,0.7379160578713335,FLAT,0.0,-1,0.01834616654194086,0.046185299766533905,0.10728594422800733,UNLOADING,0.31173460924589924,0.0,0.0967375023946066,0.0,-0.0050000000000000044,0.69,0,staged_v3,0.3019378543356211,2,0.9904819778027358,0.29666125399315924,2,0,0,0
v3_torso_proxy:v3_left_forearm_proxy,12,0.1991728932180928,1.0000000000000009,0.39172901780227676,0.0,0.31131017542558514,FLAT,0.0,-1,0.012233608254200584,0.09872164784015149,0.06360674860742038,LOADING,0.2505433518123536,0.0,0.13940552617782304,0.07383918027153469,0.39172901780227676,0.0855316479662705,0,ok,0.1422949648914025,0.7155239351557648,FLAT,0.0,-1,0.025013549358736658,0.05047023606928405,0.1106688930645071,UNLOADING,0.2672010936393422,0.0,0.09878813261064044,0.0,-0.0050000000000000044,0.6849999999999999,0,staged_v3,0.2827437968392739,2,0.9990933490202341,0.2771035509400149,2,0,0,0
v3_torso_proxy:v3_left_forearm_proxy,13,0.1849844335963856,1.0000000000000009,0.39602161425781557,0.0,0.31996047518896387,FLAT,0.0,-1,0.006207927712690995,0.10012780155863207,0.05226702011145961,LOADING,0.2610821003693609,0.0,0.14033388344295744,0.07464831564090746,0.39602161425781557,0.08897122918254205,0,ok,0.14328697876897759,0.7413110068377327,FLAT,0.0,-1,0.01018231192755845,0.055467452625390996,0.11293764420643516,UNLOADING,0.2290295088337219,0.0,0.10202696479946476,0.0,-0.0050000000000000044,0.6799999999999999,0,staged_v3,0.2646656273992262,2,1.0071933862648514,0.2589661438869733,2,0,0,0
v3_torso_proxy:v3_left_forearm_proxy,14,0.17364321730904644,1.0000000000000009,0.39650777288692535,0.0,0.3274887612347828,FLAT,0.0,-1,0.004540496273506722,0.10206918077423463,0.0439614974257382,LOADING,0.27148405327564906,0.0,0.1421056882140304,0.0747399543835689,0.39650777288692535,0.09188499108279051,0,ok,0.14302996778986582,0.7479377127746144,FLAT,0.0,-1,0.018387120128686478,0.06084871661017959,0.1143786139993429,UNLOADING,0.19631100757176162,0.0,0.10585507481082096,0.0,-0.0050000000000000044,0.6749999999999999,0,staged_v3,0.2479081928434887,2,1.0148702597407362,0.24226591617126275,2,0,0,0
v3_torso_proxy:v3_left_forearm_proxy,15,0.1555504850668116,1.0000000000000009,0.3923621003255651,0.0,0.33428335732671516,FLAT,0.0,-1,0.0035468671010486317,0.10456818539492506,0.037720253779941926,LOADING,0.2815220634713073,0.0,0.1447202275842862,0.07395851351579141,0.3923621003255651,0.09441189494366582,0,ok,0.14232779008321447,0.7584825662205252,FLAT,0.0,-1,0.013069183805945513,0.06648480848793771,0.11520982871704603,UNLOADING,0.16826657791865282,0.0,0.1103235430396654,0.0,-0.0050000000000000044,0.6699999999999999,0,staged_v3,0.2328986931068301,2,1.0221808400843455,0.22730055161076862,2,0,0,0
v3_torso_proxy:v3_left_forearm_proxy,16,0.14337628277411263,1.0000000000000009,0.3811796525590124,0.0,0.3289315864681429,FLAT,0.0,-1,0.018543742294448304,0.10757241796179329,0.03296487172114812,LOADING,0.2888353305600832,0.0,0.14814140774498674,0.0718506717706382,0.3811796525590124,0.09665893627599781,0,ok,0.14096852946941676,0.7792362842700485,FLAT,0.0,-1,0.00779821052868329,0.0722808627475448,0.11556563005839572,UNLOADING,0.14422849535884527,0.0,0.11521031314437899,0.0,-0.0050000000000000044,0.6649999999999999,0,staged_v3,0.21927587787578037,2,1.0289448009879676,0.21381149448306827,2,0,0,0
v3_torso_proxy:v3_left_forearm_proxy,17,0.12631900645440786,1.0000000000000009,0.3650488854604075,0.0,0.31752595192696254,FLAT,0.0,-1,0.029898582959830552,0.11061296984534702,0.02853883839543562,LOADING,0.292761090467779,0.0,0.151391185334698,0.06881009380581349,0.3650488854604075,0.09861322888934629,0,ok,0.13863978389997236,0.7710662190028972,FLAT,0.0,-1,0.020667117564732402,0.07782889091480477,0.11637898972950664,UNLOADING,0.12362442459329595,0.0,0.11994156264680399,0.0,-0.0050000000000000044,0.6599999999999999,0,staged_v3,0.20708586565915335,2,1.0354333947517094,0.20179905722770583,2,0,0,0
v3_torso_proxy:v3_left_forearm_proxy,18,0.11603059082418714,1.0000000000000009,0.3393768859735092,0.0,0.3161609475929098,FLAT,0.0,-1,0.02267295119581453,0.11379384830708954,0.0251621506125781,LOADING,0.2958500040165755,0.0,0.15528200102740736,0.06397103590635345,0.3393768859735092,0.10042339846650683,0,ok,0.13639945691427852,0.780824979348826,FLAT,0.0,-1,0.01429080350314457,0.08328303227724697,0.11674742743547878,UNLOADING,0.10596379250853939,0.0,0.12488084579983509,0.0,-0.0050000000000000044,0.6549999999999999,0,staged_v3,0.19639725269109415,2,1.0410536887066053,0.191266382557697,2,0,0,0
v3_torso_proxy:v3_left_forearm_proxy,19,0.10098430055039645,1.0000000000000009,0.3120606710185235,0.0,0.3098037601381269,FLAT,0.0,-1,0.025269296101624594,0.11662873490958417,0.021982104860167485,LOADING,0.2972787274925997,0.0,0.15859348664607265,0.05882205069276569,0.3120606710185235,0.10206242656502604,0,ok,0.13354380636740062,0.7767075706528039,FLAT,0.0,-1,0.01574919314127196,0.08804895317744091,0.11674121205376267,UNLOADING,0.09082610786446234,0.0,0.12925001440179806,0.0,-0.0050000000000000044,0.6499999999999999,0,staged_v3,0.18701067929475518,2,1.0463427493271569,0.18311114373549442,2,0,0,0
v3_torso_proxy:v3_left_forearm_proxy,20,0.07849717991955316,1.0000000000000009,0.21665087166253752,0.0,0.30801695644331084,FLAT,0.0,-1,0.019863051274295315,0.1172248225036732,0.019056310065482633,LOADING,0.2982524399572599,0.0,0.1597180975503249,0.04083772720853118,0.21665087166253752,0.10282284564350239,0,ok,0.13123552989098738,0.7861509329355979,FLAT,0.0,-1,0.012054564866878009,0.09001421953972027,0.11650851551693688,UNLOADING,0.07785094959811058,0.0,0.13101319801272432,0.0,-0.0050000000000000044,0.6449999999999999,0,staged_v3,0.17878179937185434,2,1.0485295564404538,0.17991271403867734,2,1,0,0
v3_torso_proxy:v3_left_forearm_proxy,21,0.06766819596721906,1.0000000000000009,0.2027715874293215,0.0,0.3124380508650056,FLAT,0.0,-1,0.011301806629332174,0.11791066449680318,0.01669981222913509,LOADING,0.30004603078227254,0.0,0.16097641000658441,0.038221543765481814,0.2027715874293215,0.10359471358961359,0,ok,0.12944693993104128,0.7987550104702003,FLAT,0.0,-1,0.007023322430288164,0.09159619235697684,0.11604453127991189,UNLOADING,0.06672938536980907,0.0,0.13270572865037777,0.0,-0.0050000000000000044,0.6399999999999999,0,staged_v3,0.17591972173750436,2,1.0508094240232733,0.17782638605619033,2,1,0,0
v3_torso_proxy:v3_left_forearm_proxy,22,0.05968778331437681,1.0000000000000009,0.15913837151819074,0.0,0.31749207039826355,FLAT,0.0,-1,0.008974597661966944,0.11725112817612328,0.015176460470647758,LOADING,0.3025715575342421,0.0,0.16057036867469962,0.029996876331947475,0.15913837151819074,0.10399214126541384,0,ok,0.12713644892526343,0.795168435263402,FLAT,0.0,-1,0.012277328146038689,0.09180891538615094,0.11569161025825098,UNLOADING,0.05719661603126492,0.0,0.13262403659693547,0.0,-0.0050000000000000044,0.6349999999999999,0,staged_v3,0.17349028332311947,2,1.0515590969064152,0.17472596839035326,2,1,0,0
v3_torso_proxy:v3_left_forearm_proxy,23,0.05284696335404413,1.0000000000000009,0.1486839061986165,0.0,0.324266383197492,FLAT,0.0,-1,0.005976920026131356,0.1166537143141757,0.01362387897726057,LOADING,0.3060269694746767,0.0,0.16049242337867287,0.028026256045236453,0.1486839061986165,0.10439722935109458,0,ok,0.12559294318718628,0.8087834263486128,FLAT,0.0,-1,0.007400004014312634,0.09184619227860905,0.11507245021532317,UNLOADING,0.04902567088394136,0.0,0.1327739262879562,0.0,-0.0050000000000000044,0.6299999999999999,0,staged_v3,0.17103612035334154,2,1.0524387119281777,0.17259467809201273,2,1,0,0
v3_torso_proxy:v3_left_forearm_proxy,24,0.04750841770584274,1.0000000000000009,0.13760138354390497,0.0,0.3228485729798957,FLAT,0.0,-1,0.01900384140850302,0.11590243044958459,0.011996196580777375,LOADING,0.30861669918626244,0.0,0.16015714094071434,0.0259372497399194,0.13760138354390497,0.10481811943201905,0,ok,0.12403831085350299,0.7790618827792178,FLAT,0.0,-1,0.02693554680519952,0.09147422094593387,0.11397159153971544,UNLOADING,0.04202200361480688,0.0,0.13243794241784035,0.0,-0.0050000000000000044,0.6249999999999999,0,staged_v3,0.16912698898979567,2,1.0536232104531114,0.17096452281629168,2,1,0,0
v3_torso_proxy:v3_left_forearm_proxy,25,0.04951399674779348,1.0000000000000009,0.11456894088259362,0.0,0.328179553138153,FLAT,0.0,-1,0.008635968193724138,0.11422432639617083,0.01130619060681601,LOADING,0.31178717786043264,0.0,0.15877517045805162,0.021595736580379166,0.11456894088259362,0.10502625547434821,0,ok,0.12247885559965098,0.7807485177490221,FLAT,0.0,-1,0.01646444089163777,0.09045772817206417,0.11491370362385633,UNLOADING,0.036018860241263044,0.0,0.1314157397458784,0.0,-0.0050000000000000044,0.6199999999999999,0,staged_v3,0.16716129447425826,2,1.053630137236439,0.1682254484552919,2,1,0,0
v3_torso_proxy:v3_left_forearm_proxy,26,0.04374563307434064,1.0000000000000009,0.10804267896542166,0.0,0.33379982840223854,FLAT,0.0,-1,0.005135031006114075,0.1125084820101156,0.010862570299468296,LOADING,0.31546452314839984,0.0,0.157393906752347,0.02036556519071575,0.10804267896542166,0.10523776897762682,0,ok,0.12102096919337677,0.7911573574146593,FLAT,0.0,-1,0.012723038701890243,0.08924398461138475,0.11550526466839299,UNLOADING,0.030873308778225465,0.0,0.13025259629441235,0.0,-0.0050000000000000044,0.6149999999999999,0,staged_v3,0.16481670470429752,2,1.0538793471570478,0.16605831182244113,2,1,0,0
v3_torso_proxy:v3_left_forearm_proxy,27,0.0342351804516786,1.0000000000000009,0.10024626322768046,0.0,0.3348719015354077,FLAT,0.0,-1,0.01232898395405043,0.11060352918630356,0.01066860952196488,LOADING,0.31863147531432956,0.0,0.15585345686057134,0.018895975446354574,0.10024626322768046,0.10546014440182161,0,ok,0.0,0.7883420628546765,FLAT,0.0,-1,0.018942437617422196,0.08785367454676564,0.11596106614374233,UNLOADING,0.026462836095621826,0.0,0.12893513419738628,0.0,-0.0050000000000000044,0.6099999999999999,0,staged_v3,0.1632129920596743,2,1.0542336408358868,0.16459739611930416,2,1,0,0
v3_torso_proxy:v3_left_forearm_proxy,28,0.03566591108105183,1.0000000000000009,0.10610511994272534,0.0,0.34137068711209906,FLAT,0.0,-1,0.00344229144049549,0.10830101642091453,0.010505472002072226,LOADING,0.3224620656347266,0.0,0.1538214076304772,0.020000343919219787,0.10610511994272534,0.10568105940939634,0,ok,0.0,0.8068967269260698,FLAT,0.0,-1,0.00804126984876754,0.08684676604430557,0.11621317752028983,SUPPORT,0.1637952077483514,0.0,0.12788378012696894,0.0,-0.0050000000000000044,0.6049999999999999,0,staged_v3,0.16159815676810635,2,1.0546341932377978,0.163109617073195,2,1,0,0
v3_torso_proxy:v3_left_forearm_proxy,29,0.02872342904615219,1.0000000000000009,0.11985490485182046,0.0,0.33537508811980316,FLAT,0.0,-1,0.014025431408161667,0.1055467528147262,0.03841579778805459,LOADING,0.32246792981806965,0.0,0.15135913155865283,0.02259211731475097,0.11985490485182046,0.1059047285132649,0,ok,0.0,0.8023855458753172,FLAT,0.0,-1,0.010379942740979977,0.08659177026851606,0.11595393016983757,SUPPORT,0.27290532386260186,0.0,0.12743690432080623,0.0,-0.0050000000000000044,0.5999999999999999,0,staged_v3,0.16075527647865226,2,1.055345985761747,0.1623641536163294,2,1,0,0
v3_torso_proxy:v3_left_forearm_proxy,30,0.032129136014049896,1.0000000000000009,0.12449642053795415,0.0,0.3374495492585521,FLAT,0.0,-1,0.007667566843546064,0.10242942780252379,0.05857963811872835,LOADING,0.32178420795543944,0.0,0.1483233414054656,0.023467022409615734,0.12449642053795415,0.10611937731787882,0,ok,0.0007445182435542046,0.8059547624208407,FLAT,0.0,-1,0.014069279597777179,0.08679891904799286,0.11594391843798973,SUPPORT,0.3608261009264834,0.0,0.12758981104073458,0.0,-0.0050000000000000044,0.5949999999999999,0,staged_v3,0.16009699418759205,2,1.0560015371676408,0.16178331238207877,2,1,0,0
v3_torso_proxy:v3_left_forearm_proxy,31,0.026505310003574988,1.0000000000000009,0.1273722128079747,0.0,0.3415621850508531,FLAT,0.0,-1,0.00555441308293165,0.09896695157488025,0.0729655527479473,LOADING,0.32104930845049395,0.0,0.14508997730745557,0.024009096481740544,0.1273722128079747,0.1063323664610242,0,ok,0.0016313340524980954,0.8035528179152583,FLAT,0.0,-1,0.01676225751931871,0.08704664030980144,0.11613189341851615,SUPPORT,0.43067633070512473,0.0,0.12767194423648562,0.0,-0.0050000000000000044,0.5899999999999999,0,staged_v3,0.15946375871346805,2,1.0565647713542088,0.16122685474007126,2,1,0,0
v3_torso_proxy:v3_left_forearm_proxy,32,0.02887072834131625,1.0000000000000009,0.12379090913773089,0.0,0.33788659029260054,FLAT,0.0,-1,0.017930934303444532,0.09518427382013102,0.0824596596613654,LOADING,0.31947434682227105,0.0,0.1414395517510335,0.02333403664369782,0.12379090913773089,0.10654749954634518,0,ok,0.0032188325464288185,0.7726477771820532,FLAT,0.0,-1,0.029161032756852057,0.08716969333150733,0.11340425805386391,SUPPORT,0.4814005458882578,0.0,0.127520409557273,0.0,-0.0050000000000000044,0.5849999999999999,0,staged_v3,0.15889012625142157,2,1.0570664988685206,0.1607404018826054,2,1,0,0
v3_torso_proxy:v3_left_forearm_proxy,33,0.021737854532926325,1.0000000000000009,0.11131422831549082,0.0,0.3372401644758944,FLAT,0.0,-1,0.012726449311460932,0.09126787070469906,0.0894059194648723,LOADING,0.3177049969177241,0.0,0.13772031642788513,0.020982237714957774,0.11131422831549082,0.10676969965965147,0,ok,0.004379393947735528,0.7795717326512317,FLAT,0.0,-1,0.012845169560799835,0.08664507238514166,0.11151924634460306,SUPPORT,0.5230744164423418,0.0,0.12691739681839803,0.0,-0.0050000000000000044,0.5799999999999998,0,staged_v3,0.158346416293965,2,1.0576031387765552,0.16028488761694196,2,1,0,0
v3_torso_proxy:v3_left_forearm_proxy,34,0.03868488834848366,1.0000000000000009,0.08981246038895438,0.0,0.3346496556829389,FLAT,0.0,-1,0.012406648763673428,0.0868872475554057,0.09437705412301704,LOADING,0.3156137697889494,0.0,0.13347021613939924,0.016929249945525804,0.08981246038895438,0.10676972989096628,0,ok,0.005787193490788977,0.7844589341309787,FLAT,0.0,-1,0.012406648763673995,0.08510222129417054,0.11008175347281204,SUPPORT,0.557013374597268,0.0,0.12528129697285956,0.0,-0.0050000000000000044,0.5749999999999998,0,staged_v3,0.15774937506774023,2,1.0570583726872735,0.15774937506774023,2,1,0,0
v3_torso_proxy:v3_left_forearm_proxy,35,0.028695588279166226,1.0000000000000009,0.07992955430641875,0.0,0.3383297289100624,FLAT,0.0,-1,0.005967451419502006,0.08261108966170516,0.09796258995244529,LOADING,0.3141240987345458,0.0,0.12938220333372502,0.015066366036825096,0.07992955430641875,0.10676972905626358,0,ok,0.006945064870470567,0.7925680725373785,FLAT,0.0,-1,0.012896329371622411,0.08328763360995386,0.10904991886139745,SUPPORT,0.5849590566824208,0.0,0.12352131871246953,0.0,-0.0050000000000000044,0.5699999999999998,0,staged_v3,0.15670144875177008,2,1.0568464488514306,0.15670144875177008,2,1,0,0
v3_torso_proxy:v3_left_forearm_proxy,36,0.021013957521363535,1.0000000000000009,0.07049465752592414,0.0,0.3394520184119597,FLAT,0.0,-1,0.010400320446815294,0.0783312634562585,0.1007506181469395,LOADING,0.312856658590429,0.0,0.12520626348778957,0.013287929892046302,0.07049465752592414,0.10676972905600823,0,ok,0.007873829045578592,0.816536985203871,FLAT,0.0,-1,0.0012726780785214762,0.08108392707156706,0.10857917915100006,SUPPORT,0.6107611071627312,0.0,0.12129200830818458,0.0,-0.0050000000000000044,0.5649999999999998,0,staged_v3,0.15597136005556075,2,1.0567836323951305,0.15597136005556075,2,1,0,0
v3_torso_proxy:v3_left_forearm_proxy,37,0.015379636989331067,1.0000000000000009,0.0598000320228104,0.0,0.3407512186798347,FLAT,0.0,-1,0.007512038336560459,0.07406871226933295,0.10273641589411778,LOADING,0.3118405159005271,0.0,0.12102650686597276,0.011272040477237733,0.0598000320228104,0.10676972905601168,0,ok,0.008556140300724723,0.8238987989294306,FLAT,0.0,-1,0.00751203059476877,0.07837157166215022,0.10811527358653347,SUPPORT,0.6319737005718413,0.0,0.11856074504182591,0.0,-0.0050000000000000044,0.5599999999999998,0,staged_v3,0.1553908122859945,2,1.0567952236068,0.1553908122859945,2,1,0,0
v3_torso_proxy:v3_left_forearm_proxy,38,0.012132646826167943,1.0000000000000009,0.047245506478684855,0.0,0.3455120729869612,FLAT,0.0,-1,0.002580784168284182,0.0696633638755634,0.10430602098482673,LOADING,0.3115023112649478,0.0,0.11667350505108265,0.00890556816411392,0.047245506478684855,0.10676972905601206,0,ok,0.00914839032990897,0.833352823386262,FLAT,0.0,-1,0.005702624678555887,0.07515024842671153,0.10801344444230505,SUPPORT,0.6499565423053782,0.0,0.11535879383398223,0.0,-0.0050000000000000044,0.5549999999999998,0,staged_v3,0.15508309484690877,2,1.0569707831110293,0.15508309484690877,2,1,0,0
v3_torso_proxy:v3_left_forearm_proxy,39,0.009940981240064801,1.0000000000000009,0.03623898676718676,0.0,0.34620616326971065,FLAT,0.0,-1,0.00803503004731522,0.0651824177474068,0.10560350050479742,LOADING,0.31123706401739726,0.0,0.11224372110619427,0.0068308880760798996,0.03623898676718676,0.10676972905601192,0,ok,0.009647751448793403,0.8381907121469009,FLAT,0.0,-1,0.008035048093089093,0.07143386523845927,0.10801635977523069,SUPPORT,0.6645727137882183,0.0,0.1116528031274216,0.0,-0.0050000000000000044,0.5499999999999998,0,staged_v3,0.1549246868322985,2,1.057315656963017,0.1549246868322985,2,1,0,0
v3_torso_proxy:v3_left_forearm_proxy,40,0.007364585658057843,1.0000000000000009,0.02668738372327811,0.0,0.3442658628170721,FLAT,0.0,-1,0.01315355180907471,0.06053828749668454,0.1062072311531075,LOADING,0.31073210326444556,0.0,0.10766154168573258,0.00503045331891494,0.02668738372327811,0.10676972905601204,0,ok,0.010270914179930698,0.8381942269455551,FLAT,0.0,-1,0.008646816666832346,0.0673284771830693,0.10798961509246185,SUPPORT,0.6757286746444414,0.0,0.10743424861589963,0.0,-0.0050000000000000044,0.5449999999999998,0,staged_v3,0.15475495775867046,2,1.0574524664106988,0.15475495775867046,2,1,0,0
v3_torso_proxy:v3_left_forearm_proxy,41,0.005094907775801637,1.0000000000000009,0.015507694013501347,0.0,0.3471309321847259,FLAT,0.0,-1,0.004379168235215036,0.05585639613739523,0.10663181196067464,LOADING,0.3106440502121348,0.0,0.10297571882869407,0.0029231314552160548,0.015507694013501347,0.10676972905601206,0,ok,0.01045960027662251,0.8350294565502496,FLAT,0.0,-1,0.012883446396409872,0.06286211780649786,0.10724670884950191,SUPPORT,0.6835175724319527,0.0,0.10292068810901557,0.0,-0.0050000000000000044,0.5399999999999998,0,staged_v3,0.15491371374190852,2,1.057786210665203,0.15491371374190852,2,1,0,0
v3_torso_proxy:v3_left_forearm_proxy,42,0.004443193992949913,1.0000000000000009,0.0062675028461445775,0.0,0.3491584384049828,FLAT,0.0,-1,0.005229952818740448,0.05106804160381122,0.10693603718320345,LOADING,0.3108794039002835,0.0,0.09821230667771816,0.0011813964538680555,0.0062675028461445775,0.10676972905601154,0,ok,0.010580161246851176,0.8439100270570778,FLAT,0.0,-1,0.005229946030785302,0.05798873930557097,0.10671439321153554,SUPPORT,0.6911289637074747,0.0,0.09806008243995595,0.0,-0.0050000000000000044,0.5349999999999998,0,staged_v3,0.15515616271378785,2,1.0580149137067727,0.15515616271378785,2,1,0,0
v3_torso_proxy:v3_left_forearm_proxy,43,0.0028722824430723127,1.0000000000000009,0.006276668217531255,0.0,0.353253265989833,FLAT,0.0,-1,0.0014230313194882828,0.046338799907099076,0.10695350905463843,LOADING,0.3117978410416686,0.0,0.0933928990932568,0.001183124085673004,0.006276668217531255,0.10676972905601192,0,ok,0.010641274041675546,0.8504173040805366,FLAT,0.0,-1,0.0025847288733827213,0.05304143289144689,0.10684381173594401,SUPPORT,0.6981623411042117,0.0,0.09305559491008403,0.0,-0.0050000000000000044,0.5299999999999998,0,staged_v3,0.155455836190003,2,1.0582901291693823,0.155455836190003,2,1,0,0
v3_torso_proxy:v3_left_forearm_proxy,44,0.0017639453618716484,1.0000000000000009,0.005593155243443316,0.0,0.35000060344335887,FLAT,0.0,-1,0.006382123687449994,0.04141804809417884,0.10811353165991072,LOADING,0.31187043325773434,0.0,0.08848053013966145,0.0010542849253913252,0.005593155243443316,0.10676972905601187,0,ok,0.010680622046898007,0.8441655696295872,FLAT,0.0,-1,0.006377574806860347,0.047755138579133674,0.10693047573157387,SUPPORT,0.7026324235854129,0.0,0.08779745847319796,0.0,-0.0050000000000000044,0.5249999999999998,0,staged_v3,0.15594989769831352,2,1.0585004565261846,0.15594989769831352,2,1,0,0
v3_torso_proxy:v3_left_forearm_proxy,45,0.005352248667043994,1.0000000000000009,0.009565529949483046,0.0,0.35115598879822574,FLAT,0.0,-1,0.005140897074684908,0.0365025138375592,0.10866378017246882,LOADING,0.3120959569312294,0.0,0.0836286531689241,0.001803059917019345,0.009565529949483046,0.10676972905601217,0,ok,0.010669824342935586,0.8432551706667745,FLAT,0.0,-1,0.004931956771324255,0.04238070156550015,0.106815216147196,SUPPORT,0.7060233532320321,0.0,0.0824331771586924,0.0,-0.0050000000000000044,0.5199999999999998,0,staged_v3,0.15637972952193907,2,1.0587509697212187,0.15637972952193907,2,1,0,0
v3_torso_proxy:v3_left_forearm_proxy,46,0.003351321646705565,1.0000000000000009,0.011456061575304759,0.0,0.3475734176206469,FLAT,0.0,-1,0.011378388361820563,0.03158199332769338,0.10897936869066059,LOADING,0.3117529753688671,0.0,0.07865989000605644,0.0021594167330429848,0.011456061575304759,0.10676972905601206,0,ok,0.010712595392727082,0.848962394688738,FLAT,0.0,-1,0.005528442701317002,0.036831686951666,0.10671803517558462,SUPPORT,0.7097392702014803,0.0,0.07690065015632368,0.0,-0.0050000000000000044,0.5149999999999998,0,staged_v3,0.15711609543642743,2,1.058976669988291,0.15711609543642743,2,1,0,0
v3_torso_proxy:v3_left_forearm_proxy,47,0.002488181524192277,1.0000000000000009,0.015807148734393487,0.0,0.3475065685835019,FLAT,0.0,-1,0.007949541434928094,0.026534276334084634,0.10951399242713614,LOADING,0.3114239412966387,0.003941423287272174,0.07363449802622574,0.002979577340290307,0.015807148734393487,0.10676972905601156,0,ok,0.010586331535095132,0.8482470356347791,FLAT,0.0,-1,0.007949535818466157,0.031096575245365576,0.1067740121195341,SUPPORT,0.7125278589150906,0.0,0.07121168979238751,0.0,-0.0050000000000000044,0.5099999999999998,0,staged_v3,0.15774845524408193,2,1.059125127401799,0.15774845524408193,2,1,0,0
v3_torso_proxy:v3_left_forearm_proxy,48,0.000745704162351663,1.0000000000000009,0.019703732291448242,0.0,0.3465696633709009,FLAT,0.0,-1,0.009136599924308967,0.021471977694275272,0.10966056475252844,LOADING,0.3110154694484838,0.009011050543351152,0.06855173540943309,0.003714066036906827,0.019703732291448242,0.10676972905601212,0,ok,0.01047070941156624,0.8508847823535111,FLAT,0.0,-1,0.004808620868032024,0.0252313110769122,0.10684964993781458,SUPPORT,0.7153527644185894,0.005111171419978529,0.06543125457022982,0.0,-0.0050000000000000044,0.5049999999999998,0,staged_v3,0.15861515990600958,2,1.059145172461141,0.15861515990600958,2,1,0,0
v3_torso_proxy:v3_left_forearm_proxy,49,0.0015192186892612584,1.0000000000000009,0.0203891322330829,0.0,0.34915159995647277,FLAT,0.0,-1,0.005235286162917287,0.016345247896221497,0.11007863994991866,LOADING,0.3109728976268327,0.014158684101274438,0.06344020412857189,0.003843260882191446,0.0203891322330829,0.1067697290560114,0,ok,0.010382635707416418,0.8569798063281959,FLAT,0.0,-1,0.005235265981504439,0.019350569648642995,0.10706139239515572,SUPPORT,0.718761595020087,0.011002499971114792,0.05958925017377326,0.0,-0.0050000000000000044,0.4999999999999998,0,staged_v3,0.15927320782110244,2,1.0590369981268055,0.15927320782110244,2,1,0,0
v3_torso_proxy:v3_left_forearm_proxy,50,0.0012979600411216021,1.0000000000000009,0.022244568385163224,0.0,0.3494447413196907,FLAT,0.0,-1,0.006603613838218045,0.011091714502757862,0.11031262922201181,LOADING,0.3109619941282723,0.01942391695834273,0.05826767264764866,0.004193002357266273,0.022244568385163224,0.10676972905601201,0,ok,0.010207380888526355,0.85232116918187,FLAT,0.0,-1,0.01289036390005974,0.01346936405868639,0.10687371719610081,SUPPORT,0.7208300888826813,0.016874321801118652,0.053746977176250474,0.0,-0.0050000000000000044,0.4949999999999998,0,staged_v3,0.16010599499936473,2,1.059073749739798,0.16010599499936473,2,1,0,0
v3_torso_proxy:v3_left_forearm_proxy,51,0.0029267911602814944,1.0000000000000009,0.022202676168424862,0.0,0.3444764953923425,FLAT,0.0,-1,0.017209540083340896,0.006002502452052871,0.10963789524932784,LOADING,0.3103543974634707,0.024479392310413524,0.053087155409235996,0.004185105860445404,0.022202676168424862,0.10676972905601179,0,ok,0.010024363148339203,0.8589958126799733,FLAT,0.0,-1,0.004937272693817271,0.007577445966261965,0.10693073288057592,SUPPORT,0.7238297104537721,0.02276909067776683,0.047878926987715634,0.0,-0.0050000000000000044,0.48999999999999977,0,staged_v3,0.16084781002806733,2,1.059038573817075,0.16084781002806733,2,1,0,0
v3_torso_proxy:v3_left_forearm_proxy,52,0.23836821984164847,1.0000000000000009,0.999994078188929,0.0,0.3457445203080945,FLAT,0.0,-1,0.007781086409891536,0.06976426943640215,0.11022026002748322,LOADING,0.30996612202249757,0.0,0.08925823618355265,0.18849444298029822,0.999994078188929,0.09895082564401034,0,ok,0.05770836001680173,0.8579360347932297,FLAT,0.0,-1,0.007781106923090502,0.04027331050291447,0.10697157823758888,SUPPORT,0.7262589715633028,0.0,0.06671973752784713,0.0,-0.0050000000000000044,0.48499999999999976,0,staged_v3,0.18252697338032597,2,1.083523250669743,0.17844338314986513,2,0,0,0
v3_torso_proxy:v3_left_forearm_proxy,53,0.2660851694832302,1.0000000000000009,0.9030706152323184,0.0,0.3459281698345984,FLAT,0.0,-1,0.005701971790612708,0.011747054836897062,0.11071637332871789,LOADING,0.309632141367608,0.018788763829538833,0.05506483193967428,0.17022480062919998,0.9030706152323184,0.09894661940452765,0,ok,0.008950732446895194,0.8640321809122687,FLAT,0.0,-1,0.0037649409795404627,0.0024096574883979956,0.10716572127166654,SUPPORT,0.6867934041971167,0.027948628575185333,0.04083482546778526,0.0,-0.0050000000000000044,0.47999999999999976,0,staged_v3,0.28048769676671803,2,1.0640547922227555,0.28048769676671803,2,1,0,0
v3_torso_proxy:v3_left_forearm_proxy,54,1.0000000000000002,0.8000000000000007,1.0,0.0,0.34757099546063364,FLAT,0.0,-1,0.006911543405552697,0.03711311132549992,0.11108288593863849,LOADING,0.3095363792031356,0.0,0.09277384732117831,0.1884955592153876,1.0,0.0900763995954514,0,ok,0.20717127049495446,0.8552958779210338,FLAT,0.0,-1,0.01052373866144776,0.0634316182443004,0.1073512968280699,SUPPORT,0.6973147246997887,0.0,0.08977613494844996,2.500000000000002,-0.0040000000000000036,0.47599999999999976,0,staged_v3,0.32027562122066455,2,1.0468244009760181,0.31704847879060305,2,1,1,1
v3_torso_proxy:v3_left_forearm_proxy,55,0.8316650390624997,0.6000000000000005,0.8316650390625001,0.0,0.3452515673425741,FLAT,0.0,-1,0.009768946224610173,0.004208931923334238,0.11194599316829532,LOADING,0.30911718756604467,0.02638836773508053,0.06220157553544428,0.15676516661797313,0.8316650390625001,0.09303598133017553,0,ok,0.13492739653583766,0.8479319688353635,FLAT,0.0,-1,0.00976836079696297,0.05249800324924906,0.10935922630415337,UNLOADING,0.5976983354569618,0.001007086508023964,0.029460874807183707,2.500000000000002,-0.0030000000000000027,0.47299999999999975,1,staged_v3,0.36775212589459527,2,1.069681252360767,0.3494835676549987,2,0,0,0
v3_torso_proxy:v3_left_forearm_proxy,56,0.0,0.0,0.0,0.0,0.34617973850155637,FLAT,0.0,-1,0.0020762750290045998,0.004208931923334238,0.08418675877750352,LOADING,0.31070094772536905,0.02500040601554094,0.06220157553544428,0.0,0.0,0.09303598133017553,0,ok,0.13492739653583766,0.855662094773032,FLAT,0.0,-1,0.002316178360875078,0.05249800324924906,0.11082684906154747,UNLOADING,0.5123128589631102,0.0010804676458936666,0.029460874807183707,7.500000000000006,0.0,0.47299999999999975,1,staged_v3,0.24871052508630018,2,1.0763289627316086,0.24871052508630018,2,1,1,1
v3_torso_proxy:v3_right_forearm_proxy,57,0.19408035263920842,0.20000000000000018,0.9999996919833677,0.0,0.3431810293925718,FLAT,0.0,-1,0.007909756734048704,0.011285902107716107,0.0644614617988621,LOADING,0.3127725738955529,0.016937170982227,0.04284642393864126,0.18849550115562025,0.9999996919833677,0.07703802233872402,0,ok,0.0888712627337111,0.8456401900062149,FLAT,0.0,-1,0.007909756734048704,0.02632365099056592,0.11187843000603781,UNLOADING,0.4391253076826659,0.004270270509735972,0.055410370437002886,2.500000000000002,0.0010000000000000009,0.47399999999999975,0,staged_v3,0.2148788150453359,2,1.0503310178927734,0.2152062762466612,2,1,0,0
v3_torso_proxy:v3_right_forearm_proxy,58,0.47595214843750083,0.40000000000000036,0.4759521484375,0.0,0.34150772152002773,FLAT,0.0,-1,0.005069373642104075,0.024041676564061917,0.05025050714986348,LOADING,0.3150874161800527,0.0034708487934312603,0.07179455537572219,0.08971486637949173,0.4759521484375,0.07880877084918665,0,ok,0.09619652498899743,0.8479048793554946,FLAT,0.0,-1,0.0056737749921056645,0.0039456152088117105,0.11268260531613081,UNLOADING,0.37639312087085647,0.026688515056994832,0.03906680430675905,2.500000000000002,0.0020000000000000018,0.47599999999999976,1,staged_v3,0.309865050228783,2,1.0502986019280367,0.3105553485518677,2,1,1,1
v3_torso_proxy:v3_left_forearm_proxy,59,0.7471665784315,0.20000000000000018,1.0,0.0,0.3363960456274825,FLAT,0.0,-1,0.01701432286259215,0.03911055800730762,0.04012173706954891,LOADING,0.31664978333075827,0.0,0.07168195081106446,0.1884955592153876,1.0,0.08213452462874139,0,ok,0.07827232111124031,0.8414175558695065,FLAT,0.0,-1,0.008818003673971413,0.03585810536919096,0.11347203019923263,UNLOADING,0.3226226750321627,0.0,0.0567191388661968,-2.500000000000002,0.0010000000000000009,0.47699999999999976,0,staged_v3,0.22738126469663933,2,1.069389792817401,0.20545319831976616,2,0,0,0
v3_torso_proxy:v3_left_forearm_proxy,60,0.9999999999999999,0.40000000000000036,1.0,0.0,0.33307529183067736,FLAT,0.0,-1,0.01687125468691412,0.04356945225258152,0.03269118303158253,LOADING,0.3177571599650352,0.0,0.12447441487863063,0.1884955592153876,1.0,0.08309422040880356,0,ok,0.16079892254325287,0.8481604047584976,FLAT,0.0,-1,0.006999262451199867,0.08488795300169413,0.1139999293012392,SUPPORT,0.34809814002573014,0.0,0.14270544513343308,2.500000000000002,0.0020000000000000018,0.47899999999999976,0,staged_v3,0.25127731625956695,2,1.0565485358160498,0.25293578681897805,2,1,1,1
v3_torso_proxy:v3_left_forearm_proxy,61,1.0000000000000002,0.20000000000000018,0.740189821412314,0.0,0.33322259654410913,FLAT,0.0,-1,0.014071044846819807,0.007225909381784492,0.05576148832877353,LOADING,0.31731208120089177,0.020562165034654186,0.06683866783080379,0.139522494312652,0.740189821412314,0.08309463939795164,0,ok,0.046356743857627114,0.8483185428177866,FLAT,0.0,-1,0.010362647643738204,0.01590479609965741,0.1143165888469399,UNLOADING,0.2983698343077687,0.014811033342689586,0.06511638612076874,-2.500000000000002,0.0010000000000000009,0.47999999999999976,0,staged_v3,0.2960882804329924,2,1.0572448711321711,0.2960882804329924,2,1,0,0
v3_torso_proxy:v3_left_forearm_proxy,62,0.33544921874999994,0.40000000000000036,0.33544921875000006,0.0,0.3261289175212078,FLAT,0.0,-1,0.019943188054350375,0.019083148941137787,0.04330868093711852,LOADING,0.3165538844990378,0.00808228510571814,0.06103966009968225,0.06323068807664614,0.33544921875000006,0.08187830019632517,0,ok,0.0360467188576459,0.8193432878902421,FLAT,0.0,-1,0.02231691196609691,0.0039231395379134455,0.1136677923327566,UNLOADING,0.3001826793768643,0.026760250078724387,0.03681402577569437,2.500000000000002,0.0020000000000000018,0.48199999999999976,1,staged_v3,0.20228873939187203,2,1.0549938167804473,0.20316025660886136,2,1,1,1
v3_torso_proxy:v3_left_forearm_proxy,63,0.22868966084975256,0.20000000000000018,0.3831080228712763,0.0,0.33107387419236134,FLAT,0.0,-1,0.010975603680338784,0.003948265266983306,0.03439235911005088,LOADING,0.31718060012306665,0.02277135268851924,0.04963784971472048,0.07221416101102274,0.3831080228712763,0.0818776422618066,0,ok,0.0034160267561166185,0.8147247023075576,FLAT,0.0,-1,0.016704847464592817,0.013280581619294608,0.1131727600098199,UNLOADING,0.3260785395331363,0.01737805638119639,0.05081174873241466,-2.500000000000002,0.0010000000000000009,0.48299999999999976,0,staged_v3,0.16341671978880776,2,1.0416590325503798,0.16341671978880776,2,1,0,0
v3_torso_proxy:v3_left_forearm_proxy,64,0.41909917862942836,0.20000000000000018,0.3472554562304911,0.0,0.32902801154574457,FLAT,0.0,-1,0.016759954953463788,0.0031233130969191324,0.02787373114935629,LOADING,0.3177158347407156,0.023270373460548683,0.04314348963701296,0.06545611141276098,0.3472554562304911,0.08645396695741842,0,ok,0.017019020359422495,0.8181377076705287,FLAT,0.0,-1,0.005864142497201769,0.04856291041600673,0.11323772648421969,SUPPORT,0.40528586387595944,0.0,0.07170419525372079,0.0,0.0010000000000000009,0.48399999999999976,1,staged_v3,0.16981101216500408,2,1.059490140229046,0.16440028863134656,2,1,0,0
v3_torso_proxy:v3_left_forearm_proxy,65,0.3073351320039843,0.0,0.5866740960164695,0.0,0.3299847755338524,FLAT,0.0,-1,0.014936782372857943,0.01709900295371574,0.05050417878627565,LOADING,0.317087739125405,0.010426205985598045,0.060802380896473066,0.11058546180580642,0.5866740960164695,0.0864566410562241,0,ok,0.009731981921748397,0.8191108313723536,FLAT,0.0,-1,0.011107561909328705,0.005973546032241432,0.11277806874185876,SUPPORT,0.4536745275496008,0.02466535740485151,0.045845604317657,-2.500000000000002,0.0,0.48399999999999976,0,staged_v3,0.15988010416656953,2,1.0455712554044323,0.15988010416656953,2,1,0,0
v3_torso_proxy:v3_left_forearm_proxy,66,1.0,0.20000000000000018,0.6797724632180084,0.0,0.33296552714674843,FLAT,0.0,-1,0.008193801547252919,0.03288049384450545,0.06673265276233291,LOADING,0.3161817555706096,0.0,0.03776035606148442,0.1281340905935,0.6797724632180084,0.0915362910491785,0,ok,0.08212841444092794,0.8175626468711924,FLAT,0.0,-1,0.011383800079144395,0.02390324695629238,0.11229923372940745,SUPPORT,0.5026937239126039,0.014819894328092945,0.015795067358377428,2.500000000000002,0.0010000000000000009,0.48499999999999976,0,staged_v3,0.16511001565524872,2,1.0616622368577815,0.1604395560254374,2,1,1,1
v3_torso_proxy:v3_left_forearm_proxy,67,0.991803661032317,0.0,0.3467177781172825,0.0,0.33345180912091293,FLAT,0.0,-1,0.006141115296886003,0.011223888630495251,0.07868230902360168,LOADING,0.3149007977506914,0.017710226820684835,0.05352348313368023,0.06535476147613384,0.3467177781172825,0.09616633293997522,0,ok,0.01973105432526458,0.8042603200875229,FLAT,0.0,-1,0.01741280021215338,0.020835233199750804,0.11092888819632693,UNLOADING,0.4308803347822319,0.009711211210065542,0.054402456240722166,-2.500000000000002,0.0,0.48499999999999976,0,staged_v3,0.1572469230023203,2,1.0561956108638115,0.15817362445416816,2,1,0,0
v3_torso_proxy:v3_left_forearm_proxy,68,0.07377701080251202,0.20000000000000018,0.10036755887286966,0.0,0.3364553315743471,FLAT,0.0,-1,0.00954780772088103,0.004521273257260861,0.05854249270603136,LOADING,0.3152723177565032,0.023405851378040708,0.05078099532481187,0.018918839136824905,0.10036755887286966,0.09616912002340981,0,ok,0.012668474791043174,0.8154209388980552,FLAT,0.0,-1,0.009683308943669323,0.01819219589355078,0.10999472137823971,UNLOADING,0.4689191354885887,0.012307540175361207,0.05594871373097395,-2.500000000000002,-0.0010000000000000009,0.48399999999999976,0,staged_v3,0.16185717369505226,2,1.060325001655895,0.16185717369505226,2,1,0,0
v3_torso_proxy:v3_left_forearm_proxy,69,0.012558644603802299,0.40000000000000036,0.03449333253442615,0.0,0.34108307106637875,FLAT,0.0,-1,0.006139210192186669,0.004265133054972593,0.044039089983084014,LOADING,0.31743027080679853,0.022936821444181608,0.050096956246195395,0.00650184000527898,0.03449333253442615,0.09616904692914231,0,ok,0.01253215430423889,0.8257299395708848,FLAT,0.0,-1,0.006139205678415269,0.015042214441864248,0.11027056872694099,UNLOADING,0.5129342784335894,0.015471313994482802,0.052979004181112184,-2.500000000000002,-0.0020000000000000018,0.48199999999999976,0,staged_v3,0.16253868548768513,2,1.0611522688025292,0.16253868548768513,2,1,0,0
v3_torso_proxy:v3_left_forearm_proxy,70,1.0000000000000002,0.20000000000000018,0.47148557260837787,0.0,0.3455463849496187,FLAT,0.0,-1,0.002927206163358863,0.03648738050917134,0.03344881884533163,LOADING,0.3207418699487948,0.0,0.04378851702131713,0.08887293667080343,0.47148557260837787,0.10049776538620175,0,ok,0.07807579222297883,0.840119783620298,FLAT,0.0,-1,0.002152403211925454,0.021430107768897148,0.1106896818337072,SUPPORT,0.5506744450245279,0.015458939729890465,0.015075544361794896,2.500000000000002,-0.0010000000000000009,0.48099999999999976,0,staged_v3,0.16560647797345301,2,1.0731918950644084,0.16413289793285768,2,1,1,1
v3_torso_proxy:v3_left_forearm_proxy,71,0.9202866389385248,0.40000000000000036,0.6262393099856887,0.0,0.3505311758931164,FLAT,0.0,-1,0.004802583652203839,0.009659556923823347,0.053998222718544875,LOADING,0.3229141190365251,0.0180403542121039,0.053656574202716065,0.11804332893841085,0.6262393099856887,0.10049984838238055,0,ok,0.009454002039931988,0.8502594097594387,FLAT,0.0,-1,0.0036047556980851624,0.005388545003082592,0.11064640126993364,SUPPORT,0.5362923814495953,0.02514377506041409,0.044543799306652955,-2.500000000000002,-0.0020000000000000018,0.47899999999999976,0,staged_v3,0.15811232821906968,2,1.0614430813840432,0.15811232821906968,2,1,0,0
v3_torso_proxy:v3_left_forearm_proxy,72,0.7515133584115427,0.40000000000000036,0.9999778877252176,0.0,0.353085883294595,FLAT,0.0,-1,0.003723686888285898,0.03317427923113397,0.06884487962764504,LOADING,0.32408684086141165,0.0,0.0540173511201675,0.18849139114978697,0.9999778877252176,0.10603364180970992,0,ok,0.03296716381450248,0.8554692765906549,FLAT,0.0,-1,0.0037236774445069793,0.06321728984538895,0.11085515037834448,SUPPORT,0.5758184579369742,0.0,0.0797039857391801,0.0,-0.0020000000000000018,0.47699999999999976,0,staged_v3,0.1875315708474328,2,1.085018500724372,0.1868086290666584,2,1,0,0
v3_torso_proxy:v3_left_forearm_proxy,73,0.6334309375127377,0.6000000000000005,0.932899128066463,0.0,0.3512145761311959,FLAT,0.0,-1,0.010296047491695746,0.013789230551769404,0.07936060854004541,LOADING,0.32398043125853715,0.015178799875232869,0.056450977639849687,0.17584734283643544,0.932899128066463,0.11190148034200662,0,ok,0.004897006483237327,0.8567484984605416,FLAT,0.0,-1,0.00647785731106708,0.0014770869457543774,0.11077526372054017,SUPPORT,0.5640222190410253,0.029061676240272633,0.03850725555871205,-2.500000000000002,-0.0030000000000000027,0.47399999999999975,1,staged_v3,0.255686941774361,2,1.0793099348045136,0.2558502065496973,2,1,0,0
v3_torso_proxy:v3_left_forearm_proxy,74,1.0,0.40000000000000036,1.0,0.0,0.3541166429215564,FLAT,0.0,-1,0.004345371216142333,0.06700213445049504,0.08689545755928633,LOADING,0.3238897289652503,0.0,0.12246585241329948,0.1884955592153876,1.0,0.10697243898142289,0,ok,0.14479079059446728,0.863259582675153,FLAT,0.0,-1,0.004347699654755759,0.04445450495498441,0.11070772337146745,SUPPORT,0.6032900543120472,0.0,0.08942906795540476,2.500000000000002,-0.0020000000000000018,0.47199999999999975,0,staged_v3,0.23031331553390574,2,1.0859575612770866,0.23119195032224024,2,1,1,1
v3_torso_proxy:v3_right_forearm_proxy,75,0.5406438931578968,0.6000000000000005,1.0000000000000002,0.0,0.3510789081737038,FLAT,0.0,-1,0.011882989792927304,0.006996290572616862,0.09217697417723207,LOADING,0.3231508415017582,0.022612558136244743,0.05017404029363829,0.18849555921538763,1.0000000000000002,0.09154008441717458,0,ok,0.03456016872398196,0.8601637404208953,FLAT,0.0,-1,0.012073438893596857,0.06334203098916365,0.110825499700097,UNLOADING,0.5171057608388976,0.0,0.0659246006640935,-2.500000000000002,-0.0030000000000000027,0.46899999999999975,0,staged_v3,0.31537863775750935,2,1.0690932627642424,0.3099917096977372,2,0,0,0
v3_torso_proxy:v3_left_forearm_proxy,76,0.7239207572218757,0.7970703125000034,0.996337890625,0.0,0.35648899135681217,FLAT,0.0,-1,0.0016860305976552188,0.0506511321487,0.06815384736761994,LOADING,0.3249592522117352,0.0,0.09432504428093375,0.18780526786083906,0.996337890625,0.09119042300260814,0,ok,0.07722063333345366,0.8448619483869537,FLAT,0.0,-1,0.01860563117741685,0.007815321991009441,0.11093730924546763,UNLOADING,0.5097808415448639,0.02273154347126394,0.04626754358801208,-2.4633789062500355,-0.003985351562500017,0.46501464843749973,1,staged_v3,0.4800196177271445,2,1.0786281917455691,0.4731492026625174,2,0,0,0
v3_torso_proxy:v3_left_forearm_proxy,77,0.0,0.0,0.0,0.0,0.36095146994941363,FLAT,0.0,-1,0.0019389190415728913,0.0506511321487,0.05096046469342669,LOADING,0.3284788448311914,0.0,0.09432504428093375,0.0,0.0,0.09119042300260814,0,ok,0.07722063333345366,0.8286136266956912,FLAT,0.0,-1,0.0210739996862201,0.007815321991009441,0.1100468127925301,UNLOADING,0.4466542411483305,0.022687018648617066,0.04626754358801208,9.963378906250043,0.0,0.46501464843749973,1,staged_v3,0.4295867195092202,2,1.0610532378370052,0.431388226511826,2,1,1,1
v3_torso_proxy:v3_left_forearm_proxy,78,0.03497314453125046,0.20000000000000018,0.03497314453125013,0.0,0.3645604914213764,FLAT,0.0,-1,0.0034848485182771634,0.04973311700278238,0.03856175396184655,LOADING,0.3328835557543482,0.0,0.09244242673554026,0.006592282435938568,0.03497314453125013,0.09127732036397511,0,ok,0.09835760278106134,0.835158886562928,FLAT,0.0,-1,0.008596928519152905,0.007560759557283157,0.1095295457219504,SUPPORT,0.4473233929186644,0.022915717728814365,0.04517811680625396,2.500000000000002,0.0010000000000000009,0.46601464843749973,1,staged_v3,0.16094453510230614,2,1.0613481998737115,0.16257629405318177,2,1,1,1
v3_torso_proxy:v3_left_forearm_proxy,79,0.75482177734375,0.40000000000000036,0.7355917816125355,0.0,0.3634369979477065,FLAT,0.0,-1,0.007096366985203121,0.0024378559491467474,0.05802455845454321,LOADING,0.3347765899266278,0.025463371973580416,0.02990437244712111,0.13865578422929814,0.7355917816125355,0.09127735567728737,0,ok,0.03591461433817826,0.8425144099036228,FLAT,0.0,-1,0.007096327354864316,0.012925390541730038,0.10959526431893625,UNLOADING,0.3834200510731409,0.01755437267421678,0.03377757717497504,2.500000000000002,0.0020000000000000018,0.46801464843749974,1,staged_v3,0.1614241505295658,2,1.0625201384373002,0.1614241505295658,2,1,1,1
v3_torso_proxy:v3_left_forearm_proxy,80,0.11829496693956779,0.20000000000000018,0.10329418218674705,0.0,0.36327528619132843,FLAT,0.0,-1,0.007811961026526728,0.002767158815263124,0.04461242781287305,LOADING,0.33723501068328565,0.02446346257538053,0.03433208692720094,0.019470494634987012,0.10329418218674705,0.09127735538714052,0,ok,0.03315589143181778,0.8577667669904767,FLAT,0.0,-1,0.0019176067462605049,0.010962271452246278,0.11029721699774342,UNLOADING,0.3978474180961697,0.019552589397640895,0.03606331428730018,-2.500000000000002,0.0010000000000000009,0.46901464843749974,1,staged_v3,0.15865299067597904,2,1.0613462222882948,0.15865299067597904,2,1,0,0
v3_torso_proxy:v3_left_forearm_proxy,81,0.45239257812500006,0.40000000000000036,0.17082349597219193,0.0,0.3614538758711881,FLAT,0.0,-1,0.009202619590804142,0.021010791871179536,0.03500221626661025,LOADING,0.33954844637413656,0.005739318942150979,0.057490464138088955,0.03219947040040583,0.17082349597219193,0.09169372888919074,0,ok,0.03741795489132256,0.8639610504470177,FLAT,0.0,-1,0.0053537803487351265,0.0006592624404048704,0.1107675211815719,UNLOADING,0.4172628973596755,0.029879113618673726,0.023624266515146174,2.500000000000002,0.0020000000000000018,0.47101464843749974,1,staged_v3,0.16399655951324732,2,1.0627141213169315,0.16081294992940892,2,1,1,1
v3_torso_proxy:v3_left_forearm_proxy,82,0.91291433969419,0.20000000000000018,0.5279248021866675,0.0,0.35852100556828537,FLAT,0.0,-1,0.01023359576404516,0.011663425391441409,0.028346402356963726,LOADING,0.34131040207751395,0.014753894726406779,0.04984865662669384,0.09951148081184877,0.5279248021866675,0.09314604350119282,0,ok,0.025457014717876907,0.8588226667231924,FLAT,0.0,-1,0.01023359576404516,0.029096367901431934,0.11124112426149552,SUPPORT,0.4238103178877404,0.0014656883116428432,0.05800030114939573,-2.500000000000002,0.0010000000000000009,0.47201464843749974,0,staged_v3,0.18073659869323583,2,1.0768476956977067,0.1776304369866612,2,0,0,0
v3_torso_proxy:v3_left_forearm_proxy,83,1.0000000000000002,0.40000000000000036,0.999999970389077,0.0,0.3541330584557072,FLAT,0.0,-1,0.014442409225228119,0.06967646251895283,0.051924172235970525,LOADING,0.340515343571298,0.0,0.1264996881439141,0.1884955536338601,0.999999970389077,0.0949399267432069,0,ok,0.16435189654758234,0.8490411007110896,FLAT,0.0,-1,0.014913204380646587,0.039784310716736986,0.11189910293615406,SUPPORT,0.45541838864240636,0.0,0.10446760775462485,2.500000000000002,0.0020000000000000018,0.47401464843749974,0,staged_v3,0.17536893972999446,2,1.0768284533174455,0.1768044999894874,2,1,1,1
v3_torso_proxy:v3_right_forearm_proxy,84,0.5265247912019734,0.20000000000000018,1.0000000000000002,0.0,0.35213925808898167,FLAT,0.0,-1,0.01336310777004334,0.02368666105959098,0.06881838258778247,LOADING,0.33871395218991773,0.004754258069798147,0.044860114844925816,0.18849555921538763,1.0000000000000002,0.09287230865312995,0,ok,0.0519925982318171,0.8451084505513604,FLAT,0.0,-1,0.013363118052378723,0.05569512690755396,0.11273792756479198,UNLOADING,0.3903586188363483,0.0,0.06639989130659392,-2.500000000000002,0.0010000000000000009,0.47501464843749974,0,staged_v3,0.36626473861176984,2,1.083957645309112,0.3612335510527613,2,0,0,0
v3_torso_proxy:v3_right_forearm_proxy,85,1.0,0.40000000000000036,1.0000000000000002,0.0,0.3519317554509032,FLAT,0.0,-1,0.008936015620030324,0.037849061113468474,0.052871603038711634,LOADING,0.33794403893135605,0.0,0.05661039695879222,0.18849555921538763,1.0000000000000002,0.09439337408425176,0,ok,0.142393624363744,0.8556954437823646,FLAT,0.0,-1,0.004820079023639807,0.01239227613614937,0.11380725825857775,UNLOADING,0.37133403415244853,0.01890908447552597,0.011781278437402922,2.500000000000002,0.0020000000000000018,0.47701464843749974,0,staged_v3,0.49499666593962405,2,1.0859581718605187,0.49653997958297363,2,1,1,1
v3_torso_proxy:v3_right_forearm_proxy,86,1.0,0.6000000000000005,1.0000000000000002,0.0,0.35120432136797614,FLAT,0.0,-1,0.013996637335619247,0.062352435724147504,0.04181261816864813,LOADING,0.3377405403953677,0.0,0.09609376282032941,0.18849555921538763,1.0000000000000002,0.08826443069310691,0,ok,0.023482638201821084,0.8459379124686789,FLAT,0.0,-1,0.01773449814776269,0.013963305547290097,0.11513134626101315,UNLOADING,0.318286314987813,0.016793261765760563,0.015637777773569568,2.500000000000002,0.0030000000000000027,0.48001464843749975,0,staged_v3,0.5171712150833189,2,1.0594764467176752,0.5177239585688913,2,1,1,1
v3_torso_proxy:v3_right_forearm_proxy,87,0.29858398437499983,0.8000000000000007,0.26372484518410155,0.0,0.3463924901126833,FLAT,0.0,-1,0.02142046025696291,0.06014409551622034,0.034184221763278205,LOADING,0.3372849392551062,0.0,0.08862672030864567,0.04971096217196874,0.26372484518410155,0.08826391470847132,0,ok,0.03122805254886119,0.8323179711965278,FLAT,0.0,-1,0.02142044998492992,0.002003207939161208,0.1172847588697834,SUPPORT,0.37248349072087733,0.028861030004327964,0.005845133572055676,2.500000000000002,0.0040000000000000036,0.48401464843749975,1,staged_v3,0.42352276656732263,2,1.056293297378752,0.42352276656732263,2,1,1,1
v3_torso_proxy:v3_right_forearm_proxy,88,0.9708906391856514,0.6000000000000005,0.6146950141816525,0.0,0.3475992476017336,FLAT,0.0,-1,0.013086343114976372,0.005625887685080058,0.05733604085580851,LOADING,0.3359112740672042,0.02224091435771037,0.049321367024013296,0.11586728044508121,0.6146950141816525,0.08978701914626963,0,ok,0.05810614509829536,0.8327549319313702,FLAT,0.0,-1,0.012421771834083797,0.019364897744582808,0.11943393670140948,SUPPORT,0.39727577933553804,0.011606799090487667,0.054584099770450055,-2.500000000000002,0.0030000000000000027,0.48701464843749975,0,staged_v3,0.1582467353361156,2,1.057683309346898,0.15810424726876457,2,1,0,0
v3_torso_proxy:v3_right_forearm_proxy,89,0.1295150049924213,0.40000000000000036,0.3186732052026528,0.0,0.3373107636339216,FLAT,0.0,-1,0.023044650674285502,0.008422728972703502,0.07352278668069204,LOADING,0.3325683401024841,0.0202534103613311,0.05408170534690907,0.060068484021634005,0.3186732052026528,0.08978755596828238,0,ok,0.03401851815828753,0.8458138908812852,FLAT,0.0,-1,0.003375349580341484,0.008806722466322657,0.12167833259088408,SUPPORT,0.40782062346843045,0.022277194163221548,0.04873880199318629,-2.500000000000002,0.0020000000000000018,0.48901464843749975,0,staged_v3,0.15664245890018685,2,1.0605931214547246,0.15664245890018685,2,1,0,0
v3_torso_proxy:v3_right_forearm_proxy,90,0.0799566399917239,0.20000000000000018,0.15896947594199184,0.0,0.3391280066893629,FLAT,0.0,-1,0.0179753059552528,0.009317971819950251,0.08405727877206917,LOADING,0.3294331242723662,0.01988489211865321,0.05556657658795934,0.029965040265862858,0.15896947594199184,0.08978753822648432,0,ok,0.012948675540267742,0.8493966846936043,FLAT,0.0,-1,0.007278818312672648,0.005504823330598361,0.1250372763628385,SUPPORT,0.41981721305586905,0.025747040487543567,0.0461831745433089,-2.500000000000002,0.0010000000000000009,0.49001464843749976,0,staged_v3,0.15876953644118302,2,1.0611341769074083,0.15876953644118302,2,1,0,0
v3_torso_proxy:v3_right_forearm_proxy,91,0.05070948724162604,0.0,0.07549038099122239,0.0,0.3483349119635271,FLAT,0.0,-1,0.00465501270652952,0.010335157235796043,0.09176118430053978,LOADING,0.327567147648961,0.019252901979230946,0.05641131652771454,0.014229601580323131,0.07549038099122239,0.08978753820930009,0,ok,0.00764326876392302,0.8531655286366385,FLAT,0.0,-1,0.008013707377682356,0.005395050227365216,0.12817513516077722,SUPPORT,0.47496609168351767,0.02601370653067365,0.04592928593422493,-2.500000000000002,0.0,0.49001464843749976,0,staged_v3,0.16170102821279514,2,1.0611714307414106,0.16170102821279514,2,1,0,0
v3_torso_proxy:v3_right_forearm_proxy,92,0.025247130998433332,0.20000000000000018,0.04043131333807078,0.0,0.35636038456298524,FLAT,0.0,-1,0.004322038138758398,0.010263719561649301,0.09732026209089623,LOADING,0.326726026347467,0.019602293542895513,0.05625931431400637,0.007621123017472212,0.04043131333807078,0.08978753820954855,0,ok,0.008724309433733549,0.8591332647421994,FLAT,0.0,-1,0.0030028921195509478,0.005587496794122773,0.1310556623383991,SUPPORT,0.5258321217769948,0.02596528632279719,0.04590023716200105,-2.500000000000002,-0.0010000000000000009,0.48901464843749975,0,staged_v3,0.16208402586381332,2,1.0610249581109905,0.16208402586381332,2,1,0,0
v3_torso_proxy:v3_right_forearm_proxy,93,0.015380875572549826,0.40000000000000036,0.035294402428757414,0.0,0.36054351674650853,FLAT,0.0,-1,0.003985240608008745,0.009119354484512888,0.10197534067478259,LOADING,0.3263047324118573,0.020979412549226244,0.05508154947274929,0.006652838122981564,0.035294402428757414,0.08978753820954868,0,ok,0.00882581003489108,0.8655940801893253,FLAT,0.0,-1,0.0025964516772504077,0.005114328343101324,0.13357686966991514,SUPPORT,0.5661620240908912,0.026564515140394433,0.04528593005263031,-2.500000000000002,-0.0020000000000000018,0.48701464843749975,0,staged_v3,0.1623685803059599,2,1.0608940757389824,0.1623685803059599,2,1,0,0
v3_torso_proxy:v3_right_forearm_proxy,94,0.03658693618633186,0.6000000000000005,0.20112568412843776,0.0,0.3649916026670068,FLAT,0.0,-1,0.0027561522585467977,0.006261014080829703,0.1048558091249856,LOADING,0.32638780849859234,0.023981776375419577,0.052267342888542845,0.03791129830236728,0.20112568412843776,0.08978753820954924,0,ok,0.010065880791874423,0.837316725450382,FLAT,0.0,-1,0.024610830157168702,0.011597461855219843,0.13565316317243858,SUPPORT,0.5932355648356795,0.02018519630340209,0.04958550014803125,-2.500000000000002,-0.0030000000000000027,0.48401464843749975,0,staged_v3,0.16372731414841238,2,1.0617174860797451,0.16372731414841238,2,1,0,0
v3_torso_proxy:v3_right_forearm_proxy,95,0.9999999999999999,0.40000000000000036,0.6713301981616518,0.0,0.3702372364069805,FLAT,0.0,-1,0.0034634765650184665,0.03991047839054935,0.10615064903393875,LOADING,0.3272975094920434,0.0,0.03822902398867271,0.12654276112065754,0.6713301981616518,0.08324293276443975,0,ok,0.07976045409637801,0.8326942515034317,FLAT,0.0,-1,0.01747749074494017,0.009966580615994949,0.13717787786683805,SUPPORT,0.6125745731990399,0.021892313277346958,0.010583377887891373,2.500000000000002,-0.0020000000000000018,0.48201464843749975,0,staged_v3,0.16695583638227945,2,1.0407026416109082,0.16286913754269708,2,1,1,1
v3_torso_proxy:v3_right_forearm_proxy,96,0.9409082722020962,0.6000000000000005,0.5141582604920005,0.0,0.3744476277224812,FLAT,0.0,-1,0.0038381239558383557,0.009598932032748825,0.10651376511880822,LOADING,0.32875076780442547,0.020726756223191586,0.049036504941872436,0.09691654883665057,0.5141582604920005,0.09427837462506398,0,ok,0.0213557933943646,0.8391244965670465,FLAT,0.0,-1,0.006536436572374845,0.005439335931431131,0.13797137249419614,SUPPORT,0.5893496341706056,0.026459232693278677,0.038742887215810255,-2.500000000000002,-0.0030000000000000027,0.47901464843749975,0,staged_v3,0.15937306744398422,2,1.0650326020409973,0.16123160787044408,2,1,0,0
v3_torso_proxy:v3_right_forearm_proxy,97,0.7840805071511491,0.5000000000000004,0.9762839447459217,0.0,0.37542593636451793,FLAT,0.0,-1,0.008439051630180059,0.015731218181965118,0.10677394916299017,LOADING,0.33006865954767334,0.014607479276184391,0.04942121626089396,0.1840251881178871,0.9762839447459217,0.09643124200770621,0,ok,0.006360179342990123,0.8141950317659254,FLAT,0.0,-1,0.031352320018234674,0.07429415486498732,0.13645923767227935,SUPPORT,0.5888491850112394,0.0,0.08522391373473043,1.250000000000001,-0.0025000000000000022,0.47651464843749974,0,staged_v3,0.17514342806413577,2,1.0705352510825858,0.17317398571405684,2,1,0,0
v3_torso_proxy:v3_right_forearm_proxy,98,0.49083996782354555,0.7000000000000006,0.7698643527729008,0.0,0.3769328240551242,FLAT,0.0,-1,0.006593135161155972,0.005212703752018707,0.10743082251083579,LOADING,0.3313426517852487,0.025158837373523084,0.04909042382608088,0.14511601169592037,0.7698643527729008,0.09643219309236786,0,ok,0.006815431270572966,0.8208608551439596,FLAT,0.0,-1,0.006239022127873139,0.011188278488934424,0.1355220684635559,SUPPORT,0.6107246214916099,0.020587824934243375,0.04730158467081827,-2.500000000000002,-0.003500000000000003,0.47301464843749974,0,staged_v3,0.2417530551255187,2,1.0634894349293897,0.2417530551255187,2,1,0,0
v3_torso_proxy:v3_right_forearm_proxy,99,0.9945068359375006,0.497253417968746,0.9945068359375002,0.0,0.37918319556394536,FLAT,0.0,-1,0.00618342950085715,0.12765795002349647,0.1081985279928076,LOADING,0.3327053478210625,0.0,0.1496895997975592,0.18746012218356484,0.9945068359375002,0.08009515781917396,0,ok,0.034903769527662096,0.8188461755190994,FLAT,0.0,-1,0.011436630702238635,0.0015629110080092158,0.13401318547634147,SUPPORT,0.6277909656637004,0.030137748265807857,0.01825131909334967,2.5343322753906827,-0.00248626708984373,0.470528381347656,1,staged_v3,0.2909325533362251,2,1.033512546408621,0.25367390968362924,2,0,0,0
v3_torso_proxy:v3_right_forearm_proxy,100,0.854510549356738,0.6972534179687462,0.9036181677160924,0.0,0.3777095971479467,FLAT,0.0,-1,0.014863246518723882,0.018511374312076407,0.1095733128694473,LOADING,0.33342881931402235,0.01196729133139596,0.05830303647253143,0.17032801184082874,0.9036181677160924,0.08008808969494385,0,ok,0.008623307870281942,0.8320334622930796,FLAT,0.0,-1,0.012349772486301574,0.00844232580705032,0.13221771434678287,SUPPORT,0.6023922562831718,0.023168559910288825,0.04453713124005532,-2.500000000000002,-0.003486267089843731,0.4670421142578123,0,staged_v3,0.27596923435476856,2,1.046931226201319,0.27596923435476856,2,1,0,0
v3_torso_proxy:v3_right_forearm_proxy,101,0.2851562499999999,0.497253417968746,0.28515625,0.0,0.3787103761095631,FLAT,0.0,-1,0.013711633938660248,0.004927412818440103,0.11132610390506915,LOADING,0.3340530605369903,0.025638892376813358,0.05093586875913919,0.05375068680751287,0.28515625,0.0800881706399533,0,ok,0.04229736023511824,0.8349021636789379,FLAT,0.0,-1,0.016145922768685206,0.01929305755114925,0.1298986195832906,SUPPORT,0.6229457628528298,0.012201873428015281,0.05870906403800787,2.500000000000002,-0.00248626708984373,0.46455584716796855,1,staged_v3,0.23000309750742998,2,1.039370633188534,0.23000309750742998,2,1,1,1
v3_torso_proxy:v3_right_forearm_proxy,102,0.0005514520477383148,0.00018142908811968894,0.0006103515624999758,0.0,0.3814606929307085,FLAT,0.0,-1,0.012485945441425736,0.004925652107310399,0.11258203356298527,LOADING,0.33494546290883703,0.025703449570838866,0.050922540520305704,0.00011504855909141853,0.0006103515624999758,0.08008850393143856,0,ok,0.04227327789108156,0.826205587009335,FLAT,0.0,-1,0.021120082098825564,0.019330953489475198,0.12915198903674152,SUPPORT,0.5982392253024256,0.01212664596236188,0.05872056369620193,6.2133998610078285,-9.071454405984447e-07,0.46455494002252795,1,staged_v3,0.2031367299507921,2,1.058982672371722,0.19449594265271558,2,0,0,0
v3_torso_proxy:v3_right_forearm_proxy,103,1.0000000000000002,0.1998185709118805,0.5347960849026758,0.0,0.3856077392370887,FLAT,0.0,-1,0.012625338894459949,0.03128098562724596,0.11476697201876387,LOADING,0.336226911650639,0.0,0.0473906812854719,0.10080668708992979,0.5347960849026758,0.08008850410424381,0,ok,0.034060365875599304,0.8296789292726334,FLAT,0.0,-1,0.01982298711839159,0.02771282266434095,0.13029568479133746,SUPPORT,0.5770621931163648,0.008641765896586148,0.02287301834298073,2.500000000000002,0.0009990928545594024,0.46555403287708735,0,staged_v3,0.16992800468807423,2,1.053984119438084,0.16992800468807423,2,1,1,1
v3_torso_proxy:v3_right_forearm_proxy,104,0.6383197159460375,0.00018142908811968894,0.6405527775957054,0.0,0.39158308521880236,FLAT,0.0,-1,0.01189941567604308,0.0032527915915677936,0.11633254883400598,LOADING,0.33818737468751425,0.027563835850132508,0.0470210653320543,0.1207413540198723,0.6405527775957054,0.08008850410106066,0,ok,0.010658333538322568,0.8385315284316746,FLAT,0.0,-1,0.018733629562999118,0.004066401781666282,0.13222640220490417,SUPPORT,0.5599823671855678,0.027544918328578933,0.039640160673857366,-2.500000000000002,-9.071454405984447e-07,0.46555312573164676,1,staged_v3,0.163049470129906,2,1.0417710687399448,0.163049470129906,2,1,0,0
v3_torso_proxy:v3_right_forearm_proxy,105,0.6063713594070882,0.20018142908811987,0.9999829317244421,0.10379583813803503,0.390052071789216,FLAT,0.0,-1,0.018182437323392992,0.025309535713517003,0.11745433364123534,SUPPORT,0.3605498997500114,0.005563180968544766,0.03648923013840221,0.18849234192124148,0.9999829317244421,0.07627162056437464,0,ok,0.06023317210322352,0.8230723829867872,FLAT,0.0,-1,0.029374605370293804,0.055519076403705764,0.13567624082647717,SUPPORT,0.5839455703115976,0.0,0.08709426148464125,-2.500000000000002,-0.0010009071454405993,0.46455221858620616,0,staged_v3,0.21227950363719428,2,1.0408413706619146,0.18919067609230192,2,0,0,0
v3_torso_proxy:v3_right_forearm_proxy,106,0.6061141943163596,0.40018142908812004,1.0000000000000002,0.06422411971652382,0.39144709009933276,FLAT,0.0,-1,0.020278154926351166,0.05974700577027421,0.12082440232606488,UNLOADING,0.30904277121429546,0.0,0.07796355561024737,0.18849555921538763,1.0000000000000002,0.09050804718609078,0,ok,0.06830875442119709,0.8082905518184333,FLAT,0.0,-1,0.032135549203407415,0.023225485072074496,0.14009681248194064,SUPPORT,0.5648104888385121,0.008779355552022534,0.04545543834953271,-2.500000000000002,-0.0020009071454406002,0.46255131144076556,0,staged_v3,0.32882168430361536,2,1.0787600204733605,0.32828058910808333,2,0,0,0
v3_torso_proxy:v3_right_forearm_proxy,107,0.7103881835937503,0.20018142908811987,0.7103881835937499,0.09808654738246483,0.3936215603834625,FLAT,0.0,-1,0.02609678599405098,0.008507530020792416,0.12983248257174812,UNLOADING,0.2742919761920795,0.023892110588029678,0.007599513540557729,0.13390501792650733,0.7103881835937499,0.08789711173127518,0,ok,0.030018750183438754,0.7916345328887079,FLAT,0.0,-1,0.03872391648464695,0.02958493073470863,0.13500474936713563,SUPPORT,0.5484089904330104,0.002165306733648155,0.041748778022301924,2.500000000000002,-0.0010009071454405993,0.46155040429532496,1,staged_v3,0.438711353613029,2,1.0647252520166623,0.4397887762945464,2,1,1,1
v3_torso_proxy:v3_right_forearm_proxy,108,0.9999999999999999,0.40018142908812004,1.0,0.0016500990325320568,0.3921154957488462,FLAT,0.0,-1,0.03151336041544601,0.05047648188764749,0.19980268099903498,UNLOADING,0.2351074081646396,0.0,0.08381752502744794,0.1884955592153876,1.0,0.10336455089015331,0,ok,0.02492568680894081,0.7572926989154909,FLAT,0.0,-1,0.04433235596963429,0.02352969086541585,0.1329011278459125,SUPPORT,0.5354821831074589,0.008115365526879775,0.04934969184369182,-2.500000000000002,-0.0020009071454406002,0.45954949714988436,0,staged_v3,0.39786852924378274,2,1.0852445973149278,0.382502207447229,2,0,0,0
v3_torso_proxy:v3_right_forearm_proxy,109,0.9999999999999999,0.20018142908811987,0.999999989927278,0.17196920256794906,0.3955130247655846,FLAT,0.0,-1,0.03012980432357929,0.0869635557383846,0.30150768386068505,UNLOADING,0.24327834377389065,0.0,0.10209239257300862,0.18849555731672424,0.999999989927278,0.10170184576823482,0,ok,0.12369096364906285,0.7208162639751037,FLAT,0.0,-1,0.04506656501638364,0.01948599149145341,0.13186927435591636,SUPPORT,0.5287087712005859,0.012107472226342408,0.02702971396901968,2.500000000000002,-0.0010009071454405993,0.45854859000444376,0,staged_v3,0.4253803498028202,2,1.0742469508809338,0.42651797707258443,2,1,1,1
v3_torso_proxy:v3_right_forearm_proxy,110,0.14947509765624994,0.00018142908811968894,0.14947509765625025,0.17310807684102958,0.3892041164575006,FLAT,0.0,-1,0.040579797591308975,0.10251737497433372,0.40902506673091776,UNLOADING,0.20852429466333486,0.0,0.12029639894162122,0.028175392121489562,0.14947509765625025,0.10362643854789039,0,ok,0.09813629775973763,0.6833415688362066,FLAT,0.0,-1,0.05105075226797206,0.008512893171506945,0.1311729132493349,SUPPORT,0.5174646610290736,0.0230457524909598,0.01524573837705479,2.500000000000002,-9.071454405984447e-07,0.45854768285900316,1,staged_v3,0.4599443307568437,2,1.0437773849596623,0.43961415200338794,2,0,1,1
v3_torso_proxy:v3_right_forearm_proxy,111,0.014099121093750324,0.1998185709118805,0.014099121093750045,0.17137813291695184,0.382728453860712,FLAT,0.0,-1,0.03863615439835309,0.10472149163176192,0.5148762966316243,UNLOADING,0.1787351097114299,0.0,0.12259854660154298,0.002657621715011882,0.014099121093750045,0.10382331389092941,0,ok,0.08143467948862922,0.6425834289835975,FLAT,0.0,-1,0.05156860558948108,0.008430630850388776,0.13007144456373984,SUPPORT,0.5078268523106345,0.023072941377798216,0.015093029337251969,2.500000000000002,0.0009990928545594024,0.45954677571356256,1,staged_v3,0.2883178910478208,2,1.0318003062452923,0.21500750186295217,2,0,1,1
v3_torso_proxy:v3_right_forearm_proxy,112,0.028686523437500118,0.39981857091188067,0.028686523437500187,0.17231010467995952,0.3705476365803614,FLAT,0.0,-1,0.04020486845216176,0.10902523136180836,0.6173814033737202,UNLOADING,0.15320152260979705,0.0,0.12724937644739803,0.005407282277296921,0.028686523437500187,0.10423342266944899,0,ok,0.0720662415887868,0.5886328101152223,FLAT,0.0,-1,0.055840760721740504,0.008255767231653015,0.12791095094779445,SUPPORT,0.4995658734091153,0.023139780315736713,0.014823168573952692,2.500000000000002,0.0019990928545594033,0.46154586856812196,1,staged_v3,0.2822024647627741,2,1.0248286810157072,0.21829541597877308,2,0,1,1
v3_torso_proxy:v3_right_forearm_proxy,113,0.03869628906249998,0.5998185709118808,0.038696289062500146,0.16591855643926326,0.34857043037547264,FLAT,0.0,-1,0.050987649179998415,0.10960777048984031,0.7189321614627897,UNLOADING,0.13131559080839747,0.0,0.12644569708616493,0.0072940786463962515,0.038696289062500146,0.10440154477375943,0,ok,0.0762286680899162,0.5404876217808067,FLAT,0.0,-1,0.05867180140465245,0.007826004431932241,0.12488085826991886,SUPPORT,0.49248503435067026,0.023418038481563704,0.014230231006610177,2.500000000000002,0.0029990928545594042,0.46454496142268137,1,staged_v3,0.2549537122010607,2,1.0124585341195573,0.2515078955760751,2,0,1,1
v3_torso_proxy:v3_right_forearm_proxy,114,0.09271240234375017,0.799818570911881,0.09271240234375028,0.122135816521853,0.3027619326720228,FLAT,0.0,-1,0.08486404941968442,0.1083206618201829,0.7986060932927905,UNLOADING,0.11255622069291212,0.0,0.12721642385960746,0.017475876125987222,0.09271240234375028,0.10451090383646972,0,ok,0.040460462952029444,0.4977756600427286,FLAT,0.0,-1,0.05926476432745073,0.0068241854630603695,0.10268862793904082,SUPPORT,0.4864157437291459,0.023310245933891673,0.016977122380233405,2.500000000000002,0.003999092854559405,0.4685440542772408,1,staged_v3,0.1855846907223662,2,1.0521418447725894,0.18725126766091532,2,1,1,1
v3_torso_proxy:v3_right_forearm_proxy,115,0.13720703125000003,0.9998185709118812,0.13247299901396076,0.11342796758869857,0.2357912302491833,FLAT,0.0,-1,0.34418378673414496,0.09635205926673077,0.8556949600855077,UNLOADING,0.09647676059392467,0.0,0.1158959841719385,0.02497057203007602,0.13247299901396076,0.10451091015855249,0,ok,0.05570154929217444,0.4678736706094846,FLAT,0.0,-1,0.06399354285482518,0.006022414824341474,0.08462448021350366,SUPPORT,0.4812134946249822,0.02320880918633371,0.013714391247166433,2.500000000000002,0.004999092854559406,0.4735431471318002,1,staged_v3,0.16356549811776858,2,1.0481850584812744,0.16356549811776858,2,1,1,1
v3_torso_proxy:v3_right_forearm_proxy,116,0.16235351562499997,1.0000000000000009,0.15852099637063777,0.1075498714632915,0.18363439475943388,FLAT,0.0,-1,0.5408096809271256,0.08208497069423595,0.8966009206276658,UNLOADING,0.082694366223364,0.0,0.10332672257902287,0.029880503858263796,0.15852099637063777,0.10451090996382559,0,ok,0.07055967043228839,0.44804003169506845,FLAT,0.0,-1,0.061175765916467215,0.005098349730785663,0.06959942817026996,SUPPORT,0.4767544239642705,0.023381621677727837,0.01056897872012831,0.0022678636014961118,0.0050000000000000044,0.4785431471318002,1,staged_v3,0.16000860929628016,2,1.0447249120093927,0.16000860929628016,2,1,1,1
v3_torso_proxy:v3_right_forearm_proxy,117,0.3123168945312505,1.0000000000000009,0.2709509487056719,0.04940061915404322,0.14301461043749059,AIR,0.0,-1,0.9031670507790974,0.05521559326349745,0.9259113221452181,UNLOADING,0.070880885334312,0.016079972843763446,0.09197958481081117,0.05107305059621542,0.2709509487056719,0.10451090996378912,0,ok,0.06101979745627474,0.44258345743892696,FLAT,0.0,-1,0.058222462730736606,0.002706047529965572,0.05890302929300732,SUPPORT,0.47293236339794614,0.025239103934684797,0.018379903686828666,0.0,0.0050000000000000044,0.4835431471318002,1,staged_v3,0.15554721374956432,2,1.0422695417493941,0.15554721374956432,2,1,1,1
v3_torso_proxy:v3_right_forearm_proxy,118,1.0000000000000004,1.0000000000000009,0.9694384711493724,0.1505028628768066,0.11137989059936958,AIR,0.0,-1,1.0884171991976819,0.1391762147241315,0.9344861701574163,UNLOADING,0.061147777355902135,0.0,0.17716737232897428,0.18273484674421137,0.9694384711493724,0.1045109099637904,0,ok,0.17752094174213018,0.4505601055510542,FLAT,0.0,-1,0.05151400408227644,0.06445783524052838,0.05367663771614943,SUPPORT,0.4696563114839538,0.0,0.05128800360244548,0.0,0.0050000000000000044,0.4885431471318002,0,staged_v3,0.18118159349937984,2,1.0392144029788593,0.18118159349937984,2,1,1,1
v3_torso_proxy:v3_right_forearm_proxy,119,0.986397184324993,1.0000000000000009,0.9191803026634715,0.031886719737166835,0.08674274601719643,AIR,0.0,-1,1.176663635627597,0.03984789412288493,0.9098770465819337,UNLOADING,0.05241238059077326,0.030645958206211757,0.09205363190589594,0.1732614051703203,0.9191803026634715,0.11074578271593377,0,ok,0.08081437561277693,0.4646069643573155,FLAT,0.0,-1,0.046783850663321795,0.0013879606876321714,0.05260549898120544,SUPPORT,0.46684826698624615,0.026242314261428104,0.018423921417930367,0.0,0.0050000000000000044,0.4935431471318002,1,staged_v3,0.22627089457084187,2,1.035386127663956,0.22800606699699616,2,1,0,0
v3_torso_proxy:v3_right_forearm_proxy,120,0.9133517150695033,1.0000000000000009,0.7022045132488516,0.05487690175447362,0.06755531852395658,AIR,0.0,-1,1.20268299612683,0.062345673371524746,0.864662972192404,UNLOADING,0.045794555325160906,0.005887475238095463,0.09711018642662991,0.13236243240841133,0.7022045132488516,0.11993359794332947,0,ok,0.059394391072991756,0.4825262136234173,FLAT,0.0,-1,0.041502926799065046,0.00340869786010719,0.05358437660284568,SUPPORT,0.4644413717024967,0.024270520970035098,0.029794985542991745,0.0,0.0050000000000000044,0.4985431471318002,0,staged_v3,0.2397763330438082,2,1.0794883261547732,0.18743445670285117,2,0,0,0
v3_torso_proxy:v3_right_forearm_proxy,121,0.8676597146484392,0.8000000000000118,1.0000000000000002,0.15821785836074084,0.05261213496709556,AIR,0.0,-1,1.2057583622594177,0.028764285223780946,0.80547226000511,UNLOADING,0.039690827748741574,0.03650932777647455,0.043905753108909346,0.18849555921538763,1.0000000000000002,0.1162919209317333,0,ok,0.0983126815350596,0.5021797486348929,FLAT,0.0,-1,0.040561242952944054,0.05723593538304948,0.0557030940753718,SUPPORT,0.46237831860214007,0.0,0.08858183270651494,-2.499999999999863,0.004000000000000059,0.5025431471318003,0,staged_v3,0.21331779853192184,2,1.062565784381349,0.210358830672422,2,0,0,0
v3_torso_proxy:v3_right_forearm_proxy,122,0.2703247070312498,1.0000000000000009,0.27032470703125017,0.11209596249083136,0.04097437191143247,AIR,0.0,-1,1.208548791259044,0.00927043685394403,0.7398196474639724,UNLOADING,0.03402070949892135,0.05272054551925459,0.02976025796067626,0.05095500682159132,0.27032470703125017,0.11580885840404398,0,ok,0.1102496176529761,0.5094753819965651,FLAT,0.0,-1,0.039498921761708106,0.047471273561397964,0.05803834421762719,SUPPORT,0.4606099873732629,0.0,0.08349196220906885,2.499999999999863,0.0050000000000000044,0.5075431471318003,1,staged_v3,0.40006080218957585,2,1.059027858951096,0.401650006097221,2,1,1,1
v3_torso_proxy:v3_right_forearm_proxy,123,0.7736289396911423,0.8000000000000007,0.9350269297923968,0.0,0.03191087293048258,AIR,0.0,-1,1.1941740251447888,0.03360334442465154,0.6687869647058289,UNLOADING,0.02916060814193259,0.024836003810639905,0.06214855598974142,0.1762484240126648,0.9350269297923968,0.11580872098741762,0,ok,0.04889754243578555,0.5139799155594506,FLAT,0.0,-1,0.04082819395918934,0.002362699452875196,0.06032950825994993,SUPPORT,0.4590942748913682,0.0256537759601223,0.034758710859383965,-2.500000000000002,0.0040000000000000036,0.5115431471318003,1,staged_v3,0.15138113506864062,2,1.0645004717076711,0.15138113506864062,2,1,0,0
v3_torso_proxy:v3_right_forearm_proxy,124,0.3108156522445105,0.6000000000000005,0.3628425273536802,0.0,0.02485221282675193,AIR,0.0,-1,1.1836442345479887,0.04803386731671884,0.5938709150073398,UNLOADING,0.02643669361528102,0.006659678433648154,0.0744584283459207,0.06839420510065652,0.3628425273536802,0.11580872685864113,0,ok,0.026415889695343624,0.5201177585370982,FLAT,0.0,-1,0.039545491721250575,0.002685447672321769,0.062411268671304795,SUPPORT,0.4577950927640299,0.025435115761243472,0.03619680739889278,-2.500000000000002,0.0030000000000000027,0.5145431471318003,1,staged_v3,0.15218710021326373,2,1.0663603179440615,0.15218710021326373,2,1,0,0
v3_torso_proxy:v3_right_forearm_proxy,125,0.3044101125650862,0.40000000000000036,0.3908370969268373,0.0,0.019354922810531614,AIR,0.0,-1,1.0987369440682628,0.057156889207393896,0.5353227671435752,UNLOADING,0.02394485052363338,0.0,0.08107996513267668,0.07367105714734284,0.3908370969268373,0.11580872686548066,0,ok,0.01540349890053781,0.5164874298165988,FLAT,0.0,-1,0.04773494869251772,0.007450598248131473,0.06375080596415589,SUPPORT,0.4566815080834542,0.020736942050076323,0.04144944350149399,-2.500000000000002,0.0020000000000000018,0.5165431471318003,0,staged_v3,0.15303707943878894,2,1.0672481550679787,0.15303707943878894,2,1,0,0
v3_torso_proxy:v3_right_forearm_proxy,126,0.19058852292791925,0.20000000000000018,0.32114279041409466,0.0,0.015073629041128618,AIR,0.0,-1,1.0435949086844887,0.055310166344451905,0.4889636254973332,UNLOADING,0.02162461083965382,0.0,0.07814685036819324,0.060533989867094795,0.32114279041409466,0.11580872686536933,0,ok,0.014684953640481484,0.5205192984065057,FLAT,0.0,-1,0.044450852615503626,0.008955401978228198,0.06491589646323045,SUPPORT,0.455727006928675,0.019290392844933325,0.04252936272990798,-2.500000000000002,0.0010000000000000009,0.5175431471318003,0,staged_v3,0.15334493075769653,2,1.068812113287206,0.15334493075769653,2,1,0,0
v3_torso_proxy:v3_right_forearm_proxy,127,0.16343552489992375,0.0,0.2660741408605968,0.0,0.011739354100958837,AIR,0.0,-1,0.9371776952944044,0.05651459913139842,0.45233325585958073,UNLOADING,0.01945384555381522,0.0,0.07750873127764792,0.050153793974272,0.2660741408605968,0.11580872686536942,0,ok,0.015504844593217382,0.5299638944752395,FLAT,0.0,-1,0.04300624702274511,0.0038368368755317414,0.06587444878150642,SUPPORT,0.4555002779014367,0.02445688556354358,0.039118403850382795,-2.500000000000002,0.0,0.5175431471318003,0,staged_v3,0.15229958662888812,2,1.0694219140136974,0.15229958662888812,2,1,0,0
v3_torso_proxy:v3_right_forearm_proxy,128,0.15335727470873678,0.20000000000000018,0.22560127156955914,0.0,0.00914261816657925,AIR,0.0,-1,0.8114686970853302,0.05525118541344409,0.42442379799271157,UNLOADING,0.017426478109087692,0.0,0.07378401286322145,0.042524837844206576,0.22560127156955914,0.1158087268653693,0,ok,0.015567326298943954,0.5381516623450734,FLAT,0.0,-1,0.04127448103521581,0.007295689549133396,0.06654242321544683,SUPPORT,0.4556574925987709,0.021031431611638948,0.042440690206956955,-2.500000000000002,-0.0010000000000000009,0.5165431471318003,0,staged_v3,0.15223830413463374,2,1.0703765408489971,0.15223830413463374,2,1,0,0
v3_torso_proxy:v3_right_forearm_proxy,129,0.14838305683452768,0.40000000000000036,0.21622501052590853,0.0,0.007120278187454772,AIR,0.0,-1,0.7542177113020498,0.058131920741313486,0.4033269815135966,UNLOADING,0.015543906647585384,0.0,0.0724454542232775,0.0407574542754342,0.21622501052590853,0.11580872686536942,0,ok,0.015411237515051112,0.5486689894890442,FLAT,0.0,-1,0.03783181182682724,0.005062003791512972,0.06732091830162973,SUPPORT,0.4574169839088244,0.023304042123568517,0.04073308339828228,-2.500000000000002,-0.0020000000000000018,0.5145431471318003,0,staged_v3,0.15260715572762543,2,1.0714492990823916,0.15260715572762543,2,1,0,0
v3_torso_proxy:v3_right_forearm_proxy,130,0.1842722160839321,0.6000000000000005,0.27694703925473546,0.0,0.00554527822807602,AIR,0.0,-1,0.6727082716275609,0.047262290637096055,0.3882104519528816,UNLOADING,0.01380799759235178,0.0,0.06704145139754758,0.05220328703736726,0.27694703925473546,0.11580872686536903,0,ok,0.01422386415228566,0.5547130668605162,FLAT,0.0,-1,0.03837608950856774,0.012065228540177636,0.06699373652647335,SUPPORT,0.46006268384327814,0.016284458286146032,0.04632756684838752,-2.500000000000002,-0.0030000000000000027,0.5115431471318003,0,staged_v3,0.15290707407652096,2,1.0724583536471888,0.15290707407652096,2,1,0,0
v3_torso_proxy:v3_right_forearm_proxy,131,0.14831551257751524,0.8000000000000007,0.22797648241095728,0.0,0.0043186670263744165,AIR,0.0,-1,0.5153918442906003,0.039945124053232695,0.3384720241524315,UNLOADED,0.012243557801489682,0.001978477154388883,0.06575188583653696,0.042972554540010366,0.22797648241095728,0.11580872686536944,0,ok,0.015244953660583304,0.5667379566837505,FLAT,0.0,-1,0.03258401080096401,0.0047872763122800395,0.06661342600117573,SUPPORT,0.465622674532251,0.02354339498777875,0.041216559700217176,-2.500000000000002,-0.0040000000000000036,0.5075431471318003,0,staged_v3,0.1520714027750259,2,1.0724737648090914,0.1520714027750259,2,1,0,0
v3_torso_proxy:v3_right_forearm_proxy,132,0.1274951938557812,1.0000000000000009,0.18835159891638273,0.0,0.003363381261965051,FLAT,0.0,-1,0.22549376693603843,0.031876017125668385,0.2849168279811294,UNLOADED,0.0108380634500647,0.007369824273388087,0.0623108277546504,0.035503439966855954,0.18835159891638273,0.11580872686536944,0,ok,0.014454823668712783,0.5809471582838648,FLAT,0.0,-1,0.027975265583274424,0.00331492344015515,0.06649500387586935,SUPPORT,0.47133291120105186,0.02500982675363832,0.039934487502209445,-2.500000000000002,-0.0050000000000000044,0.5025431471318003,0,staged_v3,0.15369037015060935,2,1.0737071885196514,0.15369037015060935,2,1,0,0
v3_torso_proxy:v3_right_forearm_proxy,133,0.13045270733857864,1.0000000000000009,0.11792882865790452,0.0,0.015007549348515363,FLAT,0.0,-1,0.09908788168761136,0.023433725933848352,0.2408709722733043,UNLOADED,0.010948984029151534,0.013609822679816867,0.057269358867717446,0.02222906050548734,0.11792882865790452,0.11580872686536933,0,ok,0.01421425301881068,0.590448613104961,FLAT,0.0,-1,0.029031544295674765,0.0034046407228240415,0.06798515237289361,SUPPORT,0.4783030343251874,0.02499461689582064,0.039131071131700425,0.0,-0.0050000000000000044,0.49754314713180026,0,staged_v3,0.154649740252432,2,1.0747602088944905,0.154649740252432,2,1,0,0
v3_torso_proxy:v3_right_forearm_proxy,134,0.2681620302560735,0.9500000000000064,0.23844225655556564,0.0,0.031853080381156515,FLAT,0.0,-1,0.05907019353555166,0.022707252158535026,0.20591895558941833,UNLOADED,0.013817972690673822,0.012588695620935893,0.05494427525133095,0.044945306490020265,0.23844225655556564,0.10994747821679135,0,ok,0.007371800818537903,0.6005834291330787,FLAT,0.0,-1,0.028773312565141176,0.0028144547960168133,0.0734874701993777,SUPPORT,0.4852916887571917,0.025859918713952074,0.031958925610845186,0.6249999999999312,-0.004750000000000032,0.4927931471318002,0,staged_v3,0.1556191815363783,2,1.0582048252654204,0.15299597847989413,2,1,0,0
v3_torso_proxy:v3_right_forearm_proxy,135,0.10858154296874986,0.0814361572265665,0.08778407963700512,0.0,0.05995625839376976,FLAT,0.0,-1,0.02715007423541222,0.02742454835725401,0.18087474126771658,LOADING,0.020876715286422317,0.006619188706131818,0.058394257312309183,0.0165469091813854,0.08778407963700512,0.11046325890793196,0,ok,0.0038800599814530923,0.6081016055429003,FLAT,0.0,-1,0.026572289014446956,0.0012704241779106411,0.10488310303169068,SUPPORT,0.4947568632392184,0.028973730973673895,0.02808507232361419,10.857048034667999,-0.0004071807861328325,0.4923859663456674,1,staged_v3,0.16461630897717278,2,1.0749045952765042,0.16484796079400427,2,1,1,1
v3_torso_proxy:v3_right_forearm_proxy,136,0.43509970128492725,0.2814361572265667,0.19908089600664297,0.0,0.0924425102632069,FLAT,0.0,-1,0.006580970166656703,0.01108843428705766,0.16292977755749674,LOADING,0.03217754675497105,0.022058054590817177,0.049315130552749276,0.03752586482187259,0.19908089600664297,0.11046367267667842,0,ok,0.01570077409993019,0.6236026699966648,FLAT,0.0,-1,0.02686357419886832,0.009281890192253953,0.18970597558572233,SUPPORT,0.4962590430486811,0.025203408587032166,0.04321383563999277,-2.500000000000002,-0.0014071807861328334,0.49097878555953456,0,staged_v3,0.15532041480523048,2,1.0715327904081606,0.15532041480523048,2,1,0,0
v3_torso_proxy:v3_right_forearm_proxy,137,0.914488696738057,0.2814361572265667,0.999994626381005,0.0,0.11271354701791647,FLAT,0.0,-1,0.03513963545466027,0.02307338386552727,0.14869041894424756,LOADING,0.04493286190220291,0.009361137081685109,0.04959023802494525,0.18849454631207013,0.999994626381005,0.11955712113243638,0,ok,0.057062148663404685,0.6428777782810517,FLAT,0.0,-1,0.03160433318162483,0.06650676424442997,0.27679041279607824,SUPPORT,0.48965060832744095,0.0,0.07895747860006132,0.0,-0.0014071807861328334,0.4895716047734017,0,staged_v3,0.16626858124233945,2,1.0869451177855625,0.16773326190056917,2,1,0,0
v3_torso_proxy:v3_right_forearm_proxy,138,0.6029829246677637,0.48143615722656685,0.9611551987468678,0.0,0.13277808306796118,FLAT,0.0,-1,0.025394430433519178,0.006889209886690079,0.13763981487408242,LOADING,0.05884679598079262,0.024992780857014046,0.045764307168081164,0.18117348668056787,0.9611551987468678,0.11956169016108992,0,ok,0.0137510882817549,0.6493190851602435,FLAT,0.0,-1,0.034456104337539456,0.003029662285060031,0.3766139647592926,SUPPORT,0.4839862357092351,0.0408010359529046,0.03933263908153456,-2.500000000000002,-0.0024071807861328343,0.4871644239872689,1,staged_v3,0.2521730705375226,2,1.0819839513915974,0.2521730705375226,2,1,0,0
v3_torso_proxy:v3_left_forearm_proxy,139,0.9999999999999999,0.2814361572265667,1.0000000000000002,0.0,0.1516764128452094,FLAT,0.0,-1,0.019413820843096147,0.0660130298502238,0.128633431704502,LOADING,0.07351058785509436,0.0017458629379168214,0.029685808647308277,0.18849555921538763,1.0000000000000002,0.1188922564415325,0,ok,0.20462201579276085,0.6401278335441216,FLAT,0.0,-1,0.039565298594405975,0.025997176188021984,0.47064777554029336,UNLOADING,0.45972656908072984,0.022535212588992687,0.06396270283597473,2.500000000000002,-0.0014071807861328334,0.48575724320113606,0,staged_v3,0.1965807584601622,2,1.090682404674287,0.19777200034988915,2,1,1,1
v3_torso_proxy:v3_right_forearm_proxy,140,0.3621826171875002,0.0814361572265665,0.3621748270571966,0.0,0.1716260888787159,FLAT,0.0,-1,0.004974815500354344,0.03326161953322895,0.09408427888803908,LOADING,0.08990422469771298,0.027197933926129722,0.002506280018272235,0.06826834655988256,0.3621748270571966,0.1112669647688668,0,ok,0.18079107926685262,0.6031439527895396,FLAT,0.0,-1,0.05686104313041908,0.047979084905189484,0.5659141684559479,UNLOADING,0.39405134492633986,0.005316623517607914,0.06973649363695172,2.500000000000002,-0.0004071807861328325,0.4853500624150032,1,staged_v3,0.31672070386723433,2,1.0602778871594218,0.3084219719205894,2,0,1,1
v3_torso_proxy:v3_right_forearm_proxy,141,0.016967773437500635,0.11856384277343368,0.010992556801010434,0.0,0.1890371794861606,FLAT,0.0,-1,0.00559859354451488,0.03318142175699117,0.07021147878010678,LOADING,0.10707629967217375,0.0260824673581985,0.0024281065808068403,0.002072048141413374,0.010992556801010434,0.11126691909148134,0,ok,0.1634265060821966,0.5319924613324828,FLAT,0.0,-1,0.08753992849785573,0.048996285750828386,0.6563945331207135,UNLOADING,0.33775829565114845,0.008823440905207293,0.07076591667247255,2.500000000000002,0.0005928192138671684,0.4859428816288704,1,staged_v3,0.20518565698617222,2,1.0675280105917995,0.20518565698617222,2,1,1,1
v3_torso_proxy:v3_right_forearm_proxy,142,0.04815673828124972,0.31856384277343386,0.03067033634407166,0.0,0.20348523750150246,FLAT,0.0,-1,0.008699677978324065,0.03290754323173158,0.0541478409196594,LOADING,0.1241544299840934,0.025482440368215613,0.0022249516777673598,0.005781222200499814,0.03067033634407166,0.11126692194105209,0,ok,0.15027644740725923,0.41771588376928537,FLAT,0.0,-1,0.14583402817944627,0.051972656952208734,0.7246971518629278,UNLOADING,0.2895071105581273,0.009262200640937662,0.07370129051639836,2.500000000000002,0.0015928192138671693,0.48753570084273756,1,staged_v3,0.21211013091732397,2,1.0670931336096838,0.21211013091732397,2,1,1,1
v3_torso_proxy:v3_right_forearm_proxy,143,0.9260864257812493,0.11856384277343368,0.5403412143311589,0.0,0.21656718250267437,FLAT,0.0,-1,0.00988431481638971,0.0034368971601528584,0.04305932648304125,LOADING,0.1407719330844306,0.023716069163999206,0.02721045394495633,0.1018519193624734,0.5403412143311589,0.11126692194190502,0,ok,0.054146291202822945,0.3253174573808834,FLAT,0.0,-1,0.25158837223698344,0.03252375741559812,0.7541744966770959,UNLOADING,0.24814895190696623,0.03018496741825668,0.059458879947657375,-2.500000000000002,0.0005928192138671684,0.48812852005660473,1,staged_v3,0.21859843608070226,2,1.0657907811472302,0.21859843608070226,2,1,0,0
v3_torso_proxy:v3_right_forearm_proxy,144,0.8712640991108942,0.0814361572265665,0.3017014174907326,0.0,0.2259872485206051,FLAT,0.0,-1,0.011735517078713549,0.008598462693373159,0.03490506472433303,LOADING,0.15623737626436834,0.018146790542843495,0.05062877361547626,0.05686937740599077,0.3017014174907326,0.11253835394744824,0,ok,0.015957955964985306,0.2533574905550304,FLAT,0.0,-1,0.30397837810396666,0.03273898637175647,0.7557570822477735,UNLOADING,0.21543530417148318,0.030048867740632215,0.05824789420136145,-2.500000000000002,-0.0004071807861328325,0.4877213392704719,0,staged_v3,0.18266142350286527,2,1.083471875625547,0.18446778814722936,2,1,0,0
v3_torso_proxy:v3_right_forearm_proxy,145,0.9999999999999997,0.11856384277343368,1.0000000000000002,0.0,0.23516911450177766,FLAT,0.0,-1,0.008148837181062612,0.03891272892168926,0.02837840157728453,LOADING,0.17068897919786905,0.0,0.03760025424234457,0.18849555921538763,1.0000000000000002,0.10516711433311896,0,ok,0.2048083493845281,0.19731501204126373,FLAT,0.0,-1,0.4325188351649995,0.029354440066631307,0.7366412869653747,UNLOADING,0.19136341001399867,0.0462288159912798,0.015603248356988942,2.500000000000002,0.0005928192138671684,0.48831415848433907,0,staged_v3,0.2551317281153526,2,1.0794068157998447,0.23133405870215695,2,0,1,1
v3_torso_proxy:v3_right_forearm_proxy,146,0.9965820312500002,0.0814361572265665,0.9211205073903067,0.0,0.24181544759638046,FLAT,0.0,-1,0.009906729210953051,0.004179687247455658,0.023701843078856217,LOADING,0.18376797851897678,0.022005404906487155,0.04181797367829966,0.17362712514529743,0.9211205073903067,0.1051639893485388,0,ok,0.05686359649338159,0.15366908588947986,FLAT,0.0,-1,0.44994249011186505,0.030680140857162017,0.7213497116859862,UNLOADING,0.16402578001199886,0.03038734472713729,0.035383351385873875,-2.500000000000002,-0.0004071807861328325,0.48790697769820623,1,staged_v3,0.3283037726990229,2,1.0637364447159345,0.3283037726990229,2,1,0,0
v3_torso_proxy:v3_right_forearm_proxy,147,0.02587890625000004,0.11856384277343368,0.009811011597345327,0.0,0.2453307842553598,FLAT,0.0,-1,0.013506941377429109,0.0041619118032481354,0.020597693667617697,LOADING,0.19506988999798772,0.02186797288013275,0.041126209509229315,0.0018493321175102606,0.009811011597345327,0.10516399303875953,0,ok,0.0326915087621535,0.1196776044245939,FLAT,0.0,-1,0.49761477299238266,0.03197738558217913,0.7084387621146502,UNLOADING,0.14196104546312568,0.028444552523553386,0.03611152198286925,2.500000000000002,0.0005928192138671684,0.4884997969120734,1,staged_v3,0.2630206428687296,2,1.0702853078349845,0.2630206428687296,2,1,1,1
v3_torso_proxy:v3_right_forearm_proxy,148,0.6856079101562506,0.31856384277343386,0.36771639083759367,0.0,0.24245156261093037,FLAT,0.0,-1,0.019735139917795793,0.026333850211959463,0.019161627007064516,LOADING,0.20361707123857012,0.0,0.06769599766956758,0.06931290672359625,0.36771639083759367,0.10516399307735375,0,ok,0.07507733077180394,0.09320501204198356,FLAT,0.0,-1,0.6018105101720899,0.028398765141761116,0.6982772692534254,UNLOADING,0.12430083412067282,0.05445130433698204,0.005462559125689236,2.500000000000002,0.0015928192138671693,0.49009261612594057,1,staged_v3,0.16474691862353946,2,1.071123333102882,0.16474691862353946,2,1,1,1
v3_torso_proxy:v3_right_forearm_proxy,149,0.056091308593751533,0.518563842773434,0.056091308593749986,0.0,0.23594022236138165,FLAT,0.0,-1,0.022880489708880593,0.030016669775270656,0.018132640280707022,LOADING,0.20922605762716665,0.0,0.06794463854272803,0.01057296258050178,0.056091308593749986,0.10500296805959303,0,ok,0.09346823331415552,0.07258813636447652,FLAT,0.0,-1,0.6437334550675308,0.02882327490869567,0.6895452276764742,UNLOADING,0.10688131580893596,0.053737900573102584,0.005739360810721128,2.500000000000002,0.00259281921386717,0.49268543533980774,1,staged_v3,0.25209532038176347,2,1.0375537398763244,0.25130691669392263,2,1,1,1
v3_torso_proxy:v3_right_forearm_proxy,150,0.9142456054687503,0.7185638427734342,0.6710185527487301,0.0,0.23193324902125728,FLAT,0.0,-1,0.02376156471822203,0.005731557524008744,0.017395339073107054,LOADING,0.21296058440417434,0.02013820942964661,0.02208918689215976,0.12648401734427195,0.6710185527487301,0.10500292362028396,0,ok,0.11333778321640767,0.05653169744234823,FLAT,0.0,-1,0.8921313154540096,0.05715349244588749,0.7023331016666867,UNLOADING,0.0916125564076594,0.04385513717915368,0.01626151790418066,2.500000000000002,0.003592819213867171,0.4962782545536749,1,staged_v3,0.1583410345362405,2,1.0677335888729012,0.1583410345362405,2,1,1,1
v3_torso_proxy:v3_right_forearm_proxy,151,0.5776367187499993,0.518563842773434,0.39466663385522416,0.0,0.2304899348825658,FLAT,0.0,-1,0.022326292956921002,0.00519395554347318,0.01686703967253781,LOADING,0.21568891792469566,0.020649396440153713,0.032543276072728694,0.0743929078521951,0.39466663385522416,0.11000030750696022,0,ok,0.05956490109328888,0.04402693023645654,FLAT,0.0,-1,0.8726846981619872,0.05543276922141517,0.7084301908929176,UNLOADING,0.07852504834942235,0.03496230626576113,0.025459203278884755,-2.500000000000002,0.00259281921386717,0.4988710737675421,1,staged_v3,0.160728335545781,2,1.0740930409079081,0.15675295743516668,2,0,0,0
v3_torso_proxy:v3_right_forearm_proxy,152,0.7685734295298146,0.31856384277343386,0.5224761845271676,0.0,0.22505514071721053,FLAT,0.0,-1,0.02027634308544947,0.004965498598550406,0.017096238863982906,LOADING,0.2167926431945449,0.02088931334464874,0.05118187276072013,0.0984844405791705,0.5224761845271676,0.11000163586786277,0,ok,0.02718685737514179,0.034288207744382466,FLAT,0.0,-1,0.8866795788368553,0.05694303719052703,0.7082373528189102,UNLOADING,0.06765290837635746,0.008470176331059662,0.05194169130988585,-2.500000000000002,0.0015928192138671693,0.5004638929814093,0,staged_v3,0.16027933147871143,2,1.0778808414981633,0.16027933147871143,2,1,0,0
v3_torso_proxy:v3_right_forearm_proxy,153,0.5018557706661461,0.46856384277342844,0.854662207118521,0.0,0.22615780067902266,FLAT,0.0,-1,0.023339608243934412,0.06435952290691636,0.017260467261011513,LOADING,0.2178849568285519,0.0,0.09440935323554164,0.16110003067106304,0.854662207118521,0.11115135216223698,0,ok,0.054166009924551756,0.026703683041440072,FLAT,0.0,-1,0.8924059014066563,0.03455348582122984,0.6795802286214158,UNLOADING,0.05889768734070493,0.024425525609840945,0.03508109163714487,1.8749999999999323,0.002342819213867142,0.5028067121952764,0,staged_v3,0.16722136941169072,2,1.0780794955542194,0.16897122642958481,2,1,0,0
v3_torso_proxy:v3_right_forearm_proxy,154,0.5732623382123365,0.26856384277342826,0.894092378276084,0.0,0.22929557808920786,FLAT,0.0,-1,0.02550250604838997,0.006658007917717881,0.018372030766647885,LOADING,0.21932455599762085,0.019260593620614514,0.05266625345205026,0.16853244283336632,0.894092378276084,0.11115194126789724,0,ok,0.1023150036468083,0.020796849263564125,FLAT,0.0,-1,0.9033308465465083,0.05028487432603612,0.6408235146855099,UNLOADING,0.05081374187735495,0.006756301408239379,0.05701947983959882,-2.500000000000002,0.0013428192138671413,0.5041495314091435,0,staged_v3,0.15518380213646063,2,1.0762243943827137,0.15518380213646063,2,1,0,0
v3_torso_proxy:v3_right_forearm_proxy,155,0.73346922314304,0.06856384277342809,1.0000000000000002,0.0,0.2285155487585313,FLAT,0.0,-1,0.031063286583931787,0.06257736019115212,0.02147946327214601,LOADING,0.2201810762824683,0.0,0.1014780565389928,0.18849555921538763,1.0000000000000002,0.11014181866496944,0,ok,0.19695059740821597,0.01619660249188171,FLAT,0.0,-1,0.9175737874355389,0.029341197224851283,0.5948301284780826,UNLOADING,0.04355463589487567,0.02718597230089978,0.02755553412300435,-2.500000000000002,0.0003428192138671404,0.5044923506230107,0,staged_v3,0.2469557736697489,2,1.0807001162631913,0.2376132609637307,2,0,0,0
v3_torso_proxy:v3_right_forearm_proxy,156,0.514076202117788,0.0814361572265776,0.9718627242175069,0.0,0.23074661574109032,FLAT,0.0,-1,0.028687948368825034,0.0032307753209570274,0.02601610900285391,LOADING,0.22109355835276073,0.02307003012918567,0.04692208895976967,0.18319180768196897,0.9718627242175069,0.11106182105462209,0,ok,0.18350889213392918,0.012613926703773743,FLAT,0.0,-1,0.8869275645345435,0.03635970811746906,0.543651440003749,UNLOADING,0.037332545052750576,0.01582286388271839,0.056244322332927456,-1.875000000000071,-0.000407180786132888,0.5040851698368778,1,staged_v3,0.3594362567264564,2,1.0683523932928063,0.36038523839369824,2,1,0,0
v3_torso_proxy:v3_right_forearm_proxy,157,0.6945190429687502,0.11856384277342258,0.2768147111477053,0.0,0.23732647195632675,FLAT,0.0,-1,0.02288866901354245,0.030011603580615547,0.031348194766861646,LOADING,0.22285218978023014,0.0,0.07906763424629337,0.0521783437768327,0.2768147111477053,0.11106240012196722,0,ok,0.1476206831993604,0.009823735994504297,FLAT,0.0,-1,0.8424523909050923,0.0006440260050927698,0.48875732010038775,UNLOADING,0.031999324330929065,0.04879383999992662,0.03147492592570084,2.500000000000002,0.0005928192138671129,0.5046779890507449,1,staged_v3,0.2818317898635884,2,1.062396777070285,0.2818317898635884,2,1,1,1
v3_torso_proxy:v3_right_forearm_proxy,158,0.04754638671875053,0.31856384277342276,0.047546386718750014,0.0,0.23857562692362327,FLAT,0.0,-1,0.030738343755764917,0.03397779776187036,0.03622885263677387,LOADING,0.2242682129628004,0.0,0.0833272728638923,0.008962282753221862,0.047546386718750014,0.11093067925338043,0,ok,0.0,0.007650733285206692,FLAT,0.0,-1,0.7224226424917939,0.0004416559590569103,0.45189957463150393,UNLOADING,0.027427992283653484,0.04715332277251829,0.03185384808166107,2.500000000000002,0.0015928192138671138,0.506270808264612,1,staged_v3,0.2555528570140848,2,1.046376104143353,0.2572107115836979,2,1,1,1
v3_torso_proxy:v3_right_forearm_proxy,159,0.665042755587544,0.11856384277342258,0.6756493199504736,0.0,0.23757531912084295,FLAT,0.0,-1,0.03535118345564977,0.037688991130501406,0.0404594485025392,LOADING,0.2250072009165201,0.0,0.07663043423866009,0.12735689639756087,0.6756493199504736,0.11093060610328678,0,ok,0.0,0.005958397073589434,FLAT,0.0,-1,0.6570828834814779,0.013103232788728107,0.4200387021984796,LOADING,0.024003370485933803,0.03289870232119588,0.05508539704252788,-2.500000000000002,0.0005928192138671129,0.5068636274784791,0,staged_v3,0.15747527524273097,2,1.06193799049442,0.15747527524273097,2,1,0,0
v3_torso_proxy:v3_right_forearm_proxy,160,0.21606667888131362,0.0814361572265776,0.6258428671593579,0.0,0.23538508841412034,FLAT,0.0,-1,0.03412279176722046,0.0036879513078388855,0.07184982412170822,LOADING,0.22407370238711624,0.02490453989824653,0.050427038546223206,0.1179686012261647,0.6258428671593579,0.11093060854675943,0,ok,0.0,0.004640404306761818,FLAT,0.0,-1,0.4114225063063713,0.008228634168550356,0.3883149925373593,LOADING,0.0209798126655163,0.03618711545831761,0.05156347180948478,-2.500000000000002,-0.000407180786132888,0.5064564466923462,1,staged_v3,0.1532638302834993,2,1.0603916763637111,0.1532638302834993,2,1,0,0
v3_torso_proxy:v3_right_forearm_proxy,161,1.0,0.11856384277342258,0.8519720318985593,0.0,0.2347282161062943,FLAT,0.0,-1,0.03331729278239597,0.06785429751106477,0.09387923387422253,LOADING,0.22244776076175285,0.0,0.10864253737350622,0.16059294458858897,0.8519720318985593,0.11020815575026052,0,ok,0.0,0.0036139505078740235,FLAT,0.0,-1,0.31128555863950186,0.013872274883694247,0.3440433191307244,LOADING,0.018321352996152666,0.02832989107284198,0.04494220227120127,2.500000000000002,0.0005928192138671129,0.5070492659062134,0,staged_v3,0.16125844116793886,2,1.071121325773652,0.16191258081531293,2,1,1,1
v3_torso_proxy:v3_right_forearm_proxy,162,0.9556767423195636,0.0814361572265776,0.6693358335029623,0.0,0.23556028515109692,FLAT,0.0,-1,0.030958473453265155,0.0057998996759663045,0.10879625699385442,LOADING,0.2206598246286814,0.024639913173726418,0.05253292595285514,0.12616683223903846,0.6693358335029623,0.11151130825655894,0,ok,0.0,0.002814547485513591,FLAT,0.0,-1,0.1274282926039027,0.012980544148140673,0.3112140160878063,LOADING,0.01598096269085615,0.027580156656249643,0.05352416318040739,-2.500000000000002,-0.000407180786132888,0.5066420851200805,0,staged_v3,0.15834433737854578,2,1.0625144612344373,0.1601418416281414,2,1,0,0
v3_torso_proxy:v3_right_forearm_proxy,163,0.9999999999999999,0.11856384277342258,0.2312225861350038,0.0,0.23442844963322573,FLAT,0.0,-1,0.03716390864749835,0.009640128002112513,0.11826988509467473,LOADING,0.21866593880060997,0.021273366252621224,0.020165731367282624,0.04358443067674567,0.2312225861350038,0.10909601151426285,0,ok,0.0,0.009906097392846439,FLAT,0.0,-1,0.07125965176162989,0.0014542824326100158,0.2868112408278868,LOADING,0.014707241921854167,0.03788627960878432,0.008429956484490006,2.500000000000002,0.0005928192138671129,0.5072349043339476,0,staged_v3,0.15476583546116854,2,1.0601236164974488,0.1549529919893884,2,1,1,1
v3_torso_proxy:v3_right_forearm_proxy,164,0.9963415428091346,0.0814361572265776,0.40325105099363767,0.0,0.23318357260890493,FLAT,0.0,-1,0.041389335482532444,0.00809406696910063,0.12282427505782206,LOADING,0.21664837173592613,0.023047146783790474,0.049576273644456006,0.07601103236123852,0.40325105099363767,0.11407896339142792,0,ok,0.0,0.061389828983955105,FLAT,0.0,-1,0.09466957816248857,0.009695934096533267,0.26230786852169685,LOADING,0.020823152296335808,0.028419459329551578,0.04632439457791062,-2.500000000000002,-0.000407180786132888,0.5068277235478147,0,staged_v3,0.15138966122827183,2,1.0674602377015099,0.15102808791585737,2,1,0,0
v3_torso_proxy:v3_right_forearm_proxy,165,0.1606788098152266,0.2814361572265778,0.10535244293851936,0.0,0.2371957832071768,FLAT,0.0,-1,0.035146178492321344,0.009814826555838312,0.12428134513688374,LOADING,0.21537242894642128,0.02139924070100588,0.0582177571230339,0.01985846764640342,0.10535244293851936,0.11408152689138887,0,ok,0.0,0.10655023722304355,FLAT,0.0,-1,0.06572231391729803,0.004200498956261439,0.24042864474615613,LOADING,0.0328450234550938,0.03282093328104636,0.0473998543377963,-2.500000000000002,-0.0014071807861328889,0.5054205427616818,0,staged_v3,0.1550875459071032,2,1.070885274579962,0.1550875459071032,2,1,0,0
v3_torso_proxy:v3_right_forearm_proxy,166,0.0949686493556612,0.48143615722657795,0.25210248618060654,0.0,0.24286741955419752,FLAT,0.0,-1,0.032860969865222994,0.009527918150648733,0.12267804237694815,LOADING,0.21504392766352504,0.021605983968198676,0.058335779265443366,0.047520199112202954,0.25210248618060654,0.1140814609671994,0,ok,0.0,0.1604251853731728,FLAT,0.0,-1,0.0548242535126035,0.011953486289807243,0.21947840299384605,LOADING,0.051319083141570465,0.024020433859885063,0.05232197362765058,-2.500000000000002,-0.0024071807861328898,0.5030133619755489,0,staged_v3,0.1571548792581539,2,1.0720032298807467,0.1571548792581539,2,1,0,0
v3_torso_proxy:v3_right_forearm_proxy,167,0.09400680077637069,0.6814361572265781,0.08114638103365056,0.0,0.25148336219004663,FLAT,0.0,-1,0.02591684347501739,0.010403540179969323,0.11968085960101506,LOADING,0.21631226557637773,0.020580502800081432,0.05942728528171183,0.015295732471242884,0.08114638103365056,0.11408146089661297,0,ok,0.0,0.23138672864834609,FLAT,0.0,-1,0.03739718523106262,0.002022680062589298,0.20144600460910841,LOADING,0.07801022584176934,0.03304962016786612,0.04441403627253182,-2.500000000000002,-0.0034071807861328907,0.499606181189416,0,staged_v3,0.15722496480526843,2,1.0709205115575877,0.15722496480526843,2,1,0,0
v3_torso_proxy:v3_right_forearm_proxy,168,0.061970981406933995,0.8814361572265783,0.14816674807328867,0.0,0.26147644174306894,FLAT,0.0,-1,0.02362690682652989,0.008728929134549385,0.11734583195614325,LOADING,0.21920846669106148,0.022138362463257778,0.058082199517852,0.0279287740352,0.14816674807328867,0.11408146089748408,0,ok,0.0,0.3056276182511215,FLAT,0.0,-1,0.033188271725941416,0.0011473261745833492,0.1859251394305715,SUPPORT,0.15240818067341547,0.033148930796945225,0.043227442504810754,-2.500000000000002,-0.0044071807861328915,0.49519900040328313,0,staged_v3,0.15853133386518667,2,1.0710580753362626,0.15853133386518667,2,1,0,0
v3_torso_proxy:v3_right_forearm_proxy,169,0.07223327613282995,1.0000000000000009,0.1907600254045363,0.0,0.2717660424903497,FLAT,0.0,-1,0.02288704152529402,0.01296884575403313,0.11529681448044654,LOADING,0.22345323005430012,0.0177959949699892,0.06131990941163172,0.03595741766456961,0.1907600254045363,0.11408146089748544,0,ok,0.0,0.3751707477308784,FLAT,0.0,-1,0.032248307412299455,0.0007819320199318374,0.17051399444107018,SUPPORT,0.2119265445387324,0.03274376770212167,0.042396951158438986,-1.4820480346677822,-0.0050000000000000044,0.4901990004032831,0,staged_v3,0.1605710711987099,2,1.071247716220411,0.1605710711987099,2,1,0,0
v3_torso_proxy:v3_right_forearm_proxy,170,0.05468749999999988,0.04374999999999796,0.01315980699772652,0.0,0.2874961802640481,FLAT,0.0,-1,0.016340744843963955,0.012787457442358454,0.1167699082487547,LOADING,0.22954763957798965,0.018051037970079283,0.059130574619065984,0.0024805651792030314,0.01315980699772652,0.11379993595712248,0,ok,0.0,0.45973680723702054,FLAT,0.0,-1,0.01919883845561064,0.00022465441775119683,0.15777568249809767,SUPPORT,0.2595412356309859,0.03266412970715368,0.03974777285782427,11.953125000000036,-0.00021874999999998979,0.48998025040328314,1,staged_v3,0.160970608691535,2,1.0606499106379037,0.1624096924641957,2,1,1,1
v3_torso_proxy:v3_right_forearm_proxy,171,0.06773814395824594,0.24374999999999813,0.5130728875169596,0.0,0.30210427488022473,FLAT,0.0,-1,0.015466704563137158,0.010449149318789937,0.11984657915642125,LOADING,0.23681773385985144,0.02054317963903113,0.05987358113681092,0.09671196085076295,0.5130728875169596,0.11379978979550578,0,ok,0.0,0.5327002990680673,FLAT,0.0,-1,0.018979049314730597,0.018380873106150736,0.1468932075350094,SUPPORT,0.29852303720140877,0.013963787270599739,0.05775844318863607,-2.500000000000002,-0.0012187499999999907,0.48876150040328314,0,staged_v3,0.15986268583111093,2,1.070486930105457,0.15986268583111093,2,1,0,0
v3_torso_proxy:v3_right_forearm_proxy,172,0.055068948833078474,0.4437499999999983,0.2342129112384117,0.0,0.31250692686344705,FLAT,0.0,-1,0.020234917526332705,0.008945629466948012,0.12392830963122856,LOADING,0.24420988142172317,0.022250786014613416,0.05861160065700814,0.044148093679348355,0.2342129112384117,0.11379979354177591,0,ok,0.0,0.5984248718320379,FLAT,0.0,-1,0.01833103641474559,0.003622158797702263,0.13685197069126476,SUPPORT,0.3421242795233582,0.02822043973686098,0.04567325428880031,-2.500000000000002,-0.0022187499999999916,0.48654275040328315,0,staged_v3,0.1591648074888131,2,1.070399320305822,0.1591648074888131,2,1,0,0
v3_torso_proxy:v3_right_forearm_proxy,173,0.3796865538194194,0.6437499999999985,0.9999892224483874,0.0,0.3251875184964292,FLAT,0.0,-1,0.010713468466075963,0.05853163506376141,0.1268529973177512,LOADING,0.25215520655434565,0.0,0.09104172665616585,0.1884935276947694,0.9999892224483874,0.09691623981799824,0,ok,0.010940296045580998,0.6597011562335862,FLAT,0.0,-1,0.011313610197057778,0.03597611408462584,0.1289923286539161,SUPPORT,0.3886203771937536,0.0,0.061215913618974035,-2.500000000000002,-0.0032187499999999925,0.48332400040328316,0,staged_v3,0.20537985422567834,2,1.0681762943253585,0.18406267197823284,2,0,0,0
v3_torso_proxy:v3_right_forearm_proxy,174,0.3335768226200197,0.8437499999999987,0.8265830261577776,0.0,0.33551043368232375,FLAT,0.0,-1,0.01048262368100857,0.009384022879225164,0.12894862761879433,LOADING,0.26017352998491683,0.02206340850171456,0.0569473352271527,0.15580722975355765,0.8265830261577776,0.09690755392577695,0,ok,0.0037931082168774816,0.7120436553938153,FLAT,0.0,-1,0.00824750579518624,0.0022349695330332224,0.12298761147336312,SUPPORT,0.4299519622662435,0.028914411040634937,0.042790610449118416,-2.500000000000002,-0.004218749999999993,0.47910525040328317,0,staged_v3,0.20301627670640016,2,1.0588831720133722,0.20301627670640016,2,1,0,0
v3_torso_proxy:v3_left_forearm_proxy,175,0.2410127606568434,1.0000000000000009,0.9999919711293677,0.0,0.3479073787577462,FLAT,0.0,-1,0.005725052433142876,0.05360880187754616,0.13049948520597116,LOADING,0.26863995297403376,0.0,0.08264590117123351,0.1884940458089279,0.9999919711293677,0.1056528099426153,0,ok,0.06195700056742694,0.755778471230217,FLAT,0.0,-1,0.01130100369559065,0.0356237040653339,0.11866222337654146,SUPPORT,0.4764163095546129,0.0,0.06302605040620719,-1.9531250000000278,-0.0050000000000000044,0.47410525040328316,0,staged_v3,0.23309548068923192,2,1.086462497220166,0.22976593996191785,2,0,0,0
v3_torso_proxy:v3_left_forearm_proxy,176,1.0000000000000002,0.8000000000000007,1.0,0.0,0.3525773321914011,FLAT,0.0,-1,0.014329617348176053,0.010185198032721818,0.13178478094945256,LOADING,0.27613456351939,0.02140404101475081,0.0551891479373465,0.1884955592153876,1.0,0.08989285988527333,0,ok,0.11239208199643703,0.7985783601456934,FLAT,0.0,-1,0.0073625285130683735,0.06164260026003536,0.11555351632365554,SUPPORT,0.4726425510468111,0.0,0.11399031508988247,2.500000000000002,-0.0040000000000000036,0.47010525040328316,0,staged_v3,0.2697507679341709,2,1.0763263775514362,0.25680032115835455,2,0,1,1
v3_torso_proxy:v3_left_forearm_proxy,177,1.0000000000000002,0.6000000000000005,1.0000000000000002,0.0,0.3393176519692863,FLAT,0.0,-1,0.04098697272870006,0.030078624564853235,0.13301128288019212,LOADING,0.27974456597090336,0.0015719395791563735,0.05384990630054024,0.18849555921538763,1.0000000000000002,0.09016975519891204,0,ok,0.1912395946193728,0.8178648988251784,FLAT,0.0,-1,0.010768862113011795,0.08749714301853789,0.11302092074903664,UNLOADING,0.40512218661155236,0.0,0.09284153437162078,2.500000000000002,-0.0030000000000000027,0.46710525040328316,0,staged_v3,0.3155164489274761,2,1.0914399560259203,0.3171625036919217,2,1,1,1
v3_torso_proxy:v3_left_forearm_proxy,178,0.48730468750000044,0.40000000000000036,0.4264558414492543,0.0,0.3226663465215686,FLAT,0.0,-1,0.05524712331784461,0.0010754195620538047,0.10545246961562428,LOADING,0.2815237294605264,0.02919720391872741,0.017614991020719256,0.08038503231464586,0.4264558414492543,0.09016978434283533,0,Stage B: NoSolutionFound: QP solver proxqp failed to find a solution.,0.1441656405035804,0.8406595206729008,FLAT,0.0,-1,0.008977609355175852,0.0634145170024017,0.1110985556572517,UNLOADING,0.34724758852418774,0.0,0.0667833545716034,2.500000000000002,-0.0020000000000000018,0.46510525040328315,1,staged_v3,0.3587814177143172,2,1.076818173169724,0.3587814177143172,1,0,1,1
v3_torso_proxy:v3_left_forearm_proxy,179,0.0,0.0,0.0,0.0,0.29929144614476805,FLAT,0.0,-1,0.06849161561738241,0.0010754195620538047,0.08148648080359827,LOADING,0.2805779451752814,0.02799890447812611,0.017614991020719256,0.0,0.0,0.09016978434283533,0,ok,0.1441656405035804,0.8571172264918288,FLAT,0.0,-1,0.010371855119955179,0.0634145170024017,0.10902591748387933,UNLOADING,0.2976407901635895,0.0,0.0667833545716034,5.000000000000004,0.0,0.46510525040328315,1,staged_v3,0.3046770666872548,2,1.0872510394334438,0.3057919699811086,2,1,1,1
v3_torso_proxy:v3_left_forearm_proxy,180,0.19873046875000028,0.20000000000000018,0.19873046875,0.0,0.29841140649127595,FLAT,0.0,-1,0.040654593544510516,0.0005287569654808403,0.05838761488424819,LOADING,0.2806599313826244,0.02739062377873157,0.013157382922953303,0.03745981084016736,0.19873046875,0.09103823206016279,0,ok,0.14130528054569969,0.8701771154632,FLAT,0.0,-1,0.006040683790902898,0.05821981505076827,0.10646735248385493,UNLOADING,0.25512067728307675,0.0,0.059869801816462176,2.500000000000002,0.0010000000000000009,0.46610525040328316,1,staged_v3,0.3024595038080339,2,1.0911529470169972,0.299497444680835,2,1,1,1
