active_collision_pair,frame_idx,frame_root_angular_budget_usage,frame_root_z_budget_usage,frame_velocity_budget_usage_max,left_anchor_error_xy,left_contact_confidence,left_contact_phase,left_contact_slack,left_elbow_branch_sign,left_foot_vxy,left_heel_height,left_liftoff_probability,left_load_phase,left_lock_weight,left_swing_clearance_error,left_toe_height,max_joint_delta,max_joint_velocity_ratio,min_self_collision_distance,qp_resolve_count,qp_status,right_anchor_error_xy,right_contact_confidence,right_contact_phase,right_contact_slack,right_elbow_branch_sign,right_foot_vxy,right_heel_height,right_liftoff_probability,right_load_phase,right_lock_weight,right_swing_clearance_error,right_toe_height,root_ddz,root_dz,root_z,safety_backtracked,solver_mode,stage_a_high_priority_error,stage_a_iterations,stage_b_detail_error,stage_b_high_priority_error,stage_b_iterations,stage_b_rejected,stage_c_iterations,stage_c_triggered
v3_pelvis_proxy:v3_right_hand_proxy,0,1.0,1.0000000000000009,1.0,0.0,0.16617817700877843,AIR,0.0,-1,0.0,0.08546589513264187,0.004426988539966649,UNLOADED,0.0330885016247136,0.0,0.12010541284884424,0.1884955592153876,1.0,0.04316951497935473,0,ok,0.0,0.1740759303113403,AIR,0.0,1,0.0,0.1016247460963739,0.005560914586616448,UNLOADED,0.034621581786258626,0.0,0.0916782485585963,0.0,-0.0050000000000000044,0.745,0,staged_v3,0.6735647055952397,2,1.1259614711264896,0.657572017937048,2,0,0,0
v3_pelvis_proxy:v3_right_hand_proxy,1,1.0000000000000002,1.0000000000000009,1.0,0.0,0.2769482722149904,AIR,0.0,-1,0.007953731221547586,0.08827949604532859,0.007446817640483239,UNLOADED,0.08144797908696258,0.0,0.13494891526086222,0.1884955592153876,1.0,0.030085480883184135,0,ok,0.0,0.29898797330552884,AIR,0.0,1,0.007072821020997487,0.09097090013566494,0.009819483474863718,UNLOADED,0.08690767859750134,0.0,0.10069745323827127,0.0,-0.0050000000000000044,0.74,0,staged_v3,0.5663519138233127,2,1.0529684159172772,0.5592298513045342,2,0,0,0
v3_pelvis_proxy:v3_right_hand_proxy,2,0.9999999999999996,1.0000000000000009,0.9999999999999999,0.0,0.35258014539280336,FLAT,0.0,-1,0.013865457507399169,0.09166649248622515,0.009610619743585258,UNLOADED,0.13499670960682908,0.0,0.13166301529952043,0.18849555921538758,0.9999999999999999,0.02227072936015808,0,ok,0.0,0.40298904971020244,FLAT,0.0,-1,0.002576774963971696,0.07403392440214605,0.013165453742834708,UNLOADED,0.14906284608147585,0.0,0.10609465509257096,0.0,-0.0050000000000000044,0.735,0,staged_v3,0.48141308725792487,2,1.0048851327886927,0.48159228433892826,2,0,0,0
v3_pelvis_proxy:v3_right_hand_proxy,3,1.0000000000000009,1.0000000000000009,0.8328197886866886,0.0,0.42196389016216074,FLAT,0.0,-1,0.009490932505831433,0.09316216402826638,0.01116105170034327,UNLOADED,0.19144823355913984,0.0,0.1206295853340893,0.1569828317941383,0.8328197886866886,0.022271105584770343,0,ok,0.0,0.47697053471213463,FLAT,0.0,-1,0.007297081573893318,0.0612127101683083,0.016165351708630288,UNLOADED,0.2131023045179526,0.0,0.10433554450657283,0.0,-0.0050000000000000044,0.73,0,staged_v3,0.4046615953713966,2,0.9329533595774545,0.4046786965978984,2,0,0,0
v3_pelvis_proxy:v3_right_hand_proxy,4,1.0000000000000002,1.0000000000000009,0.26038697584494935,0.0,0.453714187735355,FLAT,0.0,-1,0.03016023920453861,0.09043931664087942,0.012073217873840724,UNLOADED,0.24280586634618656,0.0,0.11031965894495946,0.04908178862429735,0.26038697584494935,0.028816119251689823,0,ok,0.0,0.5096148034230669,FLAT,0.0,-1,0.026658191247627624,0.05474913314291008,0.01844779972156857,UNLOADED,0.2705245499332364,0.0,0.10094520709825436,0.0,-0.0050000000000000044,0.725,0,staged_v3,0.32843269131172304,2,0.8936080570434263,0.32829155810238425,2,0,0,0
v3_pelvis_proxy:v3_right_hand_proxy,5,0.9999999999999994,1.0000000000000009,0.5360025438600309,0.0,0.485355479859123,FLAT,0.0,-1,0.02437162440239157,0.08492152880157675,0.012726813497597933,SUPPORT,0.290080383314333,0.0,0.10208261499954735,0.10103409924576684,0.5360025438600309,0.040265189571093846,0,ok,0.0,0.5409204151259301,FLAT,0.0,-1,0.02186451632545086,0.05101557578163019,0.02053506842884762,SUPPORT,0.3223821554239408,0.0,0.09849092682262899,0.0,-0.0050000000000000044,0.72,0,staged_v3,0.256051179646068,2,0.8827847712237104,0.25671364321971896,2,0,0,0
v3_pelvis_proxy:v3_right_hand_proxy,6,1.0000000000000002,1.0000000000000009,0.735484502286055,0.0,0.5282253891293127,FLAT,0.0,-1,0.006235276279478127,0.07859018756626061,0.04154200416909505,SUPPORT,0.3333206762138426,0.0,0.09592518592324853,0.13863556255266096,0.735484502286055,0.04621427912990972,0,ok,0.012411311738130612,0.5874204648729558,FLAT,0.0,-1,0.006357758294967198,0.04913587950902694,0.05472828472118631,SUPPORT,0.36896011442322,0.0,0.0972874544838626,0.0,-0.0050000000000000044,0.715,0,staged_v3,0.1952917974854891,2,0.8869213151043533,0.19236936768627927,2,0,0,0
v3_pelvis_proxy:v3_right_hand_proxy,7,0.8709625187586755,1.0000000000000009,0.7299552396632385,0.02095135248625686,0.5424670968018023,FLAT,0.0,-1,0.01810946097730774,0.07324051443692384,0.062188990505376504,SUPPORT,0.3684028641049372,0.0,0.09135907876094612,0.13759332110252442,0.7299552396632385,0.04465773918309521,0,ok,0.024532286224695353,0.62521632322623,FLAT,0.0,-1,0.0053333003341155165,0.049276673012726854,0.08319986782388597,SUPPORT,0.40295732109193894,0.0,0.09666099467461384,0.0,-0.0050000000000000044,0.71,0,staged_v3,0.15230279485485504,2,0.8984956319576031,0.1383144949905828,2,0,0,0
v3_pelvis_proxy:v3_right_hand_proxy,8,0.5101468136021489,1.0000000000000009,0.5836485317798338,0.035252835586343054,0.5544313656477925,FLAT,0.0,-1,0.019609036542764996,0.0691597482405018,0.07698320268431139,SUPPORT,0.3847222912839498,0.0,0.08841525416857404,0.11001515638307968,0.5836485317798338,0.03863866944665678,0,ok,0.04176510771956722,0.6554916593284466,FLAT,0.0,-1,0.004336344244063852,0.05002735100729132,0.106061734477909,SUPPORT,0.41448620731865304,0.0,0.09620517785514104,0.0,-0.0050000000000000044,0.705,0,staged_v3,0.11529742305325001,2,0.9214098953851121,0.10601681954072727,2,0,0,0
v3_pelvis_proxy:v3_right_hand_proxy,9,0.33411082900966094,1.0000000000000009,0.39224936821353373,0.05054909379909069,0.5615518530269887,FLAT,0.0,-1,0.02382219709047955,0.06576806608304689,0.08758371892579031,SUPPORT,0.39777783302715986,0.0,0.08608518246780088,0.07393726401329252,0.39224936821353373,0.03167325853565306,0,ok,0.06017172888799841,0.67834654721363,FLAT,0.0,-1,0.004964716583447929,0.05030204860003506,0.12459004650735782,SUPPORT,0.42158896585492245,0.0,0.09565832222388373,0.0,-0.0050000000000000044,0.7,0,staged_v3,0.09018218385424884,2,0.9371058634209635,0.08642873858452169,2,0,0,0
v3_pelvis_proxy:v3_right_hand_proxy,10,0.18764581073519057,1.0000000000000009,0.30307624964548574,0.06248595088423376,0.5516106939242426,FLAT,0.0,-1,0.028757848917017357,0.06238142585102345,0.09500482289733511,SUPPORT,0.4082222664217279,0.0,0.08333210951537388,0.05712852716182826,0.30307624964548574,0.025634481232238895,0,ok,0.07398705856780687,0.6920831177210688,FLAT,0.0,-1,0.009037232270036884,0.04917513676543529,0.14265073576849352,SUPPORT,0.42727117268393794,0.0,0.09432997597341893,0.0,-0.0050000000000000044,0.695,0,staged_v3,0.0827485164904575,2,0.9463706212521282,0.08029951533874696,2,0,0,0
v3_pelvis_proxy:v3_right_hand_proxy,11,0.09854096549616041,1.0000000000000009,0.3333770003968481,0.061041531434329194,0.5563762291659459,FLAT,0.0,-1,0.021878506203362725,0.05857094604329864,0.10032227625197046,SUPPORT,0.4165778131373823,0.0,0.07992828659815693,0.06284008411935238,0.3333770003968481,0.020308364267377685,0,ok,0.07329988543700577,0.700055603682283,FLAT,0.0,-1,0.010937958489684084,0.04686001690551014,0.1677736791618039,SUPPORT,0.43181693814715033,0.0,0.09194979585657043,0.0,-0.0050000000000000044,0.69,0,staged_v3,0.07784426425683301,2,0.9523212741138801,0.07601381191353769,2,0,0,0
v3_pelvis_proxy:v3_right_hand_proxy,12,0.08375304206809273,1.0000000000000009,0.1779842918010452,0.06089992114159955,0.5816815088964031,FLAT,0.0,-1,0.009592805167908813,0.05403727477060988,0.1041323980730823,SUPPORT,0.42326225050990585,0.0,0.07603709869468761,0.03354924861459274,0.1779842918010452,0.02072214078451906,0,ok,0.07303279814140301,0.6995462660648355,FLAT,0.0,-1,0.015271357656350829,0.0438724479726908,0.19283777819390252,SUPPORT,0.4354535505177203,0.0,0.08932715154878267,0.0,-0.0050000000000000044,0.6849999999999999,0,staged_v3,0.07288073071999478,2,0.9562646164152115,0.07208329074245036,2,1,0,0
v3_pelvis_proxy:v3_right_hand_proxy,13,0.07231102817828013,1.0000000000000009,0.10450598681731557,0.060603482431894215,0.5979952487213273,FLAT,0.0,-1,0.021063557145707585,0.04988430200093768,0.10686246965500937,SUPPORT,0.4286098004079247,0.0,0.07202190987578982,0.019698914426485824,0.10450598681731557,0.021788080943585267,0,ok,0.07269653055596535,0.6776096284950436,FLAT,0.0,-1,0.03046688619970193,0.04052727757547253,0.2503438035908697,SUPPORT,0.4383628404141762,0.0,0.08610199772524686,0.0,-0.0050000000000000044,0.6799999999999999,0,staged_v3,0.07039930211027742,2,0.9593241702612203,0.07149684013646829,2,1,0,0
v3_pelvis_proxy:v3_right_hand_proxy,14,0.054984290650838506,1.0000000000000009,0.10496257912754658,0.060144919446560585,0.6078268364542606,FLAT,0.0,-1,0.027526687732520726,0.045700364336634845,0.10692561456431629,SUPPORT,0.43288784032633976,0.0,0.06764778610407787,0.019784980049336265,0.10496257912754658,0.021432842637494315,0,ok,0.07214139411283994,0.6502863311363032,FLAT,0.0,-1,0.04011018634743678,0.03695649442722032,0.3141529003221478,SUPPORT,0.440690272331341,0.0037511505888870728,0.08241854371926163,0.0,-0.0050000000000000044,0.6749999999999999,0,staged_v3,0.07201662817574583,2,0.961705621850572,0.07309433273813053,2,1,0,0
v3_pelvis_proxy:v3_right_hand_proxy,15,0.05050418385132343,1.0000000000000009,0.11401824874691799,0.059972852723515414,0.62642653137902,FLAT,0.0,-1,0.012145257864874562,0.04103381966162645,0.10697085986893803,SUPPORT,0.43631027226107183,0.0,0.06267361790113804,0.021491933558309473,0.11401824874691799,0.020728476345549696,0,ok,0.07177048695151877,0.6260616665136379,FLAT,0.0,-1,0.04007514437237775,0.0337185718181707,0.3878567938508008,SUPPORT,0.4425522178650728,0.010674267874369342,0.07818049317554236,0.0,-0.0050000000000000044,0.6699999999999999,0,staged_v3,0.07391457121498247,2,0.9639434828505733,0.0749756854445394,2,1,0,0
v3_pelvis_proxy:v3_right_hand_proxy,16,0.09961524188345511,1.0000000000000009,0.4416903919499104,0.05993175170319224,0.6472805482624833,FLAT,0.0,-1,0.011239143405960248,0.03377521461755334,0.10700327954635597,SUPPORT,0.43904821780885744,0.0,0.055074646605326114,0.08325667743066209,0.4416903919499104,0.01807292104547982,0,ok,0.07087456393627124,0.6159346469738047,FLAT,0.0,-1,0.03947710457809046,0.040823723744264524,0.4650280568164792,UNLOADING,0.38532764803297437,0.0074276790965594405,0.08097177850792969,0.0,-0.0050000000000000044,0.6649999999999999,0,staged_v3,0.07671101570998458,2,0.9664545295987865,0.07752874869027523,2,1,0,0
v3_pelvis_proxy:v3_right_hand_proxy,17,0.0485262574520213,1.0000000000000009,0.24547077950717966,0.059930598258036656,0.6735470738452551,FLAT,0.0,-1,0.009954421827994074,0.02841080683144305,0.07895339893757343,SUPPORT,0.44123857424708596,0.0005368631154356249,0.04933810935087812,0.046270151854242936,0.24547077950717966,0.016847808166795902,0,ok,0.0699434712811601,0.5750458799102023,FLAT,0.0,-1,0.06511893414082921,0.04148789400201551,0.5419416837683915,UNLOADING,0.33532635440329056,0.010609190186404063,0.08049971464136671,0.0,-0.0050000000000000044,0.6599999999999999,0,staged_v3,0.07830464706604189,2,0.9688655086861024,0.07918445952349892,2,1,0,0
v3_pelvis_proxy:v3_right_hand_proxy,18,0.03865171098739189,1.0000000000000009,0.14030227019441083,0.060018264735816805,0.6869818114140969,FLAT,0.0,-1,0.012172539412019054,0.023015015779631443,0.0602544172022699,SUPPORT,0.44299085939766875,0.004997705080482053,0.043631766621021674,0.02644635487948388,0.14030227019441083,0.01611391266307073,0,ok,0.07130427601618139,0.44820670402521595,FLAT,0.0,-1,0.14959858515301844,0.03944635208302349,0.6180320467442671,UNLOADING,0.2908785144356864,0.016455250254189875,0.07822639024461531,0.0,-0.0050000000000000044,0.6549999999999999,0,staged_v3,0.07986518294749655,2,0.9711235540728606,0.08074953026473297,2,1,0,0
v3_pelvis_proxy:v3_right_hand_proxy,19,0.03251033218454928,1.0000000000000009,0.15008928153604292,0.060182256432083435,0.6943142619659843,FLAT,0.0,-1,0.014160518840556921,0.017348023017551756,0.04685601131307752,SUPPORT,0.444392687518135,0.009994777548102123,0.037697085545683635,0.02829116305537216,0.15008928153604292,0.016429610720270882,0,ok,0.07406922452204993,0.3490637320726916,FLAT,0.0,-1,0.19364228573165057,0.03587913674242182,0.6929420259432882,UNLOADING,0.2513279611780139,0.023767964554742595,0.07478311070875533,0.0,-0.0050000000000000044,0.6499999999999999,0,staged_v3,0.081494397978042,2,0.9729660880747991,0.08234138312911943,2,1,0,0
v3_pelvis_proxy:v3_right_hand_proxy,20,0.025050972042886473,1.0000000000000009,0.15944750240274347,0.060420474490013816,0.7049354661181565,FLAT,0.0,-1,0.014170455246432971,0.011433576540968025,0.03725563398169492,SUPPORT,0.445514150014508,0.015429205158116722,0.031451428376654794,0.03005514613090199,0.15944750240274347,0.016260817388426052,0,ok,0.07969183041190228,0.2718511078800393,FLAT,0.0,-1,0.3474511430261882,0.030734897432559374,0.7475331047106197,UNLOADING,0.21651635809856554,0.03164175780297161,0.07108243006029881,0.0,-0.0050000000000000044,0.6449999999999999,0,staged_v3,0.08319427622258209,2,0.9751641705908322,0.08400377667612102,2,1,0,0
v3_pelvis_proxy:v3_right_hand_proxy,21,0.024541395835051633,1.0000000000000009,0.33148578430621684,0.059632732946364,0.7166195368425664,FLAT,0.0,-1,0.012277250526615803,0.007983281295185427,0.030376663030436454,SUPPORT,0.4464113200116064,0.0185355518563364,0.026785919061935316,0.062483598284751696,0.33148578430621684,0.013930317776836398,0,ok,0.08641182824085088,0.21171785569580356,FLAT,0.0,-1,0.3844838102441391,0.02362333109275457,0.7862688962893174,UNLOADING,0.1860951118881718,0.040690113721711316,0.06601545451754501,0.0,-0.0050000000000000044,0.6399999999999999,0,staged_v3,0.08518816219187424,2,0.974385245710314,0.08710330488060461,2,1,0,0
v3_pelvis_proxy:v3_left_hand_proxy,22,0.7205810546875002,0.576464843750002,0.7205810546875001,0.13985069054231003,0.7309636415742101,FLAT,0.0,-1,0.008410141107647396,0.025283725259111035,0.02665255949719894,SUPPORT,0.4471290560092851,0.02159241387479911,0.004740214100060838,0.13582632886333412,0.7205810546875001,0.030766401186120146,0,ok,0.17963073029866777,0.16488603180609052,FLAT,0.0,-1,0.4583399270377992,0.05594133427720026,0.8126296727829366,UNLOADING,0.15951009590414725,0.009690149361946579,0.08109705196620873,5.294189453124987,-0.0028823242187500098,0.6371176757812499,1,staged_v3,0.21783482756994885,2,0.9913684792882791,0.13723172521820162,2,0,1,1
v3_pelvis_proxy:v3_left_hand_proxy,23,0.0,0.0,0.0,0.13985069054231003,0.7366647794672897,FLAT,0.0,-1,0.01342436336253446,0.025283725259111035,0.023984122711815787,SUPPORT,0.44770324480742807,0.021458992035529954,0.004740214100060838,0.0,0.0,0.030766401186120146,0,ok,0.17963073029866777,0.12841337068811987,FLAT,0.0,-1,0.5103402026652711,0.05594133427720026,0.8092575472321737,UNLOADING,0.13672293934641194,0.009521543084408432,0.08109705196620873,7.205810546875024,0.0,0.6371176757812499,1,staged_v3,0.292595506990549,2,0.9553738275537744,0.29457016660643875,2,1,1,1
v3_pelvis_proxy:v3_left_hand_proxy,24,0.030090332031249997,0.20000000000000018,0.030090332031250028,0.12333198078877575,0.7392239874905877,FLAT,0.0,-1,0.016101946307714006,0.024294773419428362,0.02207210420480189,SUPPORT,0.4481625958459425,0.0216094534703927,0.0044941517398473935,0.005671893963207164,0.030090332031250028,0.031626933164642865,0,ok,0.1623001456276735,0.10000843364874634,FLAT,0.0,-1,0.535077582771932,0.05735749989943628,0.7835378575373658,UNLOADING,0.1171910908683531,0.006819392977432004,0.08306590542336333,2.500000000000002,0.0010000000000000009,0.6381176757812499,1,staged_v3,0.14110917672460765,2,0.9406597559634169,0.12935199143706955,2,1,1,1
v3_pelvis_proxy:v3_left_hand_proxy,25,0.07275390624999988,0.40000000000000036,0.07275352383702118,0.10590693762718391,0.7262282485254903,FLAT,0.0,-1,0.02597701209772308,0.02369631957572835,0.02070208307812988,SUPPORT,0.448530076676754,0.021961556015027018,0.004073548138879477,0.013713716160549339,0.07275352383702118,0.03316938339294852,0,ok,0.14664426560406396,0.0778866464393883,FLAT,0.0,-1,0.562557695536354,0.060571516172798476,0.7399122676652122,UNLOADING,0.10044950645858837,0.00142409721046214,0.08619403904926182,2.500000000000002,0.0020000000000000018,0.6401176757812499,1,staged_v3,0.10427599804298122,2,0.973007530326985,0.10041095952894123,2,1,1,1
v3_pelvis_proxy:v3_right_hand_proxy,26,0.8215128225635842,0.20000000000000018,0.6781784260203932,0.09009408650108171,0.7182548413147517,FLAT,0.0,-1,0.02493730731600691,0.007135110733364702,0.019720420044721805,SUPPORT,0.4488240613414032,0.01885091026887139,0.024567064330523275,0.1278336216605254,0.6781784260203932,0.019084890722106507,0,ok,0.138009781692847,0.06065818123780125,FLAT,0.0,-1,0.5555606432252813,0.011239464264098907,0.6844384596526153,UNLOADING,0.08609957696450432,0.04798245871853186,0.06789045247259783,-2.500000000000002,0.0010000000000000009,0.6411176757812499,0,staged_v3,0.08921249850467951,2,0.9680461534841334,0.09101223705508843,2,0,0,0
v3_pelvis_proxy:v3_right_hand_proxy,27,0.054658641380350585,0.0,0.5464392387866059,0.0658266798821579,0.7132316107898427,FLAT,0.0,-1,0.023614866591337127,0.005445279603553042,0.019017027744852075,SUPPORT,0.44905924907312256,0.020505571783689565,0.022245258407679845,0.10300136989231201,0.5464392387866059,0.013938852276456443,0,ok,0.1280999021850254,0.047240639047686814,FLAT,0.0,-1,0.5472674703689052,0.013192015431289315,0.6285873860777991,UNLOADING,0.07379963739814656,0.04323735387260064,0.07270768306545171,-2.500000000000002,0.0,0.6411176757812499,0,staged_v3,0.13419489626221742,2,0.9638514593645502,0.12451458571197739,2,0,0,0
v3_pelvis_proxy:v3_right_hand_proxy,28,0.028277970066102238,0.20000000000000018,0.5447170393146672,0.06192446623285934,0.7089300994636416,FLAT,0.0,-1,0.022641832411677616,0.005321387246978063,0.019491571332050206,SUPPORT,0.44924739925849805,0.02065319131962445,0.021636733226880152,0.10267674293976847,0.5447170393146672,0.011138836880989642,0,ok,0.1424348595900865,0.03679104668313208,FLAT,0.0,-1,0.5120868123727808,0.012078549985493212,0.5705917701858407,UNLOADING,0.0632568320555542,0.04145103852379883,0.07416329082249484,-2.500000000000002,-0.0010000000000000009,0.6401176757812499,0,staged_v3,0.09611118067156428,2,0.9585095302280855,0.095308975996913,2,0,0,0
v3_pelvis_proxy:v3_right_hand_proxy,29,0.028477671972350297,0.40000000000000036,0.4454375398954635,0.061745066189056015,0.6920116505910109,FLAT,0.0,-1,0.03447808881491296,0.005307233532722312,0.0207382493987355,SUPPORT,0.44939791940679846,0.020729678937214464,0.02105998434411732,0.08396299817812192,0.4454375398954635,0.010470705065532021,0,ok,0.15915842940101724,0.028652895966839877,FLAT,0.0,-1,0.4939533090411844,0.009423349631119415,0.5020327640962954,UNLOADING,0.0542201417619036,0.04067828857369536,0.0738116460155513,-2.500000000000002,-0.0020000000000000018,0.6381176757812499,0,staged_v3,0.10073935867597489,2,0.9537587364686922,0.09970906837610302,2,0,0,0
v3_pelvis_proxy:v3_right_hand_proxy,30,0.0003427579170029646,0.00769042968749023,0.004377198435085855,0.06175195792682448,0.6998344840547364,FLAT,0.0,-1,0.018379556213443372,0.0052896407925477375,0.02323138184482803,SUPPORT,0.4495183355254388,0.020871928299693667,0.021033366320306054,0.0008250824668182277,0.004377198435085855,0.010502716579970567,0,ok,0.15927003595878134,0.022314897816238393,FLAT,0.0,-1,0.42358954002827043,0.009383887218676543,0.4492634287442575,UNLOADING,0.046474407224488805,0.03807928421853633,0.07378049118364767,4.903869628906376,-3.845214843745115e-05,0.6380792236328124,1,staged_v3,0.10623923431524962,2,0.9508533153100279,0.10479483978216055,2,0,0,0
v3_pelvis_proxy:v3_right_hand_proxy,31,0.048989728433079804,0.2076904296874904,0.3431397798788308,0.06289751832639473,0.6965070807484777,FLAT,0.0,-1,0.027632678193841975,0.007260695864748746,0.02733316777024987,SUPPORT,0.449614668420351,0.01910596252376375,0.021646127541524646,0.06468032469730522,0.3431397798788308,0.015975633257677258,0,ok,0.17454028845361017,0.017378859893444842,FLAT,0.0,-1,0.3909925281658037,0.007606308148140065,0.4030210320898724,UNLOADING,0.039835206192418975,0.03754474345635356,0.07282551602849172,-2.500000000000002,-0.001038452148437452,0.637040771484375,0,staged_v3,0.11045446503296259,2,0.9492796939204288,0.10964855101453208,2,0,0,0
v3_pelvis_proxy:v3_right_hand_proxy,32,0.20268743305827133,0.4076904296874906,0.9074539742557169,0.052754604813385376,0.6966773978000756,FLAT,0.0,-1,0.024981196949463047,0.026751097718702523,0.03304779588700572,SUPPORT,0.4496917347362808,0.0,0.04143957177722317,0.1710510443395573,0.9074539742557169,0.03896766525305566,0,ok,0.19281317632821032,0.013534669693903075,FLAT,0.0,-1,0.3286223405366121,0.024769138659200007,0.35939973349263066,UNLOADING,0.034144462450644834,0.018200848015431526,0.08163305031893586,-2.500000000000002,-0.002038452148437453,0.6350023193359375,0,staged_v3,0.11556112889850534,2,0.9619112214755348,0.11554354931175861,2,0,0,0
v3_pelvis_proxy:v3_right_hand_proxy,33,0.09260630782232065,0.6076904296874908,0.6661818427059344,0.06291289241889107,0.6909836829884332,FLAT,0.0,-1,0.028198448448012413,0.008990460804669153,0.04213000083874539,SUPPORT,0.4497533877890247,0.01811603923726812,0.02245064931464817,0.1255723189799925,0.6661818427059344,0.04469832054516504,0,ok,0.0,0.010540811356224526,FLAT,0.0,-1,0.2556115229938912,0.009133570737738444,0.32228702804194315,UNLOADING,0.029266682100552714,0.03198078066435871,0.07171174224048156,-2.500000000000002,-0.003038452148437454,0.6319638671875001,0,staged_v3,0.1736185488022831,2,0.9651533697072456,0.1736185488022831,2,1,0,0
v3_pelvis_proxy:v3_right_hand_proxy,34,0.1260986328125,0.4076904296874906,0.12609863281250008,0.08280916694431442,0.685600538285809,FLAT,0.0,-1,0.03086706667266571,0.01216014424733686,0.054797770907928825,SUPPORT,0.44980271023121976,0.015579744298059583,0.02092766960365842,0.02376903230828803,0.12609863281250008,0.039306631520453994,0,ok,0.0,0.008209192138435618,FLAT,0.0,-1,0.21773613165637162,0.0022361863196742856,0.28195955794461935,LOADING,0.025927803507902306,0.03686179157755668,0.059771558020390476,2.500000000000002,-0.002038452148437453,0.6299254150390626,1,staged_v3,0.18084089482934523,2,1.0033873255670365,0.18194254158656448,2,0,1,1
v3_pelvis_proxy:v3_right_hand_proxy,35,3.7129274489173114e-05,0.00013615489005136538,8.772481146395909e-05,0.08280100828256574,0.6711976898480938,FLAT,0.0,-1,0.04071470962970728,0.012163850317001484,0.10209959946536074,UNLOADING,0.3855451801981884,0.017941129656266555,0.02092929366733604,1.6535737393963412e-05,8.772481146395909e-05,0.03930752277322165,0,ok,0.0,0.00639332526579728,FLAT,0.0,-1,0.125523607462975,0.0022360621115360144,0.24985702620636208,LOADING,0.02290896129638986,0.03525678919878209,0.05977051593903033,5.09442843496799,-6.807744502568269e-07,0.6299247342646124,1,staged_v3,0.12093499999800048,2,0.9620692357286711,0.12122863867279811,2,1,0,0
v3_pelvis_proxy:v3_right_hand_proxy,36,0.24371337890624983,0.1998638451099488,0.1695463838004552,0.09922724528426552,0.6627502464003352,FLAT,0.0,-1,0.04140129738846609,0.006433797555376581,0.179520721515116,UNLOADING,0.33046729731273294,0.027542238520379222,0.011745751052685747,0.031958740427413534,0.1695463838004552,0.043691516281871096,0,ok,0.0,0.012313264407800324,FLAT,0.0,-1,0.10886242771441389,0.014311655727414798,0.1956203031588855,LOADING,0.021051186809972866,0.020469359430529483,0.06615482907399281,2.500000000000002,0.000999319225549744,0.6309240534901621,1,staged_v3,0.11832733525022539,2,0.9722467594140504,0.11442142863323651,2,0,1,1
v3_pelvis_proxy:v3_right_hand_proxy,37,0.2807677042332085,0.00013615489005136538,0.4496610334508268,0.07348146700373989,0.6564377982195371,FLAT,0.0,-1,0.04286099581065043,0.023481827059574724,0.27305464518591716,UNLOADING,0.28325768341091395,0.015170905199721134,0.03322299268628145,0.08475910795768271,0.4496610334508268,0.04200500793789588,0,ok,0.0,0.03858583200087639,FLAT,0.0,-1,0.10038452795465234,0.008309976584751973,0.15288888061124734,LOADING,0.023378246915740045,0.024334467445810394,0.05611985493554342,-2.500000000000002,-6.807744502568269e-07,0.6309233727157119,0,staged_v3,0.12495536709120977,2,0.9559007150525322,0.1167437691966438,2,0,0,0
v3_pelvis_proxy:v3_right_hand_proxy,38,0.09514582705594225,0.20013615489005154,0.28484753167163424,0.06818041564594347,0.6542356953449366,FLAT,0.0,-1,0.037748349964113956,0.026508867580000713,0.41917574376731204,UNLOADING,0.24905392720644587,0.01944991960836489,0.035593721308865005,0.05369249477356752,0.28484753167163424,0.040804832504416494,0,ok,0.0,0.07259085334417731,FLAT,0.0,-1,0.08975106520383766,0.00787973754997309,0.12081798036305208,LOADING,0.031466712142652696,0.023161161468179516,0.05395513628435634,-2.500000000000002,-0.0010006807744502577,0.6299226919412616,0,staged_v3,0.11739727189610534,2,0.9510020668367745,0.10994974308633647,2,0,0,0
v3_pelvis_proxy:v3_right_hand_proxy,39,1.0,0.00013615489005136538,1.0,0.2312096628968812,0.6614846366917768,FLAT,0.0,-1,0.03399675138853513,0.13289557731442958,0.5555642657497248,UNLOADING,0.22001650844239076,0.0,0.08706868422942024,0.1884955592153876,1.0,0.012565230817993156,0,ok,0.0,0.11378202817353818,FLAT,0.0,-1,0.07950303357541476,0.043511218254866146,0.09541899178259329,LOADING,0.04575838206657027,0.0,0.04129878889688521,2.500000000000002,-6.807744502568269e-07,0.6299220111668113,0,staged_v3,0.15548124534750493,2,0.9186559302296821,0.15548342519057679,2,0,1,1
v3_pelvis_proxy:v3_right_hand_proxy,40,0.5076904296874998,0.1998638451099488,0.5076904239746556,0.1972397306128851,0.6691859112257814,FLAT,0.0,-1,0.02634039559838523,0.13389261636349536,0.6800106304147814,UNLOADING,0.18858557866490638,0.0,0.10900109597124953,0.09569739037539993,0.5076904239746556,0.03517289360346332,0,ok,0.0,0.17002816873020427,FLAT,0.0,-1,0.062434591912703924,0.0058443496657045405,0.07677330435619624,LOADING,0.06800161452988694,0.022994315552105273,0.013096771231526033,2.500000000000002,0.000999319225549744,0.6309213303923611,1,staged_v3,0.3526190253911482,2,0.9379015660474278,0.3541540615551954,2,1,1,1
v3_pelvis_proxy:v3_right_hand_proxy,41,0.9999999999999997,0.00013615489005136538,0.5911749411374461,0.03619001152504399,0.670878239679434,FLAT,0.0,-1,0.036718744290850806,0.04439920613596702,0.7707175976414227,UNLOADING,0.1616447817127769,0.020364412504544807,0.04317146737752632,0.11143385112382675,0.5911749411374461,0.035327603159633986,0,ok,0.0,0.22533484344250254,FLAT,0.0,-1,0.05902207219082076,0.003367061256772789,0.06341308550801074,LOADING,0.09661042477337935,0.02480359301862775,0.0398210010400345,-2.500000000000002,-6.807744502568269e-07,0.6309206496179108,0,staged_v3,0.2036594877133836,2,0.9335073135249491,0.2036594877133836,2,1,0,0
v3_pelvis_proxy:v3_right_hand_proxy,42,0.8983500893612422,0.20013615489005154,1.0,0.053579692857151966,0.6290188920336629,FLAT,0.0,-1,0.054871217906588735,0.03170701723709997,0.8357119797465017,UNLOADING,0.14729546736076202,0.035819796420178546,0.03096580256714654,0.1884955592153876,1.0,0.03521145768940026,0,ok,0.0,0.2829847115748823,FLAT,0.0,-1,0.054116507787286085,0.020902427678049177,0.05384007038716774,SUPPORT,0.1672883398187035,0.006789575841309212,0.05711211815479376,-2.500000000000002,-0.0010006807744502577,0.6299199688434606,0,staged_v3,0.1657241951601836,2,0.9442345429051593,0.10504363474118089,2,0,0,0
v3_pelvis_proxy:v3_right_hand_proxy,43,0.38431336085313167,0.4001361548900517,0.9693233400975381,0.07235789662996205,0.4914721920918724,FLAT,0.0,-1,0.14738338333609607,0.04264568514064636,0.8600885848672049,UNLOADING,0.12936890216928082,0.034462946639361766,0.03354148260399849,0.18271314505221278,0.9693233400975381,0.050289473871642176,0,ok,0.0,0.32414223793667696,FLAT,0.0,-1,0.05832482369447395,0.008592834675046953,0.0469807053164874,SUPPORT,0.2238306718549628,0.018756200590777417,0.04632013712383177,-2.500000000000002,-0.0020006807744502586,0.6279192880690103,0,staged_v3,0.23167264675625138,2,0.9530712736409794,0.22018787838396164,2,0,0,0
v3_pelvis_proxy:v3_right_hand_proxy,44,0.7042961082941159,0.4001361548900517,0.9999986586849118,0.13449044012119693,0.3827589280589701,FLAT,0.0,-1,0.18228439648135433,0.04375707187322528,0.8381084069973562,UNLOADING,0.11197787362213889,0.04661028332433585,0.020295137025531974,0.18849530638344997,0.9999986586849118,0.032738325558696685,0,ok,0.0,0.3577792125659853,FLAT,0.0,-1,0.05928421327655879,0.0303837733084458,0.039788321930285114,SUPPORT,0.26906453748397025,0.0,0.04149199704458932,0.0,-0.0020006807744502586,0.6259186072945601,0,staged_v3,0.23856311691085066,2,0.9560397664773441,0.23607350764242124,2,1,0,0
v3_pelvis_proxy:v3_right_hand_proxy,45,0.5367797171687154,0.20013615489005154,0.9999996744793926,0.08263766653758098,0.29809295289989746,FLAT,0.0,-1,0.4883135363774379,0.049962665263598986,0.7781092570939043,UNLOADING,0.0959810345332619,0.04824983125460719,0.01565563160008804,0.18849549785619868,0.9999996744793926,0.027889403762487844,0,ok,0.0,0.4019149144529159,FLAT,0.0,-1,0.043215888079772176,0.0435232042133803,0.03418129872914128,SUPPORT,0.3052516299871762,0.0,0.03349074152397012,2.500000000000002,-0.0010006807744502577,0.6249179265201098,0,staged_v3,0.24715050234462546,2,0.9306976429479581,0.24774817203955793,2,0,0,0
v3_pelvis_proxy:v3_right_hand_proxy,46,0.5264242219794132,0.10013615489004035,0.6590408322156738,0.09984240752854401,0.23215502514650754,AIR,0.0,-1,0.6169934235173188,0.06593621099716297,0.6937528332783311,UNLOADING,0.08226945817136734,0.04343274491440975,0.01625489674950681,0.12422627021426785,0.6590408322156738,0.0359427029149544,0,ok,0.0,0.44012100390421627,FLAT,0.0,-1,0.04001655549600757,0.02148754819622657,0.029431359454386512,SUPPORT,0.33420130398974096,0.004984019776492758,0.0475510888231155,1.2500000000001399,-0.0005006807744502018,0.6244172457456596,0,staged_v3,0.24596053161775666,2,0.9435520166146077,0.246396568534066,2,1,0,0
v3_pelvis_proxy:v3_right_hand_proxy,47,0.09020996093749974,0.09986384510995983,0.09020994640635266,0.0932038172390372,0.18080251537806177,AIR,0.0,-1,0.8929602868618258,0.06375047872311534,0.6145326553197752,UNLOADING,0.07051667843260058,0.04497850889582651,0.010748123870162257,0.01700417429465559,0.09020994640635266,0.03638757296035418,0,ok,0.043138378594529125,0.4705151309056814,FLAT,0.0,-1,0.0348496244074002,0.024583349780154355,0.025744754490838566,SUPPORT,0.35904141006705076,0.0017038879443875762,0.04575415247085721,2.500000000000002,0.0004993192255497991,0.6249165649712094,1,staged_v3,0.19256996963397915,2,0.9541488825050871,0.19422660770236252,2,1,1,1
v3_pelvis_proxy:v3_right_hand_proxy,48,0.6649390990877009,0.10013615489004035,0.762247812882163,0.13305532596764819,0.14080914055771424,AIR,0.0,-1,1.3759977258173606,0.10484086937841404,0.539545930205843,UNLOADING,0.060442867227943356,0.004477199009443482,0.047500097500848666,0.14368032774992945,0.762247812882163,0.047924958963406344,0,ok,0.01519235898760055,0.511911393188312,FLAT,0.0,-1,0.02081885532319172,0.014592077392132165,0.023103206780283256,SUPPORT,0.3772331280536406,0.011563082946881999,0.04893615832561393,-2.500000000000002,-0.0005006807744502018,0.6244158841967592,0,staged_v3,0.1394581395694915,2,0.9340434066891451,0.10994739425949054,2,0,0,0
v3_pelvis_proxy:v3_right_hand_proxy,49,0.5645141601562499,0.09986384510995983,0.5645086404761738,0.1078526091385306,0.10966226892995937,AIR,0.0,-1,1.6185514130909735,0.08199659053386543,0.4858155937843206,UNLOADING,0.05180817190966573,0.03929528307870522,0.009995496610510805,0.10640737186847456,0.5645086404761738,0.04465240783318944,0,ok,0.13652205377967974,0.5456196090688552,FLAT,0.0,-1,0.02250531878175802,0.04768988280569767,0.02148375354331484,SUPPORT,0.39914919814972377,0.0,0.034294389340004394,2.500000000000002,0.0004993192255497991,0.624915203422309,1,staged_v3,0.1955777549910973,2,0.9392517239577243,0.1962486989931748,2,1,1,1
v3_pelvis_proxy:v3_right_hand_proxy,50,1.0000000000000002,0.29986384510996,0.7486788749897192,0.12050253929074899,0.08540506091603935,FLAT,0.0,-1,1.7747901722730706,0.11218067124913285,0.4473161254106366,UNLOADING,0.0444070044939992,0.001335841114954786,0.04602996515557704,0.1411226432139344,0.7486788749897192,0.06415143372326235,0,ok,0.12890333743355412,0.5811628823603967,FLAT,0.0,-1,0.020434535754189843,0.010002319368337589,0.021377940523575768,SUPPORT,0.409319358519779,0.0160665776578412,0.01584248537818868,2.500000000000002,0.0014993192255498,0.6264145226478588,0,staged_v3,0.20122857805573488,2,0.9169376544150055,0.20177546728380394,2,1,1,1
v3_pelvis_proxy:v3_right_hand_proxy,51,0.8548891202295281,0.09986384510995983,0.9999990058198404,0.2824217506158142,0.06651352831967247,FLAT,0.0,-1,1.801194136555528,0.060251371089429406,0.4379530380578459,UNLOADING,0.038063146709142175,0.008005892458540248,0.03889175944435205,0.18849537181684245,0.9999990058198404,0.06564923703278118,0,ok,0.057812833914937876,0.6044742464091466,FLAT,0.0,-1,0.02602179202186345,0.031020034299679568,0.022212342519951148,SUPPORT,0.41745548681582323,0.0,0.04250431831995966,-2.500000000000002,0.0004993192255497991,0.6269138418734086,0,staged_v3,0.3141000289331286,2,0.8772232783363638,0.27094548602702645,2,0,0,0
v3_torso_proxy:v3_right_forearm_proxy,52,0.9999999999999999,0.29986384510996,1.0,0.17872279876585745,0.051800787940202986,FLAT,0.0,-1,1.8594773184823308,0.09716130223981856,0.44995473411896214,UNLOADING,0.032625554322121865,0.0,0.04938132866032103,0.1884955592153876,1.0,0.07199477713161051,0,ok,0.09637051207505248,0.6144954156842125,FLAT,0.0,-1,0.032852051056811875,0.01436391072130223,0.023448535627741122,SUPPORT,0.4239643894526586,0.011808516060084828,0.016633574856107947,2.500000000000002,0.0014993192255498,0.6284131610989584,0,staged_v3,0.37748585335976176,2,0.899614174836375,0.3787118787881552,2,1,1,1
v3_torso_proxy:v3_right_forearm_proxy,53,0.8710031081425758,0.29986384510996,0.9999673572642015,0.0,0.04034249421154587,FLAT,0.0,-1,1.911663129889066,0.0425141670890142,0.49105347973031427,UNLOADING,0.027964760847533028,0.021963129655071294,0.02758954433144442,0.18848940620464893,0.9999673572642015,0.07398830408231276,0,ok,0.15228102947612415,0.6229205638304256,FLAT,0.0,-1,0.02998431514169161,0.07629553205339448,0.024754459876684558,SUPPORT,0.42917151156212685,0.0,0.04040961258421541,0.0,0.0014993192255498,0.6299124803245082,0,staged_v3,0.40744359948910647,2,0.8833988264163264,0.4074560917206476,2,1,0,0
v3_torso_proxy:v3_left_forearm_proxy,54,0.9584073366284516,0.09986384510995983,1.0,0.0,0.03141876608300554,FLAT,0.0,-1,1.9367122226764264,0.04002136870914426,0.5537397399574796,UNLOADING,0.025972787401087907,0.012665618288729724,0.04412252191853081,0.1884955592153876,1.0,0.07423451913416673,0,ok,0.014540185248534315,0.6303426548946446,FLAT,0.0,-1,0.030400879981743845,0.0011379020694210597,0.026005458262075253,SUPPORT,0.4333372092497015,0.025162370843682707,0.03813843405404115,-2.500000000000002,0.0004993192255497991,0.630411799550058,0,staged_v3,0.3910431087696802,2,0.9274843271345196,0.3913826236847863,2,0,0,0
v3_pelvis_proxy:v3_left_hand_proxy,55,0.3563305021886855,0.10013615489004035,0.5505094614521215,0.0,0.02446895962858201,FLAT,0.0,-1,2.0178649757126177,0.04713394993238075,0.6347967995343861,UNLOADING,0.023538980967849926,0.009605890044338553,0.06252283431165377,0.10376858878977951,0.5505094614521215,0.07175752235517341,0,ok,0.017267440623635086,0.6326324386584121,FLAT,0.0,-1,0.03285219340440999,0.002229015017585723,0.02695687349310206,SUPPORT,0.4598020759682109,0.024118828657069383,0.04350106900618225,-2.500000000000002,-0.0005006807744502018,0.6299111187756078,0,staged_v3,0.2886289249102498,2,0.9265237334004597,0.2886289249102498,2,1,0,0
v3_pelvis_proxy:v3_left_hand_proxy,56,0.09281773791848036,0.25013615489004604,0.2615702483817926,0.0,0.019056444919682263,FLAT,0.0,-1,2.03102540745394,0.037546400866847414,0.7215210280114401,UNLOADING,0.02093438642829847,0.0235296505337246,0.06278503274825384,0.04930483024283383,0.2615702483817926,0.06919050006726288,0,ok,0.015340064391769955,0.6354930097519973,FLAT,0.0,-1,0.034780437448379546,0.008776362935819841,0.02895608208640773,SUPPORT,0.47738429138264615,0.017671441168500546,0.04417551754733342,-1.875000000000071,-0.0012506807744502302,0.6286604380011576,0,staged_v3,0.10620036875838718,2,0.9278788298961014,0.10729064944044571,2,1,0,0
v3_torso_proxy:v3_right_forearm_proxy,57,0.1491089270740207,0.4501361548900462,0.999980088047145,0.0,0.014841174226005642,FLAT,0.0,-1,2.0615409724032965,0.018595313734370622,0.8004610972337957,UNLOADING,0.018366815741515722,0.046427741127319164,0.048879981107785304,0.18849180590069914,0.999980088047145,0.0852280512563405,0,ok,0.028236428047036223,0.6383538040976333,FLAT,0.0,-1,0.035387397848603945,0.014459897181403294,0.03132411337418904,SUPPORT,0.494469247665365,0.01210630848730616,0.028137629762571278,-2.500000000000002,-0.002250680774450231,0.6264097572267073,0,staged_v3,0.1903189002454778,2,0.9207182936088816,0.10644974960825561,2,0,0,0
v3_torso_proxy:v3_right_forearm_proxy,58,0.9999999999999999,0.25013615489004604,1.0,0.0,0.011558318108912344,FLAT,0.0,-1,2.0590223899382054,0.07460102516277356,0.8428635718675593,UNLOADING,0.016002446753135332,0.0,0.10830950579188083,0.1884955592153876,1.0,0.0741313110297703,0,ok,0.11358002075637884,0.6431581333480149,FLAT,0.0,-1,0.0323605999039714,0.012585433540144738,0.0343733801048071,SUPPORT,0.48832555057756727,0.01413323546509562,0.014386236129748629,2.500000000000002,-0.0012506807744502302,0.6251590764522571,0,staged_v3,0.23283887002812412,2,0.9034624733511694,0.20415201520351733,2,0,1,1
v3_torso_proxy:v3_left_forearm_proxy,59,1.0000000000000002,0.05013615489004586,0.999946349060998,0.0,0.009001627194209333,FLAT,0.0,-1,2.0534589899360927,0.02997348245645496,0.8456034415707041,UNLOADING,0.013914928682551638,0.037306689622080245,0.0962381178412501,0.188485446251638,0.999946349060998,0.0849889086316163,0,ok,0.10029227881964553,0.6472560308020269,FLAT,0.0,-1,0.0342757140835844,0.016870970269467597,0.037836515778881426,SUPPORT,0.48285047192362907,0.010020855519476474,0.027181134696467296,2.500000000000002,-0.0002506807744502293,0.6249083956778069,0,staged_v3,0.36282689389434614,2,0.9030724562846799,0.2521671621607514,2,0,1,1
v3_torso_proxy:v3_left_forearm_proxy,60,0.9999999999999999,0.25013615489004604,0.9999985801262272,0.0,0.007010474307767081,FLAT,0.0,-1,1.8888265902863102,0.05298066088502265,0.8092692817920726,UNLOADING,0.012118097842144068,0.012482803204580978,0.10670420636446712,0.18849529157548678,0.9999985801262272,0.07914047552147192,0,ok,0.10930863545250537,0.6470034055532293,FLAT,0.0,-1,0.032186732675868655,0.05658034412910269,0.04268606254836263,SUPPORT,0.4781575473631106,0.015363336020554723,0.01177096710686341,-2.500000000000002,-0.0012506807744502302,0.6236577149033566,0,staged_v3,0.3524013202557701,2,0.8837389155500506,0.2990576842459861,2,0,0,0
v3_torso_proxy:v3_left_forearm_proxy,61,0.8586425781249999,0.05013615489004586,0.8586425781250001,0.0,0.005459762880590967,FLAT,0.0,-1,1.7636857172660603,0.026334270500846548,0.7413289979534387,UNLOADING,0.010588695626874785,0.03573217939682538,0.10119360482000075,0.16185031292981403,0.8586425781250001,0.07913668575783332,0,ok,0.12374952035754021,0.6473718776561713,FLAT,0.0,-1,0.03369152344691403,0.0036510089909721983,0.050369684456276445,SUPPORT,0.47413504059695194,0.02386747523184163,0.041395448299840855,2.500000000000002,-0.0002506807744502293,0.6234070341289064,1,staged_v3,0.3154695131212667,2,0.9127734421942729,0.3154695131212667,2,1,1,1
v3_torso_proxy:v3_left_forearm_proxy,62,0.8592380954742443,0.20013615489005154,0.8718581431356401,0.0,0.004252067606788435,AIR,0.0,-1,1.53407169663124,0.01532370731761681,0.6779370949580734,UNLOADING,0.009271658143875094,0.04357314743028687,0.08704942975968413,0.16434138824684194,0.8718581431356401,0.07663315515196895,0,ok,0.04003097197678141,0.6425595470120399,FLAT,0.0,-1,0.036023861992300905,0.011237086574371877,0.06111969137589365,SUPPORT,0.4706871776545302,0.016818897994422807,0.04026758406187505,-1.875000000000071,-0.0010006807744502577,0.6224063533544562,0,staged_v3,0.1913101836634737,2,0.9155180557032085,0.19304176352812738,2,1,0,0
v3_torso_proxy:v3_left_forearm_proxy,63,0.38727951509143005,0.10013615489006256,0.8918812758199837,0.0,0.0033115135818393873,AIR,0.0,-1,1.2684462415682298,0.009081563731279496,0.6261878250126665,UNLOADING,0.008123976136825434,0.04722782751935383,0.08554452878518382,0.16811565983942117,0.8918812758199837,0.07538795972825782,0,ok,0.053213675066080504,0.6274035585724487,FLAT,0.0,-1,0.04521962594098971,0.05747592274862854,0.08274301588462235,SUPPORT,0.4677318665610259,0.0,0.07058836181614156,1.2499999999998623,-0.0005006807744503128,0.6219056725800058,0,staged_v3,0.1037474178490417,2,0.9288242805564358,0.10135181763323245,2,1,0,0
v3_pelvis_proxy:v3_left_hand_proxy,64,0.5356259070017914,0.10013615489006256,0.7150515982732327,0.0,0.0025790093706881075,AIR,0.0,-1,1.131359527948181,0.00318019940381913,0.5793742777313398,UNLOADING,0.007118379214319419,0.050788514482747855,0.08604704761158996,0.13478405088436968,0.7150515982732327,0.06317319433409807,0,ok,0.05519034576997228,0.6119084872118896,FLAT,0.0,-1,0.05174084022124999,0.028970861938234487,0.10972609132155337,SUPPORT,0.4651987427665936,0.0015154426278431825,0.0436603645304689,0.0,-0.0005006807744503128,0.6214049918055555,0,staged_v3,0.14032115297263828,2,0.9404145657820875,0.140584407465742,2,1,0,0
v3_pelvis_proxy:v3_left_hand_proxy,65,0.36503224631464815,0.30013615489006273,0.7345454860359083,0.0,0.0020085345174403893,AIR,0.0,-1,0.854407385634758,0.014271508109033128,0.5470389138153896,UNLOADING,0.0062314376089393705,0.03808043758173635,0.09978810388855867,0.13845856215947722,0.7345454860359083,0.04994141048229006,0,ok,0.028437312121784734,0.587202220178178,FLAT,0.0,-1,0.05575801690529146,0.004714353213538189,0.14589682483962846,SUPPORT,0.4630274937999374,0.027580488028443238,0.038017604781699264,-2.500000000000002,-0.0015006807744503137,0.6199043110311052,0,staged_v3,0.1505425007880657,2,0.9600158341404242,0.14287810293415756,2,0,0,0
v3_pelvis_proxy:v3_left_hand_proxy,66,0.14703613164385712,0.5001361548900629,0.29162410117417176,0.0,0.0015642482550085215,AIR,0.0,-1,0.8433474325086475,0.013141368622137821,0.5234153651482599,UNLOADING,0.005447731762438133,0.03802939963527518,0.09894925692077566,0.05496984803151028,0.29162410117417176,0.04617544248589783,0,ok,0.030096937894479876,0.5711545454380691,FLAT,0.0,-1,0.0554059829638299,0.0019517788886297032,0.20153545324523164,SUPPORT,0.46116642325708923,0.03312499377363188,0.03404569424896185,-2.500000000000002,-0.0025006807744503146,0.6174036302566549,0,staged_v3,0.09984197674855508,2,0.9697616578747533,0.10028568704558291,2,1,0,0
v3_pelvis_proxy:v3_left_hand_proxy,67,0.13882148209691755,0.7001361548900631,0.26710346469306484,0.0,0.0012182377659187152,AIR,0.0,-1,0.8537271715612148,0.00810701094978505,0.5043779432850741,UNLOADING,0.004755739440248747,0.04211188621446865,0.09167215830087427,0.050347816945686796,0.26710346469306484,0.04665441884446306,0,ok,0.0284266496893673,0.5592163851431604,FLAT,0.0,-1,0.053354176725269695,0.009197442699990534,0.27314419829680414,SUPPORT,0.4595712199346479,0.029459767214849674,0.03705175772520875,-2.500000000000002,-0.0035006807744503154,0.6139029494822046,0,staged_v3,0.09826344876352515,2,0.9739174224234795,0.09993318711687059,2,1,0,0
v3_pelvis_proxy:v3_left_hand_proxy,68,0.14036751221617438,0.9001361548900633,0.24826540452690057,0.0,0.0009487645260646542,AIR,0.0,-1,0.922089773472619,0.007594398346329936,0.4890408528826823,UNLOADING,0.0041456023649350925,0.041857644297804183,0.0816456283664066,0.04679692626013254,0.24826540452690057,0.04731070835240034,0,ok,0.03595168246832189,0.5614871825002309,FLAT,0.0,-1,0.03909744025498033,0.0005655867878575438,0.36030139450827403,SUPPORT,0.4582039028011268,0.04244948293755616,0.02937448333960516,-2.500000000000002,-0.004500680774450316,0.6094022687077543,0,staged_v3,0.09918469437474892,2,0.976253009816622,0.100898417984229,2,1,0,0
v3_pelvis_proxy:v3_left_hand_proxy,69,0.03608869509597676,0.2576904296875071,0.10422290734635369,0.0,0.0007388985558495231,AIR,0.0,-1,0.9254998677254829,0.009748819935954101,0.4382343507612095,UNLOADING,0.0036126717166512813,0.03716289760210638,0.07991480346513538,0.019645555203304466,0.10422290734635369,0.047008694063349565,0,ok,0.03640943183943844,0.5935388668000612,FLAT,0.0,-1,0.030846615672834577,0.00011401625837350205,0.4481590146745229,SUPPORT,0.4570319166866801,0.04729393447535264,0.028550052147093236,8.030571565031952,-0.0012884521484375355,0.6081138165593167,1,staged_v3,0.10058052737964518,2,0.9793209583985502,0.10173473629357317,2,1,0,0
v3_pelvis_proxy:v3_left_hand_proxy,70,0.1751148332792756,0.4576904296875073,0.6551548768805525,0.0,0.0005754547739059388,AIR,0.0,-1,0.22925563669425877,0.007776815051422057,0.39066496949636575,UNLOADING,0.0031466678645884465,0.03675643342339624,0.060190283322305985,0.12349378489028817,0.6551548768805525,0.050297492359691,0,ok,0.0369565426565324,0.5050859471100541,FLAT,0.0,-1,0.10450223916900639,0.023768150987631725,0.5382700123517884,UNLOADING,0.4113466454321669,0.0281453496299577,0.04489488377378001,-2.500000000000002,-0.0022884521484375364,0.6058253644108792,0,staged_v3,0.10023529912857354,2,0.9773994205253045,0.10188047627343756,2,1,0,0
v3_pelvis_proxy:v3_left_hand_proxy,71,0.9999999999999999,0.6576904296875075,1.0,0.0,0.00044816462854012335,FLAT,0.0,-1,0.21611503842623073,0.04702862697007919,0.31506384737122217,LOADING,0.0027409959062781796,0.0,0.058518957892440174,0.1884955592153876,1.0,0.053249962605740886,0,ok,0.059528061954395806,0.41355000426571065,FLAT,0.0,-1,0.13227817078754084,0.07306431102341801,0.6250167234465567,UNLOADING,0.36541147699234106,0.028507054234905734,0.027743781937422104,-2.500000000000002,-0.0032884521484375373,0.6025369122624417,0,staged_v3,0.2061837952873363,2,0.9710747838216415,0.17800046252209756,2,0,0,0
v3_torso_proxy:v3_right_forearm_proxy,72,0.9999999999999997,0.4576904296875073,1.0,0.0,0.00034903096365195333,FLAT,0.0,-1,0.18417713489207033,0.027027261999378466,0.24916480758751197,LOADING,0.002386862881202944,0.010430978379997138,0.10217731138148914,0.1884955592153876,1.0,0.06614942405566109,0,ok,0.07756661837886017,0.3220730671613183,FLAT,0.0,-1,0.19438242393267516,0.14908195670210578,0.7313127414079076,UNLOADING,0.3162056785619013,0.0,0.08895113120982416,2.500000000000002,-0.0022884521484375364,0.6002484601140041,0,staged_v3,0.30824796432610285,2,0.9989949425646939,0.3051899134245807,2,0,0,0
v3_pelvis_proxy:v3_left_hand_proxy,73,0.9183838034840918,0.2576904296875071,0.9999999999999999,0.0,0.0011436913986212188,FLAT,0.0,-1,0.1449090494645575,0.034999575490912066,0.19682195217558604,LOADING,0.0021771093017251184,0.020886207464822674,0.013954890143956632,0.18849555921538758,0.9999999999999999,0.05302365475503931,0,ok,0.20272829157477668,0.25083075691144385,FLAT,0.0,-1,0.35457620143686136,0.20033275097968622,0.800125869291213,UNLOADING,0.271678873435973,0.0,0.10187260227367749,2.500000000000002,-0.0012884521484375355,0.5989600079655666,0,staged_v3,0.4235702354631055,2,1.01270694134114,0.42184761570186374,2,0,1,1
v3_torso_proxy:v3_right_forearm_proxy,74,0.788818359375,0.05769042968750693,0.7835389369243345,0.0,0.012485226127015456,FLAT,0.0,-1,0.12902706174044998,0.0022864931963726244,0.15221219273900377,LOADING,0.0038586519376561214,0.03032411644057757,0.015666025095819176,0.14769361008258275,0.7835389369243345,0.06515580826581166,0,ok,0.0893271344869101,0.19534718990102568,FLAT,0.0,-1,0.4083556228791155,0.10205269295136836,0.8164253856740984,UNLOADING,0.2328676058022626,0.025803954258089845,0.04001731502561508,2.500000000000002,-0.00028845214843753464,0.598671555817129,1,staged_v3,0.4171093372907141,2,0.9842030277619981,0.4178863012536249,2,0,1,1
v3_torso_proxy:v3_right_forearm_proxy,75,0.026245117187500114,0.14230957031249325,0.013117584442373327,0.0,0.07505711662365719,FLAT,0.0,-1,0.07890184569996736,0.0022572920024377394,0.11984614176811659,LOADING,0.01629928370693936,0.028735015085968093,0.015933017903428416,0.0024726064150202287,0.013117584442373327,0.0651551739966769,0,ok,0.06233870542467093,0.15213654446571723,FLAT,0.0,-1,0.6784346601970259,0.10343275245966155,0.7917496465341731,UNLOADING,0.19960080497336793,0.02348175119481733,0.04110573113189133,2.500000000000002,0.0007115478515624662,0.5993831036686915,1,staged_v3,0.2255189190311527,2,1.01162852232461,0.2255189190311527,2,1,1,1
v3_torso_proxy:v3_right_forearm_proxy,76,0.8395021507288383,0.05769042968750693,0.9999905059321738,0.0,0.13663174551024906,FLAT,0.0,-1,0.07369655689288657,0.01530542821723491,0.09504630935513006,LOADING,0.0377685074373016,0.014446887250521595,0.0392698800663486,0.18849376962576347,0.9999905059321738,0.054151513838470805,0,ok,0.060847358167703716,0.11848405996367818,FLAT,0.0,-1,0.8178962072019419,0.09109890031077726,0.7411722285345251,UNLOADING,0.1720121369102943,0.053139336940832366,0.008919274485893889,-2.500000000000002,-0.00028845214843753464,0.599094651520254,0,staged_v3,0.12112895508054886,2,0.9840381183777186,0.11919588296128386,2,0,0,0
v3_torso_proxy:v3_right_forearm_proxy,77,0.0728759765625,0.14230957031249325,0.07287383301617881,0.0,0.20709705895799288,FLAT,0.0,-1,0.05850682155861392,0.01959706888543161,0.07749643880198731,LOADING,0.06842436083031792,0.00927775305466776,0.04307215833685094,0.013736393906553401,0.07287383301617881,0.054385386332216984,0,ok,0.059030921005814425,0.09227547868119186,FLAT,0.0,-1,1.1831664212750688,0.08970052780609866,0.6738397264069886,UNLOADING,0.14841676631644726,0.052495872510349165,0.006196113810000268,2.500000000000002,0.0007115478515624662,0.5998061993718165,1,staged_v3,0.14781636373167859,2,0.9802363749565588,0.1491100671363747,2,1,1,1
v3_torso_proxy:v3_right_forearm_proxy,78,0.03039550781250009,0.3423095703124934,0.028449587214613103,0.0,0.26288676650182535,FLAT,0.0,-1,0.05910129247983817,0.02287854514764099,0.06521723145332495,SUPPORT,0.14473948866425435,0.00538231642502526,0.04624735973419993,0.005362620851465438,0.028449587214613103,0.05438539653539938,0,ok,0.07252178685564817,0.07186421505520095,AIR,0.0,-1,1.4812754022008896,0.08955044179391482,0.6002642907556561,UNLOADING,0.12823259189361724,0.04899938221535077,0.006013832322432033,2.500000000000002,0.0017115478515624671,0.6015177472233789,1,staged_v3,0.16066546095107687,2,0.9977209914507726,0.16066546095107687,2,1,1,1
v3_torso_proxy:v3_right_forearm_proxy,79,0.5838623046875002,0.5423095703124936,0.27842099692154004,0.0,0.30428831329366834,FLAT,0.0,-1,0.05690199043905404,0.005780390119326611,0.05610516331474039,SUPPORT,0.20579159093140348,0.02202486804641041,0.016945119032559304,0.0524811215120314,0.27842099692154004,0.05623364390377597,0,ok,0.05586125749498917,0.05596790695980235,AIR,0.0,-1,1.6186611106491542,0.12401407739697318,0.5293222002449701,UNLOADING,0.11037275487352732,0.023544831523721513,0.027921278488526997,2.500000000000002,0.002711547851562468,0.6042292950749414,1,staged_v3,0.13002240127946457,2,1.0147281610486347,0.13164253232788295,2,1,1,1
v3_torso_proxy:v3_right_forearm_proxy,80,0.23901367187500003,0.7423095703124938,0.08216088268051688,0.0,0.3359168199502597,FLAT,0.0,-1,0.05804959923552556,0.005624965162159299,0.04909806500700459,SUPPORT,0.2546332727451228,0.02182993808819093,0.0117573412460006,0.015486961526493884,0.08216088268051688,0.0575069914181571,0,ok,0.06668183440728091,0.043587849767161596,AIR,0.0,-1,1.91923212510155,0.138423194558627,0.49671295833390317,UNLOADING,0.09550471654272773,0.010860821825848917,0.038974826090846244,2.500000000000002,0.003711547851562469,0.6079408429265039,1,staged_v3,0.16132979650483495,2,1.013634256106105,0.16163932609123566,2,1,1,1
v3_torso_proxy:v3_right_forearm_proxy,81,1.0,0.942309570312494,0.5878108968342403,0.0,0.3626555252757607,FLAT,0.0,-1,0.05237324281645175,0.04340926199906761,0.04442605358926425,SUPPORT,0.2937066181960983,0.0,0.06980625801536833,0.11079974371166862,0.5878108968342403,0.06643253323974377,0,ok,0.1864365323453297,0.0339462515310642,AIR,0.0,-1,1.9923199132266374,0.09340665760570702,0.4915704026679478,UNLOADING,0.08227756973890694,0.02863741577377846,0.02094110435961893,2.500000000000002,0.00471154785156247,0.6126523907780663,0,staged_v3,0.18749330753733628,2,1.0062471161267241,0.18810123126004355,2,1,1,1
v3_torso_proxy:v3_right_forearm_proxy,82,1.0,0.7423095703124938,0.899190580774322,0.0,0.39322939869828977,FLAT,0.0,-1,0.04603814895427627,0.007168704475452609,0.041451326168333594,SUPPORT,0.3249652945568786,0.01990386183296407,0.03039724700634102,0.16949343136426498,0.899190580774322,0.06942245047715503,0,ok,0.2287354934891664,0.026437367274731678,FLAT,0.0,-1,2.157883307369338,0.06422334618713102,0.5157503953020928,UNLOADING,0.07052363120477738,0.027439932894025392,0.02334758687107925,-2.500000000000002,0.003711547851562469,0.6163639386296288,0,staged_v3,0.2074680685636388,2,0.9754535018124016,0.20543291611044334,2,0,0,0
v3_torso_proxy:v3_right_forearm_proxy,83,0.8426513671875002,0.942309570312494,0.82284167571256,0.0,0.4178164855454549,FLAT,0.0,-1,0.04854798613811768,0.012973198415839687,0.04052705884559894,SUPPORT,0.3499722356455029,0.025670652514482854,0.001355700427797095,0.1551020018091656,0.82284167571256,0.07319303398093488,0,ok,0.34901233347552946,0.020589442335907364,FLAT,0.0,-1,2.2551312148657203,0.05589923397815959,0.5671004031664046,UNLOADING,0.06044882674695204,0.0,0.05631406629809227,2.500000000000002,0.00471154785156247,0.6210754864811913,1,staged_v3,0.22030564887047002,2,0.9721521626871887,0.2055052553538081,2,0,0,0
v3_torso_proxy:v3_right_forearm_proxy,84,0.9909756534145318,0.7423095703124938,0.6247520092672726,0.09339270328480555,0.43456603463324883,FLAT,0.0,-1,0.04882145289305236,0.021219990003691663,0.040015005536738674,SUPPORT,0.36997778851640234,0.005780760273145273,0.03849247277043057,0.11776297935777157,0.6247520092672726,0.05916283524433613,0,ok,0.33992912737219894,0.01603507381420819,FLAT,0.0,-1,2.3156125965777856,0.02856182653356908,0.6389730887057818,UNLOADING,0.05181328006881603,0.03464603345856779,0.022302620976721307,-2.500000000000002,0.003711547851562469,0.6247870343327537,0,staged_v3,0.17681378662144331,2,0.9618532433648033,0.17722992330820456,2,0,0,0
v3_pelvis_proxy:v3_right_hand_proxy,85,0.18642388274210175,0.5423095703124936,0.5758050526356516,0.08957362362523966,0.4326298357225973,FLAT,0.0,-1,0.062050779964786765,0.02481531316195281,0.04008427659362812,SUPPORT,0.3859822308131219,0.002188900667728595,0.03983420385872322,0.10853669539560284,0.5758050526356516,0.053290013367189276,0,ok,0.39210056167728613,0.012488128043113118,FLAT,0.0,-1,2.372374335636065,0.019589313457545377,0.72603102405572,UNLOADING,0.04441138291612803,0.04171223774524062,0.03085144899453488,-2.500000000000002,0.002711547851562468,0.6274985821843162,0,staged_v3,0.15264345106272761,2,0.9556965619451654,0.13967845930863226,2,0,0,0
v3_pelvis_proxy:v3_right_hand_proxy,86,0.5435788779763756,0.4423095703125046,0.40146034579162226,0.09141998889192612,0.43466896727093873,FLAT,0.0,-1,0.06044871484765457,0.005705191018345605,0.040523127271279574,SUPPORT,0.3987857846504975,0.021320965345218375,0.028008552916063828,0.07567349238279472,0.40146034579162226,0.05512244578441547,0,ok,0.40317627321591126,0.009725763899072468,FLAT,0.0,-1,2.3873762478348084,0.03766756077593736,0.8036926506100861,UNLOADING,0.03806689964239545,0.02751707175456694,0.04585335510654552,-1.2499999999998623,0.002211547851562523,0.6297101300358787,1,staged_v3,0.09606880107051631,2,0.9654134387455443,0.08861125002894187,2,1,0,0
v3_pelvis_proxy:v3_right_hand_proxy,87,0.2247297944482136,0.24230957031250444,0.38245481320290486,0.08404557703765286,0.4330252802078092,FLAT,0.0,-1,0.060311321419476184,0.006397734002536733,0.041354017565309154,SUPPORT,0.409028627720398,0.020669966875728727,0.028643692822988835,0.07209103388929816,0.38245481320290486,0.05174381156978544,0,ok,0.49831012925397505,0.007574432540565237,FLAT,0.0,-1,2.4030635721039384,0.025594733642064,0.8593396376663782,UNLOADING,0.03262877112205324,0.04237224824125491,0.06922427403824052,-2.500000000000002,0.0012115478515625222,0.6309216778874412,0,staged_v3,0.09382702642605169,2,0.9664897803078023,0.09530288052277573,2,1,0,0
v3_pelvis_proxy:v3_right_hand_proxy,88,0.02125720603961518,0.04230957031250426,0.3359152732277612,0.08311790287232461,0.4241664800390885,FLAT,0.0,-1,0.06523297329149923,0.010674185194691436,0.04194937647663321,SUPPORT,0.4172229021763184,0.016423283629140226,0.02995101587488057,0.06331853727605657,0.3359152732277612,0.051097550331279135,0,ok,0.0,0.005898973993913738,FLAT,0.0,-1,2.365984849599815,0.015945764573574873,0.8887809145535314,UNLOADING,0.027967518104617065,0.05349328115410169,0.0740365079742793,-2.500000000000002,0.00021154785156252132,0.6311332257390038,0,staged_v3,0.09297265988327423,2,0.9673397263028576,0.09458946529920664,2,1,0,0
v3_pelvis_proxy:v3_right_hand_proxy,89,0.21177358231393134,0.15769042968749591,0.6401200734737434,0.083092185101061,0.41722802914401347,FLAT,0.0,-1,0.06786405783204148,0.0065633554780914795,0.04237596977762602,SUPPORT,0.42377832174105473,0.020555443010789824,0.022678558339068993,0.12065979121442827,0.6401200734737434,0.07048694267559563,0,ok,0.0,0.004594125565777872,FLAT,0.0,-1,2.3338628485702855,0.03183538974184203,0.8709101413577909,UNLOADING,0.02405688052108189,0.036710117326047516,0.09812304248662604,-2.500000000000002,-0.0007884521484374796,0.6303447735905663,0,staged_v3,0.09749745063953992,2,0.9629847090759781,0.09615267670272999,2,0,0,0
v3_torso_proxy:v3_right_forearm_proxy,90,0.14521651836053795,0.3576904296874961,0.6437961441844621,0.08769889432852568,0.3984176645687348,FLAT,0.0,-1,0.07638152773129697,0.006173296176105011,0.04333934104476848,SUPPORT,0.4290226573928438,0.020993670876133415,0.02449777734430128,0.12135271421876048,0.6437961441844621,0.07516134719721715,0,ok,0.0,0.0035779085881561673,AIR,0.0,-1,2.189957113877338,0.007492890912775205,0.8054473441438718,UNLOADING,0.02071962496353251,0.05777947629441839,0.09207508284603147,-2.500000000000002,-0.0017884521484374805,0.6285563214421288,0,staged_v3,0.11428196317923332,2,0.9797382636026354,0.11428196317923332,2,1,0,0
v3_pelvis_proxy:v3_right_hand_proxy,91,0.23537352291752842,0.5576904296874963,0.9922119227864398,0.0832548564597117,0.385394872565411,FLAT,0.0,-1,0.07744134966452976,0.028823539776025364,0.048944944580738836,SUPPORT,0.43321812591427505,0.0,0.04312343350728118,0.18702754124580495,0.9922119227864398,0.04827838771371376,0,ok,0.0,0.0027864780102139276,AIR,0.0,-1,2.065473554124593,0.004013220050909404,0.7310112439289578,UNLOADING,0.017866754433568832,0.05753734214553848,0.10013606688656143,-2.500000000000002,-0.0027884521484374813,0.6257678692936913,0,staged_v3,0.12359658827182841,2,0.9580679559663854,0.1171499144750397,2,0,0,0
v3_pelvis_proxy:v3_right_hand_proxy,92,0.5781860351562503,0.20681161135434056,0.5781856728117465,0.0608515595875292,0.37011029996780653,FLAT,0.0,-1,0.08051874975590233,0.005149520339965335,0.05893773725902968,SUPPORT,0.43657450073142007,0.02279736652298615,0.009553529751298317,0.10898543172697528,0.5781856728117465,0.03823904893324298,0,ok,0.0,0.002170111256365857,AIR,0.0,-1,1.8712487462066458,0.034595058945504,0.6642008387002576,UNLOADING,0.015418464020175398,0.023614982989508884,0.12423736776818435,4.385985229164446,-0.0010340580567717028,0.6247338112369196,1,staged_v3,0.18463623574216417,2,0.9639970877492231,0.18609502732600375,2,1,1,1
v3_pelvis_proxy:v3_right_hand_proxy,93,0.4921931025741691,0.40105109537325045,0.8130350292321541,0.0871268642031977,0.35537116234008564,FLAT,0.0,-1,0.0832648434938842,0.005827527009927672,0.0771439868208762,SUPPORT,0.4392596005851361,0.02302967233111614,0.01984205780441617,0.1532534924968139,0.8130350292321541,0.050244350501753576,0,ok,0.0,0.0016900843458097997,AIR,0.0,-1,1.5897232932691507,0.0022480213372155474,0.6109659140627202,UNLOADING,0.0133097549342402,0.05330027436592046,0.11478918951301201,-2.4279935502363736,-0.0020052554768662523,0.6227285557600534,1,staged_v3,0.17828721873432327,2,0.9651631853871148,0.17828721873432327,2,1,0,0
v3_pelvis_proxy:v3_right_hand_proxy,94,0.0004211952405758768,0.00022030394644101392,0.0005266152556021731,0.08709106731698585,0.34523424879784936,FLAT,0.0,-1,0.08690856191563406,0.005859133735989015,0.10648003009550153,SUPPORT,0.44140768046810885,0.024464867768786064,0.019848200917651656,9.92646370960859e-05,0.0005266152556021731,0.050266798881305697,0,ok,0.0,0.001316239011973395,AIR,0.0,-1,1.448506746283111,0.0022467033783896426,0.5653918375367886,UNLOADING,0.011490082546256764,0.05102288849844979,0.11479084575201033,5.010384892835118,-1.1015197322050696e-06,0.6227274542403212,1,staged_v3,0.16096960851950662,2,0.9546654298576808,0.1491562121993988,2,1,0,0
v3_pelvis_proxy:v3_right_hand_proxy,95,0.9999999999999999,0.19977969605355916,0.5078891785769597,0.049962387866835135,0.34312791824075606,FLAT,0.0,-1,0.07751290677524424,0.022871406014383547,0.16961727360751827,SUPPORT,0.4431261443744871,0.03022364839782767,0.003257215282548247,0.09573485473530788,0.5078891785769597,0.04928931909067566,0,ok,0.0,0.0010250879732340123,AIR,0.0,-1,0.9416918766217758,0.010041392691015956,0.5357426802200521,UNLOADING,0.009916628553218981,0.04174574131998665,0.10354973574737769,2.500000000000002,0.0009988984802677958,0.623726352720589,0,staged_v3,0.12524091871932855,2,0.9612536826068101,0.12715970144512861,2,1,1,1
v3_pelvis_proxy:v3_right_hand_proxy,96,0.7010498046875,0.00022030394644101392,0.3023169554975866,0.053404412270737237,0.34830617135775355,FLAT,0.0,-1,0.07722666156979469,0.01324890927143384,0.2812783792462276,SUPPORT,0.4445009154995897,0.02736592088677257,0.011697998075538816,0.056985403586811034,0.3023169554975866,0.04869335886300061,0,ok,0.0,0.0007983393162717281,AIR,0.0,-1,0.8006723020577617,0.0024798121609057146,0.5143695125413587,UNLOADING,0.008555352747233189,0.04823866346616222,0.10530287848603084,-2.500000000000002,-1.1015197322050696e-06,0.6237252512008568,1,staged_v3,0.12327877226821661,2,0.954592046771754,0.12387389623092772,2,0,0,0
v3_pelvis_proxy:v3_right_hand_proxy,97,0.5001755974962004,0.2002203039464412,0.38871303859839496,0.09716417078961746,0.35925119506209224,FLAT,0.0,-1,0.0715347285279218,0.010778677534303387,0.4021165222236976,SUPPORT,0.44560073239967174,0.034327148576881496,0.01974197087534104,0.07327068158491701,0.38871303859839496,0.04722096477087481,0,ok,0.0,0.0006217472846691118,AIR,0.0,-1,0.500874649342144,0.0037756446426063907,0.49263162324246007,UNLOADING,0.007378224484853587,0.04585593651951661,0.10061223400986803,-2.500000000000002,-0.001001101519732206,0.6227241496811246,0,staged_v3,0.11498153525141656,2,0.9543247965380365,0.11164960394746394,2,0,0,0
v3_pelvis_proxy:v3_right_hand_proxy,98,0.2071665219090865,0.40022030394644137,0.999984856837864,0.0925480627260424,0.3545111647269349,FLAT,0.0,-1,0.07897599284451406,0.02286741301366526,0.5180373066816121,UNLOADING,0.38194348491400437,0.02803445232041535,0.028233967523223984,0.18849270479657249,0.999984856837864,0.04720926711080428,0,ok,0.0,0.000484217272172824,AIR,0.0,-1,0.4817089508253222,0.034173788031377286,0.4685457403456738,UNLOADING,0.006360955177287996,0.014253498985906408,0.10923688098757917,-2.500000000000002,-0.002001101519732207,0.6207230481613923,0,staged_v3,0.11846619414671683,2,0.9454027724820525,0.12036800563567877,2,1,0,0
v3_pelvis_proxy:v3_right_hand_proxy,99,0.19483483273402097,0.6002203039464415,0.37699430215454804,0.09268203939450678,0.35569826064392207,FLAT,0.0,-1,0.08337131863823717,0.03985169918811758,0.6284036707756793,UNLOADING,0.32738012992628945,0.016568484350666386,0.0425232818413736,0.07106175180563634,0.37699430215454804,0.04931737351661672,0,ok,0.0,0.00037710879074489493,AIR,0.0,-1,0.4545214844993882,0.011999220499602604,0.3760586766311227,UNLOADING,0.00548586068881134,0.03180371333195353,0.07288403684333838,-2.500000000000002,-0.0030011015197322077,0.6177219466416601,0,staged_v3,0.1122267613192162,2,0.9435740913132656,0.11214756211640284,2,1,0,0
v3_pelvis_proxy:v3_right_hand_proxy,100,0.10571749867954777,0.8002203039464417,0.3700559358959015,0.09490255701396234,0.3425568427298901,FLAT,0.0,-1,0.09053140412686406,0.04599713718735553,0.7303893993392083,UNLOADING,0.28061153993681953,0.018640661746156237,0.042878808220804185,0.06975390057767158,0.3700559358959015,0.04923248189206561,0,ok,0.0,0.00029369262153523476,FLAT,0.0,-1,0.15850948116080116,0.005629057420507928,0.29989594965844274,LOADING,0.0047315399323943266,0.03436574006241421,0.05879904475413827,-2.500000000000002,-0.004001101519732209,0.6137208451219279,0,staged_v3,0.12814428422428895,2,0.9506941909879704,0.10192531539977628,2,0,0,0
v3_pelvis_proxy:v3_right_hand_proxy,101,0.7735641051857188,0.8001101519732101,0.9547720648145326,0.12105994630447743,0.29480623288766494,FLAT,0.0,-1,0.12377934295226195,0.05277567025556096,0.8068155629639364,UNLOADING,0.24052417708870247,0.05328065910881441,0.012060119039382419,0.17997029428044561,0.9547720648145326,0.023141025434005896,0,ok,0.0,0.00294419668423214,FLAT,0.0,-1,0.13885195332294545,0.05302786606542355,0.2330865633406586,LOADING,0.004378169084524495,0.0,0.08509383756373542,0.0013768996653951149,-0.004000550759866051,0.6097202943620619,1,staged_v3,0.16273833562191078,2,0.9530801038576521,0.15457365356876646,2,1,0,0
v3_pelvis_proxy:v3_right_hand_proxy,102,0.8712768554687501,0.522862086146092,0.7590026421212637,0.14170363099498412,0.22959532502724442,FLAT,0.0,-1,0.1932838846530504,0.058026114146638594,0.8442351590824306,UNLOADING,0.20616358036174498,0.021994014953703206,0.04521774300041834,0.1430686274726043,0.7590026421212637,0.034510697329424134,0,ok,0.0,0.04323533545266613,FLAT,0.0,-1,0.09434471532648607,0.0025186265445433795,0.180922118671537,LOADING,0.010585156659838627,0.031527479389033476,0.05813065339187504,3.4656008228389767,-0.00261431043073046,0.6071059839313314,1,staged_v3,0.3183688792945475,2,0.9320686259396904,0.3183688792945475,2,1,1,1
v3_pelvis_proxy:v3_right_hand_proxy,103,0.00012207031249999825,3.941187574074689e-05,6.992589671231026e-05,0.1417082407554519,0.17880901892075168,FLAT,0.0,-1,0.41443739912275007,0.05803285064682799,0.8218861107576184,UNLOADING,0.17671164031006714,0.020871313321574714,0.04522299221630621,1.3180721004424356e-05,6.992589671231026e-05,0.03451157114652831,0,ok,0.0,0.08742087934011311,FLAT,0.0,-1,0.0971247276002974,0.002516737430221715,0.1435446607674174,LOADING,0.02344254110212035,0.02966049560814916,0.058128963097266326,6.53528342837939,-1.9705937870373447e-07,0.6071057868719527,1,staged_v3,0.26161593700663144,2,0.9220590895348992,0.26161593700663144,2,1,1,1
v3_pelvis_proxy:v3_right_hand_proxy,104,0.05651855468750003,0.19996058812425943,0.0467676289836888,0.12131802806552637,0.13925660395571107,FLAT,0.0,-1,0.5083002194901817,0.06370208685267628,0.75388916745715,UNLOADING,0.15146712026577183,0.014003133433392864,0.04869132493946464,0.00881549037845819,0.0467676289836888,0.034995075771533796,0,ok,0.0,0.13100923176766394,FLAT,0.0,-1,0.09812934184771618,0.0026998941036136754,0.11521749907553269,LOADING,0.04193696802721365,0.02806098085016296,0.05786991582079717,2.500000000000002,0.0009998029406212972,0.608105589812574,1,staged_v3,0.12801752369203986,2,0.9189676546798636,0.12968545396082107,2,1,1,1
v3_pelvis_proxy:v3_right_hand_proxy,105,0.5907916831728487,3.941187574074689e-05,1.0000000000000002,0.07511661397691584,0.10845315220857228,AIR,0.0,-1,1.0138919007327822,0.10883496611812953,0.6758452088394268,UNLOADING,0.12982896022780444,0.025193143968653138,0.0335991164733182,0.18849555921538763,1.0000000000000002,0.044976045498369005,0,ok,0.0,0.1838406403204691,FLAT,0.0,-1,0.0849614538155543,0.0021295551790218,0.09439638895458637,LOADING,0.06684692396799449,0.02759026426870752,0.04074048451360802,-2.500000000000002,-1.9705937870373447e-07,0.6081053927531953,0,staged_v3,0.13787376934991108,2,0.9148808902982483,0.1397749288674982,2,1,0,0
v3_pelvis_proxy:v3_right_hand_proxy,106,0.7397460937500006,0.20003941187574092,0.73974609375,0.09943408437959732,0.08446339986659836,AIR,0.0,-1,1.2101209797336956,0.1673299095106188,0.6017012817113038,UNLOADING,0.11178497495245557,0.0012985770023031043,0.053786487083262086,0.1394388536188048,0.73974609375,0.009990477249154292,0,ok,0.0,0.24024779429919574,FLAT,0.0,-1,0.07531284507475951,0.025638308030545197,0.07768241630043964,LOADING,0.09779449219983224,0.0032458127844767863,0.041903802652842825,-2.500000000000002,-0.0010001970593787046,0.6071051956938166,1,staged_v3,0.16368648979875586,2,0.9048826593533481,0.16185694584632035,2,0,1,1
v3_pelvis_proxy:v3_right_hand_proxy,107,1.0000000000000002,3.941187574074689e-05,0.8015257360554323,0.04364789008793938,0.06578016195698,AIR,0.0,-1,1.6481426840864315,0.14679620333126908,0.5303518492577031,UNLOADING,0.09581569281639049,0.033109952571403714,0.018407639891481437,0.15108404184329388,0.8015257360554323,0.043588635760453465,0,ok,0.0,0.30035588316414136,FLAT,0.0,-1,0.060042472991349564,0.05581256340942166,0.06627814270325755,SUPPORT,0.1682355937598658,0.007934570325939218,0.02037933680922366,2.500000000000002,-1.9705937870373447e-07,0.6071049986344379,0,staged_v3,0.20789193439027803,2,0.9331376216665324,0.2003771714404388,2,0,1,1
v3_pelvis_proxy:v3_right_hand_proxy,108,1.0000000000000002,0.19996058812425943,1.0,0.22094676112034387,0.05122964164265986,AIR,0.0,-1,1.9351981056287337,0.11327867718647776,0.4792277469130285,UNLOADING,0.0839064857974746,0.024497120910776493,0.024464266434874933,0.1884955592153876,1.0,0.06636727506132992,0,ok,0.0,0.35965975496209024,FLAT,0.0,-1,0.055171370792326035,0.07720381232056679,0.05820089614171805,SUPPORT,0.22458847500789264,0.0,0.1423927403207299,2.500000000000002,0.0009998029406212972,0.6081048015750592,0,staged_v3,0.2812599243671003,2,0.9416843050773195,0.2114692091309044,2,0,1,1
v3_pelvis_proxy:v3_right_hand_proxy,109,0.9999999999999999,3.941187574074689e-05,0.7382205766777516,0.1526752347379616,0.039897685027770954,FLAT,0.0,-1,2.091917296439166,0.09332393122735702,0.4608187140354895,UNLOADING,0.07191984496926394,0.03494280242406561,0.013098133277708871,0.13915130042517873,0.7382205766777516,0.062033404412749446,0,ok,0.0,0.40164422327578203,FLAT,0.0,-1,0.05411794271076961,0.01777491433118773,0.05226710977630783,SUPPORT,0.2696707800063141,0.009838441157627664,0.056414888135222815,-2.500000000000002,-1.9705937870373447e-07,0.6081046045156805,0,staged_v3,0.3201683016623633,2,0.9444670464985755,0.3201683016623633,2,1,0,0
v3_pelvis_proxy:v3_left_hand_proxy,110,0.9999999999999999,0.19996058812425943,0.5191807033573212,0.21315000769067988,0.031072348342364286,FLAT,0.0,-1,2.310797092441807,0.11432600466982976,0.4673498058085902,UNLOADING,0.061645581402226236,0.0,0.05036442635229101,0.09786325701317652,0.5191807033573212,0.08244566698933345,0,ok,0.0,0.4311969668481586,FLAT,0.0,-1,0.05510433238258502,0.018337057482697042,0.047622869506976064,SUPPORT,0.3057366240050513,0.009044085992651763,0.036445693048414204,2.500000000000002,0.0009998029406212972,0.6091044074563018,0,staged_v3,0.26625302688657626,2,0.9329860912907227,0.26059443957783707,2,0,0,0
v3_pelvis_proxy:v3_left_hand_proxy,111,0.38941124227386426,3.941187574074689e-05,0.57083129551075,0.29119015653094155,0.024199169220900776,FLAT,0.0,-1,2.351830836955447,0.07355636371644,0.5066220875447507,UNLOADING,0.05283906977333677,0.02510208844187258,0.025229015935364956,0.10759916426494298,0.57083129551075,0.06956179892788668,0,ok,0.0,0.447559077757093,FLAT,0.0,-1,0.05578181743012681,0.012423397917961754,0.043463914204772816,SUPPORT,0.33458929920404107,0.014749797792276888,0.04315584882444167,-2.500000000000002,-1.9705937870373447e-07,0.6091042103969231,0,staged_v3,0.29464804923817894,2,0.9433489527668191,0.29360700603978135,2,0,0,0
v3_pelvis_proxy:v3_left_hand_proxy,112,0.65118408203125,0.19996058812425943,0.23321009698663783,0.3004936018880313,0.018846331938914964,FLAT,0.0,-1,2.4276864709722865,0.08873603629126109,0.5733920201534799,UNLOADING,0.04529063123428866,0.013957049514166979,0.03971255149350702,0.04395906764617108,0.23321009698663783,0.06614433682972587,0,ok,0.03588228155700875,0.45511138721562605,FLAT,0.0,-1,0.058530890982166295,0.0010816877981897873,0.039697572362601574,SUPPORT,0.35767143936323287,0.025903190819940292,0.024557300177027105,2.500000000000002,0.0009998029406212972,0.6101040133375444,1,staged_v3,0.10643783264379535,2,0.9398508374658718,0.10643783264379535,2,1,1,1
v3_pelvis_proxy:v3_left_hand_proxy,113,0.9999999999999999,0.3999605881242596,0.3331049979481028,0.31872304865522505,0.014677538072050602,FLAT,0.0,-1,2.456672742369241,0.10973523635808674,0.6619975635155297,UNLOADING,0.03882054105796171,0.0,0.0656261306193335,0.06278881286566818,0.3331049979481028,0.06152185008590663,0,ok,0.11176743317876847,0.4676356368417876,FLAT,0.0,-1,0.05829346350476037,0.005710688908102623,0.03693482184413104,SUPPORT,0.3761371514905863,0.021136052184103932,0.013019528383329568,2.500000000000002,0.001999802940621298,0.6121038162781657,0,staged_v3,0.10364318655552024,2,0.9374069544094628,0.10364318655552024,2,1,1,1
v3_pelvis_proxy:v3_left_hand_proxy,114,0.9999999999999999,0.19996058812425943,1.0,0.5435331986675427,0.011430878144073366,FLAT,0.0,-1,2.4693490382355843,0.042662854036864595,0.7578106712086485,UNLOADING,0.033274749478252895,0.020227679523567826,0.04651737765626077,0.1884955592153876,1.0,0.0651518706266026,0,ok,0.04132376817893771,0.47430569767434905,FLAT,0.0,-1,0.059902688439728985,0.022047909834009075,0.03446523763608726,SUPPORT,0.39090972119246903,0.0179803689196113,0.008742892962193063,-2.500000000000002,0.0009998029406212972,0.613103619218787,0,staged_v3,0.37290004596301857,2,0.9331404925997361,0.16138665441819267,2,0,0,0
v3_torso_proxy:v3_left_forearm_proxy,115,1.0000000000000002,0.3999605881242596,0.8727896360240562,0.0,0.008902376849798145,FLAT,0.0,-1,2.4585237582211135,0.030681562245088452,0.8264637628341466,UNLOADING,0.028521213838502483,0.0570590171051439,0.009264171036563434,0.1645169705197491,0.8727896360240562,0.10094572710707495,0,ok,0.06939761528608963,0.5000606879316025,FLAT,0.0,-1,0.04755716280862857,0.022514251921117653,0.034611626666539816,SUPPORT,0.4027277769539752,0.007411643527259943,0.019318937806067048,2.500000000000002,0.001999802940621298,0.6151034221594083,0,staged_v3,0.25002377555413485,2,0.930459889442727,0.22298052315242164,2,0,1,1
v3_torso_proxy:v3_right_forearm_proxy,116,1.0,0.5999605881242598,1.0,0.0,0.006933178061819542,FLAT,0.0,-1,2.4382508676553867,0.08299110499819454,0.8756558525515071,UNLOADING,0.02456991187803149,0.0,0.08803724150144505,0.1884955592153876,1.0,0.08913263458263328,0,ok,0.09375458656384997,0.5141485291268293,FLAT,0.0,-1,0.050492211307294324,0.03036642157383277,0.038006861736138646,SUPPORT,0.4121822215631802,0.011695426439683312,0.015204916647123621,2.500000000000002,0.002999802940621299,0.6181032251000296,0,staged_v3,0.35805245069756103,2,0.8856428218037943,0.2584981737958729,2,0,1,1
v3_torso_proxy:v3_right_forearm_proxy,117,0.38769531250000033,0.79996058812426,0.38769530497150834,0.0,0.005399564503718544,FLAT,0.0,-1,2.3982592811893704,0.057754087593459236,0.8839556643799369,UNLOADING,0.02114943716338009,0.011443695625537612,0.06674031398182141,0.07307884331578471,0.38769530497150834,0.0920539621848533,0,ok,0.019521986235242865,0.5218737723276169,FLAT,0.0,-1,0.054067834367382016,0.002100586645259116,0.04323427026993687,SUPPORT,0.4197457772505441,0.02506112686823773,0.003623499270675513,2.500000000000002,0.0039998029406213,0.6221030280406509,1,staged_v3,0.2772612245112679,2,0.9141729041702348,0.2784395334982043,2,1,1,1
v3_torso_proxy:v3_left_forearm_proxy,118,0.5708107445024581,0.79996058812426,1.0,0.0,0.004205185063740564,FLAT,0.0,-1,2.298557873479898,0.055839415761322855,0.8485470133050722,UNLOADING,0.018219072973969852,0.011587934903930758,0.11121005964480823,0.1884955592153876,1.0,0.08574158074805374,0,ok,0.04979040923543255,0.5254995425778564,FLAT,0.0,-1,0.052257238035626916,0.01620641579849168,0.04988953738672179,SUPPORT,0.4257966218004353,0.011288061070844412,0.023802530906082614,0.0,0.0039998029406213,0.6261028309812722,0,staged_v3,0.15122286463137907,2,0.9494115880694106,0.1471201684739155,2,1,0,0
v3_pelvis_proxy:v3_left_hand_proxy,119,0.7627372438038093,0.79996058812426,0.8613051794752599,0.0,0.0032750014206013272,AIR,0.0,-1,2.2203377572901033,0.008596140073556881,0.7750984150359039,UNLOADING,0.015721570122010288,0.05515878067823832,0.07366910990539709,0.16235220146029888,0.8613051794752599,0.07051701498020549,0,ok,0.03785569225456662,0.530419145289055,FLAT,0.0,-1,0.052502798022901684,0.02694475791241706,0.05813383246085989,SUPPORT,0.43063729744034823,0.0009619337106259382,0.043616131841641474,0.0,0.0039998029406213,0.6301026339218935,0,staged_v3,0.1445085571864556,2,0.9598659840290215,0.14325508583511654,2,1,0,0
v3_pelvis_proxy:v3_left_hand_proxy,120,0.48142731358485547,0.5999605881242598,0.7576906570126826,0.0,0.002550573670924277,AIR,0.0,-1,1.7832226948114605,0.023002257238394535,0.7027093388273389,UNLOADING,0.01358395463786577,0.03713320970297242,0.10198376616453635,0.14282132410588005,0.7576906570126826,0.04782135993617828,0,ok,0.08012311627421918,0.5279008175171095,FLAT,0.0,-1,0.05146427809100029,0.004828989047037127,0.06876699467401454,SUPPORT,0.4345098379522786,0.0236093606866636,0.03900817748400044,-2.500000000000002,0.002999802940621299,0.6331024368625148,0,staged_v3,0.1391168383458641,2,0.9805985133629079,0.12425560147753882,2,0,0,0
v3_pelvis_proxy:v3_left_hand_proxy,121,0.10388195893725076,0.3999605881242596,0.6022879131470393,0.0,0.0019863887721971347,AIR,0.0,-1,1.5464057046765363,0.02677615374673464,0.6466667979757664,UNLOADING,0.01174365499036286,0.030557186152053686,0.1163770898598869,0.11352859699731999,0.6022879131470393,0.04163970488085861,0,ok,0.0890884210691261,0.5291165902321582,FLAT,0.0,-1,0.05264925573639648,0.005588172360142003,0.08492591341368669,SUPPORT,0.43760787036182286,0.023658123310542335,0.03984352684600819,-2.500000000000002,0.001999802940621298,0.6351022398031361,0,staged_v3,0.10379722197646206,2,0.9911605601174348,0.10371012177794632,2,0,0,0
v3_pelvis_proxy:v3_left_hand_proxy,122,0.07177471344195648,0.19996058812425943,0.4361740724051543,0.0,0.001547001131271375,AIR,0.0,-1,1.1669770845999858,0.028538875029774622,0.5997332303935009,UNLOADING,0.010154449012509822,0.026447786489900423,0.125186855495309,0.08221687569326253,0.4361740724051543,0.039120406698846394,0,ok,0.09611865496190485,0.5226157879135676,FLAT,0.0,-1,0.057660197796613695,0.009512300198896966,0.10493701367868079,SUPPORT,0.4400862962894583,0.020734550485037074,0.04244476386696812,-2.500000000000002,0.0009998029406212972,0.6361020427437574,0,staged_v3,0.11096027318830161,2,0.9967655116690005,0.11189970392504615,2,0,0,0
v3_pelvis_proxy:v3_left_hand_proxy,123,0.07932497518980079,3.941187574074689e-05,0.326371022244035,0.0,0.001204805692446496,AIR,0.0,-1,0.9230453176810798,0.028827428989644504,0.5677024216297949,UNLOADING,0.008778218379758599,0.024557692091845242,0.12707266329987382,0.06151948834958709,0.326371022244035,0.039064649119626704,0,ok,0.09795026653105011,0.5008377161731732,FLAT,0.0,-1,0.06878527389519457,0.013608489600334579,0.14247062681197686,SUPPORT,0.44206903703156664,0.018515041740264266,0.04501091019911438,-2.500000000000002,-1.9705937870373447e-07,0.6361018456843787,0,staged_v3,0.11025953458557458,2,0.9997717396012525,0.11178048743881391,2,0,0,0
v3_pelvis_proxy:v3_left_hand_proxy,124,0.13222605726206255,0.20003941187574092,0.4262524623448735,0.0,0.0009383036167262172,AIR,0.0,-1,0.8323543223524582,0.026564291296663337,0.5437787263639893,UNLOADING,0.007585340621375957,0.02562464502153613,0.12389099804129908,0.08034669625663288,0.4262524623448735,0.039590238826182816,0,ok,0.09503371850657719,0.480133330591456,FLAT,0.0,-1,0.0756479594403962,0.029314414159577137,0.20544240476927828,UNLOADING,0.37891631745562854,0.005957706078886783,0.05656615100809132,-2.500000000000002,-0.0010001970593787046,0.635101648625,0,staged_v3,0.10590999736024295,2,1.0015758419815417,0.1076039007548167,2,0,0,0
v3_pelvis_proxy:v3_left_hand_proxy,125,0.13091912347485946,0.4000394118757411,0.257116113955318,0.0,0.0007307515914651093,AIR,0.0,-1,0.9468557920310826,0.02609978497693936,0.4960360922277928,UNLOADING,0.006554330879414465,0.023702019634450285,0.11837258576256073,0.048465245683294994,0.257116113955318,0.03839188250253586,0,ok,0.0959242494618192,0.4816079746217818,FLAT,0.0,-1,0.05536748096183563,0.03520457339623467,0.303207715960192,UNLOADING,0.32478541496196733,0.00495581240177493,0.06085014973557647,-2.500000000000002,-0.0020001970593787055,0.6331014515656213,0,staged_v3,0.09050578971229328,2,1.0081680766638694,0.09131283666401847,2,1,0,0
v3_pelvis_proxy:v3_left_hand_proxy,126,0.1105623717135499,0.6000394118757413,0.26778052310075656,0.0,0.0005691099116637025,AIR,0.0,-1,0.9201926722813353,0.025414173323021313,0.4586813636463579,UNLOADING,0.005662007868257705,0.022519894859296587,0.10843154303116803,0.05047543944886612,0.26778052310075656,0.03976987990540515,0,ok,0.09816168073299968,0.48727930482933934,FLAT,0.0,-1,0.05601652890407033,0.0383924128853797,0.40633383587642047,UNLOADING,0.27838749853882916,0.006924278908441328,0.0622530201100885,-2.500000000000002,-0.0030001970593787064,0.6301012545062425,0,staged_v3,0.09074556717309927,2,1.008480346464052,0.091596547443501,2,1,0,0
v3_pelvis_proxy:v3_left_hand_proxy,127,0.10663915262712763,0.8000394118757415,0.4374293340397071,0.0,0.00044322324485738954,AIR,0.0,-1,0.9000199141475728,0.02620006644987587,0.4151365599511606,UNLOADING,0.004890181754463305,0.019556761547682166,0.09186342378666797,0.08245348693702917,0.4374293340397071,0.04171884695702943,0,ok,0.10096542424020523,0.4939224923988111,FLAT,0.0,-1,0.05391931709708325,0.03980724297009393,0.5070760512791328,UNLOADING,0.238617855890425,0.010546559593862713,0.06145828757857904,-2.500000000000002,-0.004000197059378707,0.6261010574468638,0,staged_v3,0.09158184318638611,2,1.008019566684374,0.09249509075441148,2,1,0,0
v3_pelvis_proxy:v3_left_hand_proxy,128,0.06244071243356485,1.0000000000000009,0.18618419294226007,0.0,0.000345182610170384,AIR,0.0,-1,0.39491954994944517,0.022606705982234524,0.352419759648481,UNLOADING,0.00422351770920559,0.020014282000189527,0.0776582343279291,0.035094893565716934,0.18618419294226007,0.044928756957260535,0,ok,0.10564686167980394,0.446479643899213,FLAT,0.0,-1,0.09488182564077915,0.04100720745192503,0.609939578264578,UNLOADING,0.20452959076322144,0.014489771461303876,0.05893253624324661,-2.499507351553243,-0.0050000000000000044,0.6211010574468638,0,staged_v3,0.09294153875375095,2,1.007094137656475,0.09393014628678185,2,1,0,0
v3_pelvis_proxy:v3_left_hand_proxy,129,0.06993839130869058,1.0000000000000009,0.222970430240707,0.0,0.0002688284871033265,AIR,0.0,-1,0.2023732701950501,0.017213763250475397,0.2964372526830566,UNLOADED,0.0036471777091681445,0.022608099383677437,0.06580687657146035,0.04202893593671764,0.222970430240707,0.0492579776288426,0,ok,0.11010988343545287,0.4030307738090012,FLAT,0.0,-1,0.11072693108727942,0.04651078728861135,0.7097483741280952,UNLOADING,0.17531107779704697,0.013976631417793414,0.060493763504497304,0.0,-0.0050000000000000044,0.6161010574468638,0,staged_v3,0.09464280219591133,2,1.0056556967790775,0.09562085341075625,2,1,0,0
v3_pelvis_proxy:v3_left_hand_proxy,130,0.05326722895105663,1.0000000000000009,0.2521953870436222,0.0,0.00020936383626797176,FLAT,0.0,-1,0.23164107012224444,0.012258023465485667,0.24536239816474678,UNLOADED,0.0031487228683315938,0.025010096442751675,0.05451522829737521,0.04753771051232869,0.2521953870436222,0.054375396125046604,0,ok,0.1159282073175746,0.3138806822443244,FLAT,0.0,-1,0.21884051549567962,0.055402289916653524,0.7920256221178309,UNLOADING,0.15026663811175456,0.009198991189238032,0.059895090358657394,0.0,-0.0050000000000000044,0.6111010574468638,0,staged_v3,0.09663639631131415,2,1.0037047324094766,0.09740122899929557,2,1,0,0
v3_pelvis_proxy:v3_left_hand_proxy,131,0.06314579618245274,1.0000000000000009,0.2972060439823266,0.0,0.0001630527196323298,FLAT,0.0,-1,0.19738767624540177,0.007468190445324114,0.1942481177753291,UNLOADED,0.0027176738922478805,0.027244215443442344,0.04444019694342702,0.05602201946264174,0.2972060439823266,0.059891213463059145,0,ok,0.12386304129111135,0.24445052112286667,FLAT,0.0,-1,0.2917187772053327,0.06221205101051283,0.8272412792715458,UNLOADING,0.12879997552436107,0.014907635782089604,0.051454428181487696,0.0,-0.0050000000000000044,0.6061010574468638,0,staged_v3,0.09835222927259661,2,1.0005677048005062,0.09892613219589855,2,1,0,0
v3_pelvis_proxy:v3_left_hand_proxy,132,0.4162150244876368,1.0000000000000009,0.9999985389288523,0.0,0.012295743550479394,FLAT,0.0,-1,0.13009039615724358,0.04368700721893132,0.15453022930627835,UNLOADED,0.004253275009824829,0.0,0.05752648560764047,0.18849528380996455,0.9999985389288523,0.07219275518576757,0,ok,0.1347304744050677,0.19037825727270155,FLAT,0.0,-1,0.46448003678736854,0.06789676422542745,0.8188195625783368,UNLOADING,0.11039997902088092,0.03341369763867365,0.032527280490243185,0.0,-0.0050000000000000044,0.6011010574468638,0,staged_v3,0.10774130962642114,2,0.9854137552139028,0.0997679401800233,2,0,0,0
v3_pelvis_proxy:v3_left_hand_proxy,133,1.0000000000000002,0.8000000000000007,0.9999999943393305,0.0,0.04344530616868261,FLAT,0.0,-1,0.10826854233031293,0.04506242672014673,0.12475767777814463,LOADING,0.011007654140003317,0.0,0.059820012807484835,0.18849555814837654,0.9999999943393305,0.05266407363223524,0,ok,0.21961330646022792,0.14826673584374936,FLAT,0.0,-1,0.6317124443727069,0.14058800501618096,0.770269574910835,UNLOADING,0.09462855344646937,0.0023208333258226133,0.06119264541971914,2.500000000000002,-0.0040000000000000036,0.5971010574468638,0,staged_v3,0.14787706955595586,2,0.9904330057012428,0.14787706955595586,2,1,1,1
v3_pelvis_proxy:v3_left_hand_proxy,134,0.6996459960937498,0.6000000000000005,0.6765275538420055,0.0,0.08298548202189254,FLAT,0.0,-1,0.09900162221409259,0.004359610167061136,0.10066163716281644,LOADING,0.02373252882016733,0.02567347169107969,0.03376980450644765,0.12752243958606707,0.6765275538420055,0.07009425562327329,0,ok,0.18724409580783305,0.11547024997855314,FLAT,0.0,-1,0.6971107526953958,0.16041923877322228,0.7259286656983037,UNLOADING,0.08111018866840232,0.0,0.07191368154550219,2.500000000000002,-0.0030000000000000027,0.5941010574468638,1,staged_v3,0.2599358731409475,2,0.997549422495564,0.26018507280109915,2,1,1,1
v3_torso_proxy:v3_right_forearm_proxy,135,0.9999999999999999,0.40000000000000036,0.46008422263220206,0.0,0.13208959809820808,FLAT,0.0,-1,0.07950687480236396,0.009014258306009729,0.08318603024415328,LOADING,0.04320634081530836,0.020145043206197935,0.029698212940861224,0.08672383283123382,0.46008422263220206,0.07436792309953767,0,ok,0.2318486984115076,0.08992832110474806,FLAT,0.0,-1,1.2057594012089887,0.18314572209867344,0.6575161016610056,UNLOADING,0.06952301885863056,0.0,0.1049944811740666,2.500000000000002,-0.0020000000000000018,0.5921010574468638,0,staged_v3,0.17687512416218,2,1.002819089866041,0.17687512416218,2,1,1,1
v3_pelvis_proxy:v3_right_hand_proxy,136,0.9999999999999999,0.20000000000000018,1.0000000000000002,0.0,0.1784518382725585,FLAT,0.0,-1,0.07692611731822202,0.007000714279493309,0.07066421071565118,LOADING,0.06773340864630091,0.0215764738509543,0.006956736684828262,0.18849555921538763,1.0000000000000002,0.05936635756265461,0,ok,0.15812674535882415,0.07003624689667454,AIR,0.0,-1,1.3377786848103892,0.11361963767074357,0.5885679025231022,UNLOADING,0.05959115902168334,0.0387914646304449,0.015636930495710206,2.500000000000002,-0.0010000000000000009,0.5911010574468638,0,staged_v3,0.26763002117540585,2,1.0064634029990998,0.17136740720883956,2,0,0,0
v3_pelvis_proxy:v3_right_hand_proxy,137,0.09356689453125008,0.0,0.09356689453125001,0.0,0.21755881598808585,FLAT,0.0,-1,0.07640995449423917,0.001809093505323216,0.061691934958125104,LOADING,0.09501416524955716,0.026275503242583043,0.009144779905035188,0.017636944108715163,0.09356689453125001,0.05755265222454929,0,ok,0.1428216755159126,0.05454428392651238,AIR,0.0,-1,1.6038403603042268,0.11829230087308659,0.5209413718557184,UNLOADING,0.051078136304300005,0.030055668315228632,0.020991400277557293,2.500000000000002,0.0,0.5911010574468638,1,staged_v3,0.2560411450789183,2,1.003583194040725,0.25792680670641227,2,1,1,1
v3_torso_proxy:v3_right_forearm_proxy,138,0.9999999999999999,0.20000000000000018,1.0000000000000002,0.0,0.2549986272685723,FLAT,0.0,-1,0.07123095631779515,0.014699266524280715,0.055263018450755506,SUPPORT,0.16601133219964576,0.01306388439825706,0.09037230142879321,0.18849555921538763,1.0000000000000002,0.02780163920043616,0,ok,0.17943376956175364,0.04247913103403688,AIR,0.0,-1,1.8112361675622766,0.1296443873290005,0.47248484520705936,UNLOADING,0.043781259689400005,0.00010732113093910034,0.04851692112941387,2.500000000000002,0.0010000000000000009,0.5921010574468638,0,staged_v3,0.2653171548813815,2,0.9675149662403472,0.2256657794843505,2,0,0,0
v3_pelvis_proxy:v3_right_hand_proxy,139,0.6748046874999998,0.40000000000000036,0.6748046875,0.0,0.28301933650193334,FLAT,0.0,-1,0.06498705610835179,0.0263329089434383,0.0506564984801605,SUPPORT,0.2228090657597166,0.001199915980569729,0.05288310764122607,0.12719768693147737,0.6748046875,0.009990978541031287,0,ok,0.15477756460053443,0.03308278051350074,AIR,0.0,-1,1.924997458575852,0.0945338316701379,0.45598721383904117,UNLOADING,0.03752679401948572,0.03861155775823952,0.00918780293371255,2.500000000000002,0.0020000000000000018,0.5941010574468638,1,staged_v3,0.37828035001520227,2,1.0199400561386849,0.37061213738023063,2,0,1,1
v3_pelvis_proxy:v3_right_hand_proxy,140,0.356201171875,0.6000000000000005,0.3562011718750001,0.0,0.3145149298545271,FLAT,0.0,-1,0.06244239051970835,0.020267494323083057,0.047789962331254786,SUPPORT,0.26824725260777327,0.007122003793479683,0.039401013469952444,0.06714233908575454,0.3562011718750001,0.009990031176166883,0,ok,0.2180033566725712,0.025764895370093792,FLAT,0.0,-1,2.215972778107729,0.07325964426643512,0.4623891315909512,UNLOADING,0.032165823445273474,0.04207124164563293,0.006048214933914627,2.500000000000002,0.0030000000000000027,0.5971010574468638,1,staged_v3,0.33104390021535285,2,0.9792160529942758,0.32878022153407627,2,0,0,0
v3_pelvis_proxy:v3_right_hand_proxy,141,0.0,0.8000000000000007,0.0,0.0,0.33579594272052227,FLAT,0.0,-1,0.06500734893600245,0.02426749432308306,0.046092481588574444,SUPPORT,0.3045978020862186,0.0030371297563456627,0.04340101346995245,0.0,0.0,0.009990031176166883,0,ok,0.0,0.02006572068998186,FLAT,0.0,-1,2.275913417344915,0.07725964426643513,0.4910982384140292,UNLOADING,0.027570705810234408,0.03950669698678684,0.01004821493391463,2.500000000000002,0.0040000000000000036,0.6011010574468638,1,staged_v3,0.37032316023695655,2,1.0184373636057082,0.371378290898833,2,1,1,1
v3_pelvis_proxy:v3_right_hand_proxy,142,0.0,1.0000000000000009,0.0,0.0,0.33487282776664784,FLAT,0.0,-1,0.07802495200272101,0.029267494323083065,0.044957051512897125,SUPPORT,0.3336782416689749,0.0,0.04840101346995245,0.0,0.0,0.00999003117616687,0,ok,0.0,0.015627198986249962,FLAT,0.0,-1,2.3825389583835275,0.08225964426643513,0.54873953606531,UNLOADING,0.024639453132277334,0.037388761869350876,0.015048214933914634,2.500000000000002,0.0050000000000000044,0.6061010574468638,1,staged_v3,0.4004207994040694,2,0.9929994441479398,0.39751302088861307,2,0,1,1
v3_pelvis_proxy:v3_right_hand_proxy,143,0.0,0.8000000000000007,0.0,0.028284271247461926,0.3340871565001906,FLAT,0.0,-1,0.07790865220013991,0.03326749432308307,0.044143480312707165,SUPPORT,0.3569425933351799,0.0,0.052401013469952455,0.0,0.0,0.00999003117616687,0,ok,0.0,0.012170474807704135,FLAT,0.0,-1,2.429272221909867,0.08625964426643513,0.6297060917833266,UNLOADING,0.021763338782151618,0.03743708965525169,0.019048214933914637,-2.500000000000002,0.0040000000000000036,0.6101010574468638,1,staged_v3,0.13404738285568518,2,1.0006997855577353,0.13583650263261682,2,0,1,1
v3_pelvis_proxy:v3_right_hand_proxy,144,0.0,0.6000000000000005,0.0,0.05656854249492385,0.3381302077385021,FLAT,0.0,-1,0.07681651341661433,0.03626749432308307,0.04356053107438996,SUPPORT,0.37555407466814394,0.0,0.05540101346995246,0.0,0.0,0.009990031176166883,0,ok,0.0,0.009478375310590786,FLAT,0.0,-1,2.4616091006798073,0.08925964426643514,0.7244096475657893,UNLOADING,0.019027454497894163,0.039172267444374825,0.02204821493391464,-2.500000000000002,0.0030000000000000027,0.6131010574468638,1,staged_v3,0.1312755218827225,2,1.000961818427279,0.13273663499458394,2,0,1,1
v3_pelvis_proxy:v3_right_hand_proxy,145,0.0,0.40000000000000036,0.0,0.08485281374238578,0.3344317207885148,FLAT,0.0,-1,0.0771188808516676,0.03826749432308307,0.04314282969266054,SUPPORT,0.39044325973451516,0.0,0.05740101346995246,0.0,0.0,0.009990031176166883,0,ok,0.0,0.007381766114132775,FLAT,0.0,-1,2.4800597209250745,0.09125964426643514,0.8025308835888225,UNLOADING,0.016517485402782393,0.0410783292455265,0.024048214933914642,-2.500000000000002,0.0020000000000000018,0.6151010574468638,1,staged_v3,0.1354954375247027,2,1.0023264281148214,0.13204175129079038,2,0,1,1
v3_pelvis_proxy:v3_right_hand_proxy,146,0.7903482536507116,0.6000000000000005,1.0000000000000002,0.06517957259090726,0.33434166022513434,FLAT,0.0,-1,0.07769222797363028,0.03862221909029452,0.042843533574181476,SUPPORT,0.4023546077876121,0.0,0.03264254347876602,0.18849555921538763,1.0000000000000002,0.011276861759597766,0,ok,0.0,0.005748925230136566,FLAT,0.0,-1,2.4732506526539773,0.00773470413740579,0.8585071952200508,UNLOADING,0.014274049138853799,0.06019065562359675,0.032137222291233114,2.500000000000002,0.0030000000000000027,0.6181010574468638,0,staged_v3,0.14757187538373973,2,1.0040985246445795,0.13773498013735594,2,0,0,0
v3_pelvis_proxy:v3_right_hand_proxy,147,0.28109344022156535,0.5766315539308398,0.943684335771117,0.09383960528193017,0.32962328979908495,FLAT,0.0,-1,0.08108828604280782,0.018432850717877158,0.042629078534158024,SUPPORT,0.4118836862300897,0.008698603208830744,0.02030846887088814,0.1778803065939783,0.943684335771117,0.024565711757749506,0,ok,0.0,0.004477267471049314,FLAT,0.0,-1,2.45106663543552,0.004065228932436359,0.8919244913040483,UNLOADING,0.012304025398946327,0.06553099563276607,0.06069554286958566,-0.2921055758645097,0.002883157769654199,0.620984215216518,0,staged_v3,0.1826052162937898,2,0.9983445547264289,0.15682553584645115,2,0,0,0
v3_pelvis_proxy:v3_right_hand_proxy,148,0.1253395114160689,0.47663155393082857,0.3199666542943746,0.08079325312031098,0.324030912177774,FLAT,0.0,-1,0.08360342915525383,0.012023892399193742,0.04616904474558193,SUPPORT,0.41950694898407176,0.015284559838085354,0.016193366499079632,0.060312293431494746,0.3199666542943746,0.02685901394464435,0,ok,0.0,0.0034868994124733345,FLAT,0.0,-1,2.3988449254647697,0.010319340442477079,0.8660225289525534,UNLOADING,0.010613045479822567,0.057981786005150596,0.07775803750393084,-1.2500000000001399,0.002383157769654143,0.6233673729861722,0,staged_v3,0.1057167133117077,2,1.0227123140726804,0.10740800164248093,2,1,0,0
v3_pelvis_proxy:v3_right_hand_proxy,149,0.1382363650879357,0.2766315539308284,0.2705050366855415,0.06963074235485928,0.32348574815051045,FLAT,0.0,-1,0.08417398970437753,0.011931700567639737,0.05376813506412037,SUPPORT,0.4256055591872574,0.015756706185566283,0.016171905469219858,0.05098899816062008,0.2705050366855415,0.030856235248346242,0,ok,0.0,0.0027155999929254545,AIR,0.0,-1,2.3410644084350816,0.005100600466095455,0.7942379787449058,UNLOADING,0.009176720031771437,0.05961129847114984,0.0872610011945395,-2.500000000000002,0.001383157769654142,0.6247505307558263,0,staged_v3,0.09957609264905196,2,1.0322721806699726,0.10084754530549392,2,1,0,0
v3_pelvis_proxy:v3_right_hand_proxy,150,0.20403634782823946,0.47663155393082857,0.5932504909625407,0.048944824474149766,0.32663351019780884,FLAT,0.0,-1,0.0780998914147518,0.004323413084586397,0.06797243344453142,SUPPORT,0.4304844473498059,0.024075208587640173,0.007198405579257525,0.11182508304878735,0.5932504909625407,0.03754845546253752,0,ok,0.0,0.0021149114009990453,AIR,0.0,-1,2.082171433507212,0.03348140918882985,0.7239297923579783,UNLOADING,0.007949169174320987,0.027715080429069068,0.12266946393851881,2.500000000000002,0.002383157769654143,0.6271336885254805,1,staged_v3,0.10937197682993365,2,0.9997624598018491,0.11008155734447872,2,0,0,0
v3_pelvis_proxy:v3_right_hand_proxy,151,0.34946081674439367,0.2766315539308284,0.6939698195545568,0.04671224033510258,0.33307548852935764,FLAT,0.0,-1,0.07829939551832185,0.01336935370050675,0.09058672099374063,SUPPORT,0.43438755787984473,0.01615998234918028,0.014759344432822815,0.1308102292155378,0.6939698195545568,0.04410904443227609,0,ok,0.0,0.0016470946552246985,AIR,0.0,-1,1.897077850447746,0.006950781101369846,0.6683531733935364,UNLOADING,0.006891609823064523,0.05146687756830698,0.11279391622435014,-2.500000000000002,0.001383157769654142,0.6285168462951346,0,staged_v3,0.12745441865939242,2,0.9922497578391395,0.12496644334863938,2,0,0,0
v3_pelvis_proxy:v3_right_hand_proxy,152,0.10343744945671085,0.07663155393082821,0.38110780096863334,0.03669157315736253,0.3368252796053665,FLAT,0.0,-1,0.07871943374811673,0.012886140846862211,0.11832367664565219,SUPPORT,0.4375100463038758,0.018347270256278962,0.012568913576003647,0.07183712806492917,0.38110780096863334,0.04556699465758718,0,ok,0.0,0.0012827586072817207,AIR,0.0,-1,1.6188414219132141,0.004018551888498455,0.621349907085522,UNLOADING,0.005976482229174458,0.052048943465777646,0.11821954990330948,-2.500000000000002,0.00038315776965414106,0.6289000040647887,0,staged_v3,0.1304703607411157,2,0.9765960803616588,0.12906832671559992,2,0,0,0
v3_pelvis_proxy:v3_right_hand_proxy,153,0.0624645013552182,0.12336844606917197,0.2887544576648873,0.030510145646835737,0.3499275774147448,FLAT,0.0,-1,0.06866306641793338,0.013176894066545812,0.20013576107862358,SUPPORT,0.44000803704310065,0.023365631437179846,0.011641156616751339,0.054428932973478894,0.2887544576648873,0.04665608704918611,0,ok,0.0,0.000999013407842589,AIR,0.0,-1,1.2483722977022482,0.002961251141803377,0.5732081843257594,UNLOADING,0.0051836091601804,0.05069915807448459,0.11969826963313203,-2.500000000000002,-0.0006168422303458598,0.6282831618344429,0,staged_v3,0.13039828833466666,2,0.9612875242827673,0.1292249693828969,2,0,0,0
v3_pelvis_proxy:v3_right_hand_proxy,154,0.05501030327335007,0.32336844606917214,0.1842898888907212,0.02909437628222065,0.369063880071937,FLAT,0.0,-1,0.06734041436763145,0.01386750626754674,0.30968535408986786,SUPPORT,0.4420064296344805,0.029064009153102338,0.01142025855139106,0.03473782566419814,0.1842898888907212,0.04763270815438053,0,ok,0.0,0.000778032424326641,AIR,0.0,-1,1.0699258721151639,0.0029446207950384233,0.5397195840501113,UNLOADING,0.004494252578424852,0.049041358407467144,0.11957505407327006,-2.500000000000002,-0.0016168422303458607,0.626666319604097,0,staged_v3,0.12836434457782842,2,0.9489598179178644,0.1276157546369461,2,0,0,0
v3_pelvis_proxy:v3_right_hand_proxy,155,0.06935643532405293,0.5233684460691723,0.2768499456297109,0.02771597271972364,0.3813013176011097,FLAT,0.0,-1,0.062453779568067955,0.01487924283663456,0.4208559630508072,SUPPORT,0.4436051437075844,0.03390445175055915,0.012138346401981213,0.052184985320222005,0.2768499456297109,0.047939383269156366,0,ok,0.0,0.0006059322613205316,AIR,0.0,-1,0.6858164327424758,0.0028963153291291658,0.5115847144798169,UNLOADING,0.0038944945784239815,0.04768292039486168,0.10790467396682275,-2.500000000000002,-0.0026168422303458616,0.6240494773737512,0,staged_v3,0.11648070691257685,2,0.9406727603817151,0.11476341639229086,2,0,0,0
v3_pelvis_proxy:v3_right_hand_proxy,156,0.7242819142664731,0.5233684460691723,0.999999257631266,0.03334311727089017,0.38292455142658216,FLAT,0.0,-1,0.07393546622303596,0.027595396397314495,0.532415226235271,UNLOADING,0.39904475820911317,0.030710501001684893,0.02091026031007866,0.18849541928217795,0.999999257631266,0.03406374995611541,0,ok,0.0,0.0004719005196046572,AIR,0.0,-1,0.5846586022469002,0.06337769985237277,0.48545198946416185,UNLOADING,0.003372826134868185,0.0,0.14359706778681217,0.0,-0.0026168422303458616,0.6214326351434053,0,staged_v3,0.12043950884928586,2,0.9330749496400607,0.11877328015878298,2,1,0,0
v3_pelvis_proxy:v3_right_hand_proxy,157,0.4959120074610566,0.7233684460691725,0.8479627775332796,0.02517159176210689,0.36991509780407167,FLAT,0.0,-1,0.0850597784143168,0.04639284721378305,0.6469469017225379,UNLOADING,0.35399780703905426,0.017863195271128597,0.0394841498149983,0.15983721794496886,0.8479627775332796,0.0446271236799983,0,ok,0.0,0.00036751649419990986,AIR,0.0,-1,0.4937573697672373,0.010199315700162536,0.4014526766240557,UNLOADING,0.0029224189747298537,0.03487331813104025,0.08312966780034274,-2.500000000000002,-0.0036168422303458625,0.6178157929130594,0,staged_v3,0.21627906125155666,2,0.9313824874221575,0.21771899570214087,2,1,0,0
v3_pelvis_proxy:v3_right_hand_proxy,158,0.11394552154317752,0.9233684460691727,0.22817012907207088,0.02318860007294541,0.34524118908576407,FLAT,0.0,-1,0.09913628841859065,0.05502075483409212,0.7470264007891132,UNLOADING,0.3131101525970045,0.018486644804363017,0.043864675235092646,0.04300905607568717,0.22817012907207088,0.04698907228530885,0,ok,0.0,0.0002862221334745472,AIR,0.0,-1,0.27361958107264345,0.002670091379868925,0.3242642873736443,UNLOADED,0.00253256062367314,0.038543122988813294,0.06635177363825616,-2.500000000000002,-0.004616842230345863,0.6131989506827136,0,staged_v3,0.1821250790476399,2,0.925504550774469,0.1821250790476399,2,1,0,0
v3_pelvis_proxy:v3_right_hand_proxy,159,1.0000000000000002,1.0000000000000009,1.0000000000000002,0.023053647717103627,0.3318089084727833,FLAT,0.0,-1,0.08210425424922105,0.0416942532139013,0.8187364954168548,UNLOADING,0.2753094469423728,0.042512866788636444,0.0234239579822063,0.18849555921538763,1.0000000000000002,0.037327355912657845,0,ok,0.0,0.00022291002168234553,FLAT,0.0,-1,0.1994048006346726,0.05994183767479068,0.2537435203804839,UNLOADED,0.0021945302557273456,0.0,0.07867255264306226,-0.9578944241353526,-0.0050000000000000044,0.6081989506827136,0,staged_v3,0.15902756227838918,2,0.9336984801418293,0.13966511783114408,2,0,0,0
v3_pelvis_proxy:v3_right_hand_proxy,160,1.0,0.8000000000000007,0.9687750341245052,0.07547787913195571,0.25841303774867175,FLAT,0.0,-1,0.31368064381666205,0.071254959453833,0.8403390539540421,UNLOADING,0.24074481410615223,0.02400466157441354,0.04301229112328857,0.18260979181120482,0.9687750341245052,0.053342526038087396,0,ok,0.0,0.004115101461366547,FLAT,0.0,-1,0.14004253723171586,0.0010446641271660258,0.2009374507994573,UNLOADED,0.002413268897369563,0.034002208412806836,0.0637328680695243,2.500000000000002,-0.0040000000000000036,0.6041989506827136,0,staged_v3,0.2867824648582885,2,0.92621567997083,0.2877538757681804,2,1,1,1
v3_pelvis_proxy:v3_right_hand_proxy,161,0.5799945901685258,0.6000000000000005,0.9999903560622635,0.12293372675384609,0.20125227615452607,FLAT,0.0,-1,0.46112538685770993,0.19979419521395364,0.8074922682223785,UNLOADING,0.2069195061895226,0.0,0.08733201374920684,0.18849374137595093,0.9999903560622635,0.034789549373390544,0,ok,0.0,0.012333371597668072,FLAT,0.0,-1,0.13491630155223763,0.035293100744393915,0.1621609456861704,UNLOADED,0.003997291197073903,0.0,0.04118954145644653,2.500000000000002,-0.0030000000000000027,0.6011989506827136,0,staged_v3,0.3660670773559629,2,0.9250895646964521,0.34755464691991284,2,0,0,0
v3_pelvis_proxy:v3_right_hand_proxy,162,0.5029296874999999,0.40000000000000036,0.5029296725332609,0.07305326210453816,0.15673543026404751,FLAT,0.0,-1,0.777982823545193,0.16414410375170668,0.7353109212435587,UNLOADING,0.1773595767338765,0.0,0.06503466841368394,0.09480000987016879,0.5029296725332609,0.04785865614227702,0,ok,0.0,0.02775489850137112,FLAT,0.0,-1,0.12828909434960453,0.004013953972619975,0.13285394843499598,LOADING,0.008011343087069404,0.027628743449129824,0.030820456357953392,2.500000000000002,-0.0020000000000000018,0.5991989506827136,1,staged_v3,0.37430007389472325,2,0.9176676906506996,0.37525678129719664,2,1,1,1
v3_pelvis_proxy:v3_right_hand_proxy,163,6.103515624999675e-05,1.22070312524869e-05,6.103509525317633e-05,0.07305301596202804,0.12206567582467377,AIR,0.0,-1,1.1377613674437939,0.1641438630944189,0.6633357577123994,UNLOADING,0.15271687725593736,0.0,0.06503464831902758,1.1504844411511922e-05,6.103509525317633e-05,0.047859873071625286,0,ok,0.0,0.05869659262645655,FLAT,0.0,-1,0.11138239253231166,0.0040118233008574165,0.11105481649158641,LOADING,0.016844685130384326,0.026540917523721907,0.030819795937256762,4.999847412109348,-6.10351562624345e-08,0.5991988896475573,1,staged_v3,0.15606923694823185,2,0.9162356785143596,0.15765989014570567,2,1,1,1
v3_pelvis_proxy:v3_right_hand_proxy,164,0.027221679687500024,0.1999877929687477,0.02722167011377306,0.06720134563640115,0.09506484391839619,AIR,0.0,-1,1.3385844430709466,0.16585998998547158,0.5927378683006961,UNLOADING,0.13155437771954798,0.0,0.0665005201484247,0.005131163930872457,0.02722167011377306,0.04830250496697694,0,ok,0.0,0.09779719941486253,FLAT,0.0,-1,0.1009372032508781,0.004023050289403366,0.09108326768801431,LOADING,0.03125365028859156,0.02553111309499735,0.031155464349780344,2.500000000000002,0.0009999389648437385,0.600198828612401,1,staged_v3,0.13743086173791516,2,0.9098641287266063,0.13819171435637354,2,1,1,1
v3_pelvis_proxy:v3_right_hand_proxy,165,0.06274414062500003,0.39998779296874787,0.062744140625,0.04473142901635883,0.07403657488620784,AIR,0.0,-1,1.8661220701077774,0.16869209634221716,0.5239292828993856,UNLOADING,0.11358789721320943,0.0,0.06925359162931197,0.011826991874598295,0.062744140625,0.048831073282280174,0,ok,0.0,0.1621880343956641,FLAT,0.0,-1,0.06588939521767372,0.004084474014959212,0.07722153790570253,LOADING,0.05493564522081884,0.024776602880325918,0.03134824675370059,2.500000000000002,0.0019999389648437393,0.6021987675772448,1,staged_v3,0.1474799863558591,2,0.9024563925826222,0.1474799863558591,2,1,1,1
v3_pelvis_proxy:v3_right_hand_proxy,166,0.11224365234375004,0.599987792968748,0.11224365234375,0.02606431962643443,0.05765974249730337,AIR,0.0,-1,2.016729202623599,0.1721247168086497,0.4746257770230561,UNLOADING,0.09930485377410239,0.0,0.07345392800189504,0.02115743001691271,0.11224365234375,0.049419242183008444,0,ok,0.0,0.21349661412288276,FLAT,0.0,-1,0.0659903637482545,0.004258102837112334,0.06708394934378083,LOADING,0.08378339979185398,0.024096094630076708,0.0311750018328079,2.500000000000002,0.0029999389648437402,0.6051987065420885,1,staged_v3,0.1577061012443086,2,0.8960257665357216,0.1577061012443086,2,1,1,1
v3_pelvis_proxy:v3_right_hand_proxy,167,0.6720548948035108,0.49998779296873685,0.9577058597225316,0.14628264505518265,0.04490545260859543,FLAT,0.0,-1,2.3284575221791703,0.0825522986298892,0.45752125851900644,UNLOADING,0.08777041724208966,0.04211830890890196,0.00575775401704837,0.18052330159225216,0.9577058597225316,0.05167625200567891,0,ok,0.0,0.2488022125314812,FLAT,0.0,-1,0.06450236844999963,0.01034420942739982,0.05947519409940783,LOADING,0.11382765036324503,0.01762955027757057,0.03498800312362587,-1.2500000000001399,0.0024999389648436843,0.6076986455069322,0,staged_v3,0.1748924377365126,2,0.8982571054543699,0.1741837311953584,2,1,0,0
v3_pelvis_proxy:v3_right_hand_proxy,168,0.9999999999999999,0.699987792968737,0.7167856199421028,0.1776554880913679,0.03497240165574998,FLAT,0.0,-1,2.486726117516559,0.08472611105541036,0.4652752073630051,UNLOADING,0.07523178620750542,0.0466222448798853,0.0016415154882649568,0.13511090626853495,0.7167856199421028,0.046358657464244155,0,ok,0.0,0.27500305863825963,FLAT,0.0,-1,0.06576794224826436,0.019612835533898185,0.05339975493601354,SUPPORT,0.18106212029059604,0.008057152212902492,0.03881939928585441,2.500000000000002,0.003499938964843685,0.6111985844717759,0,staged_v3,0.27780540988932034,2,0.9080091318693074,0.27900652785904356,2,1,1,1
v3_pelvis_proxy:v3_right_hand_proxy,169,0.905483694651891,0.49998779296873685,0.579197407918469,0.24127036655354517,0.027236533795385782,FLAT,0.0,-1,2.5798364849096127,0.06722690730209607,0.506260826006278,UNLOADING,0.0644843881778618,0.03320834535939986,0.01710469594091404,0.10917613930169479,0.579197407918469,0.06717403459579432,0,ok,0.0,0.29058087310335246,FLAT,0.0,-1,0.06600101827421039,0.004626819562236096,0.04823897092735359,SUPPORT,0.23484969623247684,0.022785128984131587,0.037240630859046435,-2.500000000000002,0.0024999389648436843,0.6136985234366196,0,staged_v3,0.35527227783919263,2,0.9315897948164985,0.35395231288749573,2,0,0,0
v3_pelvis_proxy:v3_left_hand_proxy,170,0.04514598140426878,0.2999877929687367,0.399468707774465,0.31204425986168444,0.02121183384799723,FLAT,0.0,-1,2.7147722191289967,0.05276333329076005,0.5730299231062763,UNLOADING,0.055272332723881545,0.03396001100624012,0.019691485149073696,0.07529807746099604,0.399468707774465,0.0774499365814005,0,ok,0.0,0.30835298185937965,FLAT,0.0,-1,0.06764315810724872,0.014327175167175472,0.04648909538526673,SUPPORT,0.2778797569859815,0.012997279602087866,0.04337156029954245,-2.500000000000002,0.0014999389648436834,0.6151984624014633,0,staged_v3,0.42234885148058193,2,0.9401686461663666,0.4204136525003121,2,0,0,0
v3_pelvis_proxy:v3_left_hand_proxy,171,0.10401074239335065,0.49998779296873685,0.29091123759986326,0.3763458275160189,0.016519792811200775,FLAT,0.0,-1,2.7270703502137925,0.03993019792173427,0.6518570347122925,UNLOADING,0.047376285191898466,0.03319411138413679,0.02439874035147783,0.05483547641342672,0.29091123759986326,0.06800512048499605,0,ok,0.0,0.3191988458741817,FLAT,0.0,-1,0.06821180796292507,0.029342187430579994,0.04882278398913,SUPPORT,0.3123038055887852,0.0,0.047980223821767226,2.500000000000002,0.0024999389648436843,0.6176984013663069,0,staged_v3,0.4763004886551122,2,0.9496505787173942,0.46980817411833425,2,0,0,0
v3_pelvis_proxy:v3_left_hand_proxy,172,0.3126045796380562,0.2999877929687367,0.6196994623766664,0.4328255712454612,0.012865627577540529,FLAT,0.0,-1,2.7355482258043278,0.040959369681410125,0.7351293466275932,UNLOADING,0.040608244450198686,0.020797097649969537,0.04453055335024247,0.11681059670616478,0.6196994623766664,0.060163647696272984,0,ok,0.0,0.33004279510656553,FLAT,0.0,-1,0.06947032803091253,0.0028402256985179232,0.05439777630771847,SUPPORT,0.33984304447102814,0.024879663116868,0.039875136918329855,-2.500000000000002,0.0014999389648436834,0.6191983403311506,0,staged_v3,0.5191881459622455,2,0.955728347906841,0.5188332868246048,2,0,0,0
v3_pelvis_proxy:v3_left_hand_proxy,173,0.09448972553830166,0.0999877929687365,0.2702723621815595,0.4912598757818029,0.010019760832093626,FLAT,0.0,-1,2.685932314694734,0.030901421561762073,0.7772442957151855,UNLOADING,0.03480706667159887,0.032960793223997205,0.05109691771863727,0.050945140049876825,0.2702723621815595,0.055685339187317565,0,ok,0.01577543869144782,0.344300402455283,FLAT,0.0,-1,0.06338137731010655,0.0072478062095264265,0.06415691803347479,SUPPORT,0.36187443557682253,0.020960039692147315,0.04170877656795596,-2.500000000000002,0.0004999389648436825,0.6196982792959943,0,staged_v3,0.11331779813872611,2,0.9594616189340166,0.11366423710769286,2,1,0,0
v3_pelvis_proxy:v3_left_hand_proxy,174,0.2453526278004351,1.220703127469136e-05,0.3338203229998759,0.0,0.007803397582222707,FLAT,0.0,-1,2.657236878545191,0.035282917361310825,0.7652927604656667,UNLOADING,0.029834628575656177,0.027981720661972506,0.06352569193039484,0.06292364846132292,0.3338203229998759,0.05455763521546099,0,ok,0.03794272766132498,0.35429219340275425,FLAT,0.0,-1,0.0633533814332401,0.0009266475290176214,0.07767687906415548,SUPPORT,0.379499548461458,0.027957196424190155,0.03285076138022858,-1.2500000000001399,-6.10351563734568e-08,0.6196982182608379,1,staged_v3,0.11094606036996066,2,0.9606649928747403,0.1121553176089399,2,1,0,0
v3_pelvis_proxy:v3_left_hand_proxy,175,0.1340746885409697,0.20001220703127487,0.539079396425608,0.0,0.006077292147652551,FLAT,0.0,-1,2.4621532366746064,0.01987581687765369,0.720462214637868,UNLOADING,0.025815229177412934,0.04114729385423971,0.06824168093648053,0.1016140722907386,0.539079396425608,0.05067254489876612,0,ok,0.037386378393416644,0.3670116734689918,FLAT,0.0,-1,0.05726350289673925,0.0030107097431038158,0.09492216518836469,SUPPORT,0.3935996387691664,0.026735398516314422,0.036866179138201546,-2.500000000000002,-0.0010000610351563743,0.6186981572256816,0,staged_v3,0.10777951238465214,2,0.9693465766180487,0.1090873115148792,2,1,0,0
v3_pelvis_proxy:v3_left_hand_proxy,176,0.08074307605218954,0.40001220703127505,0.5772274187445783,0.0,0.004732999883545507,FLAT,0.0,-1,2.3069553874105098,0.010601616361767648,0.6777749470475958,UNLOADING,0.022345209457510968,0.048287130990612145,0.07195637350257822,0.108804805090714,0.5772274187445783,0.044847676084403876,0,ok,0.04491928931954503,0.37663852875789394,FLAT,0.0,-1,0.058462144416153015,0.0157982612970346,0.11916779167887556,SUPPORT,0.40487971101533315,0.015160128286909179,0.04729011540589331,-2.500000000000002,-0.0020000610351563752,0.6166980961905252,0,staged_v3,0.12630226240503234,2,0.979129190556433,0.11081761420018076,2,0,0,0
v3_pelvis_proxy:v3_left_hand_proxy,177,0.14626703846088157,0.5500122070312807,0.3859324781670074,0.0,0.0036860640155821087,AIR,0.0,-1,2.054642904999381,0.013979960968119036,0.6484183966681045,UNLOADING,0.019338172720235452,0.04344095886528619,0.08371003292091808,0.07274655829147042,0.3859324781670074,0.04122141850738356,0,ok,0.055970902222703386,0.37925757003266153,FLAT,0.0,-1,0.05864765244514629,0.002063935339543293,0.1460224812434353,SUPPORT,0.41390376881226654,0.030237188722628476,0.03469573522605589,-1.875000000000071,-0.0027500610351564037,0.6139480351553688,1,staged_v3,0.10590456059434455,2,0.9809341847377365,0.10748162451956327,2,1,0,0
v3_pelvis_proxy:v3_left_hand_proxy,178,1.0000000000000002,0.35001220703128055,0.32430339252363194,0.0,0.0028707095417866736,AIR,0.0,-1,1.657195782587597,0.018304322907295393,0.6202909578626036,UNLOADING,0.016731295813111315,0.03771022498583479,0.08148120704003843,0.06112974932918935,0.32430339252363194,0.039161797737849224,0,ok,0.10432286535067016,0.37024790804067265,FLAT,0.0,-1,0.0630553325213747,0.010640662459985621,0.22112325080565282,SUPPORT,0.42112301504981325,0.02541550008029702,0.021096195910002224,2.500000000000002,-0.0017500610351564028,0.6121979741202124,0,staged_v3,0.10421450864181293,2,0.9808990148996624,0.10421450864181293,2,1,1,1
v3_pelvis_proxy:v3_left_hand_proxy,179,0.9780229691105976,0.15001220703128038,0.36651003233161966,0.0,0.0022357108391140154,AIR,0.0,-1,1.467452129701482,0.01292955825416148,0.5900394802398043,UNLOADING,0.014472046865186368,0.041572415757828746,0.10338927803753305,0.06908551350239844,0.36651003233161966,0.038561898020283314,0,ok,0.06950725165874799,0.3600484531371085,FLAT,0.0,-1,0.07102580790714887,0.01577363463733891,0.30997660886838646,UNLOADING,0.3609625843284114,0.02472519580608042,0.037278466419128395,2.500000000000002,-0.0007500610351564019,0.611447913085056,0,staged_v3,0.10030013150932753,2,0.9808288806216748,0.09748216803356805,2,1,1,1
v3_pelvis_proxy:v3_left_hand_proxy,180,0.021400189601931217,0.35001220703128055,0.3649517602293866,0.0,0.001741173352223223,AIR,0.0,-1,0.8409454577452637,0.007810846239014586,0.5363695694667866,UNLOADING,0.012519934591720346,0.044007632234324745,0.084462969040482,0.06879178613107828,0.3649517602293866,0.0450273377893424,0,ok,0.07485958987668193,0.36886480694094054,FLAT,0.0,-1,0.03491766257837705,0.011394648404604746,0.4156718583024104,UNLOADING,0.3138546080035336,0.03438894451051577,0.03813850314253745,-2.500000000000002,-0.0017500610351564028,0.6096978520498996,0,staged_v3,0.10319029508397783,2,0.9911104965557345,0.1035577792024946,2,0,0,0
v3_pelvis_proxy:v3_left_hand_proxy,181,0.07546519193958783,0.5500122070312807,0.26090790898416893,0.0,0.0013560271701745091,AIR,0.0,-1,0.7019578293192584,0.007413217969289131,0.4873879107692474,UNLOADING,0.0108306747815827,0.04195617756917325,0.07225879290368707,0.04917998220768838,0.26090790898416893,0.0485104689987263,0,ok,0.08111662967415721,0.3768694281991533,FLAT,0.0,-1,0.0456804826849986,0.015890792733257112,0.5208135232336917,UNLOADING,0.27176037890047733,0.03514988342842748,0.04093460304278493,-2.500000000000002,-0.0027500610351564037,0.6069477910147432,0,staged_v3,0.10253363128807758,2,0.9984121538816318,0.10315512094710806,2,0,0,0
v3_pelvis_proxy:v3_left_hand_proxy,182,0.08699113953170765,0.7500122070312809,0.5514696795038205,0.0,0.001056075021998009,AIR,0.0,-1,0.47186536376641813,0.013926738409436309,0.41788386092994556,UNLOADING,0.00937125814341,0.031967454637060966,0.06244436354673369,0.10394958562840323,0.5514696795038205,0.052855821850773865,0,ok,0.08710149259893614,0.37806011754100116,FLAT,0.0,-1,0.05413352729656283,0.021731808131242706,0.6274322567062991,UNLOADING,0.23293746762898057,0.034639804704072255,0.04406918510554961,-2.500000000000002,-0.0037500610351564045,0.6031977299795868,0,staged_v3,0.10355030912149353,2,1.003491760248985,0.10319503948293786,2,0,0,0
v3_pelvis_proxy:v3_left_hand_proxy,183,0.1430500464749237,0.9500122070312811,0.256304332510088,0.0,0.0008224720541142005,AIR,0.0,-1,0.2971754443383679,0.007767421715564816,0.34655671088238854,UNLOADED,0.008109283957815386,0.03456041382855461,0.04828467760638295,0.048312228485815685,0.256304332510088,0.04801792338554453,0,ok,0.09735907729885837,0.351853188621694,FLAT,0.0,-1,0.09053386868098089,0.0280991422333367,0.730875851535705,UNLOADING,0.19966068653912622,0.033444650343448554,0.04452676770328403,-2.500000000000002,-0.004750061035156405,0.5984476689444304,0,staged_v3,0.10159837999013588,2,1.017117426145692,0.10159837999013588,2,1,0,0
v3_pelvis_proxy:v3_left_hand_proxy,184,1.0000000000000002,1.0000000000000009,1.0,0.0,0.0006405418797984862,FLAT,0.0,-1,0.22110591123958354,0.0687279074220519,0.2703873757079608,UNLOADED,0.0070175787412544354,0.0,0.06761759663537997,0.1884955592153876,1.0,0.05874722902503998,0,ok,0.08504915770811954,0.3310675229301756,FLAT,0.0,-1,0.09096335784362936,0.01409940496367567,0.8071641211938236,UNLOADING,0.17113773131925106,0.051258801096015515,0.019591851206101192,-0.6248474121089975,-0.0050000000000000044,0.5934476689444304,0,staged_v3,0.13507808957778336,2,1.0104701128594191,0.13247370839841133,2,0,0,0
v3_pelvis_proxy:v3_left_hand_proxy,185,1.0000000000000002,0.8000000000000007,1.0000000000000002,0.0,0.014924346618308153,FLAT,0.0,-1,0.11982212072410199,0.04903845919270159,0.20892510062718944,UNLOADED,0.007975318192860162,0.0,0.06730706668629675,0.18849555921538763,1.0000000000000002,0.03523503896180963,0,ok,0.2318659369517392,0.25783564610753107,FLAT,0.0,-1,0.29531360610828206,0.05418421239050315,0.8353855905555074,UNLOADING,0.14668948398792947,0.03564898407019894,0.031120295457576427,2.500000000000002,-0.0040000000000000036,0.5894476689444303,0,staged_v3,0.2974749987567636,2,1.0299639574473327,0.2979182698770542,2,0,1,1
v3_pelvis_proxy:v3_left_hand_proxy,186,0.26846320337967244,0.6000000000000005,0.57293701171875,0.0,0.04434959401327887,FLAT,0.0,-1,0.10713056161011598,0.04580933793443975,0.1611127061822759,UNLOADED,0.01382111673503098,0.0,0.05918601950537797,0.10799608241911886,0.57293701171875,0.00999107620760846,0,ok,0.14429895357171582,0.20080260309226683,FLAT,0.0,-1,0.38606459260122394,0.04096066045786549,0.8121542000458577,UNLOADING,0.12573384341822527,0.05523917842884106,0.010368531573451831,2.500000000000002,-0.0030000000000000027,0.5864476689444303,1,staged_v3,0.4086885316205742,2,1.06196997582724,0.3910021000549997,2,0,1,1
v3_pelvis_proxy:v3_left_hand_proxy,187,1.0000000000000002,0.40000000000000036,1.0,0.0,0.10743821134739104,FLAT,0.0,-1,0.08032545798445476,0.07134830992404095,0.127162898155795,LOADING,0.02981210479198118,0.0,0.03411315215083365,0.1884955592153876,1.0,0.014842347718416957,0,ok,0.09397513217445672,0.1563852245310339,FLAT,0.0,-1,0.5922341251248634,0.10259339584244945,0.7523759699391968,UNLOADING,0.10777186578705024,0.053358810517864716,0.009259987979095125,2.500000000000002,-0.0020000000000000018,0.5844476689444303,0,staged_v3,0.20318508607424232,2,1.0256992784964512,0.20318508607424232,2,1,1,1
v3_pelvis_proxy:v3_right_hand_proxy,188,0.9999999999999999,0.20000000000000018,1.0000000000000002,0.0,0.1717373058869534,FLAT,0.0,-1,0.07203040338007753,0.023607163345541214,0.10250669152846074,LOADING,0.05467630040327906,0.006518171230881824,0.052022575466914855,0.18849555921538763,1.0000000000000002,0.04888234914380819,0,ok,0.15945617074111232,0.12179293532556668,AIR,0.0,-1,0.8161310068607258,0.11130538678588339,0.7005071381189728,UNLOADING,0.09237588496032878,0.013063732299920063,0.04696162460602858,2.500000000000002,-0.0010000000000000009,0.5834476689444303,0,staged_v3,0.3088831936341835,2,1.0092237825716757,0.20875047702690197,2,0,0,0
v3_pelvis_proxy:v3_left_hand_proxy,189,0.9999999999999997,0.0,1.0000000000000002,0.0,0.23721455543883813,FLAT,0.0,-1,0.06475670252031776,0.06429572750180451,0.08525316055035295,LOADING,0.0871392932944493,0.006341224546124267,0.02292143348139338,0.18849555921538763,1.0000000000000002,0.042452735318505005,0,ok,0.07138389996200392,0.0948524334041163,AIR,0.0,-1,0.9425930848028663,0.14477787857063548,0.6375953133966542,UNLOADING,0.0791793299659961,0.02163306157915685,0.035246704090675866,2.500000000000002,0.0,0.5834476689444303,0,staged_v3,0.44091999573068197,2,0.987369835401866,0.4425056296420214,2,1,1,1
v3_pelvis_proxy:v3_right_hand_proxy,190,0.9981227058450659,0.20000000000000018,1.0000000000000002,0.0,0.28710288118289856,FLAT,0.0,-1,0.06540532464692796,0.01661877588315759,0.07264713274262609,SUPPORT,0.15971143463555945,0.013280905047692321,0.015351451589438986,0.18849555921538763,1.0000000000000002,0.05472883770366026,0,ok,0.10759834618686913,0.07387114941135406,AIR,0.0,-1,1.3620017312225612,0.17654756206909258,0.5742940340003835,UNLOADING,0.0684531637295441,0.0,0.08378338557778546,2.500000000000002,0.0010000000000000009,0.5844476689444303,0,staged_v3,0.5077149778843383,2,1.002743069959187,0.509592712664772,2,1,0,0
v3_pelvis_proxy:v3_left_hand_proxy,191,0.9999999999999999,0.40000000000000036,1.0,0.0,0.3241843901707785,FLAT,0.0,-1,0.061816566887155054,0.05551067266508268,0.06367046131312946,SUPPORT,0.21776914770844757,0.0008952594275510768,0.0272882636381054,0.1884955592153876,1.0,0.038402266955131326,0,ok,0.06256040912503301,0.057530909007947294,AIR,0.0,-1,1.4845442507594235,0.16539934067271392,0.5107136981361768,UNLOADING,0.05867414033960923,0.0,0.05079841572238982,2.500000000000002,0.0020000000000000018,0.5864476689444303,0,staged_v3,0.4880076626465209,2,1.037314142463944,0.48593292863296,2,0,1,1
v3_pelvis_proxy:v3_right_hand_proxy,192,1.0000000000000002,0.6000000000000005,1.0,0.0,0.35308580444267046,FLAT,0.0,-1,0.059693002884490594,0.024826614160111553,0.05710001233927911,SUPPORT,0.2642153181667581,0.003028386456852404,0.03851073878054708,0.1884955592153876,1.0,0.06851274952216896,0,ok,0.16508064719565624,0.044805116986199094,AIR,0.0,-1,1.7468595619299914,0.24595422746669615,0.4833793839300744,UNLOADING,0.050983161233812246,0.0,0.13271509509283066,2.500000000000002,0.0030000000000000027,0.5894476689444303,0,staged_v3,0.4860758671163091,2,1.0176631495732034,0.4873516449254792,2,1,1,1
v3_pelvis_proxy:v3_right_hand_proxy,193,0.9999999999999996,0.8000000000000007,1.0000000000000002,0.0,0.37839062882948116,FLAT,0.0,-1,0.05585172349772641,0.03939817677468445,0.05178215429194173,SUPPORT,0.3013722545334065,0.005720115117254822,0.021868992597342266,0.18849555921538763,1.0000000000000002,0.04925848071323789,0,ok,0.07925989679739345,0.03489426019445776,FLAT,0.0,-1,1.9492020085375736,0.10882202787212855,0.4820164791257393,UNLOADING,0.043699852486124784,0.014852320017231073,0.034248503939055895,2.500000000000002,0.0040000000000000036,0.5934476689444304,0,staged_v3,0.5248466129938028,2,0.9977059631566526,0.5176490392822726,2,0,0,0
v3_pelvis_proxy:v3_right_hand_proxy,194,1.0,1.0000000000000009,0.8202534989900381,0.0,0.3964537234633643,FLAT,0.0,-1,0.050151338033780135,0.016301791784688997,0.047402897898929874,SUPPORT,0.3310978036267252,0.011550022940934969,0.015820121954011526,0.1546141419905056,0.8202534989900381,0.036300528640365204,0,ok,0.1992966576252849,0.027175677164141054,FLAT,0.0,-1,2.061604766704519,0.07871853024758124,0.49926290233750104,UNLOADING,0.037614550354665995,0.026266084876007716,0.023697060240867335,2.500000000000002,0.0050000000000000044,0.5984476689444304,0,staged_v3,0.5891041173526049,2,0.9894222203942293,0.5814142720228905,2,0,0,0
v3_pelvis_proxy:v3_right_hand_proxy,195,0.3515625000000001,1.0000000000000009,0.11884962475626375,0.023234667946395025,0.40848166868510893,FLAT,0.0,-1,0.061985798525844224,0.02034667480234604,0.044745863782198414,SUPPORT,0.35487824290138015,0.02051353633202129,0.00672375685708863,0.02240262648097091,0.11884962475626375,0.04240797891757156,0,ok,0.20885838353032918,0.02116443865592875,FLAT,0.0,-1,2.2350309615998363,0.08900805734503309,0.5476774166124551,UNLOADING,0.032241043161142284,0.020769343346794582,0.031614527483828175,0.0,0.0050000000000000044,0.6034476689444304,1,staged_v3,0.10444837517572089,2,0.9980280709105331,0.10152711397071615,2,1,1,1
v3_pelvis_proxy:v3_right_hand_proxy,196,0.16754150390625008,1.0000000000000009,0.073811016691889,0.031203277015530044,0.4165726684065393,FLAT,0.0,-1,0.05947826550566986,0.02567192708503389,0.043331873102136334,SUPPORT,0.3739025943211041,0.020962868897582723,0.006203724757524096,0.013913048867593925,0.073811016691889,0.04476895363178662,0,ok,0.0,0.016482881398504023,FLAT,0.0,-1,2.260042766118953,0.09485507807373225,0.6190063915631392,UNLOADING,0.02763517985240767,0.01803135767900551,0.037918961899151456,0.0,0.0050000000000000044,0.6084476689444304,1,staged_v3,0.1000769540058125,2,1.0004744776328898,0.09930732418650301,2,1,1,1
v3_pelvis_proxy:v3_right_hand_proxy,197,0.9583895844524567,0.9000000000000119,0.5344650581486549,0.07159587814582169,0.42278115714794906,FLAT,0.0,-1,0.06327600059548541,0.0052233727095661354,0.042728166961309606,SUPPORT,0.3891220754568833,0.021913035638499345,0.013146593808842737,0.10074429001681534,0.5344650581486549,0.041563638959808136,0,ok,0.0,0.012836880940428026,FLAT,0.0,-1,2.294153449652926,0.0438953845831606,0.7075275425769534,UNLOADING,0.02422364474696287,0.02048491993287096,0.03989145719597671,-1.2499999999998623,0.0045000000000000595,0.6129476689444304,1,staged_v3,0.09446057845470385,2,0.9915380799668055,0.09543639554299652,2,1,0,0
v3_pelvis_proxy:v3_right_hand_proxy,198,0.46832275390625017,1.0000000000000009,0.2111489189759115,0.03344171869888509,0.42639507749114824,FLAT,0.0,-1,0.0661506187953871,0.008019243805651513,0.04229559260902159,SUPPORT,0.4012976603655067,0.022840410669744234,0.004274368960706848,0.039800633560089005,0.2111489189759115,0.04772510343931939,0,ok,0.0,0.009997372928599738,FLAT,0.0,-1,2.308564064486678,0.056220026816075366,0.7904343267759276,UNLOADING,0.02106242495286162,0.020642400033989983,0.043879316304806404,1.2499999999998623,0.0050000000000000044,0.6179476689444304,1,staged_v3,0.0994040662427121,2,1.0046580340313929,0.09286219946536878,2,1,1,1
v3_pelvis_proxy:v3_right_hand_proxy,199,0.769922500037346,0.8000000000000007,0.4202876141514164,0.10681078967601414,0.4250789870969786,FLAT,0.0,-1,0.06683758200539983,0.007114468157276916,0.04198563954145605,SUPPORT,0.4110381282924053,0.019984813819795888,0.021220711053990916,0.07922234886077228,0.4202876141514164,0.04623692741831145,0,ok,0.0,0.00778596186545034,FLAT,0.0,-1,2.3133786613999545,0.024321089731897266,0.8498396335134769,UNLOADING,0.01822052751490512,0.04317089194377659,0.06255275420734734,-2.500000000000002,0.0040000000000000036,0.6219476689444304,0,staged_v3,0.09493713975016674,2,1.0002549898380784,0.09636091080764181,2,1,0,0
v3_pelvis_proxy:v3_right_hand_proxy,200,0.6399536132812502,1.0000000000000009,0.308667988177799,0.05034578643003404,0.4222498984628094,FLAT,0.0,-1,0.06753849389065134,0.007227008025288941,0.04176354846373695,SUPPORT,0.41883050263392424,0.023904118128725498,0.0031840592944613515,0.058182545043462874,0.308667988177799,0.05557745102559547,0,ok,0.0,0.006063713197776821,FLAT,0.0,-1,2.2915416721952333,0.031711294200612465,0.8712295870353552,UNLOADING,0.015729141706001086,0.0368501851511553,0.06527289167805608,2.500000000000002,0.0050000000000000044,0.6269476689444304,1,staged_v3,0.09484902926272507,2,0.9980388641694843,0.09435165061554271,2,1,1,1
v3_pelvis_proxy:v3_right_hand_proxy,201,0.5932079856492881,0.8000000000000007,0.378444538856699,0.11711644032089358,0.4206009198220931,FLAT,0.0,-1,0.0695335338240014,0.009231067903771241,0.04443667673784898,SUPPORT,0.4250644021071394,0.01799076593312121,0.022527644799340062,0.07133511498380296,0.378444538856699,0.054678333005377,0,ok,0.0,0.004722424586749001,FLAT,0.0,-1,2.2537101747686044,0.017738599517761505,0.8406848245834692,UNLOADING,0.013589600591062253,0.049295641711411944,0.08558642757156255,-2.500000000000002,0.0040000000000000036,0.6309476689444304,0,staged_v3,0.09007828658352966,2,1.0040645368773138,0.09173494157511894,2,1,0,0
v3_pelvis_proxy:v3_right_hand_proxy,202,0.043025678318890495,0.6000000000000005,0.407498969404239,0.12932401343671207,0.4090554155949818,FLAT,0.0,-1,0.07605921661050925,0.00913559019116568,0.05213130504506876,SUPPORT,0.43005152168571154,0.01847097506108776,0.021166727465793157,0.07681174611754615,0.407498969404239,0.05585770851433636,0,ok,0.0,0.0036778279661557776,FLAT,0.0,-1,2.1900314925776128,0.014350324882940201,0.7744829891470602,UNLOADING,0.011766716616533189,0.049373824574412806,0.09721768499814357,-2.500000000000002,0.0030000000000000027,0.6339476689444304,0,staged_v3,0.08878620702999032,2,1.0053468286078713,0.09013239548061196,2,1,0,0
v3_pelvis_proxy:v3_right_hand_proxy,203,0.10679995409817268,0.40000000000000036,0.8856628196386851,0.1427164517632309,0.39225500454562534,FLAT,0.0,-1,0.07951538285469195,0.008205417071264973,0.06647050139262711,SUPPORT,0.4340412173485692,0.020118107998366386,0.01835545640490969,0.1669435084640709,0.8856628196386851,0.06152766894274969,0,ok,0.0,0.002864295300044032,AIR,0.0,-1,2.029583051603448,0.00875542185064463,0.7088243140620203,UNLOADING,0.010204901835416912,0.051685793852456384,0.1041732959935993,-2.500000000000002,0.0020000000000000018,0.6359476689444304,0,staged_v3,0.096261713266494,2,0.9750332593704588,0.09306796537677131,2,0,0,0
v3_pelvis_proxy:v3_right_hand_proxy,204,0.0509271264657497,0.20000000000000018,0.587865880171648,0.15624646805457812,0.3789583496863917,FLAT,0.0,-1,0.08240432593426873,0.00958245970040697,0.08882059726054525,SUPPORT,0.43723297387885535,0.019858570162620295,0.017799184235856493,0.11081010782660083,0.587865880171648,0.06367138199845496,0,ok,0.0,0.0022307154226220366,AIR,0.0,-1,1.9213406201502508,0.007617988681146815,0.6555299424724509,UNLOADING,0.008856832240351381,0.05015850844247573,0.11412775273824584,-2.500000000000002,0.0010000000000000009,0.6369476689444304,0,staged_v3,0.11117383645116767,2,0.9627547449067824,0.1091560758454599,2,0,0,0
v3_pelvis_proxy:v3_right_hand_proxy,205,0.025262238009668578,0.0,0.3502452171874923,0.16527357300598067,0.3731970244123195,FLAT,0.0,-1,0.07416272859164362,0.012358653039631847,0.11821677065091195,SUPPORT,0.43978637910308427,0.018552185492913754,0.01873145241505436,0.06601966807627124,0.3502452171874923,0.06462207650098134,0,ok,0.0,0.001737282917947502,AIR,0.0,-1,1.5150407570666462,0.007674302381686118,0.6111594389523207,UNLOADING,0.00768807421523165,0.04788366956592992,0.12123720207665106,-2.500000000000002,0.0,0.6369476689444304,0,staged_v3,0.11624662507401358,2,0.9553982067770438,0.1150469747752348,2,0,0,0
v3_pelvis_proxy:v3_right_hand_proxy,206,0.025920746063123862,0.20000000000000018,0.19919647649314587,0.1693785147223186,0.37711680518481083,FLAT,0.0,-1,0.0719414145390473,0.014595217588026173,0.192201901632591,SUPPORT,0.44182910328246744,0.020014877493603377,0.019578119383083584,0.03754765123031034,0.19919647649314587,0.06456975717685928,0,ok,0.0,0.0013529972969140898,AIR,0.0,-1,1.3134522931245156,0.008137568489802818,0.5684529826883556,UNLOADING,0.006673189605614842,0.045285080644614964,0.12455421438224615,-2.500000000000002,-0.0010000000000000009,0.6359476689444304,0,staged_v3,0.11936274989640858,2,0.9523641770205391,0.11840798295253638,2,0,0,0
v3_pelvis_proxy:v3_right_hand_proxy,207,0.009664766136465731,0.40000000000000036,0.6744077293529904,0.16563381446255346,0.38437928844195546,FLAT,0.0,-1,0.06991933174546991,0.03331466577906801,0.28228612946781195,UNLOADING,0.3787106599564007,0.005799640694322587,0.036508254878151805,0.1271228620835717,0.6744077293529904,0.06359549527822103,0,ok,0.0,0.0010537153543301871,AIR,0.0,-1,0.9447624213584833,0.0069498244381874,0.5395950997744481,UNLOADING,0.0057891819066093675,0.045029930550535,0.11839392931069297,-2.500000000000002,-0.0020000000000000018,0.6339476689444304,0,staged_v3,0.11610478541165561,2,0.9504951663202426,0.11533530428382326,2,0,0,0
v3_pelvis_proxy:v3_right_hand_proxy,208,0.06080229558551289,0.6000000000000005,0.30520791226393906,0.16689986839680454,0.3876618836543029,FLAT,0.0,-1,0.06829612895755525,0.03734210796834489,0.3986972137399035,UNLOADING,0.32460913710548633,0.007592752718650286,0.03965973417380147,0.057530336099152146,0.30520791226393906,0.06266109807360598,0,ok,0.0,0.0008206343430867126,AIR,0.0,-1,0.678754278714242,0.006332904440209131,0.4871663437125626,UNLOADING,0.005022277192899487,0.043025412745419,0.1063674244394675,-2.500000000000002,-0.0030000000000000027,0.6309476689444304,0,staged_v3,0.10752067428746212,2,0.9493377079458974,0.10695392292627469,2,0,0,0
v3_pelvis_proxy:v3_right_hand_proxy,209,0.06760250824448936,0.8000000000000007,0.36637693781965225,0.16700212580973917,0.3962159335485288,FLAT,0.0,-1,0.07162606937977985,0.04550608813355955,0.5112732660520841,UNLOADING,0.27823640323327403,0.005057575169044655,0.04722146605757138,0.06906042577793664,0.36637693781965225,0.063458214735652,0,ok,0.0,0.0006391106690112197,AIR,0.0,-1,0.5200871292127982,0.006443196459927283,0.42834952569493645,UNLOADING,0.0043570015820672305,0.03997427982481954,0.09133957114053856,-2.500000000000002,-0.0040000000000000036,0.6269476689444304,0,staged_v3,0.09954290717302028,2,0.9445705455710468,0.09975811226269274,2,1,0,0
v3_pelvis_proxy:v3_right_hand_proxy,210,0.05611211536436869,1.0000000000000009,0.33264392591316866,0.17000788152265656,0.3712686209109888,FLAT,0.0,-1,0.08245320024300469,0.05039554498369764,0.6248877951872233,UNLOADING,0.23848834562852061,0.007582802770136128,0.048661586989225035,0.0627019028346047,0.33264392591316866,0.062253173102812726,0,ok,0.0,0.0004977398894952273,AIR,0.0,-1,0.38782241343758517,0.006083920364177616,0.36653501479682443,UNLOADING,0.003779615754876787,0.03724283037566361,0.07460764913820815,-2.500000000000002,-0.0050000000000000044,0.6219476689444304,0,staged_v3,0.10125761811247169,2,0.9417914092149295,0.10228162363807847,2,1,0,0
v3_pelvis_proxy:v3_right_hand_proxy,211,0.7316293229249994,0.8000000000000007,0.9999999221290978,0.13645846212817056,0.3501527265242972,FLAT,0.0,-1,0.0972186677342586,0.0636235198183435,0.7304875501538363,UNLOADING,0.2044185819673034,0.03262631604574732,0.0288980614619445,0.18849554453706835,0.9999999221290978,0.040681461455348275,0,ok,0.0,0.00038764021570475757,FLAT,0.0,-1,0.2921384648152116,0.05641646618157456,0.29597348240346527,LOADING,0.003278657645771959,0.0,0.08696745052672736,2.500000000000002,-0.0040000000000000036,0.6179476689444304,0,staged_v3,0.15836750052884602,2,0.9453153406656768,0.1584370041774433,2,1,0,0
v3_pelvis_proxy:v3_right_hand_proxy,212,0.9494018554687504,0.6000000000000005,0.9494011630183082,0.21960947219475047,0.32246225124470895,FLAT,0.0,-1,0.10923619525590575,0.06505627741784145,0.8068858910957757,UNLOADING,0.17521592740054576,0.004997273832007612,0.06034702072278118,0.17895790314287538,0.9494011630183082,0.05778672559984775,0,ok,0.0,0.0003018945035408335,FLAT,0.0,-1,0.15088882714116217,0.002220699010101958,0.2349191623095415,LOADING,0.0028432742248992744,0.034525259105375114,0.05908399080466361,2.500000000000002,-0.0030000000000000027,0.6149476689444304,1,staged_v3,0.30968211181772387,2,0.9344949022326433,0.30968211181772387,2,1,1,1
v3_pelvis_proxy:v3_right_hand_proxy,213,0.0001220703125000224,4.88281250099476e-05,4.820128205658057e-05,0.21961605398082693,0.2511338537803474,FLAT,0.0,-1,0.26687517445018477,0.06506261095608805,0.8616276944565667,UNLOADING,0.15018508062903924,0.007729096694263582,0.060352288028564766,9.085727616153783e-06,4.820128205658057e-05,0.057787408464089834,0,ok,0.0,0.01807636912874856,FLAT,0.0,-1,0.1198879881862091,0.002219823564640862,0.1849334793654781,LOADING,0.005221308038214294,0.032026850403633046,0.0590828800875207,7.499389648437382,-2.44140625049738e-07,0.6149474248038054,1,staged_v3,0.2789719609631409,2,0.9257805484972832,0.2789719609631409,2,1,1,1
v3_pelvis_proxy:v3_right_hand_proxy,214,0.5218351482327127,0.20004882812501013,0.5295855303624333,0.1880423296556496,0.19558324197987426,FLAT,0.0,-1,0.3181977929964098,0.08238153013615886,0.8620526523838604,UNLOADING,0.12873006911060506,0.02715355767116226,0.04094907494803077,0.09982452069804448,0.5295855303624333,0.06132060691510363,0,ok,0.0,0.05223613302149336,FLAT,0.0,-1,0.10538448310222737,0.005619753898658095,0.14752139523868457,LOADING,0.013083083589829262,0.026756315863276137,0.048956941342633786,-2.500000000000002,-0.0010002441406250506,0.6139471806631803,0,staged_v3,0.12027478722092703,2,0.925158851764953,0.12180383731474317,2,1,0,0
v3_pelvis_proxy:v3_right_hand_proxy,215,1.0000000000000002,4.88281250099476e-05,0.9999999629169837,0.18870353985941538,0.15232038200957013,FLAT,0.0,-1,0.8376416217675631,0.09448918307515938,0.8115503856233991,UNLOADING,0.11034005923766148,0.05311651389958065,0.012461005381589296,0.1884955522254037,0.9999999629169837,0.03808285043272082,0,ok,0.0,0.08862933512546217,FLAT,0.0,-1,0.1059077595508138,0.06875483676329872,0.11942191506327395,LOADING,0.026075476910662365,0.0,0.09069078097941874,2.500000000000002,-2.44140625049738e-07,0.6139469365225553,0,staged_v3,0.1587441623319431,2,0.9354808116049501,0.1587441623319431,2,1,0,0
v3_torso_proxy:v3_left_forearm_proxy,216,0.9999999999999999,0.19995117187499023,1.0000000000000002,0.3261751905464351,0.11862723278678874,AIR,0.0,-1,0.9879164077689037,0.08807583620176501,0.7353842642387698,UNLOADING,0.09457719363228127,0.05090364169446168,0.010865571517476812,0.18849555921538763,1.0000000000000002,0.06662442232735107,0,ok,0.0,0.13090151124908408,FLAT,0.0,-1,0.09678823028386911,0.024654358009845403,0.09740280552969877,LOADING,0.04449064888959907,0.0052157822666395355,0.09053908892836102,2.500000000000002,0.0009997558593749512,0.6149466923819302,0,staged_v3,0.32062733901302903,2,0.9569364242841355,0.3148631063711539,2,0,1,1
v3_torso_proxy:v3_left_forearm_proxy,217,0.9999999999999999,0.3999511718749904,0.40198102916970296,0.33684974663295697,0.09238698178794491,AIR,0.0,-1,1.3999675048122708,0.14384670414192402,0.6625858662843197,UNLOADING,0.08106616597052681,0.0,0.07040487650018112,0.07577163888732019,0.40198102916970296,0.06661657703235667,0,ok,0.0,0.17887721670520482,FLAT,0.0,-1,0.08348903889266854,0.007472250282844397,0.08035632602316325,LOADING,0.06849317926398432,0.021545566018313766,0.0705373669730026,2.500000000000002,0.001999755859374952,0.6169464482413052,0,staged_v3,0.2972600446070195,2,0.9343671263522956,0.2972600446070195,2,1,1,1
v3_pelvis_proxy:v3_right_hand_proxy,218,1.0000000000000002,0.19995117187499023,0.9999746893287439,0.3556094207812461,0.07195105376205511,AIR,0.0,-1,1.7115409969632567,0.13519061268585614,0.5922005476129462,UNLOADING,0.06948528511759441,0.018270210281248242,0.03633981709939907,0.18849078826625507,0.9999746893287439,0.05450850530835734,0,ok,0.0,0.23513161313700998,FLAT,0.0,-1,0.06927478175873293,0.03929713908056703,0.06814783219033337,LOADING,0.09861612409564878,0.0,0.05341492687278917,-2.500000000000002,0.0009997558593749512,0.6179462041006801,0,staged_v3,0.21491567364476222,2,0.9461204555924955,0.21270982233891408,2,0,0,0
v3_pelvis_proxy:v3_left_hand_proxy,219,0.6472167968750001,0.3999511718749904,0.6472167968750003,0.34612609974853686,0.056035537012701274,AIR,0.0,-1,1.8730398900874676,0.15284222422782012,0.5417672629801931,UNLOADING,0.05955881581508093,0.0,0.0690920149979871,0.12199749206054511,0.6472167968750003,0.053365354864193984,0,ok,0.0,0.28715122200497045,FLAT,0.0,-1,0.06496282270203803,0.0018692029517431647,0.059633953010874305,SUPPORT,0.16889289927651902,0.026112494698800552,0.04083216680719034,2.500000000000002,0.001999755859374952,0.6199459599600551,1,staged_v3,0.36254872310837793,2,0.9564882944331202,0.36384712635676447,2,0,1,1
v3_pelvis_proxy:v3_left_hand_proxy,220,1.0000000000000004,0.5999511718749906,0.9999999686875064,0.3115821590985677,0.043640520105318444,FLAT,0.0,-1,2.2826267645037586,0.15696090390082573,0.5238532226231447,UNLOADING,0.05105041355578365,0.0,0.06603216498956177,0.18849555331312162,0.9999999686875064,0.06109087162385707,0,ok,0.0,0.3288566258387594,FLAT,0.0,-1,0.064115543641688,0.04770002485979129,0.053745197167728354,SUPPORT,0.2251143194212152,0.0,0.04384511171067779,2.500000000000002,0.002999755859374953,0.62294571581943,0,staged_v3,0.47997649850646656,2,0.9434345267960195,0.4797269944491173,2,0,1,1
v3_pelvis_proxy:v3_left_hand_proxy,221,0.9999999999999999,0.3999511718749904,0.6807249382002737,0.34067071510904146,0.033987271231665395,FLAT,0.0,-1,2.3655509957263305,0.09202136995442825,0.5366425321723408,UNLOADING,0.04375749733352884,0.024670381406325444,0.0271617452022916,0.12831362789792075,0.6807249382002737,0.05960889832933483,0,ok,0.0,0.3569455023059971,FLAT,0.0,-1,0.06569958034257355,0.003640529771219582,0.04944653223270203,SUPPORT,0.27009145553697217,0.02383179684041552,0.041078843306749276,-2.500000000000002,0.001999755859374952,0.624945471678805,0,staged_v3,0.5679554780426491,2,0.9509560468815135,0.5672219115867924,2,0,0,0
v3_pelvis_proxy:v3_left_hand_proxy,222,0.053943486158343386,0.19995117187499023,0.34091752134190717,0.39932318832317343,0.02646931344968124,FLAT,0.0,-1,2.5257141166662618,0.08498298012891436,0.5871037743288301,UNLOADING,0.03750642628588187,0.016615225106076437,0.03773996361036507,0.06426143883166663,0.34091752134190717,0.06038144551473276,0,ok,0.0,0.37763569109057027,FLAT,0.0,-1,0.06689760157221421,0.0017658253434576473,0.046000135054170485,SUPPORT,0.3060731644295777,0.02553418140925088,0.03991182569881044,-2.500000000000002,0.0009997558593749512,0.6259452275381799,0,staged_v3,0.6456988915204166,2,0.9541624391185913,0.6449765686280768,2,0,0,0
v3_pelvis_proxy:v3_left_hand_proxy,223,0.2811465482096241,0.35440068009080505,0.5805325328255904,0.46102349734026793,0.02061432204197422,FLAT,0.0,-1,2.6314808477919467,0.06347098391168304,0.6604868291806184,UNLOADING,0.032148365387898746,0.023698898791858505,0.03432544266717242,0.10942780441768502,0.5805325328255904,0.061572028485976926,0,ok,0.0,0.39569920992875396,FLAT,0.0,-1,0.06355655237137627,0.028795634535465624,0.04294624254536761,SUPPORT,0.3348585315436622,0.0,0.051953538669694564,1.9306188526976853,0.0017720034004540253,0.627717230938634,0,staged_v3,0.708970870202802,2,0.9581963852788897,0.7042079412082082,2,0,0,0
v3_pelvis_proxy:v3_left_hand_proxy,224,0.07317142555173803,0.15440068009080488,0.4400573273365352,0.0,0.016054450148775646,FLAT,0.0,-1,2.6921175943385007,0.05376725493105326,0.7450960743616372,UNLOADING,0.027555741761056067,0.018795785874636713,0.04345901784344515,0.08294885200312907,0.4400573273365352,0.05980355871488774,0,ok,0.03711867555404547,0.40464416882935467,FLAT,0.0,-1,0.06299298349751728,0.01563794088112529,0.03986624393969827,SUPPORT,0.35788682523492976,0.011355371315859626,0.04586702486791787,-2.500000000000002,0.0007720034004540244,0.628489234339088,0,staged_v3,0.09863155532032204,2,0.9640428529320707,0.09797057565580274,2,0,0,0
v3_pelvis_proxy:v3_left_hand_proxy,225,0.12554856827708172,0.0455993199091953,0.32929181020444054,0.0,0.012503218347647305,FLAT,0.0,-1,2.7147517823560685,0.03848957641946318,0.8173533560919402,UNLOADING,0.02394544591936912,0.02737809138513384,0.046836867344787286,0.0620700439095333,0.32929181020444054,0.0548748007521313,0,ok,0.06268558754206555,0.41730617502767453,FLAT,0.0,-1,0.06333007740052979,0.012373422953783134,0.039888158318431205,SUPPORT,0.3763094601879438,0.014620984962138428,0.04530402841183788,-2.500000000000002,-0.0002279965995459765,0.628261237739542,0,staged_v3,0.09678771436258105,2,0.9705578231021521,0.09824364837833245,2,0,0,0
v3_pelvis_proxy:v3_left_hand_proxy,226,0.17661930845091417,0.19559931990920099,0.3794158983709168,0.0,0.009737516240060478,FLAT,0.0,-1,2.6810875177662155,0.0325178067707972,0.8540690396679969,UNLOADING,0.020727668658910747,0.035185645212602645,0.05760178295837874,0.07151821193863464,0.3794158983709168,0.04870678181496463,0,ok,0.06974333272642098,0.4238241182328418,FLAT,0.0,-1,0.06325466113228247,0.008763615332132848,0.0436153879568872,SUPPORT,0.3910475681503551,0.018417154065711514,0.03865927087379543,-1.875000000000071,-0.000977996599546005,0.627283241139996,0,staged_v3,0.09574749399700538,2,0.9768921851591993,0.09361381701518762,2,1,0,0
v3_torso_proxy:v3_right_forearm_proxy,227,0.4218796824454725,0.39559931990920116,0.9999858140224347,0.0,0.007583585272929623,FLAT,0.0,-1,2.6080585593285353,0.017446179673002552,0.8432469058307508,UNLOADING,0.01793639462998465,0.049716165618534994,0.05713269424485545,0.18849288522161342,0.9999858140224347,0.08752822218155572,0,ok,0.07067021677060671,0.43431928163141914,FLAT,0.0,-1,0.060113528318534074,0.01739423380062439,0.05073121248509087,SUPPORT,0.40283805452028404,0.01233090463453113,0.015205655989723416,-2.500000000000002,-0.001977996599546006,0.62530524454045,0,staged_v3,0.1909634463914474,2,0.996528653597743,0.12448176924351712,2,0,0,0
v3_torso_proxy:v3_right_forearm_proxy,228,1.0000000000000002,0.19559931990920099,1.0,0.0,0.005906102149046364,FLAT,0.0,-1,2.3903019479081578,0.09527857388986688,0.7846861303215495,UNLOADING,0.015555719069762183,0.0,0.21824940976280113,0.1884955592153876,1.0,0.0796794596724736,0,ok,0.0877319155494332,0.44648963121065455,FLAT,0.0,-1,0.05815108272067512,0.04247949159125476,0.06350186018803658,SUPPORT,0.4122704436162272,0.0027397731741910653,0.025435319835210767,2.500000000000002,-0.000977996599546005,0.624327247940904,0,staged_v3,0.21350763283469065,2,0.9890569667891213,0.21223788519238193,2,1,1,1
v3_pelvis_proxy:v3_left_hand_proxy,229,0.9999999999999999,0.004400680090799192,0.9999997664717407,0.0,0.004599676978577015,AIR,0.0,-1,2.242297125914649,0.03404558323066728,0.7178105150355042,UNLOADING,0.013518899270880114,0.02684494252110793,0.08693501143318057,0.18849551519634777,0.9999997664717407,0.06094699091552025,0,ok,0.09440098297877524,0.45173984241190945,FLAT,0.0,-1,0.05858801817559924,0.04185620066515561,0.08130457379217718,SUPPORT,0.4198163548929818,0.008845067354976435,0.020220161334632426,2.500000000000002,2.2003400453995958e-05,0.624349251341358,0,staged_v3,0.23990128571839844,2,1.0415598129205033,0.24072991216796003,2,0,0,0
v3_pelvis_proxy:v3_left_hand_proxy,230,0.9999999999999999,0.20440068009079937,1.0,0.0,0.003582232032791293,AIR,0.0,-1,1.8521333862774196,0.12830722789873827,0.6712438000427019,UNLOADING,0.01175586808796378,0.0,0.249068727445583,0.1884955592153876,1.0,0.06349049770112497,0,ok,0.20368619836720234,0.4557701024192671,FLAT,0.0,-1,0.05739111555048287,0.009458165682139568,0.1043383279772228,SUPPORT,0.4258530839143854,0.020758750716721574,0.048370762982478624,2.500000000000002,0.0010220034004539968,0.625371254741812,0,staged_v3,0.4111656240625658,2,1.002322500405911,0.4079305321252869,2,0,1,1
v3_pelvis_proxy:v3_left_hand_proxy,231,0.9999999999999999,0.004400680090799192,0.9999869746013366,0.0,0.0027898451122813296,AIR,0.0,-1,1.626718127250616,0.02681855688634066,0.6325929410225197,UNLOADING,0.010222888187926951,0.02981109016478533,0.11587046247344263,0.18849310398558253,0.9999869746013366,0.06039843898958261,0,ok,0.050664900704094275,0.45143164304786204,FLAT,0.0,-1,0.06328352838025633,0.02628199314282135,0.14348318712172303,SUPPORT,0.4306824671315083,0.005892166213264806,0.038309551722415625,-2.500000000000002,2.2003400453995958e-05,0.625393258142266,0,staged_v3,0.4143911880443658,2,0.9964331932447462,0.4157420400033756,2,0,0,0
v3_pelvis_proxy:v3_left_hand_proxy,232,0.44325173230960646,0.19559931990920099,0.5813624253380926,0.0,0.002172733558092631,AIR,0.0,-1,1.2737640159010462,0.013887294099671422,0.5929588032496382,UNLOADING,0.00888881731360963,0.04076064606281049,0.1026725637859357,0.10958423547091778,0.5813624253380926,0.05529335516976955,0,ok,0.0772932805723978,0.4267297380613954,FLAT,0.0,-1,0.07531378526063665,0.004508572809320052,0.20510302933535557,SUPPORT,0.43454597370520665,0.030746578657447732,0.034105964219420234,-2.500000000000002,-0.000977996599546005,0.62441526154272,0,staged_v3,0.26093785942298,2,1.0065727325086151,0.26191707762447203,2,1,0,0
v3_pelvis_proxy:v3_left_hand_proxy,233,0.14263492358599927,0.39559931990920116,0.2377634735404618,0.0,0.0016921265964480608,AIR,0.0,-1,0.9823283658203082,0.012760216604998296,0.5650845547910077,UNLOADING,0.007724119410528852,0.04049401113455209,0.10033473563182824,0.04481735890600236,0.2377634735404618,0.05686393232145617,0,ok,0.0835937544561294,0.42650903468941165,FLAT,0.0,-1,0.05724345535561364,0.0049369904035130386,0.31743318621913696,SUPPORT,0.4376367789641653,0.03593466890744381,0.032953360984978954,-2.500000000000002,-0.001977996599546006,0.622437264943174,0,staged_v3,0.13349556199514287,2,1.0065830845103951,0.13460888580399769,2,1,0,0
v3_pelvis_proxy:v3_left_hand_proxy,234,0.11636602786542827,0.5955993199092013,0.5651889337588704,0.0,0.0013178295183697009,AIR,0.0,-1,0.8558067250667437,0.008739755248000056,0.5423844714272353,UNLOADING,0.0067068251021129505,0.04337946832336172,0.09188651829687905,0.10653560413122692,0.5651889337588704,0.06037644260648503,0,ok,0.08413084877827331,0.44659026396941903,FLAT,0.0,-1,0.048822468120708895,0.020741296107651012,0.4240934333471279,UNLOADING,0.3751172391121417,0.025463375559705383,0.04663059344858157,-2.500000000000002,-0.0029779965995460067,0.619459268343628,0,staged_v3,0.09587650278208522,2,1.006523034073181,0.09758335686509118,2,1,0,0
v3_pelvis_proxy:v3_left_hand_proxy,235,0.12356274189799668,0.7955993199092015,0.39396097594977425,0.0,0.0010263266608609354,AIR,0.0,-1,0.7827836596877755,0.009187474064199033,0.4937524481233778,UNLOADING,0.0058229322817377515,0.040500148341969855,0.07540415795772257,0.07425989447069256,0.39396097594977425,0.062106015205080606,0,ok,0.08894827735273128,0.4462156207074869,FLAT,0.0,-1,0.042764993117966416,0.027263200271106715,0.5302048629315839,UNLOADING,0.3215290620961214,0.024247042875472483,0.05127164620691666,-2.500000000000002,-0.003977996599546008,0.615481271744082,0,staged_v3,0.09621678649651282,2,1.0058533118530615,0.09779846805824792,2,1,0,0
v3_pelvis_proxy:v3_left_hand_proxy,236,0.10911248988003087,0.9955993199092017,0.27857137851207436,0.0,0.0007993040071655566,AIR,0.0,-1,0.5348066079772216,0.009146733105837555,0.41360641950091476,UNLOADING,0.005058042918442226,0.036533587869208184,0.060898699162200295,0.05250946777403487,0.27857137851207436,0.06375781098827243,0,ok,0.09524032583697627,0.451712709033486,FLAT,0.0,-1,0.0566077134332667,0.031271800629310766,0.6349883089339442,UNLOADING,0.27559633893953267,0.025477614817386446,0.05248963759854102,-2.500000000000002,-0.0049779965995460085,0.610503275144536,0,staged_v3,0.09722862020329716,2,1.0053748077255396,0.09868403117054811,2,1,0,0
v3_pelvis_proxy:v3_left_hand_proxy,237,0.9999999999999999,1.0000000000000009,1.0,0.0,0.0006224985866926472,FLAT,0.0,-1,0.2060522198537874,0.052478448673209215,0.3449183252683258,LOADING,0.004393720703906011,0.0,0.06081299555333715,0.1884955592153876,1.0,0.06332974864307958,0,ok,0.054189085922556,0.45932392633296637,FLAT,0.0,-1,0.06758811945236035,0.08220281434169902,0.738052131346155,UNLOADING,0.2362254333767423,0.02405655844773582,0.037846048119571936,-0.055008501134989896,-0.0050000000000000044,0.605503275144536,0,staged_v3,0.21137188785308642,2,1.0034116433376605,0.17552152897394763,2,0,0,0
v3_torso_proxy:v3_right_forearm_proxy,238,0.36821406146103164,0.8000000000000007,0.9984390726961883,0.0,0.0004848023867770765,FLAT,0.0,-1,0.20086382301615718,0.020389266647504848,0.2868580907027121,LOADING,0.0038154367318820217,0.01895363788763076,0.061177195162784734,0.18820133135036105,0.9984390726961883,0.059378253634398526,0,ok,0.10150576524784242,0.3577218335115465,FLAT,0.0,-1,0.15956895629971218,0.06359781592566155,0.8123061503714496,UNLOADING,0.20544229062032157,0.01450113759375772,0.051114169924814754,2.500000000000002,-0.0040000000000000036,0.6015032751445359,0,staged_v3,0.3129592276852752,2,1.0234000508401055,0.2879652628195305,2,0,0,0
v3_torso_proxy:v3_right_forearm_proxy,239,0.17148331333530512,1.0000000000000009,1.0000000000000002,0.0,0.0003775644784568733,FLAT,0.0,-1,0.23068763989956856,0.02205874558307757,0.22069025050322144,LOADING,0.003312408581488177,0.013975766942083502,0.03542284375740118,0.18849555921538763,1.0000000000000002,0.0650035930327514,0,ok,0.12118501827202795,0.2785940440605312,FLAT,0.0,-1,0.18709586520744623,0.03150768457949206,0.8401910455605431,UNLOADING,0.17609339196027562,0.05625582903337217,0.010753723244654987,-2.500000000000002,-0.0050000000000000044,0.5965032751445359,0,staged_v3,0.36473652050627764,2,1.0164209056811893,0.33222969927608575,2,0,0,0
v3_torso_proxy:v3_right_forearm_proxy,240,0.9999999999999999,0.8000000000000007,0.9999999999999999,0.0,0.03231211214904988,FLAT,0.0,-1,0.10687209831867665,0.0525611860152645,0.1726711031274022,LOADING,0.007996475685169962,0.0,0.07040008137463091,0.18849555921538758,0.9999999999999999,0.06642793984287745,0,ok,0.017671877516996386,0.21696925967337116,FLAT,0.0,-1,0.5171371848402071,0.11777352213393993,0.8167989255861483,UNLOADING,0.15093719310880768,0.046180659196037796,0.01965928708326963,2.500000000000002,-0.0040000000000000036,0.5925032751445359,0,staged_v3,0.26975699110815393,2,1.0141954877089772,0.27126303924487255,2,1,1,1
v3_pelvis_proxy:v3_left_hand_proxy,241,0.9999999999999999,0.6000000000000005,1.0000000000000002,0.0,0.06990019723825881,FLAT,0.0,-1,0.10258366617422046,0.06071771005368307,0.13669565501040204,LOADING,0.018466209346419717,0.0,0.13456310838116647,0.18849555921538763,1.0000000000000002,0.04499998684481776,0,ok,0.19477918063025176,0.16897582933604444,FLAT,0.0,-1,0.5956813532865795,0.07908471044912316,0.7521580353305725,UNLOADING,0.1346549342100018,0.035836770966062845,0.026771130800465778,2.500000000000002,-0.0030000000000000027,0.5895032751445359,0,staged_v3,0.2837996135723707,2,1.0340433980342172,0.27284141283103164,2,0,1,1
v3_pelvis_proxy:v3_left_hand_proxy,242,0.36181640625000033,0.40000000000000036,0.36181640625,0.0,0.11821276990261745,FLAT,0.0,-1,0.0915191248427399,0.054602426436359985,0.11080440955686936,LOADING,0.035795822223430945,0.0,0.09891795685397317,0.06820078582939561,0.36181640625,0.029399095799855862,0,ok,0.12445244075243964,0.13159850820705146,FLAT,0.0,-1,0.8248447704922396,0.07139161938074004,0.6746047984679938,UNLOADING,0.1154185150371444,0.05570246623130918,0.0030277736920905117,2.500000000000002,-0.0020000000000000018,0.5875032751445359,1,staged_v3,0.37793921644914713,2,1.0697556810004099,0.3708867947755832,2,0,1,1
v3_pelvis_proxy:v3_left_hand_proxy,243,0.0,0.0,0.0,0.0,0.17212410698603536,FLAT,0.0,-1,0.08181891738725951,0.054602426436359985,0.09147336289928039,LOADING,0.0599125249955422,0.0,0.09891795685397317,0.0,0.0,0.029399095799855862,0,ok,0.12445244075243964,0.10248902124268038,AIR,0.0,-1,1.1197293545570866,0.07139161938074004,0.6008124888422116,UNLOADING,0.09893015574612377,0.052012850750020066,0.0030277736920905117,5.000000000000004,0.0,0.5875032751445359,1,staged_v3,0.20779657587864722,2,1.067414218115421,0.18779321702093718,2,1,1,1
v3_pelvis_proxy:v3_left_hand_proxy,244,0.9999999999999997,0.20000000000000018,0.9999977935927522,0.0,0.22961720727271318,FLAT,0.0,-1,0.07416884575947805,0.04118406719555103,0.07727606218532002,LOADING,0.09030467873337125,0.0,0.05452657715567923,0.18849514331741957,0.9999977935927522,0.06930942190261766,0,ok,0.1318025946918723,0.07981853000002133,AIR,0.0,-1,1.2677808171568574,0.10310069751308923,0.5297150013383838,UNLOADING,0.08479727635382037,0.02370105044111657,0.027784699625802618,2.500000000000002,0.0010000000000000009,0.5885032751445359,0,staged_v3,0.22049687278422447,2,1.0424061995829317,0.22075885295371345,2,0,0,0
v3_pelvis_proxy:v3_left_hand_proxy,245,0.6716918945312497,0.40000000000000036,0.6716918945312501,0.0,0.27880580752412076,FLAT,0.0,-1,0.070955446081759,0.0033332321145289378,0.06666456934357551,SUPPORT,0.162243742986697,0.02499999635264984,0.03742265705748647,0.12661093928011113,0.6716918945312501,0.04213267731629644,0,ok,0.10327927003409736,0.062162733667625036,AIR,0.0,-1,1.6696767231187497,0.13136490805754525,0.4787714254387624,UNLOADING,0.07268337973184603,0.011343690058890347,0.03759488121304778,2.500000000000002,0.0020000000000000018,0.5905032751445359,1,staged_v3,0.39366503582417084,2,1.0579729999775982,0.3917778800779008,2,0,1,1
v3_pelvis_proxy:v3_left_hand_proxy,246,0.27294921874999994,0.6000000000000005,0.1972980681385031,0.0,0.31887308089835553,FLAT,0.0,-1,0.06413474712116161,0.00257810762713082,0.058391026586674305,SUPPORT,0.2197949943893576,0.025341443702202898,0.0285465129218816,0.037189809685882785,0.1972980681385031,0.044328145249893425,0,ok,0.13291123874954394,0.04841238565820556,AIR,0.0,-1,1.7887319295331061,0.13128974848424235,0.4604917454114906,UNLOADING,0.06230003977015375,0.005542363184887961,0.042482224085686575,2.500000000000002,0.0030000000000000027,0.5935032751445359,1,staged_v3,0.5275558368638158,2,1.0481212405839007,0.5247167342011145,2,0,0,0
v3_pelvis_proxy:v3_left_hand_proxy,247,1.0000000000000002,0.8000000000000007,0.606368802917159,0.0,0.35518894988919464,FLAT,0.0,-1,0.05738518200083506,0.0325495998412057,0.0518122076003652,SUPPORT,0.26583599551148607,0.0,0.07671475968175273,0.11429782659663504,0.606368802917159,0.07159189379971387,0,ok,0.2162625332536658,0.03770360386096534,FLAT,0.0,-1,2.0334602514167686,0.04023380266203139,0.4656167695020793,UNLOADING,0.05340003408870321,0.03308149301253107,0.0151993454625729,2.500000000000002,0.0040000000000000036,0.5975032751445359,0,staged_v3,0.6406041038445095,2,1.0387940159756126,0.6315801040906492,2,0,1,1
v3_torso_proxy:v3_right_forearm_proxy,248,0.9793701171875,1.0000000000000009,0.9793701171875001,0.0,0.3839606994087327,FLAT,0.0,-1,0.05758651624719847,0.010315540390857032,0.04693055755784291,SUPPORT,0.30266879640918887,0.019827402091497134,0.007519125786395013,0.18460691791809752,0.9793701171875001,0.07538336804607745,0,ok,0.13047019303637455,0.029363596211533855,FLAT,0.0,-1,2.18562994216193,0.06857523886174775,0.49493720814823167,UNLOADING,0.045771457790317036,0.02986619303171528,0.01988066737569631,2.500000000000002,0.0050000000000000044,0.6025032751445359,1,staged_v3,0.7209556272922606,2,1.031317375245923,0.7183992484872418,2,0,1,1
v3_torso_proxy:v3_right_forearm_proxy,249,0.49694210577036746,1.0000000000000009,0.3737418011189397,0.0,0.40568942943886066,FLAT,0.0,-1,0.05290276205091621,0.024656523495623136,0.04374776961836309,SUPPORT,0.3321350371273511,0.00253086498529502,0.028432556517138045,0.07044866980408071,0.3737418011189397,0.0722398332684809,0,ok,0.25488829962885906,0.022868391723335105,FLAT,0.0,-1,2.275455963456616,0.03672625499841274,0.5537869612061537,UNLOADING,0.03923267810598603,0.03193104777589613,0.020758300284411554,0.0,0.0050000000000000044,0.607503275144536,0,staged_v3,0.778853875155302,2,1.0300479196333328,0.7776015106504955,2,0,0,0
v3_torso_proxy:v3_right_forearm_proxy,250,0.168302083433151,0.8999999999999897,0.30081646636434656,0.03137725675240106,0.4155266902185265,FLAT,0.0,-1,0.06752791892100476,0.014860934778989737,0.04222459368154716,SUPPORT,0.35570802970188087,0.012250294905087621,0.027665347163224163,0.056702568048544344,0.30081646636434656,0.07158717535282695,0,ok,0.31354772843863105,0.017809921381717015,FLAT,0.0,-1,2.3486122683031225,0.035453016056856385,0.6352051231636161,UNLOADING,0.033628009805130886,0.023805557593337356,0.032954698564843454,-1.2500000000001399,0.0044999999999999485,0.6120032751445359,0,staged_v3,0.12064710563385167,2,1.0293788303395583,0.12222616653042333,2,1,0,0
v3_torso_proxy:v3_right_forearm_proxy,251,0.06794718663363736,0.8499999999999952,0.25581794774097316,0.04561672303428533,0.42652461351470106,FLAT,0.0,-1,0.0653491880307017,0.010413250082968156,0.04113319043130598,SUPPORT,0.3745664237615047,0.016643409438597146,0.02404185782352313,0.04822054711676754,0.25581794774097316,0.07136584975229335,0,ok,0.0,0.013870380718521369,FLAT,0.0,-1,2.362310323525446,0.03033726355096651,0.7279034379777906,UNLOADING,0.028824008404397902,0.03105790834792302,0.04406086174842076,-0.6249999999999312,0.004249999999999976,0.6162532751445359,0,staged_v3,0.11703050264488028,2,1.0262589871077397,0.1186724264905753,2,1,0,0
v3_torso_proxy:v3_right_forearm_proxy,252,0.0405447689344405,0.649999999999995,0.1950949151740923,0.060468235220471324,0.4296819255095161,FLAT,0.0,-1,0.06896463990144906,0.007974623189814092,0.04035116583004617,SUPPORT,0.38965313900920373,0.019042935101688217,0.021317199297814404,0.036774525135819136,0.1950949151740923,0.07144407607995436,0,ok,0.0,0.010802263365082958,FLAT,0.0,-1,2.373935645823013,0.024492010364366205,0.805034293811604,UNLOADING,0.025007160190256266,0.04075970432621399,0.05485212069616753,-2.500000000000002,0.003249999999999975,0.6195032751445358,0,staged_v3,0.11298885963099412,2,1.0269109673850576,0.11395358732473704,2,1,0,0
v3_torso_proxy:v3_right_forearm_proxy,253,0.026290851890127243,0.44999999999999485,0.23255994528626767,0.07526661474746835,0.4335130694603504,FLAT,0.0,-1,0.06511028011894608,0.006141307261820519,0.03979082071760454,SUPPORT,0.40172251120736296,0.02084823377405971,0.018526762262053104,0.04383651693783497,0.23255994528626767,0.07163085892165821,0,ok,0.0,0.008412811167670156,FLAT,0.0,-1,2.3527590117814796,0.018157971524239612,0.8603009670278843,UNLOADING,0.02160260324660545,0.0498570768271546,0.06510315051847984,-2.500000000000002,0.0022499999999999742,0.6217532751445358,0,staged_v3,0.10862473916289465,2,1.0263729687743617,0.1097489612308103,2,1,0,0
v3_torso_proxy:v3_right_forearm_proxy,254,0.03778497748665944,0.24999999999999467,0.29536867745957296,0.09019404365550464,0.44260894968859843,FLAT,0.0,-1,0.062187262320627094,0.0052508310069794804,0.03938931589981312,SUPPORT,0.4113780089658904,0.021718634788011178,0.01612150935105356,0.055675684032451656,0.29536867745957296,0.07187552746173795,0,ok,0.0,0.006551903925213378,FLAT,0.0,-1,2.331059257169588,0.011000366876403624,0.8714517663848582,UNLOADING,0.018636836450862143,0.057572221442839286,0.07373155272419117,-2.500000000000002,0.0012499999999999734,0.6230032751445358,0,staged_v3,0.10457403140834054,2,1.025155656833932,0.10590064083363313,2,1,0,0
v3_torso_proxy:v3_right_forearm_proxy,255,0.04570599924312451,0.04999999999999449,0.3283651158799773,0.1046755820010186,0.4370056041841877,FLAT,0.0,-1,0.06918216302534134,0.00499740227251564,0.039101625126519345,SUPPORT,0.4191024071727123,0.02195767898381033,0.013938979196007326,0.06189536614462188,0.3283651158799773,0.07209002518988716,0,ok,0.0,0.00510262790756479,FLAT,0.0,-1,2.2588484973176626,0.004648185768975279,0.8372552981912753,UNLOADING,0.016093063480347197,0.0622145791405885,0.08162647752756091,-2.500000000000002,0.00024999999999997247,0.6232532751445358,0,staged_v3,0.10083327365103106,2,1.024846888954055,0.10232876925449022,2,1,0,0
v3_torso_proxy:v3_right_forearm_proxy,256,0.024757442058572072,0.04771728515624574,0.08945883538310195,0.10955240498650694,0.43394552064922615,FLAT,0.0,-1,0.07140510457058946,0.004269511737802288,0.042325344207564924,SUPPORT,0.42528192573816986,0.02284675547257596,0.012692675556163704,0.016862593202295106,0.08945883538310195,0.07209004798390549,0,ok,0.0,0.0039739306101334625,AIR,0.0,-1,2.1620595726707132,0.005145787533961239,0.7623169675188138,UNLOADING,0.013928988108624217,0.05797006084197946,0.08581947227552755,-1.2214660644530029,-0.00023858642578122868,0.6230146887187545,1,staged_v3,0.09808794209592442,2,1.0310091559403733,0.09808794209592442,2,1,0,0
v3_torso_proxy:v3_right_forearm_proxy,257,0.058471679687499986,0.15228271484375444,0.058470881932375485,0.11038310947492845,0.42464062941408215,FLAT,0.0,-1,0.07674884308556323,0.004193406733044715,0.05017722463859538,SUPPORT,0.4302255405905359,0.023315454498885054,0.011878716909705841,0.01102150158766002,0.058470881932375485,0.07188367674878475,0,ok,0.0,0.0030949002710433664,AIR,0.0,-1,2.003850868534153,0.008857922282425618,0.6818839914628646,UNLOADING,0.012079780853255732,0.05023627729071761,0.08953085677197581,2.500000000000002,0.0007614135742187722,0.6237761022929733,1,staged_v3,0.11455813504050219,2,1.0271374749479478,0.11319665663887672,2,1,1,1
v3_pelvis_proxy:v3_right_hand_proxy,258,0.08204795098747196,0.031203795969481085,0.5141981287969848,0.10944730229192584,0.4230447856589078,FLAT,0.0,-1,0.07071799419899462,0.006126893137861283,0.06472634983622276,SUPPORT,0.4341804324724287,0.022109424353949858,0.011211642617108714,0.09692406383509355,0.5141981287969848,0.07215253933422547,0,ok,0.0,0.002410310754616477,AIR,0.0,-1,1.716478711033652,0.002784534866306411,0.6154173846968736,UNLOADING,0.010486521247605435,0.052986334368537266,0.10209267121365043,-2.293581385165444,-0.00015601897984740543,0.6236200833131259,1,staged_v3,0.12514207282465048,2,1.0082847563631452,0.12120293690897144,2,0,0,0
v3_pelvis_proxy:v3_right_hand_proxy,259,0.0,0.0,0.0,0.10944730229192584,0.42937231518379454,FLAT,0.0,-1,0.06867599813286648,0.006126893137861165,0.08518353314762425,SUPPORT,0.43734434597794297,0.02313228351952005,0.011211642617108584,0.0,0.0,0.07215253933422552,0,ok,0.0,0.001877151903140741,AIR,0.0,-1,1.5681007319914348,0.002784534866306217,0.5604284309555545,UNLOADING,0.009106324299004421,0.050236886681471506,0.10209267121365026,0.39004744961851356,0.0,0.6236200833131259,1,staged_v3,0.13492244742320786,2,1.000282869360995,0.13084417897056627,2,0,0,0
v3_pelvis_proxy:v3_right_hand_proxy,260,0.04703903562436339,0.20000000000000018,0.4981593555811727,0.10049310123807097,0.4224038235775665,FLAT,0.0,-1,0.07070573710827484,0.009393469952331545,0.11189090118851965,SUPPORT,0.4398754767823544,0.02120107510709444,0.009404848176669707,0.09390082630865026,0.4981593555811727,0.07055128356024062,0,ok,0.0,0.0014619273721099872,AIR,0.0,-1,1.0703637634552867,0.004855424111082409,0.526905093181096,UNLOADING,0.007904225169701557,0.04648983054797239,0.12269655979236552,-2.500000000000002,-0.0010000000000000009,0.6226200833131259,0,staged_v3,0.1332445051799706,2,1.0058976948977623,0.1304628693053306,2,0,0,0
v3_pelvis_proxy:v3_right_hand_proxy,261,0.004852165680144308,0.40000000000000036,0.4695375137532892,0.10608120935763006,0.4255334652583743,FLAT,0.0,-1,0.06874026721859496,0.01817582526891527,0.160851005600763,SUPPORT,0.4419003814258835,0.014866725011122878,0.0206016629870766,0.088505736227529,0.4695375137532892,0.07004979954801335,0,ok,0.0,0.0011385501821927792,AIR,0.0,-1,0.9357309434600053,0.007897653326340407,0.5053854038315215,UNLOADING,0.006855499222398882,0.042371616865235676,0.1250746997225306,-2.500000000000002,-0.0020000000000000018,0.6206200833131259,0,staged_v3,0.12360796822891891,2,0.990778839503802,0.12357908072562042,2,0,0,0
v3_pelvis_proxy:v3_right_hand_proxy,262,0.6241027963889236,0.40000000000000036,0.9999931409505779,0.12605520204159174,0.4289118478730994,FLAT,0.0,-1,0.06800141639484791,0.020569034144385854,0.2303423000223857,UNLOADING,0.37877175550790015,0.020585526014184053,0.015931588986935235,0.1884942663150311,0.9999931409505779,0.04960054097854505,0,ok,0.0,0.0008867037734578272,AIR,0.0,-1,0.6759154124579783,0.06512882887682703,0.4886577408038893,UNLOADING,0.005940914920735847,0.0,0.1589203761660186,0.0,-0.0020000000000000018,0.6186200833131259,0,staged_v3,0.14278479832439775,2,0.9862734263980975,0.13174171216246683,2,1,0,0
v3_pelvis_proxy:v3_right_hand_proxy,263,0.4154280169320219,0.6000000000000005,0.7315748976188121,0.1295144376099242,0.4264307638675101,FLAT,0.0,-1,0.07263575655387222,0.029038416560317803,0.3383696538045485,UNLOADING,0.32466150472105726,0.016392476105677393,0.02552600658455003,0.1378986194345979,0.7315748976188121,0.05452099457251694,0,ok,0.0,0.0006905655931213254,AIR,0.0,-1,0.6171031342420574,0.008473241509273699,0.44511422238098763,UNLOADING,0.005146953507221592,0.03878246960977569,0.10659695463645813,-2.500000000000002,-0.0030000000000000027,0.6156200833131259,0,staged_v3,0.21218102518264953,2,0.9849062189562569,0.21218102518264953,2,1,0,0
v3_pelvis_proxy:v3_right_hand_proxy,264,0.17695116130458588,0.8000000000000007,0.9999663125365852,0.1459433283120871,0.42799067307120287,FLAT,0.0,-1,0.07868106611949938,0.029913978854006477,0.44385153991987314,UNLOADING,0.2782812897609062,0.021113456823154977,0.026079120172838685,0.18848920927813267,0.9999663125365852,0.06515654987228847,0,ok,0.0,0.0005378130246850573,AIR,0.0,-1,0.5617520687713352,0.02537800387371636,0.39530059935964396,UNLOADING,0.0044581337510018835,0.01938702609426584,0.10205432695369296,-2.500000000000002,-0.0040000000000000036,0.6116200833131259,0,staged_v3,0.24730428234369659,2,0.9683574461520739,0.21214564021069665,2,0,0,0
v3_pelvis_proxy:v3_right_hand_proxy,265,1.0,0.6000000000000005,1.0,0.229113097633632,0.3973374931587812,FLAT,0.0,-1,0.08485112727870751,0.13127572927927056,0.5527215713040552,UNLOADING,0.23852681979506246,0.0,0.08641621206706192,0.1884955592153876,1.0,0.07227166605769292,0,ok,0.0,0.00041884920477072344,AIR,0.0,-1,0.39242360337672155,0.026862536100475398,0.34020916993957956,UNLOADED,0.0038607364814995894,0.015147922396503581,0.06753717599826244,2.500000000000002,-0.0030000000000000027,0.6086200833131259,0,staged_v3,0.15861406187744823,2,0.9566911304494029,0.15713671394373424,2,0,1,1
v3_pelvis_proxy:v3_right_hand_proxy,266,0.9999999999999999,0.8000000000000007,0.5802189600481161,0.17189468730810853,0.38074405666132627,FLAT,0.0,-1,0.09056109080117741,0.03423726636019813,0.6574792115618504,UNLOADING,0.20445155982433927,0.0380686467512929,0.019805313826799616,0.10936869734164029,0.5802189600481161,0.07403950416111435,0,ok,0.0,0.0003262000886642746,FLAT,0.0,-1,0.28946960736935645,0.003920917445191721,0.27264314412289437,UNLOADED,0.003343097537125031,0.034711239760953,0.04957765336963835,-2.500000000000002,-0.0040000000000000036,0.6046200833131259,0,staged_v3,0.2346688608239954,2,0.9565792192475584,0.21642338470432007,2,0,0,0
v3_pelvis_proxy:v3_right_hand_proxy,267,0.643525357526742,1.0000000000000009,0.9999976342375355,0.17098783325301095,0.3688310528006685,FLAT,0.0,-1,0.0994656458381276,0.12941947371935272,0.754573130561645,UNLOADING,0.17524419413514794,0.0,0.06933210241657747,0.1884951132796689,0.9999976342375355,0.04257655911008956,0,ok,0.0,0.01126676639712679,FLAT,0.0,-1,0.1274923089508011,0.03416567725332161,0.2167595474249236,UNLOADED,0.004439395472088675,0.0016723001179245675,0.07640068110092937,-2.500000000000002,-0.0050000000000000044,0.5996200833131259,0,staged_v3,0.24409344014741166,2,0.9574258550061201,0.20350884259773996,2,0,0,0
v3_pelvis_proxy:v3_right_hand_proxy,268,0.5928344726562499,0.8000000000000007,0.59283447265625,0.203316598160113,0.28724591274221134,FLAT,0.0,-1,0.22587628126766912,0.09770924000985504,0.8146580246963144,UNLOADING,0.15020930925869824,0.01122669148981615,0.05450620974499958,0.11174666544549926,0.59283447265625,0.05705007261533024,0,ok,0.0,0.03436828081324497,FLAT,0.0,-1,0.11432481450348667,0.0015340844963841966,0.1720377563936491,UNLOADED,0.009242644155876422,0.03206780332329826,0.05317546830565424,2.500000000000002,-0.0040000000000000036,0.5956200833131259,1,staged_v3,0.2628398670837352,2,0.9726551385787626,0.2636821962201982,2,1,1,1
v3_pelvis_proxy:v3_right_hand_proxy,269,6.103515624999168e-05,3.66210937574607e-05,5.357227964642706e-05,0.20332374623161192,0.22370734177769463,FLAT,0.0,-1,0.2585416815085745,0.09770755465353573,0.8120943926055307,UNLOADING,0.12875083650745564,0.01109886250639832,0.05450585712387821,1.0098136810396396e-05,5.357227964642706e-05,0.057051357847810846,0,ok,0.0,0.06502924763423733,FLAT,0.0,-1,0.10737313729159144,0.0015327606751495354,0.13901320493449865,LOADING,0.018591980025925704,0.030417899571575403,0.05317429825190048,9.99954223632804,-1.831054687873035e-07,0.5956199002076571,1,staged_v3,0.14317880515169262,2,0.9782769793979895,0.13646460375864414,2,1,1,1
v3_pelvis_proxy:v3_right_hand_proxy,270,0.17034912109374992,0.19996337890624272,0.1619660231454184,0.1835552938891187,0.17422345295529099,FLAT,0.0,-1,0.70323833578505,0.08758210526210608,0.7896279746582525,UNLOADING,0.11035785986353341,0.022794437823694808,0.04168696090921782,0.03052987610668805,0.1619660231454184,0.05807334752330964,0,ok,0.0,0.09602716225239172,FLAT,0.0,-1,0.11107234389412833,0.00042031849753060724,0.11469212539707578,LOADING,0.031876304604303574,0.030314287772323183,0.053561327114159125,2.500000000000002,0.0009998168945312136,0.5966197171021883,1,staged_v3,0.11103159713684414,2,0.9284706908197571,0.11103159713684414,2,1,1,1
v3_torso_proxy:v3_left_forearm_proxy,271,0.5571239225118363,0.3999633789062429,1.0000000000000002,0.20797047839940203,0.13568536159098468,FLAT,0.0,-1,0.8421974104909297,0.11279372541113655,0.7232164682948422,UNLOADING,0.09459245131160007,0.03439140758333786,0.02676941583140425,0.18849555921538763,1.0000000000000002,0.07620232074803691,0,ok,0.0,0.13193056160183092,FLAT,0.0,-1,0.10464827241966053,0.0034563385126106143,0.0963507267027429,LOADING,0.04934483490688156,0.026361197822526532,0.039183650014591065,2.500000000000002,0.0019998168945312145,0.5986195339967195,0,staged_v3,0.1351188995520968,2,0.9503639339442825,0.1351449765500321,2,0,0,0
v3_pelvis_proxy:v3_right_hand_proxy,272,1.0,0.5999633789062431,0.9999503195960402,0.12495052818588889,0.10567186585838559,FLAT,0.0,-1,1.239569757309669,0.22110938935347454,0.6538672595098228,UNLOADING,0.0810792439813715,0.0,0.08550384736625644,0.18848619467986116,0.9999503195960402,0.05995008046965855,0,ok,0.0,0.17371604650456374,FLAT,0.0,-1,0.0942282702689282,0.02268216049600551,0.0809912183788554,LOADING,0.0714051823747455,0.00636740042293726,0.0232464224780788,2.500000000000002,0.0029998168945312154,0.6016193508912507,0,staged_v3,0.19807946275067395,2,0.9348887391578259,0.19932489722290267,2,1,1,1
v3_torso_proxy:v3_left_forearm_proxy,273,1.0,0.7999633789062432,1.0,0.11891828644572329,0.08229733187912715,AIR,0.0,-1,1.5819721874409691,0.17087370517907652,0.5859533928744383,UNLOADING,0.06949649484117557,0.0,0.055325125531637036,0.1884955592153876,1.0,0.08663039281066573,0,ok,0.0,0.23310214358321116,FLAT,0.0,-1,0.0731558478786634,0.02869745862098249,0.06892766651012829,LOADING,0.10053113725329871,0.0,0.10782313164807092,2.500000000000002,0.003999816894531216,0.605619167785782,0,staged_v3,0.27447804715256446,2,0.9098789285292159,0.275671386007343,2,1,1,1
v3_pelvis_proxy:v3_right_hand_proxy,274,0.43870064971165657,0.5999633789062431,1.0,0.19451778724008914,0.06409322651215152,AIR,0.0,-1,1.7550118268907369,0.1139782575491394,0.5372909810080526,UNLOADING,0.05956842414957906,0.04349703951136638,0.008367509539036259,0.1884955592153876,1.0,0.03462943369813673,0,ok,0.0,0.2928479562246528,FLAT,0.0,-1,0.06413650502974659,0.03849791918892233,0.060209948815740356,SUPPORT,0.17042490980263897,0.0,0.061903729115301245,-2.500000000000002,0.0029998168945312154,0.6086189846803132,0,staged_v3,0.46987494263167384,2,0.8884094103078152,0.46847953354245714,2,0,0,0
v3_torso_proxy:v3_left_forearm_proxy,275,0.38167326407795465,0.3999633789062429,1.0000000000000002,0.326160988178938,0.04991585499723653,AIR,0.0,-1,2.203886696015444,0.11256622733962326,0.5206458264351491,UNLOADING,0.05105864927106776,0.009903631683420545,0.041128659638336916,0.18849555921538763,1.0000000000000002,0.0774606733370799,0,ok,0.0,0.3493595352234454,FLAT,0.0,-1,0.05574709564640319,0.014776551675899762,0.05390170090065927,SUPPORT,0.22633992784211118,0.012918533369133203,0.04128837020149306,-2.500000000000002,0.0019998168945312145,0.6106188015748444,0,staged_v3,0.6155188298131654,2,0.9496910160736757,0.6172306624807611,2,0,0,0
v3_pelvis_proxy:v3_right_hand_proxy,276,0.9999999999999999,0.5999633789062431,0.9999851150855028,0.2881432947308014,0.03887450695952651,FLAT,0.0,-1,2.3041619309050474,0.1548655944640504,0.5302229363885571,UNLOADING,0.043764556518058086,0.0,0.052060884736572104,0.18849275347510558,0.9999851150855028,0.0679091505623123,0,ok,0.0,0.38777755180704226,FLAT,0.0,-1,0.05598939023543027,0.005884651261138674,0.04900522826871813,SUPPORT,0.27107194227368897,0.021565610152297233,0.03235276197866434,2.500000000000002,0.0029998168945312154,0.6136186184693756,0,staged_v3,0.7401371518052666,2,0.9123802299901334,0.7398093200499533,2,0,0,0
v3_torso_proxy:v3_left_forearm_proxy,277,0.9999999999999997,0.7999633789062432,0.7542355960819075,0.43448743968404463,0.030275496461594026,FLAT,0.0,-1,2.5078064711785752,0.14670781556684753,0.5785512647622703,UNLOADING,0.03751247701547836,0.0,0.0944509815118495,0.14217006046361036,0.7542355960819075,0.07817917859059051,0,ok,0.0,0.41977087473629854,FLAT,0.0,-1,0.05342014714847489,0.01422097618080425,0.045278821355795834,SUPPORT,0.3068575538189512,0.013042964886985545,0.016963513504991437,2.500000000000002,0.003999816894531216,0.6176184353639068,0,staged_v3,0.8398287762959673,2,0.9150231598506753,0.8215172968671397,2,0,0,0
v3_pelvis_proxy:v3_right_hand_proxy,278,0.9934614656854655,0.9499633789062489,0.7221634685856851,0.45358939731052567,0.023578580352164976,FLAT,0.0,-1,2.6274214876143525,0.09576137195959869,0.6494275196564526,UNLOADING,0.03215355172755288,0.0121091492563946,0.045362226726428034,0.1361246068559827,0.7221634685856851,0.0764258263692364,0,ok,0.0,0.4349925043097894,FLAT,0.0,-1,0.05916783267405866,0.05871508379791013,0.041660065946284026,SUPPORT,0.33548604305516094,0.0,0.04257641460600652,1.875000000000071,0.004749816894531245,0.6223682522584381,0,staged_v3,0.8976838091470686,2,0.9208534550484044,0.8992117451380529,2,1,0,0
v3_torso_proxy:v3_left_forearm_proxy,279,0.9587705814158093,1.0000000000000009,0.9999850830236486,0.0,0.018363016841978125,FLAT,0.0,-1,2.6963054695429336,0.03545087745873829,0.7323143076931659,UNLOADING,0.027560187195045327,0.043071184982644284,0.018544530402014005,0.18849274743158845,0.9999850830236486,0.06516846773869606,0,ok,0.15161569746306072,0.4364368103506484,FLAT,0.0,-1,0.06265563242771202,0.021027774961386688,0.041656920735817296,SUPPORT,0.3583888344441288,0.006055071075404178,0.04135145895892783,0.6254577636718994,0.0050000000000000044,0.6273682522584381,0,staged_v3,0.19979410233492725,2,0.9574971228404152,0.18719239328404463,2,0,0,0
v3_torso_proxy:v3_left_forearm_proxy,280,0.22587534294467762,0.8000000000000007,0.42163507344128065,0.0,0.01430113189608596,FLAT,0.0,-1,2.749072307059104,0.03558283001870816,0.808194820069532,UNLOADING,0.02401487919240144,0.02982691098476844,0.03945624320946736,0.07947633895313522,0.42163507344128065,0.06059870105996275,0,ok,0.15123212228327013,0.44945755834173706,FLAT,0.0,-1,0.062152258317306384,0.011722037570477996,0.045906637533917875,SUPPORT,0.37671106755530304,0.0155732943062179,0.04438593299126642,-2.500000000000002,0.0040000000000000036,0.6313682522584381,0,staged_v3,0.1649802781511742,2,0.9664193497221117,0.16023711449543865,2,0,0,0
v3_torso_proxy:v3_left_forearm_proxy,281,0.28191986467361113,0.6000000000000005,0.40684945922728694,0.0,0.01113773271947919,FLAT,0.0,-1,2.70943945497678,0.041844895984853,0.8422847276436434,UNLOADING,0.02083512367195623,0.02526934039732917,0.06427400449203394,0.07668931633352549,0.40684945922728694,0.061031791695455584,0,ok,0.15267525200251356,0.45864723674627533,FLAT,0.0,-1,0.060769625875428425,0.0060306546951474195,0.05282554688560971,SUPPORT,0.39136885404424243,0.02161062264913307,0.04518096382999007,-2.500000000000002,0.0030000000000000027,0.6343682522584381,0,staged_v3,0.09223136213911562,2,0.9686469677664012,0.09371742175870679,2,1,0,0
v3_pelvis_proxy:v3_left_hand_proxy,282,0.20038160953220033,0.40000000000000036,0.4095333794322862,0.0,0.008674074963570401,FLAT,0.0,-1,2.6333783041554177,0.03806641820422792,0.8309209016041568,UNLOADING,0.018068192400856546,0.02847962687597992,0.07695520181365594,0.0771952233734563,0.4095333794322862,0.061629644863193694,0,ok,0.1562683147023117,0.479696676956778,FLAT,0.0,-1,0.05240822280831918,0.003325044000019998,0.06185219585964406,SUPPORT,0.40309508323539395,0.024767565792962208,0.04344649308885869,-2.500000000000002,0.0020000000000000018,0.6363682522584381,0,staged_v3,0.09065547141609173,2,0.9734155179541257,0.09220260391318034,2,1,0,0
v3_pelvis_proxy:v3_left_hand_proxy,283,0.09947810027609695,0.20000000000000018,0.4676445664219669,0.0,0.006755376374048696,FLAT,0.0,-1,2.4767944822701398,0.03275854893548387,0.7730033283760674,UNLOADING,0.0157060860510879,0.030891617483319506,0.08686542520838672,0.08814892406174613,0.4676445664219669,0.0618903764719414,0,ok,0.15658323359430654,0.49349416848931515,FLAT,0.0,-1,0.05328934641550223,0.005658274504753689,0.07440401694743672,SUPPORT,0.41247606658831515,0.02306192634261815,0.04457800551584638,-2.500000000000002,0.0010000000000000009,0.6373682522584381,0,staged_v3,0.09032232497846131,2,0.9788704143238882,0.091764278388234,2,1,0,0
v3_pelvis_proxy:v3_left_hand_proxy,284,0.09740914187229695,0.0,0.4714436703313142,0.0,0.005261092410051192,AIR,0.0,-1,2.357194800334713,0.029530925262734375,0.7092175518548268,UNLOADING,0.013680907091062866,0.03092995233000697,0.09752183456112101,0.0888650382776559,0.4714436703313142,0.060987714642196045,0,ok,0.157330632513433,0.5012496357982196,FLAT,0.0,-1,0.05569467459178097,0.005791404634157675,0.09015401436005262,SUPPORT,0.4199808532706521,0.02371629608384496,0.0434381413222844,-2.500000000000002,0.0,0.6373682522584381,0,staged_v3,0.09037281087134653,2,0.9842437329667314,0.09177930557630955,2,1,0,0
v3_pelvis_proxy:v3_left_hand_proxy,285,0.06183799028002775,0.20000000000000018,0.5518672204431052,0.0,0.004097342888758893,AIR,0.0,-1,1.9618203136522099,0.02545059974297689,0.6660129484646681,UNLOADING,0.011921986002417577,0.03285004768025651,0.10156662743763448,0.10402452033006471,0.5518672204431052,0.061846106050532035,0,ok,0.15976222578277813,0.4941714582725889,FLAT,0.0,-1,0.059113282434792885,0.004031263560513508,0.11145697312575423,SUPPORT,0.42598468261652167,0.026541585095774204,0.04060742321678738,-2.500000000000002,-0.0010000000000000009,0.6363682522584381,0,staged_v3,0.09361517827969593,2,0.9898143739550722,0.09345072762883497,2,0,0,0
v3_pelvis_proxy:v3_left_hand_proxy,286,0.07599946046273905,0.40000000000000036,0.4159812249696864,0.0,0.003191013850277478,AIR,0.0,-1,1.7191300254654567,0.023554076023583396,0.6302844387999276,UNLOADING,0.010387383355851144,0.03296014591641298,0.10630477021963645,0.078410613623763,0.4159812249696864,0.06088516836173599,0,ok,0.16062310506964667,0.485842775807157,FLAT,0.0,-1,0.06295351216352629,0.005580800171665801,0.14566631606207156,SUPPORT,0.43078774609321735,0.026702515631437777,0.040526903238643164,-2.500000000000002,-0.0020000000000000018,0.6343682522584381,0,staged_v3,0.09704077564899548,2,0.995077690146864,0.09614874350748451,2,0,0,0
v3_pelvis_proxy:v3_left_hand_proxy,287,0.10796911714072535,0.6000000000000005,0.16132515432472846,0.0,0.0024851640853877986,AIR,0.0,-1,1.3318651528696295,0.022913879186201653,0.5928834898208064,UNLOADING,0.009048007352110372,0.031730295304838674,0.11014968572639347,0.030409075179948397,0.16132515432472846,0.05936012805115473,0,ok,0.16172840888604195,0.4640957889995088,FLAT,0.0,-1,0.0718246110547842,0.0072286294177437704,0.198104074715403,SUPPORT,0.4346301968745739,0.02767657431802638,0.04040833266926365,-2.500000000000002,-0.0030000000000000027,0.6313682522584381,0,staged_v3,0.09093112239066639,2,0.9994784428763259,0.09175124336142237,2,1,0,0
v3_pelvis_proxy:v3_left_hand_proxy,288,0.12262222480668235,0.8000000000000007,0.5235566825247602,0.0,0.0019354477357609492,AIR,0.0,-1,1.0264476677388572,0.018906013507472542,0.5657391796022996,UNLOADING,0.007875504747747238,0.03438094547264244,0.10372940050340822,0.09868810965345781,0.5235566825247602,0.060372331686976505,0,ok,0.15963668549725438,0.44660992933776605,FLAT,0.0,-1,0.06744723423461202,0.021148569312235035,0.3045178766398948,UNLOADING,0.37254016874963475,0.019077324519759707,0.049925096731548026,-2.500000000000002,-0.0040000000000000036,0.6273682522584381,0,staged_v3,0.09122422880577308,2,1.00186194319142,0.09196284105728166,2,1,0,0
v3_pelvis_proxy:v3_left_hand_proxy,289,0.07762880574658647,1.0000000000000009,0.19578420413405387,0.0,0.0015073282122044047,AIR,0.0,-1,0.9198050342763431,0.015843892464419564,0.5139780627765482,UNLOADING,0.006855089009172939,0.03485501067440785,0.09463936451750554,0.03690445304378809,0.19578420413405387,0.061370616471677325,0,ok,0.16120377292781532,0.4398762084651656,FLAT,0.0,-1,0.06762804833494274,0.024406973997099676,0.4115064658215112,UNLOADING,0.3193201446425441,0.021168349293975885,0.05138745609859806,-2.500000000000002,-0.0050000000000000044,0.6223682522584381,0,staged_v3,0.09164870852138284,2,1.003733919638824,0.09238549667732106,2,1,0,0
v3_pelvis_proxy:v3_left_hand_proxy,290,0.08441543774981143,1.0000000000000009,0.37933193158808787,0.0,0.001173908392010411,AIR,0.0,-1,0.7672114231495403,0.015589957310855891,0.47059231070694224,UNLOADING,0.005964572883470513,0.03293965822449122,0.07776231761556437,0.07150238457294977,0.37933193158808787,0.06286180186979254,0,ok,0.16321536937516318,0.44418962277714497,FLAT,0.0,-1,0.047235758526307035,0.028109965977598027,0.5148465588967427,UNLOADING,0.27370298112218067,0.02263236196723911,0.053149780273813146,0.0,-0.0050000000000000044,0.617368252258438,0,staged_v3,0.09240995430456922,2,1.0065271870966233,0.0931827791351026,2,1,0,0
v3_pelvis_proxy:v3_left_hand_proxy,291,0.07306766904446974,1.0000000000000009,0.24835046961884838,0.0,0.0009142407749518019,AIR,0.0,-1,0.5155597593078549,0.014022742578356184,0.3857721469456177,UNLOADING,0.005192712778456643,0.0302658647689247,0.06277891085851836,0.046812960652208954,0.24835046961884838,0.065110356693831,0,ok,0.16601387816391094,0.44435714383099545,FLAT,0.0,-1,0.06391595955427695,0.03322202889436568,0.6182314207424486,UNLOADING,0.23460255524758344,0.022689542142756758,0.05558453736420202,0.0,-0.0050000000000000044,0.612368252258438,0,staged_v3,0.09347482341991573,2,1.0090828749087433,0.09429550858625158,2,1,0,0
v3_pelvis_proxy:v3_left_hand_proxy,292,0.550114314668798,0.8000000000000007,0.9999990639837654,0.0,0.0007120114314482713,FLAT,0.0,-1,0.18302444228253287,0.03616226395746977,0.312588642986904,LOADING,0.004520817345005793,0.004467168191875426,0.0460237956650841,0.18849538278048403,0.9999990639837654,0.06897387937530261,0,ok,0.13280640236111743,0.4262305076070962,FLAT,0.0,-1,0.08666988957526038,0.05039381332132449,0.719372092038421,UNLOADING,0.20108790449792868,0.03581112728642102,0.025157477315500033,2.500000000000002,-0.0040000000000000036,0.608368252258438,0,staged_v3,0.1565894812614605,2,1.013333899563027,0.14406568491968547,2,0,0,0
v3_torso_proxy:v3_right_forearm_proxy,293,0.1815255715216816,1.0000000000000009,0.9992807566403008,0.0,0.0005545150603677056,FLAT,0.0,-1,0.16747254224632727,0.024541522564270522,0.2512973143122387,LOADING,0.003934295854998053,0.013023343151341411,0.06021047203544372,0.18835998503608914,0.9992807566403008,0.06395791137138199,0,ok,0.178000686934828,0.3319486530933289,FLAT,0.0,-1,0.1608862069286721,0.04257117881284052,0.7989213173247091,UNLOADING,0.1723610609982246,0.022374887053394937,0.04498868976054,-2.500000000000002,-0.0050000000000000044,0.603368252258438,0,staged_v3,0.2828315832649156,2,1.0104045953642877,0.2709865049467722,2,0,0,0
v3_torso_proxy:v3_right_forearm_proxy,294,0.2978217585719721,1.0000000000000009,0.9999949522586903,0.0,0.0004318567632392565,FLAT,0.0,-1,0.17903867136323506,0.03967924015714287,0.19307693062906028,LOADING,0.0034220357592728485,0.0,0.0762281919350816,0.18849460773856666,0.9999949522586903,0.07620021664788601,0,ok,0.14698938102436937,0.25852187096858265,FLAT,0.0,-1,0.16946873482472913,0.05886839358190807,0.8547761908211459,UNLOADING,0.1477380522841925,0.04623089205465293,0.021507917486404363,0.0,-0.0050000000000000044,0.598368252258438,0,staged_v3,0.35106454795466335,2,1.0186454878373608,0.32537012145543126,2,0,0,0
v3_pelvis_proxy:v3_left_hand_proxy,295,0.4859516565070973,0.8000000000000007,0.9667079274714964,0.0,0.05287297688860217,FLAT,0.0,-1,0.09182345103144969,0.05611535088849593,0.15116072354760618,LOADING,0.01171376049661932,0.0,0.0741898799953496,0.18222015138668807,0.9667079274714964,0.07003559535980672,0,ok,0.15667870905935025,0.20133703555141685,FLAT,0.0,-1,0.46506362870238305,0.06577984009515417,0.8562222719658584,UNLOADING,0.1266326162435936,0.057786109165760866,0.01002500443253206,2.500000000000002,-0.0040000000000000036,0.594368252258438,0,staged_v3,0.2648617495308729,2,1.0140868437739239,0.2666766930993204,2,1,1,1
v3_pelvis_proxy:v3_right_hand_proxy,296,1.0,0.6000000000000005,0.8374949791227649,0.0,0.10487418595893709,FLAT,0.0,-1,0.09041603450695666,0.06544908373542425,0.12051023359045475,LOADING,0.027818163059578814,0.0,0.1068482000777333,0.15786408442982494,0.8374949791227649,0.07585492987238812,0,ok,0.16287630977996193,0.15680144094871873,FLAT,0.0,-1,0.5442538727206272,0.052750027705682975,0.8138631613651508,UNLOADING,0.10854224249450879,0.048765341446430674,0.016927816621826863,2.500000000000002,-0.0030000000000000027,0.591368252258438,0,staged_v3,0.2505586422822288,2,1.0264143499046352,0.2514652059039408,2,1,1,1
v3_pelvis_proxy:v3_left_hand_proxy,297,1.0,0.40000000000000036,1.0,0.0,0.1573226292703588,FLAT,0.0,-1,0.0860683574210527,0.12088837867013517,0.09742681622725959,LOADING,0.050653567723672306,0.0,0.11026410558273424,0.1884955592153876,1.0,0.0428894597256759,0,ok,0.07701829501955533,0.12211708499758679,FLAT,0.0,-1,0.7517643717053349,0.09468695077877677,0.7507870051799186,UNLOADING,0.0930362078524361,0.05303091601917652,0.009508434239819407,2.500000000000002,-0.0020000000000000018,0.589368252258438,0,staged_v3,0.32479444215613507,2,1.0382999403099966,0.3242485648669125,2,1,1,1
v3_pelvis_proxy:v3_left_hand_proxy,298,0.9693588584556453,0.2411518303351734,0.999999071494246,0.0,0.21096045801556593,FLAT,0.0,-1,0.07529676282656071,0.04702052512254621,0.0809657608807833,LOADING,0.07929883098225327,0.0,0.07494949211971108,0.18849538419617629,0.999999071494246,0.053979595434186456,0,ok,0.10273396562115511,0.0951048814225179,AIR,0.0,-1,1.0387749520239562,0.23042225109746817,0.6736224124373096,UNLOADING,0.08015871371967365,0.0,0.12053477798776384,1.985602120810337,-0.001205759151675867,0.5881624931067622,0,staged_v3,0.3639533944730016,2,1.0234522675417015,0.364896218052609,2,1,0,0
v3_pelvis_proxy:v3_right_hand_proxy,299,0.9999999999999999,0.04115183033517322,1.0,0.0,0.26684602716887806,FLAT,0.0,-1,0.06683842271146845,0.019448757596851763,0.06924971090291984,SUPPORT,0.1534390647858026,0.00901372794829423,0.028600324589180555,0.1884955592153876,1.0,0.059149945932801484,0,ok,0.11814073296316509,0.07406775612577005,AIR,0.0,-1,1.191151892666966,0.10415796733379229,0.600108578492156,UNLOADING,0.06870746890257741,0.03215338559565531,0.02285204332895249,2.500000000000002,-0.00020575915167586611,0.5879567339550863,0,staged_v3,0.45927561370299835,2,1.0037219081117053,0.4573782925876256,2,0,0,0
v3_pelvis_proxy:v3_left_hand_proxy,300,0.6968383789062499,0.15884816966482695,0.6968383789062501,0.0,0.29822437727823536,FLAT,0.0,-1,0.07727443696705516,0.04009300178263171,0.059615397541779636,SUPPORT,0.21275125182864207,0.007728903098920152,0.020251866778168832,0.13135093991467778,0.6968383789062501,0.05513741026173216,0,ok,0.08487906094414041,0.057684026471091554,AIR,0.0,-1,1.5418153054841894,0.0928224309314434,0.529210627532732,UNLOADING,0.05889211620220921,0.051393682213579185,6.684916305741296e-05,2.500000000000002,0.0007942408483241348,0.5887509748034104,1,staged_v3,0.6416827892063777,2,1.030798493727322,0.64303400926144,2,1,1,1
v3_pelvis_proxy:v3_right_hand_proxy,301,0.9999999999999999,0.35884816966482713,0.9657745361836199,0.0,0.3334048231022503,FLAT,0.0,-1,0.0685980855004875,0.008802665897349968,0.05250322356775742,SUPPORT,0.2602010014629137,0.018822495281037903,0.01824452750701564,0.18204421127391301,0.9657745361836199,0.055434022181468104,0,ok,0.18634583405359573,0.04492436498639775,AIR,0.0,-1,1.657131731175717,0.09228728397311928,0.47841002581477965,UNLOADING,0.05047895674475075,0.012984802238502444,0.03593569905223654,2.500000000000002,0.0017942408483241357,0.5905452156517346,0,staged_v3,0.7753228922543465,2,1.0049777918750886,0.7725689236186857,2,0,0,0
v3_pelvis_proxy:v3_right_hand_proxy,302,0.3284844767511026,0.5588481696648273,0.5113310476195936,0.0,0.37232573024779647,FLAT,0.0,-1,0.05713937618554433,0.021487267296920114,0.04761687292941993,SUPPORT,0.29816080117033095,0.005893576349550882,0.030471881100547334,0.09638363176524528,0.5113310476195936,0.04965181896074797,0,ok,0.26946871931315786,0.03498713063039217,FLAT,0.0,-1,1.8971477707199278,0.062970315506888,0.46023279126527744,UNLOADING,0.04326767720978636,0.032773558281951526,0.015238081281312352,2.500000000000002,0.0027942408483241366,0.5933394565000587,0,staged_v3,0.8906260866310877,2,0.998137156752861,0.8915285635318734,2,0,0,0
v3_pelvis_proxy:v3_left_hand_proxy,303,1.0000000000000002,0.7588481696648275,0.7723214772395706,0.0,0.4043798743627574,FLAT,0.0,-1,0.057133665864156725,0.01911857404143365,0.044326133669294256,SUPPORT,0.32852864093626477,0.008097732642031064,0.07211050608042316,0.1455791687463271,0.7723214772395706,0.07846129229693469,0,ok,0.41255297006069064,0.027248004732370955,FLAT,0.0,-1,2.0461920601773547,0.03405572210539429,0.46543122074831467,UNLOADING,0.03708658046553116,0.014215838932021448,0.061725025167407535,2.500000000000002,0.0037942408483241374,0.5971336973483828,0,staged_v3,0.9837957095834143,2,0.9861445979929949,0.9706721371859522,2,0,1,1
v3_pelvis_proxy:v3_right_hand_proxy,304,0.8664797099895218,0.9588481696648277,0.4320975776026822,0.1265085429405913,0.42937214402314466,FLAT,0.0,-1,0.05370701273933255,0.008529550066314284,0.04196821595447979,SUPPORT,0.35282291274901184,0.018568860731409707,0.019764292639267975,0.08144847452583193,0.4320975776026822,0.07763913477644113,0,ok,0.3174881028888085,0.021220767422703846,FLAT,0.0,-1,2.131071215525776,0.05220148488105457,0.4981712454589323,UNLOADING,0.031788497541883856,0.017144679845244752,0.03276388242770187,2.500000000000002,0.004794240848324138,0.601927938196707,0,staged_v3,0.17630421132157476,2,0.9968182884547321,0.17630421132157476,2,1,0,0
v3_pelvis_proxy:v3_right_hand_proxy,305,0.4832153320312503,1.0000000000000009,0.13779744439848993,0.1402618233304684,0.434278973153304,FLAT,0.0,-1,0.06658971314572713,0.004093505604353079,0.04045226667723209,SUPPORT,0.37225833019920945,0.022929107729508527,0.0046966698290797845,0.02597420634034464,0.13779744439848993,0.07613355700905941,0,ok,0.0,0.016526750286177914,FLAT,0.0,-1,2.2175649013939718,0.06677399797963166,0.55940405564905,UNLOADING,0.02724728360732902,0.01119432466854664,0.041775878113905866,0.5143978791896653,0.0050000000000000044,0.606927938196707,1,staged_v3,0.11980570156183178,2,1.0028011396582215,0.11980570156183178,2,1,1,1
v3_pelvis_proxy:v3_right_hand_proxy,306,0.12498069534253735,0.8499999999999952,0.3707679230213305,0.10589604235750612,0.44574873328764886,FLAT,0.0,-1,0.06360999705932838,0.004077090555206095,0.03936604155484241,SUPPORT,0.38780666415936754,0.022891211522536026,0.010485897826155378,0.06988810698903347,0.3707679230213305,0.07098402302955287,0,ok,0.0,0.012871046064500924,FLAT,0.0,-1,2.2386947984460837,0.04687743022644697,0.6392443853123904,UNLOADING,0.024018143396949385,0.02020067675868238,0.03676154250693714,-1.875000000000071,0.004249999999999976,0.611177938196707,1,staged_v3,0.10350473432969494,2,1.0027774797674658,0.09841543325786072,2,1,0,0
v3_pelvis_proxy:v3_right_hand_proxy,307,0.4131469726562502,1.0000000000000009,0.18935212565308981,0.1098783200416378,0.4531891715682477,FLAT,0.0,-1,0.06408616751502384,0.00501916709119045,0.03858772724431836,SUPPORT,0.400245331327494,0.023624401042354276,0.003304985319861645,0.0356920348136015,0.18935212565308981,0.07182198726824546,0,ok,0.0,0.010023980753981443,FLAT,0.0,-1,2.2627237520719308,0.05677852772063255,0.7319169923834971,UNLOADING,0.020970874184359084,0.01702823371464582,0.04456761590452904,1.875000000000071,0.0050000000000000044,0.616177938196707,1,staged_v3,0.10054783712953501,2,1.0079767374417257,0.09389158612533448,2,1,1,1
v3_pelvis_proxy:v3_right_hand_proxy,308,0.1831665039062501,1.0000000000000009,0.06871443545283379,0.12489151565699691,0.4492659560406412,FLAT,0.0,-1,0.0690511862638446,0.008982646496152432,0.038030040671360225,SUPPORT,0.4101962650619952,0.02410718039358021,0.0027943216399878056,0.012952365936851562,0.06871443545283379,0.07103223096247915,0,ok,0.0,0.007806684060693439,FLAT,0.0,-1,2.268035577852797,0.06462532975449217,0.807910131209984,UNLOADING,0.01818926143186546,0.013488385393758379,0.051907121166740816,0.0,0.0050000000000000044,0.621177938196707,1,staged_v3,0.09542485640710631,2,0.9980017197599435,0.09415634374039147,2,1,1,1
v3_pelvis_proxy:v3_right_hand_proxy,309,0.7279827709176692,0.8000000000000007,0.570792126643021,0.09567458918176323,0.4462749851748114,FLAT,0.0,-1,0.07053103012753202,0.01022451940937693,0.03763044078034913,SUPPORT,0.41815701204959616,0.016657002629640528,0.020580832259843876,0.1075917811073166,0.570792126643021,0.0677955000433143,0,ok,0.0,0.006079851659659106,FLAT,0.0,-1,2.2661928143472223,0.019931587558811248,0.8561779844241769,UNLOADING,0.015715712158755276,0.0478773116623976,0.07176187112979625,-2.500000000000002,0.0040000000000000036,0.625177938196707,0,staged_v3,0.09503461243480706,2,1.009170834964083,0.09636489387738881,2,1,0,0
v3_pelvis_proxy:v3_right_hand_proxy,310,0.037943554342864304,0.6000000000000005,0.34855862147864813,0.0880862021129094,0.44207195309414216,FLAT,0.0,-1,0.07201608985043419,0.008641262460374655,0.037344114946737804,SUPPORT,0.42452560963967695,0.018225943286962237,0.0182285511420806,0.06570175227496239,0.34855862147864813,0.06773139323566174,0,ok,0.0,0.004734993233500492,FLAT,0.0,-1,2.223233899633318,0.014426996488108305,0.8568119444078822,UNLOADING,0.013567466775268346,0.05341360073228582,0.08181895729432034,-2.500000000000002,0.0030000000000000027,0.628177938196707,0,staged_v3,0.09361256393343549,2,1.0090420799518398,0.09484973486480812,2,1,0,0
v3_pelvis_proxy:v3_right_hand_proxy,311,0.009818860553519005,0.40000000000000036,0.3637318995355606,0.07827224444220551,0.44019266342713154,FLAT,0.0,-1,0.07159715697836773,0.008059440247081613,0.0377193255627896,SUPPORT,0.42962048771174155,0.018826526031057868,0.016042165699053697,0.06856184780743069,0.3637318995355606,0.0686575289461282,0,ok,0.0,0.003687616438087987,FLAT,0.0,-1,2.1485622858461855,0.010221242815246435,0.8402484411851212,UNLOADING,0.011713414732272286,0.05679117924400963,0.0915052985851004,-2.500000000000002,0.0020000000000000018,0.630177938196707,0,staged_v3,0.09144079207099551,2,1.007799806973736,0.0926143171952186,2,1,0,0
v3_pelvis_proxy:v3_right_hand_proxy,312,0.026627031012974322,0.20000000000000018,0.44432795478984805,0.06804015843260529,0.4313118667104978,FLAT,0.0,-1,0.07324072311433935,0.0074442260951185675,0.03874140569814499,SUPPORT,0.43369639016939326,0.019492844189788684,0.013316469246747892,0.08375384631314187,0.44432795478984805,0.06948545371447612,0,ok,0.0,0.002871918569649909,AIR,0.0,-1,2.0155493992356712,0.006059243085494045,0.8058409947095182,UNLOADING,0.01011972817805603,0.05923280664998187,0.09999453202005991,-2.500000000000002,0.0010000000000000009,0.631177938196707,0,staged_v3,0.09063953167017426,2,0.9947835957203983,0.09201620176243944,2,1,0,0
v3_pelvis_proxy:v3_right_hand_proxy,313,0.055385151831174116,0.0,0.41515243392032597,0.05700092009940433,0.4297375124078976,FLAT,0.0,-1,0.07241134544960015,0.005883443404654794,0.04013438672585404,SUPPORT,0.43695711213551464,0.02112327593163791,0.00984752168989788,0.07825439019144109,0.41515243392032597,0.07036748074066976,0,ok,0.0,0.002236652430960658,AIR,0.0,-1,1.791116790400122,0.010636346689310662,0.7539425281963962,UNLOADING,0.008752673444400248,0.05206077972050915,0.11365308875170116,-2.500000000000002,0.0,0.631177938196707,0,staged_v3,0.10341337672026925,2,0.983450606835072,0.10458028973249361,2,1,0,0
v3_pelvis_proxy:v3_right_hand_proxy,314,1.0000000000000002,0.20000000000000018,0.720723809653397,0.23002827573407555,0.4347797805397503,FLAT,0.0,-1,0.07295700825595339,0.04858720539391768,0.04048552313208048,SUPPORT,0.4395656897084117,0.0,0.05193394631306314,0.13585323754046164,0.720723809653397,0.07017797790138186,0,ok,0.0,0.001741906664690722,AIR,0.0,-1,1.6604286161327937,0.02573505031256711,0.6819577725389852,UNLOADING,0.007581434363152702,0.03336283831438215,0.1256133493192489,2.500000000000002,0.0010000000000000009,0.632177938196707,0,staged_v3,0.11733786283268108,2,0.9542549687034171,0.1179387465523839,2,0,1,1
v3_pelvis_proxy:v3_right_hand_proxy,315,0.9275806938812499,0.0,0.5436116598500393,0.07804969954045236,0.4396939998592052,FLAT,0.0,-1,0.06427821982821372,0.010529860318560454,0.039785004515128376,SUPPORT,0.44165255176672935,0.016459389907195966,0.01092494433546681,0.10246838381943824,0.5436116598500393,0.07595609422428509,0,ok,0.0,0.0013565982744984334,AIR,0.0,-1,1.188885751593673,0.0070729579931619775,0.5893933574090283,UNLOADING,0.006577947777393246,0.047396709877289445,0.1232620623919651,-2.500000000000002,0.0,0.632177938196707,0,staged_v3,0.12976175988314884,2,0.9516880014128716,0.12579184475352198,2,0,0,0
v3_pelvis_proxy:v3_right_hand_proxy,316,0.02631309572362091,0.20000000000000018,0.31074353298765184,0.069386630280818,0.45640857615427133,FLAT,0.0,-1,0.0588945790202722,0.012770818806003073,0.037335190227920714,SUPPORT,0.4433220414133835,0.014961564723292912,0.011905194788103125,0.05857377602307268,0.31074353298765184,0.07546941194957771,0,ok,0.0,0.0010565197984926966,AIR,0.0,-1,1.0134751832615154,0.003375633740145466,0.5240598734167526,UNLOADING,0.005710075261570257,0.04782735993069217,0.12191674910761938,-2.500000000000002,-0.0010000000000000009,0.631177938196707,0,staged_v3,0.12641772782791588,2,0.9462903626302448,0.12455414633770824,2,0,0,0
v3_pelvis_proxy:v3_right_hand_proxy,317,0.1098998036305553,0.40000000000000036,0.22795003218689536,0.06009952170655914,0.48138291204431827,FLAT,0.0,-1,0.05016433266241401,0.011651452059713898,0.02675183278453376,SUPPORT,0.4446576331307068,0.016257502274662442,0.010080089364564247,0.042967568790234445,0.22795003218689536,0.07489877722920743,0,ok,0.0,0.0008228184463965549,AIR,0.0,-1,0.6883868887894798,0.010878657255154089,0.40385217686106095,UNLOADING,0.004964424713582773,0.03431395158789896,0.12503183043591382,-2.500000000000002,-0.0020000000000000018,0.629177938196707,0,staged_v3,0.11952433808518026,2,0.9413156152723843,0.11993094898782346,2,0,0,0
