active_collision_pair,frame_idx,frame_root_angular_budget_usage,frame_root_z_budget_usage,frame_velocity_budget_usage_max,left_anchor_error_xy,left_contact_confidence,left_contact_phase,left_contact_slack,left_elbow_branch_sign,left_foot_vxy,left_heel_height,left_liftoff_probability,left_load_phase,left_lock_weight,left_swing_clearance_error,left_toe_height,max_joint_delta,max_joint_velocity_ratio,min_self_collision_distance,qp_resolve_count,qp_status,right_anchor_error_xy,right_contact_confidence,right_contact_phase,right_contact_slack,right_elbow_branch_sign,right_foot_vxy,right_heel_height,right_liftoff_probability,right_load_phase,right_lock_weight,right_swing_clearance_error,right_toe_height,root_ddz,root_dz,root_z,safety_backtracked,solver_mode,stage_a_high_priority_error,stage_a_iterations,stage_b_detail_error,stage_b_high_priority_error,stage_b_iterations,stage_b_rejected,stage_c_iterations,stage_c_triggered
v3_torso_proxy:v3_left_forearm_proxy,0,0.20064650478644655,1.0000000000000009,0.4389419433378749,0.0,0.1656832048411028,AIR,0.0,-1,0.0,0.08341402946031204,0.00928777537110251,UNLOADED,0.03282887529035485,0.0,0.09602194227968056,0.08273860707256171,0.4389419433378749,0.05447039352439029,0,ok,0.0,0.18330668747546328,AIR,0.0,1,0.0,0.08674930182669355,0.061047041180568425,UNLOADED,0.03442327131529501,0.0,0.10772520621388884,0.0,-0.0050000000000000044,0.745,0,staged_v3,0.17579128007680825,2,0.843510514026387,0.1726836121074471,2,0,0,0
v3_pelvis_proxy:v3_left_hand_proxy,1,0.1219125967654829,1.0000000000000009,0.3190380189095752,0.0,0.27206433739592195,AIR,0.0,-1,0.014882413925542638,0.07615842130624823,0.014835903129997427,UNLOADED,0.07986870368052171,0.0,0.09763604182337106,0.06013724978532979,0.3190380189095752,0.053254286851283056,0,ok,0.0,0.3061678667988089,AIR,0.0,-1,0.016250832254523742,0.07832509569432569,0.15356482362273202,UNLOADED,0.07936886751921635,0.0,0.10838496499509931,0.0,-0.0050000000000000044,0.74,0,staged_v3,0.16826416627163754,2,0.9092256469059211,0.16627557030644302,2,0,0,0
v3_pelvis_proxy:v3_left_hand_proxy,2,0.08060624592967934,1.0000000000000009,0.2811557012333305,0.0,0.3664034761640703,FLAT,0.0,-1,0.008070450192588629,0.07026752580488686,0.01804105100106646,UNLOADED,0.13585359741714265,0.0,0.09780467123632719,0.05299660113057107,0.2811557012333305,0.05263052892727074,0,ok,0.0,0.3722766610747543,FLAT,0.0,-1,0.03283276856725243,0.07107145113443179,0.26156824520661326,UNLOADED,0.11847527563658383,0.0,0.10732633689396809,0.0,-0.0050000000000000044,0.735,0,staged_v3,0.15950126196980008,2,0.8820179057413438,0.15795844390556124,2,0,0,0
v3_pelvis_proxy:v3_left_hand_proxy,3,0.060612358925929796,1.0000000000000009,0.3020766854704457,0.0,0.43123050418052344,FLAT,0.0,-1,0.01515949123354116,0.06541813087327505,0.01953193524485242,UNLOADED,0.193244425513167,0.0,0.09686391692592976,0.05694011375368241,0.3020766854704457,0.05199504520931392,0,ok,0.0,0.3773995557652508,FLAT,0.0,-1,0.06910060487959173,0.06462597146746488,0.3716313769892244,UNLOADED,0.1422094283454849,0.0,0.1060972302335689,0.0,-0.0050000000000000044,0.73,0,staged_v3,0.14966061771632708,2,0.854617762058202,0.14820275836655636,2,0,0,0
v3_pelvis_proxy:v3_left_hand_proxy,4,0.057215081503423984,1.0000000000000009,0.32975061655063925,0.0,0.4733749766521498,FLAT,0.0,-1,0.019431500321096477,0.06149897214116576,0.020200717627177317,UNLOADED,0.2473580328939392,0.0,0.09534640274673992,0.06215652686833159,0.32975061655063925,0.051223688899551895,0,ok,0.0,0.3301550241945985,FLAT,0.0,-1,0.11877742586268078,0.058663550719069375,0.46635568368057784,UNLOADED,0.14900461310953766,0.0,0.10471615648513635,0.0,-0.0050000000000000044,0.725,0,staged_v3,0.14011655498282138,2,0.8258196028601241,0.13844683905700822,2,0,0,0
v3_pelvis_proxy:v3_left_hand_proxy,5,0.06318982401884832,1.0000000000000009,0.36029885024189784,0.0,0.4835558697093349,FLAT,0.0,-1,0.043782433119522096,0.0587364933983654,0.019394329933446947,SUPPORT,0.2927219518413388,0.0,0.09321484180854252,0.06791473326100772,0.36029885024189784,0.05141636593686953,0,ok,0.0,0.3268270197305968,FLAT,0.0,-1,0.07145439627532105,0.055287778634902605,0.5443766019682461,UNLOADING,0.14899110227935308,0.0,0.10249415809694952,0.0,-0.0050000000000000044,0.72,0,staged_v3,0.13192404728325074,2,0.793574588159268,0.12906483203287342,2,0,0,0
v3_pelvis_proxy:v3_left_hand_proxy,6,0.06408334090528335,1.0000000000000009,0.3922279666543222,0.0,0.5013028106165648,FLAT,0.0,-1,0.034712004824753125,0.05677615670456245,0.018325408324056842,SUPPORT,0.33260080785667484,0.0,0.09114354334123492,0.07393322991442086,0.3922279666543222,0.05199670694762827,0,ok,0.0,0.36419086072553664,FLAT,0.0,-1,0.05749576698729087,0.05376745177612427,0.6350664654538467,UNLOADING,0.1466931531042992,0.0029858714965680655,0.10098846035289502,0.0,-0.0050000000000000044,0.715,0,staged_v3,0.13567772637826828,2,0.75803838322279,0.13002830684579508,2,0,0,0
v3_pelvis_proxy:v3_left_hand_proxy,7,0.06433929215969433,1.0000000000000009,0.47719106500578756,0.018884160050051352,0.5264101047773203,FLAT,0.0,-1,0.021770897069394498,0.05528325964630498,0.017559492522379906,SUPPORT,0.3695139683810954,0.0,0.08927096069966349,0.0899483966508523,0.47719106500578756,0.05300200191200605,0,ok,0.0,0.3875231943732182,FLAT,0.0,-1,0.06676509803737544,0.056577971912310565,0.7123796373911442,UNLOADING,0.14165978290153747,0.004041009957246648,0.1002618089397305,0.0,-0.0050000000000000044,0.71,0,staged_v3,0.13874215588690114,2,0.7186587134368048,0.1299376440977659,2,0,0,0
v3_pelvis_proxy:v3_left_hand_proxy,8,0.0650549193669784,1.0000000000000009,0.5461981271980919,0.03661929330079799,0.5620204204762028,FLAT,0.0,-1,0.004799094699962903,0.054302930187991275,0.01767118012930733,SUPPORT,0.3913502468285055,0.0,0.08792627807911074,0.10295592142860174,0.5461981271980919,0.054549104456590336,0,ok,0.0,0.30180336723619455,FLAT,0.0,-1,0.295711676603935,0.06176214902935427,0.7674677922962378,UNLOADING,0.13144824295501234,0.0016112405854576267,0.10269865708845782,0.0,-0.0050000000000000044,0.705,0,staged_v3,0.13459094383539702,2,0.6764153662599093,0.12435670643447926,2,0,0,0
v3_pelvis_proxy:v3_left_hand_proxy,9,0.06563427862268043,1.0000000000000009,0.5008724152262726,0.05415896597368179,0.5889498414734364,FLAT,0.0,-1,0.005402018791949257,0.053955645166267045,0.017751207796673885,SUPPORT,0.4030801974628044,0.0,0.08731433769616492,0.09441222600363808,0.5008724152262726,0.05654423769726111,0,ok,0.0,0.2350446987371351,FLAT,0.0,-1,0.40568793904844513,0.0671155347891663,0.8064064817249521,UNLOADING,0.11917036970149925,0.0,0.10642324056665267,0.0,-0.0050000000000000044,0.7,0,staged_v3,0.12815542809817249,2,0.6338477098771285,0.11872630772973089,2,0,0,0
v3_pelvis_proxy:v3_left_hand_proxy,10,0.06469580245397945,1.0000000000000009,0.416367472880777,0.06929424958261968,0.5936512027286156,FLAT,0.0,-1,0.01887820533071913,0.0539666535823074,0.01824801234300627,SUPPORT,0.4124641579702435,0.0,0.08742193779899357,0.0784834196397598,0.416367472880777,0.05995465593289362,0,ok,0.0,0.18305299543326325,FLAT,0.0,-1,0.8608980715647588,0.06799823729602325,0.8334268095200854,UNLOADING,0.10650199138360276,0.0,0.11295161836631086,0.0,-0.0050000000000000044,0.695,0,staged_v3,0.11392880961165766,2,0.5950305375493813,0.10838249706194264,2,0,0,0
v3_pelvis_proxy:v3_left_hand_proxy,11,0.05881495898776254,1.0000000000000009,0.3772471093810704,0.0867597553989509,0.596874968936303,FLAT,0.0,-1,0.021826863607803813,0.05247084247397304,0.018950578246399202,SUPPORT,0.4199713263761948,0.0,0.08597822069773642,0.07110940484517336,0.3772471093810704,0.06394931614915784,0,ok,0.0,0.14256181618699174,FLAT,0.0,-1,0.9888144866135216,0.07226109493600809,0.8527375596843454,UNLOADING,0.09428656417844926,0.0,0.12023273412272223,0.0,-0.0050000000000000044,0.69,0,staged_v3,0.10471136251812763,2,0.5602167843679119,0.09766618976403453,2,0,0,0
v3_torso_proxy:v3_right_forearm_proxy,12,0.06494144216596064,1.0000000000000009,0.31498698767833694,0.1022266225663135,0.5951661717706601,FLAT,0.0,-1,0.028852420135726756,0.05085039326183438,0.019730923883619148,SUPPORT,0.42597706110095584,0.0,0.08414883935178342,0.05937364838799852,0.31498698767833694,0.06790248392029295,0,ok,0.0,0.11102725408251085,FLAT,0.0,-1,1.2668108118349894,0.07322753513703985,0.8675837258291195,UNLOADING,0.08291731434110362,0.0,0.12639075428623892,0.0,-0.0050000000000000044,0.6849999999999999,0,staged_v3,0.08923148521676989,2,0.5322819059779395,0.0856014322256531,2,0,0,0
v3_pelvis_proxy:v3_right_hand_proxy,13,0.07319447175622307,1.0000000000000009,0.2599496290076768,0.11715971186659126,0.5913128631992761,FLAT,0.0,-1,0.0312469337485435,0.048393279424132685,0.020290065965756894,SUPPORT,0.4307816488807647,0.0,0.08150240673078199,0.048999350687634585,0.2599496290076768,0.06341431964534756,0,ok,0.0,0.08646811242172729,FLAT,0.0,-1,1.441770717549033,0.07250478771665145,0.8797380203853695,UNLOADING,0.07255753034571416,0.0,0.1293988959531423,0.0,-0.0050000000000000044,0.6799999999999999,0,staged_v3,0.07891793877576,2,0.5103731816252361,0.07638864723207531,2,0,0,0
v3_pelvis_proxy:v3_right_hand_proxy,14,0.1156290324675487,1.0000000000000009,0.2558795497402745,0.1209901135246939,0.5911869535179228,FLAT,0.0,-1,0.030615255424547565,0.045185513140304376,0.020690708774668012,SUPPORT,0.4346253191046118,0.0,0.0781579807714598,0.04823215882007463,0.2558795497402745,0.060366595782151575,0,ok,0.0,0.06734143366474749,FLAT,0.0,-1,1.5157237525437028,0.07034142225663585,0.8880319951539353,UNLOADING,0.0632693240064572,0.0,0.13011939228472635,0.0,-0.0050000000000000044,0.6749999999999999,0,staged_v3,0.07384651994742764,2,0.49737637461819995,0.07358863546376009,2,1,0,0
v3_pelvis_proxy:v3_right_hand_proxy,15,0.07892130119138968,1.0000000000000009,0.30556671168642613,0.12125754315219059,0.5858208759573656,FLAT,0.0,-1,0.03590699170012269,0.04154641477675042,0.021403517629001834,SUPPORT,0.43770025528368944,0.0,0.07439970820538336,0.057597968196940005,0.30556671168642613,0.05822295541378969,0,ok,0.0,0.05244556127125641,FLAT,0.0,-1,1.6443695242058476,0.07010444333520931,0.8936890665023474,UNLOADING,0.05502735437361411,0.0,0.12917396558659425,0.0,-0.0050000000000000044,0.6699999999999999,0,staged_v3,0.07180519318493511,2,0.4866766896900801,0.07353391144790077,2,1,0,0
v3_pelvis_proxy:v3_right_hand_proxy,16,0.07490070907614248,1.0000000000000009,0.27207813685902815,0.12153222686605353,0.5830413166923404,FLAT,0.0,-1,0.03561086077286886,0.03771936012413035,0.02191426749158625,SUPPORT,0.44016020422695157,0.0,0.07027447679555157,0.05128552055752328,0.27207813685902815,0.05629663487988823,0,ok,0.0,0.040844644186673836,FLAT,0.0,-1,1.641471663071117,0.0696062995006643,0.8713005764816946,UNLOADING,0.04791725834318856,0.0,0.1267060038028638,0.0,-0.0050000000000000044,0.6649999999999999,0,staged_v3,0.07262431133131264,2,0.47897699191368537,0.07447784316663003,2,1,0,0
v3_pelvis_proxy:v3_right_hand_proxy,17,0.11587001263475505,1.0000000000000009,0.39143491605090475,0.12182677560007416,0.5755421964922849,FLAT,0.0,-1,0.03900759669351091,0.03331217375237122,0.02228023575999924,SUPPORT,0.44212816338156125,0.0,0.06509410484224162,0.07378374339744359,0.39143491605090475,0.053904918494183524,0,ok,0.0,0.03180984087685449,FLAT,0.0,-1,1.65482695274807,0.06880078240771047,0.8254057984436206,UNLOADING,0.04186533768980875,0.0,0.12125435877042254,0.0,-0.0050000000000000044,0.6599999999999999,0,staged_v3,0.08184520058412315,2,0.47629141988823304,0.08117755730581239,2,0,0,0
v3_pelvis_proxy:v3_right_hand_proxy,18,0.07391664429998063,1.0000000000000009,0.38216751486747963,0.12198380311705216,0.5662511569710851,FLAT,0.0,-1,0.04145294535908614,0.029044790341564795,0.02457774861643477,SUPPORT,0.443702530705249,0.0,0.060292084332719306,0.07203687942890052,0.38216751486747963,0.051051390557213305,0,ok,0.0,0.024773528984271063,FLAT,0.0,-1,1.6125121721495426,0.067637794967146,0.7635350885227832,UNLOADING,0.03672144235387091,0.0,0.11486111151099745,0.0,-0.0050000000000000044,0.6549999999999999,0,staged_v3,0.09806932348343692,2,0.47603596222112515,0.09660572792411681,2,0,0,0
v3_pelvis_proxy:v3_right_hand_proxy,19,0.07505236348500645,1.0000000000000009,0.39166880301459306,0.12214437753306912,0.5597448478920701,FLAT,0.0,-1,0.04340684841806535,0.024963209935733775,0.027609088026075333,SUPPORT,0.4449620245641992,0.0014172444655699938,0.05564245758780191,0.07382783005145721,0.39166880301459306,0.048798750634967594,0,ok,0.0,0.01929364377239245,FLAT,0.0,-1,1.5517807959196799,0.0670120532062828,0.7053860440679058,UNLOADING,0.03228754726276495,0.0,0.10861282687385793,0.0,-0.0050000000000000044,0.6499999999999999,0,staged_v3,0.11886878713831095,2,0.4774832662297834,0.117348393468025,2,0,0,0
v3_pelvis_proxy:v3_right_hand_proxy,20,0.06217436668611258,1.0000000000000009,0.31996054200232205,0.12237008785279767,0.5619513569165977,FLAT,0.0,-1,0.038426838901145274,0.02140764723427257,0.031228886347967017,SUPPORT,0.44596961965135934,0.005153797083125786,0.05140588930748338,0.06031114129158621,0.31996054200232205,0.047363371803095924,0,ok,0.0,0.015025904878239975,FLAT,0.0,-1,1.3433124427168623,0.06583148292563226,0.6563370339013458,UNLOADING,0.028412732945051696,0.0,0.10296949107019969,0.0,-0.0050000000000000044,0.6449999999999999,0,staged_v3,0.1422647602548926,2,0.47870056480175555,0.14088451595879264,2,0,0,0
v3_pelvis_proxy:v3_right_hand_proxy,21,0.04838742384287227,1.0000000000000009,0.29555195484898983,0.12276515884916864,0.5620095448743144,FLAT,0.0,-1,0.04130606047870506,0.018181815245854438,0.035120777579849966,SUPPORT,0.4467756957210875,0.008574223633138062,0.0475738969068836,0.05571023100646133,0.29555195484898983,0.04659735781529806,0,ok,0.0,0.011702186485529736,AIR,0.0,-1,1.1678162529207399,0.06374476585872918,0.6131457735199899,UNLOADING,0.025000491138756374,0.0,0.09870758350024385,0.0,-0.0050000000000000044,0.6399999999999999,0,staged_v3,0.15988441259330777,2,0.48075166231419414,0.1586479922888478,2,0,0,0
v3_pelvis_proxy:v3_right_hand_proxy,22,0.03614124792398162,1.0000000000000009,0.2654568520039119,0.12343952636200312,0.5530076574122432,FLAT,0.0,-1,0.04641060688080448,0.015481562309822922,0.0388869603703096,SUPPORT,0.44742055657687,0.01146278570869256,0.04439533975370864,0.050037437766033754,0.2654568520039119,0.04646048945684757,0,ok,0.0,0.00911367199857817,AIR,0.0,-1,0.9405025305513879,0.059876412421445174,0.5709098780886618,UNLOADING,0.021987647637352586,0.0,0.09701895703183289,0.0,-0.0050000000000000044,0.6349999999999999,0,staged_v3,0.1650363098518975,2,0.4839193341968229,0.1639342103155306,2,0,0,0
v3_pelvis_proxy:v3_right_hand_proxy,23,0.040859119984818414,1.0000000000000009,0.2329501982201674,0.12443998771756558,0.5505560945826603,FLAT,0.0,-1,0.04098068696971368,0.013141035336880758,0.04509701021860905,SUPPORT,0.447936445261496,0.014113815174049697,0.04132911570733944,0.043910077882845844,0.2329501982201674,0.04701508690993213,0,ok,0.0,0.007097734889148615,AIR,0.0,-1,0.7884349626146002,0.05783535917447316,0.5467619037299223,UNLOADING,0.01930612138187185,0.0,0.09202013404047205,0.0,-0.0050000000000000044,0.6299999999999999,0,staged_v3,0.16162045808742284,2,0.4869503323454575,0.16116493004238264,2,0,0,0
v3_pelvis_proxy:v3_right_hand_proxy,24,0.04213024418842846,1.0000000000000009,0.20255537950144867,0.1256332541204741,0.5555055423433204,FLAT,0.0,-1,0.04133812194246502,0.010999628456900265,0.05894380027849867,SUPPORT,0.4483491562091968,0.01694756155702467,0.03835667270298741,0.038180789531210624,0.20255537950144867,0.04795537431615819,0,ok,0.0,0.005527721489702172,AIR,0.0,-1,0.6954039919923831,0.05676226507606326,0.5341114400110558,UNLOADING,0.016916004356584056,0.0,0.08534560393471832,0.0,-0.0050000000000000044,0.6249999999999999,0,staged_v3,0.15539635309819338,2,0.48958406517748043,0.15529166397225028,2,0,0,0
v3_pelvis_proxy:v3_right_hand_proxy,25,0.0341446737597603,1.0000000000000009,0.2547184763096785,0.12710420590663796,0.5402942641794559,FLAT,0.0,-1,0.06077046537213145,0.008914791181642002,0.09848614928104313,SUPPORT,0.44867932496735746,0.021009516282410157,0.03661133983744231,0.04801330163448431,0.2547184763096785,0.04879421894620016,0,ok,0.0,0.004304993824780685,AIR,0.0,-1,0.5563162275837724,0.05154031431043553,0.5267337940718417,UNLOADING,0.014790490604786063,0.0,0.0789808146426373,0.0,-0.0050000000000000044,0.6199999999999999,0,staged_v3,0.14966776150993455,2,0.4923595974725228,0.14869772430363618,2,0,0,0
v3_pelvis_proxy:v3_right_hand_proxy,26,0.03927801629176682,1.0000000000000009,0.3191682211140234,0.1286257493660445,0.5183027320717132,FLAT,0.0,-1,0.07054296980189657,0.007337110967067844,0.1724047484945296,SUPPORT,0.44894345997388596,0.026283126457658637,0.03544744257639566,0.060161792322668314,0.3191682211140234,0.04964662211314219,0,ok,0.0,0.0033527325618567597,FLAT,0.0,-1,0.49207715093896104,0.043977099675752584,0.5103254653999671,UNLOADING,0.012912098769368852,0.006539173594245773,0.07391942847774814,0.0,-0.0050000000000000044,0.6149999999999999,0,staged_v3,0.14443718247247309,2,0.494619877319557,0.14265835053469794,2,0,0,0
v3_pelvis_proxy:v3_right_hand_proxy,27,0.07404041484740934,1.0000000000000009,0.475978542982865,0.1299499869660425,0.48483251319486015,FLAT,0.0,-1,0.08075749278740475,0.02024215269942614,0.271778994396904,UNLOADING,0.38480867997761653,0.01834679702041906,0.04555061372119871,0.08971984163408055,0.475978542982865,0.050043914579883844,0,ok,0.0,0.002611110744603042,FLAT,0.0,-1,0.41760063825502314,0.03651821164577069,0.4762693296417253,UNLOADING,0.011262873056694822,0.012295254836315578,0.07437800069937535,0.0,-0.0050000000000000044,0.6099999999999999,0,staged_v3,0.1446238693990012,2,0.4966337666614161,0.14130103965630048,2,0,0,0
v3_pelvis_proxy:v3_right_hand_proxy,28,0.06628856546815559,1.0000000000000009,0.3832320891596405,0.13447259018492155,0.4439301313600711,FLAT,0.0,-1,0.0899168281546572,0.023107770033687157,0.4169688292698741,UNLOADING,0.3298360114093856,0.02274067142980655,0.048554345044805505,0.07223754695542772,0.3832320891596405,0.050544636062771986,0,ok,0.0,0.002033535092583008,FLAT,0.0,-1,0.27949716784955714,0.027436912795090772,0.4029873781785103,UNLOADING,0.009827326351051132,0.01771245611383475,0.07285842380882103,0.0,-0.0050000000000000044,0.6049999999999999,0,staged_v3,0.13767416545860706,2,0.49822995537816195,0.13372661413120743,2,0,0,0
v3_pelvis_proxy:v3_right_hand_proxy,29,0.7504071734151674,1.0000000000000009,1.0,0.10619358577604572,0.4112273598786511,FLAT,0.0,-1,0.09681368062500643,0.026691873112480266,0.5576040486451697,UNLOADING,0.2827165812080448,0.02618832931977822,0.04840213830126348,0.1884955592153876,1.0,0.05084083009330667,0,ok,0.0,0.0015837187225068285,FLAT,0.0,-1,0.18686333035484012,0.05995930328864921,0.3350286120537185,LOADING,0.008573869391904096,0.0,0.10195767516953434,0.0,-0.0050000000000000044,0.5999999999999999,0,staged_v3,0.19417795397198861,2,0.5036604098966471,0.12323207559443448,2,0,0,0
v3_pelvis_proxy:v3_right_hand_proxy,30,0.8216820207133186,0.8999999999999897,0.999999994715169,0.08702960913662176,0.3924870962229069,FLAT,0.0,-1,0.09136929445174304,0.10835006339461209,0.6830094491831851,UNLOADING,0.24232849817832414,0.0,0.0937653091812101,0.18849555821922043,0.999999994715169,0.07299747509268212,0,ok,0.0,0.003958924492947569,FLAT,0.0,-1,0.14372905257204543,0.027360377360272074,0.27211456186157446,LOADING,0.007760694262932952,0.01124535073280665,0.0831488406015833,1.2500000000001399,-0.0044999999999999485,0.5954999999999999,0,staged_v3,0.2350925596366991,2,0.5341772045417811,0.2321869659834344,2,1,0,0
v3_pelvis_proxy:v3_right_hand_proxy,31,0.8907107920850423,0.7749999999999924,0.9999948032461659,0.13130578046418206,0.35985682706924094,FLAT,0.0,-1,0.10484431588801568,0.018377804535503375,0.7728663451837203,UNLOADING,0.20771014129570642,0.045265512723682635,0.02549632879214523,0.18849457965036753,0.9999948032461659,0.05355001482638094,0,ok,0.0,0.03041842175271229,FLAT,0.0,-1,0.11537464145378411,0.1156722659810547,0.21560546721050372,LOADING,0.010980564154128883,0.0,0.12927952117201652,1.5624999999999667,-0.003874999999999962,0.591625,0,staged_v3,0.2944314180394947,2,0.5199424128232042,0.2956999560050876,2,1,0,0
v3_pelvis_proxy:v3_right_hand_proxy,32,0.3773908579991197,0.5749999999999922,0.9999999915781267,0.14488023542049044,0.3028510418559272,FLAT,0.0,-1,0.121924920503329,0.02730891789919576,0.8372516246390764,UNLOADING,0.17803726396774835,0.03955366333275806,0.03466724959875016,0.18849555762790188,0.9999999915781267,0.07110655781100653,0,ok,0.0,0.07013979485797513,FLAT,0.0,-1,0.10331668545111629,0.04187939029161533,0.174086546806362,LOADING,0.020370331358791828,0.0,0.08619516745639122,2.500000000000002,-0.002874999999999961,0.58875,0,staged_v3,0.294012193349118,2,0.5274192680496238,0.2957024716598655,2,1,1,1
v3_pelvis_proxy:v3_right_hand_proxy,33,0.6896295416044593,0.7749999999999924,0.999972193320689,0.0790245430019886,0.23586062855138692,FLAT,0.0,-1,0.20778866072058794,0.06232349740822485,0.8833856933088824,UNLOADING,0.15260336911521288,0.022352863848109153,0.04681642081733496,0.18849031777982095,0.999972193320689,0.06313344900578113,0,ok,0.0,0.08936535403181103,FLAT,0.0,-1,0.1188143794123483,0.05582702612106913,0.14861775726201476,LOADING,0.03151308019476893,0.0,0.08818130593651977,-2.500000000000002,-0.003874999999999962,0.584875,0,staged_v3,0.33486607209460106,2,0.515290232446995,0.312706903328768,2,0,0,0
v3_pelvis_proxy:v3_right_hand_proxy,34,0.9999999999999996,0.5749999999999922,1.0000000000000002,0.04196022656831042,0.18368844221153388,FLAT,0.0,-1,0.2715791607973533,0.2135754979748009,0.9164421979949597,UNLOADING,0.13098324120193258,0.0,0.21309983814372474,0.18849555921538763,1.0000000000000002,0.036313777820494844,0,ok,0.0,0.10245054363404665,FLAT,0.0,-1,0.12381857592017495,0.042614706193428185,0.1318119067780811,LOADING,0.04299973258125354,0.0,0.052661230700084063,2.500000000000002,-0.002874999999999961,0.5820000000000001,0,staged_v3,0.32861321608599753,2,0.4670840361978332,0.3281574955626824,2,0,0,0
v3_pelvis_proxy:v3_right_hand_proxy,35,1.0,0.374999999999992,1.0000000000000002,0.10467695509640283,0.1430567026355091,FLAT,0.0,-1,0.5191798010351538,0.08318204723401791,0.9401282186206633,UNLOADING,0.11287637593162268,0.01256415079883618,0.05944226013219698,0.18849555921538763,1.0000000000000002,0.01915392209662846,0,ok,0.0,0.13122533962670935,FLAT,0.0,-1,0.11124487557055589,0.08830633929216203,0.12208945220130474,LOADING,0.057440608024353676,0.0,0.09411049659106727,2.500000000000002,-0.00187499999999996,0.5801250000000001,0,staged_v3,0.38628294118997214,2,0.5208063599700584,0.38628294118997214,2,1,0,0
v3_pelvis_proxy:v3_right_hand_proxy,36,0.5576364951874125,0.17499999999999183,0.7671610501832039,0.1627712663325728,0.11141267203614759,AIR,0.0,-1,0.707901672929545,0.0624618289509153,0.9570999940218765,UNLOADING,0.0967511793699623,0.05605923914172496,0.01679576055936886,0.14460645116254706,0.7671610501832039,0.02087478457223277,0,ok,0.0,0.1497405619277812,FLAT,0.0,-1,0.1100590945277186,0.079352072642829,0.11748905508151707,LOADING,0.0723820233793851,0.0,0.10315626817486231,2.500000000000002,-0.0008749999999999591,0.5792500000000002,0,staged_v3,0.28883665547701065,2,0.5276012214698423,0.28883665547701065,2,1,0,0
v3_pelvis_proxy:v3_right_hand_proxy,37,0.8046609812631654,0.02500000000000835,0.99041748046875,0.020528745442318398,0.08676827622582936,AIR,0.0,-1,1.1103042556481122,0.2449128914387705,0.9613972944493003,UNLOADING,0.08292958231711055,0.0,0.17033477198652652,0.18668929683765226,0.99041748046875,0.009990377087246545,0,ok,0.0,0.16486471030971228,FLAT,0.0,-1,0.10733101993397531,0.00861372210297209,0.11497696455433715,LOADING,0.08708743197474236,0.022135126124744768,0.025291540395891973,2.500000000000002,0.00012500000000004174,0.5793750000000002,1,staged_v3,0.23282504452903416,2,0.5493156184653333,0.20547554172665955,2,0,1,1
v3_pelvis_proxy:v3_right_hand_proxy,38,0.4007499910005506,0.22500000000000853,0.9999982968723503,0.12270901727454944,0.06757520147043188,AIR,0.0,-1,1.4874769177231424,0.12566429570993382,0.9172784428407196,UNLOADING,0.07175717973576982,0.02303230977358634,0.04783161236844965,0.18849523818338887,0.9999982968723503,0.014358323666064703,0,ok,0.0,0.15568831851701853,FLAT,0.0,-1,0.12630137651596476,0.025109517812478367,0.11428307096912167,LOADING,0.09724910145236887,0.00560463573597772,0.059104729135753306,2.500000000000002,0.0011250000000000426,0.5805000000000002,0,staged_v3,0.2385390014693219,2,0.5678307168160658,0.2398743841860847,2,1,0,0
v3_pelvis_proxy:v3_right_hand_proxy,39,0.04436661835974726,0.02500000000000835,0.4121691013944966,0.06890873221603043,0.0526276198213803,AIR,0.0,-1,1.692957604630298,0.15002628534022508,0.8395738927342816,UNLOADING,0.06150615405923128,0.0,0.0670462067227351,0.07769204525865943,0.4121691013944966,0.009990487831293443,0,ok,0.0,0.15425186640506905,FLAT,0.0,-1,0.11850366648404749,0.02595365638947301,0.11366897447409094,LOADING,0.10514292414991316,0.004729792334231538,0.04901559997272888,-2.500000000000002,0.00012500000000004174,0.5806250000000003,1,staged_v3,0.24788712940783628,2,0.5818323973357202,0.24939855110072393,2,1,1,1
v3_pelvis_proxy:v3_right_hand_proxy,40,0.8883666992187498,0.22500000000000853,0.6387768231511869,0.09471867319903911,0.040986431528075164,AIR,0.0,-1,2.096690641517698,0.1454179024335826,0.7510127194834951,UNLOADING,0.0529377508718844,0.016569018896083497,0.045981617078091265,0.12040659449371172,0.6387768231511869,0.012533022801810637,0,ok,0.0,0.12483077053853327,FLAT,0.0,-1,0.145799797522967,0.00318837085602268,0.11321070178850307,LOADING,0.1062540576001438,0.027472164233402475,0.020470011642341007,2.500000000000002,0.0011250000000000426,0.5817500000000003,1,staged_v3,0.19059392724426885,2,0.6053816178755775,0.19059392724426885,2,1,1,1
v3_pelvis_proxy:v3_right_hand_proxy,41,0.9999999999999999,0.4250000000000087,1.0000000000000002,0.13162153044001385,0.03192026496936746,AIR,0.0,-1,2.1314205420803254,0.12670009151986392,0.661668568707779,UNLOADING,0.04537521503304377,0.019106240768418506,0.03897718766697045,0.18849555921538763,1.0000000000000002,0.03016158618199538,0,ok,0.0,0.10584647888242323,FLAT,0.0,-1,0.14128757112566775,0.06666963681055707,0.11194631008770504,LOADING,0.10450310024808893,0.0,0.06510217246638132,2.500000000000002,0.0021250000000000435,0.5838750000000004,0,staged_v3,0.24784406532209174,2,0.6333378871373678,0.22200111045900958,2,0,0,0
v3_pelvis_proxy:v3_right_hand_proxy,42,0.4016231858821833,0.6250000000000089,0.6588914781410022,0.2214588724880534,0.02485952735399011,AIR,0.0,-1,2.1673380878512263,0.09729051709236289,0.573320288000842,UNLOADING,0.038893041456894664,0.02499990206504754,0.02866611233499456,0.12419811763444155,0.6588914781410022,0.03235924621576891,0,ok,0.0,0.08243332063898212,FLAT,0.0,-1,0.15471955534190004,0.025472234045461267,0.10997987307536843,LOADING,0.10005513085520847,0.005026759608307157,0.054980142434511596,2.500000000000002,0.0031250000000000444,0.5870000000000004,0,staged_v3,0.2634484804770633,2,0.6504548592576698,0.2634484804770633,2,1,0,0
v3_pelvis_proxy:v3_right_hand_proxy,43,0.20705543593258324,0.8250000000000091,0.47008021729191063,0.2798753430876121,0.019360619370072506,AIR,0.0,-1,2.1987528823868128,0.09137495821010994,0.5100159786389594,UNLOADING,0.03333689267733828,0.019653513296229032,0.030847285635718945,0.08860803343452961,0.47008021729191063,0.033782825232793634,0,ok,0.0,0.06419913466481547,FLAT,0.0,-1,0.16866694208208544,0.007038311726712619,0.10690403684049107,LOADING,0.09395239616267588,0.023306890115311937,0.046163042845977956,2.500000000000002,0.004125000000000045,0.5911250000000005,0,staged_v3,0.1843632332203242,2,0.6466511754311935,0.1843632332203242,2,1,0,0
v3_pelvis_proxy:v3_right_hand_proxy,44,0.352571826850594,1.0000000000000009,0.5368904391240673,0.0,0.015078065526159878,AIR,0.0,-1,2.2120601730805203,0.11878362540407314,0.4646564588869211,UNLOADING,0.028574479437718528,0.0,0.06846022899806693,0.10120146356008608,0.5368904391240673,0.03359576470147918,0,ok,0.0,0.06778408672401111,FLAT,0.0,-1,0.12828896144772253,0.005324284756584326,0.10257195564043764,LOADING,0.08922081676621194,0.02480431302543756,0.03069832153161086,2.187499999999898,0.0050000000000000044,0.5961250000000005,0,staged_v3,0.1740356254715618,2,0.6346955231357732,0.1536558295193025,2,1,0,0
v3_pelvis_proxy:v3_right_hand_proxy,45,0.403781077839379,1.0000000000000009,0.7620564702898,0.0,0.011742809238975267,AIR,0.0,-1,2.3768721915773767,0.11738004906980318,0.4321549427519954,UNLOADING,0.025444996115838496,0.0,0.08367116423347716,0.14364426052098025,0.7620564702898,0.04446588698268264,0,ok,0.0,0.05279029982043987,FLAT,0.0,-1,0.17877306599377277,0.012322271696550934,0.09291439262187112,LOADING,0.08331574596765269,0.017323447934542623,0.03930179757020442,0.0,0.0050000000000000044,0.6011250000000005,0,staged_v3,0.16174765089968815,2,0.6171115709530114,0.1487299547482677,2,0,0,0
v3_pelvis_proxy:v3_right_hand_proxy,46,0.26701771184450157,0.8000000000000007,0.4628263260843634,0.0,0.009145309030772066,AIR,0.0,-1,2.4194783001439566,0.09109675311879065,0.4088665888002019,UNLOADING,0.022582296345552512,0.0,0.05774340398694251,0.08724070715487542,0.4628263260843634,0.04379126857053593,0,ok,0.0,0.05795576744294783,FLAT,0.0,-1,0.13209023795806904,0.0031495205252833067,0.0859944463352287,LOADING,0.07898090987366777,0.02615020179147813,0.04005228028422483,-2.500000000000002,0.0040000000000000036,0.6051250000000005,0,staged_v3,0.15748712797339143,2,0.6111390587933746,0.15748712797339143,2,1,0,0
v3_pelvis_proxy:v3_right_hand_proxy,47,0.3314286284466471,1.0000000000000009,0.6148870175327583,0.0,0.007122373834595276,AIR,0.0,-1,2.5082276643127317,0.06626063577163653,0.392179754022017,UNLOADING,0.019974700155629417,0.0005797400047528115,0.04402924769634804,0.11590347222411912,0.6148870175327583,0.07341211950751937,0,ok,0.0,0.05788417130048218,FLAT,0.0,-1,0.13700542982731456,0.01889104941352624,0.07846135731735425,LOADING,0.07531827998500895,0.010032018452341473,0.044965301022619884,2.500000000000002,0.0050000000000000044,0.6101250000000005,0,staged_v3,0.16514976680912002,2,0.5801711891837881,0.1624181636763677,2,0,0,0
v3_pelvis_proxy:v3_right_hand_proxy,48,0.22696144372296506,0.8000000000000007,0.4636319110337612,0.0,0.005546910319710086,AIR,0.0,-1,2.5197216377317977,0.06546048987963249,0.38022311442907586,UNLOADING,0.01761229253375252,0.0,0.05425678054576012,0.08739255634040766,0.4636319110337612,0.08227261293178702,0,ok,0.0,0.08620002366063706,FLAT,0.0,-1,0.11155540130811308,0.004827744570323246,0.07320585422624973,LOADING,0.0762325594468546,0.023832548140989243,0.04212728408220608,-2.500000000000002,0.0040000000000000036,0.6141250000000005,0,staged_v3,0.16649417692327542,2,0.5742013188970194,0.167534618985716,2,1,0,0
v3_pelvis_proxy:v3_right_hand_proxy,49,0.2010074111176169,1.0000000000000009,0.5372707971804734,0.0,0.004319938100617072,AIR,0.0,-1,2.5310485115857095,0.051493311575098386,0.3716558077914873,UNLOADING,0.01548402331696259,0.0,0.05032587237340139,0.10127315936463044,0.5372707971804734,0.10208595421371328,0,ok,0.0,0.1167000780067485,FLAT,0.0,-1,0.10412582241923075,0.03425565143255331,0.06582288877054415,LOADING,0.08278975590800297,0.0,0.05316501693887957,2.500000000000002,0.0050000000000000044,0.6191250000000005,0,staged_v3,0.17343057521235744,2,0.5468923257988961,0.1711568436694821,2,0,0,0
v3_pelvis_proxy:v3_right_hand_proxy,50,0.1750496549502027,0.8000000000000007,0.5325534569533951,0.0,0.0033643711755805728,AIR,0.0,-1,2.55172998313347,0.05146999733319904,0.3655170643383685,UNLOADING,0.013576968000273325,0.0,0.0646067638624129,0.10038396168051805,0.5325534569533951,0.10536951281744072,0,ok,0.0,0.16664810132842076,FLAT,0.0,-1,0.07179554173740228,0.014056026593910236,0.059663851567875265,LOADING,0.0975728514757411,0.013927165984483528,0.05170387755885096,-2.500000000000002,0.0040000000000000036,0.6231250000000005,0,staged_v3,0.1640279354523587,2,0.5519531958791871,0.16536401483900573,2,1,0,0
v3_torso_proxy:v3_left_forearm_proxy,51,0.06780778020561415,0.6000000000000005,0.3863291340017646,0.0,0.002620174906085013,AIR,0.0,-1,2.5578334393710382,0.04779678129822564,0.36111846244662893,UNLOADING,0.011876541339185472,0.0,0.0738742532734047,0.07282132615485903,0.3863291340017646,0.10877347377867044,0,ok,0.0,0.2129185927108992,FLAT,0.0,-1,0.06724380338030443,0.011832553063171904,0.05567363132039087,LOADING,0.11827120947640411,0.01595112850284764,0.050361656293113496,-2.500000000000002,0.0030000000000000027,0.6261250000000005,0,staged_v3,0.1616916769604164,2,0.5452299642640462,0.16344044639303404,2,1,0,0
v3_torso_proxy:v3_left_forearm_proxy,52,0.052047155278769165,0.40000000000000036,0.35363486879125333,0.0,0.002040594268643053,AIR,0.0,-1,2.5677742129159813,0.04261129035650128,0.3579667264684485,UNLOADING,0.010367053921908493,0.00028704596692114004,0.08207645750567202,0.06665860235086751,0.35363486879125333,0.11181860937199758,0,ok,0.0,0.2513676835544148,FLAT,0.0,-1,0.06030887227162691,0.013720390026338215,0.0523589213304981,SUPPORT,0.18461696758112328,0.013897556040186693,0.05144128633992172,-2.500000000000002,0.0020000000000000018,0.6281250000000005,0,staged_v3,0.15687336522128756,2,0.5405160190575075,0.15856989438380573,2,1,0,0
v3_torso_proxy:v3_left_forearm_proxy,53,0.05742897892566965,0.20000000000000018,0.3358354747283258,0.0,0.0015892164143502302,AIR,0.0,-1,2.5563726954829784,0.04091640004424513,0.3557084089574203,UNLOADING,0.009032320329080521,0.0018690204036258887,0.09234367695023372,0.06330349561328094,0.3358354747283258,0.11480880560253745,0,ok,0.0,0.2752961402330221,FLAT,0.0,-1,0.06838885928218391,0.015922558667153183,0.05179607826503701,SUPPORT,0.23769357406489863,0.011667245246098669,0.05297905828081431,-2.500000000000002,0.0010000000000000009,0.6291250000000005,0,staged_v3,0.1514471438121939,2,0.5352216221727413,0.1529574402733952,2,1,0,0
v3_torso_proxy:v3_left_forearm_proxy,54,0.10450812467595609,0.0,0.743444911041024,0.0,0.0012376829879658896,FLAT,0.0,-1,2.5050534605468293,0.023229832944807054,0.35409025375155145,LOADING,0.00785619335416803,0.019474679742770524,0.08887832362226737,0.1401360642525119,0.743444911041024,0.12024547083831338,0,ok,0.0,0.29749769921918334,FLAT,0.0,-1,0.07145175456009999,0.017724358628722802,0.05539430728077172,SUPPORT,0.2801548592519189,0.010045356735315786,0.05415526172840045,-2.500000000000002,0.0,0.6291250000000005,0,staged_v3,0.1630242264836147,2,0.5153684602266194,0.1624424862636147,2,0,0,0
v3_torso_proxy:v3_left_forearm_proxy,55,0.04108235170686824,0.20000000000000018,0.5321515782948799,0.0,0.0009639084802219909,FLAT,0.0,-1,2.2788834286847006,0.01684436578502149,0.3529307948811785,LOADING,0.006822982231301815,0.025802173959037434,0.09148080733820652,0.10030820933804452,0.5321515782948799,0.12413633602808832,0,ok,0.0,0.30239357676536993,FLAT,0.0,-1,0.07343975679079293,0.017188628591080498,0.09826356533337392,SUPPORT,0.31412388740153513,0.012724549675588202,0.052611607825326756,-2.500000000000002,-0.0010000000000000009,0.6281250000000005,0,staged_v3,0.18626532226153436,2,0.5041482604459732,0.18564880172825066,2,0,0,0
v3_torso_proxy:v3_left_forearm_proxy,56,0.04701937135752336,0.40000000000000036,0.45234106863145535,0.0,0.0007506926792060543,FLAT,0.0,-1,2.053090521341996,0.013762835472537784,0.35430573122160053,LOADING,0.005917515906912592,0.028952451088542244,0.09554657933809636,0.0852642826877722,0.45234106863145535,0.12733600784357774,0,ok,0.0,0.3100241773966542,FLAT,0.0,-1,0.07560260611392348,0.016260012199961437,0.16396023084284508,SUPPORT,0.3412991099212281,0.016937999342180817,0.05064286566516097,-2.500000000000002,-0.0020000000000000018,0.6261250000000005,0,staged_v3,0.2060565878318065,2,0.4952757617108394,0.20548374819649132,2,0,0,0
v3_torso_proxy:v3_right_forearm_proxy,57,0.09527108288312945,0.6000000000000005,0.34481328904870884,0.0,0.000584640046411646,FLAT,0.0,-1,1.7223938331671642,0.011682131271530453,0.3720509147429271,LOADING,0.005124602803403485,0.0319204144656159,0.0985507436834645,0.06499577374413346,0.34481328904870884,0.1273487976181224,0,ok,0.016869032972571047,0.316578429902975,FLAT,0.0,-1,0.07452703337090412,0.014831523252844921,0.2223389072632751,SUPPORT,0.3630392879369825,0.02128542211031884,0.04832422309323389,-2.500000000000002,-0.0030000000000000027,0.6231250000000005,0,staged_v3,0.12971746717928404,2,0.4928389394168234,0.13084059161295136,2,1,0,0
v3_torso_proxy:v3_right_forearm_proxy,58,0.10574199268106399,0.8000000000000007,0.2062795389502927,0.0,0.0004553181259602924,FLAT,0.0,-1,1.422902710444708,0.01537685410015088,0.3924227161242545,LOADING,0.0044320368243844655,0.02924428170606185,0.10469766075258805,0.03888277704912775,0.2062795389502927,0.12589302939154828,0,ok,0.019857223468079506,0.3066860016023323,FLAT,0.0,-1,0.08538052017042007,0.012755613594540999,0.3055583596533103,SUPPORT,0.380431430349586,0.027522304388124516,0.04504893739746879,-2.500000000000002,-0.0040000000000000036,0.6191250000000005,0,staged_v3,0.11912923074708733,2,0.48696208219238935,0.12092559316976778,2,1,0,0
v3_torso_proxy:v3_right_forearm_proxy,59,0.41471484014903076,1.0000000000000009,0.9999957831660761,0.0,0.0003546021130444803,FLAT,0.0,-1,1.3062008841004593,0.059506999744196404,0.41341136793935507,LOADING,0.0038286037878176244,0.0,0.14092142700559485,0.188494764360919,0.9999957831660761,0.12230016534657542,0,ok,0.017878400120532472,0.31743310298980837,FLAT,0.0,-1,0.07319986824690587,0.01875721475541144,0.37484991108357957,SUPPORT,0.39434514427966877,0.02498528079876754,0.04498679465895693,-2.500000000000002,-0.0050000000000000044,0.6141250000000005,0,staged_v3,0.16622602565784722,2,0.4774084666006238,0.10202329152331996,2,0,0,0
v3_torso_proxy:v3_right_forearm_proxy,60,0.4233900589094537,1.0000000000000009,0.6990468572735296,0.0,0.00027616440331781607,FLAT,0.0,-1,1.1820418087583595,0.005819177902598165,0.428702063701509,LOADING,0.0033041992686571884,0.04061592528247729,0.09415613208414779,0.1317672282795332,0.6990468572735296,0.12210693176375717,0,ok,0.02639193025205071,0.3136740088202068,FLAT,0.0,-1,0.07624004914966094,0.012201185082532599,0.42449947724160153,SUPPORT,0.405476115423735,0.03402378877954748,0.0414632264050394,0.0,-0.0050000000000000044,0.6091250000000005,0,staged_v3,0.17751212150074633,2,0.4790041096741,0.1788414023143167,2,1,0,0
v3_torso_proxy:v3_right_forearm_proxy,61,0.4893242069022477,1.0000000000000009,1.0000000000000002,0.0,0.00021507705356036243,FLAT,0.0,-1,0.8517839817097771,0.05959777764467219,0.4011320029283181,LOADING,0.0028505711966035577,0.0,0.12244561983896882,0.18849555921538763,1.0000000000000002,0.11764789363199082,0,ok,0.02518703064850475,0.33185496625894034,FLAT,0.0,-1,0.06848149433453557,0.023031575977437775,0.47829793312762836,UNLOADING,0.3662695185231198,0.025883320678943646,0.049578434287681425,0.0,-0.0050000000000000044,0.6041250000000005,0,staged_v3,0.24938783310353627,2,0.4736769603976478,0.24473143425523972,2,0,0,0
v3_torso_proxy:v3_right_forearm_proxy,62,0.4984464678881736,1.0000000000000009,0.8351479905068526,0.0,0.00016750217773350075,FLAT,0.0,-1,0.24041835755659324,0.0041487666675264325,0.3441056902150723,LOADING,0.002459041557839048,0.03805651784322718,0.07316878740405283,0.1574216874981964,0.8351479905068526,0.11667608592438841,0,ok,0.03254710044983913,0.28615445971566356,FLAT,0.0,-1,0.12507118416620744,0.029076177881692894,0.5371754465686163,UNLOADING,0.3286249158879844,0.02278259444673792,0.04944613577570008,0.0,-0.0050000000000000044,0.5991250000000005,0,staged_v3,0.27379868893275044,2,0.46508331541104614,0.2752546681807543,2,1,0,0
v3_torso_proxy:v3_right_forearm_proxy,63,0.9048943548051773,0.8680847167968908,0.9645385742187499,0.0,0.000130450827185016,FLAT,0.0,-1,0.2261030938903535,0.08218500045524116,0.2976285606308134,LOADING,0.002120839183184447,0.0,0.12727959337530523,0.1818112379321759,0.9645385742187499,0.10352839079348458,0,ok,0.05653626682420572,0.22285731730593356,FLAT,0.0,-1,0.30542289581937115,0.01693243601655319,0.6188016704125984,UNLOADING,0.28962284625381524,0.05155883392332063,0.004381249597309296,1.648941040038876,-0.004340423583984454,0.594784576416016,1,staged_v3,0.28051103570163827,2,0.47305112032784097,0.2801494313896176,2,1,0,0
v3_torso_proxy:v3_right_forearm_proxy,64,0.6847780561701139,1.0000000000000009,1.0,0.0,0.00010159520636400299,FLAT,0.0,-1,0.2507972495134706,0.004601031057074518,0.25274208572785783,LOADING,0.001828707560159185,0.033036073229318376,0.06094793175000315,0.1884955592153876,1.0,0.1048097003721874,0,ok,0.03213055071897303,0.1735614532310536,FLAT,0.0,-1,0.27582209504847033,0.02819843865023392,0.7147303964725515,UNLOADING,0.25021761754830635,0.03253808117339366,0.03682936204556535,-1.648941040038876,-0.0050000000000000044,0.589784576416016,0,staged_v3,0.34386897102900377,2,0.4757219493517493,0.34266833543889,2,0,0,0
v3_torso_proxy:v3_right_forearm_proxy,65,0.5515878750196069,1.0000000000000009,1.0,0.0,7.91224262725865e-05,FLAT,0.0,-1,0.22981103369811537,0.05336117527241169,0.212095898176179,LOADING,0.0015763694635945048,0.0,0.09514022051097516,0.1884955592153876,1.0,0.09043381800902833,0,ok,0.1299257541462407,0.13516979568735554,FLAT,0.0,-1,0.6630877679686968,0.10682297532748639,0.7955953971176121,UNLOADING,0.21708398910095186,0.035634341743023275,0.02914542811285733,0.0,-0.0050000000000000044,0.584784576416016,0,staged_v3,0.37795402380404103,2,0.44607076252340033,0.3688510703178419,2,0,0,0
v3_pelvis_proxy:v3_right_hand_proxy,66,0.9999999999999999,0.8000000000000007,1.0,0.0,6.162060753959987e-05,FLAT,0.0,-1,0.19811762474542569,0.019981969972544648,0.17154570562056395,LOADING,0.00135846666264364,0.013595315308483551,0.08100088457855811,0.1884955592153876,1.0,0.06684470290787416,0,ok,0.08441809545556409,0.1052703427289143,FLAT,0.0,-1,0.5841822598303187,0.07842474473581104,0.8535377020093676,UNLOADING,0.18607199065795874,0.0,0.07309924092843278,2.500000000000002,-0.0040000000000000036,0.580784576416016,0,staged_v3,0.35314905428568244,2,0.49378312861876855,0.3514372926960975,2,1,1,1
v3_pelvis_proxy:v3_right_hand_proxy,67,0.7357538078074248,0.7000000000000117,0.9399414062500001,0.0,0.01910246296963734,FLAT,0.0,-1,0.12776229089443816,0.08041803549102206,0.13532174858161383,LOADING,0.00439027018578901,0.0,0.12560104831781868,0.1771747810007916,0.9399414062500001,0.06672028374912121,0,ok,0.05486776400364281,0.08198462535147363,FLAT,0.0,-1,0.8402215477391272,0.08497463282829368,0.8950551776711233,UNLOADING,0.15949027770682178,0.049837052175319134,0.019915706708237037,1.2499999999998623,-0.0035000000000000586,0.5772845764160159,1,staged_v3,0.3756701401675274,2,0.43235843105927807,0.37656421134659795,2,1,0,0
v3_pelvis_proxy:v3_right_hand_proxy,68,0.9999999999999997,0.5000000000000115,1.0000000000000002,0.0,0.0816391953819984,FLAT,0.0,-1,0.07857436275085061,0.05605551708119563,0.10866852214368411,LOADING,0.01806573308279864,0.0,0.09308255186023126,0.18849555921538763,1.0000000000000002,0.05266584160856075,0,ok,0.11151051800338058,0.06384969042354342,FLAT,0.0,-1,1.5354690282758712,0.11024268795686493,0.9248037489187565,UNLOADING,0.1369116760910923,0.0,0.08358108429694205,2.500000000000002,-0.0025000000000000577,0.5747845764160159,0,staged_v3,0.3939653225596818,2,0.4645284487386608,0.3609848370693556,2,0,0,0
v3_pelvis_proxy:v3_right_hand_proxy,69,0.999706136209391,0.6500000000000172,0.8903761099908034,0.0,0.13939172158602364,FLAT,0.0,-1,0.06680322793476762,0.010783328199588865,0.08925146301827688,LOADING,0.03984274776660586,0.01867924495132498,0.0686871185713892,0.16783194276473795,0.8903761099908034,0.04726982518329938,0,ok,0.09482682757346445,0.0497261889007224,FLAT,0.0,-1,1.8834075015684688,0.07994968307962791,0.9461195316625208,UNLOADING,0.11735286522093627,0.0344625074636952,0.037843469119430845,-1.875000000000071,-0.003250000000000086,0.5715345764160158,0,staged_v3,0.2599252611594613,2,0.45972395263885285,0.26165089460010277,2,1,0,0
v3_pelvis_proxy:v3_right_hand_proxy,70,0.14379882812499994,0.45000000000001705,0.14379882812499997,0.0,0.18480949053250184,FLAT,0.0,-1,0.06943636283640418,0.012583148659522113,0.07623753911864235,LOADING,0.06601821216699146,0.016228728296410005,0.06847694087728229,0.027105440521939278,0.14379882812499997,0.04809712628109848,0,ok,0.07890750721339579,0.03872679485503921,AIR,0.0,-1,2.3190765618758986,0.06076620535867773,0.9210729507672617,UNLOADING,0.10058817018937395,0.05273961752660577,0.01831403001175732,2.500000000000002,-0.0022500000000000853,0.5692845764160157,1,staged_v3,0.2526608609837654,2,0.43930397444607755,0.2526608609837654,2,1,1,1
v3_pelvis_proxy:v3_right_hand_proxy,71,0.0,0.0,0.0,0.0,0.21763282382006507,FLAT,0.0,-1,0.0690105965064011,0.012583148659522113,0.0672308757821887,LOADING,0.09341480542873143,0.015778395129587324,0.06847694087728229,0.0,0.0,0.04809712628109848,0,ok,0.07890750721339579,0.030160458158950187,AIR,0.0,-1,2.3944512761664782,0.06076620535867773,0.8655699376650533,UNLOADING,0.08626642711641185,0.04996446687149534,0.01831403001175732,5.625000000000213,0.0,0.5692845764160157,1,staged_v3,0.20904736802117038,2,0.4634966104289763,0.20904736802117038,2,1,1,1
v3_pelvis_proxy:v3_left_hand_proxy,72,1.0000000000000002,0.20000000000000018,1.0000000000000002,0.0,0.24361674639967013,FLAT,0.0,-1,0.06744396967054099,0.0567949557186665,0.06088111046318104,LOADING,0.12048886201327136,0.0,0.04637680648388283,0.18849555921538763,1.0000000000000002,0.0563562621815341,0,ok,0.10665192596397735,0.023488988431982747,AIR,0.0,-1,2.612632738091367,0.0627923962474008,0.813622161661911,UNLOADING,0.07399447510650771,0.05353761637701715,0.012143491706078393,2.500000000000002,0.0010000000000000009,0.5702845764160157,0,staged_v3,0.22879229280352545,2,0.5875237887097243,0.22281303427596233,2,0,0,0
v3_pelvis_proxy:v3_left_hand_proxy,73,0.16986083984374986,0.0,0.16986083984375,0.0,0.25822400400916784,FLAT,0.0,-1,0.07724349152250377,0.04762279879974887,0.056331304797316475,SUPPORT,0.1863910896106171,0.0,0.04338507089106563,0.03201801399514305,0.16986083984375,0.04386471466427873,0,ok,0.07658516344918632,0.018293242584383335,AIR,0.0,-1,2.748654171072334,0.0671464007732819,0.7693105808974989,UNLOADING,0.06342383580557803,0.05394316948060664,0.009522359564268324,-2.500000000000002,0.0,0.5702845764160157,1,staged_v3,0.374022358320211,2,1.021059742525957,0.36696884083305165,2,0,1,1
v3_pelvis_proxy:v3_left_hand_proxy,74,0.9999999999999999,0.20000000000000018,0.8395159665483338,0.0,0.2646315443163918,FLAT,0.0,-1,0.08034089727225557,0.010162175394146801,0.05307122658069849,SUPPORT,0.23911287168849368,0.017491385934888123,0.015204141162076017,0.15824503158477482,0.8395159665483338,0.0474254224637692,0,ok,0.19516527566991462,0.014246791649632912,AIR,0.0,-1,2.811774775980821,0.06739655591025923,0.7368889044278093,UNLOADING,0.054414556667204794,0.059075355492239606,0.0027690897291508575,2.500000000000002,0.0010000000000000009,0.5712845764160157,0,staged_v3,0.17944083881884584,2,0.5860036304791407,0.17330833968455533,2,1,1,1
v3_pelvis_proxy:v3_left_hand_proxy,75,0.09948730468749999,0.40000000000000036,0.09948730468749974,0.0,0.27435030690936035,FLAT,0.0,-1,0.07075955378302089,0.016146060666310406,0.05081073027430242,SUPPORT,0.28129029735079497,0.012669246117963152,0.014871290395751972,0.018752915131901915,0.09948730468749974,0.04621030270779056,0,ok,0.2195281951635619,0.011095412492989263,AIR,0.0,-1,2.94412083027502,0.06540695768983427,0.7447580303315537,UNLOADING,0.046641048571889825,0.060377510283466565,0.001860391233111121,2.500000000000002,0.0020000000000000018,0.5732845764160157,1,staged_v3,0.20794864326857315,2,0.5851709805538231,0.20794864326857315,2,1,1,1
v3_torso_proxy:v3_right_forearm_proxy,76,0.9999999999999999,0.6000000000000005,1.0000000000000002,0.0,0.2848486558376,FLAT,0.0,1,0.07283171811344308,0.01252722125876245,0.049431291081894986,SUPPORT,0.315032237880636,0.014944343295332299,0.03976322065991029,0.18849555921538763,1.0000000000000002,0.053008500228721805,0,ok,0.38181715865868754,0.008641115938040287,AIR,0.0,-1,2.9693997749307974,0.026760920208984247,0.7663233292460472,UNLOADING,0.039978041633048425,0.03655524625331812,0.0448145094444551,2.500000000000002,0.0030000000000000027,0.5762845764160157,0,staged_v3,0.2315547472732042,2,0.9720243933104771,0.23059401537367252,2,0,1,1
v3_torso_proxy:v3_right_forearm_proxy,77,0.91901776055537,0.8000000000000007,0.6709003684983148,0.0,0.27917210927248365,FLAT,0.0,1,0.0866837983157678,0.01482119379259619,0.048898757645626026,SUPPORT,0.3420257903045088,0.012623744089685113,0.026577076056046825,0.12646174013789946,0.6709003684983148,0.05877354780970945,0,ok,0.3798662699988439,0.006729707859156573,AIR,0.0,-1,3.0391313210057547,0.030232191542207167,0.8202469472534079,UNLOADING,0.03426689282832722,0.040870797239894986,0.025141550122775407,2.500000000000002,0.0040000000000000036,0.5802845764160157,0,staged_v3,0.24641651787653715,2,1.0119675798122783,0.24223805073830948,2,0,0,0
v3_torso_proxy:v3_right_forearm_proxy,78,0.32664145212488943,1.0000000000000009,0.5697751234068252,0.011380291473844091,0.2719644695133965,FLAT,0.0,1,0.08892898886364214,0.0025875227337013107,0.04851718076461187,SUPPORT,0.363620632243607,0.024838336304529286,0.02657844119363201,0.107400080513586,0.5697751234068252,0.06587442285516426,0,ok,0.0,0.005241101750552927,AIR,0.0,-1,3.065000707919968,0.03665633842701514,0.8712013095358448,UNLOADING,0.029371622424280475,0.031903727049777106,0.04233243426415764,2.500000000000002,0.0050000000000000044,0.5852845764160157,1,staged_v3,0.16634036504631383,2,1.0274031691540901,0.14879898620321616,2,0,0,0
v3_torso_proxy:v3_right_forearm_proxy,79,0.22326660156250003,1.0000000000000009,0.0637019739342802,0.0109758588781137,0.2690061925929459,FLAT,0.0,1,0.08966128113598065,0.0017029706464439945,0.04824376898197413,SUPPORT,0.3808965057948856,0.025709217802654713,0.024977675814539427,0.01200753919986619,0.0637019739342802,0.06576863362110834,0,ok,0.0,0.004081774147487531,AIR,0.0,-1,3.089305969685843,0.05171937689488289,0.9077117055215311,UNLOADING,0.02522949064574297,0.018666208381193664,0.05723382851250934,0.0,0.0050000000000000044,0.5902845764160157,1,staged_v3,0.1202657181559985,2,1.016933067639858,0.11772097251064584,2,1,1,1
v3_torso_proxy:v3_right_forearm_proxy,80,0.3010144499452852,0.9000000000000119,0.3673883022496316,0.009523250400564504,0.2583509881953474,FLAT,0.0,-1,0.08832754367085341,0.0022268153725039904,0.0480478608790344,SUPPORT,0.3947172046359085,0.025175577671447732,0.027745743402264003,0.06925106348173615,0.3673883022496316,0.06918750317293014,0,ok,0.0,0.003178888902383905,AIR,0.0,-1,3.058814635776913,0.044661007434259346,0.9269330198464819,UNLOADING,0.021658459383828363,0.02668564355806475,0.07474474218393744,-1.2499999999998623,0.0045000000000000595,0.5947845764160158,1,staged_v3,0.12361012722968459,2,0.5330363843345531,0.1242120262636263,2,1,0,0
v3_torso_proxy:v3_right_forearm_proxy,81,0.22545369425124157,0.7750000000000146,0.38700695097919624,0.009319736898771145,0.25564585750567353,FLAT,0.0,-1,0.08447107262936282,0.003795718773192542,0.05005818441947775,SUPPORT,0.4057737637087268,0.02370719044778135,0.028548302642141157,0.07294909164506569,0.38700695097919624,0.07114143448587776,0,ok,0.0,0.002475721166473584,AIR,0.0,-1,2.981623226562884,0.04589796697116936,0.8960931361172196,UNLOADING,0.018601142960746667,0.023906689834691623,0.09446351552108109,-1.5624999999999667,0.003875000000000073,0.5986595764160159,0,staged_v3,0.12334405186423454,2,0.5354980132117756,0.12442669768253183,2,1,0,0
v3_torso_proxy:v3_right_forearm_proxy,82,0.15419332937059996,0.5750000000000144,0.40032288609384953,0.01554993956205094,0.24525576483730557,FLAT,0.0,-1,0.09019362783630232,0.0036413250647412314,0.05336285456232784,LOADING,0.37984044185303534,0.024026817663375163,0.028203240645574765,0.07545908628097808,0.40032288609384953,0.07316428478153024,0,ok,0.0,0.001928093583116079,AIR,0.0,-1,2.8188800852880025,0.0502986948737833,0.81965222908473,UNLOADING,0.015993512163473004,0.015683916580453205,0.11334449984619903,-2.500000000000002,0.002875000000000072,0.6015345764160159,0,staged_v3,0.13799311311346346,2,0.5324062487860274,0.1393902201101981,2,1,0,0
v3_torso_proxy:v3_right_forearm_proxy,83,0.11994776752243026,0.3750000000000142,0.407993164093008,0.02150113837738568,0.23311352669956964,FLAT,0.0,-1,0.09188889223427246,0.00432860908636628,0.06308283650644783,LOADING,0.3539022372943405,0.023825532738956115,0.027688623123780943,0.07690489962176694,0.407993164093008,0.07516899762295152,0,ok,0.0,0.0015016007923657532,AIR,0.0,-1,2.589178086501134,0.054963836341145406,0.7415612503595315,UNLOADING,0.01376416354458231,0.007114226176831169,0.1296519533732696,-2.500000000000002,0.001875000000000071,0.603409576416016,0,staged_v3,0.1617194086806541,2,0.5264369773941218,0.16320366083727533,2,1,0,0
v3_torso_proxy:v3_right_forearm_proxy,84,0.10004960900282,0.17500000000001403,0.4084124016359326,0.027442227984496335,0.2291376047026814,FLAT,0.0,-1,0.09510531756185527,0.005643357093415354,0.09597563203886575,LOADING,0.3279410256055196,0.024155424508527937,0.027131647855167054,0.0769839240368646,0.4084124016359326,0.0770975477559152,0,ok,0.0,0.0011694478729550907,AIR,0.0,-1,2.3675761556430044,0.058882539619476724,0.6881518906140731,UNLOADING,0.01184995305367147,0.0005250549112269312,0.14341742966260418,-2.500000000000002,0.0008750000000000702,0.6042845764160161,0,staged_v3,0.1907645005952314,2,0.5196054299489365,0.19221173748996284,2,1,0,0
v3_torso_proxy:v3_right_forearm_proxy,85,0.07855069403591326,0.024999999999986144,0.3610435933356917,0.03236056931171776,0.22683583985780997,FLAT,0.0,-1,0.08323746388811132,0.006964683823619315,0.16233410665879472,LOADING,0.30117684295194225,0.026152021509320427,0.0273610145706832,0.0680551140269442,0.3610435933356917,0.07882135913943629,0,ok,0.0,0.0009107669192186135,AIR,0.0,-1,1.9395701602289692,0.05788614275946104,0.6479181156956293,UNLOADING,0.010202911836444199,0.0,0.14982816950535122,-2.500000000000002,-0.00012499999999993072,0.6041595764160161,0,staged_v3,0.2280095199473917,2,0.5117459472404615,0.22909735196661435,2,1,0,0
v3_torso_proxy:v3_right_forearm_proxy,86,0.06793916030768198,0.22499999999998632,0.32005505946589347,0.03677738843397694,0.25036667374121646,FLAT,0.0,-1,0.07686924956281434,0.007825555748064268,0.25286266049612177,SUPPORT,0.3309414743615538,0.029817577276741822,0.028152013945092307,0.06032895741373773,0.32005505946589347,0.08180483136083709,0,ok,0.0,0.0007093059898829871,AIR,0.0,-1,1.554918347024362,0.05408662629223092,0.6095329346887695,UNLOADING,0.00878491880670607,0.001390020442207554,0.15048202126950366,-2.500000000000002,-0.0011249999999999316,0.6030345764160162,0,staged_v3,0.24848393852100326,2,0.4890790948380848,0.25016942092101613,2,1,0,0
v3_torso_proxy:v3_right_forearm_proxy,87,0.04945951233009797,0.4249999999999865,0.21616105144399184,0.04144680246486435,0.2643458415273685,FLAT,0.0,-1,0.09035149387945578,0.007774646890983696,0.3664501099020897,SUPPORT,0.35475317948924306,0.03554785860412078,0.029600127644260527,0.04074539827252141,0.21616105144399184,0.08399924261873935,0,ok,0.0,0.0005524080603581084,AIR,0.0,-1,1.1735310293856696,0.050421734766741624,0.5819179944941182,UNLOADING,0.007562923529995507,0.003674164957964285,0.14479209666388998,-2.500000000000002,-0.0021249999999999325,0.6009095764160163,0,staged_v3,0.23671958999558743,2,0.4718189894419276,0.23800967341949092,2,1,0,0
v3_torso_proxy:v3_right_forearm_proxy,88,0.028463424532382358,0.6249999999999867,0.2267194280368029,0.04608478240396641,0.2547934154159988,FLAT,0.0,-1,0.11027946490453472,0.008534789881793327,0.5143867224377034,SUPPORT,0.3738025435913945,0.042184546240091846,0.03156621529335213,0.04273560537278999,0.2267194280368029,0.08547477126859351,0,ok,0.0,0.0004302158299818507,AIR,0.0,-1,1.1044203913054578,0.04507332136872308,0.5573925822862235,UNLOADING,0.006509708271077271,0.007796307745588094,0.1366512981661972,-2.500000000000002,-0.0031249999999999334,0.5977845764160163,0,staged_v3,0.20050149459066594,2,0.4536770136162548,0.2017477734117312,2,1,0,0
v3_torso_proxy:v3_right_forearm_proxy,89,0.12055459064245246,0.8249999999999869,0.22259958680895767,0.04005822930319184,0.22417027815370946,FLAT,0.0,-1,0.12343231353492388,0.021404721826365457,0.6520428817962544,UNLOADING,0.32516717712012644,0.036197422263447264,0.04315598444935201,0.04195903359666869,0.22259958680895767,0.08580423875926657,0,ok,0.0,0.0003350524252795797,AIR,0.0,-1,0.8624525324479706,0.033631992174318365,0.5320513203716997,UNLOADING,0.005602148138068495,0.01797057384426662,0.12239859822650936,-2.500000000000002,-0.004124999999999934,0.5936595764160164,0,staged_v3,0.15893119438261183,2,0.43406346938717455,0.160279282524471,2,1,0,0
v3_torso_proxy:v3_right_forearm_proxy,90,0.04929916902036597,1.0000000000000009,0.31517428258264885,0.043458618294394694,0.17458398816744358,FLAT,0.0,-1,0.1753045843704185,0.028253744165298893,0.7506778300699912,UNLOADING,0.2819874441728655,0.03428014733820066,0.049508960592299756,0.05940895264572499,0.31517428258264885,0.08536156585133907,0,ok,0.0,0.00026093909117771004,AIR,0.0,-1,0.9043189298326797,0.02034890799551525,0.4781687844145794,UNLOADING,0.004821293570221999,0.028559531225213725,0.0984768459348323,-2.1875000000001754,-0.0050000000000000044,0.5886595764160164,0,staged_v3,0.13152277672905252,2,0.42287541555013786,0.13290157470917885,2,1,0,0
v3_torso_proxy:v3_right_forearm_proxy,91,0.36363515934841784,1.0000000000000009,1.0,0.03844601041889526,0.13596614669653395,FLAT,0.0,-1,0.20033124505560426,0.05538157336704917,0.8213528588249498,UNLOADING,0.2433337069145933,0.01068606957419832,0.07484484170197477,0.1884955592153876,1.0,0.08848616964022936,0,ok,0.0,0.00020321956854314128,AIR,0.0,-1,0.650813701735392,0.09818399702514846,0.4192719552145879,UNLOADING,0.004149396674862027,0.0,0.14254473863338796,0.0,-0.0050000000000000044,0.5836595764160164,0,staged_v3,0.22550409761163445,2,0.4459463413502754,0.16436011292945146,2,0,0,0
v3_torso_proxy:v3_right_forearm_proxy,92,0.3137801814063292,1.0000000000000009,0.6427896003072501,0.043570179051844564,0.10589054151846215,FLAT,0.0,-1,0.24754116185893266,0.04489382691002844,0.8719937298035805,UNLOADING,0.2096438081791983,0.02370585958015059,0.060798108272467524,0.12116298516775059,0.6427896003072501,0.08811793331971418,0,ok,0.0,0.00015826755911683147,AIR,0.0,-1,0.37247089153011,0.030926017795651628,0.3649873305919508,UNLOADING,0.003570983136338234,0.012323348733945916,0.08018504660482842,0.0,-0.0050000000000000044,0.5786595764160164,0,staged_v3,0.20603382626947694,2,0.4550965750441538,0.2077764736994585,2,1,0,0
v3_torso_proxy:v3_right_forearm_proxy,93,0.2714959375610079,1.0000000000000009,0.851327027346937,0.06711854365732439,0.08246763665443343,FLAT,0.0,-1,0.28418287634204914,0.04432842255673097,0.9082794994544969,UNLOADING,0.18020036940799655,0.026085552415993876,0.051858094145495,0.16047136409493445,0.851327027346937,0.08648245884407336,0,ok,0.0,0.0001232588989749882,FLAT,0.0,-1,0.35040296258120845,0.03889448731518534,0.32215699166645495,LOADING,0.00307277842870207,0.0022133622681374115,0.0825171560376822,0.0,-0.0050000000000000044,0.5736595764160164,0,staged_v3,0.19230816368325668,2,0.47305710815391416,0.16792360045353513,2,0,0,0
v3_torso_proxy:v3_right_forearm_proxy,94,0.1788758434135211,1.0000000000000009,0.2951227268181252,0.07282983723204492,0.06422586000452085,FLAT,0.0,-1,0.344583174162851,0.05779359766566406,0.9342793895376468,UNLOADING,0.15455693871526474,0.018297877117088995,0.053416092359793346,0.05562932342875257,0.2951227268181252,0.0860845735045949,0,ok,0.0,9.599412704224e-05,FLAT,0.0,-1,0.4277872202203736,0.013438644800261471,0.2583715602128829,LOADING,0.002643980363839926,0.024479933210382675,0.05973899728942006,0.0,-0.0050000000000000044,0.5686595764160164,0,staged_v3,0.14305603277857282,2,0.48452292785080053,0.14477085355470418,2,1,0,0
v3_torso_proxy:v3_right_forearm_proxy,95,0.6126862438141285,1.0000000000000009,0.9999847486313244,0.06426093676392826,0.05001915006495526,FLAT,0.0,-1,0.6808189360263869,0.06979039971836012,0.9529091248537006,UNLOADING,0.13251769819208783,0.02669338215381755,0.045952074088867485,0.1884926844001203,0.9999847486313244,0.0937852665639705,0,ok,0.0,7.476030131075244e-05,FLAT,0.0,-1,0.18932330171551917,0.07341925992677609,0.21622745056357695,LOADING,0.00227463960785636,0.0,0.10377145070081059,0.0,-0.0050000000000000044,0.5636595764160164,0,staged_v3,0.24030825191789887,2,0.4947505040523668,0.1924588689479226,2,0,0,0
v3_torso_proxy:v3_right_forearm_proxy,96,0.30346679687499994,0.8000000000000007,0.20436842512991016,0.11661767566946872,0.03895495323915327,AIR,0.0,-1,0.9552651541940423,0.04039311420073361,0.9662579135153554,UNLOADING,0.11362259613072802,0.05823046825498576,0.015082427420781998,0.03852254058083049,0.20436842512991016,0.09320959376491215,0,ok,0.0,5.822338120346818e-05,FLAT,0.0,-1,0.17402507967747213,0.08299813588644733,0.1875500504324028,LOADING,0.001956448747180082,0.0,0.11653453160467347,2.500000000000002,-0.0040000000000000036,0.5596595764160164,1,staged_v3,0.2217067153446301,2,0.49192372889858504,0.21306966588652912,2,0,1,1
v3_torso_proxy:v3_right_forearm_proxy,97,0.5327245489817041,0.6000000000000005,0.6713288113938745,0.1260548052087046,0.030338148087162526,AIR,0.0,-1,1.473828011788491,0.07960281261507333,0.9642670696147679,UNLOADING,0.09739079668348116,0.05262475168799914,0.02058860179273926,0.12654249972108983,0.6713288113938745,0.09052727280507157,0,ok,0.0,0.006847268134323827,FLAT,0.0,-1,0.1440141273007859,0.012883166041989615,0.16801618197182427,LOADING,0.002704522254835546,0.0205176430566016,0.0537331228330323,2.500000000000002,-0.0030000000000000027,0.5566595764160164,0,staged_v3,0.17932542980594338,2,0.5139738273861219,0.18107781084758962,2,1,1,1
v3_pelvis_proxy:v3_right_hand_proxy,98,0.13761644505618142,0.40000000000000036,1.0,0.1280452479238387,0.02362737348721842,AIR,0.0,-1,2.0497417474929662,0.17912942225325346,0.9246561836247904,UNLOADING,0.08347782572869814,0.0,0.11409007589314263,0.1884955592153876,1.0,0.04084729945667695,0,ok,0.0,0.005332657784911274,FLAT,0.0,-1,0.16949739728266733,0.08055930003813654,0.15347424899273812,LOADING,0.003066464231115784,0.0,0.1028442865224535,2.500000000000002,-0.0020000000000000018,0.5546595764160164,0,staged_v3,0.25633802720906584,2,0.5160815072774475,0.23490641612565968,2,0,0,0
v3_pelvis_proxy:v3_right_hand_proxy,99,0.5794677734374999,0.20000000000000018,0.5794566284841975,0.1586334643149737,0.018401016973766254,AIR,0.0,-1,2.3685109689892956,0.1918259679152277,0.8602420053327507,UNLOADING,0.07155242205316983,0.0,0.1284762503304709,0.10922500122719192,0.5794566284841975,0.03877627270094827,0,ok,0.0,0.0134550260793902,FLAT,0.0,-1,0.13890820341382865,0.004158509615881288,0.14230214467582222,LOADING,0.004761240787217398,0.027956597617909827,0.02261971725879574,2.500000000000002,-0.0010000000000000009,0.5536595764160164,1,staged_v3,0.3355163421582246,2,0.5427185801586262,0.3342478708271443,2,1,1,1
v3_pelvis_proxy:v3_right_hand_proxy,100,0.0,0.0,0.0,0.16997244576907053,0.014330726428479372,AIR,0.0,-1,2.5274980600213106,0.1918259679152277,0.8020613426405419,UNLOADING,0.06133064747414557,0.0,0.1284762503304709,0.0,0.0,0.03877627270094827,0,ok,0.0,0.010478784846875262,FLAT,0.0,-1,0.18961446466463214,0.004158509615881288,0.13387060173401003,LOADING,0.0056241893525704875,0.027535020470819217,0.02261971725879574,2.500000000000002,0.0,0.5536595764160164,1,staged_v3,0.17151541485568766,2,0.5704906566428167,0.17248907812989858,2,1,1,1
v3_pelvis_proxy:v3_right_hand_proxy,101,0.8533402676145774,0.20000000000000018,1.0000000000000002,0.2926619628019305,0.011160780964481812,AIR,0.0,-1,2.5499663383226583,0.10732164216837085,0.7309828622904283,UNLOADING,0.05256912640641049,0.01825126237448299,0.04329788074003843,0.18849555921538763,1.0000000000000002,0.06225367320546077,0,ok,0.0,0.008160885844383226,FLAT,0.0,-1,0.1637839495934561,0.007299293190428081,0.1267283720751525,LOADING,0.005924685495383067,0.024037125413329544,0.02183090281177443,2.500000000000002,0.0010000000000000009,0.5546595764160164,0,staged_v3,0.2559164584551014,2,0.5592531053227247,0.17667548343898792,2,0,0,0
v3_pelvis_proxy:v3_right_hand_proxy,102,0.23645019531250006,0.40000000000000036,0.2364501953125,0.3152517251076789,0.008692024954826865,AIR,0.0,-1,2.5525665155198376,0.12107743910958886,0.6594321239779125,UNLOADING,0.045059251205494706,0.0,0.06219612078497452,0.04456981179201731,0.2364501953125,0.05625202782799227,0,ok,0.0,0.006355704286162,FLAT,0.0,-1,0.1940791504143131,0.003527482933724583,0.11973279093895947,LOADING,0.005877547292270789,0.027459156613223394,0.0037072240576701025,2.500000000000002,0.0020000000000000018,0.5566595764160164,1,staged_v3,0.29729707329098354,2,0.5883928044945608,0.29729707329098354,2,1,1,1
v3_pelvis_proxy:v3_right_hand_proxy,103,0.0545654296875,0.6000000000000005,0.04781356323337605,0.3317378360247943,0.006769355841295355,AIR,0.0,-1,2.563941426028583,0.12779931717590345,0.5899407925049241,UNLOADING,0.03862221531899546,0.0,0.06943341926802092,0.009012644339755516,0.04781356323337605,0.054972782045120905,0,ok,0.0,0.00494982747503325,FLAT,0.0,-1,0.1848591140719051,0.005589974297840503,0.109984296279475,LOADING,0.005667243991015949,0.027297100327802196,0.0032021144861715577,2.500000000000002,0.0030000000000000027,0.5596595764160164,1,staged_v3,0.29905351917093664,2,0.5932861416669819,0.29905351917093664,2,1,1,1
v3_pelvis_proxy:v3_right_hand_proxy,104,0.6872033971499638,0.40000000000000036,0.667654881107635,0.4055160088103444,0.0052719796300898115,AIR,0.0,-1,2.5658792850318006,0.10127811817263271,0.521925090513667,UNLOADING,0.0331047559877104,0.004914173926338895,0.046182080599344456,0.12584998017726678,0.667654881107635,0.009990626983198928,0,ok,0.0,0.00385492951362425,FLAT,0.0,-1,0.1585930822138466,0.03269534844518045,0.10175818266564977,LOADING,0.005352303262587052,0.0,0.03744484681651221,-2.500000000000002,0.0020000000000000018,0.5616595764160164,1,staged_v3,0.2168939249232782,2,0.5430275525857547,0.19838838595490374,2,0,1,1
v3_pelvis_proxy:v3_right_hand_proxy,105,0.5597534179687499,0.6000000000000005,0.37177012397158016,0.0,0.00410582186425044,AIR,0.0,-1,2.7444560237095064,0.04790527363002759,0.4731897104262751,UNLOADING,0.0283755051323232,0.04070733075163769,0.007952154769676069,0.07007701741759698,0.37177012397158016,0.021704389776824706,0,ok,0.0,0.0030022221238956356,FLAT,0.0,-1,0.16192963502557098,0.03796527888349284,0.09099829052054013,LOADING,0.0049775492311972145,0.0,0.055297940203741014,2.500000000000002,0.0030000000000000027,0.5646595764160164,1,staged_v3,0.19626157236287514,2,0.5814351759531984,0.19147148547236614,2,1,1,1
v3_pelvis_proxy:v3_right_hand_proxy,106,0.5288847107291332,0.8000000000000007,0.5904248003205685,0.0,0.0031976172830299383,AIR,0.0,-1,2.811105048670161,0.04177025632154273,0.45649227183834373,UNLOADING,0.024570137214138463,0.038831569788143935,0.008993043803773259,0.11129245291105913,0.5904248003205685,0.016417005256203016,0,ok,0.0,0.02220224602045642,FLAT,0.0,-1,0.1276004525940621,0.005169726826328423,0.08362424340065591,LOADING,0.008051159383997877,0.024011485343704377,0.02916668250060599,2.500000000000002,0.0040000000000000036,0.5686595764160164,0,staged_v3,0.20916493592029753,2,0.5882604786197781,0.20916493592029753,2,1,0,0
v3_pelvis_proxy:v3_right_hand_proxy,107,0.1367383236042962,1.0000000000000009,0.3792469296132119,0.0,0.002490306843986374,AIR,0.0,-1,2.9560999679014666,0.026907967955940616,0.46275102146110714,UNLOADING,0.021251248299001553,0.04049557117560661,0.007641979897448751,0.07148636207816111,0.3792469296132119,0.017584812218001955,0,ok,0.0,0.040174646048988266,FLAT,0.0,-1,0.12572467780845054,0.001867653603657934,0.07689062041176042,LOADING,0.013858046025090037,0.02697687741693009,0.027512583482842617,2.500000000000002,0.0050000000000000044,0.5736595764160164,0,staged_v3,0.22164700285382866,2,0.593317596320789,0.22350977974888114,2,1,0,0
v3_pelvis_proxy:v3_right_hand_proxy,108,0.08228675300254916,1.0000000000000009,0.5745065851435713,0.0,0.001939452920184667,AIR,0.0,-1,2.9621538861452326,0.015238562240513488,0.49375221859133245,UNLOADING,0.01835561907599991,0.03761508722901144,0.012072523700555183,0.10829194003956016,0.5745065851435713,0.06200787419179277,0,ok,0.0,0.07681548071776835,FLAT,0.0,-1,0.10353230141414264,0.008028337838605671,0.07093522094671088,LOADING,0.02535974834425716,0.020518423208729875,0.03208090801343714,0.0,0.0050000000000000044,0.5786595764160164,0,staged_v3,0.229466212722794,2,0.5506112054715856,0.23082985972626396,2,0,0,0
v3_pelvis_proxy:v3_right_hand_proxy,109,0.08168481391191597,1.0000000000000009,0.502219777718307,0.0,0.0015104474529699416,AIR,0.0,-1,2.9710456423031997,0.011685035698431625,0.5420342954231401,UNLOADING,0.01583220679828931,0.04041667907272538,0.02249249931771433,0.09466619785003993,0.502219777718307,0.10003134539008751,0,ok,0.0,0.11554406289709965,FLAT,0.0,-1,0.09289491339392225,0.00021585690192973007,0.06480427259043285,LOADING,0.0418990614651877,0.028024356727591914,0.02915736969195368,0.0,0.0050000000000000044,0.5836595764160164,1,staged_v3,0.23571226219545674,2,0.5288216145479904,0.22947315111141042,2,0,0,0
v3_pelvis_proxy:v3_right_hand_proxy,110,0.10465750114763832,1.0000000000000009,0.25004056734862046,0.0,0.0011763376591611995,AIR,0.0,-1,2.8743716633361878,0.009732080369217997,0.6039497874044739,UNLOADING,0.01363701850996154,0.04546540900100571,0.036135633180240254,0.047131536568911,0.25004056734862046,0.10021990346845122,0,ok,0.0,0.15980828889066256,FLAT,0.0,-1,0.06722185165875384,0.0023613656102320192,0.05973694800261752,LOADING,0.06357161506151292,0.02562548178989886,0.03153812566697861,0.0,0.0050000000000000044,0.5886595764160164,0,staged_v3,0.220897567253327,2,0.539410696612853,0.22209809528660251,2,1,0,0
v3_torso_proxy:v3_left_forearm_proxy,111,1.0000000000000002,1.0000000000000009,0.4544756301750137,0.0,0.0009161326901111255,AIR,0.0,-1,2.861542106980163,0.03499478869599807,0.6411381296916172,UNLOADING,0.011735839450056167,0.022062117788582795,0.06718131297714856,0.0856666380596049,0.4544756301750137,0.10214272667066779,0,ok,0.0,0.19598336320279489,FLAT,0.0,-1,0.0689840497678757,0.003956181060607945,0.05898924678765327,LOADING,0.08774178249412051,0.02399328127877472,0.029940262705611724,0.0,0.0050000000000000044,0.5936595764160164,0,staged_v3,0.20847832649909726,2,0.5143310837246136,0.20105225726036777,2,0,1,1
v3_torso_proxy:v3_left_forearm_proxy,112,0.7308951595743127,1.0000000000000009,0.32472323607807524,0.0,0.0007134848564558573,AIR,0.0,-1,2.8224283188004344,0.017391505655390865,0.6526146346784473,UNLOADING,0.010094698699692617,0.040239226078531504,0.07027877291048702,0.06120888797476712,0.32472323607807524,0.10154391239897934,0,ok,0.0,0.22573478270334643,FLAT,0.0,-1,0.06286899681755159,4.5221800831549315e-05,0.059685871273938026,LOADING,0.11264574709946923,0.027939071762865354,0.030244040025495696,0.0,0.0050000000000000044,0.5986595764160164,1,staged_v3,0.19081619440480352,2,0.5056626952658154,0.18413931577399406,2,0,0,0
v3_torso_proxy:v3_left_forearm_proxy,113,0.2608459925871403,0.8000000000000007,0.42371183152901654,0.0,0.0005556625649174105,AIR,0.0,-1,2.6680986946954395,0.017199927953905,0.6397248094945533,UNLOADING,0.00868119766208401,0.03978631252082267,0.08876530411923847,0.07986779863023807,0.42371183152901654,0.10109985221530923,0,ok,0.0,0.2502910463503757,FLAT,0.0,-1,0.06404390575220657,0.004945248359087569,0.0666215308516569,SUPPORT,0.18011659767957539,0.02338582818349528,0.03549444464200154,-2.500000000000002,0.0040000000000000036,0.6026595764160164,0,staged_v3,0.23994164541561905,2,0.5020316740436711,0.2398608568688115,2,0,0,0
v3_torso_proxy:v3_left_forearm_proxy,114,0.07362864027353022,0.6000000000000005,0.44305530970904267,0.0,0.0004327504406811447,AIR,0.0,-1,2.494299653186056,0.01939988218473172,0.6122658589850716,UNLOADING,0.007464996870413629,0.036213410764521864,0.10414690079750592,0.08351395836695275,0.44305530970904267,0.10146275008694547,0,ok,0.0,0.280349200101854,FLAT,0.0,-1,0.06091770720042135,0.007680992951066626,0.07937292242163292,SUPPORT,0.23409327814366032,0.021287653170015023,0.03759458554011532,-2.500000000000002,0.0030000000000000027,0.6056595764160164,0,staged_v3,0.31395570687152935,2,0.49846156398208996,0.31403222205836084,2,0,0,0
v3_torso_proxy:v3_left_forearm_proxy,115,0.05462819313177138,0.40000000000000036,0.46982404756017737,0.0,0.00033702638207697106,AIR,0.0,-1,1.9010558751991202,0.020685806413917072,0.5743676740121324,UNLOADING,0.006419061506486353,0.033032577286689555,0.11584804939387947,0.0885597465776925,0.46982404756017737,0.10263125811735233,0,ok,0.0,0.2740703038395079,FLAT,0.0,-1,0.08173837461713175,0.011003257899876093,0.1010163190168408,SUPPORT,0.2772746225149283,0.01904755805096595,0.03924027562783153,-2.500000000000002,0.0020000000000000018,0.6076595764160164,0,staged_v3,0.37457250371591494,2,0.4960039965470218,0.37476610076927297,2,0,0,0
v3_torso_proxy:v3_left_forearm_proxy,116,0.07929940633176641,0.20000000000000018,0.42348079823997065,0.0,0.00026247641027726755,AIR,0.0,-1,1.6100792075592507,0.022076502448966386,0.547026531412171,UNLOADING,0.0055190376984148425,0.030274824121642164,0.12483935201289345,0.079824249881222,0.42348079823997065,0.10464686888713132,0,ok,0.0,0.278191656162443,FLAT,0.0,-1,0.07777269916819476,0.013973831341428818,0.16103246634630175,SUPPORT,0.31181969801194265,0.019077791975886275,0.040410198174296016,-2.500000000000002,0.0010000000000000009,0.6086595764160164,0,staged_v3,0.4238779150008608,2,0.49285097957192203,0.42388676285513255,2,0,0,0
v3_torso_proxy:v3_left_forearm_proxy,117,0.1378021270835188,0.0,0.29339717548134675,0.0,0.00020441683386170732,AIR,0.0,-1,1.269202278264304,0.021717836535504846,0.5253866986593955,UNLOADING,0.004744463591265393,0.02955149839746493,0.12955737060047817,0.05530406466457166,0.29339717548134675,0.10775626137966329,0,ok,0.0,0.2916112905431748,FLAT,0.0,-1,0.06724540725968714,0.016058231566884965,0.2189227236423153,SUPPORT,0.3394557584095541,0.019887904615230805,0.04069697175587947,-2.500000000000002,0.0,0.6086595764160164,0,staged_v3,0.46375954412609705,2,0.48864997136778143,0.4638868108925768,2,0,0,0
v3_torso_proxy:v3_left_forearm_proxy,118,0.1351083071708102,0.20000000000000018,0.2878197779492488,0.0,0.00015919999028447492,AIR,0.0,-1,1.091108080629872,0.01862013591185883,0.5151232204708807,UNLOADING,0.0040777105608832236,0.0321360251116852,0.1282219859857237,0.05425274999779234,0.2878197779492488,0.11215175452882484,0,ok,0.019063963733043032,0.2698924904697997,FLAT,0.0,-1,0.10048146984244104,0.01640584663000555,0.2844258963276065,SUPPORT,0.3615646067276433,0.02281544818637478,0.0395267764920181,-2.500000000000002,-0.0010000000000000009,0.6076595764160164,0,staged_v3,0.09180381830579261,2,0.4833586177447069,0.0903815449652423,2,0,0,0
v3_torso_proxy:v3_left_forearm_proxy,119,0.13733146590942494,0.40000000000000036,0.2830639195043624,0.0,0.00012398507709850912,AIR,0.0,-1,1.0015252857682027,0.014046499781025314,0.509530351687195,UNLOADING,0.003503867754637126,0.036430017803334436,0.12365133502571415,0.05335629180067425,0.2830639195043624,0.1168347889081994,0,ok,0.031368167395698254,0.26799869974215296,FLAT,0.0,-1,0.09236689043665218,0.01934024370054306,0.34958395767593864,SUPPORT,0.3792516853821146,0.023138954183253874,0.04046389278196692,-2.500000000000002,-0.0020000000000000018,0.6056595764160164,0,staged_v3,0.0842620959692455,2,0.4783758481009186,0.08385173160888665,2,0,0,0
v3_torso_proxy:v3_left_forearm_proxy,120,0.19635884257373676,0.6000000000000005,0.22280783930967057,0.0,9.655967513348741e-05,AIR,0.0,-1,0.8471105710872386,0.011292241609821372,0.5039478191466871,UNLOADING,0.0030101578807507443,0.03890514934751299,0.11439351237704456,0.04199828826824858,0.22280783930967057,0.11801375401665637,0,ok,0.04706452933039328,0.23286001702740008,FLAT,0.0,-1,0.11206163096302674,0.020691449234921427,0.41449473594570574,LOADING,0.3382128922380573,0.02503328756236386,0.04065826406063243,-2.500000000000002,-0.0030000000000000027,0.6026595764160164,0,staged_v3,0.07728807535277069,2,0.4794779041507906,0.07829475277989094,2,1,0,0
v3_torso_proxy:v3_left_forearm_proxy,121,0.19000946159493926,0.8000000000000007,0.2553006779482806,0.0,7.520075060708046e-05,AIR,0.0,-1,0.7211471691570004,0.010433423129894957,0.4970257626893255,UNLOADING,0.0025855387606694646,0.039417865004571326,0.10274806658146979,0.04812304405792872,0.2553006779482806,0.11982978693585888,0,ok,0.06061333641682361,0.2276720590314426,FLAT,0.0,-1,0.08987356715285295,0.021057653598533756,0.48554803756071585,LOADING,0.29679534097868016,0.02821974827950204,0.038911336654247876,-2.500000000000002,-0.0040000000000000036,0.5986595764160164,0,staged_v3,0.07698536480748645,2,0.47696122267983476,0.07807709550933524,2,1,0,0
v3_torso_proxy:v3_right_forearm_proxy,122,0.3273359953685905,1.0000000000000009,0.47340412898344475,0.0,5.856640346035169e-05,FLAT,0.0,-1,0.5497285748049602,0.010752999619417433,0.47836868843685415,UNLOADING,0.002220540376266764,0.03816543480242528,0.08447557689846573,0.0892345760276079,0.47340412898344475,0.10318902442646827,0,ok,0.07650655632318548,0.2052085821821808,FLAT,0.0,-1,0.11596640713071207,0.019058776931303145,0.5786271424085151,LOADING,0.25723738407211727,0.034872580189122614,0.03242376834492763,-2.500000000000002,-0.0050000000000000044,0.5936595764160164,0,staged_v3,0.08937179209418022,2,0.47199792667166934,0.08963666979993695,2,0,0,0
v3_torso_proxy:v3_right_forearm_proxy,123,0.09774796745372709,1.0000000000000009,0.9417348850070565,0.0,4.561156087659773e-05,FLAT,0.0,-1,0.43266009485597107,0.007010221123226271,0.4478169017748473,UNLOADING,0.0019069183129429013,0.040380623965516095,0.06837557925561331,0.17751284378204385,0.9417348850070565,0.09432631524529908,0,ok,0.09117666254903091,0.15981660449645516,FLAT,0.0,-1,0.3365586266861282,0.04902484216377237,0.6807696529062516,UNLOADING,0.22119034098349652,0.010013640481540215,0.04991749426135081,0.0,-0.0050000000000000044,0.5886595764160164,0,staged_v3,0.09715035100133475,2,0.46793029968313343,0.09673368225825613,2,0,0,0
v3_torso_proxy:v3_right_forearm_proxy,124,0.13590310055786137,1.0000000000000009,0.9525649546983814,0.0,3.5522319327803366e-05,FLAT,0.0,-1,0.3645255297948588,0.004679585491352571,0.37209070105747327,UNLOADING,0.0016376878103261916,0.038924949561521094,0.0567728103969069,0.17955426382485176,0.9525649546983814,0.08578808149684207,0,ok,0.09931512884394256,0.12446529672965229,FLAT,0.0,-1,0.23699135533372973,0.05405846657963402,0.7712614610219908,UNLOADING,0.18959172084299702,0.02041669128123523,0.04314638176986431,0.0,-0.0050000000000000044,0.5836595764160164,0,staged_v3,0.11968590445516278,2,0.4708603449769315,0.11559903139108654,2,0,0,0
v3_torso_proxy:v3_right_forearm_proxy,125,0.7384385007077643,1.0000000000000009,0.9999999999999999,0.0,2.766481010900576e-05,FLAT,0.0,-1,0.24656473749808178,0.0346634936884689,0.30728671975465915,LOADING,0.0014064700919021605,0.0057008422992640626,0.06159917957217653,0.18849555921538758,0.9999999999999999,0.0778260951838683,0,ok,0.11852531591480496,0.09693367055826797,FLAT,0.0,-1,0.6996172408994392,0.09438747600292374,0.8361016748873533,UNLOADING,0.16250718929399746,0.04185000578455978,0.024955077959807885,0.0,-0.0050000000000000044,0.5786595764160164,0,staged_v3,0.18789032556619967,2,0.46736964433829514,0.12828833262526804,2,0,0,0
v3_torso_proxy:v3_right_forearm_proxy,126,0.26116943359374994,0.8000000000000007,0.26116943359375006,0.0,2.1545375776415404e-05,FLAT,0.0,-1,0.21101770835300318,0.03733708199551866,0.24147424945475315,LOADING,0.0012078804676777925,0.0,0.06801532094791989,0.04922927843521996,0.26116943359375006,0.07782422167490628,0,ok,0.15044525563466532,0.07549201853676468,FLAT,0.0,-1,0.744057354951922,0.08702513460975037,0.8825617183061862,UNLOADING,0.1392918765377121,0.056435965943376507,0.012692119971932796,2.500000000000002,-0.0040000000000000036,0.5746595764160164,1,staged_v3,0.20228332733108684,2,0.4881538962453969,0.20228332733108684,2,1,1,1
v3_torso_proxy:v3_right_forearm_proxy,127,0.9999999999999999,0.6000000000000005,0.999999990666185,0.0,0.039528366685295004,FLAT,0.0,-1,0.11375551141001457,0.049071960572172564,0.18527006021235765,LOADING,0.007407293136025084,0.0,0.056507031383972214,0.1884955574560049,0.999999990666185,0.07782435014462583,0,ok,0.05076311813242006,0.05879324315207335,FLAT,0.0,-1,1.1289696852521347,0.13933010434300044,0.9141560537263245,UNLOADING,0.11939303703232466,0.04311787558735251,0.02758992709896372,2.500000000000002,-0.0030000000000000027,0.5716595764160164,0,staged_v3,0.2065548137569698,2,0.4979406271097717,0.2065548137569698,2,1,1,1
v3_torso_proxy:v3_right_forearm_proxy,128,0.9999999999999999,0.40000000000000036,1.0000000000000002,0.0,0.09994084745868524,FLAT,0.0,-1,0.08640248632404282,0.04755249666185328,0.1446912973500266,LOADING,0.02302188982514546,0.0,0.06958526467785409,0.18849555921538763,1.0000000000000002,0.05171139709032574,0,ok,0.13067682476232909,0.04578822380614224,FLAT,0.0,-1,1.807999331465649,0.2727403105466454,0.8822725580785241,UNLOADING,0.10261160307821271,0.0,0.17655354645769739,2.500000000000002,-0.0020000000000000018,0.5696595764160164,0,staged_v3,0.2716870301262267,2,0.44559352579350753,0.26267010269590485,2,0,1,1
v3_torso_proxy:v3_right_forearm_proxy,129,1.0000000000000002,0.6000000000000005,0.9999981680029316,0.0,0.16143170774918797,FLAT,0.0,-1,0.0717060173234622,0.03339265114815483,0.1156153432148175,LOADING,0.04697105695051867,0.0,0.06577818856268487,0.1884952138920757,0.9999981680029316,0.05891102892482475,0,ok,0.08188156510036912,0.03565990455567232,AIR,0.0,-1,2.1400429065838664,0.13623780051856504,0.8117550871698858,UNLOADING,0.08795280263846804,0.026881703461964078,0.03870605089653021,-2.500000000000002,-0.0030000000000000027,0.5666595764160164,0,staged_v3,0.3289164292590787,2,0.44701729918725297,0.31865819903549436,2,0,0,0
v3_torso_proxy:v3_right_forearm_proxy,130,0.23345947265625008,0.40000000000000036,0.23345947265625003,0.0,0.20410638445001894,FLAT,0.0,-1,0.07734866344550625,0.03055395226019924,0.09478151169213275,LOADING,0.07452902011758104,0.0,0.054996332837341684,0.04400607385246934,0.23345947265625003,0.058911988871637816,0,ok,0.09968652906815927,0.02777196159220916,AIR,0.0,-1,2.4673451193550613,0.11779529050099341,0.7346080419983014,UNLOADING,0.07538811654725833,0.04698038502721498,0.01475001707270009,2.500000000000002,-0.0020000000000000018,0.5646595764160164,1,staged_v3,0.23339928571837212,2,0.47924596661310825,0.23339928571837212,2,1,1,1
v3_torso_proxy:v3_right_forearm_proxy,131,0.00018310546874997455,3.66210937574607e-05,0.00014323748585154888,0.0,0.23915875573633516,FLAT,0.0,-1,0.07745354631374747,0.030544289341489284,0.07985341908690992,LOADING,0.10363543837130837,0.0,0.05498902581465821,2.6999629996193875e-05,0.00014323748585154888,0.05891198886071852,0,ok,0.099703151414451,0.021628825435441475,AIR,0.0,-1,2.5489901017939234,0.11779194985365862,0.6743742421685007,UNLOADING,0.06461838561193571,0.04397145275776583,0.014747259350659212,4.999542236328036,-1.831054687873035e-07,0.5646593933105476,1,staged_v3,0.19691398065891605,2,0.5004220815179603,0.19691398065891605,2,1,1,1
v3_pelvis_proxy:v3_right_hand_proxy,132,0.9999999999999999,0.19996337890624272,1.0000000000000002,0.0,0.2597972302740551,FLAT,0.0,-1,0.07871903597631472,0.018045761321373872,0.06915697332812272,SUPPORT,0.1729083506970467,0.010412087345032267,0.04487233607781695,0.18849555921538763,1.0000000000000002,0.030563630868381653,0,ok,0.13361667189413912,0.016844546186036542,AIR,0.0,-1,2.7567887540510765,0.1606891513937015,0.635087819457381,UNLOADING,0.055387187667373466,0.009298605402138747,0.047455785570730304,2.500000000000002,0.0009998168945312136,0.5656592102050788,0,staged_v3,0.2806378959197609,2,0.5475271389560957,0.28145395733187395,2,0,0,0
v3_pelvis_proxy:v3_left_hand_proxy,133,1.0000000000000002,0.3999633789062429,1.0,0.0,0.27123431154827665,FLAT,0.0,-1,0.08423856842989398,0.022559126280707,0.06146901557493639,SUPPORT,0.22832668055763736,0.010756579605653117,0.017316871173093704,0.1884955592153876,1.0,0.05571199902920876,0,ok,0.2307156586325283,0.013118545760167705,AIR,0.0,-1,2.878174108948372,0.14579087036414,0.63510852519094,UNLOADING,0.04747473228632011,0.0255909866399871,0.0311644396195599,2.500000000000002,0.0019998168945312145,0.56765902709961,0,staged_v3,0.3700996801699927,2,0.6060898754447855,0.35216637872584017,2,0,0,0
v3_pelvis_proxy:v3_left_hand_proxy,134,0.9999999999999999,0.5999633789062431,1.0000000000000002,0.0,0.2855144767467878,FLAT,0.0,-1,0.08383979276060606,0.04052650003959108,0.056992683260323376,SUPPORT,0.2726613444461099,0.022170273125301957,0.005679361037714215,0.18849555921538763,1.0000000000000002,0.08188126862989817,0,ok,0.30031643965905797,0.010216733710776667,AIR,0.0,-1,2.9552567215067858,0.18333204428044947,0.6662185630968518,UNLOADING,0.040692627673988666,0.0,0.07218796630052417,2.500000000000002,0.0029998168945312154,0.5706588439941412,0,staged_v3,0.4346591485242052,2,0.6174919143070035,0.417281119924684,2,0,0,0
v3_pelvis_proxy:v3_left_hand_proxy,135,0.9999999999999997,0.7999633789062432,0.9999988419579532,0.0,0.2935273537979029,FLAT,0.0,-1,0.08407192247538743,0.07914943588924035,0.05719979675804915,SUPPORT,0.3081290755568879,0.007087238745381145,0.020772751092521313,0.1884953409296044,0.9999988419579532,0.05139319871855065,0,ok,0.49543000367931594,0.007956800214384888,FLAT,0.0,-1,3.111774328268185,0.07203006753175861,0.7241978584413651,UNLOADING,0.034879395149133144,0.02898047611080809,0.03222941681126017,2.500000000000002,0.003999816894531216,0.5746586608886725,0,staged_v3,0.4613002560442682,2,0.6124122017773176,0.4613002560442682,2,1,1,1
v3_pelvis_proxy:v3_right_hand_proxy,136,0.9818115234375004,0.9999633789062434,0.901118872310488,0.0,0.3083563789949231,FLAT,0.0,-1,0.0799868948572239,0.0011070474906531612,0.06101656421257241,SUPPORT,0.3365032604455103,0.02694378071997546,0.018257660375143748,0.1698569057557049,0.901118872310488,0.07312729258481956,0,ok,0.0,0.0061967622377056735,FLAT,0.0,-1,3.1528387494391947,0.06136258437308706,0.7975403800680652,UNLOADING,0.029896624413542697,0.044363279621348464,0.020513739382054794,2.500000000000002,0.004999816894531217,0.5796584777832037,1,staged_v3,0.5381878278169346,2,0.5351054930662325,0.5351054930662325,2,0,0,0
v3_pelvis_proxy:v3_right_hand_proxy,137,0.9999999999999999,1.0000000000000009,0.4159711331094602,0.16393649575828886,0.32176907093874796,FLAT,0.0,-1,0.07739370532751386,0.034040123178004734,0.06702720740348797,SUPPORT,0.35920260835640827,0.0,0.0656956945700143,0.07840871135292614,0.4159711331094602,0.06814657383462253,0,ok,0.0,0.00482604328323249,FLAT,0.0,-1,3.2075036029361805,0.02421070071187416,0.8549313431918995,UNLOADING,0.025725693442578926,0.0641960860565437,0.003550481103051285,0.00045776367196825873,0.0050000000000000044,0.5846584777832037,0,staged_v3,0.2573668463982867,2,0.5198574684782971,0.2573668463982867,2,1,1,1
v3_pelvis_proxy:v3_right_hand_proxy,138,0.9385074072935634,0.8000000000000007,0.38149329063335763,0.07571320450268582,0.3258296884969375,FLAT,0.0,-1,0.07794517771939057,0.005905346010241407,0.07257914625835424,SUPPORT,0.3773620866851266,0.022723611302676305,0.03978903494709875,0.07190979115485313,0.38149329063335763,0.0662448835595962,0,ok,0.0,0.003758526288117957,FLAT,0.0,-1,3.2141871539713573,0.049602164639021014,0.8960537652141125,UNLOADING,0.02210640647306674,0.021218373156681347,0.04858431510402428,-2.500000000000002,0.0040000000000000036,0.5886584777832037,0,staged_v3,0.10985650639134238,2,0.4926179818595243,0.11156815206256981,2,1,0,0
v3_pelvis_proxy:v3_right_hand_proxy,139,0.3913055519555723,0.6000000000000005,0.6795390433733608,0.07138086763680364,0.33067937341769454,FLAT,0.0,-1,0.07871285993533103,0.026514222296711284,0.07675010240746574,SUPPORT,0.39188966934810127,0.0023232828236620026,0.056907824402469664,0.12809009198935117,0.6795390433733608,0.07021092242789692,0,ok,0.0,0.0029271432163807255,FLAT,0.0,-1,3.1641831868732746,0.053592521327434535,0.9255192681596572,UNLOADING,0.018979493515336853,0.017683442080548332,0.07193040764141403,-2.500000000000002,0.0030000000000000027,0.5916584777832037,0,staged_v3,0.14798857011730643,2,0.4709428607397616,0.10573829714205712,2,0,0,0
v3_pelvis_proxy:v3_right_hand_proxy,140,0.422850748193641,0.40000000000000036,0.5119763105117554,0.0760180154890569,0.3317145650576546,FLAT,0.0,-1,0.07924423781064857,0.006155440284882369,0.07700021228633251,SUPPORT,0.403511735478481,0.02269457032943426,0.044780833815388235,0.09650526095494427,0.5119763105117554,0.07000978717900173,0,ok,0.0,0.0022796614290794596,AIR,0.0,-1,3.0179494962718967,0.060531267626213525,0.9466322236019442,UNLOADING,0.01628551736477593,0.01180034355388368,0.09232768004861164,-2.500000000000002,0.0020000000000000018,0.5936584777832037,0,staged_v3,0.09847540099040263,2,0.47175811682531205,0.0999452634169812,2,1,0,0
v3_pelvis_proxy:v3_right_hand_proxy,141,0.23202462568599636,0.20000000000000018,0.6008161077876606,0.08357319579117324,0.3398017087015113,FLAT,0.0,-1,0.07714310127966642,0.014457832782408173,0.07297168315937719,SUPPORT,0.4128093883827848,0.014190751375560688,0.05142317811041253,0.11325116822304768,0.6008161077876606,0.07402305365381102,0,ok,0.0,0.001775402106104761,AIR,0.0,-1,2.8756637139364463,0.05646916546892551,0.9436779022291334,UNLOADING,0.01397329979423689,0.015714729642531164,0.1054163730796999,-2.500000000000002,0.0010000000000000009,0.5946584777832037,0,staged_v3,0.10872418875349477,2,0.4449368798553576,0.10328886717147284,2,0,0,0
v3_pelvis_proxy:v3_right_hand_proxy,142,0.25455591773752123,0.0,0.45144101395764213,0.09259673523093905,0.3480843067429359,FLAT,0.0,-1,0.07454986287021374,0.0023045767559494593,0.06586376689934449,SUPPORT,0.42024751070622784,0.025988611589017767,0.04397548917908133,0.08509462637870735,0.45144101395764213,0.07908178971922078,0,ok,0.0,0.0013826845505010093,AIR,0.0,-1,2.7117226857212784,0.05804689115921444,0.8959967964511255,UNLOADING,0.011997657484024425,0.011752948663341839,0.11947735302215276,-2.500000000000002,0.0,0.5946584777832037,1,staged_v3,0.1185666094745903,2,0.4498056867150935,0.11430147604747938,2,0,0,0
v3_pelvis_proxy:v3_right_hand_proxy,143,0.00010752606087047357,0.00010986328125017764,0.00029137210145134985,0.09260156718694244,0.34975883207518965,FLAT,0.0,-1,0.07204367690689524,0.002303893281163133,0.06154046031854741,SUPPORT,0.4261980085649823,0.025773129734764238,0.04397611351250506,5.492234720283484e-05,0.00029137210145134985,0.07908448049594909,0,ok,0.0,0.0010768358106709194,AIR,0.0,-1,2.5329649547069293,0.05804756032442626,0.8141157488398124,UNLOADING,0.010312301674633656,0.007658227117564365,0.11948480094193847,-0.0013732910156272204,-5.493164062508882e-07,0.5946579284667974,1,staged_v3,0.12719727787503138,2,0.4635261221928604,0.12259418612096003,2,0,0,0
v3_pelvis_proxy:v3_right_hand_proxy,144,0.27945625271884467,0.20010986328125036,0.7658930187678881,0.09407523507992492,0.35278566891544766,FLAT,0.0,-1,0.07516375198379723,0.006045849662848057,0.06176431031276634,SUPPORT,0.43095840685198583,0.022042365852790263,0.04872133000723467,0.14436743287181442,0.7658930187678881,0.08601653003717705,0,ok,0.0,0.0008386405725898431,AIR,0.0,-1,2.3773660359477664,0.06890042925077514,0.7372224273063241,UNLOADING,0.00887059799740422,0.0,0.15019349999167628,-2.500000000000002,-0.0010005493164062518,0.5936573791503912,0,staged_v3,0.14545873022638514,2,0.45901480232161634,0.14161218782926221,2,0,0,0
v3_pelvis_proxy:v3_right_hand_proxy,145,0.14148140195262285,0.40010986328125053,0.4723536472246183,0.10299728456367094,0.35476555176529007,FLAT,0.0,-1,0.0670198831127057,0.004827308946284852,0.08745710672913931,SUPPORT,0.4347667254815887,0.024545546390172115,0.04610813422051471,0.08903656488103234,0.4723536472246183,0.09015256092952612,0,ok,0.0,0.0006531339346484212,AIR,0.0,-1,2.0709497710061204,0.06995106218687244,0.6639029676761627,UNLOADING,0.007634729194510092,0.0,0.15591943339157174,-2.500000000000002,-0.0020005493164062527,0.5916568298339849,0,staged_v3,0.15761684365799974,2,0.47468132752881226,0.15696955101110932,2,0,0,0
v3_pelvis_proxy:v3_right_hand_proxy,146,0.14917273297653694,0.6001098632812507,0.44999804896501,0.1202181485708123,0.3602770257431145,FLAT,0.0,-1,0.07033472714476083,0.022022039174409088,0.13131537419694322,SUPPORT,0.43781338038527096,0.009543729535438073,0.05648880089468477,0.08482263388549294,0.44999804896501,0.09312922193546849,0,ok,0.0,0.0005086612197546983,AIR,0.0,-1,1.8736266000702775,0.07192386802711212,0.609879667496938,UNLOADING,0.00657240203589181,0.0,0.16080600118157395,-2.500000000000002,-0.0030005493164062536,0.5886562805175787,0,staged_v3,0.20502114987091197,2,0.4852658104569992,0.18317371504886287,2,0,0,0
v3_pelvis_proxy:v3_right_hand_proxy,147,0.15797622409315956,0.8001098632812509,0.5657043737296659,0.12424132518543335,0.36488679716261496,FLAT,0.0,-1,0.06715086623112469,0.001928032498041768,0.18896340307066345,SUPPORT,0.4402507043082168,0.0325201376554914,0.04207828972481037,0.10663276227676399,0.5657043737296659,0.09359379076804486,0,ok,0.0,0.000396145756263015,AIR,0.0,-1,1.6138256485511515,0.06600339564525544,0.5704335319249476,UNLOADING,0.005657797592673098,0.0,0.15860194755208978,-2.500000000000002,-0.0040005493164062544,0.5846557312011724,1,staged_v3,0.20373441046285734,2,0.5049588011800822,0.2019405342750157,2,0,0,0
v3_pelvis_proxy:v3_right_hand_proxy,148,0.08469738337957235,1.0000000000000009,0.2946528259359488,0.1249904766494127,0.36123894266511203,FLAT,0.0,-1,0.07750419877387497,0.009864460800214171,0.2620742165579091,UNLOADING,0.3773577465499001,0.02823925002768129,0.044657558760204566,0.05554074919919094,0.2946528259359488,0.09268339273610152,0,ok,0.0,0.00030851862518804996,AIR,0.0,-1,1.188596048686062,0.054427863505751656,0.5486151892676866,UNLOADING,0.004869435168182356,0.0,0.14969343609805594,-2.498626708984375,-0.0050000000000000044,0.5796557312011724,0,staged_v3,0.2110063733323326,2,0.5210251497835143,0.20703705903786482,2,0,0,0
v3_pelvis_proxy:v3_right_hand_proxy,149,0.05466726606008513,1.0000000000000009,0.2716982364964499,0.12750147966013192,0.36221538633114403,FLAT,0.0,-1,0.08697866520621982,0.008147090923802537,0.3425878306327583,UNLOADING,0.32344949704277154,0.03398230060783538,0.04267990996579454,0.05121391102623296,0.2716982364964499,0.08967841814906949,0,ok,0.0,0.00024027454688856656,AIR,0.0,-1,1.048089553154394,0.04226781531321249,0.5068769721847861,UNLOADING,0.004190727988737536,0.008076033296026817,0.13992680038473163,0.0,-0.0050000000000000044,0.5746557312011724,0,staged_v3,0.19947424472859976,2,0.5375065354829404,0.19788057929612762,2,0,0,0
v3_pelvis_proxy:v3_right_hand_proxy,150,0.05320726324817569,1.0000000000000009,0.2493606942154977,0.12809527157359768,0.3443324416892444,FLAT,0.0,-1,0.10122464764538439,0.007689379897334907,0.4370464827393694,UNLOADING,0.2772424260366613,0.03916294423963357,0.041198275452784615,0.047003383502487506,0.2493606942154977,0.08557886635463485,0,ok,0.0,0.00018712600526894261,AIR,0.0,-1,0.9720907398464541,0.031043539196401536,0.4751001306316058,UNLOADING,0.0036060843354494736,0.017711467335178754,0.12340261551714285,0.0,-0.0050000000000000044,0.5696557312011724,0,staged_v3,0.16604028277728522,2,0.548845973166018,0.16522717142689347,2,0,0,0
v3_pelvis_proxy:v3_right_hand_proxy,151,0.3835071518671366,0.9000000000000119,1.0,0.09706605816039261,0.2931321235992134,FLAT,0.0,-1,0.1246602837383392,0.0448073706481273,0.5491577655827462,UNLOADING,0.23763636517428113,0.007650517631010011,0.05076743811637152,0.1884955592153876,1.0,0.060023628827137465,0,ok,0.0,0.00014573387943647636,AIR,0.0,-1,0.9419687614885262,0.16156932677456592,0.44774155313578584,UNLOADING,0.0031024269683728465,0.0,0.23260564013651974,1.2499999999998623,-0.0045000000000000595,0.5651557312011724,0,staged_v3,0.20739789572228387,2,0.5531181616368857,0.20051681760752257,2,1,0,0
v3_pelvis_proxy:v3_right_hand_proxy,152,0.6172842083198569,1.0000000000000009,0.8062710353467696,0.1220054755322039,0.22829152740245126,FLAT,0.0,-1,0.17514283871383973,0.022722182500200302,0.6459992782997779,UNLOADING,0.20368831300652668,0.034577781414788594,0.04717440892763272,0.1519785096868589,0.8062710353467696,0.0636469082931356,0,ok,0.0,0.00011349765942516149,AIR,0.0,-1,0.9861942299223869,0.028759764028903567,0.42224980625584546,UNLOADING,0.002668590729279925,0.01735272628388871,0.09340837675902078,-1.2499999999998623,-0.0050000000000000044,0.5601557312011723,0,staged_v3,0.22719383651246514,2,0.5804214417705376,0.22860845106937575,2,1,0,0
v3_pelvis_proxy:v3_right_hand_proxy,153,0.12241175724548291,1.0000000000000009,0.3966627659020412,0.12492105568788217,0.17779362030959614,FLAT,0.0,-1,0.19213276034388635,0.017821003537452768,0.7305364744340305,UNLOADING,0.17458998257702288,0.04370582018424876,0.04403890365186296,0.07476916987862764,0.3966627659020412,0.07031607042125299,0,ok,0.0,8.839206603708738e-05,AIR,0.0,-1,0.5812243324968703,0.013501263989883185,0.37007676753873214,UNLOADING,0.0022953177988059375,0.030002574387053425,0.06878218769061575,0.0,-0.0050000000000000044,0.5551557312011723,0,staged_v3,0.18716548132982458,2,0.5730188930446423,0.18300731639588905,2,0,0,0
v3_pelvis_proxy:v3_right_hand_proxy,154,0.16992187499999997,0.13593750000000515,0.025303256482793985,0.1304437450945621,0.1384658107222135,FLAT,0.0,-1,0.20423311947724626,0.004697305941196297,0.8012133788705476,UNLOADING,0.14964855649459105,0.06036336300233108,0.03210455180051061,0.004769551480694634,0.025303256482793985,0.07020574854672032,0,Stage A: NoSolutionFound: QP solver proxqp failed to find a solution.,0.0,6.883981024698299e-05,FLAT,0.0,-1,0.3509781822171959,0.02440841125981351,0.2934208592996061,LOADING,0.001974363938115131,0.015262631705166799,0.07888218371592806,10.800781249999947,-0.0006796875000000258,0.5544760437011723,1,staged_v3,0.16391862496210455,2,0.5894543150995324,0.16391862496210455,2,1,1,1
v3_pelvis_proxy:v3_right_hand_proxy,155,0.49494537946448397,0.33593750000000533,1.0000000000000002,0.08974642710074868,0.10783728181907681,FLAT,0.0,-1,0.2603501062429305,0.08375956703644652,0.8575631618375781,UNLOADING,0.12827019128107806,0.0,0.06888084543753606,0.18849555921538763,1.0000000000000002,0.06858707223766794,0,ok,0.0,5.361249812683727e-05,FLAT,0.0,-1,0.17272996647505046,0.09036838673934025,0.23220176375155266,LOADING,0.0016981924585990635,0.0,0.12852554883243494,-2.500000000000002,-0.0016796875000000266,0.5527963562011723,0,staged_v3,0.21215689410745509,2,0.5690383202673521,0.21079555427536273,2,0,0,0
v3_pelvis_proxy:v3_right_hand_proxy,156,0.9999999999999999,0.13593750000000515,0.8619818361228253,0.15743558320402187,0.0839837595249888,FLAT,0.0,-1,0.28373305572978613,0.14117339052136824,0.8979395456774931,UNLOADING,0.10994587824092406,0.0,0.1334920296551203,0.16247974823347855,0.8619818361228253,0.0703525705705042,0,ok,0.0,0.02419353330874107,FLAT,0.0,-1,0.1234962026016825,0.0243227599351501,0.1869072626017525,LOADING,0.005292871211947242,0.010022603194937526,0.07613959843097325,2.500000000000002,-0.0006796875000000258,0.5521166687011723,0,staged_v3,0.2901282974840229,2,0.5249251190550597,0.2694173909128716,2,0,1,1
v3_pelvis_proxy:v3_right_hand_proxy,157,0.7188790265911139,0.33593750000000533,0.6312970242965426,0.11471868894674636,0.06540661768334183,FLAT,0.0,-1,0.3576525693076238,0.06553994234102584,0.9052910241814579,UNLOADING,0.09423932420650634,0.015557240784263071,0.054707310424809835,0.11899668562578691,0.6312970242965426,0.07722189362198614,0,ok,0.0,0.07704114259238254,FLAT,0.0,-1,0.09707601515163142,0.007485325328981083,0.15475663665933792,LOADING,0.017257999865636385,0.025252506503985816,0.05166927877596278,-2.500000000000002,-0.0016796875000000266,0.5504369812011722,0,staged_v3,0.17898627225311817,2,0.5612427914713236,0.17898627225311817,2,1,0,0
v3_pelvis_proxy:v3_right_hand_proxy,158,0.4560627385500423,0.13593750000000515,0.9999748803370273,0.09437647631742618,0.05093872506983861,AIR,0.0,-1,0.4884505263953616,0.07169175138837677,0.879859649639485,UNLOADING,0.08077656360557686,0.022023874367828232,0.046969108114146015,0.18849082427046826,0.9999748803370273,0.08986531715357457,0,ok,0.0,0.12252167413126083,FLAT,0.0,-1,0.08793536681289155,0.06055369451952528,0.13351378897941224,LOADING,0.03503906812968818,0.0,0.09709663861262743,2.500000000000002,-0.0006796875000000258,0.5497572937011722,0,staged_v3,0.21329708597661878,2,0.5453646376860402,0.19197342441626655,2,0,0,0
v3_pelvis_proxy:v3_right_hand_proxy,159,0.3643944762258253,0.06406249999999503,0.8497123514194378,0.1294346910620404,0.03967111897304931,AIR,0.0,-1,0.5758034651509225,0.06811863443800556,0.8287756296765283,UNLOADING,0.06923705451906588,0.04818200054933626,0.018256780934490166,0.16016700485302887,0.8497123514194378,0.05443253553239878,0,ok,0.0,0.15697071864822573,FLAT,0.0,-1,0.07568568150636017,0.08256684875958041,0.11778138682594821,LOADING,0.05572775244670494,0.0,0.1284995614670045,2.500000000000002,0.00032031249999997513,0.5500776062011722,0,staged_v3,0.22552161622274391,2,0.5101195830281459,0.21770871468575592,2,1,0,0
v3_pelvis_proxy:v3_right_hand_proxy,160,0.7541651216062606,0.2640624999999952,0.8408612471694813,0.13599065464512494,0.03089589852152967,AIR,0.0,-1,1.0295633785750442,0.13235029565853415,0.7563593274092469,UNLOADING,0.0593460467306279,0.0,0.092459452775165,0.15849861100775964,0.8408612471694813,0.04419245739312931,0,ok,0.0,0.17661439585028268,FLAT,0.0,-1,0.08570107978188803,0.03353935749973843,0.1061068344348808,LOADING,0.07615708223556,0.0,0.06836213248982106,2.500000000000002,0.001320312499999976,0.5513979187011722,0,staged_v3,0.2267052153344449,2,0.5667604063161691,0.1815042890984694,2,0,0,0
v3_pelvis_proxy:v3_right_hand_proxy,161,0.5886840820312503,0.4640624999999954,0.42209318963857,0.19577431408912363,0.02406174996226197,AIR,0.0,-1,1.2272644425030372,0.056708119104240125,0.6763563444523226,UNLOADING,0.05086804005482391,0.046376612716329445,0.01244120450628669,0.0795626918219289,0.42209318963857,0.04288376213709044,0,ok,0.0,0.19656047753014175,FLAT,0.0,-1,0.07435682289144309,0.04622854097875772,0.0970377401190583,LOADING,0.09642300438722677,0.0,0.09098559920054974,2.500000000000002,0.002320312499999977,0.5537182312011721,1,staged_v3,0.2152917860501011,2,0.5937296719018031,0.2152917860501011,2,1,1,1
v3_pelvis_proxy:v3_right_hand_proxy,162,0.8579881351501399,0.6640624999999956,0.9699054889548978,0.0734801610898361,0.018739309712677968,AIR,0.0,-1,1.5876835556676252,0.2120029606254612,0.5970977443673899,UNLOADING,0.04360117718984907,0.0,0.15681702300378902,0.1828228775266274,0.9699054889548978,0.009991449487321787,0,ok,0.0,0.20792098474869805,FLAT,0.0,-1,0.08047203384678382,0.030014653977548475,0.09001365865109504,LOADING,0.11497945475000726,0.0,0.03156294727412748,2.500000000000002,0.003320312499999978,0.5570385437011721,1,staged_v3,0.2703799533980322,2,0.5804738518306064,0.26696643032964235,2,1,1,1
v3_pelvis_proxy:v3_right_hand_proxy,163,0.6165143087216686,0.8640624999999957,0.9962149636623459,0.2006044087630515,0.014594189078451185,AIR,0.0,-1,1.6995693650796,0.06535079281471359,0.5345901237670047,UNLOADING,0.03748437032894909,0.03691430499180317,0.014815201196547063,0.18778209667427093,0.9962149636623459,0.017879855904736834,0,ok,0.0,0.21593659779096797,FLAT,0.0,-1,0.08109789580507584,0.016660787058208466,0.08407372937251802,LOADING,0.13153996434133938,0.012542899410417436,0.05057609880726808,2.500000000000002,0.004320312499999979,0.5613588562011721,1,staged_v3,0.29292788018248866,2,0.6017712622902234,0.29417348111122626,2,1,0,0
v3_pelvis_proxy:v3_right_hand_proxy,164,0.3018362862616547,1.0000000000000009,0.999957702556121,0.24566469606407687,0.011365965882589927,AIR,0.0,-1,1.756015408998406,0.08613274752404167,0.4834690729890231,UNLOADING,0.03212946028195637,0.0012692676254848073,0.04790418602396635,0.18848758633505025,0.999957702556121,0.08537654626385778,0,ok,0.0,0.22979761734297116,FLAT,0.0,-1,0.06619668530520789,0.010773415590062726,0.07888694004553695,LOADING,0.1475658887692773,0.018170931412214122,0.039808848535517416,1.6992187500000644,0.0050000000000000044,0.5663588562011721,0,staged_v3,0.3416152052934077,2,0.5676196088063508,0.3299058643017447,2,0,0,0
v3_pelvis_proxy:v3_right_hand_proxy,165,0.9999999999999999,1.0000000000000009,1.0,0.0,0.008851823129723907,AIR,0.0,-1,1.846401621473342,0.227454387935018,0.44563476978989347,UNLOADING,0.02753953738453403,0.0,0.1666136917969308,0.1884955592153876,1.0,0.058979581246124554,0,ok,0.0,0.21961689741030097,FLAT,0.0,-1,0.10029846130956904,0.000696712350567342,0.07266922569361947,LOADING,0.1587842125206737,0.027936748934113634,0.0031970171198338797,0.0,0.0050000000000000044,0.5713588562011721,0,staged_v3,0.36981472360490725,2,0.5543927528644056,0.37110512279202323,2,1,1,1
v3_pelvis_proxy:v3_right_hand_proxy,166,0.46679687500000006,1.0000000000000009,0.466796875,0.0,0.006893806785038553,AIR,0.0,-1,1.8544586760468866,0.13842409547174464,0.41852530693397494,UNLOADING,0.02417797121308442,0.0,0.09296811861111862,0.08798913799312039,0.466796875,0.08771490098830312,0,ok,0.0,0.22096017477480648,FLAT,0.0,-1,0.08513736446660776,0.002099201154707524,0.06739314227391527,LOADING,0.16824116487240673,0.02627045595898824,0.018481028506909136,0.0,0.0050000000000000044,0.5763588562011721,1,staged_v3,0.375264728227169,2,0.5536936996072503,0.3694248708900218,2,0,1,1
v3_torso_proxy:v3_left_forearm_proxy,167,0.9999999999999999,1.0000000000000009,0.9524657272759921,0.0,0.005368902122530989,AIR,0.0,-1,1.871376337319251,0.03210661831909436,0.39910052798487217,UNLOADING,0.021184856818462328,0.023630403192953158,0.021324623206290454,0.17953555989637898,0.9524657272759921,0.10052041041506352,0,ok,0.0,0.2227905008409244,FLAT,0.0,-1,0.0839383723629551,0.042367281488171774,0.06168912971579771,LOADING,0.1764022816449456,0.0,0.06950477607827302,0.0,0.0050000000000000044,0.5813588562011721,0,staged_v3,0.39040841405730015,2,0.5409747127732004,0.3831766589122231,2,0,1,1
v3_pelvis_proxy:v3_right_hand_proxy,168,0.6242345860988066,1.0000000000000009,0.4050733374076437,0.0,0.004181305177260862,AIR,0.0,-1,1.8592931067252225,0.05343829715232508,0.3851820656668654,UNLOADING,0.018525697474667705,0.0017810015763391057,0.04247810170700417,0.07635452525789718,0.4050733374076437,0.10007213914530977,0,ok,0.0,0.23160178427719422,FLAT,0.0,-1,0.07452200584959803,0.005243133834792857,0.05554325014155905,LOADING,0.1848693990039274,0.022534028672285097,0.029217870046561963,0.0,0.0050000000000000044,0.5863588562011721,1,staged_v3,0.4062359566991245,2,0.5108923935170332,0.4073693600028108,2,1,0,0
v3_pelvis_proxy:v3_right_hand_proxy,169,0.4155748060772345,1.0000000000000009,0.9999766977209489,0.0,0.0032564037463112786,AIR,0.0,-1,1.8538878317763285,0.09243445691445953,0.3752090516209722,UNLOADING,0.01616982234756701,0.0,0.08752034845418985,0.18849116683926687,0.9999766977209489,0.082834089089947,0,ok,0.0,0.2501265551059524,FLAT,0.0,-1,0.05730377848264473,0.04424540536500486,0.050334547038546826,SUPPORT,0.23789551920314192,0.0,0.05495978155485437,0.0,0.0050000000000000044,0.5913588562011721,0,staged_v3,0.5370954462212058,2,0.5366351379233316,0.5366351379233316,2,0,0,0
v3_pelvis_proxy:v3_right_hand_proxy,170,0.7647705078125003,1.0000000000000009,0.7310022936145878,0.0,0.0025360897876238802,AIR,0.0,-1,1.70010224762486,0.08104704646008393,0.3680630747962975,UNLOADING,0.014088797552547659,0.0,0.09252909551896792,0.1377906861226127,0.7310022936145878,0.08668283386722925,0,ok,0.0,0.26428306490475206,FLAT,0.0,-1,0.0655044191746206,0.0010994431949651476,0.04474123233944606,SUPPORT,0.28031641536251356,0.026137618422007156,0.04346645897633181,0.0,0.0050000000000000044,0.5963588562011721,1,staged_v3,0.6251746636534747,2,0.626907404098333,0.626907404098333,2,1,1,1
v3_pelvis_proxy:v3_right_hand_proxy,171,0.24670410156250008,1.0000000000000009,0.13979201004581238,0.0,0.0019751087125408706,AIR,0.0,-1,1.6449713279612947,0.08917433844757151,0.3629427586567834,UNLOADING,0.012255863231864313,0.0,0.0943571042500019,0.026350173107428487,0.13979201004581238,0.08970589082365305,0,ok,0.0,0.281020278181512,FLAT,0.0,-1,0.05565324056885069,0.002514515692799442,0.039606126338751504,SUPPORT,0.31425313229001084,0.024465790624138135,0.034017458499162406,0.0,0.0050000000000000044,0.6013588562011721,1,staged_v3,0.6903297467921446,2,0.686048876822587,0.686048876822587,2,0,1,1
v3_torso_proxy:v3_left_forearm_proxy,172,0.8408596945459197,1.0000000000000009,0.6238267867321388,0.0,0.0015382162119779844,FLAT,0.0,-1,1.5340150617207855,0.010224290990205255,0.35927389182278524,LOADING,0.010645822096888805,0.032739403600934004,0.02802860340017839,0.11758857901861283,0.6238267867321388,0.10446005564041144,0,ok,0.0,0.29561071129307775,FLAT,0.0,-1,0.05220802283769285,0.006594213182486812,0.03422181353314725,SUPPORT,0.34140250583200865,0.020116877494170553,0.038595122221182276,0.0,0.0050000000000000044,0.6063588562011721,0,staged_v3,0.7427954718740156,2,0.7398113373982962,0.7398113373982962,2,0,0,0
v3_torso_proxy:v3_left_forearm_proxy,173,1.0,1.0000000000000009,0.1793438179953568,0.0,0.0011979639904215844,FLAT,0.0,-1,1.4301871810118787,0.021044246495976297,0.35664503386189983,LOADING,0.00923509266626074,0.025213413976765645,0.01761883771632935,0.03380551326485748,0.1793438179953568,0.10227613897460547,0,ok,0.08468980500125826,0.3171086367363711,FLAT,0.0,-1,0.041223487029324914,0.01286925937299772,0.05785132338626886,SUPPORT,0.3631220046656069,0.015023306796315725,0.014363345876242533,0.0,0.0050000000000000044,0.6113588562011721,0,staged_v3,0.13435668871381223,2,0.48566860577469795,0.13531155092874136,2,1,1,1
v3_torso_proxy:v3_left_forearm_proxy,174,0.7114868164062506,1.0000000000000009,0.5428236576222029,0.0,0.0009329752938316749,FLAT,0.0,-1,1.3885289112869303,0.0006121673847104625,0.3547613748218743,LOADING,0.00800179252764022,0.04212590135638326,0.007576259823440373,0.10231984889883922,0.5428236576222029,0.10288693244051633,0,ok,0.03553139369759131,0.33856018027353907,FLAT,0.0,-1,0.035160521979463184,0.03894423407649006,0.0747655114047775,UNLOADING,0.31124743257052023,0.0,0.04022633283502996,0.0,0.0050000000000000044,0.6163588562011721,1,staged_v3,0.14878319903331824,2,0.5339129185317788,0.15047154431123494,2,0,1,1
v3_pelvis_proxy:v3_left_hand_proxy,175,1.0000000000000002,0.8000000000000007,0.4736218221216002,0.0,0.0007266018894223824,FLAT,0.0,-1,1.063986754107469,0.020348248799671724,0.32506480519862957,LOADING,0.006928737764803095,0.02090499146025975,0.0539918462625259,0.08927561021742186,0.4736218221216002,0.09096023587305069,0,ok,0.045165101748583666,0.3580388741565178,FLAT,0.0,-1,0.035039904462237766,0.013312781989802184,0.08643173305305077,UNLOADING,0.2949840858308313,0.016008804662850356,0.0474888324561511,-2.500000000000002,0.0040000000000000036,0.6203588562011721,0,staged_v3,0.1414155387698556,2,0.49623768039482147,0.14001645524240666,2,0,0,0
v3_pelvis_proxy:v3_left_hand_proxy,176,0.24268300333659562,0.6000000000000005,0.39531278032745565,0.0,0.0005658781204633138,FLAT,0.0,-1,0.9631970431581163,0.010155415452546453,0.30378628324694024,LOADING,0.005995199814042224,0.030033898709800562,0.05934409729772123,0.07451470359281342,0.39531278032745565,0.08258480862487612,0,ok,0.056346768875045306,0.3758565387753851,FLAT,0.0,-1,0.031841500710219836,0.007920111936981725,0.09371122116331468,UNLOADING,0.2743627014125823,0.02176544912118401,0.046866125805102354,-2.500000000000002,0.0030000000000000027,0.6233588562011722,0,staged_v3,0.13114132433665177,2,0.486257249684015,0.1283534478372709,2,0,0,0
v3_pelvis_proxy:v3_left_hand_proxy,177,0.056298304784938254,0.5000000000000115,0.27257292287977686,0.0,0.00044070632333980357,FLAT,0.0,-1,0.7429596926559532,0.002534413767498308,0.28853955602582315,LOADING,0.0051835348572455585,0.03689256403379285,0.05737182327465758,0.05137878552519626,0.27257292287977686,0.08272976824694166,0,ok,0.06742416764061356,0.39406945321019193,FLAT,0.0,-1,0.02422355194132268,0.01003099129782415,0.09924107778667408,SUPPORT,0.30949016113006583,0.019931062591509556,0.04649830890582871,-1.2499999999998623,0.0025000000000000577,0.6258588562011722,0,staged_v3,0.117961996808277,2,0.49155813511813423,0.11963098239384447,2,1,0,0
v3_pelvis_proxy:v3_left_hand_proxy,178,0.9999999999999999,0.7000000000000117,0.22561113165281582,0.0,0.00034322242972155875,FLAT,0.0,-1,0.624851376685293,0.03391315573884561,0.3059616675307361,LOADING,0.004477059809466193,0.006384927637691197,0.05340581705731147,0.04252669642611395,0.22561113165281582,0.08451970335871106,0,ok,0.017279250853093307,0.41368249078571384,FLAT,0.0,-1,0.01695305473151782,0.002104902544854418,0.10320339320029495,SUPPORT,0.33759212890405266,0.02805526711516033,0.014752075955767885,2.500000000000002,0.0035000000000000586,0.6293588562011723,0,staged_v3,0.10866161944785183,2,0.5062877598494341,0.10836712177830979,2,1,1,1
v3_pelvis_proxy:v3_left_hand_proxy,179,0.3069559125261031,0.5000000000000115,0.1577364481666357,0.0,0.0002673018970348202,FLAT,0.0,-1,0.5661975563242935,0.020218270935146325,0.30542792933407326,LOADING,0.0038640027555590806,0.020053125531557338,0.055755098461427094,0.029732620005819,0.1577364481666357,0.08418924470451718,0,ok,0.0509180088559456,0.43268830346056464,FLAT,0.0,-1,0.013374599066685302,0.00250970527225989,0.10604251625652343,SUPPORT,0.3600737031232421,0.027792420540566284,0.025767593790653017,-2.500000000000002,0.0025000000000000577,0.6318588562011723,1,staged_v3,0.09912472582517477,2,0.5125113684663662,0.09912472582517477,2,1,0,0
v3_pelvis_proxy:v3_left_hand_proxy,180,0.8009495384762677,0.7000000000000117,0.49540703432435185,0.0,0.00020817492672718999,FLAT,0.0,-1,0.4081575703292667,0.03035180960459763,0.29173499271847275,LOADING,0.0033330656499069643,0.009234940031326008,0.08682980958293374,0.09338202597420542,0.49540703432435185,0.07803206759833581,0,ok,0.17488164057028044,0.44167851364006316,FLAT,0.0,-1,0.021247642810257147,0.01022307005039455,0.1080768368208831,SUPPORT,0.37805896249859366,0.020180771790649605,0.05313356732144105,2.500000000000002,0.0035000000000000586,0.6353588562011724,0,staged_v3,0.10963737374969024,2,0.5313114863360829,0.10963737374969024,2,1,1,1
v3_pelvis_proxy:v3_left_hand_proxy,181,0.13299565678776376,0.5000000000000115,0.9575132364109381,0.0,0.00016212679595096788,FLAT,0.0,-1,0.3142459886799135,0.005090092643271704,0.26006907411769237,LOADING,0.0028740509328114452,0.03291336106261292,0.06627191291889278,0.18048699295341541,0.9575132364109381,0.08107765941672937,0,ok,0.13990853971142764,0.451348459137729,FLAT,0.0,-1,0.020538945632797574,0.00883232044152157,0.10953449120099093,UNLOADING,0.3240505392845089,0.021644404118527978,0.048653366673694576,-2.500000000000002,0.0025000000000000577,0.6378588562011724,0,staged_v3,0.12675608438792488,2,0.5269654265041381,0.12778924983650522,2,1,0,0
v3_pelvis_proxy:v3_left_hand_proxy,182,0.9999999999999999,0.7000000000000117,0.7660226509022164,0.0,0.00012626447564347167,FLAT,0.0,-1,0.16005258674732217,0.01954827320555699,0.2008889388658786,LOADING,0.0024778864194262384,0.015496173737736946,0.06325305540663828,0.14439186795346692,0.7660226509022164,0.07545004756716919,0,ok,0.2984704506237102,0.46012692209918016,FLAT,0.0,-1,0.02135947410749978,0.06375883609273258,0.11057894620433323,UNLOADING,0.2777576051010076,0.0,0.09354814053373216,2.500000000000002,0.0035000000000000586,0.6413588562011725,0,staged_v3,0.1786407910087515,2,0.5488758904593626,0.1803672430211012,2,1,1,1
v3_pelvis_proxy:v3_left_hand_proxy,183,0.9792976905412134,0.5000000000000115,1.0000000000000002,0.0,0.0026897407823234364,FLAT,0.0,-1,0.10259548860969911,0.006924548867539428,0.1559046289225689,LOADING,0.002448245180044976,0.02587068257858902,0.059622500848410004,0.18849555921538763,1.0000000000000002,0.08302012722610712,0,ok,0.16468747712552445,0.4658919612044068,FLAT,0.0,-1,0.02377084988658734,0.014019675797953154,0.11132733091671343,UNLOADING,0.2380779472294351,0.01654669074788252,0.052490246149984834,-2.500000000000002,0.0025000000000000577,0.6438588562011726,0,staged_v3,0.19385198155790687,2,0.5405512927870061,0.1949542630585679,2,1,0,0
v3_pelvis_proxy:v3_left_hand_proxy,184,0.04557352801350671,0.7000000000000117,1.0000000000000002,0.0,0.011689023195886463,FLAT,0.0,-1,0.08439319560431913,0.015942855557924518,0.11611742182722583,LOADING,0.004024940935776279,0.014863015533436774,0.05793268866740882,0.18849555921538763,1.0000000000000002,0.03351354040115265,0,ok,0.2114113518932497,0.469318885044419,FLAT,0.0,-1,0.026438085532605876,0.011602737320387989,0.11075153215489285,UNLOADING,0.20406681191094436,0.018934839287356654,0.017240053206105783,2.500000000000002,0.0035000000000000586,0.6473588562011726,0,staged_v3,0.2336694090269371,2,0.5031270992786816,0.22430644114024045,2,0,1,1
v3_pelvis_proxy:v3_right_hand_proxy,185,0.40142097895182993,0.9000000000000119,1.0,0.0,0.09230668133307872,FLAT,0.0,-1,0.031092490318683958,0.024720492019500745,0.08673245896974534,LOADING,0.02008009192496584,0.004616130928986523,0.04988794421249214,0.1884955592153876,1.0,0.04528342891460495,0,ok,0.07020823329170868,0.48316209665096455,FLAT,0.0,-1,0.014104791493996007,0.03761519987489642,0.1105145792207137,UNLOADING,0.1749144102093809,0.0015102142399427108,0.029015514721092976,2.500000000000002,0.0045000000000000595,0.6518588562011727,0,staged_v3,0.36043129857516387,2,0.5067625585422812,0.3579161940082255,2,0,1,1
v3_pelvis_proxy:v3_right_hand_proxy,186,1.0,1.0000000000000009,1.0,0.0,0.16526978474205012,FLAT,0.0,-1,0.02491062088430588,0.05022290150269859,0.06455110891152271,LOADING,0.0469843609134491,0.0016942103929045438,0.026533345052671593,0.1884955592153876,1.0,0.07581340524009023,0,ok,0.150800981201765,0.49416270397444195,FLAT,0.0,-1,0.015267927720442043,0.030832343698598573,0.11098139116665122,SUPPORT,0.22993152816750473,0.016911483737398827,0.013637585820933735,1.2499999999998623,0.0050000000000000044,0.6568588562011727,0,staged_v3,0.44773727686452347,2,0.4900374149839574,0.44860570866907484,2,1,1,1
v3_pelvis_proxy:v3_right_hand_proxy,187,0.9329159732903543,0.8000000000000007,0.7105495146668883,0.0,0.2365859126515589,FLAT,0.0,-1,0.016965446317975894,0.013883577174198528,0.07674758707039739,LOADING,0.08127319167490007,0.014953802179321341,0.060827602224510405,0.13393542811735737,0.7105495146668883,0.07153215040104845,0,ok,0.1507267043393854,0.501061402037191,FLAT,0.0,-1,0.018565507919875098,0.01955057179933856,0.11273408047184547,UNLOADING,0.19708416700071835,0.011086132224253715,0.0553848273389069,-2.500000000000002,0.0040000000000000036,0.6608588562011727,0,staged_v3,0.389699629351969,2,0.49584032089609426,0.39077661912287975,2,1,0,0
v3_pelvis_proxy:v3_right_hand_proxy,188,0.3397377558147971,0.6000000000000005,0.47677048263287947,0.0,0.2995796980233629,FLAT,0.0,-1,0.015153895583735233,0.012026499775873906,0.05699759854406081,SUPPORT,0.15501855333992007,0.015823380151329135,0.06177624618308784,0.08986911874127486,0.47677048263287947,0.07312558563605592,0,ok,0.1576827409599003,0.5084307400244281,FLAT,0.0,-1,0.014752969146767162,0.029316271212900827,0.11529939421947286,UNLOADING,0.16892928600061574,0.0014486984980728174,0.06789699079668145,-2.500000000000002,0.0030000000000000027,0.6638588562011727,0,staged_v3,0.32924335681218314,2,0.4988691567776972,0.3290903692752996,2,0,0,0
v3_pelvis_proxy:v3_right_hand_proxy,189,0.05430654892813033,0.40000000000000036,0.2560149831569329,0.0,0.35281443824589587,FLAT,0.0,-1,0.014150059402980517,0.013935498176597099,0.04230090329230712,SUPPORT,0.21401484267193607,0.013179546988018258,0.06323853554834,0.0482576874176841,0.2560149831569329,0.06583707814436641,0,ok,0.16936210849857375,0.5151233277360294,FLAT,0.0,-1,0.013158646014751663,0.030968908991990063,0.11837671869513969,UNLOADING,0.14479653085767064,0.0,0.06969097144215639,-2.500000000000002,0.0020000000000000018,0.6658588562011727,0,staged_v3,0.45571472560976123,2,0.5014189545165261,0.4557570044643945,2,0,0,0
v3_pelvis_proxy:v3_right_hand_proxy,190,0.02724800080075253,0.20000000000000018,0.1869131422381519,0.0,0.4042364075872743,FLAT,0.0,-1,0.00485352862670327,0.015410795916735925,0.03177026098246445,SUPPORT,0.26121187413754887,0.0111777171323873,0.06412844739741613,0.035232297270885726,0.1869131422381519,0.05833491727457214,0,ok,0.1694823459688727,0.5247137966359757,FLAT,0.0,-1,0.01033002928551876,0.031654659545351585,0.12123284247747379,UNLOADING,0.1241113121637177,0.0,0.07062127026006187,-2.500000000000002,0.0010000000000000009,0.6668588562011727,0,staged_v3,0.5556929102943798,2,0.5557584176766295,0.5557584176766295,2,0,0,0
v3_pelvis_proxy:v3_right_hand_proxy,191,0.021648444684984267,0.0,0.1522553307329938,0.0,0.44356177347134695,FLAT,0.0,-1,0.00501199160526628,0.01596171731078867,0.024224726047009093,SUPPORT,0.29896949931003913,0.010249518991561787,0.0641938394786594,0.028699453710039458,0.1522553307329938,0.0511515658830914,0,ok,0.1695479679702563,0.5364225937640094,FLAT,0.0,-1,0.005537557272384594,0.031331455308286404,0.1235813491125099,UNLOADING,0.10638112471175802,0.0,0.07061662514108666,-2.500000000000002,0.0,0.6668588562011727,0,staged_v3,0.6354495991737891,2,0.6355330885365789,0.6355330885365789,2,0,0,0
v3_pelvis_proxy:v3_right_hand_proxy,192,0.01972536181873364,0.20000000000000018,0.12704993123800737,0.0,0.4678260168938037,FLAT,0.0,-1,0.01030335527305323,0.015526171727061135,0.019595928531812294,SUPPORT,0.3309073057883174,0.010453624699529481,0.06343406175127764,0.02394834783698474,0.12704993123800737,0.044659985464341204,0,ok,0.16956066445534576,0.5400237478318555,FLAT,0.0,-1,0.00973712446802276,0.029958857726343047,0.1252139395234882,UNLOADING,0.09118382118150688,0.001301839249831363,0.06971091262512485,-2.500000000000002,-0.0010000000000000009,0.6658588562011727,0,staged_v3,0.702721311030557,2,0.7028225571741619,0.7028225571741619,2,0,0,0
v3_pelvis_proxy:v3_right_hand_proxy,193,0.019916708990262495,0.40000000000000036,0.15069391129513407,0.01308821979527672,0.49403814372318117,FLAT,0.0,-1,0.007532616551388229,0.012445003742067199,0.017445887861020606,SUPPORT,0.3618096865643979,0.013427290650983834,0.060654668540140136,0.02840513307993031,0.15069391129513407,0.03827005860429926,0,ok,0.1691203265277709,0.5386996508100637,FLAT,0.0,-1,0.01651197028449571,0.02842765209628699,0.12601975612999103,UNLOADING,0.07815756101272019,0.00287333571021256,0.0688961991940395,-2.500000000000002,-0.0020000000000000018,0.6638588562011727,0,staged_v3,0.09127086071699919,2,0.5031228450302395,0.09104959846838326,2,0,0,0
v3_pelvis_proxy:v3_right_hand_proxy,194,0.006687046542439932,0.6000000000000005,0.1197780814365948,0.013366742522314843,0.5169479472195481,FLAT,0.0,-1,0.0031862972908066806,0.009245488876981445,0.016718640403246415,SUPPORT,0.38437622311468955,0.016590443143180877,0.0572277117923551,0.022577636442137172,0.1197780814365948,0.03279479640897054,0,ok,0.16900161877347664,0.5350551527285478,FLAT,0.0,-1,0.020535688423359382,0.027519153042004266,0.12498149699142011,UNLOADING,0.06699219515376016,0.00372992180756674,0.06801756914774687,-2.500000000000002,-0.0030000000000000027,0.6608588562011727,0,staged_v3,0.08961445284491576,2,0.5037274113044513,0.08939211499001688,2,0,0,0
v3_pelvis_proxy:v3_right_hand_proxy,195,0.01645581896696118,0.8000000000000007,0.1206787197559995,0.013181185500950309,0.5321928961677398,FLAT,0.0,-1,0.005141574577719775,0.005670120275010796,0.01649726617162568,SUPPORT,0.4049632470778337,0.02015474303357049,0.05342831472049634,0.02274740276580417,0.1206787197559995,0.029075865892880456,0,ok,0.16865190810153927,0.5325609336997895,FLAT,0.0,-1,0.012955771451474902,0.025395055558529268,0.12343138799543718,UNLOADING,0.05742188156036585,0.005776513841242593,0.06644096289767518,-2.500000000000002,-0.0040000000000000036,0.6568588562011727,0,staged_v3,0.08790727160337405,2,0.5048931233004474,0.08747431076674363,2,0,0,0
v3_pelvis_proxy:v3_left_hand_proxy,196,0.5720638898705138,1.0000000000000009,0.9999999999999999,0.049085354720689346,0.5458184441072231,FLAT,0.0,-1,0.002072061340501555,0.039649558001067335,0.016357407187300364,SUPPORT,0.4241395577387602,0.0,0.06562906734538412,0.18849555921538758,0.9999999999999999,0.03502506379777162,0,ok,0.23186308169664258,0.5335493772284298,FLAT,0.0,-1,0.013022694979187751,0.018701513479916575,0.12145568624162868,UNLOADING,0.04921875562317073,0.012371270832164862,0.0320813355391415,-2.500000000000002,-0.0050000000000000044,0.6518588562011727,0,staged_v3,0.13277627022973595,2,0.512893085749451,0.11535809749025154,2,0,0,0
v3_pelvis_proxy:v3_left_hand_proxy,197,0.47330364981088574,1.0000000000000009,0.9998973013799439,0.01299507065302721,0.5578192737786125,FLAT,0.0,-1,0.0063114797064265015,0.0042362732872972065,0.016447825716029676,SUPPORT,0.4293116461910082,0.02158611799850428,0.05058362880661025,0.18847620098156947,0.9998973013799439,0.04887862628046821,0,ok,0.17202962087662926,0.5401889718871778,FLAT,0.0,-1,0.011162357494456307,0.013024312220003314,0.11914345682885577,UNLOADING,0.04218750481986063,0.017932860621439475,0.054476789348985186,0.0,-0.0050000000000000044,0.6468588562011727,0,staged_v3,0.30392785697562813,2,0.5164517756091457,0.30574127620241637,2,1,0,0
v3_pelvis_proxy:v3_left_hand_proxy,198,1.0,0.8000000000000007,0.9999997072793348,0.1722345511587834,0.5639477496725516,FLAT,0.0,-1,0.009768059512753103,0.020148817420455274,0.015929282643783318,SUPPORT,0.4471923940962945,0.005647646711733893,0.0356952328611357,0.18849550403884213,0.9999997072793348,0.016991874496659745,0,ok,0.3314968656255215,0.5502914218252044,FLAT,0.0,-1,0.006856967770170227,0.07348859300265466,0.11759564883209572,UNLOADING,0.036160718417023396,0.0,0.07614629823873625,2.500000000000002,-0.0040000000000000036,0.6428588562011727,0,staged_v3,0.3671307720641683,2,0.5180175733223534,0.3683742459919941,2,1,1,1
v3_pelvis_proxy:v3_left_hand_proxy,199,0.056964530960364974,0.6000000000000005,0.18194574768660832,0.13169218643140693,0.5673753468697607,FLAT,0.0,-1,0.010894865421600754,0.00695809530591672,0.014841946991049203,SUPPORT,0.4477539152770356,0.018784002043635742,0.023480491741746413,0.03429596545704905,0.18194574768660832,0.025920784300997424,0,ok,0.2911722716478831,0.5588210709870969,FLAT,0.0,-1,0.0069950230194999324,0.06278383468797456,0.11633178031567168,UNLOADING,0.030994901500305767,0.0,0.062394697430624535,2.500000000000002,-0.0030000000000000027,0.6398588562011727,1,staged_v3,0.3565128439490439,2,0.5625203808884133,0.35841045679245354,2,1,1,1
v3_pelvis_proxy:v3_right_hand_proxy,200,1.0,0.40000000000000036,1.0,0.13993653201105635,0.5697783898813792,FLAT,0.0,-1,0.0037637615894466807,0.009639535025906979,0.01330336513306583,SUPPORT,0.4482031322216285,0.016025633230746315,0.025582036016201626,0.1884955592153876,1.0,0.011565590493700414,0,ok,0.0,0.5655449748231662,FLAT,0.0,-1,0.00632168845281763,0.008481629896263256,0.11522055258024197,UNLOADING,0.026567058428833515,0.022279397732748844,0.04591768408537429,2.500000000000002,-0.0020000000000000018,0.6378588562011727,0,staged_v3,0.23326489457710214,2,0.617494101752306,0.1255426305705725,2,0,1,1
v3_pelvis_proxy:v3_right_hand_proxy,201,0.10424804687500006,0.20000000000000018,0.10424804687500011,0.16042945828761052,0.5737599657234026,FLAT,0.0,-1,0.0049146544176202995,0.010349878841632753,0.011610033405500535,SUPPORT,0.4485625057773028,0.015230622828642276,0.025147770950939174,0.019650293892815085,0.10424804687500011,0.014107178344538993,0,ok,0.0,0.5710474224282625,FLAT,0.0,-1,0.0065806724066688116,0.002891882424520137,0.11414988607245437,SUPPORT,0.12242613158628834,0.027815611879102583,0.0398466544201952,2.500000000000002,-0.0010000000000000009,0.6368588562011727,1,staged_v3,0.3288214924476722,2,0.5606903025241955,0.3301461675819008,2,1,1,1
v3_pelvis_proxy:v3_right_hand_proxy,202,0.22576904296874997,0.0,0.22576904296875,0.06281927760932828,0.5782801154268615,FLAT,0.0,-1,0.008228960174912502,0.002651540441248255,0.03873772797831483,UNLOADING,0.38448214780911666,0.02428534595766749,0.0030689874025872097,0.042556462007917406,0.22576904296875,0.01581315830700411,0,ok,0.0,0.5742184825481729,FLAT,0.0,-1,0.007364086150031383,0.005836055671686849,0.11445008497725977,SUPPORT,0.19964073095403495,0.024886448577176142,0.02854141790577796,2.500000000000002,0.0,0.6368588562011727,1,staged_v3,0.4475018173627,2,0.5389072488682467,0.4494505526457196,2,1,1,1
v3_pelvis_proxy:v3_right_hand_proxy,203,0.027160644531249986,0.20000000000000018,0.025233027996180123,0.08831000887065717,0.58801031920523,FLAT,0.0,-1,0.004428769722939768,0.004075889013204524,0.05817557052341893,UNLOADING,0.34587615836584973,0.024720195913202837,0.0031885826129681135,0.004756313722837503,0.025233027996180123,0.015465198703527042,0,ok,0.0,0.5803509100675249,FLAT,0.0,-1,0.0037941954952374975,0.007363722270544514,0.08604766567058283,SUPPORT,0.26579519856051115,0.02193866101298463,0.02816401008823863,2.500000000000002,0.0010000000000000009,0.6378588562011727,1,staged_v3,0.5921477370739561,2,0.6058002133313778,0.5940223390468213,2,1,1,1
v3_pelvis_proxy:v3_right_hand_proxy,204,0.9999999999999999,0.40000000000000036,1.0,0.12873222487237454,0.5815987408106015,FLAT,0.0,-1,0.014618239411477038,0.019587524627689652,0.07419249899430631,UNLOADING,0.2964652785992998,0.009122100322025664,0.026060333869159513,0.1884955592153876,1.0,0.030849674127703147,0,ok,0.0,0.5840214380523403,FLAT,0.0,-1,0.004766167239194542,0.026843958603499404,0.06540822823499347,SUPPORT,0.32180048495602565,0.0014264528082502705,0.04641564991123797,2.500000000000002,0.0020000000000000018,0.6398588562011727,0,staged_v3,0.7332515340864537,2,0.7332515340864537,0.7332515340864537,2,1,1,1
v3_pelvis_proxy:v3_right_hand_proxy,205,0.3453369140624999,0.6000000000000005,0.34533691406249994,0.16627667920433634,0.5896258788594572,FLAT,0.0,-1,0.0017310627994450382,0.005288588962383822,0.08566912974291788,UNLOADING,0.25411309594225695,0.023994867524762074,0.017865328058265406,0.06509447473392718,0.34533691406249994,0.02427507357210698,0,ok,0.003365906821189227,0.5803474619599287,FLAT,0.0,-1,0.009895080220360496,0.036103731471361644,0.05060576268979202,SUPPORT,0.3676360951692928,0.0,0.043978265963442634,2.500000000000002,0.0030000000000000027,0.6428588562011727,1,staged_v3,0.33119487584427193,2,0.5629469405406998,0.33232326135221885,2,1,1,1
v3_pelvis_proxy:v3_right_hand_proxy,206,0.5067138671874998,0.8000000000000007,0.5067138671875,0.0901999990058968,0.5877848152223869,FLAT,0.0,-1,0.013362603302835289,0.007251963284353601,0.09389249501419197,UNLOADING,0.2178112250933631,0.029323859003629042,0.00037076574708056007,0.09551331375769946,0.5067138671875,0.01637283720084859,0,ok,0.10096162343618904,0.5806491449812945,FLAT,0.0,-1,0.007625413655810898,0.03856126455979315,0.03999276609485747,SUPPORT,0.4050902728404548,0.011222667660936231,0.015776970643806645,2.500000000000002,0.0040000000000000036,0.6468588562011727,1,staged_v3,0.1994097022772778,2,0.5352059149105247,0.20051834409511604,2,1,1,1
v3_pelvis_proxy:v3_right_hand_proxy,207,0.9999999999999999,1.0000000000000009,0.794622080171295,0.10009100596069,0.5835183801959946,FLAT,0.0,-1,0.013703988262602648,0.018970790024796475,0.09978479370934498,UNLOADING,0.18669533579431122,0.011018449660670775,0.031973139723660914,0.1497827333667828,0.794622080171295,0.015403990274124021,0,ok,0.1589342877574611,0.5847404972203177,FLAT,0.0,-1,0.005249950000337353,0.01842487622479872,0.03200811521459261,SUPPORT,0.41407221827236385,0.008175529535930912,0.026541583751477894,2.500000000000002,0.0050000000000000044,0.6518588562011727,0,staged_v3,0.11862282122764532,2,0.5547027347104573,0.11956800058431574,2,1,1,1
v3_pelvis_proxy:v3_right_hand_proxy,208,0.2762146631004863,0.8000000000000007,0.42184234861913933,0.13550728268108075,0.584214615250621,FLAT,0.0,-1,0.010947295209729679,0.005721359377060583,0.1040068102156752,UNLOADING,0.16002457353798105,0.02447898113372318,0.04954501802101696,0.07951540940369715,0.42184234861913933,0.025390004886270724,0,ok,0.08631763554425201,0.5833598839396548,FLAT,0.0,-1,0.009073273916165569,0.005503026393313914,0.026269094224660047,SUPPORT,0.4212577746178911,0.02081042831791909,0.050987331577338244,-2.500000000000002,0.0040000000000000036,0.6558588562011727,0,staged_v3,0.11061167778570255,2,0.5607003003228481,0.101536137979601,2,0,0,0
v3_pelvis_proxy:v3_right_hand_proxy,209,0.11530958236749776,0.6000000000000005,0.20212035810715642,0.1172677139163159,0.5796334677295509,FLAT,0.0,-1,0.013659835603205245,0.013274641316860684,0.10703201723622016,UNLOADING,0.13716392017541235,0.017076959544950327,0.057835328822202284,0.03809878993022285,0.20212035810715642,0.03011968594695938,0,ok,0.06542362523900691,0.5726080449820898,FLAT,0.0,-1,0.018906241565923798,0.00780577736808984,0.022156905993333184,SUPPORT,0.4270062196943129,0.01830206793157682,0.054670380796743405,-2.500000000000002,0.0030000000000000027,0.6588588562011727,0,staged_v3,0.0909422810935278,2,0.5522618301171078,0.09104997114352836,2,0,0,0
v3_pelvis_proxy:v3_right_hand_proxy,210,0.05767958092447658,0.40000000000000036,0.1773241450627496,0.09794739569250589,0.5829010935475387,FLAT,0.0,-1,0.007807977814153243,0.019690162772699544,0.10919967278740828,UNLOADING,0.11756907443606773,0.01076982086667087,0.06407074859845915,0.0334248138859935,0.1773241450627496,0.03447527081856917,0,ok,0.06872167780247904,0.5800254466312452,FLAT,0.0,-1,0.0036187026063726493,0.01108080863188645,0.01958244019131003,SUPPORT,0.4316049757554503,0.014898313377679051,0.05799529479069666,-2.500000000000002,0.0020000000000000018,0.6608588562011727,0,staged_v3,0.08729435750853695,2,0.5438832419637462,0.08622765610323706,2,0,0,0
v3_pelvis_proxy:v3_right_hand_proxy,211,0.029668536989433517,0.20000000000000018,0.16321408653868025,0.07786270127032907,0.568526065840413,FLAT,0.0,-1,0.029357826217664987,0.02452348978326389,0.10996756297453641,UNLOADING,0.10077349237377234,0.005974888365462932,0.06874681063854622,0.0307651305139372,0.16321408653868025,0.03845958433071446,0,ok,0.07722467231803351,0.5726762134458231,FLAT,0.0,-1,0.018799293135749344,0.014143667179273504,0.017958236413163627,SUPPORT,0.43528398060436024,0.011754244641384679,0.060982551412209665,-2.500000000000002,0.0010000000000000009,0.6618588562011727,0,staged_v3,0.08312680542974235,2,0.5356461720434349,0.081659144253956,2,0,0,0
v3_pelvis_proxy:v3_right_hand_proxy,212,0.07271055337394731,0.0,0.27053124799934947,0.059293459872632834,0.5593102832555432,FLAT,0.0,-1,0.021654360815061363,0.016603195870033224,0.1105177803366961,SUPPORT,0.17061879389901785,0.013922693146801581,0.06279395292945568,0.05099393887687409,0.27053124799934947,0.042008662060754584,0,ok,0.09055702955917244,0.5610921649243512,FLAT,0.0,-1,0.021272304033366288,0.018190943572414714,0.0169626948009365,SUPPORT,0.4382271844834882,0.007657191167632114,0.06474158220199237,-2.500000000000002,0.0,0.6618588562011727,0,staged_v3,0.0771938314285799,2,0.5271669499845133,0.07769171104593832,2,0,0,0
v3_pelvis_proxy:v3_right_hand_proxy,213,0.06104670415153528,0.20000000000000018,0.31840184423320395,0.03908165126498331,0.5561283060482695,FLAT,0.0,-1,0.02346095421390421,0.01254745392478827,0.11091202830430483,SUPPORT,0.2264950351192143,0.017998147490426972,0.05853121994833552,0.060017333683948515,0.31840184423320395,0.04192624281995831,0,ok,0.1098944119991132,0.5526129092241391,FLAT,0.0,-1,0.023524837876806155,0.0247813986532041,0.04459622700741773,UNLOADING,0.375623300985847,0.0024484126971667866,0.06931809950484519,-2.500000000000002,-0.0010000000000000009,0.6608588562011727,0,staged_v3,0.0731235385165269,2,0.5235995159417002,0.07498307525695734,2,1,0,0
v3_pelvis_proxy:v3_right_hand_proxy,214,0.01522329673315258,0.40000000000000036,0.12255342073093956,0.019740540461310074,0.564998802885317,FLAT,0.0,-1,0.009030965314399344,0.010487063699705947,0.0828476503746055,SUPPORT,0.27119602809537147,0.018655318819024328,0.056070047052631584,0.023100775574437127,0.12255342073093956,0.044019400172170486,0,ok,0.1280972159879106,0.5520579562898399,FLAT,0.0,-1,0.01607280136470087,0.024859093710313807,0.06439651805511074,UNLOADING,0.3219628294164403,0.003360732192441731,0.06945731906411742,-2.500000000000002,-0.0020000000000000018,0.6588588562011727,0,staged_v3,0.07447430989253977,2,0.5175927055668202,0.07544125344617165,2,1,0,0
v3_pelvis_proxy:v3_right_hand_proxy,215,0.018596714405487987,0.6000000000000005,0.15634465244687135,0.01401212524685194,0.5754480218260403,FLAT,0.0,-1,0.006631752946255111,0.007123226847405486,0.0627386448761999,SUPPORT,0.3092566534469925,0.02101370539640451,0.05256304315945805,0.02947027269330843,0.15634465244687135,0.04566154182228982,0,ok,0.13521675254526871,0.5534402219365919,FLAT,0.0,-1,0.011895366372404107,0.02579390843932419,0.07858404654925667,UNLOADING,0.275968139499806,0.0031352938881386468,0.06901462371820326,-2.500000000000002,-0.0030000000000000027,0.6558588562011727,0,staged_v3,0.07759137533890906,2,0.5126680611246268,0.07699703167628046,2,1,0,0
v3_pelvis_proxy:v3_right_hand_proxy,216,0.025803858067426976,0.8000000000000007,0.1335911436138094,0.013078333134624512,0.5723071659717114,FLAT,0.0,-1,0.016958579004429267,0.0065906861460612205,0.048329912812091806,SUPPORT,0.3481072789381875,0.020825809494543372,0.05107282130221828,0.025181337321708158,0.1335911436138094,0.0473013885985888,0,ok,0.13544741904629842,0.5486435229932907,FLAT,0.0,-1,0.023029509863676523,0.02265982356114885,0.08874985493497003,UNLOADING,0.23654411957126226,0.006777669185599654,0.06547854635803677,-2.500000000000002,-0.0040000000000000036,0.6518588562011727,0,staged_v3,0.07844580259003676,2,0.5092585387030575,0.07843567061274892,2,1,0,0
v3_pelvis_proxy:v3_left_hand_proxy,217,0.6527122576098429,0.9429321289062598,0.9429095220890955,0.037809262193529335,0.5689085225946532,FLAT,0.0,-1,0.02381715865803562,0.03890640653046235,0.037522690540139084,SUPPORT,0.380756176852556,0.0,0.060824032164274344,0.17773425765569792,0.9429095220890955,0.00999149621214989,0,ok,0.18156006352106058,0.5356285377929724,FLAT,0.0,-1,0.026149789658596802,0.015356538068403836,0.09603397494062725,UNLOADING,0.20275210248965336,0.01444516067862753,0.01556160500726247,-1.7866516113282382,-0.004714660644531299,0.6471441955566414,1,staged_v3,0.14129744612352702,2,0.4958568566000266,0.11703730828320248,2,0,1,1
v3_pelvis_proxy:v3_left_hand_proxy,218,0.9435424804687501,0.7429321289062596,0.9435423992430679,0.06009521170777003,0.5670983840504465,FLAT,0.0,-1,0.01829261858005566,0.0028828788270128984,0.02977897740195455,SUPPORT,0.39460494148204484,0.02360607004308483,0.013628586072937435,0.1778535521887506,0.9435423992430679,0.036729827234577836,0,ok,0.2157283861987845,0.5309874297138141,FLAT,0.0,-1,0.027705387050682286,0.060995252667961776,0.10125858123472109,UNLOADING,0.1737875164197029,0.0,0.04007275139683303,2.500000000000002,-0.003714660644531298,0.6434295349121101,1,staged_v3,0.3109319026448733,2,0.49918999301256956,0.3119337083813459,2,1,1,1
v3_pelvis_proxy:v3_left_hand_proxy,219,0.9999999999999999,0.5429321289062594,0.8751742908773649,0.13735833045047466,0.56765921448263,FLAT,0.0,-1,0.02040997740406169,0.01745610891389546,0.023543874801102656,SUPPORT,0.4056839531856359,0.012432661651551567,0.013744532088503566,0.16496646736985918,0.8751742908773649,0.03184846992993656,0,ok,0.24323761446617959,0.5274782610008003,FLAT,0.0,-1,0.028892475825160937,0.067750287498396,0.10375280167909778,UNLOADING,0.14896072835974533,0.0,0.056027004146964085,2.500000000000002,-0.002714660644531297,0.6407148742675788,0,staged_v3,0.34820964586680025,2,0.5003130035659393,0.34820964586680025,2,1,1,1
v3_pelvis_proxy:v3_left_hand_proxy,220,0.9999999999999999,0.7429321289062596,0.9999994380717591,0.04707359955051167,0.5711547222056004,FLAT,0.0,-1,0.015566481788156885,0.006756568132905642,0.018954372042455463,SUPPORT,0.4145471625485087,0.01919115046921713,0.019617129957580044,0.1884954532944096,0.9999994380717591,0.05211271981259519,0,ok,0.0514140565810497,0.5371429993897938,FLAT,0.0,-1,0.013462173175676826,0.008499809833392331,0.1054456477871439,UNLOADING,0.12768062430835314,0.021772472555964865,0.04596983014227174,-2.500000000000002,-0.003714660644531298,0.6370002136230475,0,staged_v3,0.3453313658793295,2,0.5731213604552003,0.2025422897904964,2,0,0,0
v3_pelvis_proxy:v3_left_hand_proxy,221,0.013732910156250123,0.007456038147202193,0.01373291015624997,0.04347057269529477,0.5804909609384248,FLAT,0.0,-1,0.010800444704809516,0.006586749030030089,0.01566584961591997,SUPPORT,0.42163773003880695,0.01919654345076591,0.019489054454928708,0.002588592579557014,0.01373291015624997,0.052374457535799404,0,ok,0.04898056082087306,0.5449870916066413,FLAT,0.0,-1,0.016027597338538167,0.007687403371859535,0.10668129673573536,SUPPORT,0.19214449944668252,0.022646661464927234,0.04466958625181815,9.193451134488217,-3.7280190736010965e-05,0.6369629334323115,1,staged_v3,0.30713364846401814,2,0.5320577396024807,0.3090366067274551,2,1,1,1
v3_pelvis_proxy:v3_right_hand_proxy,222,0.9999999999999997,0.19254396185279798,1.0,0.24287269189250132,0.5919496183170703,FLAT,0.0,-1,0.008091053909600323,0.09007333193886635,0.041790858254860105,SUPPORT,0.42731018403104554,0.0,0.03630172659282288,0.1884955592153876,1.0,0.06255420366930906,0,ok,0.260145815683685,0.5538710835372782,FLAT,0.0,-1,0.012151506579495593,0.07755792168041051,0.10757624532200108,SUPPORT,0.24371559955734604,0.0,0.04922156766291186,2.500000000000002,0.0009627198092639899,0.6379256532415755,0,staged_v3,0.23821394038474192,2,0.5501342424769318,0.15648197289461577,2,0,1,1
v3_pelvis_proxy:v3_right_hand_proxy,223,0.999246610986388,0.007456038147202193,0.7353161873086522,0.05133289384636753,0.594684217587016,FLAT,0.0,-1,0.012988752444489292,0.007087672899667635,0.06190088086896561,UNLOADING,0.3662658720266105,0.021007371143780647,0.0272763122964556,0.1386038359268711,0.7353161873086522,0.05349389435882966,0,ok,0.1769060866916716,0.5567516578480747,FLAT,0.0,-1,0.016971088384669715,0.020094265149811563,0.10903385948969732,UNLOADING,0.20889908533486803,0.010357427824673304,0.03860269022601889,-2.500000000000002,-3.7280190736010965e-05,0.6378883730508395,0,staged_v3,0.2514397725085885,2,0.5449674289878574,0.2528152352797197,2,1,0,0
v3_pelvis_proxy:v3_right_hand_proxy,224,1.0,0.20745603814720237,0.6653965367364897,0.004422522331293647,0.5970243213320142,FLAT,0.0,-1,0.013900131074848871,0.0025398255200729776,0.04810311252331941,UNLOADING,0.3422382409074778,0.024865330106092997,0.042554454905785785,0.12542429229212682,0.6653965367364897,0.05295416959183781,0,ok,0.14376497125894247,0.5555035911524266,FLAT,0.0,-1,0.018285352846643513,0.0058176607566825835,0.0820082653583962,UNLOADING,0.17905662541947878,0.023282752511237226,0.0444955745446486,-2.500000000000002,-0.0010372801907360119,0.6368510928601034,0,staged_v3,0.18218674473096585,2,0.5107390034448902,0.18213231035005076,2,0,0,0
v3_pelvis_proxy:v3_right_hand_proxy,225,0.9999999999999999,0.007456038147202193,1.0000000000000002,0.17631326183860652,0.598731215497669,FLAT,0.0,-1,0.014706728841590569,0.08306842453934582,0.03808951344343756,UNLOADING,0.38807812655196905,0.0,0.11589332457365878,0.18849555921538763,1.0000000000000002,0.02447406551623129,0,ok,0.2859559664477843,0.5643869015186124,FLAT,0.0,-1,0.009271328903488519,0.0485091836959292,0.06237915660435474,UNLOADING,0.15349651828523925,0.0,0.08650890750751355,2.500000000000002,-3.7280190736010965e-05,0.6368138126693674,0,staged_v3,0.14444498300697328,2,0.5081105861387708,0.1460626157509565,2,1,1,1
v3_pelvis_proxy:v3_right_hand_proxy,226,1.0,0.19254396185279798,0.9073247131609615,0.09087510069199609,0.6039792740347623,FLAT,0.0,-1,0.010868847765877206,0.030714959895635822,0.030833104490349414,SUPPORT,0.40046250124157523,0.0,0.0526423396799361,0.1710266791972166,0.9073247131609615,0.03518413741835784,0,ok,0.23319767685247247,0.5728568217666891,FLAT,0.0,-1,0.005454730742651463,0.009520955234402391,0.04820362702543433,SUPPORT,0.2127972146281914,0.017889226116869328,0.034732910536459397,2.500000000000002,0.0009627198092639899,0.6377765324786314,0,staged_v3,0.22628834747930338,2,0.5087504832523241,0.22628834747930338,2,1,1,1
v3_pelvis_proxy:v3_left_hand_proxy,227,1.0000000000000002,0.39254396185279816,1.0,0.1149232754983927,0.6089362095529246,FLAT,0.0,-1,0.009211530548450614,0.028707221062790757,0.05411602862451308,UNLOADING,0.34325357249277877,0.0,0.0543064666303931,0.1884955592153876,1.0,0.05637734175816379,0,ok,0.1255433568708368,0.5714422376288256,FLAT,0.0,-1,0.016205190221415994,0.021305179964298846,0.06640565798907633,UNLOADING,0.18239761253844977,0.007015102935154973,0.04946498901030416,2.500000000000002,0.001962719809263991,0.6397392522878954,0,staged_v3,0.16410960121716234,2,0.5040771494784806,0.1647299548463162,2,1,1,1
v3_pelvis_proxy:v3_right_hand_proxy,228,1.0000000000000002,0.5925439618527983,1.0,0.15236919967346033,0.6163455892515358,FLAT,0.0,-1,0.00678471524028827,0.06857016372948097,0.042616172414456484,UNLOADING,0.2946453629028585,0.0,0.08398219476285232,0.1884955592153876,1.0,0.020810213861022178,0,ok,0.26554205050886,0.5791125057798504,FLAT,0.0,-1,0.0088471156326811,0.03447371049128676,0.051437068711025415,UNLOADING,0.15648427429405976,0.0,0.030980299708033884,2.500000000000002,0.0029627198092639917,0.6427019720971594,0,staged_v3,0.27936943761873245,2,0.5218491150058527,0.28070932215820554,2,1,1,1
v3_pelvis_proxy:v3_right_hand_proxy,229,0.9739649480126022,0.39254396185279816,0.7762385323145873,0.010836258575478581,0.6129290213882914,FLAT,0.0,-1,0.015655468405935555,0.005451513748305454,0.03424494961803441,UNLOADING,0.2525610039792726,0.02126073373259627,0.04747749058715714,0.14631751623316985,0.7762385323145873,0.026640980514232256,0,ok,0.13495951078111573,0.574472603613761,FLAT,0.0,-1,0.019320288493249817,0.013383154015149775,0.040714645180115715,UNLOADING,0.13412937796638127,0.013652578243856014,0.0538108614771798,-2.500000000000002,0.001962719809263991,0.6446646919064234,0,staged_v3,0.36511723236720645,2,0.515229804689073,0.36673455610728295,2,1,0,0
v3_pelvis_proxy:v3_right_hand_proxy,230,1.0,0.5925439618527983,0.8908304024025494,0.15674057847441325,0.6011971816455511,FLAT,0.0,-1,0.024746586268366327,0.03368394796700578,0.02829172065422826,SUPPORT,0.3135255046811163,0.0,0.0939697615701033,0.1679175748669373,0.8908304024025494,0.04347552301254058,0,ok,0.028048208196082346,0.5660375293894596,FLAT,0.0,-1,0.024743531275550536,0.014121024065433346,0.03303169250398368,SUPPORT,0.197303502373105,0.012530560559765841,0.0834145353317434,2.500000000000002,0.0029627198092639917,0.6476274117156874,0,staged_v3,0.18705371743515808,2,0.5163260868081946,0.18705371743515808,2,1,1,1
v3_pelvis_proxy:v3_right_hand_proxy,231,0.4752181871742357,0.39254396185279816,0.599853515625,0.12400055200069167,0.6093290443352065,FLAT,0.0,-1,0.006240173091546296,0.012641458432554604,0.05227882163504556,UNLOADING,0.26873614686952824,0.014972482649197677,0.055315736606583996,0.11306972387505063,0.599853515625,0.009991826939309022,0,ok,0.04382658174329136,0.5759379858053308,FLAT,0.0,-1,0.0041507636530285705,0.029708775682152952,0.05586998142198206,SUPPORT,0.247842801898484,0.0,0.06374045353120329,-2.500000000000002,0.001962719809263991,0.6495901315249514,1,staged_v3,0.24321137074383897,2,0.4863580399099311,0.24450123328222467,2,0,1,1
v3_pelvis_proxy:v3_right_hand_proxy,232,0.676143865333846,0.19254396185279798,0.6554106875716905,0.029581468632464053,0.6019697390934353,FLAT,0.0,-1,0.019942055427694692,0.01469076364873571,0.06969851225326008,UNLOADING,0.23034526874530992,0.013794161963927295,0.056440784114052144,0.1235420040695675,0.6554106875716905,0.012499645291262677,0,ok,0.11472699263083568,0.5703825280313366,FLAT,0.0,-1,0.019942055427694692,0.010271240801798438,0.043895601712930214,SUPPORT,0.2882742415187872,0.016923539283848075,0.053359649216604806,-2.500000000000002,0.0009627198092639899,0.6505528513342154,0,staged_v3,0.23526752264323805,2,0.5029311568894383,0.23672755934587322,2,1,0,0
v3_pelvis_proxy:v3_right_hand_proxy,233,0.13479063927817458,0.007456038147202193,0.6048016043209712,0.010985071366747378,0.6061398934290614,FLAT,0.0,-1,0.010922086604499228,0.016703352431910786,0.08223152414943896,UNLOADING,0.2626772755337481,0.012408223775561163,0.05916313154218803,0.11400241662084504,0.6048016043209712,0.03645426936135818,0,ok,0.13071645912385602,0.5680923944696761,FLAT,0.0,-1,0.019381633984269436,0.007747069765806424,0.03529678253241952,SUPPORT,0.3206193932150298,0.019017769360814552,0.051014184327564105,-2.500000000000002,-3.7280190736010965e-05,0.6505155711434794,0,staged_v3,0.13991938831900597,2,0.5014712105769744,0.1365136479957897,2,0,0,0
v3_pelvis_proxy:v3_right_hand_proxy,234,0.051165597296926595,0.20745603814720237,0.3595107987429446,0.012700275167372186,0.6006675237609315,FLAT,0.0,-1,0.015383473590764205,0.006651922628185952,0.09112331742179369,SUPPORT,0.3141832405284498,0.022904243242903733,0.050347105478571824,0.06776618905302201,0.3595107987429446,0.036967515258025024,0,ok,0.1309459261161967,0.5671101957872,FLAT,0.0,-1,0.015175313802314128,0.007298434153519228,0.029213424907478622,SUPPORT,0.3464955145720238,0.019162237091854703,0.0502619490987395,-2.500000000000002,-0.0010372801907360119,0.6494782909527433,0,staged_v3,0.08608028665221384,2,0.5026473695541688,0.08516642566932563,2,0,0,0
v3_pelvis_proxy:v3_left_hand_proxy,235,0.25098475330113085,0.40745603814720255,0.999983092911793,0.06940998775641985,0.5890337713867926,FLAT,0.0,-1,0.025823303597101617,0.02986361338348685,0.09753267657534762,SUPPORT,0.35102050808755736,1.3020445280530202e-05,0.06451758114177505,0.18849237230434132,0.999983092911793,0.029030667421760026,0,ok,0.14862498644333008,0.5561870666405494,FLAT,0.0,-1,0.026789640401021535,0.019673773334776497,0.0524595371835925,UNLOADING,0.296996155347449,0.00794920352440313,0.030582290901354184,-2.500000000000002,-0.0020372801907360127,0.6474410107620073,0,staged_v3,0.12878974466916931,2,0.4847365228915985,0.11254546993556917,2,0,0,0
v3_pelvis_proxy:v3_left_hand_proxy,236,0.2679805884153919,0.6074560381472027,0.8031560719388159,0.014114960308939339,0.5932539478245631,FLAT,0.0,-1,0.014181843158772274,0.0028838071630252872,0.07372534063861584,SUPPORT,0.3708164064700459,0.025802459868905506,0.047098635694259025,0.15139135291734118,0.8031560719388159,0.03823683921400231,0,ok,0.13342646916178247,0.5620500212087433,FLAT,0.0,-1,0.01318723480762416,0.012772166562456277,0.06915302970111048,UNLOADING,0.2545681331549563,0.015685484922599247,0.05360327374917739,-2.500000000000002,-0.0030372801907360136,0.6444037305712713,0,staged_v3,0.25432671842462534,2,0.4896687987455094,0.25432671842462534,2,1,0,0
v3_pelvis_proxy:v3_right_hand_proxy,237,0.11002032374934707,0.8074560381472029,0.36138559323069364,0.012189427750952017,0.5894814437112337,FLAT,0.0,-1,0.01971222939264208,0.0067276357142244045,0.05677022183960536,SUPPORT,0.39933823593141954,0.021110875377755866,0.04975689399795258,0.06811957948840419,0.36138559323069364,0.045254390486884594,0,ok,0.13403956164571726,0.5601282007560349,FLAT,0.0,-1,0.019711023683553,0.010119330515937986,0.08121348839027819,UNLOADING,0.21820125698996254,0.018941343903575925,0.05145193795032428,-2.500000000000002,-0.0040372801907360145,0.6403664503805353,0,staged_v3,0.22444507589779406,2,0.4828558765253379,0.22423444377944154,2,1,0,0
v3_pelvis_proxy:v3_left_hand_proxy,238,0.10156249999999997,0.6074560381472027,0.10156249999999986,0.02687733132128057,0.5974041685112258,FLAT,0.0,-1,0.009432857818110922,0.003806602628739668,0.04462134834561609,SUPPORT,0.42703346675740356,0.023424464788541138,0.04502938498474901,0.019144080232812777,0.10156249999999986,0.04744740624998624,0,ok,0.12471210680254595,0.5674990866894587,FLAT,0.0,-1,0.011146704370632645,0.0030867374326787158,0.08989864239803265,UNLOADING,0.18702964884853931,0.02640819468722292,0.044362876320743413,2.500000000000002,-0.0030372801907360136,0.6373291701897993,1,staged_v3,0.23168101709530706,2,0.48854590594150976,0.1559048437404347,2,0,1,1
v3_pelvis_proxy:v3_left_hand_proxy,239,0.9999999999999999,0.40745603814720255,1.0,0.12511110285921093,0.6036225244808309,FLAT,0.0,-1,0.00566820897662657,0.06986015003355137,0.035916300098972787,SUPPORT,0.43162677340592287,0.0,0.034461580432488224,0.1884955592153876,1.0,0.0308844802878957,0,ok,0.05625183923016862,0.5753375392441166,FLAT,0.0,-1,0.009260082859050575,0.01444928028081856,0.09613501566592927,UNLOADING,0.16031112758446228,0.015357470502477906,0.028413800431535643,2.500000000000002,-0.0020372801907360127,0.6352918899990633,0,staged_v3,0.23923868040799617,2,0.5684277642537848,0.21207152679928826,2,0,0,0
v3_pelvis_proxy:v3_right_hand_proxy,240,1.0000000000000002,0.20745603814720237,0.9999997694437078,0.12701642122090448,0.6012909445603086,FLAT,0.0,-1,0.01712205536403776,0.06879233855589394,0.029678860470197396,SUPPORT,0.4353014187247383,0.0,0.0676097075482049,0.18849551575655038,0.9999997694437078,0.04010873160129956,0,ok,0.24770820694183524,0.5744859549522847,FLAT,0.0,-1,0.01712205536403776,0.03381750427467256,0.10060257021165481,SUPPORT,0.21824890206756983,0.0,0.030766820533400935,2.500000000000002,-0.0010372801907360119,0.6342546098083273,0,staged_v3,0.351314573967679,2,0.5030997977761253,0.35249595401460004,2,1,1,1
v3_pelvis_proxy:v3_left_hand_proxy,241,1.0,0.007456038147202193,0.9999999999999999,0.22850659942552978,0.5883469382443445,FLAT,0.0,-1,0.0270938146719877,0.06169115604309938,0.053672668848635356,UNLOADING,0.37311550176406144,0.016951017452928114,0.010732615989503657,0.18849555921538758,0.9999999999999999,0.05055009747578834,0,ok,0.0887608962869224,0.5711766431751617,FLAT,0.0,-1,0.019837622478428595,0.012124346867439826,0.10367684631314031,UNLOADING,0.18707048748648844,0.01805949544821719,0.04616025508552822,2.500000000000002,-3.7280190736010965e-05,0.6342173296175913,0,staged_v3,0.4643789242948438,2,0.5352898484800087,0.46553152607560605,2,1,1,1
v3_pelvis_proxy:v3_right_hand_proxy,242,1.0,0.19254396185279798,0.9999998115948374,0.11135609718437474,0.5857410838565077,FLAT,0.0,-1,0.020119847123965542,0.04778291372808502,0.04269897296163138,UNLOADING,0.31981328729440517,0.0,0.053918522609212566,0.18849552370185113,0.9999998115948374,0.039914906493014254,0,ok,0.2179911128346444,0.5643313582867363,FLAT,0.0,-1,0.022438701163816945,0.03166626997887355,0.0777923007730798,UNLOADING,0.16352761675378288,0.0,0.029839697850527078,2.500000000000002,0.0009627198092639899,0.6351800494268552,0,staged_v3,0.485927144413549,2,0.5469498052781373,0.4874690997568525,2,1,1,1
v3_pelvis_proxy:v3_right_hand_proxy,243,0.75555419921875,0.39254396185279816,0.7555541992187502,0.1416789601452955,0.585416379100914,FLAT,0.0,-1,0.01748869561209026,0.030008906155696437,0.03476776451374534,UNLOADING,0.2746917403164848,0.026248419505098836,0.0004899687205884339,0.1424186112992727,0.7555541992187502,0.05641587417999973,0,ok,0.03362943455920932,0.5678288823245667,FLAT,0.0,-1,0.015448700237890517,0.01520918039776303,0.059191463043502424,UNLOADING,0.14016652907025934,0.012750392754412091,0.05486084650518808,2.500000000000002,0.001962719809263991,0.6371427692361192,1,staged_v3,0.49905878364329004,2,0.5087735319566679,0.500303059094574,2,1,1,1
v3_pelvis_proxy:v3_right_hand_proxy,244,0.2566732430841021,0.19254396185279798,0.9429931640625,0.00794233646556675,0.5755211623138642,FLAT,0.0,-1,0.027824638391644924,0.02455555934728951,0.02865037427770698,SUPPORT,0.3097533922531878,0.001876959366595838,0.032900770004435385,0.17775002379624869,0.9429931640625,0.009991214352702935,0,ok,0.0977090279421184,0.5609295441759268,FLAT,0.0,-1,0.0215799801013532,0.04042601155491248,0.04583780516076733,SUPPORT,0.20213322325620747,0.0,0.060632996444240125,-2.500000000000002,0.0009627198092639899,0.6381054890453832,1,staged_v3,0.42571699079932585,2,0.5439639281711962,0.42009189704876004,2,0,1,1
v3_pelvis_proxy:v3_right_hand_proxy,245,0.42987060546875006,0.39254396185279816,0.42987060546875,0.08982903163084975,0.580781767496358,FLAT,0.0,-1,0.01605903524316668,0.0017479273218993898,0.05266429743016537,SUPPORT,0.3550999741937844,0.025885287549608883,0.017258623002273214,0.08102870016808929,0.42987060546875,0.0439137207040341,0,ok,0.07587922640405917,0.5645748063400775,FLAT,0.0,-1,0.01605903524316668,0.03831293222412857,0.06461636011971822,UNLOADING,0.1732570485053207,0.0,0.04752410219397528,2.500000000000002,0.001962719809263991,0.6400682088546472,1,staged_v3,0.41681577924924157,2,0.541060954177439,0.4096067222863417,2,0,1,1
v3_pelvis_proxy:v3_right_hand_proxy,246,0.9999999999999999,0.5925439618527983,0.9734148884564567,0.2244060639378063,0.583629335788139,FLAT,0.0,-1,0.0116122309688776,0.01989035150638539,0.04118951049677928,SUPPORT,0.3740799793550275,0.008735137948837235,0.018324337576001732,0.18348438374818396,0.9734148884564567,0.040333691599425917,0,ok,0.21519350684384622,0.5695410684710628,FLAT,0.0,-1,0.01463172875676831,0.0924529433906344,0.07807178271513722,UNLOADING,0.15600354456771764,0.0,0.09771558560973301,2.500000000000002,0.0029627198092639917,0.6430309286639112,0,staged_v3,0.2085899312881954,2,0.526680045921931,0.16927698052186577,2,0,1,1
v3_pelvis_proxy:v3_right_hand_proxy,247,0.9999999999999999,0.39254396185279816,0.3908230519571701,0.10138069526312822,0.583841960800552,FLAT,0.0,-1,0.018822526708702672,0.0050320195384153535,0.03299562153881831,SUPPORT,0.389263983484022,0.021617761538525564,0.030675048178718058,0.07366840973293126,0.3908230519571701,0.03805620458519929,0,ok,0.08867366330910433,0.5684400394591699,FLAT,0.0,-1,0.019445557638231147,0.024353597610663254,0.08771301430175697,UNLOADING,0.13371732391518656,0.005032053104424596,0.05351747328008015,-2.500000000000002,0.001962719809263991,0.6449936484731752,0,staged_v3,0.1680904514050882,2,0.52186534967089,0.14894305669831823,2,0,0,0
v3_pelvis_proxy:v3_right_hand_proxy,248,0.4926229582818666,0.19254396185279798,0.46775994868411586,0.052851692514150506,0.5898894530159295,FLAT,0.0,-1,0.00953150720012323,0.004693556958964122,0.027126073252520304,SUPPORT,0.4014111867872176,0.021662746703661896,0.04885816629219515,0.08817067310577342,0.46775994868411586,0.03080664750087289,0,ok,0.09821915732896987,0.5644956446402818,FLAT,0.0,-1,0.02155386597450686,0.012251181585290701,0.09462125860606305,UNLOADING,0.11461484907015991,0.017479881345012452,0.05406740161265865,-2.500000000000002,0.0009627198092639899,0.6459563682824392,0,staged_v3,0.09134368787804686,2,0.5221551719996177,0.09277272093130609,2,1,0,0
v3_pelvis_proxy:v3_right_hand_proxy,249,0.5070969231022001,0.007456038147202193,0.8261139667576219,0.023103357978820394,0.580171290123029,FLAT,0.0,-1,0.02436877558284354,0.04123085899379624,0.022712229301963083,SUPPORT,0.41112894942977407,0.0,0.0702175116971171,0.15571881413962008,0.8261139667576219,0.046192218311638944,0,ok,0.12142377309916715,0.5555517486538696,FLAT,0.0,-1,0.023354692641042236,0.006552528827361185,0.09962583204400201,UNLOADING,0.09824129920299421,0.023428762774838918,0.04253135879351632,-2.500000000000002,-3.7280190736010965e-05,0.6459190880917032,0,staged_v3,0.09747327629569578,2,0.5212845674640081,0.09679411567293918,2,1,0,0
v3_pelvis_proxy:v3_right_hand_proxy,250,0.5113886817231664,0.20745603814720237,0.8023211551949533,0.01467314920975337,0.5734421692567128,FLAT,0.0,-1,0.0229803845375644,0.003582454089267874,0.01929033746873411,SUPPORT,0.41975538558172515,0.022382062784168835,0.04796470237252764,0.15123397481880851,0.8023211551949533,0.038330436128888964,0,ok,0.13363558309342602,0.5463006859554121,FLAT,0.0,-1,0.024166821234188902,0.015618841118441397,0.10185173095737537,UNLOADING,0.08420682788828075,0.014473745429427372,0.056863643819364304,-2.500000000000002,-0.0010372801907360119,0.6448818079009672,0,staged_v3,0.16048548590717407,2,0.5190883910672164,0.16165793309630883,2,1,0,0
v3_pelvis_proxy:v3_right_hand_proxy,251,0.03604740796577444,0.40745603814720255,0.1274693537738678,0.011439013674521818,0.5777821013246027,FLAT,0.0,-1,0.016418770551271583,0.004917671821050196,0.016823819178920233,SUPPORT,0.4400417540664221,0.020923519137895818,0.047727985756436345,0.02402740712242929,0.1274693537738678,0.0362235779952461,0,ok,0.13477608212303488,0.5620639122706759,FLAT,0.0,-1,0.00660102586263955,0.013967610920285405,0.10348424984939325,UNLOADING,0.0721772810470978,0.01620660157218426,0.055219084073481625,-2.500000000000002,-0.0020372801907360127,0.6428445277102312,0,staged_v3,0.13637562929144165,2,0.5187433955711486,0.13637562929144165,2,1,0,0
v3_pelvis_proxy:v3_right_hand_proxy,252,0.3785400390625001,0.20745603814720237,0.37854003906250006,0.07243586300780709,0.575516227586391,FLAT,0.0,-1,0.020891628060952155,0.0026269639942293624,0.014279693915714532,SUPPORT,0.4597072229663846,0.023087020701556365,0.04686772552911651,0.07135311634850061,0.37854003906250006,0.057384499113674464,0,ok,0.09039873764225095,0.5658416197520503,FLAT,0.0,-1,0.014955611987619175,0.00396044688723602,0.104556326488994,UNLOADING,0.061866240897512394,0.02626736943721368,0.045065578425507,2.500000000000002,-0.0010372801907360119,0.6418072475194951,1,staged_v3,0.218339782578838,2,0.5124592131674467,0.12722850723260437,2,0,1,1
v3_pelvis_proxy:v3_left_hand_proxy,253,0.9999999999999999,0.007456038147202193,0.9999999390671936,0.19001601962240255,0.583092701419085,FLAT,0.0,-1,0.0107756611727848,0.02885543060887484,0.012417047905550198,SUPPORT,0.45832047682832966,0.010771624094510168,0.014849228300767344,0.1884955477298242,0.9999999390671936,0.05568669145552975,0,ok,0.08484785374580141,0.5698528104792479,FLAT,0.0,-1,0.013828979825808888,0.07365573106171887,0.10522356328457029,UNLOADING,0.05302820648358205,0.0,0.10951843337904345,2.500000000000002,-3.7280190736010965e-05,0.6417699673287591,0,staged_v3,0.20281308196382647,2,0.5339702286944076,0.20281308196382647,2,1,1,1
v3_pelvis_proxy:v3_right_hand_proxy,254,1.0000000000000002,0.20745603814720237,0.7700705660733307,0.06486675967210463,0.5844724027461702,FLAT,0.0,-1,0.014971252206758797,0.005288007748546067,0.011568211564513608,SUPPORT,0.4571318372814254,0.020290402829679616,0.038399563494598866,0.14515488198730256,0.7700705660733307,0.03233146467930541,0,ok,0.07009285173232677,0.5755156981280873,FLAT,0.0,-1,0.012108561045042857,0.0069175228211167845,0.10587615090047847,UNLOADING,0.0454527484144989,0.02337628472390714,0.049610375609952274,-2.500000000000002,-0.0010372801907360119,0.6407326871380231,0,staged_v3,0.22592209073249997,2,0.5242344656806579,0.2132359449020305,2,0,0,0
v3_pelvis_proxy:v3_right_hand_proxy,255,0.17974853515625008,0.001340211935030311,0.17974847779484723,0.06314014551619114,0.589603408764876,FLAT,0.0,-1,0.013738202284553781,0.0011947641092912272,0.010996496561920144,SUPPORT,0.45611300338407895,0.02435506071880478,0.030311642816207317,0.03388178984005441,0.17974847779484723,0.033368950301958994,0,ok,0.09549295109860202,0.5781551510312983,FLAT,0.0,-1,0.013738202284575984,0.01303530765297398,0.10634375036016938,SUPPORT,0.12636219873159912,0.017281879865034492,0.04855206664980072,2.5764478276521507,-6.701059675151555e-06,0.640725986078348,1,staged_v3,0.27549313700393757,2,0.5030012138786027,0.24228706777800943,2,0,1,1
v3_pelvis_proxy:v3_right_hand_proxy,256,0.20648949999677765,0.08337972033565233,0.4141227653887683,0.028541890328873814,0.5981749141369719,FLAT,0.0,-1,0.008909746914458708,0.001433201173645011,0.0388627796423853,SUPPORT,0.45523971718635337,0.025509937808474256,0.024237554799322658,0.07806030224577865,0.4141227653887683,0.009991890983529948,0,ok,0.10737153392948834,0.5817066041074548,FLAT,0.0,-1,0.010539494120838091,0.023424484717249495,0.10670649313360847,UNLOADING,0.1083104560556564,0.006910839939430931,0.05499183553559488,-1.0254938550077752,-0.00041689860167826165,0.6403090874766697,1,staged_v3,0.1389606477436142,2,0.5556845406349035,0.13108955905542166,2,0,1,1
v3_pelvis_proxy:v3_right_hand_proxy,257,0.3428955078124999,0.11662027966434785,0.15085290092419792,0.024769495707546465,0.5998644710912513,FLAT,0.0,-1,0.007708275081263406,0.002062710274265589,0.030255093325816815,SUPPORT,0.45449118615973144,0.024450044392025253,0.021877823453114835,0.02843510191897015,0.15085290092419792,0.009990003161979052,0,ok,0.13089053861770178,0.5843379163423755,FLAT,0.0,-1,0.012349117135409447,0.02758736548177096,0.10734911377573142,UNLOADING,0.09283753376199119,0.002780090207015612,0.051090054589136014,2.500000000000002,0.0005831013983217392,0.6408921888749914,1,staged_v3,0.09959486533060731,2,0.5347583205125656,0.09959486533060731,2,1,1,1
v3_pelvis_proxy:v3_right_hand_proxy,258,0.6505192863743173,0.08337972033565233,0.7495718537063214,0.020836030753687965,0.6080347903818767,FLAT,0.0,-1,0.004904587457146955,0.010967302730456822,0.024068090453448945,SUPPORT,0.4564462242010627,0.015236101792215628,0.05454680692060223,0.14129096573648775,0.7495718537063214,0.04474932861626556,0,ok,0.13019274216098106,0.5908722124608994,FLAT,0.0,-1,0.008804160189804278,0.011019669516512526,0.10773629668320672,UNLOADING,0.0795750289388496,0.01936714531764781,0.05230862155323631,-2.500000000000002,-0.00041689860167826165,0.6404752902733132,0,staged_v3,0.09615151241548724,2,0.5161628148303521,0.09156706438563345,2,0,0,0
v3_pelvis_proxy:v3_right_hand_proxy,259,0.3089599609374999,0.11662027966434785,0.3089599366876675,0.06864791536151893,0.6179219516155464,FLAT,0.0,-1,0.0035249070419870543,0.01810178264815335,0.01960716093492085,SUPPORT,0.4670034248592578,0.007878575398592692,0.06143667902558682,0.05823757604109264,0.3089599366876675,0.047963158944729786,0,ok,0.10016743166805035,0.5969077521195796,FLAT,0.0,-1,0.005860370263445328,0.004171456591506726,0.10801372535933176,UNLOADING,0.06820716766187108,0.026229229676459864,0.05256790351624653,2.500000000000002,0.0005831013983217392,0.6410583916716349,1,staged_v3,0.1387070364667443,2,0.5213852716690026,0.1387070364667443,2,1,1,1
v3_pelvis_proxy:v3_right_hand_proxy,260,0.9603881835937501,0.316620279664348,0.5226428585552224,0.016741331841060535,0.6213942715857035,FLAT,0.0,-1,0.008249637849114949,0.001026529043951248,0.016410765260632613,SUPPORT,0.4645743641650781,0.024794009219080385,0.031214842739647343,0.09851585789329537,0.5226428585552224,0.039964011900337215,0,ok,0.15050379343171413,0.6011471954812475,FLAT,0.0,-1,0.008249637849114949,0.03171055034296983,0.1082125116922264,UNLOADING,0.05846328656731807,0.0,0.05650592368369654,2.500000000000002,0.0015831013983217401,0.6426414930699567,1,staged_v3,0.10025486572555979,2,0.518396837567037,0.10025486572555979,2,1,1,1
v3_pelvis_proxy:v3_right_hand_proxy,261,0.6488802572430132,0.11662027966434785,0.23565206449461787,0.05052345323079417,0.6122386240576413,FLAT,0.0,-1,0.016662302592098614,0.0035343824783015338,0.01377142188088969,SUPPORT,0.4796138138869211,0.02215418861574295,0.04803696605033743,0.04441936767717358,0.23565206449461787,0.04817920524571896,0,ok,0.1307192251916986,0.597276807686783,FLAT,0.0,-1,0.014427687250019982,0.015798209133625805,0.10835494832385954,UNLOADING,0.05011138848627263,0.014619538282567172,0.05749361681365858,-2.500000000000002,0.0005831013983217392,0.6432245944682784,0,staged_v3,0.1078551987241451,2,0.516357834217347,0.10715827476622898,2,0,0,0
v3_pelvis_proxy:v3_right_hand_proxy,262,0.26171875000000006,0.316620279664348,0.05919825018781951,0.05170206967902198,0.6163386746847502,FLAT,0.0,-1,0.00832868417108863,0.0018637282445559651,0.011880249709948238,SUPPORT,0.47538326904593237,0.023730284240941448,0.0408639273781366,0.011158607273725463,0.05919825018781951,0.04693563799520953,0,ok,0.13626068786443862,0.6015364302405997,FLAT,0.0,-1,0.00832868417108863,0.021568709827283466,0.10875041053495677,UNLOADING,0.0429526187025194,0.008868810699464373,0.05668498106047028,2.500000000000002,0.0015831013983217401,0.6448076958666001,1,staged_v3,0.0941227608831144,2,0.519152770744771,0.0941227608831144,2,1,1,1
v3_pelvis_proxy:v3_right_hand_proxy,263,0.26470388966808533,0.11662027966434785,0.18252541414507104,0.0499700111821364,0.6125359814787104,FLAT,0.0,-1,0.014199767496322985,0.0049015265346249145,0.010175369006575789,SUPPORT,0.4717570877536563,0.020607241915703876,0.04951715342705004,0.034405230010295385,0.18252541414507104,0.04752366600328485,0,ok,0.13068194472057748,0.5990321004830096,FLAT,0.0,-1,0.012193463275419262,0.01670864497903775,0.10911300764650557,UNLOADING,0.0368165303164452,0.013747005403287531,0.05829468551806894,-2.500000000000002,0.0005831013983217392,0.6453907972649219,0,staged_v3,0.09586526052596338,2,0.5167842803432097,0.09524014172870407,2,0,0,0
v3_pelvis_proxy:v3_right_hand_proxy,264,0.012086895179518184,0.08337972033565233,0.27412756888288164,0.021554419033331086,0.6162484074480598,FLAT,0.0,-1,0.008350116770458448,0.010476706177719345,0.008953768601816363,SUPPORT,0.4686489323602768,0.014970982252371475,0.054657255281535935,0.051671829392933466,0.27412756888288164,0.04397677429943497,0,ok,0.13140201539716118,0.5921470166117241,FLAT,0.0,-1,0.017429978336771963,0.01577760073477639,0.10927561532544068,UNLOADING,0.03155702598552446,0.014686180031495646,0.05690486619926292,-2.500000000000002,-0.00041689860167826165,0.6449738986632436,0,staged_v3,0.0940915370812547,2,0.5131036680996497,0.09402237763821114,2,0,0,0
v3_pelvis_proxy:v3_right_hand_proxy,265,0.45829773306150523,0.08337972033565233,0.3713659769905519,0.0128648700153691,0.6131218431465104,FLAT,0.0,-1,0.011731793838173,0.028799310131438702,0.008043537416224213,SUPPORT,0.47592843822554465,0.0,0.057713371299275146,0.07000083750640285,0.3713659769905519,0.03586803675786947,0,ok,0.0,0.5938928824327355,FLAT,0.0,-1,0.012497146430997653,0.00300410029193388,0.10950907412611795,UNLOADING,0.027048879416163827,0.02747135341437202,0.04373650207568556,0.0,-0.00041689860167826165,0.6445570000615654,1,staged_v3,0.09494188660674605,2,0.5206523540519724,0.09185339451825741,2,1,0,0
v3_pelvis_proxy:v3_right_hand_proxy,266,0.3311959406014904,0.2833797203356525,0.3126270306475959,0.014507202412449741,0.6206403176014135,FLAT,0.0,-1,0.005091884744339631,0.006444374997980912,0.007416496503402807,SUPPORT,0.4960577737718349,0.01892644982718923,0.05042232821679787,0.05892880696776471,0.3126270306475959,0.03726976617927247,0,ok,0.0,0.6022023307448181,FLAT,0.0,-1,0.005267351729064363,0.005934315078786067,0.10956115527297411,SUPPORT,0.1288839730689987,0.02454374268486264,0.049136831071578055,-2.500000000000002,-0.0014168986016782625,0.6431401014598871,0,staged_v3,0.29434427196618623,2,0.5096646370361657,0.2949301956229478,2,0,0,0
v3_pelvis_proxy:v3_right_hand_proxy,267,0.4160994971263042,0.18337972033564132,0.8563053667103591,0.029947981950502526,0.6228007910476202,FLAT,0.0,-1,0.007753112337241451,0.04208610123599292,0.03669074617510109,SUPPORT,0.5071484823738116,0.0,0.05902788234596997,0.1614097589572067,0.8563053667103591,0.038694611690666555,0,ok,0.0,0.6083921768726935,FLAT,0.0,-1,0.004831348442071688,0.0149869499521617,0.10969595507117078,SUPPORT,0.2114379816497619,0.01549784780139684,0.03972334892803242,1.2500000000001399,-0.0009168986016782066,0.6422232028582089,0,staged_v3,0.47828496510542773,2,0.5126439628157918,0.47957697314660014,2,1,0,0
v3_pelvis_proxy:v3_right_hand_proxy,268,0.4401529306533801,0.3833797203356415,0.8165926750604854,0.012137512113402298,0.6274333310986517,FLAT,0.0,-1,0.006159647838515375,0.0036137304471429406,0.057666662658427376,SUPPORT,0.4989844134632671,0.024269602685778432,0.045793188095969536,0.1539240929367155,0.8165926750604854,0.03612407048662718,0,ok,0.0,0.6147238730707875,FLAT,0.0,-1,0.00242444087657276,0.00293187373523143,0.10968669866004799,SUPPORT,0.2786097534890364,0.02755246119777097,0.04542727167063747,-2.500000000000002,-0.0019168986016782075,0.6403063042565307,1,staged_v3,0.6359713075135948,2,0.6359043741239663,0.6359043741239663,2,0,0,0
v3_pelvis_proxy:v3_left_hand_proxy,269,0.3434164756102116,0.5833797203356417,0.9282895418890341,0.03422216813595007,0.6254223928969247,FLAT,0.0,-1,0.011485443903419462,0.02833892592280562,0.0726965635867115,SUPPORT,0.5085411913305853,0.0002959022565299542,0.03447475122704422,0.17497845631216946,0.9282895418890341,0.02622982018831825,0,ok,0.0,0.6030906464604433,FLAT,0.0,-1,0.019065404336380917,0.03334714089086905,0.10917232566610113,SUPPORT,0.330337770391006,0.00032938837697179743,0.03012922790633326,-2.500000000000002,-0.0029168986016782084,0.6373894056548525,0,staged_v3,0.7554104744250453,2,0.7546120486813237,0.7546120486813237,2,0,0,0
v3_pelvis_proxy:v3_left_hand_proxy,270,1.0000000000000002,0.3833797203356415,0.8876891463861863,0.09467765535463923,0.6300795708601337,FLAT,0.0,-1,0.0054223056311865974,0.01935511577553704,0.08346595819664915,SUPPORT,0.5001781639976446,0.010883259181891283,0.018290038727941178,0.16732546205749427,0.8876891463861863,0.049320603194109025,0,ok,0.03776256211800775,0.6086193541306915,FLAT,0.0,-1,0.0054223056311865974,0.01541601705096465,0.1087259315236501,SUPPORT,0.3727595458947067,0.015020279525217856,0.05230997303091255,2.500000000000002,-0.0019168986016782075,0.6354725070531743,0,staged_v3,0.2884797312726911,2,0.49269897741188007,0.2889627234740822,2,1,1,1
v3_pelvis_proxy:v3_right_hand_proxy,271,0.8040002897661039,0.5833797203356417,0.6326450560102501,0.005502846935250957,0.6347193913939694,FLAT,0.0,-1,0.003707737875464737,0.0079006804914926,0.09118256663059407,UNLOADING,0.42872414056940966,0.021658447840037103,0.050085009385463855,0.1192507836175023,0.6326450560102501,0.04128583211890474,0,ok,0.028381935146537664,0.6049177817692061,FLAT,0.0,-1,0.012765648290741994,0.010145725448788952,0.1083871914378347,SUPPORT,0.38820763671576536,0.020273634123102784,0.05132198338533193,-2.500000000000002,-0.0029168986016782084,0.632555608451496,0,staged_v3,0.2731333341325802,2,0.5052168570603269,0.25519108115808076,2,0,0,0
v3_pelvis_proxy:v3_right_hand_proxy,272,0.14202880859375,0.3833797203356415,0.14202880859374992,0.015711007291570114,0.637360671362155,FLAT,0.0,-1,0.0056871334512953,0.003579354779678302,0.09671175818495338,UNLOADING,0.4567371189952078,0.02625623312956937,0.04390164973485364,0.02677179970057414,0.14202880859374992,0.03769694901952754,0,ok,0.02985560216341733,0.6100338743434883,FLAT,0.0,-1,0.0056871334512953,0.013163177284454573,0.07996074965407218,SUPPORT,0.4005661093726123,0.015834860198249038,0.042170935257907924,2.500000000000002,-0.0019168986016782075,0.6306387098498178,1,staged_v3,0.23137488454877347,2,0.5454483803505666,0.2307245949046151,2,1,1,1
v3_pelvis_proxy:v3_right_hand_proxy,273,0.31037128421044174,0.3752231135801365,0.6431884765625001,0.07760514636775379,0.6300925158813845,FLAT,0.0,-1,0.011663017176623054,0.021053256942304633,0.10073244206635426,UNLOADING,0.46805967609002286,0.008983365161013081,0.04836269916250179,0.12123817157054168,0.6431884765625001,0.00999215762598367,0,ok,0.034413731022391716,0.6041475381718258,FLAT,0.0,-1,0.015061898310799189,0.009360849984666925,0.0591714827015093,SUPPORT,0.41045288749808984,0.01859772415040854,0.023483688561313408,0.10195758444381253,-0.0018761155679006825,0.6287625942819172,1,staged_v3,0.25956114708025546,2,0.5265066267911057,0.13746917653243004,2,0,1,1
v3_pelvis_proxy:v3_right_hand_proxy,274,0.30536166740370024,0.5752231135801367,0.7147745951519269,0.023604913417335217,0.6182946943104224,FLAT,0.0,-1,0.021376084104128435,0.009394782319518992,0.10301104481021586,SUPPORT,0.4654797223628767,0.020755769920991804,0.04505326336949125,0.13473183702611474,0.7147745951519269,0.027470783682137068,0,ok,0.022188400205658872,0.6019623710635382,FLAT,0.0,-1,0.011963718437539508,0.0020431559203660946,0.044862177906884695,SUPPORT,0.41836230999847185,0.02519995297497814,0.03351607980080584,-2.500000000000002,-0.0028761155679006833,0.6258864787140165,1,staged_v3,0.2551452236602994,2,0.5088696583071307,0.1711553682224747,2,0,0,0
v3_pelvis_proxy:v3_right_hand_proxy,275,0.13360595703124994,0.050132043190109776,0.13360595703125,0.015289992630456101,0.6274369929586798,FLAT,0.0,-1,0.003584847770849868,0.0012086254427048403,0.10458618371735853,SUPPORT,0.46326833345389434,0.02902068374316309,0.03084520083549471,0.025184129585112514,0.13360595703125,0.0297723538765209,0,ok,0.020030042153945965,0.6099694696044464,FLAT,0.0,-1,0.003584847770849868,0.004630290081308146,0.06490672453025279,SUPPORT,0.4283742733665824,0.023615046145204495,0.03612945383789648,6.563638379875336,-0.0002506602159505489,0.6256358184980659,1,staged_v3,0.18607694674605246,2,0.5608367169284644,0.18719230608381532,2,1,1,1
v3_pelvis_proxy:v3_right_hand_proxy,276,0.07037353515624994,0.1498679568098904,0.0703735351562499,0.03851620368078169,0.6201927558631896,FLAT,0.0,-1,0.016320166898947903,0.001466193552136963,0.10527080643131184,SUPPORT,0.4716878337792021,0.02879734676942863,0.027753814851893082,0.013265098863241065,0.0703735351562499,0.02880542943993475,0,ok,0.0328302489146856,0.6101861123436574,FLAT,0.0,-1,0.009359499682104859,0.008369672921752263,0.07937635437351682,SUPPORT,0.43839203127865095,0.02059914479692358,0.033175189368195794,2.500000000000002,0.000749339784049452,0.6263851582821154,1,staged_v3,0.26876191033902813,2,0.5372457602992268,0.17415892705179534,2,0,1,1
v3_pelvis_proxy:v3_right_hand_proxy,277,0.7578125000000002,0.3498679568098906,0.7578125000000002,0.03941713049198026,0.6281027640017719,FLAT,0.0,-1,0.003633339107495232,0.0147102931815766,0.105948926951617,SUPPORT,0.4685895718107447,0.02263736238197977,0.007660083965601083,0.14284429096791096,0.7578125000000002,0.019625240497671968,0,ok,0.1286076918492139,0.6153952884190566,FLAT,0.0,-1,0.003633339107495232,0.07674366842184113,0.08988453890596063,SUPPORT,0.4407136250229208,0.005805792558943052,0.02368843438635498,2.500000000000002,0.001749339784049453,0.6281344980661648,1,staged_v3,0.27353089344355613,2,0.5486614335953235,0.2580834217817834,2,0,1,1
v3_pelvis_proxy:v3_right_hand_proxy,278,0.12115478515624999,0.5498679568098908,0.12115478515625001,0.059667880911027656,0.6284526330702878,FLAT,0.0,-1,0.009754170647740314,0.009008022610170136,0.10628771417431639,SUPPORT,0.465933918694924,0.024717792903038167,0.005596592805677656,0.022837138979647488,0.12115478515625001,0.028893250679627183,0,ok,0.11535376820484573,0.6167509546134209,FLAT,0.0,-1,0.006926039907720414,0.06281985080340971,0.0974325204429913,UNLOADING,0.3777545357339321,0.010370752363654565,0.019500873658495,2.500000000000002,0.0027493397840494538,0.6308838378502143,1,staged_v3,0.2809209758999339,2,0.5389521585079754,0.24382562793488008,2,0,1,1
v3_pelvis_proxy:v3_right_hand_proxy,279,0.15484619140625006,0.7498679568098909,0.15484618305510528,0.0837297586548739,0.6247475117215096,FLAT,0.0,-1,0.01222371637742451,0.007606370541889519,0.07773919544661963,SUPPORT,0.4636576445956492,0.02595111227242113,0.002935847499909856,0.029187817867340343,0.15484618305510528,0.04020979979479074,0,ok,0.09693618835788805,0.6093214939935556,FLAT,0.0,-1,0.010806699839243112,0.05136538055165618,0.10296567624040141,UNLOADING,0.32378960205765606,0.011202060803129913,0.01894622300889016,2.500000000000002,0.0037493397840494547,0.6346331776342637,1,staged_v3,0.27369276867930636,2,0.5584060740349117,0.22154309981053355,2,0,1,1
v3_pelvis_proxy:v3_left_hand_proxy,280,1.0,0.9498679568098911,1.0,0.2690272883803788,0.632890066391659,FLAT,0.0,-1,0.0023867816256542946,0.04513845781136353,0.05738459527506551,SUPPORT,0.4617065525105564,0.0,0.03967787932427504,0.1884955592153876,1.0,0.01814680101907372,0,ok,0.20504507111224152,0.6155350887304335,FLAT,0.0,-1,0.0023867816256542946,0.08194307701336614,0.1069303556155288,UNLOADING,0.27753394462084807,0.0,0.046978363754916215,2.500000000000002,0.0047493397840494556,0.6393825174183132,0,staged_v3,0.2523644131654823,2,0.552935438531848,0.13082754823645312,2,0,1,1
v3_pelvis_proxy:v3_left_hand_proxy,281,0.8753589481699525,0.8749339784049459,0.8978875443884375,0.0840199426516835,0.6295521129135844,FLAT,0.0,-1,0.009999557937559005,0.00034077347239907466,0.04235738071518388,SUPPORT,0.4600341878661912,0.026777095563360123,0.018610099408654917,0.1692478147920297,0.8978875443884375,0.053320880484518426,0,ok,0.04794181305677408,0.6043504520649424,FLAT,0.0,-1,0.01721965768564481,0.02441036995514099,0.10976225457263032,UNLOADING,0.2378862382464412,0.006077742773490529,0.03749279160311344,-0.936674730061815,0.0043746698920247296,0.6437571873103379,1,staged_v3,0.30013016367096884,2,0.5383232972536949,0.30150421037390923,2,1,0,0
v3_pelvis_proxy:v3_right_hand_proxy,282,1.0000000000000002,1.0000000000000009,0.9030515481470094,0.167781422229044,0.6350227145530153,FLAT,0.0,-1,0.002646027391651884,0.07891488705776886,0.03152555599143882,SUPPORT,0.4586007324567353,0.0,0.06192322395428973,0.17022120656829207,0.9030515481470094,0.05308342754452233,0,ok,0.17275913924363756,0.5839145831535971,FLAT,0.0,-1,0.030541937416110082,0.09286728977784303,0.10980708984680884,SUPPORT,0.280308990597153,0.0,0.057836198312328675,1.5633252699381872,0.0050000000000000044,0.6487571873103379,0,staged_v3,0.22671844193134044,2,0.5212532240066697,0.22671844193134044,2,1,1,1
v3_pelvis_proxy:v3_left_hand_proxy,283,0.9997976245485929,0.8000000000000007,0.6388503043962563,0.04449540908844501,0.6364633230948391,FLAT,0.0,-1,0.007549943588747626,0.026446787032598184,0.05193551121033353,UNLOADING,0.39308634210577315,0.0011499885279184947,0.054243268888939475,0.12042044538209294,0.6388503043962563,0.057296688443306945,0,ok,0.024327280766209398,0.5813972074621527,FLAT,0.0,-1,0.016172371459514154,0.026999815307152158,0.10850521710813948,UNLOADING,0.24026484908327397,0.003425445548254819,0.05387301592846298,-2.500000000000002,0.0040000000000000036,0.6527571873103379,0,staged_v3,0.1548900655193652,2,0.5401032057897721,0.15639608550426562,2,1,0,0
v3_pelvis_proxy:v3_right_hand_proxy,284,0.7663412393146017,0.6000000000000005,0.6132697428556649,0.010502243115600123,0.6395943580051986,FLAT,0.0,-1,0.003514353831857214,0.02362638435716777,0.038213014229459434,UNLOADING,0.3767374490304091,0.0032842663543052007,0.06510782307828755,0.11559862312945551,0.6132697428556649,0.043604036412608405,0,ok,0.0283508517142681,0.5893202589109714,FLAT,0.0,-1,0.007872136969820491,0.023509595620849102,0.07870245102137387,UNLOADING,0.2779101800310074,0.005425526930219592,0.06498456606023785,-2.500000000000002,0.0030000000000000027,0.6557571873103379,0,staged_v3,0.166957450004406,2,0.5124142522422784,0.16252211164950733,2,0,0,0
v3_pelvis_proxy:v3_right_hand_proxy,285,0.011331044954316947,0.40000000000000036,0.3576278585621707,0.012851363129336768,0.6450456295435887,FLAT,0.0,-1,0.0012093048191828225,0.020971519089856762,0.028380415483408857,UNLOADING,0.42132777133853566,0.0054475016843136825,0.06346525250374235,0.06741126319067792,0.3576278585621707,0.038291875074805,0,ok,0.027318474100757297,0.6015340523795266,FLAT,0.0,-1,0.0012093048191828225,0.02663949559342369,0.05737931205208221,UNLOADING,0.304552009951176,0.0012294700091804202,0.0674308101121523,-2.500000000000002,0.0020000000000000018,0.6577571873103379,0,staged_v3,0.09558090966187656,2,0.509527505045541,0.09558910027671257,2,0,0,0
v3_pelvis_proxy:v3_right_hand_proxy,286,0.03730639613585779,0.20000000000000018,0.3296121050831044,0.014752200741238309,0.6454540356585978,FLAT,0.0,-1,0.0059374926448355235,0.015587577017215404,0.021730277319290253,SUPPORT,0.45527464200699325,0.01049893684874911,0.05945693920301603,0.062130418071800864,0.3296121050831044,0.03602671645347663,0,ok,0.03003055496716532,0.6122694223482545,FLAT,0.0,-1,0.0009991240955792397,0.01959672321537789,0.04250208822323217,SUPPORT,0.3336416079609408,0.00752838119578372,0.0625854146570508,-2.500000000000002,0.0010000000000000009,0.6587571873103379,0,staged_v3,0.09260314128711913,2,0.5088321040127811,0.09189202363333364,2,0,0,0
v3_pelvis_proxy:v3_right_hand_proxy,287,0.0038575972526858193,0.0,0.221861210544274,0.0150229015993359,0.6497225966949902,FLAT,0.0,-1,0.00042713546885101306,0.014319964753599233,0.04519932659123538,SUPPORT,0.4779470656535405,0.012940001575962538,0.05814035331344304,0.04181985294974577,0.221861210544274,0.03416862194075458,0,ok,0.03044235084490032,0.6196341489769085,FLAT,0.0,-1,0.00042713546885101306,0.01829694232755766,0.06073815244616601,SUPPORT,0.35691328636875264,0.00973996529475064,0.0612488804070318,-2.500000000000002,0.0,0.6587571873103379,0,staged_v3,0.09160380791149388,2,0.5084124350731475,0.09153155291509672,2,0,0,0
v3_pelvis_proxy:v3_right_hand_proxy,288,0.0032401942738266485,0.20000000000000018,0.17551378070634027,0.015168686136485518,0.6482275944736849,FLAT,0.0,-1,0.007052590666170434,0.013039490378083753,0.062017793192706984,SUPPORT,0.4934658656958136,0.015061399281551598,0.057022308939681084,0.03308356824424852,0.17551378070634027,0.03312230813132344,0,ok,0.030410076670423603,0.6240505452574058,FLAT,0.0,-1,0.00273782634100596,0.017161502972427575,0.07373695991403609,SUPPORT,0.3755306290950021,0.011525345023274233,0.0600263246590462,-2.500000000000002,-0.0010000000000000009,0.6577571873103379,0,staged_v3,0.09136233359194586,2,0.5082216273439227,0.09138595161057105,2,0,0,0
v3_pelvis_proxy:v3_right_hand_proxy,289,0.0028155456818652843,0.40000000000000036,0.14106082725832308,0.015102315898908675,0.649343885879739,FLAT,0.0,-1,0.0009318535812200876,0.011079797842601592,0.0742685037689911,SUPPORT,0.5044253676720747,0.017633627345847964,0.054943978875196475,0.0265893395174428,0.14106082725832308,0.032479933398847,0,ok,0.030466512485233563,0.6239078095501305,FLAT,0.0,-1,0.005186263189405181,0.015174163637549427,0.08310843756076122,SUPPORT,0.3904245032760017,0.013981258240488636,0.05806140560935629,-2.500000000000002,-0.0020000000000000018,0.6557571873103379,0,staged_v3,0.09137741562761621,2,0.5082644285558187,0.09140063504968263,2,0,0,0
v3_pelvis_proxy:v3_right_hand_proxy,290,0.0009175637680929427,0.6000000000000005,0.11764942762295734,0.015063948031315872,0.6513356124408738,FLAT,0.0,-1,0.00320501897430922,0.008006235781634372,0.08303248607406298,SUPPORT,0.5125756198259864,0.021145388522068778,0.05187256577075648,0.022176394651159614,0.11764942762295734,0.0318483714418414,0,ok,0.030330310487038947,0.6269666511372974,FLAT,0.0,-1,0.00320501897430922,0.01217935707689129,0.08979026881991468,SUPPORT,0.4023396026208014,0.017310156364104445,0.0550685981680671,-2.500000000000002,-0.0030000000000000027,0.6527571873103379,0,staged_v3,0.09116916935852329,2,0.5081196898011652,0.0911418378479273,2,0,0,0
v3_pelvis_proxy:v3_right_hand_proxy,291,0.008590245439851074,0.8000000000000007,0.0925451813029371,0.014727274815573533,0.6515836023530579,FLAT,0.0,-1,0.005227281309094918,0.005608015813442023,0.0902153334048652,SUPPORT,0.5183330231011706,0.023902750856801238,0.049194776973351756,0.01744435570238656,0.0925451813029371,0.03163279155673471,0,ok,0.030290884712442786,0.6296012232801714,FLAT,0.0,-1,0.003805660664968827,0.007999901994635465,0.09501110598177077,SUPPORT,0.4118716820966411,0.021750653304453076,0.05093452281791182,-2.500000000000002,-0.0040000000000000036,0.6487571873103379,0,staged_v3,0.09121022012864372,2,0.5081916432462459,0.09129859464486591,2,0,0,0
v3_pelvis_proxy:v3_left_hand_proxy,292,0.4853583334361839,1.0000000000000009,0.9999960658556476,0.05472990700997617,0.6548388399147078,FLAT,0.0,-1,0.0021614719864597965,0.033279991513938546,0.09535028755819212,SUPPORT,0.5233006678294433,0.0,0.06712665518407826,0.18849481764664786,0.9999960658556476,0.013479824797050025,0,ok,0.06846807958633792,0.6330691708785221,FLAT,0.0,-1,0.0021614719864597965,0.0271666071385342,0.09875199927564786,SUPPORT,0.4194973456773129,0.002770992825248196,0.037858224205969127,-2.500000000000002,-0.0050000000000000044,0.6437571873103379,0,staged_v3,0.13628168938527013,2,0.5076965108450283,0.1296632629201896,2,0,0,0
v3_pelvis_proxy:v3_left_hand_proxy,293,0.9999999999999999,0.8000000000000007,0.9999989482573151,0.11211675423890853,0.6456134097556054,FLAT,0.0,-1,0.009031100556751643,0.03581130354254722,0.09899489668802655,SUPPORT,0.5128291438538085,0.0,0.043679424473014525,0.18849536096656205,0.9999989482573151,0.03191412847878271,0,ok,0.10846708469875094,0.6281829444797705,FLAT,0.0,-1,0.008785122156088366,0.03851165912711618,0.10147711681500991,SUPPORT,0.42559787654185033,0.0,0.04351142952690923,2.500000000000002,-0.0040000000000000036,0.6397571873103379,0,staged_v3,0.2853772398036293,2,0.5029815283877843,0.286308169035212,2,1,1,1
v3_pelvis_proxy:v3_left_hand_proxy,294,0.6942749023437501,0.6000000000000005,0.6942749023437501,0.1955341815061813,0.6419490135780266,FLAT,0.0,-1,0.006698808768843532,0.08904940175046888,0.10160637324435601,UNLOADING,0.4395678375889787,0.0,0.04505193741256624,0.1308677359664938,0.6942749023437501,0.016261964052686165,0,ok,0.09569362752165353,0.6216402018050466,FLAT,0.0,-1,0.012342735539400747,0.008224440081974189,0.10337635970393778,UNLOADING,0.36479817989301455,0.027491392869175166,0.002677425116021725,2.500000000000002,-0.0030000000000000027,0.6367571873103379,1,staged_v3,0.34747604058061154,2,0.5694907898342716,0.348803265796917,2,1,1,1
v3_pelvis_proxy:v3_left_hand_proxy,295,0.3917632661653089,0.40000000000000036,1.0000000000000002,0.12436851789985426,0.6465341535398635,FLAT,0.0,-1,0.001966561211466442,0.027725534997199777,0.0751307090211744,UNLOADING,0.3767724517047517,0.0010310004538589441,0.06291217623243017,0.18849555921538763,1.0000000000000002,0.04466263000886361,0,ok,0.2374927222150103,0.626309136462425,FLAT,0.0,-1,0.001966561211466442,0.10369329075579409,0.07639035775761821,UNLOADING,0.31480445936595913,0.0,0.05899551288741149,2.500000000000002,-0.0020000000000000018,0.6347571873103379,0,staged_v3,0.35073486388608355,2,0.5521838424849802,0.3526395979834032,2,1,1,1
v3_pelvis_proxy:v3_left_hand_proxy,296,0.7111206054687501,0.20000000000000018,0.711120426704657,0.05200378532069748,0.6408366693952425,FLAT,0.0,-1,0.010370872313747616,0.03013536055250149,0.056160066637026496,UNLOADING,0.32312546475898635,0.0,0.02823677629859504,0.13404304250117938,0.711120426704657,0.03152769419457088,0,ok,0.030584458956635623,0.6304231057544216,FLAT,0.0,-1,0.0013016485666020286,0.0014306453473038857,0.05705732419595812,UNLOADING,0.2698323937557668,0.026422220862494024,0.019264820254281403,2.500000000000002,-0.0010000000000000009,0.6337571873103379,1,staged_v3,0.4649333936687196,2,0.5484596348074157,0.4663006527008245,2,1,1,1
v3_pelvis_proxy:v3_left_hand_proxy,297,0.0,0.0,0.0,0.04352018224229452,0.6414300686902314,FLAT,0.0,-1,0.007452406882215909,0.03013536055250149,0.042567007387086325,SUPPORT,0.34850037180718907,0.0,0.02823677629859504,0.0,0.0,0.03152769419457088,0,ok,0.05880882804601899,0.628626527133428,FLAT,0.0,-1,0.007452406882215909,0.0014306453473038857,0.0432046003206549,SUPPORT,0.3058659150046134,0.02572958466872886,0.019264820254281403,2.500000000000002,0.0,0.6337571873103379,1,staged_v3,0.2559650522926957,2,0.5708834171366267,0.2559650522926957,2,1,1,1
v3_pelvis_proxy:v3_left_hand_proxy,298,0.73126220703125,0.20000000000000018,0.73126220703125,0.011580154179336924,0.6313599874854379,FLAT,0.0,-1,0.016414943339638333,4.9905244663890104e-05,0.06067824057367434,SUPPORT,0.36880029744575127,0.02798400678401983,0.029666580307324972,0.13783967864743402,0.73126220703125,0.013146901611043732,0,ok,0.03763750431064919,0.6170812822649482,FLAT,0.0,-1,0.015716777812388078,0.01050639660541694,0.06090530512856748,SUPPORT,0.3346927320036907,0.018147803518583666,0.009897461737844709,2.500000000000002,0.0010000000000000009,0.6347571873103379,1,staged_v3,0.2439011696795364,2,0.6155443692954977,0.1479039125923175,2,0,1,1
v3_pelvis_proxy:v3_right_hand_proxy,299,0.6616354172443004,0.0,1.0,0.1070912956191924,0.6342347738590693,FLAT,0.0,-1,0.006969285588987757,0.017211904857063396,0.07365550622496775,SUPPORT,0.4064073657047613,0.011470870454184993,0.029655939592707417,0.1884955592153876,1.0,0.040888467968012446,0,ok,0.05578202840322611,0.6176377774627047,FLAT,0.0,-1,0.007795408289260777,0.004612731088404627,0.0735849811498361,SUPPORT,0.3577541856029526,0.02406651796908718,0.026510001341961423,-2.500000000000002,0.0,0.6347571873103379,0,staged_v3,0.23595015793051366,2,0.538832674700132,0.21356016386215806,2,0,0,0
v3_pelvis_proxy:v3_right_hand_proxy,300,0.9999999999999999,0.20000000000000018,0.8648606404452747,0.01975628173595907,0.6392720698162626,FLAT,0.0,-1,0.00373058019990934,0.006710970662878027,0.08295412338975323,UNLOADING,0.34834917060408116,0.024454808708090192,0.004692897461397471,0.16302239006411032,0.8648606404452747,0.027600287982066707,0,ok,0.12991857010929694,0.6178946843246146,FLAT,0.0,-1,0.006356718694872027,0.08543525729135279,0.08264849800932983,SUPPORT,0.3762033484823621,0.0,0.04140681143076052,2.500000000000002,0.0010000000000000009,0.6357571873103379,0,staged_v3,0.286686529844064,2,0.543330434689715,0.286686529844064,2,1,0,0
v3_pelvis_proxy:v3_right_hand_proxy,301,0.24682617187499994,0.40000000000000036,0.24682617187499997,0.07691023186301094,0.6341418227245368,FLAT,0.0,-1,0.012916968321869577,0.0004628075366440868,0.08934936877659962,UNLOADING,0.3774810046947714,0.029004660902185897,0.01035195507089769,0.0465256372965715,0.24682617187499997,0.03280866480827942,0,ok,0.06688145447578732,0.6157199145590139,FLAT,0.0,-1,0.010003679972741021,0.06614976504456146,0.060771968275302596,SUPPORT,0.3909626787858897,0.0,0.04542321597410913,2.500000000000002,0.0020000000000000018,0.6377571873103379,1,staged_v3,0.2352905630366408,2,0.5177371588130605,0.2352905630366408,2,1,1,1
v3_pelvis_proxy:v3_right_hand_proxy,302,1.0000000000000002,0.6000000000000005,0.9728586747948943,0.13457598682631336,0.6366868831491171,FLAT,0.0,-1,0.005676952529927842,0.008649339289219345,0.09393176233507763,UNLOADING,0.3312893594060588,0.02104724882753454,0.022470578579656342,0.18337953994300452,0.9728586747948943,0.041605388112131686,0,ok,0.10036386924471313,0.6183293557816368,FLAT,0.0,-1,0.006604078293734704,0.041408630692172974,0.04509674975417359,SUPPORT,0.4027701430287118,0.0,0.049330414958699685,2.500000000000002,0.0030000000000000027,0.6407571873103379,0,staged_v3,0.0954685935630533,2,0.5059343332453411,0.09531376621773677,2,0,1,1
v3_pelvis_proxy:v3_right_hand_proxy,303,1.0000000000000002,0.40000000000000036,0.1660739092032736,0.04078684485795483,0.6364711495415477,FLAT,0.0,-1,0.0073809517401964165,0.006058165783188797,0.09721519079709877,UNLOADING,0.28396230806233613,0.023802593756666143,0.04271904733128304,0.031304194386356565,0.1660739092032736,0.038277530357264195,0,ok,0.05067244942171236,0.616298895069283,FLAT,0.0,-1,0.009452653250645288,0.008630770805354175,0.033858348943078265,SUPPORT,0.4122161144229694,0.01806214664179974,0.04374190804225396,-2.500000000000002,0.0020000000000000018,0.6427571873103379,0,staged_v3,0.15895091909790582,2,0.5145120259819083,0.15228566280213438,2,0,0,0
v3_pelvis_proxy:v3_right_hand_proxy,304,0.14776096809203465,0.20000000000000018,0.3113236748264275,0.029043491107803625,0.6384967528454804,FLAT,0.0,-1,0.0064946366249032834,0.0021145399391997105,0.09956787009616606,SUPPORT,0.3171698464498689,0.027863853565608596,0.044759090041923175,0.05868313018339694,0.3113236748264275,0.034762817405422794,0,ok,0.043334605636826604,0.6185549639502079,FLAT,0.0,-1,0.0064946366249032834,0.008400528877987219,0.025872283834062988,SUPPORT,0.41977289153837555,0.01789308531371593,0.04827551204773268,-2.500000000000002,0.0010000000000000009,0.6437571873103379,1,staged_v3,0.09293894693593804,2,0.5246651820110074,0.09293894693593804,2,1,0,0
v3_pelvis_proxy:v3_right_hand_proxy,305,0.2661486543508046,0.0,0.6745339453905287,0.012784979119447778,0.6340183760389078,FLAT,0.0,-1,0.011029599686534422,0.02570625384411214,0.10119352826571464,SUPPORT,0.3437358771598951,0.004353422569173593,0.043111956046201313,0.12714665324614943,0.6745339453905287,0.009991535224435737,0,ok,0.0430714217770564,0.6160849768660579,FLAT,0.0,-1,0.010499457851185579,0.023755392250847232,0.047942198021915156,SUPPORT,0.42581831323070046,0.003641717650248528,0.04874187764244817,-2.500000000000002,0.0,0.6437571873103379,1,staged_v3,0.1538576858435475,2,0.5436973119256238,0.11366905254091444,2,0,1,1
v3_pelvis_proxy:v3_right_hand_proxy,306,0.9999999999999999,0.20000000000000018,0.8214591366066563,0.0411164060455328,0.6374079767506637,FLAT,0.0,-1,0.004525899526004989,0.031403934389317364,0.10235836324448627,SUPPORT,0.3821789598757055,0.0,0.03967361593950142,0.15484139932726115,0.8214591366066563,0.042909222736840946,0,ok,0.09949104047483857,0.6203570782736056,FLAT,0.0,-1,0.0037001807389453367,0.040348102900422234,0.06375485836789949,SUPPORT,0.4306546505845604,0.000799657906709765,0.02738808501168521,2.500000000000002,0.0010000000000000009,0.6447571873103379,0,staged_v3,0.148734578907539,2,0.5411870144426566,0.14992721094371336,2,1,1,1
v3_pelvis_proxy:v3_right_hand_proxy,307,0.9994566164187125,0.0,0.3842883775886355,0.020494347059155763,0.6422573353007144,FLAT,0.0,-1,0.0031831263315125822,0.005863690204107305,0.1031930039784277,SUPPORT,0.3957431679005644,0.02429595999481408,0.044987802805564574,0.07243665263354387,0.3842883775886355,0.03611961276244778,0,ok,0.03599909088170034,0.6258758780341809,FLAT,0.0,-1,0.002368861924922785,0.011576783358045756,0.07508521938238147,UNLOADING,0.3691325576439089,0.017177477611073317,0.04924784951513654,-2.500000000000002,0.0,0.6447571873103379,0,staged_v3,0.1605688246291745,2,0.5231874307655456,0.16182876203891053,2,1,0,0
v3_pelvis_proxy:v3_left_hand_proxy,308,1.0,0.20000000000000018,0.9664338053626902,0.13811379266216056,0.6402058387892835,FLAT,0.0,-1,0.00864426467264717,0.040557256302273186,0.07548496521056823,SUPPORT,0.4166633959299319,0.011073168155606387,0.017701080104922027,0.18216848058649535,0.9664338053626902,0.029052936823507375,0,ok,0.14704156447094455,0.6264909218178472,FLAT,0.0,-1,0.006413190894851274,0.05465004994875146,0.08310166145734994,UNLOADING,0.3652658131839846,0.0,0.03451554950278265,2.500000000000002,0.0010000000000000009,0.6457571873103379,0,staged_v3,0.1656411492218152,2,0.5100047916843995,0.161761718619125,2,1,1,1
v3_pelvis_proxy:v3_right_hand_proxy,309,0.6115060232916422,0.0,1.0,0.11872721960590843,0.645366222310542,FLAT,0.0,-1,0.002922079571090937,0.006096244623651711,0.05559182881476545,SUPPORT,0.4233307167439455,0.021683346817086564,0.0352847590173591,0.1884955592153876,1.0,0.02484876202359742,0,ok,0.06362658726058953,0.630876080680806,FLAT,0.0,-1,0.0020422200667219296,0.01291454032829685,0.08884569320346597,UNLOADING,0.31308498272912966,0.01652774433187645,0.020209801495792625,-2.500000000000002,0.0,0.6457571873103379,0,staged_v3,0.29188704504888885,2,0.6096733904622798,0.2938063198470666,2,0,0,0
v3_pelvis_proxy:v3_right_hand_proxy,310,0.793524338847147,0.20000000000000018,1.0000000000000002,0.03817380460520403,0.6390411233731877,FLAT,0.0,-1,0.010605494914373525,0.006065818891947277,0.04070899102901675,SUPPORT,0.4286645733951564,0.020969630659503562,0.02810604206402431,0.18849555921538763,1.0000000000000002,0.05170218026773146,0,ok,0.09716881914843462,0.6299273397333811,FLAT,0.0,-1,0.006730068621556865,0.05209344355510552,0.09283041638234861,SUPPORT,0.3404679861833037,0.0,0.05116001727558137,2.500000000000002,0.0010000000000000009,0.6467571873103379,0,staged_v3,0.43944899624059364,2,0.522745219234097,0.4380158796089973,2,0,0,0
v3_pelvis_proxy:v3_right_hand_proxy,311,0.9144742943975072,0.0,0.8322436551598101,0.013268558939857233,0.6416498314389004,FLAT,0.0,-1,0.005273167103493683,0.005925126644226297,0.05851225436280935,SUPPORT,0.4329316587161251,0.022000486073914173,0.04831276047145289,0.1568742331828066,0.8322436551598101,0.03851792985194004,0,ok,0.027687654865053757,0.6329777143100247,FLAT,0.0,-1,0.002525057902100644,0.014881618352006812,0.0959045848342267,UNLOADING,0.29182970244283174,0.014913610889704526,0.0554808660579278,-2.500000000000002,0.0,0.6467571873103379,0,staged_v3,0.38800968116942375,2,0.5141025824444956,0.3843545353660423,2,0,0,0
v3_pelvis_proxy:v3_left_hand_proxy,312,0.4824809872106362,0.20000000000000018,0.7731443913419125,0.02620859348972531,0.6461211804307252,FLAT,0.0,-1,0.0039979075679656565,0.03852602462010622,0.042876151505919266,SUPPORT,0.46161850982620944,0.0,0.06905166938825684,0.14573428440023428,0.7731443913419125,0.04267761785370931,0,ok,0.001995551456631732,0.634432106973134,FLAT,0.0,-1,0.0039979075679656565,0.013471191128873298,0.09808358545291654,UNLOADING,0.31768241621968946,0.01643298814377253,0.04072797197364418,-2.500000000000002,-0.0010000000000000009,0.6457571873103379,0,staged_v3,0.2657294799030792,2,0.5112203313446915,0.2674617406591115,2,1,0,0
v3_pelvis_proxy:v3_right_hand_proxy,313,0.44675425701950894,0.40000000000000036,0.7144453838075266,0.014728827835043437,0.645801158902157,FLAT,0.0,-1,0.005456370286033734,0.003959198811306947,0.03192335720930903,SUPPORT,0.46429259261244654,0.022636969049158507,0.047701197189850025,0.13466978214965197,0.7144453838075266,0.04815761745168258,0,ok,0.025433545635757594,0.6347267809279487,FLAT,0.0,-1,0.005174633621302758,0.015887565496982167,0.10020493421724422,UNLOADING,0.3681889353519536,0.014122681213880047,0.056688035442528796,-2.500000000000002,-0.0020000000000000018,0.6437571873103379,0,staged_v3,0.22484085850956737,2,0.5137258328826529,0.2265521529620706,2,1,0,0
v3_pelvis_proxy:v3_right_hand_proxy,314,0.9999999999999999,0.20000000000000018,0.4464694758003266,0.07518397821386422,0.6465993367962697,FLAT,0.0,-1,0.004395036396415695,0.03407486693072115,0.02600290088358573,SUPPORT,0.4869220737776926,0.0,0.047864818170400045,0.08415751351358353,0.4464694758003266,0.047058193724579506,0,ok,0.06599476484067025,0.6367941139390092,FLAT,0.0,-1,0.002609287039589933,0.012941034491526286,0.10350487052496274,SUPPORT,0.38455114828156284,0.017234209034721854,0.030728223902237603,2.500000000000002,-0.0010000000000000009,0.6427571873103379,0,staged_v3,0.1521287427319593,2,0.5129874605708435,0.1521287427319593,2,1,1,1
v3_pelvis_proxy:v3_right_hand_proxy,315,0.9999999999999999,0.40000000000000036,0.8475720618118424,0.041746375251955056,0.6482574431232456,FLAT,0.0,-1,0.0027659430235158593,0.016043725446929273,0.05010757749594141,SUPPORT,0.48164749180945077,0.011461653427867799,0.04960613063480604,0.1597635697665623,0.8475720618118424,0.03767645206334344,0,ok,0.03850398050830657,0.6346132528161401,FLAT,0.0,-1,0.005611667275101632,0.03370777859183445,0.10600792914394033,SUPPORT,0.39764091862525025,0.0,0.06125796215773141,-2.500000000000002,-0.0020000000000000018,0.6407571873103379,0,staged_v3,0.1585279297146137,2,0.5206466739416378,0.1139406194930599,2,0,0,0
v3_pelvis_proxy:v3_right_hand_proxy,316,0.6748046875000004,0.20000000000000018,0.6748046875,0.04539868277940692,0.6479770166670819,FLAT,0.0,-1,0.006178495924553007,0.0203170086967398,0.06745690102673815,SUPPORT,0.4771264215509578,0.008055836354597109,0.044921991211768895,0.12719768693147737,0.6748046875,0.05100006935360589,0,ok,0.09182247320446722,0.6348765914152243,FLAT,0.0,-1,0.005186817021818643,0.005138516066490118,0.10779062533406342,SUPPORT,0.4081127349002002,0.025251015200213053,0.04732544107196836,2.500000000000002,-0.0010000000000000009,0.6397571873103379,1,staged_v3,0.2221678683239614,2,0.5040701627847145,0.22338544231411006,2,1,1,1
v3_pelvis_proxy:v3_left_hand_proxy,317,0.9966749638305815,0.0,0.8348523275458742,0.024899238527568975,0.6528703652600238,FLAT,0.0,-1,0.001334731927483804,0.049901942606813465,0.07981066654704047,SUPPORT,0.47325121847224955,0.0,0.04354990437360125,0.1573659563430275,0.8348523275458742,0.04318601980291864,0,ok,0.04958105202745171,0.6375268890968928,FLAT,0.0,-1,0.0006246493004184409,0.005775785205621539,0.10894025572250515,UNLOADING,0.34981091562874306,0.02467122758050372,0.023278438329738985,2.500000000000002,0.0,0.6397571873103379,0,staged_v3,0.18391643872822883,2,0.5109869363942149,0.18188871050258162,2,1,0,0
v3_pelvis_proxy:v3_left_hand_proxy,318,0.8848576100644878,0.0,0.8665214338904439,0.049254132683003396,0.6515765586491757,FLAT,0.0,-1,0.005889867348368472,0.0002493254488726811,0.0603156574032029,SUPPORT,0.47416122023006674,0.027766457421287468,0.03147698377473857,0.16333544225329874,0.8665214338904439,0.04985714729337787,0,ok,0.04460051244673425,0.6342205760277011,FLAT,0.0,-1,0.007183006003609191,0.010361648791067702,0.10976400189141076,UNLOADING,0.3300096664400711,0.020126551303502837,0.028760343114326105,0.0,0.0,0.6397571873103379,1,staged_v3,0.15362321378314975,2,0.5534403864376938,0.15113019117273907,2,1,0,0
v3_pelvis_proxy:v3_right_hand_proxy,319,0.9190839018567016,0.10000000000001119,0.9999987611613997,0.015126993549451786,0.6558519449723778,FLAT,0.0,-1,0.0015773357393979984,0.005485100560400007,0.04634687295172096,SUPPORT,0.47070961734005723,0.02183224308718604,0.03334428222979259,0.18849532569981287,0.9999987611613997,0.04360734171270998,0,ok,0.032148894649521774,0.6376770341061351,FLAT,0.0,-1,0.0015773357393979984,0.05905345789556062,0.11035424181339684,UNLOADING,0.31943833045424086,0.0,0.05495495455275244,1.2500000000001399,0.000500000000000056,0.640257187310338,0,staged_v3,0.18734020311341865,2,0.5150497662161623,0.18906071335712224,2,1,0,0
v3_pelvis_proxy:v3_right_hand_proxy,320,0.9999999999999999,0.30000000000001137,1.0000000000000002,0.07571052008863384,0.6526511902570312,FLAT,0.0,-1,0.008475378221445836,0.014561754308407681,0.03633780152157784,SUPPORT,0.49135260892715193,0.012255135767671212,0.03131272899828903,0.18849555921538763,1.0000000000000002,0.047766585408556564,0,ok,0.0563378354186339,0.6273111661997947,FLAT,0.0,-1,0.011134247295268945,0.02771911302015478,0.11094449493104383,SUPPORT,0.3455506643633927,0.002828111726397412,0.04144141565737125,2.500000000000002,0.0015000000000000568,0.641757187310338,0,staged_v3,0.2725674847479317,2,0.5143036997284811,0.2725674847479317,2,1,1,1
v3_pelvis_proxy:v3_left_hand_proxy,321,0.9999999999999999,0.5000000000000115,0.9999798132142118,0.20480856013613813,0.6323335868692563,FLAT,0.0,-1,0.022075213391768746,0.06869777869481189,0.056482155279020965,SUPPORT,0.48544509336613023,0.0,0.04261389159938826,0.1884917540959117,0.9999798132142118,0.04248666966382385,0,ok,0.1979357921006608,0.6072197043223715,FLAT,0.0,-1,0.02369241377943046,0.08441570102103108,0.10979979355189913,SUPPORT,0.36644053149071415,0.0,0.06000398370207019,2.500000000000002,0.0025000000000000577,0.6442571873103381,0,staged_v3,0.20268447106711462,2,0.527153580762243,0.20268447106711462,2,1,1,1
v3_pelvis_proxy:v3_right_hand_proxy,322,0.9993311233300226,0.30000000000001137,0.6553807980074757,0.06196788145071608,0.6368604598706309,FLAT,0.0,-1,0.0027061530742387963,0.02261532261525559,0.07156851441385552,UNLOADING,0.41609579431382593,0.005963103105437188,0.042001140051683386,0.12353637001944612,0.6553807980074757,0.05663567474383803,0,ok,0.04212488584919622,0.6121051540636369,FLAT,0.0,-1,0.0027061530742387963,0.02422374719011718,0.10896611162393266,UNLOADING,0.31409188413489786,0.006224558391079455,0.04179061015523525,-2.500000000000002,0.0015000000000000568,0.6457571873103382,0,staged_v3,0.18782639340838922,2,0.5525805875838294,0.1890481739896843,2,1,0,0
v3_pelvis_proxy:v3_right_hand_proxy,323,0.9413728042923569,0.10000000000001119,0.34597063836074576,0.011446304838970925,0.6345864099698645,FLAT,0.0,-1,0.010392282836136007,0.014561411689412135,0.054012879223937715,UNLOADING,0.3751121245304053,0.013139232271784752,0.05505740498782293,0.0652139289499134,0.34597063836074576,0.043352021691447806,0,ok,0.025351330479553322,0.6100379690533343,FLAT,0.0,-1,0.012539153456663508,0.01702081632908193,0.08003268429560982,UNLOADING,0.30864627507451653,0.011980817885698564,0.05612498785986608,-2.500000000000002,0.000500000000000056,0.6462571873103382,0,staged_v3,0.16242642491766557,2,0.5042777010876448,0.16423656483955873,2,1,0,0
v3_pelvis_proxy:v3_right_hand_proxy,324,0.13794163255969685,0.09999999999998899,0.4555517153313197,0.011449023588420803,0.6266403675052881,FLAT,0.0,-1,0.01441026094540245,0.011501363293340106,0.041469746011975825,UNLOADING,0.4140868642296964,0.015572124007258686,0.05313286535488064,0.08586947533290618,0.4555517153313197,0.03925117007588469,0,ok,0.026728728141875432,0.6035146740900564,FLAT,0.0,-1,0.013573582060101064,0.0158517002473369,0.05952276780014248,UNLOADING,0.33470184255951624,0.012124438142670224,0.05611886165953965,-2.500000000000002,-0.0004999999999999449,0.6457571873103383,0,staged_v3,0.09680630439050102,2,0.5062510536909514,0.0954465871671549,2,0,0,0
v3_pelvis_proxy:v3_right_hand_proxy,325,0.07746990154790082,0.29999999999998916,0.44662120204242045,0.011011600875286272,0.6308434561114281,FLAT,0.0,-1,0.0072304466259833795,0.00966438800153981,0.03245554915905924,SUPPORT,0.4471076303776709,0.016958389456413155,0.05081239881425304,0.08418611323643466,0.44662120204242045,0.03698594205957528,0,ok,0.02998879811447768,0.6113791162536399,FLAT,0.0,-1,0.004906984841359994,0.0029648770655086388,0.044875655278762694,SUPPORT,0.357761474047613,0.024278905698429498,0.04520740271736909,-2.500000000000002,-0.0014999999999999458,0.6442571873103383,1,staged_v3,0.09092527325094127,2,0.5076639920895979,0.09009382512715322,2,0,0,0
v3_pelvis_proxy:v3_right_hand_proxy,326,0.6534139764822479,0.49999999999998934,0.9999561075515891,0.006727831438052498,0.637651793181502,FLAT,0.0,-1,0.002773989549590867,0.01089256575536909,0.05436489064051292,SUPPORT,0.47257365130902473,0.01682567877665656,0.023377637730101635,0.18848728568377907,0.9999561075515891,0.03550818448759127,0,ok,0.028888159294215128,0.6183893880479031,FLAT,0.0,-1,0.002432738341283675,0.009964199504453368,0.06266198240254048,SUPPORT,0.3762091792380904,0.018168899615673657,0.04917250073560269,-2.500000000000002,-0.0024999999999999467,0.6417571873103384,0,staged_v3,0.2348375634308488,2,0.497135449130687,0.11157513771144761,2,0,0,0
v3_pelvis_proxy:v3_right_hand_proxy,327,0.9999999999999999,0.29999999999998916,1.0,0.22232429855346236,0.6410850720632618,FLAT,0.0,-1,0.006335167694973325,0.012382773991127628,0.07003281307762721,SUPPORT,0.4951571083677794,0.016118866662753733,0.02875588729951145,0.1884955592153876,1.0,0.04390252087450622,0,ok,0.2585290720682126,0.6208367455418999,FLAT,0.0,-1,0.006335167694973325,0.06238158238754851,0.0752940336309475,SUPPORT,0.3909673433904723,0.0,0.12599492636322315,2.500000000000002,-0.0014999999999999458,0.6402571873103384,0,staged_v3,0.19802389970869164,2,0.48518818218836857,0.19922231920668942,2,1,1,1
v3_pelvis_proxy:v3_right_hand_proxy,328,0.050109863281249986,0.09999999999998899,0.050109863281250014,0.20095962621234534,0.635290468310526,FLAT,0.0,-1,0.01263290405913682,0.008790065433961125,0.08133596151669878,UNLOADING,0.4244203786009538,0.020276732641873817,0.02519629967118025,0.009445486701405839,0.050109863281250014,0.042835907680487895,0,ok,0.24659387488473092,0.6185040646428606,FLAT,0.0,-1,0.010199317685718782,0.05903622356176742,0.08435359850195762,UNLOADING,0.335114865763262,0.0,0.1190249994624433,2.500000000000002,-0.0004999999999999449,0.6397571873103385,1,staged_v3,0.2953876789394809,2,0.4864981106122201,0.2968439252778877,2,1,1,1
v3_pelvis_proxy:v3_right_hand_proxy,329,0.024841308593750177,0.10000000000001119,0.024841278680384077,0.19943922832376662,0.6237578281185381,FLAT,0.0,-1,0.019274070802587154,0.008625029704526256,0.05999601662350481,UNLOADING,0.36378890402521824,0.019374771126648985,0.0246030998022483,0.004682470716484283,0.024841278680384077,0.04191717872271762,0,ok,0.24598574253965638,0.6138663157275578,FLAT,0.0,-1,0.013717583488838248,0.05925638782238324,0.06248636806496005,UNLOADING,0.28724131351361354,0.0,0.11784124175826824,2.500000000000002,0.000500000000000056,0.6402571873103385,1,staged_v3,0.1733611621990396,2,0.5075223478578106,0.12339183907889509,2,1,1,1
v3_pelvis_proxy:v3_right_hand_proxy,330,0.525737136450957,0.30000000000001137,0.5524898805406054,0.07826782535873494,0.6265422189070597,FLAT,0.0,-1,0.01004580977101947,0.008573029807429647,0.044705270134329046,UNLOADING,0.31181907111726015,0.018662233699286806,0.009004431508329372,0.10414188899334412,0.5524898805406054,0.009990502957305712,0,ok,0.1380478839115602,0.6142025746043849,FLAT,0.0,-1,0.01004493212010629,0.02389651483056982,0.046777289834381744,UNLOADING,0.24620684015710176,0.0034423496611492715,0.06572750926426502,2.500000000000002,0.0015000000000000568,0.6417571873103386,1,staged_v3,0.1734678178355502,2,0.5417641242187045,0.16301221467219643,2,0,1,1
v3_pelvis_proxy:v3_right_hand_proxy,331,1.0000000000000002,0.5000000000000115,1.0,0.3155741513560215,0.623226334133862,FLAT,0.0,-1,0.011423129764956508,0.04030722523484877,0.03301627193663714,SUPPORT,0.3394552568938081,0.0,0.08856955211521736,0.1884955592153876,1.0,0.04262758591908575,0,ok,0.23493585283711052,0.6070278714107717,FLAT,0.0,-1,0.013835808706770205,0.03037407328920888,0.03465016195678735,SUPPORT,0.2869654721256814,0.0,0.06902378393394093,2.500000000000002,0.0025000000000000577,0.6442571873103387,0,staged_v3,0.2211761741136102,2,0.49236908861644707,0.22173055259539587,2,0,1,1
v3_pelvis_proxy:v3_right_hand_proxy,332,0.6514892578125003,0.7000000000000117,0.6514892578125,0.20766881801394016,0.6285068795824983,FLAT,0.0,-1,0.006939363495290689,0.02393222702949765,0.05662884458483759,UNLOADING,0.29096164876612124,0.003899215199744229,0.0821105453188184,0.12280283197418501,0.6514892578125,0.009992686841231238,0,ok,0.222323740591264,0.6100679035697573,FLAT,0.0,-1,0.006939363495290689,0.03918834119209775,0.05814632664442454,UNLOADING,0.24597040467915549,0.0,0.0653579355173277,2.500000000000002,0.0035000000000000586,0.6477571873103387,1,staged_v3,0.3984083073855508,2,0.509195012254754,0.39194489084584433,2,0,1,1
v3_pelvis_proxy:v3_right_hand_proxy,333,0.8547692086377957,0.9000000000000119,1.0,0.10469008913964925,0.6351843451725891,FLAT,0.0,-1,0.004146053691089099,0.010882689754000422,0.04506938198336676,UNLOADING,0.24939570173468478,0.016370779345167917,0.06414897872659192,0.1884955592153876,1.0,0.023604844706998612,0,ok,0.17873233030546773,0.6123494280431687,FLAT,0.0,-1,0.007968933238770305,0.02668321903796351,0.04657934852828007,UNLOADING,0.21083177565539346,0.0006457483884504955,0.0738974210632978,2.500000000000002,0.0045000000000000595,0.6522571873103388,0,staged_v3,0.2814882307821683,2,0.4906926006571558,0.2541436472843687,2,0,1,1
v3_pelvis_proxy:v3_left_hand_proxy,334,0.5520240281526,0.7000000000000117,0.9999999999999999,0.04495394269695535,0.6403550417266545,FLAT,0.0,-1,0.0031900583635273596,0.029007277571987216,0.036786665096006164,UNLOADING,0.21486699239980203,0.0,0.06651483961392524,0.18849555921538758,0.9999999999999999,0.03856490910282567,0,ok,0.030100713945045234,0.6157170761213399,FLAT,0.0,-1,0.003403925297774404,0.026976781390396276,0.03840558820565765,UNLOADING,0.18071318924256471,0.0,0.041583163877866605,-2.500000000000002,0.0035000000000000586,0.6557571873103388,0,staged_v3,0.2424979463055993,2,0.4876796296383252,0.2444762337864499,2,0,0,0
v3_pelvis_proxy:v3_left_hand_proxy,335,0.4293163762059126,0.5000000000000115,0.667139713233272,0.014144571663702582,0.6442027918193831,FLAT,0.0,-1,0.0049597847080270555,0.01543668639533034,0.03085183910959402,SUPPORT,0.2618935939198416,0.011105905560149364,0.059506988010544104,0.12575287332069893,0.667139713233272,0.04728663572098454,0,ok,0.029370383583498243,0.6190220906565882,FLAT,0.0,-1,0.0049597847080270555,0.015246436228975462,0.03248355331250628,SUPPORT,0.23457055139405178,0.011377741436649852,0.05789779683282794,-2.500000000000002,0.0025000000000000577,0.6582571873103389,0,staged_v3,0.2776309159856033,2,0.49498101575843556,0.27893743094597556,2,1,0,0
v3_pelvis_proxy:v3_right_hand_proxy,336,0.12975104256853673,0.30000000000001137,0.4234561648765537,0.015562682878068909,0.650406821160977,FLAT,0.0,-1,0.0020654801618700137,0.013025771490346224,0.054983021040024935,SUPPORT,0.32298960705440954,0.014723379561655026,0.057377906297587405,0.07981960660160936,0.4234561648765537,0.03841897723685232,0,ok,0.03077821448213917,0.6230930165107983,FLAT,0.0,-1,0.004627505500798355,0.01880877819572418,0.05662747708169574,SUPPORT,0.27765644111524146,0.009022595658360607,0.061116020740695456,-2.500000000000002,0.0015000000000000568,0.6597571873103389,0,staged_v3,0.17067923524449388,2,0.5015382817538698,0.17122827180120415,2,0,0,0
v3_pelvis_proxy:v3_right_hand_proxy,337,0.019060272454734618,0.10000000000001119,0.2876177597867654,0.015484621469849644,0.6537757862425145,FLAT,0.0,-1,0.0037697745680103202,0.013364631143556481,0.07235843935172001,SUPPORT,0.3684860478493441,0.015253290824029521,0.057666887242510866,0.054214670471283366,0.2876177597867654,0.03636534622216102,0,ok,0.030581064340016083,0.6262786649424535,FLAT,0.0,-1,0.0037697745680103202,0.01929713559958428,0.07402576729355963,SUPPORT,0.31212515289219317,0.009404152765093703,0.06159370756248431,-2.500000000000002,0.000500000000000056,0.660257187310339,0,staged_v3,0.0914914396288447,2,0.5054433016822979,0.09162027786407505,2,0,0,0
v3_pelvis_proxy:v3_right_hand_proxy,338,0.0062383610502864595,0.09999999999998899,0.21999435498687478,0.015400076816452578,0.6574566943725908,FLAT,0.0,-1,0.0019145790199168208,0.013085440538559808,0.08469398478776007,SUPPORT,0.4041367618151611,0.016149258700828197,0.05739772902805683,0.04146795896747946,0.21999435498687478,0.03487626894456382,0,ok,0.030358529471062823,0.6245945606872252,FLAT,0.0,-1,0.0062586208054377,0.018970391224612772,0.08630433389040462,SUPPORT,0.3397001223137545,0.010344825469907459,0.06130369803664107,-2.500000000000002,-0.0004999999999999449,0.659757187310339,0,staged_v3,0.09146434522590614,2,0.5069179906471808,0.0915807441696683,2,0,0,0
v3_pelvis_proxy:v3_right_hand_proxy,339,0.006667329178951514,0.29999999999998916,0.16927240038340577,0.015423935106206434,0.624830370321031,FLAT,0.0,-1,0.03170044470031834,0.011990895466375915,0.09316734996004516,SUPPORT,0.4263764846071898,0.017667472031626344,0.056145590133943823,0.03190709577000106,0.16927240038340577,0.03384399499935535,0,ok,0.030868565184235024,0.5958856741102381,FLAT,0.0,-1,0.03468238345934501,0.01758292964484809,0.09451832486526889,SUPPORT,0.3617600978510036,0.012142986598415357,0.06002691629457642,-2.500000000000002,-0.0014999999999999458,0.6582571873103391,0,staged_v3,0.09103465481821987,2,0.5072968337941833,0.09112232375472865,2,0,0,0
v3_pelvis_proxy:v3_right_hand_proxy,340,0.004210765069354534,0.49999999999998934,0.13207276067594736,0.015171431387262891,0.6028941817001793,FLAT,0.0,-1,0.028925193634946424,0.00962468512560848,0.09823953851387948,SUPPORT,0.4399645101295099,0.020287291800085497,0.053604108679555396,0.024895128880732753,0.13207276067594736,0.033201306856616486,0,ok,0.030183823132990745,0.5781249497481984,FLAT,0.0,-1,0.029938533310895413,0.015222825367231952,0.098530106599791,SUPPORT,0.37940807828080286,0.0147036799627576,0.05752575790065793,-2.500000000000002,-0.0024999999999999467,0.6557571873103392,0,staged_v3,0.09088651109756071,2,0.5076411248830236,0.09092476411658373,2,0,0,0
v3_pelvis_proxy:v3_right_hand_proxy,341,0.004176535271538646,0.6999999999999895,0.09921080116528729,0.015478338064005441,0.6027844560682043,FLAT,0.0,-1,0.016080619259977204,0.006053572581729335,0.10273302285567983,SUPPORT,0.4506287876521266,0.02408307856105466,0.05010588000427722,0.018700795445857454,0.09921080116528729,0.03276075824410776,0,ok,0.03021189474636407,0.5892917664609802,FLAT,0.0,-1,0.006097525718216794,0.011696278989969732,0.10161337212407942,SUPPORT,0.3935264626246423,0.01838438961623424,0.05409577682355199,-2.500000000000002,-0.0034999999999999476,0.6522571873103392,0,staged_v3,0.09057161845475034,2,0.5074556806046412,0.09055417791708839,2,0,0,0
v3_pelvis_proxy:v3_right_hand_proxy,342,1.0000000000000002,0.49999999999998934,0.9885151371915993,0.09025785448226624,0.6181173297626192,FLAT,0.0,-1,0.003191085228101323,0.025575702969583333,0.10590141404402978,SUPPORT,0.46093389373541555,0.004719367732618159,0.036547810126499804,0.18633071357780612,0.9885151371915993,0.04160221727413781,0,ok,0.0899865156097112,0.6019259811710564,FLAT,0.0,-1,0.002086354416943878,0.040923995552809386,0.1038340215057314,SUPPORT,0.40482117009971386,0.0,0.049105601223420586,2.500000000000002,-0.0024999999999999467,0.6497571873103393,0,staged_v3,0.09753980105752356,2,0.5080209001142373,0.09430741343850785,2,1,1,1
v3_pelvis_proxy:v3_right_hand_proxy,343,0.7666164125208024,0.5090773978491114,0.9652076830534071,0.022132203900651126,0.6147848731775056,FLAT,0.0,-1,0.014687513504671356,0.003947174347745522,0.10806242197626818,UNLOADING,0.3950861946303562,0.02645594675106789,0.034297763570245776,0.18193736197614058,0.9652076830534071,0.009990453205492682,0,ok,0.034984685352852346,0.6113869815798006,FLAT,0.0,-1,0.001530520134575111,0.04031935172842162,0.1054312080738168,UNLOADING,0.34698957437118333,0.0,0.0670606796084965,-0.11346747311402616,-0.002545386989245557,0.6472118003210937,1,staged_v3,0.17154424369742347,2,0.5181902260463722,0.17144810523435827,2,1,1,1
v3_pelvis_proxy:v3_right_hand_proxy,344,0.48629396567465033,0.7090773978491116,0.4648777600869633,0.00993139766944012,0.6196734642182552,FLAT,0.0,-1,0.009584028385705346,0.008970629239377779,0.0813594563516185,UNLOADING,0.4096624246410303,0.02009734357820315,0.05065671584540658,0.08762739335438895,0.4648777600869633,0.020349469510782002,0,ok,0.02784882113486117,0.6140239782459406,FLAT,0.0,-1,0.0058810251925384156,0.01401466321927742,0.07825707124714888,UNLOADING,0.34697366736818297,0.014898190343080028,0.05448936920967884,-2.500000000000002,-0.003545386989245558,0.6436664133318482,0,staged_v3,0.2345963359798041,2,0.511138304481511,0.23572839728506922,2,1,0,0
v3_pelvis_proxy:v3_right_hand_proxy,345,0.15517183658361983,0.9090773978491118,0.3130303954319381,0.011540961164453297,0.6314364658599133,FLAT,0.0,-1,0.0016093940345984605,0.003977805679174132,0.06211679097656894,UNLOADING,0.44159072309997394,0.024128033869654317,0.045623496660025645,0.05900483943835709,0.3130303954319381,0.03348912074057653,0,ok,0.02701072255403614,0.6175249265447542,FLAT,0.0,-1,0.003496401292160957,0.008036165130795338,0.05882615690135154,UNLOADING,0.36281557260055647,0.01990514271427224,0.04882921320070856,-2.500000000000002,-0.004545386989245559,0.6391210263426026,0,staged_v3,0.15934494108971886,2,0.5091097881088683,0.15243599557059423,2,0,0,0
v3_pelvis_proxy:v3_right_hand_proxy,346,0.07568359375000004,0.053665525716128926,0.07568359375,0.012123275111849364,0.6366329623578965,FLAT,0.0,-1,0.005209720788448576,0.003010183262297049,0.04861721529950978,SUPPORT,0.46812397357228863,0.024420677502678442,0.0439694378273219,0.014266021327336464,0.07568359375,0.02899579446246811,0,ok,0.03096096526338648,0.6065544676142741,FLAT,0.0,-1,0.017130023999396594,0.007659490408927664,0.0447527869932817,SUPPORT,0.38025245808044517,0.019578148940736423,0.04738747057521869,10.692648401662286,-0.00026832762858064463,0.638852698714022,1,staged_v3,0.24845508801542102,2,0.5248746088492843,0.14591847521567305,2,0,1,1
v3_pelvis_proxy:v3_right_hand_proxy,347,0.349004536757804,0.15137254912882536,0.59674072265625,0.019490816760763773,0.6253068412236457,FLAT,0.0,-1,0.02064403010519155,0.018661911302710044,0.0671463883149539,SUPPORT,0.4845022243725346,0.009695408113037651,0.03244350363020442,0.11248297622368436,0.59674072265625,0.009990561103134628,0,ok,0.011212973604545822,0.6017599641670456,FLAT,0.0,-1,0.016888566627125845,0.011057625194630015,0.06260178552647783,SUPPORT,0.3942019664643561,0.017072464081693876,0.03242470474378256,-1.2213377926587055,-0.0007568627456441268,0.6380958359683778,1,staged_v3,0.24269647379996998,2,0.5300759138439505,0.13246026857571108,2,0,1,1
v3_pelvis_proxy:v3_right_hand_proxy,348,0.0,0.35137254912882554,0.0,0.03216582918938551,0.6129009971983853,FLAT,0.0,-1,0.024099252849744963,0.016905048557065917,0.07942646065723541,SUPPORT,0.4845377186311692,0.012066274475795856,0.030686640884560294,0.0,0.0,0.009990561103134628,0,ok,0.03522129460935851,0.6047368244977478,FLAT,0.0,-1,0.007980613816952439,0.009300762448985887,0.07537849834737555,SUPPORT,0.4217069773603499,0.019468162468382892,0.030667841998138434,-2.500000000000002,-0.0017568627456441277,0.6363389732227337,1,staged_v3,0.20982391915129037,2,0.5085800840027902,0.1935683929533039,2,1,1,1
v3_pelvis_proxy:v3_right_hand_proxy,349,0.0,0.5513725491288257,0.0,0.04077580928294156,0.6129316329054807,FLAT,0.0,-1,0.014559863069055429,0.014148185811421788,0.08808487232278087,SUPPORT,0.47960375882671646,0.015256057804717258,0.027929778138916166,0.0,0.0,0.009990561103134635,0,ok,0.048705035536776624,0.6155391736550077,FLAT,0.0,-1,0.0015652437190740846,0.006543899703341759,0.08438803115910631,SUPPORT,0.42736558188827994,0.022675501854613558,0.027910979252494306,-2.500000000000002,-0.0027568627456441286,0.6335821104770896,1,staged_v3,0.22938979044720276,2,0.5174381891066484,0.19550869837557544,2,1,1,1
v3_pelvis_proxy:v3_right_hand_proxy,350,0.0,0.7513725491288259,0.0,0.05038788160740178,0.6134307091322679,FLAT,0.0,-1,0.015352690481736705,0.010391323065777659,0.09418218759884242,SUPPORT,0.47537465042289984,0.019317786314164465,0.024172915393272033,0.0,0.0,0.009990561103134635,0,ok,0.06012595960454631,0.6221692116800555,FLAT,0.0,-1,0.0020341502726290202,0.00278703695769763,0.09073502119301993,SUPPORT,0.43189246551062394,0.02674971410195337,0.024154116506850176,-2.500000000000002,-0.0037568627456441295,0.6298252477314454,1,staged_v3,0.24966881475123007,2,0.527090917064936,0.20294191913666557,2,1,1,1
v3_pelvis_proxy:v3_right_hand_proxy,351,0.9999999999999996,0.5513725491288257,1.0,0.04418114911532261,0.6067201523198316,FLAT,0.0,-1,0.018991846718884157,0.0032713234107473845,0.09778347584650962,SUPPORT,0.4717497003624856,0.026617850381578097,0.02170398518690191,0.1884955592153876,1.0,0.020968808887033216,0,ok,0.10217736273103215,0.6161314204920801,FLAT,0.0,-1,0.01355695185321571,0.03200538305894428,0.09502497354777131,SUPPORT,0.43551397240849915,0.0004900724460388493,0.029261176231349717,2.500000000000002,-0.0027568627456441286,0.6270683849858013,0,staged_v3,0.2320848912526044,2,0.5226643719489117,0.22867447493555063,2,1,1,1
v3_pelvis_proxy:v3_right_hand_proxy,352,0.020263671875000108,0.35137254912882554,0.02026367163800093,0.056303287005088326,0.6178135756508556,FLAT,0.0,-1,0.003911437470564265,0.0006263673998434431,0.10041484406882092,SUPPORT,0.46864260031070193,0.029394374803597606,0.01884816465109972,0.0038196121171619746,0.02026367163800093,0.02076966509446379,0,ok,0.08904083647791639,0.6199331198361876,FLAT,0.0,-1,0.0039048615744262526,0.030781690267046052,0.09809885873082044,UNLOADING,0.37329769063585644,0.001599998709620569,0.028304944226920453,2.500000000000002,-0.0017568627456441277,0.6253115222401572,1,staged_v3,0.2273152406589382,2,0.5359780697391338,0.22799452390390343,2,1,1,1
v3_pelvis_proxy:v3_right_hand_proxy,353,0.9999999999999996,0.15137254912882536,1.0,0.32767054373826937,0.6135511266324193,FLAT,0.0,-1,0.013715097042324417,0.06564688666697632,0.07328687046813119,SUPPORT,0.46597937169488735,0.0,0.1469628232817653,0.1884955592153876,1.0,0.01453774655039329,0,ok,0.18011157963204036,0.6167839639029441,FLAT,0.0,-1,0.011737599366918252,0.01878866769126474,0.0999904907069164,UNLOADING,0.31996944911644837,0.011210856844081084,0.04090719025168733,2.500000000000002,-0.0007568627456441268,0.624554659494513,0,staged_v3,0.19048935582120047,2,0.5016893849004793,0.1902383667527886,2,1,1,1
v3_pelvis_proxy:v3_right_hand_proxy,354,0.34515380859374994,0.048627450871174815,0.34515380859375,0.29144743109172694,0.6214036305217803,FLAT,0.0,-1,0.005389815910135473,0.04276322969089429,0.053925326785933723,SUPPORT,0.46369660430990345,0.0,0.09742430980242911,0.06505996016619976,0.34515380859375,0.025521652806217793,0,ok,0.15923718246187896,0.6227959213973661,FLAT,0.0,-1,0.0033024248876470735,0.0007494298344439343,0.10148680790754064,UNLOADING,0.2742595278140986,0.0293249105609331,0.01838222299649764,2.500000000000002,0.00024313725435587408,0.6247977967488689,1,staged_v3,0.30301378013964186,2,0.5115973421544517,0.3043510374172093,2,1,1,1
v3_pelvis_proxy:v3_left_hand_proxy,355,1.0000000000000004,0.248627450871175,1.0,0.3196103066986293,0.6269051948973243,FLAT,0.0,-1,0.006481962697106232,0.08379855625252147,0.0400812334522747,SUPPORT,0.4617399465513458,0.0,0.10821305370035873,0.1884955592153876,1.0,0.04631071458757349,0,ok,0.364457473472363,0.6179248841869581,FLAT,0.0,-1,0.008616976769219447,0.009182733112229797,0.10257298119697944,UNLOADING,0.2350795952692274,0.020945915947619177,0.07407689817526639,2.500000000000002,0.001243137254355875,0.6260409340032248,0,staged_v3,0.18780578926480856,2,0.5424909891320022,0.18720486112274556,2,0,1,1
v3_pelvis_proxy:v3_right_hand_proxy,356,1.0,0.44862745087117517,1.0,0.24781818134379036,0.6297574839955086,FLAT,0.0,-1,0.0073141972331145265,0.04715389675464114,0.030721634863312215,SUPPORT,0.460062811329725,0.0,0.04695362953181372,0.1884955592153876,1.0,0.0627645631507662,0,ok,0.3691083853837112,0.6166591638280682,FLAT,0.0,-1,0.009166612093007405,0.07176693721174315,0.1037124114771628,UNLOADING,0.20149679594505204,0.0,0.10898009254374089,2.500000000000002,0.002243137254355876,0.6282840712575807,0,staged_v3,0.2835905806154768,2,0.46995129633252236,0.2835905806154768,2,1,0,0
v3_pelvis_proxy:v3_right_hand_proxy,357,0.9965191440652508,0.2986274508711695,0.9999973893655618,0.20636530347769907,0.636530640782311,FLAT,0.0,-1,0.0024622890577874063,0.003957434609892671,0.02401518941991834,SUPPORT,0.45862526685405,0.02224332486110325,0.04994534720749905,0.18849506712238928,0.9999973893655618,0.06003370850653897,0,ok,0.23350646150216497,0.6211293842919148,FLAT,0.0,-1,0.0024622890577874063,0.016949577333796182,0.10452884894913003,UNLOADING,0.17271153938147318,0.01327686511366032,0.06254759358520708,-1.875000000000071,0.0014931372543558474,0.6297772085119365,0,staged_v3,0.36381091231839174,2,0.4750715556954105,0.3657957791005979,2,1,0,0
v3_pelvis_proxy:v3_right_hand_proxy,358,0.83941650390625,0.49862745087116966,0.8394165039062503,0.21272744612194608,0.6397469642034985,FLAT,0.0,-1,0.006158284251680039,0.010348390518191683,0.019106534176371058,SUPPORT,0.45739308587489996,0.01560693619062687,0.04013818119936668,0.15822628331843425,0.8394165039062503,0.009991245145752933,0,ok,0.08048759061194537,0.6238536943674986,FLAT,0.0,-1,0.005926139861098628,0.06338095007015368,0.10510354798416718,UNLOADING,0.148038462326977,0.0,0.031009545933769013,2.500000000000002,0.0024931372543558483,0.6322703457662924,1,staged_v3,0.32385357608045856,2,0.5873543648546088,0.32350642077501673,2,0,1,1
v3_pelvis_proxy:v3_right_hand_proxy,359,0.9999999999999999,0.6986274508711698,1.0000000000000002,0.1957992028297735,0.6454752584827701,FLAT,0.0,-1,0.0041270369194657715,0.05108392229112178,0.01550005723750975,SUPPORT,0.45633693074991427,0.0,0.0793284818397813,0.18849555921538763,1.0000000000000002,0.035261723855924326,0,ok,0.1750694324164904,0.628143807184651,FLAT,0.0,-1,0.0041270369194657715,0.013377004264391243,0.10543698324211481,UNLOADING,0.1268901105659803,0.0168948448977145,0.05680203132115944,2.500000000000002,0.003493137254355849,0.6357634830206482,0,staged_v3,0.3316223547774241,2,0.6774269512303059,0.3316223547774241,2,1,0,0
v3_pelvis_proxy:v3_right_hand_proxy,360,0.7494506835937503,0.89862745087117,0.74945068359375,0.17242150042026924,0.6433330707297908,FLAT,0.0,-1,0.008954832854538455,0.003585236200324791,0.01287349476277081,SUPPORT,0.45543165492849796,0.02205843853781375,0.04710016725910409,0.14126812570835842,0.74945068359375,0.014813592006986509,0,ok,0.15950362007921684,0.6279866061371674,FLAT,0.0,-1,0.007570791171516816,0.03886341838052165,0.10556074120301807,UNLOADING,0.10876295191369739,0.0,0.06189494510381115,2.500000000000002,0.00449313725435585,0.6402566202750041,1,staged_v3,0.3634847157886203,2,0.6034972370843125,0.364688648961985,2,1,1,1
v3_pelvis_proxy:v3_right_hand_proxy,361,0.09246826171874985,1.0000000000000009,0.09246826171874994,0.19037304742990208,0.6461814530693099,FLAT,0.0,-1,0.0037060527358088406,0.0028889084766290764,0.010966072791181536,SUPPORT,0.4546557042244268,0.02265939516293,0.04889611037526872,0.017429856702350588,0.09246826171874994,0.015208639425898549,0,ok,0.18240470419209853,0.6319995583603295,FLAT,0.0,-1,0.0025392078198587698,0.044253150331027974,0.10558152509075139,UNLOADING,0.09322538735459776,0.0,0.07026763851722445,1.2671568641103859,0.0050000000000000044,0.6452566202750041,1,staged_v3,0.30818776838768636,2,0.5956596282948933,0.30818776838768636,2,1,1,1
v3_pelvis_proxy:v3_right_hand_proxy,362,0.9943119483601626,0.8000000000000007,0.8253972565596741,0.09030420401561409,0.651465566153388,FLAT,0.0,-1,0.0025770217369904375,0.009676009672863698,0.009692290715465037,SUPPORT,0.45399060362093724,0.015808604862909557,0.051930123534538686,0.15558371745006253,0.8253972565596741,0.019024723433247542,0,ok,0.11124582301259892,0.6356144847546733,FLAT,0.0,-1,0.002576578915611856,0.019127582981053017,0.10568927422091286,UNLOADING,0.0799074748753695,0.011156880729992626,0.06117159862944266,-2.500000000000002,0.0040000000000000036,0.6492566202750041,0,staged_v3,0.10613935012411638,2,0.591723839896058,0.1073368243284237,2,1,0,0
v3_pelvis_proxy:v3_right_hand_proxy,363,0.6583483564979404,0.6000000000000005,0.5000318927608866,0.03412269570368679,0.6459885127971552,FLAT,0.0,-1,0.012127968648071776,0.009280486770317679,0.009377407370701148,SUPPORT,0.4534205173893748,0.01618838359821738,0.05251148451720111,0.09425379125149204,0.5000318927608866,0.027225712301698582,0,ok,0.06191467706641136,0.6310292748593208,FLAT,0.0,-1,0.010636449117485396,0.01804274221548433,0.10621747831512211,UNLOADING,0.06849212132174529,0.01226813170027178,0.05862086681883149,-2.500000000000002,0.0030000000000000027,0.6522566202750041,0,staged_v3,0.09117031009422515,2,0.5580953262996992,0.09083196099122541,2,1,0,0
v3_pelvis_proxy:v3_right_hand_proxy,364,0.24158686130879506,0.40000000000000036,1.0,0.012771980763306589,0.6510177852008956,FLAT,0.0,-1,0.0037785497457895395,0.010999770406787339,0.009335144731148472,SUPPORT,0.45293187204803553,0.014466986829770087,0.05445268051098823,0.1884955592153876,1.0,0.03565895510804573,0,ok,0.040544614196788654,0.634504654780196,FLAT,0.0,-1,0.0037785497457895395,0.01232698649674105,0.10671214897009171,SUPPORT,0.14479369705739625,0.01800862095176354,0.05574955592783099,-2.500000000000002,0.0020000000000000018,0.6542566202750041,0,staged_v3,0.09192474114122309,2,0.5122442822145634,0.08712708322327828,2,0,0,0
v3_pelvis_proxy:v3_right_hand_proxy,365,0.03406722175286439,0.20000000000000018,0.43914479205533663,0.014909604674680782,0.6486002041476315,FLAT,0.0,-1,0.008337996753783472,0.011034516206421301,0.03769153569739872,SUPPORT,0.4792911092144285,0.015850060578448635,0.054262983232888626,0.08277684315499578,0.43914479205533663,0.03495071186111931,0,ok,0.030856139340816036,0.6369876038166916,FLAT,0.0,-1,0.0033932769472129003,0.012929720611364336,0.10706327771648692,SUPPORT,0.205834957645917,0.01742344327446001,0.05637755289022111,-2.500000000000002,0.0010000000000000009,0.6552566202750041,0,staged_v3,0.10829944081014674,2,0.49609137959775235,0.08769450834542386,2,0,0,0
v3_pelvis_proxy:v3_right_hand_proxy,366,0.006535610061926595,0.0,0.33056930145184804,0.014949218393999505,0.6512945182161403,FLAT,0.0,-1,0.004707566132798987,0.010935996971674643,0.05810638377799648,SUPPORT,0.4956844634206372,0.01696932221722518,0.054017970583184506,0.062310845336606135,0.33056930145184804,0.032943882219246226,0,ok,0.030676491363154614,0.6358821985275654,FLAT,0.0,-1,0.00557330681715029,0.013137736109413208,0.10743489211119975,SUPPORT,0.2546679661167336,0.017234008496146782,0.05663066054279055,-2.500000000000002,0.0,0.6552566202750041,0,staged_v3,0.08757722618876136,2,0.500503195787059,0.0876327011451863,2,0,0,0
v3_pelvis_proxy:v3_right_hand_proxy,367,0.004653432330072707,0.20000000000000018,0.2669350333308944,0.014876513965572788,0.6546132916966588,FLAT,0.0,-1,0.004278028156832304,0.009966368710991397,0.07288403354708807,SUPPORT,0.5075484896381443,0.01867783296636301,0.053042232707495,0.05031606838188507,0.2669350333308944,0.03116666916057019,0,ok,0.030591397326705363,0.6375866319976982,FLAT,0.0,-1,0.004278641795034756,0.01244109213148641,0.10765357125238598,SUPPORT,0.2937343728933869,0.017941586431132892,0.055917598482126435,-2.500000000000002,-0.0010000000000000009,0.6542566202750041,0,staged_v3,0.0875484279945808,2,0.5061945633918614,0.08760738575913796,2,0,0,0
v3_pelvis_proxy:v3_right_hand_proxy,368,0.006041385538304407,0.40000000000000036,0.21622504881164176,0.01484452004353423,0.6575010043505002,FLAT,0.0,-1,0.001773174745585486,0.008012860887469504,0.08311911917085421,SUPPORT,0.5163942280410584,0.021143095071073207,0.051028189752580395,0.04075746149212489,0.21622504881164176,0.029808119122161386,0,ok,0.03042845987889523,0.6400392217984298,FLAT,0.0,-1,0.0028604207820974088,0.010647127899048894,0.10783039780957553,SUPPORT,0.3249874983147095,0.019744391991429886,0.05414689444467492,-2.500000000000002,-0.0020000000000000018,0.6522566202750041,0,staged_v3,0.08743496179144321,2,0.5092575655558617,0.08746225936238344,2,0,0,0
v3_pelvis_proxy:v3_right_hand_proxy,369,0.0019319365208627273,0.6000000000000005,0.17493409881988792,0.01468997459996592,0.6539622464462208,FLAT,0.0,-1,0.007801208427959434,0.004891844186341363,0.09022718062299322,SUPPORT,0.5220673848449954,0.024619514844808302,0.047915621186646995,0.03297430078289465,0.17493409881988792,0.028666594379917573,0,ok,0.030218640211127717,0.6357244527946739,FLAT,0.0,-1,0.007806851573418675,0.007814019572390005,0.10773448343225653,SUPPORT,0.3499899986517676,0.022572704599222823,0.05130682814102925,-2.500000000000002,-0.0030000000000000027,0.6492566202750041,0,staged_v3,0.08725641799736662,2,0.5100921099794765,0.0872396500889961,2,0,0,0
v3_pelvis_proxy:v3_left_hand_proxy,370,0.9999999999999999,0.40000000000000036,0.999995251653769,0.10355256545713994,0.6444030524647393,FLAT,0.0,-1,0.016076564817008768,0.02698200458945793,0.09510120510878081,SUPPORT,0.5246332941099863,0.0027730556659811105,0.03341976100413175,0.18849466417320945,0.999995251653769,0.034702391597155435,0,ok,0.13896998008760142,0.6285332453597832,FLAT,0.0,-1,0.012723246496148472,0.05438840584159456,0.10760524613506667,SUPPORT,0.3699919989214141,0.0,0.054115623277203,2.500000000000002,-0.0020000000000000018,0.6472566202750041,0,staged_v3,0.11006364135878538,2,0.5012952864602436,0.10988734543296103,2,1,1,1
v3_pelvis_proxy:v3_right_hand_proxy,371,1.0000000000000002,0.20000000000000018,1.0,0.18225329493382028,0.6370588122907296,FLAT,0.0,-1,0.013306380696514412,0.025109756021074785,0.09864749484130766,UNLOADING,0.4496856806657025,0.026798051838480313,0.003134322903585074,0.1884955592153876,1.0,0.02120559327358358,0,ok,0.21847100701554642,0.6229669742323847,FLAT,0.0,-1,0.01166195481929917,0.12107487153633902,0.10756135712157674,UNLOADING,0.31713599907549783,0.0,0.060678503930569304,2.500000000000002,-0.0010000000000000009,0.6462566202750041,0,staged_v3,0.24710965805649907,2,0.5243155878443236,0.24820458949931243,2,1,1,1
v3_pelvis_proxy:v3_right_hand_proxy,372,0.6700664571322632,0.0,1.0,0.24574148077674857,0.642116042351307,FLAT,0.0,-1,0.004775519719933883,0.08910631156712728,0.07526714276563255,UNLOADING,0.3854450131132849,0.0,0.033026191422491705,0.1884955592153876,1.0,0.039140870433766115,0,ok,0.11240808980248455,0.6268796028794448,FLAT,0.0,-1,0.0047751136035016255,0.01705438446382222,0.08361107952502389,UNLOADING,0.2718308567698847,0.012126169512428977,0.051876514852606345,2.500000000000002,0.0,0.6462566202750041,0,staged_v3,0.3987378711889873,2,0.5637260838763776,0.39999440954717314,2,1,0,0
v3_pelvis_proxy:v3_right_hand_proxy,373,0.5221557617187501,0.20000000000000018,0.52215576171875,0.19278474127592338,0.6426400496446465,FLAT,0.0,-1,0.006811697534428977,0.03603868685863493,0.05879571526122835,UNLOADING,0.33038143981417917,0.025252880089533015,0.002686905673528404,0.09842404230271246,0.52215576171875,0.022048441313415934,0,ok,0.16272394945029325,0.6290051242904591,FLAT,0.0,-1,0.005174481308495798,0.07052570036120999,0.06652205127505627,UNLOADING,0.23353322423073936,0.0,0.05415220484882281,2.500000000000002,0.0010000000000000009,0.6472566202750041,1,staged_v3,0.4880565202728645,2,0.5903275210493447,0.48945362703427303,2,1,1,1
v3_pelvis_proxy:v3_right_hand_proxy,374,0.9990627514130719,0.0,0.8232884989743181,0.07935481574860251,0.637081354699288,FLAT,0.0,-1,0.01293677107864694,0.004220446317533437,0.04683389575371664,SUPPORT,0.3543051518513433,0.023121248470152397,0.028346103162793828,0.15518622600976115,0.8232884989743181,0.02407153636788433,0,ok,0.052174119647518884,0.6257142861952197,FLAT,0.0,-1,0.007824658084075517,0.023131093108506934,0.05444643077459495,SUPPORT,0.2768265793845915,0.004591228430222815,0.045125036261053755,-2.500000000000002,0.0,0.6472566202750041,0,staged_v3,0.27756607754707086,2,0.5463537794793922,0.2786167401317334,2,1,0,0
v3_pelvis_proxy:v3_right_hand_proxy,375,0.9382012529586878,0.20000000000000018,0.3102131478564122,0.014609123280641559,0.630636837582931,FLAT,0.0,-1,0.014842811664644425,0.003289444983535208,0.06681519120356924,SUPPORT,0.37344412148107464,0.025051314576643256,0.046547055057141615,0.05847380078116013,0.3102131478564122,0.029407602048761444,0,ok,0.029865703493310577,0.6222742097621294,FLAT,0.0,-1,0.006981199085563654,0.0065640722793487045,0.07391561205104433,SUPPORT,0.31146126350767317,0.022131708323203513,0.05018539955544894,-2.500000000000002,-0.0010000000000000009,0.6462566202750041,0,staged_v3,0.12621396821131006,2,0.5154331162921438,0.12630531753941276,2,0,0,0
v3_pelvis_proxy:v3_right_hand_proxy,376,0.3343287643413223,0.1541259765625025,0.38531494140624994,0.01116184949929888,0.6352949337559343,FLAT,0.0,-1,0.006987341813571923,0.010889132293283026,0.08130129026949767,SUPPORT,0.405932524238506,0.01817593222019186,0.04072801641348661,0.07263015535441539,0.38531494140624994,0.009990459337423437,0,ok,0.033641762719176606,0.6206942164690089,FLAT,0.0,-1,0.009463574033278837,0.01412717051644449,0.08798204732029932,SUPPORT,0.33916901080613854,0.015271931849570479,0.05200852516083908,0.5734252929687211,-0.0007706298828125124,0.6454859903921916,1,staged_v3,0.10781364300394136,2,0.5118689293074081,0.1093510904421079,2,0,1,1
v3_pelvis_proxy:v3_right_hand_proxy,377,0.4316406250000001,0.04587402343749769,0.431640625,0.07592604062480277,0.6313968689959112,FLAT,0.0,-1,0.013847333463095005,0.017977651297204633,0.0917690595118436,SUPPORT,0.433861345235452,0.011610801678387548,0.051238669139003636,0.08136234098945441,0.431640625,0.020685515633592874,0,ok,0.0794568185896449,0.6141731240046132,FLAT,0.0,-1,0.014193554305703227,0.00478472640544134,0.09814460486493357,SUPPORT,0.3613352086449108,0.02512250383780534,0.04703550360540869,2.500000000000002,0.00022937011718748845,0.645715360509379,1,staged_v3,0.1350485954827297,2,0.5133226811484654,0.13553461936347413,2,1,1,1
v3_pelvis_proxy:v3_right_hand_proxy,378,0.30598267191246853,0.1541259765625025,0.4408373590168964,0.019199029629818197,0.6313836314413087,FLAT,0.0,-1,0.006669023266303199,0.006316768252241683,0.09896406852130651,SUPPORT,0.4370890761883616,0.023631435173823646,0.04825412613953077,0.08309588451092448,0.4408373590168964,0.028288257864668986,0,ok,0.03505811230253379,0.6101033422470625,FLAT,0.0,-1,0.014555868870530893,0.008770552308457937,0.10542859832814755,SUPPORT,0.37906816691592865,0.021500877607949442,0.05256795442858041,-2.500000000000002,-0.0007706298828125124,0.6449447306265665,0,staged_v3,0.14568508708283584,2,0.5090872751617792,0.13270324115330392,2,0,0,0
v3_pelvis_proxy:v3_right_hand_proxy,379,0.28997802734375006,0.04587402343749769,0.28051116218793637,0.07078990144506261,0.608073003051432,FLAT,0.0,-1,0.032336015744428695,0.012379767023527832,0.10396424885527014,SUPPORT,0.44370380838772583,0.017818445419235676,0.05715931557523757,0.05287510838277336,0.28051116218793637,0.030697347970533487,0,ok,0.08784253960742477,0.5748051523313986,FLAT,0.0,-1,0.046142657609510244,0.004166321039711398,0.10976535029809574,SUPPORT,0.3932545335327429,0.02632194647519339,0.054825243800770265,2.500000000000002,0.00022937011718748845,0.645174100743754,1,staged_v3,0.2012593487265587,2,0.5178663176648453,0.2012593487265587,2,1,1,1
v3_pelvis_proxy:v3_right_hand_proxy,380,0.37249627400453406,0.1541259765625025,0.49259217623029683,0.011173112186802708,0.5872847608008829,FLAT,0.0,-1,0.03250811676633671,0.026153379913995533,0.10655872149330525,SUPPORT,0.44496304671018067,0.00417455616066973,0.06142621847829703,0.09285143772365456,0.49259217623029683,0.03052224725063278,0,ok,0.03163338029173326,0.551396450228254,FLAT,0.0,-1,0.04035794096465999,0.011821147370330076,0.10843444748366235,UNLOADING,0.3370753144566368,0.018600575003853044,0.05320665746504989,-2.500000000000002,-0.0007706298828125124,0.6444034708609415,0,staged_v3,0.09773329717456418,2,0.5130110954670524,0.0962535784843421,2,1,0,0
v3_pelvis_proxy:v3_right_hand_proxy,381,0.37301308106199227,0.35412597656250266,0.47509424990988186,0.013473232139375653,0.5995525362023938,FLAT,0.0,-1,0.005004620821286333,0.002375829277506799,0.08022181121620546,SUPPORT,0.4608893278480139,0.026635261283303478,0.045356544866006626,0.08955315631677829,0.47509424990988186,0.02481732505774977,0,ok,0.024884830702701807,0.5651456504642528,FLAT,0.0,-1,0.00973329607700054,0.015654035970252257,0.1074129823116687,UNLOADING,0.33726958237005916,0.014716613145331181,0.05744405467597274,-2.500000000000002,-0.0017706298828125133,0.642632840978129,1,staged_v3,0.09512696267590653,2,0.5140942208465361,0.09512696267590653,2,1,0,0
v3_pelvis_proxy:v3_right_hand_proxy,382,4.175337413151012e-05,0.00013528466225043445,4.692020125399025e-05,0.013473181419519305,0.612203670720336,FLAT,0.0,-1,0.004533567275048897,0.0023756816710024014,0.06160249626648632,SUPPORT,0.47556234836286354,0.025704443142321915,0.045356487698207756,8.844249573869423e-06,4.692020125399025e-05,0.02481886200976101,0,ok,0.024885152351055227,0.5806921817202575,FLAT,0.0,-1,0.004533567275048897,0.0156530791204946,0.10667290352126813,UNLOADING,0.35080184412356635,0.014680566055568806,0.05744307401384543,4.424883648753153,-6.764233112521723e-07,0.6426321645548178,1,staged_v3,0.09861951823164575,2,0.5090755229451501,0.09199070572418762,2,0,0,0
v3_pelvis_proxy:v3_right_hand_proxy,383,0.2297785279670467,0.2001352846622506,0.9968765354029732,0.01076264362559804,0.6228099260010358,FLAT,0.0,-1,0.004422436321043588,0.02153163341261665,0.048204723599961495,SUPPORT,0.49070395698313224,0.005878602767381426,0.062153753608921766,0.18790680000948157,0.9968765354029732,0.03230323239967277,0,ok,0.028302570388912825,0.5949477247110344,FLAT,0.0,-1,0.0035963646685042336,0.010986360050060779,0.10614678865191254,SUPPORT,0.3706414752988531,0.01932097938253485,0.05422169983841423,-2.500000000000002,-0.001000676423311253,0.6416314881315065,0,staged_v3,0.11092568607247826,2,0.508711166024555,0.0893622745819663,2,0,0,0
v3_pelvis_proxy:v3_right_hand_proxy,384,1.0,0.00013528466225043445,0.867807636499869,0.07646388946909419,0.6072427433087788,FLAT,0.0,-1,0.02623367732869676,0.013599585320849691,0.06525019369796005,SUPPORT,0.5009471717843762,0.014662924364048313,0.02704495670859114,0.16357788573342663,0.867807636499869,0.027377076375846285,0,ok,0.06583553215092139,0.6056906416970824,FLAT,0.0,-1,0.0031689204976200315,0.03184326876521955,0.10584709795047838,SUPPORT,0.3865131802390825,0.0,0.03992186114940536,2.500000000000002,-6.764233112521723e-07,0.6416308117081952,0,staged_v3,0.1370779600957436,2,0.5134091829601726,0.13896357398663042,2,1,1,1
v3_pelvis_proxy:v3_left_hand_proxy,385,0.350341796875,0.19986471533774974,0.35034110425401616,0.08165840318301448,0.6085426558570595,FLAT,0.0,-1,0.014371285465707354,0.002805322380835887,0.07730950873912226,SUPPORT,0.49366900438660816,0.02606015305612023,0.01809295697642042,0.06603774236249718,0.35034110425401616,0.03718858096705134,0,ok,0.09147260082744967,0.6150970161158382,FLAT,0.0,-1,0.0026769025150371237,0.038247205591773706,0.10566062752101343,SUPPORT,0.399210544191266,0.0,0.04027244696875829,2.500000000000002,0.0009993235766887487,0.642630135284884,1,staged_v3,0.20573047759786353,2,0.5748824524982271,0.18254226573503884,2,0,1,1
v3_pelvis_proxy:v3_right_hand_proxy,386,0.3200862917733478,0.18582058976279736,0.5157470703125001,0.03976961692048942,0.6110253421373303,FLAT,0.0,-1,0.012175270070496338,0.0021529854949780313,0.08596941234141602,UNLOADING,0.423144860902807,0.027145485122092774,0.013467510971503602,0.09721603243225253,0.5157470703125001,0.01644806914367576,0,ok,0.03201692530920038,0.6179427674178832,FLAT,0.0,-1,0.007202854765769004,0.02785322856950141,0.10551861816791425,UNLOADING,0.3421804664496566,0.0024227023388943038,0.04057318881836961,-0.17555156968690477,0.0009291029488139868,0.643559238233698,1,staged_v3,0.26702991713064417,2,0.6373178702212013,0.17653609106924173,2,0,1,1
v3_pelvis_proxy:v3_right_hand_proxy,387,0.6942771717607681,0.014179410237202816,0.7438174380455624,0.011075007071426937,0.6115378858566802,FLAT,0.0,-1,0.011292206680400655,0.011440586471192785,0.06376236294640505,UNLOADING,0.40614216208315845,0.01674753167612747,0.05244185006006291,0.14020628393855522,0.7438174380455624,0.020479667984812495,0,ok,0.027670818935372606,0.6163486695375134,FLAT,0.0,-1,0.009604373541100969,0.011637576404200784,0.07748280051809334,UNLOADING,0.349211129931123,0.017236563621703883,0.05232454769281152,-2.500000000000002,-7.089705118601408e-05,0.643488341182512,0,staged_v3,0.16399940389044626,2,0.5381526661326909,0.16583143394512542,2,1,0,0
v3_pelvis_proxy:v3_right_hand_proxy,388,0.15262909903290786,0.214179410237203,0.3114664883202826,0.011244867158524267,0.6180699419262723,FLAT,0.0,-1,0.007482016024581389,0.008311960060044702,0.04828422307266385,UNLOADING,0.43692646332261237,0.019102251093588492,0.0497216464091403,0.058710049892784666,0.3114664883202826,0.030714921617437205,0,ok,0.02670022275860821,0.6229368823163177,FLAT,0.0,-1,0.002784111091056813,0.011658388807483537,0.05744967828734772,UNLOADING,0.3658193724211692,0.01621409510688385,0.05313297288039185,-2.500000000000002,-0.001070897051186015,0.642417444131326,0,staged_v3,0.1324896183906797,2,0.514717028919201,0.12983383127078404,2,0,0,0
v3_pelvis_proxy:v3_left_hand_proxy,389,1.0000000000000002,0.014179410237202816,0.9999865096081271,0.12498256647579842,0.6161964611697099,FLAT,0.0,-1,0.009596716831931825,0.04052758633794343,0.037129284113231,SUPPORT,0.4623520732012748,0.0,0.02909372627549462,0.18849301633642748,0.9999865096081271,0.037001927779529126,0,ok,0.13517003832846117,0.6254746147266826,FLAT,0.0,-1,0.0029060212722105076,0.03630259144237718,0.04326480614543743,SUPPORT,0.3826554979369354,0.004311661068451857,0.022851579238820016,2.500000000000002,-7.089705118601408e-05,0.6423465470801399,0,staged_v3,0.13266054343349926,2,0.5095355874370993,0.1261502024895308,2,1,1,1
v3_pelvis_proxy:v3_right_hand_proxy,390,0.9999999999999999,0.18582058976279736,1.0,0.21326359927622582,0.6185265421451696,FLAT,0.0,-1,0.007730651021285362,0.06213751565432446,0.05754841276761045,UNLOADING,0.3963017770296641,0.0,0.13200710194020415,0.1884955592153876,1.0,0.033478479529550964,0,ok,0.19723574404617664,0.6263297024887801,FLAT,0.0,-1,0.00520726799612994,0.05043586549097579,0.06161837879522536,UNLOADING,0.3279904268030875,0.014676776957950454,0.013404141981810815,2.500000000000002,0.0009291029488139868,0.6432756500289539,0,staged_v3,0.31012357858766687,2,0.5746423340481539,0.31179594272884503,2,1,1,1
v3_pelvis_proxy:v3_right_hand_proxy,391,0.9984016041770057,0.014179410237202816,1.0,0.030476098777033736,0.6231267102502485,FLAT,0.0,-1,0.007048758982810737,0.024101371078188803,0.04381588933486838,UNLOADING,0.33968723852329374,0.0030894233885546164,0.06000856547132862,0.1884955592153876,1.0,0.0323948091363855,0,ok,0.05144425141141723,0.6235495630022069,FLAT,0.0,-1,0.00763539435991583,0.005191566977186532,0.04627265333893082,UNLOADING,0.2811346663788194,0.022122065689760013,0.04102177705797329,-2.500000000000002,-7.089705118601408e-05,0.6432047529777679,0,staged_v3,0.37898510889615444,2,0.5279075888868723,0.38065571328648373,2,1,0,0
v3_pelvis_proxy:v3_right_hand_proxy,392,0.45061281420063054,0.214179410237203,0.5000749632591008,0.01145745327332184,0.6261028009932794,FLAT,0.0,-1,0.00898911256582108,0.007712709802882037,0.03392758308400733,UNLOADING,0.355182726489473,0.01898366935131833,0.04924992483766989,0.09426190984913863,0.5000749632591008,0.0314341204967043,0,ok,0.026981684315019887,0.622089735081949,FLAT,0.0,-1,0.008989112565826312,0.011029484157473186,0.035213996939976545,UNLOADING,0.270719349665483,0.01573121568952564,0.05259325669393098,-2.500000000000002,-0.001070897051186015,0.6421338559265819,0,staged_v3,0.2553352165190069,2,0.5094942714586006,0.25157828057202564,2,0,0,0
v3_pelvis_proxy:v3_left_hand_proxy,393,0.9999999999999999,0.014179410237202816,1.0,0.15923539992573382,0.6278518360776991,FLAT,0.0,-1,0.008396750451592877,0.04615286591665157,0.026876923491505725,SUPPORT,0.40009075781180437,0.0017253025440367026,0.024618543630538586,0.1884955592153876,1.0,0.03875197513044078,0,ok,0.14413534836742925,0.6273907990724132,FLAT,0.0,-1,0.0024812102353345814,0.033591634122978734,0.027318512393908548,SUPPORT,0.3077913229423626,0.005237555715301965,0.021128369904393464,2.500000000000002,-7.089705118601408e-05,0.6420629588753959,0,staged_v3,0.1591242632116699,2,0.49597804903741216,0.15269085293882928,2,1,1,1
v3_pelvis_proxy:v3_right_hand_proxy,394,0.57196044921875,0.18582058976279736,0.57196044921875,0.07869124707059974,0.6258111915236226,FLAT,0.0,-1,0.012428253319333218,0.0033318809700676163,0.05027551422031908,UNLOADING,0.3429349352672609,0.02418189474094834,0.02189366136140062,0.10781200472457259,0.57196044921875,0.0363828638832424,0,ok,0.18836632223186114,0.6196242542807555,FLAT,0.0,-1,0.013231844096070323,0.0886539345491176,0.050094200246221354,UNLOADING,0.26382113395059653,0.0,0.0328350129208569,2.500000000000002,0.0009291029488139868,0.6429920618242099,1,staged_v3,0.33056568035984196,2,0.5807434768456295,0.3311521857070396,2,1,1,1
v3_pelvis_proxy:v3_right_hand_proxy,395,0.7529474994910679,0.014179410237202816,1.0,0.05596074004364615,0.617456854034486,FLAT,0.0,-1,0.017865299198041498,0.010071265974834175,0.03835296156368572,UNLOADING,0.30106963332365677,0.016846382103350113,0.0336088736802822,0.1884955592153876,1.0,0.03643746139545777,0,ok,0.05664269605613745,0.6203043150202449,FLAT,0.0,-1,0.0058646544258263,0.00711569827927738,0.03795791377603188,UNLOADING,0.22613245899038154,0.019782197409524218,0.04138742141948566,-2.500000000000002,-7.089705118601408e-05,0.6429211647730239,0,staged_v3,0.26520991133698063,2,0.5938508941866771,0.201234032753664,2,0,0,0
v3_pelvis_proxy:v3_right_hand_proxy,396,0.680092590466543,0.214179410237203,0.7942808558039562,0.010166548178766726,0.6252111112418649,FLAT,0.0,-1,0.004516462212430001,0.008867410903187056,0.029677872128956423,UNLOADING,0.28282416349379574,0.01761648270326077,0.049029873532909427,0.14971841408884337,0.7942808558039562,0.042760407635232506,0,ok,0.03112235911821484,0.6237550159628416,FLAT,0.0,-1,0.003989756888604718,0.007982569199980274,0.029303316682292573,UNLOADING,0.21779650965791436,0.018482596634134357,0.04844552018983321,-2.500000000000002,-0.001070897051186015,0.6418502677218378,0,staged_v3,0.2569985815445262,2,0.5432893756459588,0.2569985815445262,2,1,0,0
v3_pelvis_proxy:v3_right_hand_proxy,397,0.762970256121287,0.214179410237203,0.9999966614177332,0.02403834498644454,0.619207673915292,FLAT,0.0,-1,0.013900495865162371,0.029836850053952743,0.023562508189968287,SUPPORT,0.342285385927163,0.0,0.04517622318014647,0.18849492990745625,0.9999966614177332,0.03859242056103117,0,ok,0.022835362680949278,0.6137978707687667,FLAT,0.0,-1,0.013900495865162371,0.0047514465141939655,0.023086193123143885,SUPPORT,0.2642372077263315,0.02140286314196323,0.032738589092266915,0.0,-0.001070897051186015,0.6407793706706518,0,staged_v3,0.2145900064440204,2,0.5272408127815982,0.21396356492675375,2,1,0,0
v3_pelvis_proxy:v3_right_hand_proxy,398,1.0000000000000002,0.014179410237202816,0.9999455335556364,0.20284648022110324,0.6179292840860036,FLAT,0.0,-1,0.012248183003823321,0.10792337828107326,0.04743294115462568,SUPPORT,0.36725756460081416,0.0,0.08348673384921995,0.18848529253249882,0.9999455335556364,0.01137879537189379,0,ok,0.21066948351180873,0.6088403627969102,FLAT,0.0,-1,0.013788781508874167,0.07084863177391455,0.04685886757750737,SUPPORT,0.3056014665720984,0.0,0.048881159682344924,2.500000000000002,-7.089705118601408e-05,0.6407084736194658,0,staged_v3,0.2015875648474164,2,0.5355842219378231,0.20242664569897773,2,1,1,1
v3_pelvis_proxy:v3_right_hand_proxy,399,0.9163208007812503,0.18582058976279736,0.9158227260608705,0.20879245286376472,0.6119106558645676,FLAT,0.0,-1,0.014019910686673456,0.13418603202933865,0.06481042219946512,UNLOADING,0.3147921982292693,0.0,0.11146147174456124,0.1726285168910045,0.9158227260608705,0.016881463615756827,0,ok,0.19151676125255054,0.6053894828814737,FLAT,0.0,-1,0.013619784605605994,0.004759159547711077,0.0637161805911049,UNLOADING,0.2619441142046558,0.02342664948184417,0.01757299926108938,2.500000000000002,0.0009291029488139868,0.6416375765682798,1,staged_v3,0.3574300972090617,2,0.5367254634449565,0.35920467396992883,2,1,1,1
v3_pelvis_proxy:v3_right_hand_proxy,400,0.9999999999999999,0.014179410237202816,0.8325236747057255,0.08734375816345749,0.6067757794403384,FLAT,0.0,-1,0.011629789439433397,0.03703615391998449,0.048555900825224985,UNLOADING,0.2698218864005081,0.0,0.06100748395500184,0.15692701562370517,0.8325236747057255,0.022706329950655815,0,ok,0.11080311568634553,0.6080290867642273,FLAT,0.0,-1,0.008884205252675616,0.007767612737067924,0.04739648571912849,UNLOADING,0.2245235616172528,0.019602211548888502,0.036210856285310414,-2.500000000000002,-7.089705118601408e-05,0.6415666795170938,0,staged_v3,0.3112862900424924,2,0.5496314790340284,0.31297212758027737,2,0,0,0
v3_pelvis_proxy:v3_right_hand_proxy,401,0.28399658203125017,0.18582058976279736,0.2839962651227939,0.08651230862038727,0.6202070562116633,FLAT,0.0,-1,0.00043163071789343037,0.05224324743584102,0.03690902732219103,UNLOADING,0.235310727890829,0.0,0.05205077377289412,0.053532034809402516,0.2839962651227939,0.025863623721539282,0,ok,0.08251745059815802,0.6140518875600808,FLAT,0.0,-1,0.004885724422107247,0.00021514539189725155,0.03628397273995016,UNLOADING,0.19307144774506543,0.026599053245100257,0.018546305082380574,2.500000000000002,0.0009291029488139868,0.6424957824659078,1,staged_v3,0.2777944015499151,2,0.511883772171838,0.27811934295881796,2,1,1,1
v3_pelvis_proxy:v3_right_hand_proxy,402,0.5899957948908823,0.28582058976278635,0.6353346063012579,0.029442776691276273,0.6228507370778068,FLAT,0.0,-1,0.00932658866156537,0.04398123078378723,0.028563677786974967,SUPPORT,0.2782485823126632,0.0,0.06410735386308626,0.11975775190364374,0.6353346063012579,0.03452783567086627,0,ok,0.0381271557082137,0.6135823479709475,FLAT,0.0,-1,0.009411768539631434,0.005364876951934886,0.028360244796653982,SUPPORT,0.24445715819605235,0.021053135287897814,0.04117523714111214,1.2499999999998623,0.0014291029488139317,0.6439248854147217,0,staged_v3,0.1292000297335418,2,0.5280685284552629,0.1236387041117493,2,1,0,0
v3_pelvis_proxy:v3_right_hand_proxy,403,0.8625407121856917,0.08582058976278617,0.6862264950965232,0.01598294988310671,0.6203839767344844,FLAT,0.0,-1,0.010090692182089737,0.0023348170183741393,0.05128308596318125,SUPPORT,0.3125988658501306,0.025229337279784925,0.0455784238435408,0.1293506469416346,0.6862264950965232,0.023041006198625598,0,ok,0.027173287303893442,0.6154145234239662,FLAT,0.0,-1,0.007713406893037818,0.006990172713620697,0.05099077902599218,SUPPORT,0.28556572655684187,0.020559366237678914,0.05125609058176301,-2.500000000000002,0.00042910294881393085,0.6443539883635356,1,staged_v3,0.13155521629386677,2,0.522793011033563,0.13155521629386677,2,1,0,0
v3_pelvis_proxy:v3_right_hand_proxy,404,0.7671779171488824,0.11417941023721401,0.9999840957612753,0.008201537120986396,0.6181190799154335,FLAT,0.0,-1,0.01493783367811957,0.01081715357545834,0.06820134155833128,SUPPORT,0.3540824123228021,0.017592913502458226,0.051492527942662486,0.1884925613370153,0.9999840957612753,0.03831452825010659,0,ok,0.0512491297969676,0.6122480502418237,FLAT,0.0,-1,0.012197927104338473,0.022238347139818614,0.06720626537632488,SUPPORT,0.3184525812454735,0.0061219661289976315,0.04688753195963972,-2.500000000000002,-0.00057089705118607,0.6437830913123496,0,staged_v3,0.17728093483784046,2,0.5078609460632199,0.14685478994287357,2,0,0,0
v3_pelvis_proxy:v3_right_hand_proxy,405,0.5348812914410452,0.3141794102372142,0.8044405754164915,0.012115590388429354,0.6217980148281519,FLAT,0.0,-1,0.006030716657617154,0.0023454406032573554,0.08019405987129921,SUPPORT,0.3946159686715766,0.026664262390307607,0.04537090218307227,0.15163347611867975,0.8044405754164915,0.04164289354924933,0,ok,0.0314575395931065,0.6172075692250797,FLAT,0.0,-1,0.0039916379407960445,0.002926512988940912,0.07882516906252016,SUPPORT,0.3447620649963788,0.0260147454641851,0.04589387229215867,-2.500000000000002,-0.001570897051186071,0.6422121942611635,1,staged_v3,0.22785425639147486,2,0.5108131176803087,0.22958491912053247,2,1,0,0
v3_pelvis_proxy:v3_right_hand_proxy,406,1.0000000000000002,0.11417941023721401,0.306055871648846,0.08182221597858952,0.6276251725646632,FLAT,0.0,-1,0.003995989096239254,0.042351240166451795,0.08894963296189276,SUPPORT,0.42353109932251615,0.0,0.05389952474799633,0.057690172677602125,0.306055871648846,0.03317246175746626,0,ok,0.0797458839734364,0.619715598556595,FLAT,0.0,-1,0.00488900929408686,0.013872238731600785,0.08717555375753662,SUPPORT,0.365809651997103,0.015486538956276049,0.030890198817141664,2.500000000000002,-0.00057089705118607,0.6416412972099774,0,staged_v3,0.22487385358098202,2,0.5088125990706588,0.20677566177828247,2,0,1,1
v3_pelvis_proxy:v3_right_hand_proxy,407,1.0000000000000002,0.3141794102372142,0.9567364074273496,0.02611545010460987,0.6272838429957436,FLAT,0.0,-1,0.010483759615993045,0.012688826789397045,0.09514124383235062,UNLOADING,0.3630266565621567,0.017068235402220487,0.04940223322288781,0.18034056413973917,0.9567364074273496,0.03079436726047144,0,ok,0.028452212647823584,0.6167668748136514,FLAT,0.0,-1,0.010483759615993045,0.015129195394153638,0.09318142360049665,SUPPORT,0.3826477215976824,0.014529875785871196,0.05196526146446683,-2.500000000000002,-0.001570897051186071,0.6400704001587914,0,staged_v3,0.1384650003723533,2,0.5130727474750504,0.09543360622567006,2,0,0,0
v3_pelvis_proxy:v3_right_hand_proxy,408,0.9484252929687502,0.11417941023721401,0.9052864971729077,0.10943323758735078,0.6272228831800846,FLAT,0.0,-1,0.011225902398356446,0.05237164582396034,0.09963122754355916,UNLOADING,0.3764006187942209,0.0,0.054262606383362014,0.17064248453474665,0.9052864971729077,0.009990153970038856,0,ok,0.10936264396135674,0.6092567558269866,FLAT,0.0,-1,0.01638915899835781,0.04449438645923004,0.06874802760576691,SUPPORT,0.3961181772781459,0.0,0.05031148362500905,2.500000000000002,-0.00057089705118607,0.6394995031076053,1,staged_v3,0.12256783331849201,2,0.512748331143992,0.12343613413642039,2,1,1,1
v3_pelvis_proxy:v3_left_hand_proxy,409,0.8112792968750002,0.08582058976278617,0.811279296875,0.18137637166247667,0.6303583835892346,FLAT,0.0,-1,0.008122510147116103,0.006594409163066405,0.10284013425942108,UNLOADING,0.3226291018236179,0.023547597549904653,0.012083078607822182,0.15292254474431957,0.811279296875,0.03401959567659836,0,ok,0.1419645944946215,0.6119742572303962,FLAT,0.0,-1,0.008122510147116103,0.043636992872598965,0.05122252718764998,SUPPORT,0.4068945418225167,0.00015308063549545475,0.027408045723887046,2.500000000000002,0.00042910294881393085,0.6399286060564192,1,staged_v3,0.25007412926839023,2,0.5789420435509365,0.22628715099524374,2,0,1,1
v3_pelvis_proxy:v3_left_hand_proxy,410,0.03137207031249997,0.28582058976278635,0.0313720703125,0.19649122224577512,0.6233380395544176,FLAT,0.0,-1,0.01583189092345666,0.006366537654065314,0.10506921749350347,UNLOADING,0.27653923013452963,0.02388692322060986,0.01283366469750295,0.0059134959372991475,0.0313720703125,0.03485404738839805,0,ok,0.15539019423579176,0.6072966652108955,FLAT,0.0,-1,0.012476818344507876,0.045535357831784626,0.03891235339687545,SUPPORT,0.4155156334580134,0.0,0.0292506959593736,2.500000000000002,0.0014291029488139317,0.6413577090052331,1,staged_v3,0.33387379478013823,2,0.5440912589303398,0.33493492182433016,2,1,1,1
v3_pelvis_proxy:v3_right_hand_proxy,411,0.22702951927244958,0.08582058976278617,0.793822355803162,0.08487693857238031,0.6137712857609806,FLAT,0.0,-1,0.020476114367330128,0.009300914357990232,0.10581890895186494,UNLOADING,0.23703362582959683,0.02585546168211239,0.004435483765480857,0.1496319888747934,0.793822355803162,0.009992525944245441,0,ok,0.03230605408160893,0.6040803848179546,FLAT,0.0,-1,0.013441810625410246,0.028701882085808605,0.029642380434283015,SUPPORT,0.42241250676641073,0.0,0.038172762516035845,-2.500000000000002,0.00042910294881393085,0.6417868119540471,1,staged_v3,0.24560501915021674,2,0.5795022319798052,0.11571051620051061,2,0,1,1
v3_pelvis_proxy:v3_right_hand_proxy,412,1.0,0.28582058976278635,0.9999934853717014,0.30067599774307474,0.6187158901720893,FLAT,0.0,-1,0.008378149515123015,0.025123450696862733,0.10634129226331174,UNLOADING,0.20317167928251156,0.0067757055445433235,0.023541359068622265,0.1884943312368834,0.9999934853717014,0.044900782341702764,0,ok,0.3038588852508208,0.6070834711468478,FLAT,0.0,-1,0.008378149515123015,0.06487067406875446,0.02298517814542395,SUPPORT,0.4279300054131286,0.0,0.08386195402993825,2.500000000000002,0.0014291029488139317,0.643215914902861,0,staged_v3,0.272179200152546,2,0.5547026944263302,0.27308001631445766,2,1,1,1
v3_pelvis_proxy:v3_right_hand_proxy,413,1.0,0.4858205897627865,1.0,0.10709713949183913,0.6246859937212552,FLAT,0.0,-1,0.005070095048160597,0.01985516957984991,0.10662364039725819,UNLOADING,0.1741471536707242,0.02407230034390643,0.0062588816759564835,0.1884955592153876,1.0,0.018332062713490242,0,ok,0.09513317822741806,0.6102364520088486,FLAT,0.0,-1,0.0064274660484989294,0.06660753939304517,0.019287636409313417,SUPPORT,0.43234400433050285,0.008171075562136358,0.017793306258329315,2.500000000000002,0.0024291029488139326,0.6456450178516749,0,staged_v3,0.4007138978832566,2,0.5802302153819803,0.40200261145978833,2,1,1,1
v3_pelvis_proxy:v3_right_hand_proxy,414,1.0,0.28582058976278635,1.0,0.09302187222800407,0.6194597271683474,FLAT,0.0,-1,0.014338314761492285,0.021611491020030207,0.1071708019459246,UNLOADING,0.14926898886062073,0.008747049077266023,0.05448850595219328,0.1884955592153876,1.0,0.031224526839518388,0,ok,0.13386576502614603,0.6108108823512409,FLAT,0.0,-1,0.009904228784164436,0.006816082387690842,0.016638231983236853,SUPPORT,0.4358752034644023,0.019015829211471002,0.03508429179381618,-2.500000000000002,0.0014291029488139317,0.6470741208004889,0,staged_v3,0.40730567129629763,2,0.5254585258533333,0.3945579422537382,2,0,0,0
v3_pelvis_proxy:v3_right_hand_proxy,415,0.1454787313569405,0.08582058976278617,0.8744450577043613,0.07580307491022895,0.6240943803906583,FLAT,0.0,-1,0.008337721627614455,0.012283051153936284,0.10767751453846322,UNLOADING,0.12794484759481778,0.018100824572986878,0.0535160141786704,0.16482901015511547,0.8744450577043613,0.03027106984621386,0,ok,0.08956642608020834,0.6127882608041316,FLAT,0.0,-1,0.008337721627614455,0.013073645005081128,0.014739850757580216,SUPPORT,0.43870016277152185,0.012663347532797884,0.05498278008455057,-2.500000000000002,0.00042910294881393085,0.6475032237493028,0,staged_v3,0.2867152012993099,2,0.5248917182080913,0.27204126644820753,2,0,0,0
v3_pelvis_proxy:v3_right_hand_proxy,416,0.1718993555313949,0.11417941023721401,0.3984232219041823,0.054921229076198376,0.6249031332788308,FLAT,0.0,-1,0.010118429145154368,0.005473424078701592,0.10847853304209665,SUPPORT,0.19235587807585425,0.02495050257340324,0.04815278596225939,0.0751010080172253,0.3984232219041823,0.03157425733707302,0,ok,0.06412533186983647,0.6107656836308129,FLAT,0.0,-1,0.011504758825801447,0.0069517092424988165,0.013390518896060211,SUPPORT,0.44096013021721747,0.018717816702304196,0.050637761097735504,-2.500000000000002,-0.00057089705118607,0.6469323266981167,0,staged_v3,0.13730324297832386,2,0.5191045465696457,0.13843366938862905,2,0,0,0
v3_pelvis_proxy:v3_right_hand_proxy,417,1.0,0.08582058976278617,0.8084901693113007,0.07411256053587284,0.6226963209860262,FLAT,0.0,-1,0.0112001210006675,0.04989638015759237,0.10892928012181438,SUPPORT,0.2438847024606834,0.0,0.05051962269402556,0.15239680658447702,0.8084901693113007,0.04251982076777795,0,ok,0.06776963507919649,0.6076572374512756,FLAT,0.0,-1,0.010662503299884137,0.021660507608623904,0.04075963158547897,SUPPORT,0.442768104173774,0.005377473970650047,0.030094971240515564,2.500000000000002,0.00042910294881393085,0.6473614296469307,0,staged_v3,0.1008716819277502,2,0.5202817728823085,0.09612573812613832,2,1,1,1
v3_pelvis_proxy:v3_right_hand_proxy,418,0.9999999999999999,0.11417941023721401,0.9999879164255581,0.03803423896543526,0.6244419423128417,FLAT,0.0,-1,0.007246824035993745,0.005496783509567515,0.10938931856911294,SUPPORT,0.2851077619685467,0.024972682418888132,0.04393312298978732,0.18849328151526584,0.9999879164255581,0.030093537448634022,0,ok,0.047454311790925546,0.6068586809606338,FLAT,0.0,-1,0.009709837169954166,0.02473802616962023,0.06037045777006991,SUPPORT,0.4442144833390192,0.003280496718883266,0.06385261080100563,-2.500000000000002,-0.00057089705118607,0.6467905325957446,0,staged_v3,0.18929630283347046,2,0.5235325962316287,0.18674878275045384,2,0,0,0
v3_pelvis_proxy:v3_right_hand_proxy,419,1.0,0.08582058976278617,1.0,0.20938607202521553,0.6231000190439486,FLAT,0.0,-1,0.011473058381674697,0.023177880030239125,0.10983900129678462,SUPPORT,0.31808620957483735,0.007314070034600106,0.07260432833786241,0.1884955592153876,1.0,0.04714852426997053,0,ok,0.23472500397251603,0.6056844701637,FLAT,0.0,-1,0.01147305638853967,0.028016046207120213,0.07442222875754965,SUPPORT,0.44537158667121535,0.0007050652307572722,0.0902948869956197,2.500000000000002,0.00042910294881393085,0.6472196355445585,0,staged_v3,0.2871686731594978,2,0.5133021062687725,0.2871686731594978,2,1,1,1
v3_pelvis_proxy:v3_right_hand_proxy,420,0.4042358398437499,0.28582058976278635,0.40423582491326293,0.1594062449015973,0.6182850122356782,FLAT,0.0,-1,0.014674678500162311,0.0032662637424311297,0.11020104342351603,UNLOADING,0.2726453224927177,0.027243788428744673,0.053767422574641344,0.07619665787191901,0.40423582491326293,0.03672087732525964,0,ok,0.1763703400006539,0.5967936589412657,FLAT,0.0,-1,0.019882524554686906,0.043743568627509874,0.08390207893072314,UNLOADING,0.3817470742896132,0.0,0.090447518448454,2.500000000000002,0.0014291029488139317,0.6486487384933725,1,staged_v3,0.362379155374489,2,0.5146122880744332,0.36393911825546654,2,1,1,1
v3_pelvis_proxy:v3_right_hand_proxy,421,0.9999999999999999,0.08582058976278617,0.591452275057874,0.023634222053926457,0.6140593382407865,FLAT,0.0,-1,0.015598837765890593,0.015397620335099213,0.08195274216206981,UNLOADING,0.2336990934614706,0.013700016773004281,0.056404039387861975,0.1114861273362472,0.591452275057874,0.03274520750620798,0,ok,0.04097062224783517,0.597924812725552,FLAT,0.0,-1,0.011161893299183108,0.01736960639586518,0.06247405669825691,UNLOADING,0.3272120940300395,0.010754096439047667,0.05912617522080908,-2.500000000000002,0.00042910294881393085,0.6490778414421864,0,staged_v3,0.1668367267583699,2,0.512315322493522,0.16753378789796292,2,0,0,0
v3_pelvis_proxy:v3_right_hand_proxy,422,0.019730499225729097,0.11417941023721401,0.1848138265331118,0.010825770642398555,0.614590704315834,FLAT,0.0,-1,0.010530024683127446,0.01496520959967899,0.061644249111609324,UNLOADING,0.27920554905872896,0.013117002855901477,0.055605772447101624,0.03483658558309455,0.1848138265331118,0.03181830587292722,0,ok,0.027129331130497376,0.5987123587413941,FLAT,0.0,-1,0.010530024683127446,0.018072312103512355,0.047151959468571175,UNLOADING,0.3221105611074894,0.009285285869916206,0.05956528737101996,-2.500000000000002,-0.00057089705118607,0.6485069443910003,0,staged_v3,0.09385701846458926,2,0.5104992148742418,0.09320150705288066,2,0,0,0
v3_pelvis_proxy:v3_right_hand_proxy,423,0.012677534801788298,0.3141794102372142,0.4529596475790814,0.014969972107884791,0.6079073149541616,FLAT,0.0,-1,0.01918588556067266,0.003354115164589792,0.04584619464970787,SUPPORT,0.3340590541217655,0.023938194567895605,0.04612331821431001,0.08538088207242384,0.4529596475790814,0.030856766241840125,0,ok,0.030237559511574894,0.5942667236598318,FLAT,0.0,-1,0.015559840293908892,0.006528093721672568,0.036094822870012415,SUPPORT,0.34768844888599154,0.020276647421828053,0.05016033719913357,-2.500000000000002,-0.001570897051186071,0.6469360473398142,0,staged_v3,0.08893336626648621,2,0.5104180418526778,0.08810362420919196,2,0,0,0
v3_pelvis_proxy:v3_right_hand_proxy,424,0.8750000000000004,0.11417941023721401,0.8065862105855136,0.1443584233178202,0.6128577117076184,FLAT,0.0,-1,0.010178390455377542,0.018435332768394427,0.06410711760584664,SUPPORT,0.3721255402977576,0.009770023111897907,0.08080131154699192,0.15203791881973677,0.8065862105855136,0.009991190646163335,0,ok,0.18699181715301025,0.5970768213745905,FLAT,0.0,-1,0.010257402095583472,0.03507675158667253,0.05663005418801469,SUPPORT,0.36815075910879325,0.0,0.10003281354069313,2.500000000000002,-0.00057089705118607,0.6463651502886282,1,staged_v3,0.11400385332134523,2,0.510956463798533,0.1140640508921132,2,1,1,1
v3_pelvis_proxy:v3_right_hand_proxy,425,0.9768752396361335,0.3141794102372142,0.501124945642262,0.008719192670902674,0.6202584061715819,FLAT,0.0,-1,0.005933536252124444,0.00916732488749249,0.07902372297327503,UNLOADING,0.3189647488266494,0.01978386126117126,0.04923524714232302,0.09445982686561888,0.501124945642262,0.017280566503336113,0,ok,0.02708077654421862,0.607215465352576,FLAT,0.0,-1,0.0027642253686274653,0.018011203684900185,0.07137406839947336,UNLOADING,0.3155577935218228,0.010557499735073483,0.05938577616795983,-2.500000000000002,-0.001570897051186071,0.6447942532374421,0,staged_v3,0.1703128436324572,2,0.5093924681108465,0.17216442430199264,2,1,0,0
v3_pelvis_proxy:v3_right_hand_proxy,426,0.12340981234759274,0.5141794102372144,0.3233855990105293,0.011237389529710875,0.6213948019456426,FLAT,0.0,-1,0.010523364596093734,0.007937867061996628,0.061282661204852575,UNLOADING,0.3683403289214275,0.020126265998246,0.048699813370193065,0.06095674932769282,0.3233855990105293,0.030430546559202007,0,ok,0.026925483314569305,0.6025035277387948,FLAT,0.0,-1,0.01572909435003388,0.011600594351586505,0.05259829861612616,UNLOADING,0.33758446151767907,0.016029320579219804,0.05327065827821571,-2.500000000000002,-0.002570897051186072,0.642223356186256,0,staged_v3,0.13064996155860303,2,0.5104022509118635,0.1229327177262322,2,0,0,0
v3_pelvis_proxy:v3_right_hand_proxy,427,0.01531786770036234,0.7141794102372145,0.08651818901054317,0.010851697790117831,0.6286991280379387,FLAT,0.0,-1,0.003843614592685858,0.005413678403317624,0.04847126896415697,UNLOADING,0.40842395479807836,0.022009885044890227,0.04579511328173531,0.016308294419844938,0.08651818901054317,0.03072558321541112,0,ok,0.027194466698336004,0.610406489083029,FLAT,0.0,-1,0.003843614592685858,0.006906992710333317,0.039243797828527924,UNLOADING,0.35783231958853734,0.020055197181093082,0.048696509161072814,-2.500000000000002,-0.0035708970511860727,0.63865245913507,0,staged_v3,0.09309506134885477,2,0.510243676766901,0.09183140151378408,2,0,0,0
v3_pelvis_proxy:v3_right_hand_proxy,428,1.0,0.5141794102372144,0.9999999999999999,0.12432695117837203,0.6358461613537549,FLAT,0.0,-1,0.0031846522022634105,0.024749023394421123,0.03929150529165647,SUPPORT,0.4432903738822125,0.0022155518701617027,0.026030932349023053,0.18849555921538758,0.9999999999999999,0.03862879054401812,0,ok,0.11571475631992209,0.6094962828196446,FLAT,0.0,-1,0.009310215923946707,0.024356029365965943,0.029641404937968914,SUPPORT,0.3762658556708299,0.002126040880932503,0.03403446615776551,2.500000000000002,-0.002570897051186072,0.6360815620838839,0,staged_v3,0.2313596900994667,2,0.503108249324211,0.2313596900994667,2,1,1,1
v3_pelvis_proxy:v3_right_hand_proxy,429,1.0000000000000002,0.3141794102372142,1.0,0.22309596772743787,0.640409934993619,FLAT,0.0,-1,0.00418329647512363,0.07835294812136338,0.0610607861392631,UNLOADING,0.379963177613325,0.0,0.12534668645650174,0.1884955592153876,1.0,0.013877748263603364,0,ok,0.1735291770645319,0.6155768634704811,FLAT,0.0,-1,0.0008145095774734213,0.027412991927045563,0.052738630087082294,UNLOADING,0.32251359057499707,0.00022393957730855452,0.02873171019439876,2.500000000000002,-0.001570897051186071,0.6345106650326978,0,staged_v3,0.30185939978895887,2,0.5223340969705698,0.30247274945703373,2,1,1,1
v3_pelvis_proxy:v3_right_hand_proxy,430,0.9993495823070019,0.3141794102372142,1.0,0.10860731277819743,0.6431608864828626,FLAT,0.0,-1,0.005203478573237173,0.04444907521850233,0.04831228853262649,UNLOADING,0.3256827238660187,0.0,0.0713525569168162,0.1884955592153876,1.0,0.02160989807490904,0,ok,0.0854322353679875,0.6194948646354701,FLAT,0.0,-1,0.005203478573237173,0.012293414793590588,0.04176853046212058,UNLOADING,0.27644071863665476,0.014795011729515441,0.04229702571370026,0.0,-0.001570897051186071,0.6329397679815117,0,staged_v3,0.356811823777527,2,0.5154747901013461,0.35785063076683127,2,1,0,0
v3_pelvis_proxy:v3_right_hand_proxy,431,0.19097900390625006,0.11417941023721401,0.19097900390625006,0.08218879557608857,0.6283605073137931,FLAT,0.0,-1,0.018375756941761967,0.04717230924946378,0.03917759083469635,UNLOADING,0.27992691591025676,0.0,0.06865685784041038,0.0359986941397063,0.19097900390625006,0.02398271085377937,0,ok,0.07965196859269062,0.6183260989757744,FLAT,0.0,-1,0.008819749751668998,0.000639397797205764,0.033897232910911373,UNLOADING,0.2415542397413016,0.026055463848339806,0.03580891101508646,2.500000000000002,-0.00057089705118607,0.6323688709303257,1,staged_v3,0.22864834308389428,2,0.4840993356014358,0.22864834308389428,2,1,1,1
v3_pelvis_proxy:v3_left_hand_proxy,432,1.0000000000000002,0.08582058976278617,1.0,0.18983861026309165,0.6063437615433589,FLAT,0.0,-1,0.03217514727870168,0.013873934534483604,0.03246510502467417,SUPPORT,0.3139415327282054,0.012749320716750105,0.04048061651978088,0.1884955592153876,1.0,0.02832491166792675,0,ok,0.1634961360499098,0.6211252526957689,FLAT,0.0,-1,0.005290678010027029,0.011918196524059588,0.028275359242136394,SUPPORT,0.2832433917930413,0.014495571438047234,0.02376862235466077,2.500000000000002,0.00042910294881393085,0.6327979738791396,0,staged_v3,0.16392996049172864,2,0.472807803536667,0.16248687196441464,2,0,1,1
v3_pelvis_proxy:v3_right_hand_proxy,433,0.367750359359102,0.11417941023721401,1.0,0.2298614480503153,0.6073216630020857,FLAT,0.0,-1,0.013541801947685806,0.015055444650248485,0.05668939925938013,UNLOADING,0.2690927423384618,0.012779025312720523,0.07916689038782068,0.1884955592153876,1.0,0.018868768758722572,0,ok,0.10809680027911857,0.6241330390154367,FLAT,0.0,-1,0.003541057761556811,0.07597869278357328,0.052780511146124504,UNLOADING,0.24278005010832113,0.004782955359048959,0.022856070198257267,-2.500000000000002,-0.00057089705118607,0.6322270768279535,0,staged_v3,0.3020037085303895,2,0.48302281356678245,0.29311561284712423,2,0,0,0
v3_pelvis_proxy:v3_right_hand_proxy,434,0.7598266601562499,0.08582058976278617,0.75982666015625,0.1570162060410288,0.6108074471917145,FLAT,0.0,-1,0.006956266588352869,0.030421495120866747,0.04580606470293555,UNLOADING,0.23065092205958326,0.0,0.05875936857836578,0.14322395121291262,0.75982666015625,0.03314615265708473,0,ok,0.037910228139130246,0.6236635503126137,FLAT,0.0,-1,0.007684652116929601,0.0023467835276024885,0.04196784177336678,UNLOADING,0.2088939947621802,0.02475160856106585,0.01060363547483074,2.500000000000002,0.00042910294881393085,0.6326561797767675,1,staged_v3,0.44810659860977226,2,0.5220142028248633,0.4491591668271008,2,1,1,1
v3_pelvis_proxy:v3_right_hand_proxy,435,1.0,0.28582058976278635,0.9999999100851272,0.2534689519712757,0.6167831460363853,FLAT,0.0,-1,0.005691148859237191,0.03074579617784961,0.03804042806620914,UNLOADING,0.19770520947272852,0.0,0.054158801495511416,0.18849554226683338,0.9999999100851272,0.06143170819678953,0,ok,0.27178320932250355,0.6193846695743123,FLAT,0.0,-1,0.009484019841147214,0.04597743773267127,0.03438682973672028,UNLOADING,0.23443284679846524,0.0,0.10117902976313634,2.500000000000002,0.0014291029488139317,0.6340852827255814,0,staged_v3,0.2589906014691883,2,0.5235203599015517,0.25690162861167964,2,1,1,1
v3_pelvis_proxy:v3_right_hand_proxy,436,0.5260620117187502,0.4858205897627865,0.5260620117187501,0.2817890710448266,0.6156807513075602,FLAT,0.0,-1,0.01444930367687209,0.005429782799463739,0.032533174214036356,SUPPORT,0.24816416757818283,0.02119687591123808,0.044380317339807615,0.09916035308089759,0.5260620117187501,0.04979745409836006,0,ok,0.25569234535745855,0.6046742236795789,FLAT,0.0,-1,0.02135788857500302,0.06141402684000105,0.028753291030084827,SUPPORT,0.2775462774387722,0.0,0.08910032419751843,2.500000000000002,0.0024291029488139326,0.6365143856743953,1,staged_v3,0.205723661501296,2,0.5076768096761147,0.20671323193421698,2,1,1,1
v3_pelvis_proxy:v3_right_hand_proxy,437,0.999582694604285,0.28582058976278635,1.0000000000000002,0.11541853547943837,0.6058480547837758,FLAT,0.0,-1,0.020897270542700623,0.0006039331607935019,0.05715609927388123,UNLOADING,0.21271214363844243,0.02725387180290056,0.04758138824503,0.18849555921538763,1.0000000000000002,0.03791932202663045,0,ok,0.10768321992094061,0.5881888109329861,FLAT,0.0,-1,0.02751287834311262,0.008864884382327694,0.05303732304675868,UNLOADING,0.2378968092332333,0.01878698177001024,0.05970137060875971,-2.500000000000002,0.0014291029488139317,0.6379434886232093,0,staged_v3,0.22092269690182237,2,0.5006739709745592,0.2201873928616371,2,1,0,0
v3_pelvis_proxy:v3_right_hand_proxy,438,0.4738159179687501,0.4858205897627865,0.47381591796875,0.08080800453779367,0.606767857128677,FLAT,0.0,-1,0.014501392646959734,0.020318368097779798,0.04650035600878203,UNLOADING,0.18272562975783996,0.007006649702659306,0.062449828348674644,0.08931219642267176,0.47381591796875,0.009992435579015468,0,ok,0.139186871468303,0.5817328123351957,FLAT,0.0,-1,0.021539538652651232,0.018435829789027487,0.04227223372538607,UNLOADING,0.2046815537133927,0.008677781897241818,0.07699587707638625,2.500000000000002,0.0024291029488139326,0.6403725915720232,1,staged_v3,0.19809990586879292,2,0.5018570222568005,0.19654030835121275,2,0,1,1
v3_pelvis_proxy:v3_right_hand_proxy,439,0.8551438380620537,0.28582058976278635,0.44037565960156494,0.009863342383585392,0.5865508517579099,FLAT,0.0,-1,0.03099555388397902,0.0067123768004277475,0.039014679349913504,UNLOADING,0.16253157715530547,0.02023835716706793,0.0466743017247612,0.08300885622144216,0.44037565960156494,0.01216055048517077,0,ok,0.026443797475704266,0.5760767055545083,FLAT,0.0,-1,0.02257274407201729,0.01373735052952535,0.03470223186753204,UNLOADING,0.17547557787244009,0.012997761063851254,0.053777437946568155,-2.500000000000002,0.0014291029488139317,0.6418016945208371,0,staged_v3,0.13999998042724923,2,0.5064917548125184,0.13999998042724923,2,1,0,0
v3_pelvis_proxy:v3_right_hand_proxy,440,0.9999999999999999,0.4858205897627865,0.9999999512584832,0.14389209365452466,0.5633378595852844,FLAT,0.0,-1,0.03584357817998802,0.05105534114991362,0.029475772699210596,SUPPORT,0.2351984621878883,0.0,0.03320613088868349,0.18849555002782814,0.9999999512584832,0.053918316024801655,0,ok,0.1379857926635259,0.5645153346525598,FLAT,0.0,-1,0.027809887246959614,0.02415396441730383,0.030010377512468985,SUPPORT,0.23038046229795206,0.010995304016366959,0.01550521485925649,2.500000000000002,0.0024291029488139326,0.6442307974696511,0,staged_v3,0.1323074317370994,2,0.4996745724431822,0.13258688390592513,2,1,1,1
v3_pelvis_proxy:v3_right_hand_proxy,441,1.0000000000000002,0.6858205897627867,0.9999984677061188,0.19302415384474367,0.5785535257756682,FLAT,0.0,-1,0.009405403419804524,0.0809090685502884,0.05095529732983696,UNLOADING,0.20159868187533284,0.0,0.1309792298171799,0.18849527038479558,0.9999984677061188,0.016038133231063026,0,ok,0.1961858687562133,0.5679717962762583,FLAT,0.0,-1,0.016521856994853826,0.05159426436841662,0.05481484553715234,UNLOADING,0.1974689676839589,0.006732244006163516,0.021008498270694103,2.500000000000002,0.0034291029488139335,0.647659900418465,0,staged_v3,0.3094445100007871,2,0.524511916042977,0.3090941915618112,2,1,1,1
v3_pelvis_proxy:v3_right_hand_proxy,442,0.9992165365535616,0.4858205897627865,1.0,0.03678941633033706,0.5931477721451653,FLAT,0.0,-1,0.005002003963594852,0.03374263586967994,0.03786731795046119,UNLOADING,0.17279889764932288,0.0,0.06532095526943088,0.1884955592153876,1.0,0.027762118238030833,0,ok,0.058267458413321004,0.5564135049555007,FLAT,0.0,-1,0.02503810154087676,0.009873979665912757,0.04422558356106921,UNLOADING,0.169259130805329,0.017337299512140705,0.0424299083054077,-2.500000000000002,0.0024291029488139326,0.6500890033672789,0,staged_v3,0.3816889181779946,2,0.49101514145336184,0.38198545204683304,2,1,0,0
v3_pelvis_proxy:v3_right_hand_proxy,443,0.6358863060385053,0.28582058976278635,0.6789577919975286,0.01174440298936887,0.6075484471788173,FLAT,0.0,-1,0.004595282909611329,0.016025829166075586,0.028465874677803957,UNLOADING,0.20693784463167197,0.010397464567814613,0.05645350714645834,0.12798052868621898,0.6789577919975286,0.04728511252302302,0,ok,0.027449708593084394,0.5615680607476716,FLAT,0.0,-1,0.01342091473590681,0.020626550970782528,0.03651460602702461,UNLOADING,0.16495671038669055,0.0061991793305687035,0.06077510374392188,-2.500000000000002,0.0014291029488139317,0.6515181063160929,0,staged_v3,0.24461249230409954,2,0.4964636548410204,0.2372330919668126,2,0,0,0
v3_pelvis_proxy:v3_right_hand_proxy,444,0.013192773521057645,0.08582058976278617,0.45659525874492624,0.015287434881833305,0.612372676645954,FLAT,0.0,-1,0.009349033317779946,0.0060967058254344265,0.02228840543757979,SUPPORT,0.27886738748694645,0.020017714446444564,0.049033656368403046,0.08606617863221946,0.45659525874492624,0.04782439655621948,0,ok,0.030691772069912273,0.5708503830407814,FLAT,0.0,-1,0.009349033317779946,0.011570416591448158,0.031039586170111454,SUPPORT,0.22196536830935246,0.014981562717057417,0.05397082609485267,-2.500000000000002,0.00042910294881393085,0.6519472092649068,0,staged_v3,0.09025893513979508,2,0.5081209890829363,0.0893918383726345,2,0,0,0
v3_pelvis_proxy:v3_right_hand_proxy,445,0.006770356325442231,0.11417941023721401,0.28309268397045567,0.015495648507574967,0.6227293929721118,FLAT,0.0,-1,0.0029915052983654727,0.00435145296494181,0.04605305237598352,SUPPORT,0.33130075912941653,0.02295119965385737,0.04735130317244367,0.05336171377479604,0.28309268397045567,0.04644595417354361,0,ok,0.031160673131208887,0.5872242732506173,FLAT,0.0,-1,0.0008020414071822386,0.009758237348868805,0.05543933738620582,SUPPORT,0.267572294647482,0.018013729520441488,0.05218362040454666,-2.500000000000002,-0.00057089705118607,0.6513763122137207,0,staged_v3,0.08973860426746502,2,0.5137585127389184,0.08966884686994998,2,0,0,0
v3_pelvis_proxy:v3_right_hand_proxy,446,0.012311826974283827,0.3141794102372142,0.19389234489463325,0.015223297165585839,0.6321925508302402,FLAT,0.0,-1,0.0029869510858423817,0.004295477750806542,0.0630768813624241,SUPPORT,0.3726551726909639,0.023858366317314667,0.047472898295979296,0.036547845978496696,0.19389234489463325,0.04520134743277514,0,ok,0.030841372708704528,0.5834628797457475,FLAT,0.0,-1,0.017845700873439476,0.00809636226319983,0.07290745597920065,SUPPORT,0.3040578357179856,0.020549010535760203,0.05049327167914877,-2.500000000000002,-0.001570897051186071,0.6498054151625346,0,staged_v3,0.08960492405302609,2,0.5166283119517495,0.08975088691880936,2,0,0,0
v3_pelvis_proxy:v3_left_hand_proxy,447,0.4499324066031826,0.5110097251521228,0.966587161514948,0.021854991713553443,0.6347253719026149,FLAT,0.0,-1,0.006708518467315416,0.036512147350998655,0.07527498785706245,SUPPORT,0.405120638537608,0.0,0.06917725360789184,0.18219738754017428,0.966587161514948,0.04807769871676369,0,ok,0.008188082569190437,0.5618710180180863,FLAT,0.0,-1,0.031163716506050453,0.002684825599955848,0.08366974691555333,SUPPORT,0.3332462685743885,0.02649866174582182,0.03290153157676822,-2.460378936436358,-0.002555048625760614,0.647250366536774,1,staged_v3,0.10794615868393805,2,0.5030874742856274,0.10161697662943084,2,1,0,0
v3_pelvis_proxy:v3_right_hand_proxy,448,0.9999999999999999,0.31100972515212266,0.6247237165683484,0.10377118116842501,0.6399280554335853,FLAT,0.0,-1,0.0031353747580821732,0.03916343752403961,0.08401531309018431,SUPPORT,0.420940947678691,0.0,0.03210432237639787,0.11775764630966612,0.6247237165683484,0.03767263405331407,0,ok,0.07688762525070784,0.5615862381912701,FLAT,0.0,-1,0.01743851882737877,0.025652456274247264,0.09136214674884272,SUPPORT,0.365952173485754,0.003915651063194872,0.031343053286737914,2.500000000000002,-0.0015550486257606133,0.6456953179110134,0,staged_v3,0.17008879228346094,2,0.5212982205018372,0.16546334674189314,2,0,1,1
v3_pelvis_proxy:v3_right_hand_proxy,449,0.5376586914062501,0.11100972515212248,0.53765869140625,0.1493219874750599,0.6396048952601678,FLAT,0.0,-1,0.008049737444854365,0.07501991423684065,0.09074645826773522,UNLOADING,0.3608065265817352,0.0,0.04901068590611165,0.10134627570363461,0.53765869140625,0.00999093184394563,0,ok,0.13598139420857064,0.566392444165742,FLAT,0.0,-1,0.014671424446812692,0.03205451095614602,0.09678595278431701,SUPPORT,0.3827617387886032,0.0,0.031226033814023148,2.500000000000002,-0.0005550486257606124,0.6451402692852528,1,staged_v3,0.2634505853164977,2,0.6089843702282507,0.1856279129118019,2,0,1,1
v3_pelvis_proxy:v3_right_hand_proxy,450,0.4440307617187499,0.08899027484787769,0.4440303994597303,0.04804002664779135,0.6421589209957321,FLAT,0.0,-1,0.005512252572430096,0.04563311342320606,0.09557824524122605,UNLOADING,0.30926273707005875,0.0,0.03036388687253567,0.0836977584547938,0.4440303994597303,0.01985168927534136,0,ok,0.03824064610887542,0.5795672791852828,FLAT,0.0,-1,0.005512246876014844,0.000752743877992912,0.0723254239350378,SUPPORT,0.39620939103088254,0.02786352731875898,0.013581042512847794,2.500000000000002,0.00044495137423938846,0.6455852206594922,1,staged_v3,0.2498383070449445,2,0.5149640297755531,0.25017705698100046,2,1,1,1
v3_pelvis_proxy:v3_left_hand_proxy,451,0.9404665789118437,0.11100972515212248,0.8437133013975603,0.060587235644656665,0.635850993407703,FLAT,0.0,-1,0.012216929131899387,0.0033324989481881466,0.09903166119599696,UNLOADING,0.29759506203428726,0.026619084111611704,0.040737044358465084,0.159036210564394,0.8437133013975603,0.042464234730621386,0,ok,0.04697632906064829,0.5864784501317347,FLAT,0.0,-1,0.008563265316088003,0.03278455133497803,0.05476327899158686,SUPPORT,0.40696751282470606,0.00788799104482638,0.019850172904752966,-2.500000000000002,-0.0005550486257606124,0.6450301720337316,0,staged_v3,0.2040797845941941,2,0.565606475756172,0.16408118906122243,2,0,0,0
v3_pelvis_proxy:v3_left_hand_proxy,452,0.17163928851506816,0.31100972515212266,0.9498084405487244,0.05565759698847435,0.634249451657158,FLAT,0.0,-1,0.008623216587743432,0.014320300851170066,0.10162937505902038,SUPPORT,0.3280760496274298,0.015761167901780955,0.04143616547372066,0.17903467314872704,0.9498084405487244,0.014568200575129815,0,ok,0.049168319869980444,0.5910598613605328,FLAT,0.0,-1,0.007743779636231666,0.028906758969177306,0.04214491505849176,SUPPORT,0.41557401025976487,0.0,0.027296931793693996,-2.500000000000002,-0.0015550486257606133,0.643475123407971,0,staged_v3,0.21043357300333945,2,0.5336889348126519,0.1821113371508462,2,0,0,0
v3_pelvis_proxy:v3_left_hand_proxy,453,1.0000000000000002,0.11100972515212248,0.9210203400989293,0.06854876244522475,0.6309589581619214,FLAT,0.0,-1,0.01119834626083833,0.0421091806890002,0.10355399592352274,SUPPORT,0.35246083970194386,0.0,0.06002719796504547,0.17360824405569417,0.9210203400989293,0.029899331434726423,0,ok,0.09541038789639007,0.5838562405654797,FLAT,0.0,-1,0.020498284993752267,0.023547025386036396,0.06090890685113626,SUPPORT,0.4224592082078119,0.0044984199565204185,0.027263105661709884,2.500000000000002,-0.0005550486257606124,0.6429200747822104,0,staged_v3,0.20571834805817393,2,0.5269599560651501,0.20383646456419968,2,1,1,1
v3_pelvis_proxy:v3_left_hand_proxy,454,0.9999999999999999,0.31100972515212266,0.5712563746906615,0.018613967378109792,0.6354646966059697,FLAT,0.0,-1,0.0043712774260086925,0.015670530665419333,0.10503393564246913,SUPPORT,0.37196867176155507,0.014581166116704125,0.04735445959482416,0.10767928980267123,0.5712563746906615,0.05172312591457949,0,ok,0.03232693539730834,0.5944246236048317,FLAT,0.0,-1,0.0042829627266200085,0.025007066142126774,0.07525760557092451,UNLOADING,0.3621078927495531,0.003755814136419452,0.04761487139782722,-2.500000000000002,-0.0015550486257606133,0.6413650261564497,0,staged_v3,0.20061117771955764,2,0.5174685725102979,0.18219527562175225,2,0,0,0
v3_pelvis_proxy:v3_left_hand_proxy,455,0.39001464843750006,0.11100972515212248,0.3900146484375,0.0438670646560501,0.6302031190565386,FLAT,0.0,-1,0.012126715357145795,0.024364184456092095,0.07948921520008395,SUPPORT,0.3985815303579936,0.004610276303912104,0.04745699305603382,0.07351602925941936,0.3900146484375,0.044976708094317405,0,ok,0.07799605364503419,0.5847717987540481,FLAT,0.0,-1,0.016198009916643656,0.00293693157449046,0.08581885784543983,UNLOADING,0.36065644954599096,0.026354011317781534,0.03768374290956851,2.500000000000002,-0.0005550486257606124,0.6408099775306891,1,staged_v3,0.17023571000658355,2,0.5074139176385747,0.17023571000658355,2,1,1,1
v3_pelvis_proxy:v3_left_hand_proxy,456,0.5297239533228331,0.21100972515213368,0.5016612871333531,0.03496239556961782,0.6251512635304204,FLAT,0.0,-1,0.01552190425538917,0.050638232252902246,0.0611301461082954,SUPPORT,0.4088652242863949,0.0,0.0605384231843811,0.09456092485491252,0.5016612871333531,0.047080386623261195,0,ok,0.052133904333037606,0.5877122365145784,FLAT,0.0,-1,0.01279540561911424,0.003619981343468877,0.09374839007613726,UNLOADING,0.31581020796015186,0.026067438160337988,0.038520065378975316,-1.2500000000001399,-0.0010550486257606684,0.6397549289049285,0,staged_v3,0.12669343321010637,2,0.5123544292286477,0.12791093793606362,2,1,0,0
v3_pelvis_proxy:v3_left_hand_proxy,457,0.5948774017612597,0.3454314856695673,0.8183299552923436,0.01636602077417414,0.6237962156883501,FLAT,0.0,-1,0.011327030801773068,0.001807665104249183,0.048106395569556495,SUPPORT,0.4170921794291159,0.025597654674228646,0.03922306374018916,0.15425156254553346,0.8183299552923436,0.05093392969093377,0,ok,0.02052667648237697,0.5898224237831419,FLAT,0.0,-1,0.011327030801773068,0.0046531322322720435,0.09954876094795514,SUPPORT,0.3426481663681215,0.025324305815125715,0.037246715125840615,-1.68027200646792,-0.0017271574283478364,0.6380277714765806,1,staged_v3,0.10950117936112332,2,0.5207695256228664,0.10960939980943267,2,1,0,0
v3_pelvis_proxy:v3_right_hand_proxy,458,1.0,0.5454314856695675,1.0000000000000002,0.08561352168615445,0.6304453540020257,FLAT,0.0,-1,0.004955137317199429,0.019009754214547776,0.06710477893556954,SUPPORT,0.43935077038617865,0.009345484732230704,0.042301503166193605,0.18849555921538763,1.0000000000000002,0.042970036362796546,0,ok,0.03459409594195448,0.5986639543788108,FLAT,0.0,-1,0.003415640709910317,0.020637082493830845,0.10373160429593081,SUPPORT,0.36478697671134247,0.009549497720965697,0.021238403578332694,-2.500000000000002,-0.0027271574283478373,0.6353006140482328,0,staged_v3,0.2824455340880206,2,0.5122039563853347,0.14251133068619848,2,0,0,0
v3_pelvis_proxy:v3_right_hand_proxy,459,0.15820853736960497,0.3454314856695673,0.2640861668404893,0.07643972118464512,0.6283639959874745,FLAT,0.0,-1,0.010615296633869512,0.004826068365300081,0.08059058021850847,UNLOADING,0.37658637461672456,0.024203460645625344,0.041534244900153526,0.04977906969964618,0.2640861668404893,0.03928361503399247,0,ok,0.05835205286867769,0.5988818287120452,FLAT,0.0,-1,0.011584458589577086,0.023239830388545785,0.1067945687495452,SUPPORT,0.38182958136907397,0.007473653355551963,0.0228660750819253,2.500000000000002,-0.0017271574283478364,0.633573456619885,1,staged_v3,0.25373884967225824,2,0.5357289155852808,0.2547120728943318,2,1,1,1
v3_pelvis_proxy:v3_right_hand_proxy,460,6.103515624999771e-05,8.876433454929611e-06,6.1035144856705896e-05,0.0764351900372061,0.6241681823828718,FLAT,0.0,-1,0.014407303949242537,0.004824853494672456,0.09030567432196493,UNLOADING,0.3306237112816212,0.02469043022142579,0.041534001924800994,1.1504853761556966e-05,6.1035144856705896e-05,0.039283325219882606,0,ok,0.05836052867216564,0.6005638582352153,FLAT,0.0,-1,0.010481113707957315,0.023241942094267314,0.08066512971108937,SUPPORT,0.39546366509525915,0.006167483546280234,0.022865772939274238,4.317782615451404,-4.4382167274648054e-08,0.6335734122377177,1,staged_v3,0.19094902879924713,2,0.5459428681040978,0.19094902879924713,2,1,1,1
v3_pelvis_proxy:v3_right_hand_proxy,461,0.05395507812500004,0.19999112356654525,0.04622917831460237,0.05814043798952191,0.619559543136277,FLAT,0.0,-1,0.01468866847215639,0.004832295371591775,0.09744416646294288,UNLOADING,0.2911103959528373,0.02503991295155537,0.04217830808233781,0.008713994818478843,0.04622917831460237,0.03903342680976088,0,ok,0.09022339742401558,0.5894434715973005,FLAT,0.0,-1,0.021412494611168623,0.026195975900726014,0.06181850052499472,SUPPORT,0.40637093207620734,0.004384338912926982,0.023706586113322756,2.500000000000002,0.0009999556178327262,0.6345733678555504,1,staged_v3,0.1901764499583328,2,0.5467466407921238,0.1901764499583328,2,1,1,1
v3_pelvis_proxy:v3_right_hand_proxy,462,0.9999999999999999,0.3999911235665454,0.9953436466215546,0.12022392558266425,0.6029535779586761,FLAT,0.0,-1,0.02746789107921317,0.020639168126475354,0.10258650987348164,SUPPORT,0.3228883167622698,0.013059872238159059,0.017069453255515024,0.1876178572814131,0.9953436466215546,0.015101735148860027,0,ok,0.11030850419083849,0.5846267993642913,FLAT,0.0,-1,0.01920361458251295,0.044781366678744806,0.04795050185757879,SUPPORT,0.4150967456609659,0.006477838095194779,0.02091968699768416,2.500000000000002,0.001999955617832727,0.6365733234733831,0,staged_v3,0.20735910936449783,2,0.5038370439282339,0.12111235548299919,2,0,1,1
v3_pelvis_proxy:v3_right_hand_proxy,463,0.7501813356078404,0.19999112356654525,0.9522013319194287,0.03481965877556081,0.591755284824988,FLAT,0.0,-1,0.022641005989778105,0.00486166959078158,0.10642582614089179,UNLOADING,0.27676141436765983,0.025459621716263012,0.044534108310236756,0.17948572254578962,0.9522013319194287,0.02323000184496242,0,ok,0.03077209888023186,0.5736666092075717,FLAT,0.0,-1,0.02430407135544734,0.0035448429951703874,0.06641335961149948,UNLOADING,0.3557972105665422,0.02477582498540459,0.04272939523476846,-2.500000000000002,0.0009999556178327262,0.6375732790912159,0,staged_v3,0.1661695594706494,2,0.5102441516261008,0.1661695594706494,2,1,0,0
v3_pelvis_proxy:v3_right_hand_proxy,464,0.3997314042016641,8.876433454929611e-06,0.8057044046323303,0.019744260497117482,0.5774111909851015,FLAT,0.0,-1,0.029357994266259194,0.003582599222216325,0.07867105645495778,UNLOADING,0.2869199393207387,0.025350953600531568,0.04497773425233138,0.15187170231347202,0.8057044046323303,0.03443713179046763,0,ok,0.024638304891788462,0.5637477845812477,FLAT,0.0,-1,0.02464832549117114,0.005221538092665064,0.051029767354582346,UNLOADING,0.35789832636670754,0.022329950275064053,0.047343537971758304,-2.500000000000002,-4.4382167274648054e-08,0.6375732347090486,0,staged_v3,0.13776859101532138,2,0.5079189798299072,0.13243545072297827,2,0,0,0
v3_pelvis_proxy:v3_right_hand_proxy,465,0.03946647467449866,0.2000088764334551,0.5317687965764544,0.01089138700778316,0.5811238095461004,FLAT,0.0,-1,0.016496462592479215,0.003495711728311858,0.06085163448746165,UNLOADING,0.32292833371402313,0.024546869996061225,0.04430224791302936,0.10023605668397245,0.5317687965764544,0.03288048699972777,0,ok,0.02704903046603468,0.5662777014346413,FLAT,0.0,-1,0.014734824522245851,0.00426606127322185,0.040006884548422245,UNLOADING,0.3716037038896228,0.022734282954199263,0.0465130441666457,-2.500000000000002,-0.0010000443821672755,0.6365731903268813,0,staged_v3,0.12322612596345514,2,0.5084934294775166,0.10237055571114533,2,0,0,0
v3_pelvis_proxy:v3_left_hand_proxy,466,0.412294488351448,8.876433454929611e-06,0.9999995433114117,0.07474293852474463,0.5867073475927067,FLAT,0.0,-1,0.013800673987406014,0.023402029604025515,0.04817545908368781,SUPPORT,0.3648554211679421,0.004006743350158878,0.02564374815324897,0.18849547313161677,0.9999995433114117,0.04142267934889102,0,ok,0.09984971424995823,0.5691730191569936,FLAT,0.0,-1,0.014889352375670527,0.04601881120947468,0.032205046179330954,SUPPORT,0.38728296311169824,0.0,0.03335156389572093,2.500000000000002,-4.4382167274648054e-08,0.636573145944714,0,staged_v3,0.17327934492254632,2,0.5083755388568405,0.16694554157863453,2,1,0,0
v3_pelvis_proxy:v3_right_hand_proxy,467,0.9642333984375003,0.19999112356654525,0.9642331925745795,0.1371000919272317,0.5947255925385174,FLAT,0.0,-1,0.008854034440099976,0.03275423109752496,0.06739198402017142,SUPPORT,0.3818843369343537,0.0,0.08272930438735769,0.1817536748483839,0.9642331925745795,0.00999168131448986,0,ok,0.20026958362938027,0.5753556792842012,FLAT,0.0,-1,0.008854034440099976,0.016146844975733734,0.055040374276234996,UNLOADING,0.33195682552431277,0.011605173738078019,0.07306367968948854,2.500000000000002,0.0009999556178327262,0.6375731015625468,1,staged_v3,0.27814111869089586,2,0.5153656223531514,0.27965309472108696,2,1,1,1
v3_pelvis_proxy:v3_right_hand_proxy,468,0.3069458007812499,0.3999911235665454,0.30694580078125006,0.13032888884489363,0.6072486450502086,FLAT,0.0,-1,0.002837906798088227,0.04582113137944431,0.052746167163432084,SUPPORT,0.39550746954748295,0.0,0.0785548850065578,0.05785792036707668,0.30694580078125006,0.018596708948597593,0,ok,0.19888092637337101,0.5834754194383163,FLAT,0.0,-1,0.004530267793078692,0.0008282617621672818,0.07129584271257844,UNLOADING,0.2845344218779824,0.027736530373461642,0.05519379066795948,2.500000000000002,0.001999955617832727,0.6395730571803795,1,staged_v3,0.3807631476278887,2,0.5378387563563988,0.3825071775175226,2,1,1,1
v3_pelvis_proxy:v3_right_hand_proxy,469,1.0000000000000002,0.19999112356654525,0.4312024879252933,0.04335618627241761,0.6161610378147272,FLAT,0.0,-1,0.0025889312999314317,0.004375585405408257,0.042195974766019564,SUPPORT,0.40640597563798636,0.022734213332892723,0.049464382329690304,0.08127975409654459,0.4312024879252933,0.029936736185713908,0,ok,0.06901942699485832,0.5792187229368002,FLAT,0.0,-1,0.014838148314123497,0.008094428598608299,0.083079770515385,UNLOADING,0.2438866473239849,0.021059559927160954,0.05406223924371201,-2.500000000000002,0.0009999556178327262,0.6405730127982122,0,staged_v3,0.1891636269332642,2,0.5014076916919239,0.18780382597308834,2,0,0,0
v3_pelvis_proxy:v3_left_hand_proxy,470,0.9999999999999999,0.3999911235665454,0.9999993041406764,0.03309477588347992,0.6175233593047036,FLAT,0.0,-1,0.00922695951829731,0.03486469882511846,0.0346044052628198,SUPPORT,0.4151247805103891,0.0,0.04673720675357075,0.18849542804899527,0.9999993041406764,0.03460093881306733,0,ok,0.06755653262131184,0.574123290657925,FLAT,0.0,-1,0.022694743612734856,0.0227519741900461,0.09079853077089897,SUPPORT,0.2851093178591879,0.006787952348498848,0.02707539173739347,2.500000000000002,0.001999955617832727,0.6425729684160449,0,staged_v3,0.17246715684317085,2,0.5266497638139147,0.17023641661869673,2,1,1,1
v3_pelvis_proxy:v3_right_hand_proxy,471,1.0000000000000002,0.5999911235665456,0.9999981113966785,0.22429096588211406,0.6119635538653417,FLAT,0.0,-1,0.015244734139225932,0.11379848955620372,0.05745479880625437,SUPPORT,0.4220998244083113,0.0,0.07531566677605733,0.18849520322204838,0.9999981113966785,0.020661419049513886,0,ok,0.2699553637841178,0.5829498269147736,FLAT,0.0,-1,0.008447437841655189,0.11467592977750095,0.096159663618195,SUPPORT,0.31808745428735036,0.0,0.052267337724315764,2.500000000000002,0.002999955617832728,0.6455729240338777,0,staged_v3,0.2616475920587955,2,0.510869872875391,0.26224838642634996,2,1,1,1
v3_pelvis_proxy:v3_right_hand_proxy,472,0.9992215773585947,0.3999911235665454,0.7550135802306095,0.04679803589725529,0.5936014491620363,FLAT,0.0,-1,0.029357129714994275,0.02454669585551111,0.07179366556002645,UNLOADING,0.3617998494928383,0.004042987422490214,0.044467546156540916,0.14231670702078064,0.7550135802306095,0.023835743127326864,0,ok,0.053553138847070705,0.5890870284512802,FLAT,0.0,-1,0.00824194097510707,0.01692999544039348,0.10004166673298813,UNLOADING,0.2726463893891575,0.01307208789625593,0.037785118982863325,-2.500000000000002,0.001999955617832727,0.6475728796517104,0,staged_v3,0.3356148975353842,2,0.5331748640117034,0.33705168932968443,2,1,0,0
v3_pelvis_proxy:v3_right_hand_proxy,473,0.9324587025083986,0.19999112356654525,0.4700516190911492,0.012612376826632883,0.6044511760128957,FLAT,0.0,-1,0.006943545251715882,0.012331928322943764,0.05383868187268637,UNLOADING,0.3441374738120906,0.015360005770690556,0.053536786912735064,0.08860264280068453,0.4700516190911492,0.029286094040167923,0,ok,0.027501418963055736,0.5920079602836097,FLAT,0.0,-1,0.011086571401522728,0.017584335353723973,0.07450175974568374,UNLOADING,0.2585507239127455,0.011140752633560215,0.059519444342102865,-2.500000000000002,0.0009999556178327262,0.6485728352695431,0,staged_v3,0.22943719494396297,2,0.5191398687779415,0.2298031382618345,2,0,0,0
v3_pelvis_proxy:v3_right_hand_proxy,474,0.02367201141374692,8.876433454929611e-06,0.281055755345289,0.011049800876622455,0.6047340614168252,FLAT,0.0,-1,0.014752059567892255,0.014132318521805094,0.04055250442671441,UNLOADING,0.3841984739132977,0.012895306699530627,0.05535867004601355,0.05297776177451341,0.281055755345289,0.028972216626109756,0,ok,0.02607073840660458,0.5883257547105044,FLAT,0.0,-1,0.017675157064013288,0.018110323890756893,0.05659104659719633,UNLOADING,0.2888682180992019,0.009719228439102924,0.06011270600842361,-2.500000000000002,-4.4382167274648054e-08,0.6485727908873758,0,staged_v3,0.09641414432299412,2,0.5201844725056908,0.09061567606382347,2,0,0,0
v3_pelvis_proxy:v3_right_hand_proxy,475,0.0381749708429526,0.2000088764334551,0.47252829947053854,0.012820504320127768,0.6112575439761352,FLAT,0.0,-1,0.004790312385142993,0.007198994811943242,0.031032542288836208,SUPPORT,0.4201701319282158,0.01935263230249857,0.04926478015380309,0.0890694860537953,0.47252829947053854,0.02769859669733593,0,ok,0.029675243706937707,0.5952947397549425,FLAT,0.0,-1,0.007467543924541609,0.006075996836610094,0.043943848172593836,SUPPORT,0.3210945744793615,0.0211211955720196,0.050371030163813266,-2.500000000000002,-0.0010000443821672755,0.6475727465052086,0,staged_v3,0.085696601722423,2,0.5225939062036891,0.08527993064289259,2,0,0,0
v3_pelvis_proxy:v3_right_hand_proxy,476,0.06807173218525281,0.4000088764334553,0.5597338375234121,0.007351489651841478,0.614711645039568,FLAT,0.0,-1,0.00990397304756966,0.01841428764302904,0.05253495405123425,SUPPORT,0.4452076468968172,0.009212460059532673,0.05761466411162762,0.10550734271575046,0.5597338375234121,0.02880248925898496,0,ok,0.027723181360250666,0.5983975724688806,FLAT,0.0,-1,0.009708226081903814,0.012192291427180747,0.06324689109508672,SUPPORT,0.3468756595834892,0.015970053127573592,0.05439188801206307,-2.500000000000002,-0.0020000443821672764,0.6455727021230413,0,staged_v3,0.08680100999235515,2,0.5242817401590645,0.0887998071698711,2,1,0,0
v3_pelvis_proxy:v3_right_hand_proxy,477,1.0000000000000002,0.2000088764334551,0.5215544355574622,0.06422277703100314,0.6213586106385138,FLAT,0.0,-1,0.006278494847650569,0.018580307906650165,0.06781440022998828,SUPPORT,0.4695330074656615,0.009810412104849248,0.03343410426313139,0.09831069499166967,0.5215544355574622,0.026466713397114365,0,ok,0.07785155852129014,0.6024028633298347,FLAT,0.0,-1,0.006404652803131379,0.025699616869766913,0.07768192723874705,SUPPORT,0.36750052766679137,0.0031844794921704403,0.03453352016714764,2.500000000000002,-0.0010000443821672755,0.644572657740874,0,staged_v3,0.11069941830266124,2,0.5181760932492429,0.11163914077753219,2,1,1,1
v3_pelvis_proxy:v3_right_hand_proxy,478,0.8596661078440871,8.876433454929611e-06,0.9999665731557503,0.0370300906939545,0.6292989905953724,FLAT,0.0,-1,0.003408860527524231,0.04541855772962501,0.07872006027395087,SUPPORT,0.4667425778277099,0.0,0.054569905836691204,0.18848925840368796,0.9999665731557503,0.03959251396877815,0,ok,0.04637346282070802,0.6052627449357308,FLAT,0.0,-1,0.0074819760174203226,0.018516530956701475,0.08905330851235604,SUPPORT,0.3840004221334331,0.01093613446891633,0.034021680569814035,2.500000000000002,-4.4382167274648054e-08,0.6445726133587067,0,staged_v3,0.14811947285465835,2,0.5176134776539896,0.14043434009499653,2,1,0,0
v3_pelvis_proxy:v3_right_hand_proxy,479,0.9999999999999999,0.19999112356654525,0.9136412389095283,0.11215495586141559,0.6331877857138174,FLAT,0.0,-1,0.005690608864052268,0.03131477563562315,0.08635083113464362,SUPPORT,0.4643507809951799,0.0,0.03126913420191447,0.17221731625049108,0.9136412389095283,0.02649994947681822,0,ok,0.08985240315412187,0.5987463590323704,FLAT,0.0,-1,0.015150892212851682,0.03309384919996869,0.09696230863265384,SUPPORT,0.3972003377067465,0.0,0.037480620337065916,2.500000000000002,0.0009999556178327262,0.6455725689765395,0,staged_v3,0.24710597102708176,2,0.5257061214681965,0.24677354575299865,2,0,1,1
v3_pelvis_proxy:v3_right_hand_proxy,480,0.9999614349225429,8.876433454929611e-06,0.3350152777538449,0.009314345680447636,0.6335783763651398,FLAT,0.0,-1,0.006518095493734336,0.010641909636485702,0.09172874274879152,UNLOADING,0.39801495513872565,0.018944527500953875,0.047228285430797934,0.06314889212590939,0.3350152777538449,0.02456515035081512,0,ok,0.015945012155480415,0.5933355938779402,FLAT,0.0,-1,0.018464578457672076,0.014479265873258092,0.10262942441847175,UNLOADING,0.3404574323200684,0.015652205347665496,0.052084366815627565,-2.500000000000002,-4.4382167274648054e-08,0.6455725245943722,0,staged_v3,0.2157640154310226,2,0.5241986097853196,0.21672350705015472,2,1,0,0
v3_pelvis_proxy:v3_right_hand_proxy,481,0.23402537784990873,0.2000088764334551,0.11285553039743193,0.011116487744239095,0.6289667703920723,FLAT,0.0,-1,0.010645264612344649,0.010678140154363,0.06692626051097217,UNLOADING,0.43178308046612934,0.01766817287118561,0.0515954212477961,0.021272766312813107,0.11285553039743193,0.02933222438820772,0,ok,0.02630867796447835,0.5845557227011209,FLAT,0.0,-1,0.02090561762906282,0.014275174421164123,0.07811178979970883,UNLOADING,0.3697230323348729,0.014630415068821321,0.056130221361587906,-2.500000000000002,-0.0010000443821672755,0.6445724802122049,0,staged_v3,0.08957513748995896,2,0.5258336847423489,0.08860939372119593,2,0,0,0
v3_pelvis_proxy:v3_right_hand_proxy,482,0.0015978213003234505,0.4000088764334553,0.0464067888131369,0.011123757558485315,0.6327246356939661,FLAT,0.0,-1,0.003271517534989285,0.00849367021566642,0.04981681562211067,UNLOADING,0.45986826395126057,0.018997170565439116,0.04949813088689069,0.008747473608722633,0.0464067888131369,0.029836697598779258,0,ok,0.026219069360120473,0.5794794853797864,FLAT,0.0,-1,0.020309049562299356,0.012054213816281596,0.06054413693415732,UNLOADING,0.3783263723712665,0.015972993030426274,0.05408558035821483,-2.500000000000002,-0.0020000443821672764,0.6425724358300376,0,staged_v3,0.08901784465318112,2,0.5268070444435188,0.08786718539324133,2,0,0,0
v3_pelvis_proxy:v3_left_hand_proxy,483,1.0,0.2000088764334551,0.9999999788878892,0.17525109004329734,0.6369705102082477,FLAT,0.0,-1,0.00401847128222726,0.04260144943925185,0.03755736265270472,SUPPORT,0.48458328048209776,0.0,0.03057923301919062,0.18849555523584846,0.9999999788878892,0.02442821714963881,0,ok,0.1791688883882584,0.5846260613282087,FLAT,0.0,-1,0.010847793464981484,0.07252810541315775,0.04795636360269832,SUPPORT,0.3926610978970132,0.0,0.04756665216393922,2.500000000000002,-0.0010000443821672755,0.6415723914478704,0,staged_v3,0.1455991052343942,2,0.5591619595672191,0.13567445429766076,2,0,1,1
v3_pelvis_proxy:v3_right_hand_proxy,484,1.0000000000000002,8.876433454929611e-06,1.0,0.12557223518801536,0.6344997603028589,FLAT,0.0,-1,0.008464739116853458,0.03911498819938419,0.05711994969223962,UNLOADING,0.4153570975560838,0.0,0.05884706897808954,0.1884955592153876,1.0,0.041655361925542866,0,ok,0.13676042456659177,0.5712402017825571,FLAT,0.0,-1,0.024925284134064182,0.039970661681570284,0.06728369882292329,UNLOADING,0.33656665534029706,0.02094167530124067,0.007422509639905494,2.500000000000002,-4.4382167274648054e-08,0.6415723470657031,0,staged_v3,0.3164769929568639,2,0.5325160097557899,0.318321380736912,2,1,1,1
v3_pelvis_proxy:v3_left_hand_proxy,485,0.8886612434133573,0.2000088764334551,1.0,0.025511584383145283,0.6311522741091333,FLAT,0.0,-1,0.0077680269476022405,0.018805013225339704,0.04354281034588317,UNLOADING,0.3561775692798362,0.008372127291954457,0.05425435384685933,0.1884955592153876,1.0,0.027207024084024985,0,ok,0.009760404303059703,0.5542747795948907,FLAT,0.0,-1,0.03227583142933616,0.005105923771179344,0.052576651667852206,UNLOADING,0.28852797683196907,0.022522908812213267,0.03433803132408968,-2.500000000000002,-0.0010000443821672755,0.6405723026835358,0,staged_v3,0.39160240656537754,2,0.5812859770887477,0.3709137639804659,2,0,0,0
v3_pelvis_proxy:v3_right_hand_proxy,486,0.4546884499336473,0.4000088764334553,0.9999944948212249,0.012250811818186744,0.6319640685521171,FLAT,0.0,-1,0.007027841494893553,0.005019761342807357,0.03438140792809025,UNLOADING,0.3790151325509758,0.021699309053597158,0.04635355129765774,0.18849452151363583,0.9999944948212249,0.04494832280644187,0,ok,0.021395159660166602,0.5561892342523276,FLAT,0.0,-1,0.01831816249996946,0.025621895296862124,0.042092395162872734,UNLOADING,0.3333939233657897,0.0014827244612815142,0.0636132584976041,-2.500000000000002,-0.0020000443821672764,0.6385722583013685,0,staged_v3,0.2999467063473172,2,0.5846716739483182,0.30072515990076437,2,1,0,0
v3_pelvis_proxy:v3_left_hand_proxy,487,0.5368041992187502,0.2000088764334551,0.5368025960638726,0.05557526797732522,0.6338190627500643,FLAT,0.0,-1,0.007263725364465544,0.012563945473302189,0.027996286719494015,SUPPORT,0.4192477014398698,0.013835868862672514,0.04146442628772269,0.10118490553333148,0.5368025960638726,0.040509340553938386,0,ok,0.09540582583600477,0.5489004273942948,FLAT,0.0,-1,0.030802518464017617,0.005588977426839989,0.03459564584079552,SUPPORT,0.3567151386926318,0.02114080486519979,0.05024753958691258,2.500000000000002,-0.0010000443821672755,0.6375722139192013,1,staged_v3,0.25097686077040304,2,0.6112969563244026,0.2521603416206391,2,1,1,1
v3_pelvis_proxy:v3_left_hand_proxy,488,0.9999999999999999,8.876433454929611e-06,0.5703053151819485,0.16311768917610595,0.6416476540095127,FLAT,0.0,-1,0.0021835873410104493,0.01814012123244115,0.05196331571116325,SUPPORT,0.4253981611518958,0.018033069292912516,0.009565096492645649,0.10750001930872925,0.5703053151819485,0.04145471681016015,0,ok,0.15520250484470602,0.5540139011843919,FLAT,0.0,-1,0.01875726851611234,0.07156819644611556,0.05788635223215823,UNLOADING,0.30575583316511296,0.0,0.09532105693330598,2.500000000000002,-4.4382167274648054e-08,0.637572169537034,0,staged_v3,0.16780812796084915,2,0.6165640796586432,0.1688015459344264,2,1,1,1
v3_pelvis_proxy:v3_left_hand_proxy,489,0.17572021484375008,0.19999112356654525,0.14531011352485956,0.1134650219209817,0.6367883810903314,FLAT,0.0,-1,0.01313763767102507,0.005838329233019237,0.04071898132573021,SUPPORT,0.4303185289215167,0.021197619833267276,0.013562081441077864,0.02739031110851986,0.14531011352485956,0.045170890923476925,0,ok,0.15281519450447464,0.562970140477945,FLAT,0.0,-1,0.014666266896586871,0.06221818107140499,0.07469994668784469,UNLOADING,0.26207642842723966,0.0,0.09711650793846202,2.500000000000002,0.0009999556178327262,0.6385721251548667,1,staged_v3,0.13994122005096707,2,0.5876268336133614,0.14053217338726706,2,1,1,1
v3_pelvis_proxy:v3_right_hand_proxy,490,0.9974917352947563,0.018791641171267415,0.7801070566690638,0.02065450092235189,0.6320852404361743,FLAT,0.0,-1,0.013120799776034477,0.004380809874754148,0.03229926614140663,SUPPORT,0.43425482313721336,0.022234153432316186,0.04399308746714493,0.14704671589470525,0.7801070566690638,0.05117318239058273,0,ok,0.0491967482730116,0.5611719944889233,FLAT,0.0,-1,0.022692289860734204,0.009896986549195325,0.08651904247874187,UNLOADING,0.22463693865191972,0.01942896557474177,0.05178103967609016,-2.264993529940973,9.395820585633707e-05,0.6386660833607231,0,staged_v3,0.08936560964771371,2,0.5827648643091788,0.09032729836078839,2,1,0,0
v3_pelvis_proxy:v3_left_hand_proxy,491,1.0000000000000002,0.2187916411712676,0.8859720872111394,0.09097498635938912,0.631832881166941,FLAT,0.0,-1,0.010576878279855059,0.0465146028685157,0.025937390504075414,SUPPORT,0.451182891733314,0.0,0.02846263250670683,0.16700180402808787,0.8859720872111394,0.03697689661147059,0,ok,0.07839438065271404,0.5680850764000325,FLAT,0.0,-1,0.014541932884800947,0.02186684617087979,0.09480415188925345,SUPPORT,0.2697095509215358,0.009549686163526305,0.02019052143093637,2.500000000000002,0.001093958205856338,0.6397600415665794,0,staged_v3,0.17225506726609172,2,0.5820236480593212,0.17296830943739713,2,1,1,1
v3_pelvis_proxy:v3_right_hand_proxy,492,0.5573526104445234,0.018791641171267415,1.0,0.12089655436285181,0.6197179475373387,FLAT,0.0,-1,0.017338926714291353,0.005757392972265723,0.04949164771916409,UNLOADING,0.38672819291426913,0.021717189413692484,0.05993244614523312,0.1884955592153876,1.0,0.03457988956230801,0,ok,0.08777697957431613,0.5585093279220954,FLAT,0.0,-1,0.030220893268618477,0.010325121406245991,0.09902085126598142,SUPPORT,0.3057676407372287,0.01962592115705308,0.014622460446801239,-2.500000000000002,9.395820585633707e-05,0.6398539997724357,0,staged_v3,0.3198449928428586,2,0.6152223865499812,0.32021151582864754,2,0,0,0
v3_pelvis_proxy:v3_right_hand_proxy,493,0.9999999999999999,0.2187916411712676,1.0000000000000002,0.20941947418966922,0.61446164811814,FLAT,0.0,-1,0.018060734474592097,0.07345691110874587,0.06601311819257538,UNLOADING,0.3314813082122307,0.0,0.05602277892908074,0.18849555921538763,1.0000000000000002,0.027762743237631518,0,ok,0.23631127020689366,0.5621983237418777,FLAT,0.0,-1,0.01798051270137365,0.08391753050780171,0.07272214175987116,SUPPORT,0.33461411258978296,0.0,0.03597403954874327,2.500000000000002,0.001093958205856338,0.6409479579782921,0,staged_v3,0.3049424743290671,2,0.5655292781997722,0.3049424743290671,2,1,1,1
v3_torso_proxy:v3_left_forearm_proxy,494,0.48638916015625,0.41879164117126777,0.48638916015625,0.0980042111242101,0.6134893771519393,FLAT,0.0,-1,0.010048259301781416,0.030257557891884022,0.07785126908349493,UNLOADING,0.28412683561048346,0.022741531986974848,0.0061510314671999015,0.09168219673995506,0.48638916015625,0.0728825575636848,0,ok,0.05054698674777228,0.5715164372228038,FLAT,0.0,-1,0.009452260446092929,0.0213452419993673,0.05378702810810446,SUPPORT,0.3576912900718264,0.008088116236501266,0.01960123516890396,2.500000000000002,0.002093958205856339,0.6430419161841484,1,staged_v3,0.3988292890419045,2,0.6338669411830115,0.24584519171353877,2,0,1,1
v3_torso_proxy:v3_left_forearm_proxy,495,0.5992431640625002,0.618791641171268,0.5992431640625,0.09303207424811402,0.6112037113992598,FLAT,0.0,-1,0.015549752967401858,0.0017762160989457385,0.0856140631971468,UNLOADING,0.2435372876661287,0.027504487060911603,0.013355848936803486,0.11295467531595921,0.5992431640625,0.059085008190459046,0,ok,0.12012198033104184,0.5849618224027808,FLAT,0.0,-1,0.0020211432807166023,0.021230781888000903,0.04021055184484598,SUPPORT,0.3761530320574611,0.005779745704241397,0.030098337197649053,2.500000000000002,0.0030939582058563397,0.6461358743900047,1,staged_v3,0.1729736756585363,2,0.6856719505865102,0.17019479094845766,2,0,1,1
v3_pelvis_proxy:v3_right_hand_proxy,496,0.9999999999999999,0.41879164117126777,1.0,0.025188999580595225,0.6219907467611532,FLAT,0.0,-1,0.002060185926021517,0.009181943340139307,0.09117634823711626,UNLOADING,0.20874624657096746,0.020376874071716507,0.029453754095342382,0.1884955592153876,1.0,0.026074395200800987,0,ok,0.04406112318993842,0.5981747578132642,FLAT,0.0,-1,0.002098442103700584,0.04943486468002909,0.03049999555898798,SUPPORT,0.39092242564596885,0.0,0.029450950227383383,-2.500000000000002,0.002093958205856339,0.6482298325958611,0,staged_v3,0.2699488237760262,2,0.6010064061700725,0.21606730913492586,2,0,0,0
v3_pelvis_proxy:v3_right_hand_proxy,497,1.0,0.618791641171268,1.0,0.20840436500777748,0.6262920696766293,FLAT,0.0,-1,0.0033129160290153573,0.07985586573509107,0.09526219225235376,SUPPORT,0.256996997256774,0.0007026548625664805,0.029060454750051208,0.1884955592153876,1.0,0.042595313706106225,0,ok,0.101041955989868,0.5999844905146188,FLAT,0.0,-1,0.006824814773526445,0.023911377480885822,0.02382295911741991,SUPPORT,0.4027379405167751,0.003937180685588883,0.022253967270282116,2.500000000000002,0.0030939582058563397,0.6513237908017174,0,staged_v3,0.38253682401395767,2,0.6558352420575828,0.38355980672676054,2,1,1,1
v3_pelvis_proxy:v3_right_hand_proxy,498,0.44690432491155235,0.5352084793762923,0.6213988308932419,0.06818670583032489,0.6346843820838959,FLAT,0.0,-1,0.0015693550817243405,0.02426461086842402,0.09842781757850205,UNLOADING,0.22028314050580627,0.019134023247009784,0.010787367631915321,0.1171309201250097,0.6213988308932419,0.009991283248858153,0,ok,0.016810683560889637,0.6091114049679386,FLAT,0.0,-1,0.0025153882413964904,0.029608232310638513,0.047825095409858354,UNLOADING,0.3452039490143787,0.0,0.034262653742806966,-1.044789522437195,0.0026760423968814617,0.6539998331985989,1,staged_v3,0.44819104444754077,2,0.5751503162999677,0.4393783083148965,2,0,1,1
v3_pelvis_proxy:v3_right_hand_proxy,499,0.5540297982244264,0.33520847937629217,0.9129402909546447,0.03094757937406742,0.6318024838686384,FLAT,0.0,-1,0.0104725667677859,0.01491127434429267,0.07213436729509534,UNLOADING,0.20185419899199653,0.013695444020462098,0.05456653618587544,0.1720851906737544,0.9129402909546447,0.017393990549896425,0,ok,0.05077882482800985,0.6066242653424903,FLAT,0.0,-1,0.011785866764036312,0.01414657203058831,0.03663632522636687,UNLOADING,0.38055043209643,0.012685244230730034,0.05502268359119899,-2.500000000000002,0.0016760423968814608,0.6556758755954804,0,staged_v3,0.27942077988288444,2,0.6129543667790681,0.2804092878628013,2,1,0,0
v3_pelvis_proxy:v3_right_hand_proxy,500,0.1649207531566083,0.135208479376292,0.6303808317658572,0.012285688431686306,0.6341754194197972,FLAT,0.0,-1,0.00806005844837687,0.022840847704515416,0.05326571744988548,UNLOADING,0.24334657946461863,0.004822438167978858,0.06347686812713582,0.11882398740236644,0.6303808317658572,0.031309688117787615,0,ok,0.03014185437007888,0.6116652748479577,FLAT,0.0,-1,0.005858669531536186,0.021307932688372184,0.028677536912370058,UNLOADING,0.3564447516266639,0.0051259441572463205,0.06340254671888787,-2.500000000000002,0.00067604239688146,0.6563519179923618,0,staged_v3,0.1370611076949096,2,0.6198520562659456,0.13373334476265528,2,0,0,0
v3_pelvis_proxy:v3_right_hand_proxy,501,0.008548355835997322,0.06479152062370819,0.45602660493972447,0.014894090654104662,0.6363083342065357,FLAT,0.0,-1,0.008194189968439585,0.01178025331927483,0.03962120827685933,SUPPORT,0.3097359807144787,0.015200807094568138,0.05498324342152583,0.085958989915208,0.45602660493972447,0.030766102035832604,0,ok,0.02970082934033686,0.6143791362516193,FLAT,0.0,-1,0.0068067901122957335,0.016468395085461638,0.022715769245925978,SUPPORT,0.37515580130133114,0.00966739337683466,0.06007530546238697,-2.500000000000002,-0.00032395760311854094,0.6560279603892433,0,staged_v3,0.08626028138476159,2,0.6220040458694853,0.085758861560142,2,0,0,0
v3_pelvis_proxy:v3_right_hand_proxy,502,0.006001476850839251,0.26479152062370837,0.2937409560023115,0.015156172097606203,0.6423422974173545,FLAT,0.0,-1,0.003044989894444777,0.009013132120514852,0.06213885876980969,SUPPORT,0.3580438513173907,0.019093810817975634,0.05215723696786902,0.05536886576611827,0.2937409560023115,0.029155298637008123,0,ok,0.029973382949475557,0.6199110829297171,FLAT,0.0,-1,0.003425519392690218,0.014168858706782566,0.050186001456332154,SUPPORT,0.3901246410410649,0.013340441366034041,0.0579445617057225,-2.500000000000002,-0.0013239576031185418,0.6547040027861247,0,staged_v3,0.08534434555444854,2,0.622242979817764,0.08524797051180281,2,0,0,0
v3_pelvis_proxy:v3_right_hand_proxy,503,0.009685389108609214,0.46479152062370854,0.2197918217528022,0.015100883389681328,0.6468026043149012,FLAT,0.0,-1,0.0013469336684076411,0.006632475913090102,0.07821353209961328,SUPPORT,0.3952096691420933,0.022278200691890564,0.04985248793552281,0.041429782352263245,0.2197918217528022,0.02788200962446634,0,ok,0.029906390144457347,0.6214702838349669,FLAT,0.0,-1,0.0063525531406932725,0.011665039020797931,0.06971958086262978,SUPPORT,0.40209971283285195,0.016820940022333558,0.05544888920700966,-2.500000000000002,-0.0023239576031185427,0.6523800451830062,0,staged_v3,0.08513818462642378,2,0.6231141903846968,0.08507368342378699,2,0,0,0
v3_pelvis_proxy:v3_right_hand_proxy,504,0.01011288525695132,0.6647915206237087,0.16788171254542988,0.014828345077517496,0.6443794266150715,FLAT,0.0,-1,0.0027723903556716024,0.004950272893440613,0.0896042564780557,SUPPORT,0.42326733602545696,0.024529939930462173,0.04829573285736451,0.031644957288287756,0.16788171254542988,0.02694799721973839,0,ok,0.029784217535033082,0.6193019367740078,FLAT,0.0,-1,0.003303155892978886,0.008194509997193147,0.08371600211482139,SUPPORT,0.41167977026628155,0.020991290108547923,0.05207574179055574,-2.500000000000002,-0.0033239576031185436,0.6490560875798876,0,staged_v3,0.084693119072937,2,0.6240323167931702,0.08522954032586502,2,0,0,0
v3_pelvis_proxy:v3_left_hand_proxy,505,0.6475356430691263,0.8498012379175801,0.9826559516824299,0.04627458484240437,0.6430451999463929,FLAT,0.0,-1,0.007337435842283204,0.029404377238279295,0.09770582952727878,SUPPORT,0.4448867882584028,0.00048091423808464817,0.05240244809478045,0.18522628312870854,0.9826559516824299,0.009991013908907498,0,ok,0.0853850468609383,0.6114997219493947,FLAT,0.0,-1,0.014233782908712326,0.02241487881061048,0.09374487617799707,SUPPORT,0.41934381621302524,0.007272364998289375,0.023449391328847848,-2.3126214661733924,-0.0042490061895879006,0.6448070813902997,1,staged_v3,0.13007253991716933,2,0.6809330574615866,0.11222413924719458,2,0,1,1
v3_pelvis_proxy:v3_right_hand_proxy,506,1.0,0.6498012379175799,1.0,0.15861306902924907,0.6452439376523975,FLAT,0.0,-1,0.005068982323914984,0.015051569880471311,0.10346946837518954,SUPPORT,0.4459094306067222,0.015121903538288167,0.05614832314046096,0.1884955592153876,1.0,0.02627719568456971,0,ok,0.06546305120597333,0.6186808071944023,FLAT,0.0,-1,0.0014959226097871845,0.03846788817559235,0.10093087845406383,UNLOADING,0.35943755675402167,0.0,0.04050397911711251,2.500000000000002,-0.0032490061895878997,0.6415580752007118,0,staged_v3,0.29903559411559977,2,0.6844862865866468,0.30009264136076175,2,1,1,1
v3_pelvis_proxy:v3_left_hand_proxy,507,0.7035522460937502,0.44980123791757975,0.70355224609375,0.10453325286429878,0.6428434664009146,FLAT,0.0,-1,0.007271591059866997,0.02801832005982265,0.07925242712993597,SUPPORT,0.44672754448537777,0.0009443012966741486,0.0370252382009752,0.1326164740646834,0.70355224609375,0.028931667477956932,0,ok,0.15540104254774129,0.6222839670931553,FLAT,0.0,-1,0.0032819706084034005,0.0037034660131780557,0.10607987408272018,UNLOADING,0.32240254735886115,0.026600527690957956,0.03370356128444911,2.500000000000002,-0.0022490061895878988,0.6393090690111239,1,staged_v3,0.40483494426743044,2,0.751483231598434,0.4059896890540005,2,1,1,1
v3_pelvis_proxy:v3_left_hand_proxy,508,0.5258789062499998,0.13136520177599031,0.4816090590072813,0.1044400361609179,0.6409878399454846,FLAT,0.0,-1,0.008253962690225814,1.4647961680999168e-05,0.06190015882825492,SUPPORT,0.4473820355883022,0.02808035997973175,0.02635217882509287,0.09078116890077409,0.4816090590072813,0.045816600041787975,0,ok,0.16333506259809497,0.6238193271583469,FLAT,0.0,-1,0.0026018021505265707,0.014450925319494635,0.10976929066866004,UNLOADING,0.27634504059330955,0.016037539213938367,0.04629701919311922,3.980450451769868,-0.0006568260088799516,0.638652243002244,1,staged_v3,0.3180292382669176,2,0.7316975584545072,0.31443075769300544,2,0,1,1
v3_pelvis_proxy:v3_right_hand_proxy,509,0.009521484374999997,0.06863479822400986,0.009521002236490621,0.12725153331260503,0.6087814990237356,FLAT,0.0,-1,0.03396666395516823,1.9988765159401414e-06,0.04955358730575598,SUPPORT,0.44790562847064175,0.027475680488771862,0.026130835799160496,0.0017946666408582557,0.009521002236490621,0.0455187045798037,0,ok,0.18551248740511875,0.5921471269241416,FLAT,0.0,-1,0.03819025328689032,0.014942280963220235,0.11186557394778782,UNLOADING,0.2368671776514082,0.015650997734169156,0.04636825943990704,2.500000000000002,0.0003431739911200493,0.638995416993364,1,staged_v3,0.21125559869111837,2,0.744918006075965,0.16323264598585882,2,0,1,1
v3_pelvis_proxy:v3_right_hand_proxy,510,0.10406494140624985,0.26863479822401004,0.10406081874960417,0.13945084398427435,0.582435353283028,FLAT,0.0,-1,0.03607674174554086,5.0284640559701034e-05,0.03771268345956558,SUPPORT,0.4483245027765134,0.02683534953241858,0.02306927090262635,0.01961500222261773,0.10406081874960417,0.03948764315311054,0,ok,0.20202677695108226,0.5693298634753068,FLAT,0.0,-1,0.034144806384414375,0.017379231718740167,0.10990227952736432,UNLOADING,0.20302900941549273,0.013115882257628053,0.04556794930090306,2.500000000000002,0.0013431739911200502,0.6403385909844841,1,staged_v3,0.18458732036711606,2,0.7305096094062112,0.1593834461109845,2,0,1,1
v3_pelvis_proxy:v3_right_hand_proxy,511,0.8239589232588902,0.06863479822400986,0.4722046391543693,0.11410705702320742,0.5928640972014105,FLAT,0.0,-1,0.007341142560837789,0.003926216256388186,0.02926081480604517,SUPPORT,0.44865960222121076,0.022536824483914076,0.036460086571285195,0.08900847752150315,0.4722046391543693,0.039107658289833536,0,ok,0.13561648651170602,0.5793147220230632,FLAT,0.0,-1,0.008174738214218614,0.0030147243479408054,0.10853576805765339,UNLOADING,0.17402486521327948,0.027412064054941867,0.03723353484458894,-2.500000000000002,0.0003431739911200493,0.6406817649756041,1,staged_v3,0.1184431722583853,2,0.7059270716411119,0.1184431722583853,2,1,0,0
v3_pelvis_proxy:v3_left_hand_proxy,512,0.2998859553289097,0.13136520177599031,0.9355039563294518,0.05482368074651556,0.6053632925901035,FLAT,0.0,-1,0.005312967163218397,0.009396164180343104,0.023254540894559413,SUPPORT,0.4489276817769686,0.016766562864384868,0.026120979085062355,0.17633834139652757,0.9355039563294518,0.03066776913185526,0,ok,0.02580235870841935,0.5865895643493177,FLAT,0.0,-1,0.008529510491361183,0.010936285406610782,0.10773869276131076,UNLOADING,0.14916417018281097,0.01945064923145476,0.011071343136977944,-2.500000000000002,-0.0006568260088799516,0.6400249389667242,0,staged_v3,0.22543877395772657,2,0.6988784062348777,0.13395659835249588,2,0,0,0
v3_pelvis_proxy:v3_right_hand_proxy,513,1.0000000000000002,0.06863479822400986,0.9999985394359944,0.38440259909522656,0.6154379417107693,FLAT,0.0,-1,0.0029930590176852076,0.08980740209536067,0.018822961819636774,SUPPORT,0.4491421454215749,0.0,0.1558326630393181,0.18849528390555859,0.9999985394359944,0.028308336222111735,0,ok,0.29872339966169226,0.5946700310912723,FLAT,0.0,-1,0.005605570379198478,0.04379734477340247,0.10708677745182504,SUPPORT,0.20933133614624877,0.0,0.04461882133766134,2.500000000000002,0.0003431739911200493,0.6403681129578442,0,staged_v3,0.24496163447211192,2,0.6778093738958926,0.24493319988933798,2,1,1,1
v3_pelvis_proxy:v3_right_hand_proxy,514,0.6412963867187501,0.26863479822401004,0.64129638671875,0.340417011978578,0.6152021475495147,FLAT,0.0,-1,0.010859396997495118,0.12587432481252311,0.044487127902604444,UNLOADING,0.38497898178992135,0.0,0.15204375112121046,0.12088152103735825,0.64129638671875,0.042197784894162066,0,ok,0.2688467852468597,0.6010594594894844,FLAT,0.0,-1,0.005075515301448493,0.005321886522334521,0.1065636011245164,UNLOADING,0.1794268595539275,0.0250062935338913,0.028998462828031694,2.500000000000002,0.0013431739911200502,0.6417112869489643,1,staged_v3,0.376233910893576,2,0.6894504715777263,0.376233910893576,2,1,1,1
v3_pelvis_proxy:v3_right_hand_proxy,515,0.5808468665302782,0.4686347982240102,0.7984226189724907,0.22255831857240815,0.6139858223227951,FLAT,0.0,-1,0.014663347100402383,0.08656494979593696,0.03653098989240243,UNLOADING,0.32998198439136117,0.0,0.11597856120066835,0.15049911805343397,0.7984226189724907,0.04184490852925901,0,ok,0.26233783383871273,0.5991165068795548,FLAT,0.0,-1,0.009639175245619606,0.007710657389302503,0.07780356852881146,UNLOADING,0.1537944510462455,0.02117952103713807,0.05236571502754811,2.500000000000002,0.002343173991120051,0.6440544609400843,0,staged_v3,0.24576159758893928,2,0.6986199229216548,0.24576159758893928,2,1,1,1
v3_pelvis_proxy:v3_right_hand_proxy,516,0.9999999999999999,0.26863479822401004,0.9999951838121048,0.1049135205111308,0.6224732869085523,FLAT,0.0,-1,0.0029217541234499746,0.014530871288392155,0.030830167896846446,UNLOADING,0.28284170112107004,0.01201063710645017,0.05606349484105458,0.188494651385357,0.9999951838121048,0.02072103339802342,0,ok,0.1271392535673581,0.6104098601704233,FLAT,0.0,-1,0.0013564521529848736,0.024666039912470444,0.05762459621028402,UNLOADING,0.1318238151825872,0.0032151898980437577,0.05222605271432597,-2.500000000000002,0.0013431739911200502,0.6453976349312044,0,staged_v3,0.2592843392851099,2,0.6985079668971648,0.12349095965396745,2,0,0,0
v3_pelvis_proxy:v3_left_hand_proxy,517,1.0000000000000002,0.4686347982240102,1.0,0.09018956292249336,0.6275121971928856,FLAT,0.0,-1,0.006082974264365943,0.06675904640315837,0.026745350441022834,SUPPORT,0.31627336089685604,0.0,0.03239678401880095,0.1884955592153876,1.0,0.02774643456668381,0,ok,0.2584853795144483,0.6119172092310635,FLAT,0.0,-1,0.009337941000082103,0.014398321188536935,0.04389538069818754,SUPPORT,0.1954590521460698,0.012796447846372443,0.08294455589377484,2.500000000000002,0.002343173991120051,0.6477408089223244,0,staged_v3,0.23671214364440069,2,0.7005042383728809,0.23838115414198996,2,0,0,0
v3_pelvis_proxy:v3_left_hand_proxy,518,0.9996009776205197,0.6186347982240159,1.0,0.07589487827653772,0.6353434155937316,FLAT,0.0,-1,0.0020197072482161563,0.009822093367950702,0.05216531977856792,UNLOADING,0.2710914521973052,0.017786172620977696,0.05267509389859922,0.1884955592153876,1.0,0.04680114255801954,0,ok,0.12739314572462065,0.6115059602780496,FLAT,0.0,-1,0.007667733492513452,0.03759666364125713,0.06240483685677613,UNLOADING,0.16753633041091698,0.0,0.05905900959455751,1.875000000000071,0.0030931739911200795,0.6508339829134445,0,staged_v3,0.4318640899231382,2,0.6698090873458725,0.4332078389171343,2,1,0,0
v3_pelvis_proxy:v3_left_hand_proxy,519,0.5517448503929807,0.8186347982240161,0.95855712890625,0.05832839073177836,0.636653187316252,FLAT,0.0,-1,0.002855541148883336,0.02594264605317468,0.04226770838031311,UNLOADING,0.24106229143734975,0.001170739365840976,0.030878607983131835,0.18068376205307998,0.95855712890625,0.009990131290168389,0,ok,0.06832693221604824,0.6117297371868271,FLAT,0.0,-1,0.008583496456462752,0.01209171979947965,0.04732057279347663,UNLOADING,0.14372879233757363,0.015274308840194182,0.038209729728699425,2.500000000000002,0.00409317399112008,0.6549271569045646,1,staged_v3,0.4836503636286039,2,0.6983945449579665,0.47237526973143745,2,0,1,1
v3_pelvis_proxy:v3_left_hand_proxy,520,0.3639230898452584,0.6186347982240159,0.9999999999999999,0.02624252733020703,0.6432257281263649,FLAT,0.0,-1,0.0016535859503207647,0.013568748129525805,0.03521134384693707,UNLOADING,0.22935875962297633,0.013191819062821051,0.04658458534460516,0.18849555921538758,0.9999999999999999,0.02888228735595688,0,ok,0.025486716804562225,0.6188096659279992,FLAT,0.0,-1,0.0016450497525827429,0.01785221550967368,0.036562817248434985,UNLOADING,0.13635649998983035,0.008975925352748073,0.05895494192442588,-2.500000000000002,0.0030931739911200795,0.6580203308956847,0,staged_v3,0.40886221172849163,2,0.6923676856670289,0.4106576688693299,2,1,0,0
v3_pelvis_proxy:v3_right_hand_proxy,521,0.2979303555078782,0.4186347982240157,0.6332822681693854,0.01726171547846528,0.627984044660997,FLAT,0.0,-1,0.018625885639336457,0.01138111899657741,0.029992020170989717,SUPPORT,0.2759823019213611,0.015118482011972079,0.05394729320593601,0.11937089527977734,0.6332822681693854,0.03467199649465684,0,ok,0.029700304035496197,0.6242540806358803,FLAT,0.0,-1,0.001970675691125968,0.019874656686954876,0.02894781441418042,SUPPORT,0.20258089496881393,0.0065727340337541455,0.06350331876728889,-2.500000000000002,0.0020931739911200786,0.6601135048868048,0,staged_v3,0.2498351413675702,2,0.671329395072911,0.24968720631721703,2,0,0,0
v3_pelvis_proxy:v3_right_hand_proxy,522,0.014401229259777637,0.21863479822401555,0.3082925776731783,0.01581566870289334,0.6020475374155451,FLAT,0.0,-1,0.03284009843984626,0.014503897307014537,0.05354661735158293,SUPPORT,0.32194329065394334,0.01317343356056461,0.05686005164719802,0.058111781830459064,0.3082925776731783,0.03214115901685148,0,ok,0.030393896494709242,0.6262591009208903,FLAT,0.0,-1,0.004126198384991392,0.020035277811142505,0.05179426602675667,SUPPORT,0.25206471597505115,0.0075544354901953305,0.06341039607296141,-2.500000000000002,0.0010931739911200777,0.6612066788779248,0,staged_v3,0.11731956008371311,2,0.6647080156792857,0.10369673869406178,2,0,0,0
v3_pelvis_proxy:v3_right_hand_proxy,523,0.005436406200131957,0.01863479822401537,0.22708836724473222,0.015249266433744564,0.5893416195735486,FLAT,0.0,-1,0.02342129264127373,0.015403480372224523,0.06958590378208133,SUPPORT,0.3567794763328648,0.013075814816879545,0.057982236735805576,0.042805148775105106,0.22708836724473222,0.031030436554334753,0,ok,0.030465086988892123,0.6181407878485302,FLAT,0.0,-1,0.013124012335519452,0.019991000161212916,0.06851246528356503,SUPPORT,0.29165177278004095,0.008434623102965336,0.06334717580463985,-2.500000000000002,9.317399112007685e-05,0.6612998528690449,0,staged_v3,0.08552988353863483,2,0.6619768691089514,0.085658491363166,2,0,0,0
v3_pelvis_proxy:v3_right_hand_proxy,524,0.006696903403826051,0.1813652017759848,0.1839879444978889,0.015367523581042219,0.5872150360935441,FLAT,0.0,-1,0.01730040670772212,0.0146860702678509,0.08063044806951503,SUPPORT,0.38380677604863134,0.014345452135624853,0.05755959270942734,0.03468091048701927,0.1839879444978889,0.0298604450290246,0,ok,0.03051114379455622,0.6077508826363288,FLAT,0.0,-1,0.01838335838516354,0.019232772577088105,0.08043681884395287,SUPPORT,0.32332141822403276,0.009789068365109541,0.06275785381486783,-2.500000000000002,-0.000906826008879924,0.660393026860165,0,staged_v3,0.08527390557174414,2,0.6611222561356288,0.08539241679545985,2,0,0,0
v3_pelvis_proxy:v3_right_hand_proxy,525,0.0024120067850449496,0.381365201775985,0.1478209310728171,0.015113192327670093,0.5961258249349416,FLAT,0.0,-1,0.006597819948300155,0.013161314667755674,0.0880107488112108,SUPPORT,0.4059764033489722,0.01623922277280487,0.055842482199781246,0.027863589066309924,0.1478209310728171,0.02902770965931384,0,ok,0.030032784506392476,0.6033368502845516,FLAT,0.0,-1,0.01617573667230908,0.01753352782306637,0.08903497455380915,SUPPORT,0.3486571345792262,0.011918220904624091,0.06085632947112962,-2.500000000000002,-0.001906826008879925,0.6584862008512851,0,staged_v3,0.08472863960507314,2,0.6613992557369969,0.08483676866744576,2,0,0,0
v3_pelvis_proxy:v3_right_hand_proxy,526,0.0014977957461567088,0.5813652017759852,0.11539588064391067,0.01504945507069655,0.6056756932368543,FLAT,0.0,-1,0.005424225510612676,0.010519952415870285,0.09330117263784919,SUPPORT,0.42502423914471094,0.019145106216022178,0.05303435192980936,0.021751611053126063,0.11539588064391067,0.028453030150089764,0,ok,0.030118340635167513,0.6035168248951509,FLAT,0.0,-1,0.009820659490833413,0.01463537087020196,0.09511270217669815,SUPPORT,0.36892570766338095,0.015120264238632948,0.05811148066129941,-2.500000000000002,-0.002906826008879926,0.6555793748424051,0,staged_v3,0.08396591780473789,2,0.6620763957145361,0.08401264646354288,2,0,0,0
v3_pelvis_proxy:v3_right_hand_proxy,527,0.00376075577235729,0.7813652017759853,0.0859330359845722,0.01483330027299517,0.6166198158570406,FLAT,0.0,-1,0.004138575060150925,0.006808057946746143,0.09721001063331637,SUPPORT,0.4417120361338098,0.023052442584919678,0.04905322768972708,0.016197995672987964,0.0859330359845722,0.027729930486013923,0,ok,0.029993672898633406,0.6136566021069314,FLAT,0.0,-1,0.0016649596298250887,0.010696797588592915,0.09958384560575374,SUPPORT,0.38514056613070474,0.019282394691694776,0.05423680949175468,-2.500000000000002,-0.003906826008879927,0.6516725488335252,0,staged_v3,0.08317166725823576,2,0.6625514721823351,0.08420211286691444,2,0,0,0
v3_pelvis_proxy:v3_right_hand_proxy,528,0.219668211728785,0.9813652017759855,0.992251583592168,0.011978297399507558,0.6239688847722352,FLAT,0.0,-1,0.0054464955884802315,0.03158288015251553,0.09991674881476995,SUPPORT,0.4562311731335829,0.0,0.0647401996721103,0.18703501713155962,0.992251583592168,0.03120850223366868,0,ok,0.02237338967867587,0.6202269002479537,FLAT,0.0,-1,0.0028051916608777643,0.004343809891020668,0.10291087621599332,SUPPORT,0.3981124529045638,0.025801733919779,0.04311010105188226,-2.500000000000002,-0.004906826008879928,0.6467657228246453,0,staged_v3,0.08640320985127772,2,0.6600130835814282,0.08669372013671632,2,1,0,0
v3_pelvis_proxy:v3_right_hand_proxy,529,0.20419097167662517,1.0000000000000009,0.6423558517775977,0.012324522716862322,0.6247745637677014,FLAT,0.0,-1,0.009707778073808862,0.003933184601850112,0.10176208088643086,SUPPORT,0.4709639244235202,0.026154919442471433,0.045669806090158,0.1210812254960949,0.6423558517775977,0.02840416534059674,0,ok,0.028170999353074173,0.6093825774930689,FLAT,0.0,-1,0.01888012928049429,0.006189365880356686,0.10541327719439736,SUPPORT,0.40848996232365103,0.024081297979363182,0.04961743419244725,-0.23293497780019212,-0.0050000000000000044,0.6417657228246453,0,staged_v3,0.12764205635903955,2,0.6622085888190914,0.12850292151742537,2,1,0,0
v3_pelvis_proxy:v3_right_hand_proxy,530,0.29150390625,0.23320312499999218,0.2915036031799719,0.049074822159762804,0.6210469806179644,FLAT,0.0,-1,0.011774225878617074,0.01151963363686213,0.10233479341216312,SUPPORT,0.4816969123290927,0.018597106033746025,0.03211754339750505,0.05494713469470924,0.2915036031799719,0.009992014386899471,0,ok,0.03992079262171793,0.5994043624083079,FLAT,0.0,-1,0.02003219347801576,0.013161457454229988,0.10552713584711094,SUPPORT,0.4167919698589208,0.01711489933812556,0.03635059278254486,9.584960937500108,-0.001166015624999961,0.6405997071996453,1,staged_v3,0.23724334358306168,2,0.662755549650954,0.13985375511917264,2,0,1,1
v3_pelvis_proxy:v3_right_hand_proxy,531,0.23767089843749997,0.033203124999992006,0.23767089843750003,0.02797004275300823,0.6257615405095693,FLAT,0.0,-1,0.006162555338940059,0.015052840510762219,0.102858082993925,SUPPORT,0.47716878199636514,0.015090063638934035,0.03070473651633957,0.04479990891020016,0.23767089843750003,0.0205778699005615,0,ok,0.05004705362597793,0.60902268559529,FLAT,0.0,-1,0.0027572181394407216,0.0015898074315441367,0.10550978121590288,SUPPORT,0.42343357588713665,0.02868568162925101,0.02862706497505289,2.500000000000002,-0.00016601562499996003,0.6404336915746454,1,staged_v3,0.25308984567376935,2,0.7141845529570898,0.19314803895692848,2,0,1,1
v3_pelvis_proxy:v3_left_hand_proxy,532,1.0,0.16679687500000817,1.0,0.05448932280076296,0.6236838188902307,FLAT,0.0,-1,0.007193217171682185,0.05991914832522626,0.10323303636375446,SUPPORT,0.4732875274254558,0.0,0.033809571705221184,0.1884955592153876,1.0,0.034272314689593186,0,ok,0.09498600980678565,0.6107961016111424,FLAT,0.0,-1,0.008102455305437684,0.014228716351337599,0.1051550941406725,SUPPORT,0.4287468607097093,0.01602903835569603,0.01916870714292972,2.500000000000002,0.0008339843750000409,0.6412676759496454,0,staged_v3,0.23499756240254424,2,0.7361508729626217,0.19089938788992317,2,0,0,0
v3_pelvis_proxy:v3_left_hand_proxy,533,0.9397554897845436,0.033203124999992006,0.9722290039062499,0.022670761497173595,0.6258280141756959,FLAT,0.0,-1,0.007564908049930415,0.0019421834104423686,0.1047530093337793,SUPPORT,0.4699607377932479,0.0282954670562466,0.034472708188249775,0.18326084977672782,0.9722290039062499,0.04685818846022302,0,ok,0.04219281566063238,0.61769889500216,FLAT,0.0,-1,0.002832463785897259,0.005947871849570081,0.10484505049955084,UNLOADING,0.3674973091797508,0.024294380675407463,0.03748430638393999,-2.500000000000002,-0.00016601562499996003,0.6411016603246454,1,staged_v3,0.3389365113547659,2,0.675734112014147,0.3389365113547659,2,1,0,0
v3_pelvis_proxy:v3_right_hand_proxy,534,0.7605184581157367,0.23320312499999218,0.9999633091755705,0.01592607466558249,0.63287049392199,FLAT,0.0,-1,0.0018187511817223322,0.0029496177735786966,0.07749524861540687,SUPPORT,0.4710353875869282,0.02592514465719165,0.042597131728294144,0.1884886431579187,0.9999633091755705,0.03476665303736093,0,ok,0.01903381926458909,0.6200092894191971,FLAT,0.0,-1,0.0056597182118275895,0.047137155519218876,0.1045566672248607,UNLOADING,0.3539093748420016,0.0,0.07606293128873576,-2.500000000000002,-0.001166015624999961,0.6399356446996455,0,staged_v3,0.3080252220007295,2,0.6720073807255406,0.30922116876450595,2,1,0,0
v3_pelvis_proxy:v3_right_hand_proxy,535,0.016357421874999997,0.033203124999992006,0.012555312916419129,0.022888696344265342,0.6321864727383023,FLAT,0.0,-1,0.006745047991665523,0.0019968149277489857,0.057964209604564707,SUPPORT,0.4844453003197398,0.025901395552479254,0.041639040899704036,0.0023666207293046027,0.012555312916419129,0.034883313222408924,0,ok,0.04479962560360545,0.6274108643766602,FLAT,0.0,-1,0.00018163320014343966,0.04690138339436685,0.10543621077937432,UNLOADING,0.3802361177061696,0.0,0.07579509811957844,2.500000000000002,-0.00016601562499996003,0.6397696290746455,1,staged_v3,0.2158807649781382,2,0.6739582629245172,0.2158807649781382,2,1,1,1
v3_pelvis_proxy:v3_right_hand_proxy,536,0.5936323065713894,0.23320312499999218,0.9741381308421606,0.009607124445222954,0.6373749971580468,FLAT,0.0,-1,0.0029046905691522983,0.007930986329493354,0.04396960862525817,SUPPORT,0.48638589589938624,0.019267494101769558,0.049713699930888214,0.18362071172612549,0.9741381308421606,0.035779438918434575,0,ok,0.028877381354341966,0.6316047659562473,FLAT,0.0,-1,0.002272164960042494,0.004983485890584494,0.10602219017983985,SUPPORT,0.3941888941649357,0.0253176236184075,0.0483246588401547,-2.500000000000002,-0.001166015624999961,0.6386036134496456,0,staged_v3,0.08536816566900945,2,0.6726608514343835,0.08504808298413268,2,1,0,0
v3_pelvis_proxy:v3_right_hand_proxy,537,0.05645751953125,0.033203124999992006,0.05645751953125004,0.035397031148425975,0.6433609323036791,FLAT,0.0,-1,0.0009954059516375155,0.00636357002843127,0.06228890778721949,SUPPORT,0.5053927617804729,0.021750875360929706,0.0491474387983175,0.010641991715956645,0.05645751953125004,0.036821911150051054,0,ok,0.05675028710108611,0.6331819646314618,FLAT,0.0,-1,0.003864011482267169,0.003334551001138491,0.10646896604459428,SUPPORT,0.40535111533194856,0.026988897301091226,0.04668173968022288,2.500000000000002,-0.00016601562499996003,0.6384375978246456,1,staged_v3,0.19236461389356457,2,0.6969192038325388,0.12184032091492158,2,0,1,1
v3_pelvis_proxy:v3_right_hand_proxy,538,1.0,0.16679687500000817,1.0,0.10665946802466539,0.6394603731101824,FLAT,0.0,-1,0.008361631845743669,0.07005306439905501,0.07546265652602269,SUPPORT,0.4974795100975482,0.0,0.04146816692950575,0.1884955592153876,1.0,0.043001521930894376,0,ok,0.01935657025215545,0.6328770272455196,FLAT,0.0,-1,0.004640862064046606,0.02065977970230977,0.10683843384673342,SUPPORT,0.41428089226555886,0.01967420701964288,0.010667714672693791,2.500000000000002,0.0008339843750000409,0.6392715821996456,0,staged_v3,0.2245145425730178,2,0.6800039384126719,0.199767118595726,2,0,0,0
v3_pelvis_proxy:v3_right_hand_proxy,539,0.9719891494790741,0.033203124999992006,0.9967637717254026,0.008607785913142254,0.635282197373591,FLAT,0.0,-1,0.007478167464159022,0.0022388487771421656,0.08542817766287487,UNLOADING,0.42641100865504133,0.02703256010600158,0.04204118454942458,0.18788554455701872,0.9967637717254026,0.02834325130092831,0,ok,0.03198479323911732,0.6309285197866983,FLAT,0.0,-1,0.004656480635692977,0.0235677553292457,0.10724093193882207,SUPPORT,0.42839895640542863,0.006794291267695405,0.05513464841060205,-2.500000000000002,-0.00016601562499996003,0.6391055665746457,1,staged_v3,0.3099720516830052,2,0.6648292687206133,0.31153932379058147,2,1,0,0
v3_pelvis_proxy:v3_right_hand_proxy,540,0.9999999999999999,0.16679687500000817,0.8040113565481125,0.13015388249949472,0.6288750797455285,FLAT,0.0,-1,0.01719017049718867,0.07611798232993514,0.09204085998302468,UNLOADING,0.45199247495267214,0.0,0.08094726310244496,0.15155257026805885,0.8040113565481125,0.011854600112876174,0,ok,0.15499447366695987,0.6301510930324605,FLAT,0.0,-1,0.005147667999343312,0.05338093788961367,0.0797578555577815,SUPPORT,0.4327191651243429,0.0,0.04925980042318507,2.500000000000002,0.0008339843750000409,0.6399395509496457,0,staged_v3,0.27706929365918054,2,0.6677161438037927,0.27706929365918054,2,1,1,1
v3_pelvis_proxy:v3_right_hand_proxy,541,0.9415364680982135,0.033203124999992006,0.6794030824734082,0.004210775713230736,0.6362055199428762,FLAT,0.0,-1,0.0016099652475659075,0.005791632543271693,0.096817199873417,UNLOADING,0.3874221213880047,0.02404922745039916,0.043458777612690985,0.12806446396348317,0.6794030824734082,0.02771051447528919,0,ok,0.028541154452543325,0.6278603881671736,FLAT,0.0,-1,0.006477868802089436,0.013322248390384036,0.060055136117457324,SUPPORT,0.4361753320994743,0.014680508415488833,0.047261796443234874,-2.500000000000002,-0.00016601562499996003,0.6397735353246458,0,staged_v3,0.15590917248685585,2,0.6612745772096856,0.15659752617985376,2,1,0,0
v3_pelvis_proxy:v3_left_hand_proxy,542,0.9999999999999999,0.16679687500000817,1.0000000000000002,0.25938707010604667,0.6364998054365952,FLAT,0.0,-1,0.009906500940672882,0.011145495404024503,0.10037830044426999,SUPPORT,0.4236501602727303,0.018873419618189,0.062109537335470116,0.18849555921538763,1.0000000000000002,0.01019648758961686,0,ok,0.19983575016372176,0.6183227868609339,FLAT,0.0,-1,0.015006771646242653,0.02531187993823779,0.046030668383794666,SUPPORT,0.43894026567957944,0.001989653480951946,0.05103136385468676,2.500000000000002,0.0008339843750000409,0.6406075196996458,0,staged_v3,0.1896073144953764,2,0.6898242495273361,0.14887768517886,2,0,1,1
v3_pelvis_proxy:v3_right_hand_proxy,543,1.0,0.36679687500000835,1.0,0.3030708477213059,0.6341256607879213,FLAT,0.0,-1,0.007998440554098814,0.02209322359492349,0.10306128689365993,UNLOADING,0.3631287088051974,0.008059840749759507,0.11061991924835812,0.1884955592153876,1.0,0.03966268461460251,0,ok,0.13603667870276856,0.6208733066180536,FLAT,0.0,-1,0.00507133488506797,0.08680409643813351,0.06429178195835591,UNLOADING,0.37623451343963954,0.0,0.030339879715717326,2.500000000000002,0.0018339843750000417,0.6424415040746458,0,staged_v3,0.30473420348809327,2,0.7373335788679384,0.29200594699355786,2,0,0,0
v3_pelvis_proxy:v3_right_hand_proxy,544,0.9999999999999999,0.16679687500000817,1.0,0.1221507262634481,0.6294999951123939,FLAT,0.0,-1,0.013690990999137424,0.01525554235389983,0.07695999545245535,UNLOADING,0.31125317897588345,0.01359245741872294,0.031885353338332034,0.1884955592153876,1.0,0.04226700409226812,0,ok,0.12349053364519366,0.6218663827430875,FLAT,0.0,-1,0.0050511331512113145,0.012229073017967721,0.048973210131830223,UNLOADING,0.32253824560300604,0.01521958748862379,0.04141151815087882,-2.500000000000002,0.0008339843750000409,0.6432754884496459,0,staged_v3,0.4478390735081212,2,0.7634780323055934,0.44203415255708295,2,0,0,0
v3_pelvis_proxy:v3_right_hand_proxy,545,1.0000000000000002,0.36679687500000835,1.0,0.2893137532422186,0.6297429614663802,FLAT,0.0,-1,0.008903602800030332,0.08854991073701393,0.061444638572893,UNLOADING,0.26700447045625164,0.0,0.1547940002698298,0.1884955592153876,1.0,0.027210925092956473,0,ok,0.180884846168688,0.6280426623667186,FLAT,0.0,-1,0.0013713868846805795,0.04448016947328815,0.038034184742227216,UNLOADING,0.27665493748569947,0.003395379018849988,0.023506330218261373,2.500000000000002,0.0018339843750000417,0.6451094728246459,0,staged_v3,0.49421126263800425,2,0.6996463679718569,0.49421126263800425,2,1,1,1
v3_pelvis_proxy:v3_right_hand_proxy,546,0.7022705078125002,0.5667968750000085,0.7022705078125001,0.1420483012872661,0.6325218532544449,FLAT,0.0,-1,0.005569193551181243,0.05375625889124998,0.05014821830690788,SUPPORT,0.3036035763650013,0.0,0.09598299799860072,0.13237487209059143,0.7022705078125001,0.05096123108938372,0,ok,0.08110546063907222,0.6273563677215056,FLAT,0.0,-1,0.006878475999530514,0.0016399365802540937,0.030195449884888436,SUPPORT,0.31132394998855956,0.02486983591399033,0.01899666779585837,2.500000000000002,0.0028339843750000426,0.647943457199646,1,staged_v3,0.47790449047054206,2,0.7125582972726552,0.46116173433255164,2,0,1,1
v3_pelvis_proxy:v3_right_hand_proxy,547,0.8143185627288075,0.36679687500000835,0.6123170661050145,0.028997945754555606,0.637333899511604,FLAT,0.0,-1,0.004958352494688213,0.013532146073158297,0.07033844059932268,UNLOADING,0.26023163688428685,0.014984775956807837,0.053452450340696185,0.11541904779259016,0.6123170661050145,0.04045535388188337,0,ok,0.042718886985754614,0.6112535346926817,FLAT,0.0,-1,0.02050410118992455,0.01570165450709787,0.0512705367318034,UNLOADING,0.2668490999901939,0.0118618723294923,0.056812586858727754,-2.500000000000002,0.0018339843750000417,0.649777441574646,0,staged_v3,0.2564112235535366,2,0.7061014523253902,0.2573578482787091,2,1,0,0
v3_pelvis_proxy:v3_right_hand_proxy,548,0.22712165164519735,0.16679687500000817,0.6275298244425263,0.010887589961959782,0.641367654048939,FLAT,0.0,-1,0.004328695453059754,0.016858322308318435,0.05635824073809792,UNLOADING,0.2946558620512443,0.01095958972858646,0.056977384747415635,0.118286585182628,0.6275298244425263,0.03739850136419039,0,ok,0.026618694909656376,0.6167408091699339,FLAT,0.0,-1,0.003489046562510208,0.019907713360970664,0.037935207854594206,UNLOADING,0.2706691130947946,0.0069890470317590485,0.06144292468237854,-2.500000000000002,0.0008339843750000409,0.650611425949646,0,staged_v3,0.1055079885469248,2,0.6805051816986302,0.09906102474351089,2,0,0,0
v3_pelvis_proxy:v3_right_hand_proxy,549,0.020984579556694274,0.033203124999992006,0.4309326958098035,0.010807300419334557,0.6475612587618691,FLAT,0.0,-1,0.0020446415978128867,0.01712273977335275,0.046230857648332666,UNLOADING,0.3535291356776505,0.010188803109063883,0.057356654527051056,0.08122889948086343,0.4309326958098035,0.03664718081364356,0,ok,0.026388470009703305,0.6191179297901461,FLAT,0.0,-1,0.005676486916908068,0.020224570903203582,0.02832384775508941,UNLOADING,0.3071578500985181,0.00619162148455089,0.06195097569659473,-2.500000000000002,-0.00016601562499996003,0.6504454103246461,0,staged_v3,0.0888126734716195,2,0.671572922191723,0.08778144718767855,2,0,0,0
v3_pelvis_proxy:v3_right_hand_proxy,550,0.009580260367715844,0.23320312499999218,0.46874860111443906,0.01458973745372223,0.6519088041570039,FLAT,0.0,-1,0.0019170704462160074,0.0053612209851351825,0.03871454815567031,SUPPORT,0.4024365791933488,0.021574506422648337,0.0479300875355432,0.08835702969849685,0.46874860111443906,0.03554012524587427,0,ok,0.029572658410596538,0.6193539279082577,FLAT,0.0,-1,0.008057916777049973,0.009244162464454881,0.021425573814858722,SUPPORT,0.3374737579320278,0.016827116226288057,0.053083916151117225,-2.500000000000002,-0.001166015624999961,0.6492793946996461,0,staged_v3,0.08384575404583453,2,0.6673523745827848,0.08514948281621709,2,0,0,0
v3_pelvis_proxy:v3_right_hand_proxy,551,0.08967770212708401,0.43320312499999236,0.12157190880166098,0.013073338602202837,0.6418307424081757,FLAT,0.0,-1,0.01565010254175752,0.005836006997927499,0.06164589782546159,SUPPORT,0.43257078346849165,0.02224628789334558,0.047591615756244106,0.022915764934451188,0.12157190880166098,0.033956632898488284,0,ok,0.029959623507666757,0.6206760427949128,FLAT,0.0,-1,0.00688754226109402,0.005534021491415637,0.04482961349038929,SUPPORT,0.35997900634562224,0.02170745918310383,0.049533343353530435,-2.500000000000002,-0.002166015624999962,0.6471133790746462,0,staged_v3,0.08309597082200765,2,0.6676195317763451,0.08309204197511026,2,1,0,0
v3_pelvis_proxy:v3_right_hand_proxy,552,0.2050874928972332,0.6332031249999925,0.9999926320455534,0.0133201454425263,0.6107597655106413,FLAT,0.0,-1,0.039220154902031984,0.018551329664880926,0.0753123709880493,SUPPORT,0.45154509248725067,0.010214288884521541,0.05896409386247,0.18849417038869393,0.9999926320455534,0.03315750878095669,0,ok,0.02237292699745693,0.6230469289268663,FLAT,0.0,-1,0.005272738290067143,0.019707407059619864,0.06159934071181816,SUPPORT,0.3779832050764978,0.008372559975971045,0.061503217562340576,-2.500000000000002,-0.0031660156249999627,0.6439473634496462,0,staged_v3,0.10678041295742556,2,0.6681609774682097,0.1006361068142972,2,0,0,0
v3_pelvis_proxy:v3_right_hand_proxy,553,1.0,0.43320312499999236,0.7366857978236294,0.06794461016223217,0.6031999976082577,FLAT,0.0,-1,0.019714953991627333,0.037621288537585305,0.08231054082910746,SUPPORT,0.46436131328486174,0.0,0.05313907346121792,0.138862001426799,0.7366857978236294,0.028632486284677683,0,ok,0.07096239509277295,0.6225161682515392,FLAT,0.0,-1,0.00797724831409535,0.007953441432232835,0.07248472527334152,SUPPORT,0.3969117699353346,0.020670794831434244,0.03131133157436741,2.500000000000002,-0.002166015624999962,0.6417813478246462,0,staged_v3,0.15087098896034853,2,0.6717190737196503,0.15087098896034853,2,1,1,1
