active_collision_pair,frame_idx,frame_root_angular_budget_usage,frame_root_z_budget_usage,frame_velocity_budget_usage_max,left_anchor_error_xy,left_contact_confidence,left_contact_phase,left_contact_slack,left_elbow_branch_sign,left_foot_vxy,left_heel_height,left_liftoff_probability,left_load_phase,left_lock_weight,left_swing_clearance_error,left_toe_height,max_joint_delta,max_joint_velocity_ratio,min_self_collision_distance,qp_resolve_count,qp_status,right_anchor_error_xy,right_contact_confidence,right_contact_phase,right_contact_slack,right_elbow_branch_sign,right_foot_vxy,right_heel_height,right_liftoff_probability,right_load_phase,right_lock_weight,right_swing_clearance_error,right_toe_height,root_ddz,root_dz,root_z,safety_backtracked,solver_mode,stage_a_high_priority_error,stage_a_iterations,stage_b_detail_error,stage_b_high_priority_error,stage_b_iterations,stage_b_rejected,stage_c_iterations,stage_c_triggered
v3_pelvis_proxy:v3_left_hand_proxy,0,1.0,1.0000000000000009,1.0,0.0,0.1480129139060684,AIR,0.0,1,0.0,0.09507570345105698,0.013791629392731737,UNLOADED,0.029194314930427526,0.0,0.09323825549756663,0.1884955592153876,1.0,0.03994828752688262,0,ok,0.0,0.1477903075951023,AIR,0.0,-1,0.0,0.10787151955224192,0.28346868942621073,UNLOADED,0.02117927655824442,0.0,0.08196512563742697,0.0,-0.0050000000000000044,0.745,0,staged_v3,0.6231982363530967,2,1.112806388427205,0.6120366075823951,2,0,0,0
v3_pelvis_proxy:v3_left_hand_proxy,1,0.9999999999999999,1.0000000000000009,1.0,0.0,0.17208117242400187,AIR,0.0,1,0.09088000554642067,0.08428905337276045,0.02299097579593171,UNLOADED,0.05698042361511524,0.0,0.10120497171097294,0.1884955592153876,1.0,0.02144579078789948,0,ok,0.0,0.11509920728542948,AIR,0.0,-1,0.31294494769625697,0.13496961900097307,0.4569169319086618,UNLOADED,0.02944510737208593,0.0,0.07307673168622648,0.0,-0.0050000000000000044,0.74,0,staged_v3,0.526535901216009,2,1.1097780399632111,0.5199929961778164,2,0,0,0
v3_pelvis_proxy:v3_left_hand_proxy,2,1.0000000000000002,1.0000000000000009,0.9276718178572902,0.0,0.18805555990804596,FLAT,0.0,1,0.09041020377284073,0.07283761053963522,0.029122882017717244,UNLOADED,0.08210010689690582,0.0,0.10240856511012611,0.1748620180753651,0.9276718178572902,0.01693824356540597,0,ok,0.0,0.08963935276479043,AIR,0.0,-1,0.4682553873429751,0.16693186368026675,0.5329721012845631,UNLOADED,0.031928901610459116,0.0,0.07040441299383594,0.0,-0.0050000000000000044,0.735,0,staged_v3,0.4422814196125761,2,1.0590449798932442,0.4400536726409495,2,0,0,0
v3_pelvis_proxy:v3_left_hand_proxy,3,0.9999999999999992,1.0000000000000009,0.5826250863869803,0.0,0.2068929245611958,FLAT,0.0,1,0.0831813807540526,0.06524041707409803,0.03351658481912881,UNLOADED,0.10567180157885722,0.0,0.09796021000455538,0.10982224147142736,0.5826250863869803,0.021494152610740773,0,ok,0.0,0.06981119812723269,AIR,0.0,-1,0.6344900713311169,0.19046143550696476,0.528287760742935,UNLOADING,0.032129280607130405,0.0,0.06985041334178443,0.0,-0.0050000000000000044,0.73,0,staged_v3,0.37754217115180433,2,0.9892904047506215,0.3751281590797108,2,0,0,0
v3_pelvis_proxy:v3_left_hand_proxy,4,1.0,1.0000000000000009,0.6845472853953324,0.0,0.22062622851891106,FLAT,0.0,-1,0.07905920484644992,0.06023063064782472,0.03666481044569596,UNLOADED,0.12704484319726905,0.0,0.09411940671198846,0.12903412336996872,0.6845472853953324,0.03654347610277783,0,ok,0.0,0.05436901576864181,AIR,0.0,-1,0.7114890448592448,0.2133568362402595,0.4858478682765789,UNLOADING,0.031532804142847703,0.0,0.07400954211631454,0.0,-0.0050000000000000044,0.725,0,staged_v3,0.3155860596446843,2,0.9234599096397006,0.3107971196747166,2,0,0,0
v3_torso_proxy:v3_left_forearm_proxy,5,1.000000000000001,1.0000000000000009,0.8000446394479858,0.0,0.22571435697129177,FLAT,0.0,-1,0.0892453274108829,0.05642215466840263,0.03828841845896444,LOADING,0.14505029680169101,0.0,0.09213961827242008,0.15080486171002122,0.8000446394479858,0.061134987019578355,0,ok,0.0,0.042342632055439804,AIR,0.0,-1,1.7438021174507212,0.21778335412273647,0.43721536932965077,UNLOADING,0.03043237248571677,0.0,0.07612079498718402,0.0,-0.0050000000000000044,0.72,0,staged_v3,0.23988542882630964,2,0.8568896238382763,0.2364111352438513,2,0,0,0
v3_torso_proxy:v3_left_forearm_proxy,6,0.9090944447183724,1.0000000000000009,0.9638379276784119,0.0,0.23794243489335237,FLAT,0.0,-1,0.0847849108322665,0.05375927864584186,0.0391631717569413,LOADING,0.16176500833082466,0.0,0.08981835634215028,0.18167916917074256,0.9638379276784119,0.06301168919382051,0,ok,0.0,0.03297647500208089,AIR,0.0,-1,1.9369500087797469,0.22040870008699542,0.4124925428879517,UNLOADING,0.02885259426961317,0.0,0.08298327418971432,0.0,-0.0050000000000000044,0.715,0,staged_v3,0.1921450128444845,2,0.8741579651123911,0.17839190277560477,2,0,0,0
v3_torso_proxy:v3_left_forearm_proxy,7,0.5165105593745479,1.0000000000000009,1.0000000000000002,0.0,0.24913408781755042,FLAT,0.0,-1,0.08240737754022869,0.052858672620267104,0.0397899598839694,LOADING,0.17725621715617187,0.0,0.086693204178973,0.18849555921538763,1.0000000000000002,0.06669031949452418,0,ok,0.0,0.025682104554555205,AIR,0.0,-1,2.3268894894405303,0.21415381376867232,0.39477786365659273,UNLOADING,0.026951277685997383,0.0,0.08956814608952796,0.0,-0.0050000000000000044,0.71,0,staged_v3,0.1589508402100385,2,0.9291358909916507,0.1501606469105008,2,0,0,0
v3_torso_proxy:v3_left_forearm_proxy,8,0.3406455252963946,1.0000000000000009,0.878679713673849,0.0,0.25376953035233973,FLAT,0.0,-1,0.08274861765143783,0.05229574325710041,0.04016840023172453,SUPPORT,0.23180497372493752,0.0,0.08359368568564059,0.16562722400016883,0.878679713673849,0.07155673722726022,0,ok,0.0,0.020001243138009286,AIR,0.0,-1,2.479998105981846,0.20167882126631137,0.3820847413305528,UNLOADING,0.024866677063331115,0.0,0.09302798961066702,0.0,-0.0050000000000000044,0.705,0,staged_v3,0.138730112308576,2,0.9718497172994881,0.13308319662544957,2,0,0,0
v3_torso_proxy:v3_left_forearm_proxy,9,0.22701716129403623,1.0000000000000009,0.6891212513429416,0.0,0.26044797065603875,FLAT,0.0,-1,0.08092562649371327,0.05100752962773354,0.040439564590075514,SUPPORT,0.27544397897995004,0.0,0.07994369798853754,0.12989629563909544,0.6891212513429416,0.0769594277284527,0,ok,0.0,0.015576983818283196,AIR,0.0,-1,2.562385010434381,0.18456051186427838,0.3912127089324013,UNLOADING,0.022669018880246163,0.0,0.09360263366813498,0.0,-0.0050000000000000044,0.7,0,staged_v3,0.12616649013432082,2,1.0027272059882797,0.12216581242690897,2,0,0,0
v3_torso_proxy:v3_left_forearm_proxy,10,0.156410366484777,1.0000000000000009,0.4795597978451435,0.0,0.271769604039989,FLAT,0.0,-1,0.07605618223102933,0.04869661798489891,0.04063386234314565,SUPPORT,0.31035518318396005,0.0,0.07616869196367662,0.09039489227203856,0.4795597978451435,0.08314771043524334,0,ok,0.0,0.012131367195569556,AIR,0.0,-1,2.6794076294246603,0.16296479171671133,0.41597617069842807,UNLOADING,0.020442731543670996,0.0,0.09025654847036611,0.0,-0.0050000000000000044,0.695,0,staged_v3,0.11515137139823486,2,1.0266533943593217,0.11231425590802435,2,0,0,0
v3_torso_proxy:v3_left_forearm_proxy,11,0.11674935290119196,1.0000000000000009,0.33056832863648294,0.0,0.28609058633832096,FLAT,0.0,-1,0.0742097248728972,0.04579208051553348,0.04077308276679453,SUPPORT,0.33828414654716804,0.0,0.07177544285051345,0.062310661965229885,0.33056832863648294,0.08952367195034412,0,ok,0.0,0.009447918271636322,AIR,0.0,-1,2.7402286353955625,0.139320556094486,0.45884776043411474,UNLOADING,0.01825273591342249,0.0,0.08584927975372697,0.0,-0.0050000000000000044,0.69,0,staged_v3,0.1061724728116956,2,1.0432213667715367,0.10418749697853533,2,0,0,0
v3_pelvis_proxy:v3_right_hand_proxy,12,0.09528635181222546,1.0000000000000009,0.3568682069252216,0.0003936553523699526,0.2954131984322854,FLAT,0.0,-1,0.07583508192744574,0.04275385435823233,0.040874839806465536,SUPPORT,0.36062731723773445,0.0,0.06704717053032841,0.0672680722305623,0.3568682069252216,0.0910989450282566,0,ok,0.0,0.007358046148345002,FLAT,0.0,-1,2.8455009481024423,0.11446432975808589,0.537970530783593,UNLOADING,0.01613086423384637,0.0,0.08138173464861079,0.0,-0.0050000000000000044,0.6849999999999999,0,staged_v3,0.09687023366146182,2,1.0551713544757768,0.09849742803281307,2,0,0,0
v3_pelvis_proxy:v3_right_hand_proxy,13,0.16069113413502012,1.0000000000000009,0.3137010365182231,0.0002935589380615998,0.29749818581282494,FLAT,0.0,-1,0.0775172599885607,0.0401997553803739,0.04094775191146111,SUPPORT,0.3785018537901876,0.0,0.0624613104692872,0.0591312523049492,0.3137010365182231,0.09199808433303508,0,ok,0.0,0.005730452102206622,FLAT,0.0,-1,2.9134371104404013,0.09139842530835894,0.6420741027994992,UNLOADING,0.01411946608758929,0.0,0.07941765184141311,0.0,-0.0050000000000000044,0.6799999999999999,0,staged_v3,0.09098208486539826,2,1.0537411034811257,0.09206037190930383,2,1,0,0
v3_pelvis_proxy:v3_right_hand_proxy,14,0.09034487858573166,1.0000000000000009,0.35743141745717477,0.0008682744455576956,0.30080555165999845,FLAT,0.0,-1,0.07780698321749956,0.03831594641293325,0.04099999571761029,SUPPORT,0.39280148303215007,0.0,0.0581125072920622,0.06737423491473882,0.35743141745717477,0.09266978042177862,0,ok,0.0,0.004462880584551696,FLAT,0.0,-1,2.946274156762868,0.07003495769783474,0.7435348877906258,UNLOADING,0.012265909956489976,0.0,0.08004675465442643,0.0,-0.0050000000000000044,0.6749999999999999,0,staged_v3,0.08997556396359273,2,1.0542815740141576,0.09128372331646066,2,1,0,0
v3_pelvis_proxy:v3_right_hand_proxy,15,0.05285490293786698,1.0000000000000009,0.3175926130268972,0.0020635387066677115,0.29361170185238633,FLAT,0.0,-1,0.08224998783451194,0.035115519958064334,0.04405291941833556,SUPPORT,0.40424118642572004,0.0,0.05218026913328034,0.059864797195181174,0.3175926130268972,0.09253519671543789,0,ok,0.0,0.00347569489400303,FLAT,0.0,-1,2.9869961040257778,0.0612507242741086,0.8117244588302694,UNLOADING,0.010607121153721307,0.0043354986674048746,0.08862974393299951,0.0,-0.0050000000000000044,0.6699999999999999,0,staged_v3,0.09146120851678045,2,1.0550295619098076,0.09268508343968665,2,1,0,0
v3_pelvis_proxy:v3_right_hand_proxy,16,0.048337378172673195,1.0000000000000009,0.3390876872140214,0.0021010848611885445,0.29299927280193144,FLAT,0.0,-1,0.0812907575231221,0.03291156690634042,0.052821056040111086,SUPPORT,0.41339294914057606,0.0,0.04706851857172148,0.0639165232244594,0.3390876872140214,0.0921944119252131,0,ok,0.0,0.0027068739051668432,FLAT,0.0,-1,2.9513440323407325,0.05472172845609341,0.8153772446453009,UNLOADING,0.009163211063013925,0.011047133776171641,0.09961141604684201,0.0,-0.0050000000000000044,0.6649999999999999,0,staged_v3,0.09119602042428389,2,1.0557902866985494,0.09251665316841756,2,1,0,0
v3_pelvis_proxy:v3_right_hand_proxy,17,0.07231976437315736,1.0000000000000009,0.32298564054870244,0.0023562120982974816,0.29258560818702667,FLAT,0.0,-1,0.08205685273418144,0.03211856537341061,0.06655400251545798,SUPPORT,0.4207143593124609,0.0,0.042899736067427655,0.06088135893376784,0.32298564054870244,0.09257077100847352,0,ok,0.0,0.002108115517019489,FLAT,0.0,-1,2.8919843418934956,0.04632087261614164,0.762704677390976,UNLOADING,0.007925644618541682,0.01681436125340717,0.10663786548870109,0.0,-0.0050000000000000044,0.6599999999999999,0,staged_v3,0.09012470538721491,2,1.056131248849728,0.09154525687118299,2,1,0,0
v3_pelvis_proxy:v3_right_hand_proxy,18,0.06746671150789896,1.0000000000000009,0.40824130798703434,0.0030618193991420028,0.2938653040031952,FLAT,0.0,-1,0.08161758231790063,0.03175835972459623,0.08877524301451492,SUPPORT,0.4265714874499687,0.0,0.03907867035672492,0.07695167364383732,0.40824130798703434,0.09296938073292177,0,ok,0.0,0.0016418020154597578,FLAT,0.0,-1,2.6827394963361404,0.039386381186427885,0.7003847849030866,UNLOADING,0.006863682367894088,0.02063285805872645,0.1123039169236197,0.0,-0.0050000000000000044,0.6549999999999999,0,staged_v3,0.08895051166117182,2,1.0565504968538222,0.09044911369654039,2,1,0,0
v3_pelvis_proxy:v3_right_hand_proxy,19,0.05783364841699318,1.0000000000000009,0.4639335737530825,0.0039386560824294,0.2996198816029553,FLAT,0.0,-1,0.08226410753894409,0.03165019372043071,0.13919624492202357,SUPPORT,0.431257189959975,0.00030961852567047005,0.03549267129630701,0.08744941842338055,0.4639335737530825,0.09313724332309398,0,ok,0.0,0.0012786366952882702,AIR,0.0,-1,2.5368753270116327,0.03485259453959643,0.6517374703463319,UNLOADING,0.005946770779624804,0.022734278977720165,0.11876251294425741,0.0,-0.0050000000000000044,0.6499999999999999,0,staged_v3,0.08796049510314247,2,1.0570300933366776,0.089500881742573,2,1,0,0
v3_pelvis_proxy:v3_right_hand_proxy,20,0.048157211911120726,1.0000000000000009,0.41244411266626857,0.005320199732833373,0.30353568980037776,FLAT,0.0,-1,0.07368515858855719,0.031767941571058944,0.21127684142117958,SUPPORT,0.43500575196797997,0.0037959005000000393,0.032546317080788256,0.07774388366212262,0.41244411266626857,0.09289050396772958,0,ok,0.0,0.000995803259554338,AIR,0.0,-1,1.6555431719203053,0.02857873421616394,0.6078329952997612,UNLOADING,0.005153020837045569,0.02681291554882412,0.1311889679979652,0.0,-0.0050000000000000044,0.6449999999999999,0,staged_v3,0.08770516226407687,2,1.0573495517233513,0.08931106936464876,2,1,0,0
v3_pelvis_proxy:v3_right_hand_proxy,21,0.03710203195237414,1.0000000000000009,0.2469821421560299,0.006815689333728873,0.3180912157152603,FLAT,0.0,-1,0.0686645809295079,0.031736780082326554,0.32272500835457335,SUPPORT,0.438004601574384,0.011210629165639804,0.029925621252088867,0.04655503700191521,0.2469821421560299,0.09181412718541762,0,ok,0.0,0.0007755323583259759,AIR,0.0,-1,1.2826893427620165,0.023229056483997614,0.5631415657088265,UNLOADING,0.004465274696296263,0.029928021801443713,0.13645949174466385,0.0,-0.0050000000000000044,0.6399999999999999,0,staged_v3,0.08820835541034386,2,1.0583687999990763,0.08980909268271059,2,1,0,0
v3_pelvis_proxy:v3_right_hand_proxy,22,0.062212872615347255,1.0000000000000009,0.11790604111470337,0.008851167552522224,0.3321802188042414,FLAT,0.0,-1,0.07018163967858142,0.030560041543069145,0.44790648520650334,SUPPORT,0.4404036812595072,0.02032824139552814,0.02706708286479703,0.022224765154788495,0.11790604111470337,0.08906397982467898,0,ok,0.0,0.0006039852079614833,AIR,0.0,-1,0.6238729275799446,0.016034552563940565,0.5330116770093782,UNLOADING,0.0038676717453078073,0.03561603128652835,0.12481455171645316,0.0,-0.0050000000000000044,0.6349999999999999,0,staged_v3,0.089530976401623,2,1.060581524700875,0.09104901625358158,2,1,0,0
v3_pelvis_proxy:v3_right_hand_proxy,23,0.04293624667265143,1.0000000000000009,0.6771866520936219,0.002033304303825932,0.3409833547531308,FLAT,0.0,-1,0.07758501700446127,0.049657909328294746,0.5460692624299491,UNLOADING,0.3989185221598549,0.009103131861448899,0.04320033126004856,0.1276466766795834,0.6771866520936219,0.08725338414524075,0,ok,0.0,0.00047038415292394853,AIR,0.0,-1,0.6176066255271521,0.008022371701473265,0.5095700232326466,UNLOADING,0.003348102994433867,0.04245612946015906,0.10138852770561578,0.0,-0.0050000000000000044,0.6299999999999999,0,staged_v3,0.09075496094581566,2,1.064757942419565,0.09222934851632777,2,1,0,0
v3_pelvis_proxy:v3_right_hand_proxy,24,0.10260855687267702,1.0000000000000009,0.5742004022902811,0.00267774326668275,0.32457456455261363,FLAT,0.0,-1,0.08263849987627861,0.05823106084197182,0.6430365967705264,UNLOADING,0.35845441845592746,0.008067684784950423,0.049084145053575896,0.10823422593140708,0.5742004022902811,0.08298862002154059,0,ok,0.0,0.00036633554664155057,AIR,0.0,-1,0.5740272160045453,0.005902971898747612,0.42890384164044787,UNLOADING,0.002899690112851534,0.04054222018327479,0.07664406501658381,0.0,-0.0050000000000000044,0.6249999999999999,0,staged_v3,0.09265692987606353,2,1.0687718378005955,0.0940152845808103,2,1,0,0
v3_pelvis_proxy:v3_right_hand_proxy,25,0.18623986707253262,1.0000000000000009,0.2775998629956223,0.006764494312270586,0.33630687051705804,FLAT,0.0,-1,0.06522397799886565,0.06249302477901114,0.7442245448571052,UNLOADING,0.3194998848323985,0.012440135133044476,0.04977109210981079,0.05232634141347481,0.2775998629956223,0.07680487001686356,0,ok,0.0,0.00028530241059133076,AIR,0.0,-1,0.2821530564686919,0.005780225917315662,0.3507914429979114,UNLOADING,0.0025119087776283456,0.036759346232579905,0.06319663130236541,0.0,-0.0050000000000000044,0.6199999999999999,0,staged_v3,0.09483197876574896,2,1.0732639265539043,0.09601258625749973,2,1,0,0
v3_pelvis_proxy:v3_right_hand_proxy,26,0.9999999999999999,1.0000000000000009,1.0,0.07956085103858428,0.31520138117976626,FLAT,0.0,-1,0.07043227794225772,0.12891135410004423,0.8167288779138542,UNLOADING,0.2819598431330172,0.009959886745623786,0.05587655715006892,0.1884955592153876,1.0,0.05759472422506534,0,ok,0.0,0.00022219374078068788,FLAT,0.0,-1,0.18612933581377716,0.024237343656731875,0.2791348268381831,LOADING,0.002175946342170488,0.014719397685177282,0.04339523891685326,0.0,-0.0050000000000000044,0.6149999999999999,0,staged_v3,0.21656722280496382,2,1.0880223066166905,0.17895685636546935,2,0,0,0
v3_pelvis_proxy:v3_right_hand_proxy,27,0.9987306156439566,0.8000000000000007,0.8856311558426351,0.024854462808471884,0.2624969841320877,FLAT,0.0,-1,0.08125713562770599,0.037881312498100554,0.868680502701285,UNLOADING,0.24207136772944396,0.06508288238502791,0.0033511427500363443,0.16693753997912758,0.8856311558426351,0.0419676248370357,0,ok,0.0,0.056341276420131085,FLAT,0.0,-1,0.08556520987451667,0.08729581154152352,0.21921008601475214,LOADING,0.010538897147715035,0.0,0.14605845180485344,2.500000000000002,-0.0040000000000000036,0.6109999999999999,0,staged_v3,0.23585345590079676,2,1.0784645259222936,0.23707066160425042,2,1,0,0
v3_pelvis_proxy:v3_right_hand_proxy,28,0.9911528267579243,0.9929199218750018,0.8816457614221118,0.047391145540821814,0.20443285679595205,FLAT,0.0,-1,0.332719087304661,0.054862512339371186,0.9059054684966606,UNLOADING,0.20963611017163555,0.052910172603350215,0.01738510082148282,0.16618631082913718,0.8816457614221118,0.06415540749984044,0,ok,0.0,0.08522726752210194,FLAT,0.0,-1,0.10864443763098101,0.0021103989204465908,0.18160375132530218,LOADING,0.022381052923148653,0.031969788645818516,0.05524551552528574,-2.4114990234375133,-0.004964599609375009,0.6060354003906249,1,staged_v3,0.21378741228742992,2,1.0799582998731627,0.2151438918173035,2,1,0,0
v3_pelvis_proxy:v3_right_hand_proxy,29,0.6101684570312501,0.4838147252798075,0.34368052991067066,0.12191027116084807,0.15921246895821184,FLAT,0.0,-1,0.4465089500580982,0.055595535186282664,0.9325783220240855,UNLOADING,0.18031257972100254,0.0669376301700749,0.004691285931129382,0.06478225367695262,0.34368052991067066,0.06742465742332729,0,ok,0.0,0.09961883725559381,FLAT,0.0,-1,0.1202629041756209,0.022603682205819146,0.15465763504439403,LOADING,0.03474724703447318,0.010129199546400555,0.07473964368776317,6.363814957439928,-0.0024190736263990376,0.6036163267642258,1,staged_v3,0.21749921977945802,2,1.0882517170363075,0.21749921977945802,2,1,1,1
v3_pelvis_proxy:v3_right_hand_proxy,30,0.17393175959644666,0.6838147252798077,1.0000000000000002,0.06653844887910748,0.12399479549938712,FLAT,0.0,-1,0.7848541979910899,0.18812123265504502,0.94328724729422,UNLOADING,0.1545536397608593,0.016143288073580196,0.0560210742911308,0.18849555921538763,1.0000000000000002,0.014469989817632894,0,ok,0.0,0.09927851439826121,FLAT,0.0,-1,0.1303666014822024,0.05435546189723622,0.1359276491690416,LOADING,0.044954561492200694,0.0,0.07788765473061293,-2.500000000000002,-0.0034190736263990384,0.6001972531378268,0,staged_v3,0.18655533001689464,2,1.0938094732528048,0.1871445278906723,2,0,0,0
v3_pelvis_proxy:v3_right_hand_proxy,31,0.9999999999999999,0.4838147252798075,1.0000000000000002,0.21743366737803285,0.0965672438317014,FLAT,0.0,-1,0.9295837817539436,0.14282415199232068,0.8907484891581894,UNLOADING,0.13273102460813055,0.052975323152571654,0.016562101305337824,0.18849555921538763,1.0000000000000002,0.02834142694218117,0,ok,0.0,0.11551869252040191,FLAT,0.0,-1,0.11872914213476925,0.06965436035972443,0.12294558822287582,LOADING,0.056226884977309266,0.0,0.10297140213790618,2.500000000000002,-0.0024190736263990376,0.5977781795114278,0,staged_v3,0.34552524044075517,2,1.0885316585271927,0.34402687911555824,2,1,1,1
v3_pelvis_proxy:v3_right_hand_proxy,32,0.9999999999999999,0.32801978573233637,0.7925834849266937,0.13225683596293433,0.07520664511517634,FLAT,0.0,-1,1.4008937736679157,0.1417912185344718,0.7943870605809057,UNLOADING,0.1137694496641119,0.058608522027835286,0.006110831001210005,0.14939846721613786,0.7925834849266937,0.028604409061952413,0,ok,0.0,0.13775382010854437,FLAT,0.0,-1,0.11125265362592618,0.00579419287855526,0.11437906961591318,LOADING,0.06938104124754566,0.0249247606022404,0.043220032069740316,1.9474367443433893,-0.0016400989286616818,0.5961380805827661,0,staged_v3,0.30486241936097075,2,1.0811286435445269,0.30486241936097075,2,1,0,0
v3_pelvis_proxy:v3_right_hand_proxy,33,0.16314697265624958,0.020886040482337442,0.16314697265625006,0.11683789457381102,0.05857099410787258,AIR,0.0,-1,1.9868553240121944,0.14091531505595012,0.7048632172748687,UNLOADING,0.09751667114066734,0.05872750862497468,0.0015156522387687514,0.030752479845137404,0.16314697265625006,0.022577853277792742,0,ok,0.0,0.1657585511113357,FLAT,0.0,-1,0.10291939653343896,0.01089703086188865,0.10809513005785278,LOADING,0.08507300479218745,0.019507725641003993,0.03821184349356903,3.8391718156249866,-0.00010443020241168721,0.5960336503803544,1,staged_v3,0.16445525052195883,2,1.0943196908758108,0.16582671245382696,2,1,1,1
v3_pelvis_proxy:v3_right_hand_proxy,34,0.9999999999999999,0.17911395951766274,1.0000000000000002,0.22909262535663655,0.04561513607648181,AIR,0.0,-1,2.257261543410636,0.12839708183863446,0.6224935933257922,UNLOADING,0.083585718120572,0.027789340044076245,0.028335339622213372,0.18849555921538763,1.0000000000000002,0.023629554111327777,0,ok,0.0,0.19309770578386193,FLAT,0.0,-1,0.09581756017269662,0.04175828183506554,0.1033793058290808,LOADING,0.1026854836342976,0.0,0.036551606990914226,2.500000000000002,0.0008955697975883137,0.5969292201779427,0,staged_v3,0.17926430709379182,2,1.1212650504794768,0.1762890461275307,2,0,0,0
v3_pelvis_proxy:v3_right_hand_proxy,35,0.5833740234375,0.3791139595176629,0.5833740234375001,0.1956483741078377,0.03552510369627272,AIR,0.0,-1,2.372320301596943,0.16055005913664228,0.545250191548691,UNLOADING,0.07164490124620457,0.003328415794562091,0.048934093782872466,0.10996341277958221,0.5833740234375001,0.022201233338820403,0,ok,0.0,0.15038464447376343,FLAT,0.0,-1,0.17309044714474442,0.004660069256304914,0.09404187181826032,LOADING,0.1093968251103835,0.025042024334608105,0.0076313182274856,2.500000000000002,0.0018955697975883146,0.598824789975531,1,staged_v3,0.35929701323605634,2,1.1071286995871326,0.35929701323605634,2,1,1,1
v3_pelvis_proxy:v3_right_hand_proxy,36,0.1525878906249999,0.5791139595176631,0.12643025871264207,0.20777875399599846,0.027666978577350055,AIR,0.0,-1,2.414147134238,0.16346206094898702,0.489902875640167,UNLOADING,0.06140991535388963,0.0001457365927423973,0.049349407189265955,0.0238315423177856,0.12643025871264207,0.021498597971562436,0,ok,0.0,0.13857038003153416,FLAT,0.0,-1,0.13167387987310905,0.004099271910402614,0.08036930957669408,LOADING,0.11300417494043072,0.024919193568432092,0.004611206696872231,2.500000000000002,0.0028955697975883155,0.6017203597731193,1,staged_v3,0.20409702997673435,2,1.1111564765797182,0.20524985703383994,2,1,1,1
v3_pelvis_proxy:v3_right_hand_proxy,37,0.90081787109375,0.7791139595176633,0.9008162349425223,0.4144061302572898,0.021547064581260007,AIR,0.0,-1,2.5853619383422655,0.13561090296540326,0.46846777801288997,UNLOADING,0.05263707030333397,0.0,0.06950922969829518,0.16979985995579072,0.9008162349425223,0.009990743328034436,0,ok,0.0,0.20021353072165876,FLAT,0.0,-1,0.07144511589476349,0.041378507248357455,0.07033999199354848,LOADING,0.12762944246708402,0.0,0.05120360747977008,2.500000000000002,0.0038955697975883163,0.6056159295707076,1,staged_v3,0.13609594312266057,2,1.111451139114654,0.13697934350510857,2,1,1,1
v3_pelvis_proxy:v3_right_hand_proxy,38,0.6485595703125,0.9791139595176634,0.6485595703125002,0.4990477679851328,0.016780870768775425,AIR,0.0,-1,2.6815316405899083,0.1392470275996326,0.47133184659513927,UNLOADING,0.04511748883142912,0.0,0.1067886550036871,0.12225059889054624,0.6485595703125002,0.024599867989858214,0,ok,0.0,0.23543122425822793,FLAT,0.0,-1,0.08062142318248554,0.003157036857644871,0.06263337344537875,LOADING,0.14624062846737915,0.02497463181462407,0.035542870207126744,2.500000000000002,0.004895569797588317,0.610511499368296,1,staged_v3,0.22870135851720844,2,1.1189936189386738,0.23017162648852357,2,1,1,1
v3_pelvis_proxy:v3_right_hand_proxy,39,0.6025390625000002,1.0000000000000009,0.4767246534933953,0.55832423553646,0.01306895529534235,AIR,0.0,-1,2.7517172910279246,0.16554464089521503,0.49558723535762833,UNLOADING,0.0386721332840821,0.0,0.14685052761085998,0.08986048015199943,0.4767246534933953,0.030306572728869483,0,ok,0.0,0.2488299368447447,FLAT,0.0,-1,0.08630629944529276,0.006499357969891786,0.056593098831572826,LOADING,0.16394207870123054,0.021330296971686858,0.05722795568056624,0.26107550602921803,0.0050000000000000044,0.615511499368296,1,staged_v3,0.19551793397830372,2,1.1241488330807103,0.19551793397830372,2,1,1,1
v3_pelvis_proxy:v3_right_hand_proxy,40,0.9999999999999996,1.0000000000000009,0.3791153044284475,0.6423878569589703,0.010178112617937805,AIR,0.0,-1,2.8570889696399857,0.21218157347659208,0.5708860678780845,UNLOADING,0.033147542814927516,0.0,0.21552896023689627,0.07146155131535212,0.3791153044284475,0.037033564389815476,0,ok,0.0,0.27337437583143787,FLAT,0.0,-1,0.0819820716479418,0.03571801029567957,0.05226505294631687,SUPPORT,0.22115366296098443,0.0,0.08612189786324584,0.0,0.0050000000000000044,0.620511499368296,0,staged_v3,0.14528759542578004,2,1.128868334404816,0.14528759542578004,2,1,1,1
v3_pelvis_proxy:v3_right_hand_proxy,41,0.9999999999999999,0.8000000000000007,1.0000000000000002,0.0,0.007926722077038909,AIR,0.0,-1,2.8932176497996434,0.08457547154606204,0.6608639351005335,UNLOADING,0.02841217955565216,0.0,0.08227015016102734,0.18849555921538763,1.0000000000000002,0.05927456135515702,0,ok,0.0,0.2934240136444033,FLAT,0.0,-1,0.08264987357023325,0.01626059710707271,0.04891966997006546,SUPPORT,0.26692293036878756,0.01660441086594115,0.010841572632562125,-2.500000000000002,0.0040000000000000036,0.624511499368296,0,staged_v3,0.27073171036837224,2,1.1115390460884211,0.16786581539384737,2,0,0,0
v3_pelvis_proxy:v3_right_hand_proxy,42,1.0,1.0000000000000009,0.9999999371152165,0.0,0.006173337360787295,FLAT,0.0,-1,2.925185545056153,0.17413041450097388,0.7303542452578543,UNLOADING,0.024591098792262903,0.0,0.22199360390423567,0.18849554736188517,0.9999999371152165,0.05158838549937725,0,ok,0.0,0.30874743979403335,FLAT,0.0,-1,0.08092691371629115,0.014901585508532107,0.04951146754571448,SUPPORT,0.30353834429503007,0.01257398786875362,0.0670562604051537,2.500000000000002,0.0050000000000000044,0.629511499368296,0,staged_v3,0.28253880546848825,2,1.1244293051367202,0.28364082663597695,2,1,1,1
v3_pelvis_proxy:v3_right_hand_proxy,43,0.9257529586567977,0.9500000000000064,0.9999947067482605,0.0,0.004807799970745106,FLAT,0.0,-1,2.9430671732980316,0.0756534271298105,0.755381976513487,UNLOADING,0.021246095325677086,0.0,0.12432210898306373,0.1884945614609409,0.9999947067482605,0.05422274377394898,0,ok,0.0,0.3218691032000105,FLAT,0.0,-1,0.07957843685781336,0.09473193699868063,0.05652245451689124,SUPPORT,0.33283067543602407,0.0,0.036598424111612377,-0.6249999999999312,0.004750000000000032,0.634261499368296,0,staged_v3,0.3265527555697048,2,1.123879880778945,0.32830971567621375,2,1,0,0
v3_pelvis_proxy:v3_right_hand_proxy,44,0.9997431384980311,0.7500000000000062,1.0000000000000002,0.0,0.0037443183820669657,FLAT,0.0,-1,2.9287378132071265,0.051456666035166854,0.7256764930145361,UNLOADING,0.018357675214843036,0.009827158615559953,0.10273363707590508,0.18849555921538763,1.0000000000000002,0.053682422175100164,0,ok,0.21641886760684528,0.3353158256018639,FLAT,0.0,-1,0.08030724459421693,0.006382934817913821,0.06854247074289734,SUPPORT,0.35626454034881927,0.02204418871923105,0.024821614748999028,-2.500000000000002,0.003750000000000031,0.638011499368296,0,staged_v3,0.30979358448100763,2,1.1249950123883783,0.3106328510536497,2,1,0,0
v3_pelvis_proxy:v3_right_hand_proxy,45,0.9554569659315881,0.550000000000006,0.6361154740102691,0.0,0.0029160780880224087,FLAT,0.0,-1,2.7770423315515047,0.027660366034073673,0.6738529314236683,UNLOADING,0.01587101737274377,0.031032280537109748,0.09091996365999408,0.11990494199912705,0.6361154740102691,0.04845454998847126,0,ok,0.2888764764268744,0.3387571902647789,FLAT,0.0,-1,0.0790695511098196,0.013459909312286963,0.08558711392547008,SUPPORT,0.37501163227905543,0.01581944638398654,0.03536358066928636,-2.500000000000002,0.00275000000000003,0.6407614993682961,0,staged_v3,0.21949709925099933,2,1.1214644644080698,0.22016568234992076,2,1,0,0
v3_pelvis_proxy:v3_right_hand_proxy,46,0.19800740982296583,0.35000000000000586,0.3076200042319192,0.0,0.002271043898449217,FLAT,0.0,-1,2.4975296900637964,0.02794112977205277,0.6235898283316672,UNLOADING,0.013725849751449174,0.028238361644530592,0.10973510463995739,0.057985004723535516,0.3076200042319192,0.04644681047273262,0,ok,0.28935340308124924,0.34546122166851084,FLAT,0.0,-1,0.07815098016936904,0.01724544362794854,0.11043234095662591,SUPPORT,0.39000930582324433,0.013276173419882756,0.03712220764286349,-2.500000000000002,0.0017500000000000293,0.6425114993682961,0,staged_v3,0.09763740967117304,2,1.1220565178777513,0.09873978667212331,2,1,0,0
v3_pelvis_proxy:v3_right_hand_proxy,47,0.08289199588684654,0.15000000000000568,0.37259708175372686,0.0,0.0017686907665017862,AIR,0.0,-1,2.036415636251313,0.028213993444968034,0.5919178596448695,UNLOADING,0.01186812423175935,0.026381899537275447,0.1297758497823277,0.07023289528719023,0.37259708175372686,0.04881425724105351,0,ok,0.28980032858094307,0.34638877710092597,FLAT,0.0,-1,0.07784678481872849,0.020786042038601224,0.1613185615784899,SUPPORT,0.40200744465859545,0.012279886040323276,0.03853718508536623,-2.500000000000002,0.0007500000000000284,0.6432614993682961,0,staged_v3,0.09532766970546758,2,1.1219140455356842,0.09654975718499925,2,1,0,0
v3_pelvis_proxy:v3_right_hand_proxy,48,0.09669093096454281,0.04999999999999449,0.23661110837497967,0.0,0.0013774577539627543,AIR,0.0,-1,1.2404882532403112,0.025457530918250097,0.5561561392043873,UNLOADING,0.010260017365451112,0.02735027604196927,0.1363603222035979,0.044600143189714475,0.23661110837497967,0.052532927208380376,0,ok,0.28927268825848723,0.3685518044100081,FLAT,0.0,-1,0.054779764104945956,0.03196479515915848,0.22886076495948532,UNLOADING,0.3445778097073675,0.004478243088815788,0.04465183961204081,-2.500000000000002,-0.00024999999999997247,0.6430114993682962,0,staged_v3,0.0947155787300134,2,1.1214262389113616,0.09597553157287965,2,1,0,0
v3_pelvis_proxy:v3_right_hand_proxy,49,0.030363036939771656,0.24999999999999467,0.32885290458277994,0.0,0.0010727651774339716,AIR,0.0,-1,0.8941476296385151,0.023427060306204426,0.5011139028335493,UNLOADING,0.008870755975036112,0.02662863483547304,0.13852965945564688,0.0619873121489356,0.32885290458277994,0.05906096352355697,0,ok,0.28963474094089164,0.4016565181639161,FLAT,0.0,-1,0.049261584752467516,0.03776252302743594,0.3191222755505284,UNLOADING,0.2953524083206007,0.003193590750090479,0.04827549263674612,-2.500000000000002,-0.0012499999999999734,0.6417614993682962,0,staged_v3,0.09484591561130097,2,1.1209401623500732,0.09611841921556401,2,1,0,0
v3_pelvis_proxy:v3_right_hand_proxy,50,0.04956468611388673,0.44999999999999485,0.5771735203661357,0.0,0.0008354703602373117,AIR,0.0,-1,0.7329779588227373,0.022710540671914168,0.45510459764747213,UNLOADING,0.007668539972615971,0.02504468921045944,0.11568210093942045,0.10879464548572865,0.5771735203661357,0.06718295081206846,0,ok,0.29022095602116343,0.41052992910262154,FLAT,0.0,-1,0.05707838660437267,0.04319716938320692,0.4404483356204991,UNLOADING,0.2531592071319435,0.0038252473978180393,0.05034768642899638,-2.500000000000002,-0.0022499999999999742,0.6395114993682962,0,staged_v3,0.0961589493350546,2,1.1166019646738505,0.09749062160434557,2,1,0,0
v3_pelvis_proxy:v3_right_hand_proxy,51,0.03539918165016061,0.649999999999995,0.5243049722884533,0.0,0.0006506649707857671,AIR,0.0,-1,0.6134924238074516,0.023352517981735887,0.39345020353114246,UNLOADING,0.006629414363042192,0.021319992194821242,0.09440693266208874,0.09882915895092031,0.5243049722884533,0.07521886292323353,0,ok,0.2901571137877832,0.4351265655574075,FLAT,0.0,-1,0.05618878551011579,0.050981329887765825,0.5646893909291969,UNLOADING,0.21699360611309443,0.002253139658694024,0.05457021129607266,-2.500000000000002,-0.003249999999999975,0.6362614993682962,0,staged_v3,0.09735285700202988,2,1.1113251823236185,0.0986712582215354,2,1,0,0
v3_pelvis_proxy:v3_left_hand_proxy,52,0.07714016462374419,0.8499999999999952,0.364205770320003,0.0,0.0005067383887650882,AIR,0.0,-1,0.3508559899576484,0.020571199679312906,0.3162606473242213,UNLOADED,0.0057318518794519085,0.02024183268689816,0.07639921681560652,0.06865117034593998,0.364205770320003,0.07463408088323276,0,ok,0.288603498942857,0.454535043669847,FLAT,0.0,-1,0.06176205210658188,0.061214036270620116,0.6828962731512507,UNLOADING,0.18599451952550952,0.0,0.060639842178494115,-2.500000000000002,-0.004249999999999976,0.6320114993682963,0,staged_v3,0.097322721751944,2,1.104509418287149,0.09859999675009506,2,1,0,0
v3_pelvis_proxy:v3_left_hand_proxy,53,0.16947952594489782,1.0000000000000009,0.21290395257928077,0.0,0.0003946482539825927,FLAT,0.0,-1,0.1579095188572128,0.016468256322375252,0.24765785811882154,UNLOADED,0.00495543168420034,0.020914636583565828,0.06617049177592609,0.04013144960059789,0.21290395257928077,0.0678569849769039,0,ok,0.29181559655062067,0.46968839692742526,FLAT,0.0,-1,0.05374510433192172,0.0616048622375126,0.7727852510132327,UNLOADING,0.15942387387900817,0.008261090994741302,0.05537817155592033,-1.875000000000071,-0.0050000000000000044,0.6270114993682963,0,staged_v3,0.09818313566728619,2,1.098979486221815,0.09942982433658831,2,1,0,0
v3_pelvis_proxy:v3_left_hand_proxy,54,0.138800537594642,1.0000000000000009,0.22332615450805876,0.0,0.03449453342042947,FLAT,0.0,-1,0.10596944900943402,0.010431980083064372,0.19688813956616252,UNLOADED,0.00950493912937593,0.02441242689524376,0.05909346568251121,0.04209598838141859,0.22332615450805876,0.06142631921299749,0,ok,0.2932763123297228,0.39077791307822823,FLAT,0.0,-1,0.07308386768183806,0.06726600762944054,0.8371935181268171,UNLOADING,0.13664903475343557,0.015553172000803528,0.05130650390553733,0.0,-0.0050000000000000044,0.6220114993682963,0,staged_v3,0.0989711737061705,2,1.093715508069699,0.1001444668414405,2,1,0,0
v3_pelvis_proxy:v3_left_hand_proxy,55,0.39020228464965806,1.0000000000000009,0.9999642509701382,0.0,0.046779170698638683,FLAT,0.0,-1,0.11964285662784695,0.03921569304017453,0.17673937978244347,UNLOADED,0.015306241120025592,0.0,0.07775435846336477,0.1884888206820124,0.9999642509701382,0.04687644276390557,0,ok,0.2967116781439367,0.3280989494275874,FLAT,0.0,-1,0.10447395739387882,0.07281610385205219,0.8833440581735004,UNLOADING,0.11712774407437335,0.03150722710948861,0.03765997579918641,0.0,-0.0050000000000000044,0.6170114993682962,0,staged_v3,0.10561000111297587,2,1.0817493785249053,0.10746072186125126,2,1,0,0
v3_pelvis_proxy:v3_left_hand_proxy,56,0.4670489041174812,0.8999999999999897,0.6291058456793243,0.0,0.06473054982949106,FLAT,0.0,-1,0.11511837035497981,0.0290808252420861,0.1623021625281788,LOADING,0.023089921218125798,0.004034282884322844,0.06273995537046745,0.11858365818699357,0.6291058456793243,0.035575124361821225,0,ok,0.29710741885842057,0.25552371873911034,FLAT,0.0,-1,0.21456697394985905,0.08212194570879688,0.9088742634070351,UNLOADING,0.10039520920660573,0.047057597309527924,0.02338611586082383,1.2500000000001399,-0.0044999999999999485,0.6125114993682963,0,staged_v3,0.12438262963816699,2,1.0733611513080767,0.11735168735549636,2,1,0,0
v3_pelvis_proxy:v3_left_hand_proxy,57,0.50311279296875,0.6999999999999895,0.503099970334975,0.0,0.1006635136710256,FLAT,0.0,-1,0.09430448585068936,0.002531392544175397,0.1701804315053413,LOADING,0.03517844767002997,0.030977629031091674,0.038277651201064765,0.09483211024953603,0.503099970334975,0.040995023070346415,0,ok,0.32739031810618924,0.19900207224733654,FLAT,0.0,-1,0.42172136188438414,0.10519536515599401,0.934705556532041,UNLOADING,0.08605303646280492,0.0432938030782581,0.028441474748343954,2.500000000000002,-0.0034999999999999476,0.6090114993682963,1,staged_v3,0.16973258139630842,2,1.0691055412036676,0.11532900652312389,2,0,1,1
v3_pelvis_proxy:v3_left_hand_proxy,58,0.0,0.0,0.0,0.0,0.12854864559422727,FLAT,0.0,-1,0.09295137450735869,0.002531392544175397,0.17582545790060036,LOADING,0.04933206236004803,0.03125988035085462,0.038277651201064765,0.0,0.0,0.040995023070346415,0,ok,0.32739031810618924,0.15498296969905798,AIR,0.0,-1,0.5202871515802382,0.10519536515599401,0.9170631012599437,UNLOADING,0.07375974553954708,0.04241168031465324,0.028441474748343954,8.749999999999869,0.0,0.6090114993682963,1,staged_v3,0.11536570447127284,2,1.0623511214185788,0.11713066263482372,2,1,1,1
v3_torso_proxy:v3_right_forearm_proxy,59,0.772318907359783,0.20000000000000018,1.0000000000000002,0.0,0.1499844167589449,FLAT,0.0,-1,0.08747089408838654,0.01670034881375793,0.17987029606181898,LOADING,0.06406698495040927,0.01729316598933302,0.03988417983080748,0.18849555921538763,1.0000000000000002,0.06122265124968733,0,ok,0.28102238202917207,0.12070085816435816,AIR,0.0,-1,0.5349958989797067,0.14860200232497012,0.8443718562880733,UNLOADING,0.0632226390338975,0.04217599292129086,0.025042599893112822,-2.500000000000002,-0.0010000000000000009,0.6080114993682963,0,staged_v3,0.1523421658975661,2,1.0628973345321908,0.15352174202103291,2,0,0,0
v3_pelvis_proxy:v3_left_hand_proxy,60,0.52490032576557,0.40000000000000036,0.9999982359649197,0.0,0.17734684232024225,FLAT,0.0,-1,0.08010386003767189,0.04119660744095603,0.18276854925053582,LOADING,0.08024027140736903,0.0,0.06793200151750772,0.18849522670260865,0.9999982359649197,0.013779705892542252,0,ok,0.2801486416826094,0.0940019228557927,AIR,0.0,-1,1.2836307686290565,0.18374233671586276,0.758901875629088,UNLOADING,0.054190833457626424,0.02881119842410538,0.03413389535734903,-2.500000000000002,-0.0020000000000000018,0.6060114993682963,0,staged_v3,0.1640615963125754,2,1.0252500058475729,0.16268246250104784,2,0,0,0
v3_pelvis_proxy:v3_left_hand_proxy,61,0.5020663030178409,0.6000000000000005,1.0000000000000002,0.0,0.14868311197135692,FLAT,0.0,-1,0.13711235589173928,0.005639671494719389,0.18484523840622175,LOADING,0.08843216646430171,0.028602590425591698,0.033563672291474486,0.18849555921538763,1.0000000000000002,0.02353091736446561,0,ok,0.3166520500790594,0.07320877113030914,AIR,0.0,-1,1.7290169083720215,0.1707492228968191,0.6794369711953895,UNLOADING,0.04644928582082265,0.036374903827329316,0.02259694473244016,-2.500000000000002,-0.0030000000000000027,0.6030114993682963,0,staged_v3,0.21187510668131207,2,1.026774719398388,0.21187510668131207,2,1,0,0
v3_pelvis_proxy:v3_left_hand_proxy,62,0.22235107421875014,0.08894042968750071,0.22235107421875006,0.0,0.11579452403278614,FLAT,0.0,-1,0.25161765255170637,0.016461464654632055,0.16433402346804854,LOADING,0.09009884197202352,0.016755236518770377,0.034706876173442334,0.041912190077005446,0.22235107421875006,0.01779611691219625,0,ok,0.32012263216935916,0.05701504828398002,AIR,0.0,-1,2.5144013568554278,0.1494748199839321,0.6042748918994914,UNLOADING,0.03981367356070513,0.052271748054489475,0.002941996540485094,6.388244628906247,-0.00044470214843750355,0.6025667972198588,1,staged_v3,0.2587661913263518,2,1.0172867527494438,0.2587661913263518,2,1,1,1
v3_pelvis_proxy:v3_right_hand_proxy,63,0.5301916885363597,0.11105957031249947,1.0,0.0,0.18592801425963718,FLAT,0.0,-1,0.04686167072955639,0.008170498019211183,0.14944426881198974,LOADING,0.10370750120100691,0.024301715421388304,0.02918271329158717,0.1884955592153876,1.0,0.04843251769070256,0,ok,0.3567257293606521,0.0444033642504176,AIR,0.0,1,2.5865970883303504,0.14673121863669375,0.5504189087161504,UNLOADING,0.034126005909175826,0.02431783051949861,0.028203114916308912,2.500000000000002,0.0005552978515624973,0.6031220950714213,0,staged_v3,0.2800216286436113,2,1.0245558188071833,0.2127540825296363,2,0,1,1
v3_pelvis_proxy:v3_right_hand_proxy,64,0.3818969726562499,0.31105957031249964,0.38189697265625,0.0,0.183814910357705,FLAT,0.0,-1,0.08492931544341466,0.023911902368558162,0.12055230621676251,LOADING,0.11529712076021677,0.010035085969803847,0.02099252934103428,0.07198588342350343,0.38189697265625,0.05928338987813124,0,ok,0.0,0.03458137484923005,AIR,0.0,1,2.1927365126952387,0.11677864053785358,0.4936064233261519,UNLOADING,0.029250862207864995,0.04605874469649647,0.0036215764698111262,2.500000000000002,0.0015552978515624982,0.6046773929229838,1,staged_v3,0.3164085904297216,2,1.0099882201287258,0.3176535013385946,2,1,1,1
v3_pelvis_proxy:v3_left_hand_proxy,65,1.0000000000000002,0.5110595703124998,1.0,0.0,0.1872113675908475,FLAT,0.0,-1,0.09504265500668209,0.04197113195986571,0.09843718699589622,LOADING,0.12599425804648337,0.004876729180267152,0.02504513016952766,0.1884955592153876,1.0,0.05520153725246857,0,ok,0.0,0.02693200181226615,AIR,0.0,1,2.6257864494887087,0.10024374019587973,0.4711214858901013,UNLOADING,0.02710699004966663,0.0173051969055196,0.031250877388985465,2.500000000000002,0.002555297851562499,0.6072326907745463,0,staged_v3,0.19828068367469798,2,1.0163451102995613,0.1970292854257941,2,1,1,1
v3_pelvis_proxy:v3_right_hand_proxy,66,0.60723876953125,0.7110595703125,0.60723876953125,0.0,0.20325253806054938,FLAT,0.0,-1,0.08507242936857297,0.002468112991574016,0.08179236902903043,LOADING,0.13812101272946947,0.026621505459877508,0.005954662437776141,0.11446181144005685,0.60723876953125,0.06714738215772276,0,ok,0.0,0.020974664101073372,AIR,0.0,1,2.6867105858184326,0.1269349321621672,0.4732333113782775,UNLOADING,0.02481295637878216,0.0,0.07405329641958908,2.500000000000002,0.0035552978515625,0.6107879886261088,1,staged_v3,0.26762179285001225,2,1.0045345671454895,0.26727938627225517,2,1,1,1
v3_pelvis_proxy:v3_right_hand_proxy,67,0.4579467773437502,0.9110595703125002,0.21174714511613107,0.0,0.22717230883211004,FLAT,0.0,-1,0.07504973866711198,5.5620310400968966e-05,0.07051160180961161,LOADING,0.1527276152734896,0.028469959780079615,0.012134346040174746,0.03991339653092696,0.21174714511613107,0.06445511665422463,0,ok,0.0,0.016335084826575627,AIR,0.0,1,2.7939764628598818,0.10678333866926769,0.5079306342973238,UNLOADING,0.022416533300286492,0.0,0.05436706857048355,2.500000000000002,0.004555297851562501,0.6153432864776713,1,staged_v3,0.22500275377844806,2,1.0012797761704333,0.22500275377844806,2,1,1,1
v3_pelvis_proxy:v3_right_hand_proxy,68,0.412261132964263,0.7480275749852661,0.36800365048642203,0.0,0.24653692497553698,FLAT,0.0,-1,0.0713119281042545,0.0022573316990273694,0.06242857888960359,LOADING,0.16841128723989196,0.025864097245452813,0.013034688736100593,0.06936705389174216,0.36800365048642203,0.060682901422517505,0,ok,0.0,0.012721776854474922,FLAT,0.0,1,2.876224650793549,0.0824153520906032,0.5878235949693127,UNLOADING,0.019963259435885575,0.015973572897464955,0.03841760685100068,-2.0378999415904264,0.0037401378749263303,0.6190834243525977,0,staged_v3,0.11794134052262895,2,1.0140146740388838,0.11889814192012152,2,1,0,0
v3_pelvis_proxy:v3_right_hand_proxy,69,0.06785978609570906,0.5480275749852659,0.47330070558789766,0.0,0.2646790495135837,FLAT,0.0,-1,0.07041285265373397,0.0013613582596454588,0.058554017264918046,SUPPORT,0.22472902979191356,0.026566342603600447,0.01493255879440394,0.0892150811768283,0.47330070558789766,0.06099501646460506,0,ok,0.0,0.009907729776324743,FLAT,0.0,1,2.9244388613096706,0.06537851058324148,0.686790246244122,UNLOADING,0.017554679174119413,0.014732114056941595,0.04460739825526451,-2.500000000000002,0.0027401378749263294,0.621823562227524,1,staged_v3,0.12408875240118807,2,1.032966361140969,0.12366874407551824,2,1,0,0
v3_pelvis_proxy:v3_right_hand_proxy,70,0.10844447456595807,0.3480275749852657,0.8911278637018528,0.0,0.2708690029511554,FLAT,0.0,-1,0.07257718256129131,0.0029959915111218262,0.0594522417587205,SUPPORT,0.26978322383353087,0.024976620576814202,0.016668603724682617,0.16797364500089446,0.8911278637018528,0.06746536513069368,0,ok,0.0,0.007716147708261585,FLAT,0.0,1,3.0019385024197134,0.048579224219143374,0.7614232723766424,UNLOADING,0.015309852616401715,0.01449193939968875,0.05208615431952886,-2.500000000000002,0.0017401378749263285,0.6235637001024503,0,staged_v3,0.14840031413564564,2,1.061112706033212,0.14828473903014122,2,0,0,0
v3_pelvis_proxy:v3_right_hand_proxy,71,0.11950632747655464,0.14802757498526553,0.6168511386267994,0.0,0.27965293452010836,FLAT,0.0,-1,0.0732060922230298,0.0018018003482167888,0.06546027437500916,SUPPORT,0.3058265790668247,0.026471213370533674,0.015071344755635615,0.11627370032810713,0.6168511386267994,0.07431753374648598,0,ok,0.0,0.006009341877488749,FLAT,0.0,1,3.0070288259167444,0.037248344054896985,0.7931483210638037,UNLOADING,0.013300308307867204,0.027409071998293212,0.06094519582500736,-2.500000000000002,0.0007401378749263277,0.6243038379773767,0,staged_v3,0.16836677616757617,2,1.0689592836346868,0.1685731430505973,2,0,0,0
v3_pelvis_proxy:v3_right_hand_proxy,72,0.0787058886859046,0.05197242501473465,0.4769331846479942,0.0,0.2860448641834483,FLAT,0.0,-1,0.07488153863032346,0.002133736150315116,0.0761724501559479,SUPPORT,0.33466126325345974,0.02667488635748228,0.013430976827265505,0.08989978734859938,0.4769331846479942,0.08043492296910909,0,ok,0.0,0.004680080159932024,FLAT,0.0,-1,3.010126315651644,0.026364423873397314,0.7610200459312007,UNLOADING,0.01156004216983744,0.036686578423162725,0.06815994252353767,-2.500000000000002,-0.00025986212507367323,0.624043975852303,0,staged_v3,0.1845073060127125,2,1.0715156769265266,0.18526736863873727,2,0,0,0
v3_pelvis_proxy:v3_right_hand_proxy,73,0.131863847746,0.2519724250147348,0.3715414352434856,0.004321744578725153,0.28726879949759543,FLAT,0.0,-1,0.07943764402660464,0.0032777861098157385,0.09532088955865953,SUPPORT,0.3577290106027678,0.02648825836811724,0.011855770719129287,0.07003391060790853,0.3715414352434856,0.08197593478893866,0,ok,0.0,0.003644850093392006,FLAT,0.0,-1,2.881583755977281,0.019467517024977486,0.69917769371538,UNLOADING,0.010065243604311505,0.04049136766079152,0.0757817469897509,-2.500000000000002,-0.0012598621250736741,0.6227841137272293,0,staged_v3,0.11949610034431508,2,1.0639567657338351,0.12110857041106168,2,1,0,0
v3_pelvis_proxy:v3_right_hand_proxy,74,0.02696107538495087,0.451972425014735,0.4385772995383633,0.010011431618949653,0.2891748982029761,FLAT,0.0,-1,0.08399381574312696,0.004005239661764728,0.14272725823623744,SUPPORT,0.37618320848221426,0.02813112325004715,0.009426538391627961,0.08266987333565834,0.4385772995383633,0.08460698739535188,0,ok,0.0,0.0028386121069115776,FLAT,0.0,-1,2.7573001448747645,0.014902317458373775,0.6415887622418058,UNLOADING,0.008772693157803229,0.04217712065371652,0.08598182675936807,-2.500000000000002,-0.002259862125073675,0.6205242516021556,0,staged_v3,0.1187861835867139,2,1.0660912980177484,0.11943836481212383,2,1,0,0
v3_pelvis_proxy:v3_right_hand_proxy,75,0.07462843220603049,0.6519724250147352,0.43651979819672115,0.012602526558584381,0.2884675382384856,FLAT,0.0,-1,0.07591626831437066,0.004851009467339328,0.214349388312078,SUPPORT,0.3909465667857714,0.030866459948264573,0.007173907045194582,0.0822820434696791,0.43651979819672115,0.08601866117376236,0,ok,0.0,0.002210713331698707,AIR,0.0,-1,1.9961285450242863,0.010105685861879595,0.5948498689681574,UNLOADING,0.0076474042489758495,0.04463680758652827,0.10053758207110089,-2.500000000000002,-0.003259862125073676,0.617264389477082,0,staged_v3,0.11309744971836855,2,1.063944431723114,0.11507819927893621,2,1,0,0
v3_pelvis_proxy:v3_right_hand_proxy,76,0.07059223966817017,0.8519724250147354,0.3542707638119865,0.016129963791884718,0.2999753227920364,FLAT,0.0,-1,0.07139846833481138,0.005084448653669531,0.323933742744531,SUPPORT,0.4027572534286171,0.03641084210872843,0.004785845028498125,0.0667784657384029,0.3542707638119865,0.08674996769439922,0,ok,0.0,0.0017217052738733476,AIR,0.0,-1,1.5312853562664246,0.00469770152704795,0.5494594338775897,UNLOADING,0.006665731937520276,0.047775270166831536,0.110157787601011,-2.500000000000002,-0.004259862125073677,0.6130045273520083,0,staged_v3,0.1100980882096818,2,1.06179373709244,0.11120498535668963,2,1,0,0
v3_pelvis_proxy:v3_right_hand_proxy,77,0.4683034693619005,1.0000000000000009,0.9999791238404993,0.11690919831562782,0.31362938863920775,FLAT,0.0,-1,0.07186692173449813,0.08390041094723348,0.45152724311547027,UNLOADING,0.36736555054530207,0.0,0.049928956699412566,0.18849162415202825,0.9999791238404993,0.050337253729265174,0,ok,0.0,0.0013408654155107308,AIR,0.0,-1,0.7266841556375053,0.051725264293903714,0.5177530331498714,UNLOADING,0.005805859986386564,0.0,0.1530791599241707,-1.8503446873158191,-0.0050000000000000044,0.6080045273520083,0,staged_v3,0.18460224350953316,2,1.0714517641018249,0.18567556721549197,2,0,0,0
v3_pelvis_proxy:v3_right_hand_proxy,78,0.1373590879867303,1.0000000000000009,0.6784338997114553,0.014649230202093534,0.3198642029649261,FLAT,0.0,-1,0.07671307658115825,0.027594327083264095,0.5731286041758571,UNLOADING,0.3148847576102589,0.03085742109559667,0.022799009113196187,0.12788177731678696,0.6784338997114553,0.05012985443762891,0,ok,0.0,0.0010442670355931217,AIR,0.0,-1,0.6432195407258434,0.011354756963233549,0.4619233903039087,UNLOADING,0.005056722226349817,0.03674141255196189,0.10299959644798376,0.0,-0.0050000000000000044,0.6030045273520083,0,staged_v3,0.2519388989983494,2,1.0673676202406273,0.2519388989983494,2,1,0,0
v3_pelvis_proxy:v3_right_hand_proxy,79,0.3337819767147255,1.0000000000000009,0.9999905102746216,0.010264840510429514,0.3081420830057011,FLAT,0.0,-1,0.082655476560289,0.05416350026308003,0.6895891711051305,UNLOADING,0.28244158094044225,0.017315743918876136,0.04216371463638039,0.1884937704442956,0.9999905102746216,0.04643326894280403,0,ok,0.0,0.0008132759850555778,AIR,0.0,-1,0.5876734638635341,0.03341612280740201,0.3946399525170724,UNLOADING,0.004404665449575553,0.011315874818451609,0.08186483688240381,0.0,-0.0050000000000000044,0.5980045273520083,0,staged_v3,0.22779225233977227,2,1.0651921499336863,0.2292370547037388,2,0,0,0
v3_pelvis_proxy:v3_right_hand_proxy,80,0.2710943663256643,1.0000000000000009,0.4483192477229441,0.02053180448119377,0.309335164870453,FLAT,0.0,-1,0.07800283372437666,0.04196247879841518,0.7775809219556629,UNLOADING,0.25151600028866894,0.03378264333640643,0.030096402761376706,0.08450618730655823,0.4483192477229441,0.043127440143071405,0,ok,0.0,0.0006333799740144522,AIR,0.0,-1,0.36626683121641695,0.009866704522154456,0.31734807993337294,UNLOADED,0.003837195821835148,0.03100069947451419,0.06040661551980838,0.0,-0.0050000000000000044,0.5930045273520083,0,staged_v3,0.1999918858751341,2,1.0640884403668842,0.1999918858751341,2,1,0,0
v3_pelvis_proxy:v3_right_hand_proxy,81,0.3107912651490277,0.8000000000000007,0.6111040958475534,0.03370332622167063,0.28632511213308015,FLAT,0.0,-1,0.08097259502354213,0.0356555442052271,0.8406297665122772,UNLOADING,0.2210924211734079,0.04933502957440085,0.01769645875121302,0.1151904082855984,0.6111040958475534,0.053758819967423405,0,ok,0.0,0.0004932768197442014,FLAT,0.0,-1,0.2280429684625071,0.026265426193956855,0.25068681299545703,UNLOADED,0.0033418276795555545,0.011268914455815997,0.05901448556829656,2.500000000000002,-0.0040000000000000036,0.5890045273520083,0,staged_v3,0.16631452589098097,2,1.0838751555316244,0.13813689465609255,2,0,0,0
v3_pelvis_proxy:v3_right_hand_proxy,82,0.20609754213695064,0.6000000000000005,0.327886068189966,0.03906717621911712,0.23226723424160992,FLAT,0.0,-1,0.08609709871576325,0.03896270764570977,0.8858062377325912,UNLOADING,0.19191328083455245,0.05480735658613292,0.01448295530049665,0.061805067782402356,0.327886068189966,0.05441810402306521,0,ok,0.0,0.028649517163488375,FLAT,0.0,-1,0.11435140605849452,0.01160828596632777,0.2244516841482624,UNLOADED,0.007117279100866215,0.024614298241085353,0.04720743697084953,2.500000000000002,-0.0030000000000000027,0.5860045273520083,0,staged_v3,0.11495605867681528,2,1.0825699035309329,0.11539057754012169,2,1,0,0
v3_pelvis_proxy:v3_right_hand_proxy,83,0.149158316384696,0.40000000000000036,0.28443339579863747,0.045517524357401744,0.18088990390919524,FLAT,0.0,-1,0.3172298884150441,0.051023639086443515,0.9181765938631818,UNLOADING,0.1656454049809325,0.06126686477565984,0.009641964917499253,0.053614432000595846,0.28443339579863747,0.05311759921961917,0,ok,0.0,0.02988805635101247,FLAT,0.0,-1,0.1427895185236619,0.010435405051414576,0.20486211238672317,UNLOADED,0.0104468484790551,0.024807700567921587,0.04076150578628758,2.500000000000002,-0.0020000000000000018,0.5840045273520083,0,staged_v3,0.11646974834303628,2,1.0848314221728983,0.11766792625894822,2,1,0,0
v3_pelvis_proxy:v3_right_hand_proxy,84,0.23339886667203566,0.20000000000000018,0.7943763022835889,0.031443777264558506,0.14087719881419244,FLAT,0.0,-1,0.44588857753587396,0.08939015132708905,0.9413709675651742,UNLOADING,0.14249693203924202,0.05271189249022394,0.019356655888034775,0.14973640532639687,0.7943763022835889,0.04357385830725427,0,ok,0.0,0.023276841690650786,FLAT,0.0,-1,0.16123894701409905,0.04473616783396689,0.18964668892676517,LOADING,0.012129971930313356,0.0,0.0690457038971399,2.500000000000002,-0.0010000000000000009,0.5830045273520083,0,staged_v3,0.14327714396873836,2,1.082233934488163,0.14245950096571253,2,1,0,0
v3_pelvis_proxy:v3_right_hand_proxy,85,0.09835234799137858,0.0,0.9175660924786239,0.06108538842176141,0.10971527275339907,FLAT,0.0,-1,0.82369503770172,0.11748379322860333,0.9542719744741348,UNLOADING,0.12262283575660368,0.05588582989138369,0.016827768832323068,0.17295713371883625,0.9175660924786239,0.04410585594976585,0,ok,0.0,0.018128022536107957,FLAT,0.0,-1,0.164370727644586,0.005993019826422031,0.19008998923501547,LOADING,0.012640390929724101,0.028511479635328747,0.03424595233608961,2.500000000000002,0.0,0.5830045273520083,0,staged_v3,0.1462697632673547,2,1.0891512349166397,0.14634579248964014,2,1,0,0
v3_pelvis_proxy:v3_right_hand_proxy,86,0.5614409518535434,0.20000000000000018,0.8721817661331257,0.0796758321442943,0.08544634033523997,FLAT,0.0,-1,0.8885179444359413,0.13766828680974494,0.8981002621621246,UNLOADING,0.10538489839320188,0.061142183330247915,0.008762829777858323,0.16440238974472793,0.8721817661331257,0.0375561036239441,0,ok,0.0,0.014118118146656953,FLAT,0.0,-1,0.15483451744388313,0.0509495222533016,0.19049735702633136,LOADING,0.012467285647411131,0.0,0.06135804491168596,2.500000000000002,0.0010000000000000009,0.5840045273520083,0,staged_v3,0.17981114330998885,2,1.0842413578598207,0.18108989151891056,2,1,0,0
v3_pelvis_proxy:v3_right_hand_proxy,87,0.2745683306390452,0.40000000000000036,0.8760640731258187,0.11815682058441276,0.06654567676367065,FLAT,0.0,-1,1.1831076019779165,0.15694148242175665,0.7844876442097629,UNLOADING,0.09049160621697633,0.04565666668617059,0.018567715524317564,0.1651341873723614,0.8760640731258187,0.03638662974050627,0,ok,0.0,0.030851393987133064,FLAT,0.0,-1,0.13302930659119055,0.010024815141951568,0.19155081345987102,LOADING,0.014962185392434255,0.024552725531041986,0.03175706720721928,2.500000000000002,0.0020000000000000018,0.5860045273520083,0,staged_v3,0.17751495113659962,2,1.090033619243455,0.1789089433615106,2,1,0,0
v3_pelvis_proxy:v3_right_hand_proxy,88,0.8248901367187494,0.6000000000000005,0.46361491016600975,0.1339911306412776,0.051825825173563295,AIR,0.0,-1,1.7835285084914783,0.14127312215526922,0.6795469883111389,UNLOADING,0.07756423390026543,0.05818682710213995,0.000790522313416993,0.0873893517523337,0.46361491016600975,0.037084617707839856,0,ok,0.0,0.07714446937488578,FLAT,0.0,-1,0.0918790703937633,0.01801796082318491,0.1907429416777288,LOADING,0.024455689584377927,0.016519186260701535,0.04210200396467255,2.500000000000002,0.0030000000000000027,0.5890045273520083,1,staged_v3,0.12627666178235353,2,1.0859335337496128,0.12627666178235353,2,1,1,1
v3_pelvis_proxy:v3_right_hand_proxy,89,0.16857910156250006,0.8000000000000007,0.05487801706863693,0.11705822311349023,0.04036199322849282,AIR,0.0,-1,2.078084720910249,0.14108690772155308,0.5861307354302255,UNLOADING,0.06648362905737037,0.05283751594073066,0.0014690208307806167,0.010344262515984304,0.05487801706863693,0.03695132996963163,0,ok,0.0,0.07691111256517119,FLAT,0.0,-1,0.12527137008613545,0.026355914657947944,0.17177388696333679,LOADING,0.03230451002933774,0.007232779690218901,0.04978390769095897,2.500000000000002,0.0040000000000000036,0.5930045273520083,1,staged_v3,0.1313737978705721,2,1.07913411904098,0.1313737978705721,2,1,1,1
v3_pelvis_proxy:v3_right_hand_proxy,90,0.7378892586631954,1.0000000000000009,0.41505530912099353,0.17074907216773094,0.03143395193267295,AIR,0.0,-1,2.0644901455789784,0.13782573405883117,0.5191950653245722,UNLOADING,0.05698596776346032,0.040829267978446146,0.010130485287782463,0.07823608259807724,0.41505530912099353,0.03369255179641675,0,ok,0.0,0.05989843469264829,FLAT,0.0,-1,0.15025676753791975,0.0028179579353332174,0.15818196532848755,LOADING,0.03592832453804322,0.030091140331091164,0.029972911006987846,2.500000000000002,0.0050000000000000044,0.5980045273520083,0,staged_v3,0.15470042309953358,2,1.0922042898026436,0.15470042309953358,2,1,0,0
v3_pelvis_proxy:v3_right_hand_proxy,91,0.4960327148437501,0.8000000000000007,0.17370061294836725,0.17305475273399498,0.024480786380194592,AIR,0.0,-1,2.3078992267025047,0.12423029925877846,0.4712335618996336,UNLOADING,0.04884511522582313,0.0482321392127495,0.00032953888223218476,0.03274179417375808,0.17370061294836725,0.03277497677942659,0,ok,0.0,0.0466489478433859,FLAT,0.0,-1,0.1604328629150265,0.016029173789320776,0.1484429279062528,LOADING,0.036687507918788095,0.016392972605991867,0.042859968760418865,-2.500000000000002,0.0040000000000000036,0.6020045273520083,1,staged_v3,0.1608351055279076,2,1.0971292770935142,0.1608351055279076,2,1,1,1
v3_pelvis_proxy:v3_right_hand_proxy,92,0.6053003909828577,1.0000000000000009,0.474743728251349,0.25350978311438743,0.01906565560309933,AIR,0.0,-1,2.631778261793298,0.11416362139550124,0.436867642993473,UNLOADING,0.041867241622134115,0.03161805381124247,0.015225328338431186,0.08948708454073603,0.474743728251349,0.03439314127006435,0,ok,0.0,0.03633023710988606,FLAT,0.0,-1,0.24765061038200406,0.0027847233602653664,0.11804072128737732,LOADING,0.03602383388994603,0.028117312704103503,0.024763747079100125,2.500000000000002,0.0050000000000000044,0.6070045273520083,1,staged_v3,0.15061013481907087,2,1.0776873433447105,0.15155583975857745,2,0,0,0
v3_pelvis_proxy:v3_right_hand_proxy,93,0.09539626892475801,1.0000000000000009,0.43345379765844333,0.30749959478278577,0.014848347513463478,AIR,0.0,-1,2.5970358702543375,0.10437139171111645,0.4122433860805692,UNLOADING,0.03588620710468639,0.024806307017557688,0.020805862286470776,0.08170411598366174,0.43345379765844333,0.03817677331084694,0,ok,0.0,0.13187686930308143,FLAT,0.0,-1,0.055515086573002186,0.00686741772946169,0.0959252666493491,LOADING,0.05266437620201722,0.022928845603005767,0.02254046824744286,0.0,0.0050000000000000044,0.6120045273520083,0,staged_v3,0.14842499340510631,2,1.0758273495493773,0.1484818932999568,2,0,0,0
v3_pelvis_proxy:v3_right_hand_proxy,94,0.1476429094499137,0.8999999999999897,0.22525930904294275,0.36172012288677313,0.011563904670801704,AIR,0.0,-1,2.6348635617901124,0.09998174864340525,0.4128223221802598,UNLOADING,0.03075960608973119,0.01692436119407232,0.028716754914940676,0.04246037942652131,0.22525930904294275,0.044682723031985366,0,ok,0.0,0.18176057322351175,FLAT,0.0,-1,0.06806746129259238,0.0035555003269990984,0.08046291744441926,LOADING,0.07555861840672938,0.025467645545221868,0.02631209094913122,-1.2500000000001399,0.0044999999999999485,0.6165045273520082,0,staged_v3,0.1462320989069623,2,1.0824250987892756,0.14726811223411282,2,1,0,0
v3_pelvis_proxy:v3_right_hand_proxy,95,0.06875936211078157,1.0000000000000009,0.4242541433522449,0.0,0.009005978012983444,AIR,0.0,-1,2.7170552459704607,0.0894446796626702,0.4314601351999089,UNLOADING,0.02636537664834102,0.011301904968828082,0.03527110179116737,0.07997002200062661,0.4242541433522449,0.06492901963051538,0,ok,0.0,0.25202773074669393,FLAT,0.0,-1,0.050357369087645466,0.0069331710883989775,0.07001631385525564,SUPPORT,0.1504468947253835,0.021567644604363806,0.02743550963493199,1.2500000000001399,0.0050000000000000044,0.6215045273520082,0,staged_v3,0.14517826358042485,2,1.0787445199699504,0.14536547664481758,2,0,0,0
v3_torso_proxy:v3_right_forearm_proxy,96,0.10678064253971166,0.8000000000000007,0.3918739645884208,0.0,0.007013862728835361,AIR,0.0,-1,2.75491152414855,0.08085664739217324,0.4976552341086289,UNLOADING,0.023102233874365306,0.004115515221284685,0.04576724648414676,0.07386650209704537,0.3918739645884208,0.08606210221390738,0,ok,0.0,0.29865890684443785,FLAT,0.0,-1,0.060671022118328144,0.0035966037578473,0.06383589145410616,SUPPORT,0.21035751578030681,0.02459519081485801,0.029701398327413163,-2.500000000000002,0.0040000000000000036,0.6255045273520082,0,staged_v3,0.1823281577358776,2,1.078700184770858,0.18207986419829805,2,0,0,0
v3_pelvis_proxy:v3_left_hand_proxy,97,0.08322641774181985,0.6000000000000005,0.34225303291112935,0.0,0.00546240178557232,AIR,0.0,-1,2.789806475600404,0.06993644079128515,0.5926037976587454,UNLOADING,0.020119823569899442,0.0008857251011910039,0.05374446478174627,0.06451317683174579,0.34225303291112935,0.08949677518091456,0,ok,0.0,0.3258146375348871,FLAT,0.0,-1,0.0672834009160725,0.0034813631843407045,0.06075200507614433,SUPPORT,0.25828601262424544,0.024556237069466514,0.030353929967201168,-2.500000000000002,0.0030000000000000027,0.6285045273520082,0,staged_v3,0.22455630914319247,2,1.0805652416136087,0.22426854877892877,2,0,0,0
v3_pelvis_proxy:v3_left_hand_proxy,98,0.074764994681143,0.40000000000000036,0.3204535941253335,0.0,0.004254122788054363,FLAT,0.0,-1,2.8114981469198534,0.0589728051319383,0.6429600637514268,UNLOADING,0.017462547592633885,0.0,0.06146052715293718,0.06040407942723558,0.3204535941253335,0.08501922753129906,0,ok,0.0,0.33707753200887514,FLAT,0.0,-1,0.07647586266952623,0.004197474634731358,0.06317870674313587,SUPPORT,0.29662881009939635,0.023961460702425438,0.03060898382456677,-2.500000000000002,0.0020000000000000018,0.6305045273520082,0,staged_v3,0.25855160335868405,2,1.0836026058876846,0.25832651211556096,2,0,0,0
v3_pelvis_proxy:v3_left_hand_proxy,99,0.06495062121099628,0.20000000000000018,0.33574506717772445,0.0,0.0033131141586186462,FLAT,0.0,-1,2.8128572557642633,0.0495918630132427,0.6576690047317263,UNLOADING,0.015129923889022949,0.008291587223343617,0.0698780287071619,0.06328645419147305,0.33574506717772445,0.08070283846472764,0,ok,0.0,0.3462567036634879,FLAT,0.0,-1,0.08004689298979913,0.004869511340729643,0.07011393574691697,SUPPORT,0.3273030480795171,0.02363618544661621,0.03021046130631952,-2.500000000000002,0.0010000000000000009,0.6315045273520082,0,staged_v3,0.2861154664236495,2,1.08658458116113,0.28595543909348875,2,0,0,0
v3_pelvis_proxy:v3_left_hand_proxy,100,0.05098038154896244,0.0,0.35911247388804707,0.0,0.0025802559011371606,FLAT,0.0,-1,2.7652658743351424,0.04136301501254764,0.649095779855813,UNLOADING,0.013097852288414095,0.016091773980243015,0.07911412527476974,0.0676911065867487,0.35911247388804707,0.07659752110859044,0,ok,0.009261986239266494,0.35264248695238626,FLAT,0.0,-1,0.0750345003131002,0.004788425443235445,0.08124025889120931,SUPPORT,0.3518424384636137,0.024273587501325022,0.02921357367025314,-2.500000000000002,0.0,0.6315045273520082,0,staged_v3,0.1376333246483925,2,1.0893655486129168,0.13935327394550245,2,0,0,0
v3_pelvis_proxy:v3_left_hand_proxy,101,0.052596114067392216,0.20000000000000018,0.4034659535795679,0.0,0.002009505316330234,FLAT,0.0,-1,2.6075463906966188,0.033774559207185056,0.618980452659373,UNLOADING,0.011336110648070186,0.022174463425783594,0.08975705672229713,0.07605154054435026,0.4034659535795679,0.07274575294764002,0,ok,0.014529711177132134,0.357410428546602,FLAT,0.0,-1,0.07733623432406159,0.0050345558360121315,0.09900416252951418,SUPPORT,0.37147395077089096,0.02491565229046358,0.027446667008772244,-2.500000000000002,-0.0010000000000000009,0.6305045273520082,0,staged_v3,0.13511176545701814,2,1.091341479319244,0.13684933983497863,2,0,0,0
v3_pelvis_proxy:v3_left_hand_proxy,102,0.04824678880678866,0.40000000000000036,0.4277838843976101,0.0,0.0015650043139441374,FLAT,0.0,-1,2.315530107752394,0.0272309657107205,0.5874776483853794,UNLOADING,0.009808894735470912,0.027142916708548473,0.10194479809534743,0.08063536251285824,0.4277838843976101,0.06917677241037051,0,ok,0.019649989036403505,0.3503801876707776,FLAT,0.0,-1,0.0823174598199751,0.0048277863585745534,0.1221970990222983,SUPPORT,0.38717916061671276,0.026282068592540363,0.02528110638750892,-2.500000000000002,-0.0020000000000000018,0.6285045273520082,0,staged_v3,0.13204745277722463,2,1.0926176624741288,0.13399168859250254,2,0,0,0
v3_pelvis_proxy:v3_left_hand_proxy,103,0.07976140401237708,0.6000000000000005,0.3580901874436363,0.0,0.001218826585209821,AIR,0.0,-1,1.5437439485976425,0.020408792122849104,0.559537781202508,UNLOADING,0.00848431649641091,0.0325680969372763,0.11236531918268212,0.06749841013173119,0.3580901874436363,0.06711983422201623,0,ok,0.024205150675965566,0.3495797511849855,FLAT,0.0,-1,0.06899393847039956,0.005097413072710455,0.15483986046234904,SUPPORT,0.3997433284933702,0.027644579950407002,0.023261014812453584,-2.500000000000002,-0.0030000000000000027,0.6255045273520082,0,staged_v3,0.12886105838581366,2,1.0947212425609134,0.12989898940414538,2,1,0,0
v3_pelvis_proxy:v3_left_hand_proxy,104,0.05819496488556678,0.8000000000000007,0.3650369669110868,0.0,0.000949223098989655,AIR,0.0,-1,1.1533260386069546,0.013843589258462536,0.5266958036056799,UNLOADING,0.007336452893504526,0.03749120092182147,0.12370697153574284,0.06880784721219424,0.3650369669110868,0.0649690373730388,0,ok,0.029800479893814683,0.35676272651746027,FLAT,0.0,-1,0.06468104284649322,0.0040293078927675615,0.20312467385436705,SUPPORT,0.4097946627946962,0.031126925799950796,0.02030273459106974,-2.500000000000002,-0.0040000000000000036,0.6215045273520082,0,staged_v3,0.1256146419373543,2,1.0962691003737945,0.12692677460736182,2,1,0,0
v3_pelvis_proxy:v3_left_hand_proxy,105,0.11415149726054959,0.7110595703125,0.2350308420627567,0.0,0.000739255692802609,AIR,0.0,-1,0.7054654667981061,0.020284637959663215,0.49593074367806605,UNLOADING,0.006341621918332846,0.02951189922424009,0.12269490306105355,0.04430227000748277,0.2350308420627567,0.06389350298607505,0,ok,0.03491033353625566,0.3593142423281249,FLAT,0.0,-1,0.06244493261540385,0.000431254309377291,0.29339854314687785,SUPPORT,0.41783573023575693,0.0392386728479666,0.014743761286415275,1.1117553710937589,-0.0035552978515625,0.6179492295004457,1,staged_v3,0.12721147935655003,2,1.0971138969499905,0.12721147935655003,2,1,0,0
v3_pelvis_proxy:v3_left_hand_proxy,106,0.3908204817121175,0.7110595703125,1.0000000000000002,0.0,0.0005757329124446657,AIR,0.0,-1,0.6853911882603269,0.0805952175452849,0.4604263595499491,UNLOADING,0.005480054544784537,0.0,0.15753310309127774,0.18849555921538763,1.0000000000000002,0.049889093935299306,0,ok,0.031704147681797475,0.3698261320048861,FLAT,0.0,-1,0.06277299707279471,0.029280425386924307,0.39944657606434986,SUPPORT,0.4242685841886055,0.041271858064046076,0.0037004707391714202,0.0,-0.0035552978515625,0.6143939316488832,0,staged_v3,0.19285784920279522,2,1.097315084326913,0.16161445756710274,2,1,0,0
v3_pelvis_proxy:v3_left_hand_proxy,107,0.37429425055542237,0.9110595703125002,0.6542333058960236,0.0,0.00044838124305188626,AIR,0.0,-1,0.45779750545626285,0.02890859884027132,0.3997427529149423,UNLOADING,0.00473563876561516,0.0160785388054758,0.08036567399286096,0.1233200728522027,0.6542333058960236,0.04717767476909471,0,ok,0.024998084142041934,0.3662868492679263,FLAT,0.0,-1,0.07583554102427767,0.013434498683973953,0.5109473083663891,UNLOADING,0.3807772973167012,0.039781035117015084,0.010766330301304371,-2.500000000000002,-0.004555297851562501,0.6098386337973207,0,staged_v3,0.1685277899632659,2,1.0899628770859295,0.17000237828799164,2,1,0,0
v3_pelvis_proxy:v3_left_hand_proxy,108,0.07566894348563306,1.0000000000000009,0.45790971339790915,0.0,0.00034919966320333894,FLAT,0.0,-1,0.23022643631484555,0.006498317307561008,0.31372922720234,LOADING,0.004093354016631172,0.03418814405255599,0.05384907717065876,0.08631394749709675,0.45790971339790915,0.04528350854813906,0,ok,0.03263985589704739,0.3887206821161096,FLAT,0.0,-1,0.06450025744166744,0.014870660992007078,0.6238961984312903,UNLOADING,0.34264689948785937,0.042329956897502706,0.013864853024061811,-1.1117553710937589,-0.0050000000000000044,0.6048386337973207,0,staged_v3,0.1273710889967244,2,1.089784995445971,0.1276772255643897,2,0,0,0
v3_pelvis_proxy:v3_left_hand_proxy,109,0.5554817488072615,1.0000000000000009,0.9999999411705701,0.0,0.00027195697115103124,FLAT,0.0,-1,0.1531525020499834,0.06700169788030776,0.24743013042424825,LOADING,0.0035378272460137683,0.0,0.0833829709204934,0.18849554812630132,0.9999999411705701,0.01120988508976399,0,ok,0.07516240910664192,0.3835762097037188,FLAT,0.0,1,0.06942297920218413,0.07801706522515268,0.7305098501501881,UNLOADING,0.3033406162233488,0.03759773066944,0.023927761838069408,0.0,-0.0050000000000000044,0.5998386337973207,0,staged_v3,0.186130514022157,2,1.0833922101135676,0.17828319327570843,2,0,0,0
v3_pelvis_proxy:v3_left_hand_proxy,110,0.08906270043231383,1.0000000000000009,0.3147629548853505,0.0,0.05284419787965286,FLAT,0.0,-1,0.09167723915425696,0.04059899891396941,0.1999247517199837,LOADING,0.01128612874455533,0.0,0.05787811782292919,0.05933141920140196,0.3147629548853505,0.009990005936860363,0,ok,0.05147932187643938,0.4587526177761557,FLAT,0.0,1,0.024650601767728212,0.05714881221631309,0.8069018697413874,UNLOADING,0.2613271104651773,0.048030413741490696,0.017314679745578685,0.0,-0.0050000000000000044,0.5948386337973207,1,staged_v3,0.2972257088103089,2,1.0782948563531092,0.2972257088103089,2,1,1,1
v3_pelvis_proxy:v3_left_hand_proxy,111,0.11124323178999704,0.8000000000000007,0.7015989532835526,0.0,0.08421188452381947,FLAT,0.0,-1,0.10641553085767629,0.0035165075452065113,0.16588566045771283,LOADING,0.023077371083883674,0.029777775477679135,0.028020179968862233,0.13224828704411384,0.7015989532835526,0.019909176761490177,0,ok,0.018024914748491355,0.3639996876501995,FLAT,0.0,1,0.11213565361424616,0.05669901420633509,0.8616391436564481,UNLOADING,0.2264872117251546,0.04907456016463123,0.019007397018191177,2.500000000000002,-0.0040000000000000036,0.5908386337973207,1,staged_v3,0.14353890485553872,2,1.0720222699562445,0.12787036922439152,2,0,0,0
v3_pelvis_proxy:v3_left_hand_proxy,112,0.42476612585161977,0.640869140625,0.6408569767974744,0.0,0.08568825963062958,FLAT,0.0,-1,0.1294190738024854,0.02914781149135305,0.14149558578481705,LOADING,0.03317464669496937,0.0029269677978878,0.03432634510504608,0.12079869421852263,0.6408569767974744,0.009990614435498743,0,ok,0.08371836220517885,0.2834832417797222,FLAT,0.0,1,0.3204662267725724,0.10157389243647164,0.9008601142720429,UNLOADING,0.1976575301964138,0.04143541955034841,0.028607586163253738,1.9891357421875089,-0.003204345703125,0.5876342880941957,1,staged_v3,0.18982936169050185,2,1.0219933566611725,0.16526572916496385,2,0,1,1
v3_pelvis_proxy:v3_left_hand_proxy,113,0.04602902526234195,0.4408691406249998,0.047244011553731764,0.0,0.08715642374698088,FLAT,0.0,-1,0.12752963538997034,0.024146270416796307,0.12401933361445446,LOADING,0.04180918578670775,0.007054696263926418,0.02855528530731743,0.008905286377398902,0.047244011553731764,0.009990000001633276,0,ok,0.10470565029945365,0.22077697068566804,FLAT,0.0,1,0.42464541693319974,0.10169046686287588,0.9086591397369376,UNLOADING,0.16942074016835468,0.044191599075436946,0.02624135791140993,2.500000000000002,-0.002204345703124999,0.5854299423910707,1,staged_v3,0.18343703066123532,2,1.0084165059473136,0.18343703066123532,2,1,1,1
v3_pelvis_proxy:v3_left_hand_proxy,114,0.3854903181902475,0.24086914062499964,0.7981404965034128,0.0,0.08631184686227908,FLAT,0.0,-1,0.13066413435302685,0.012361066430161244,0.11149705174290651,LOADING,0.04878501471069615,0.018213786156984085,0.025349254796169826,0.15044593922085792,0.7981404965034128,0.016866616179047056,0,ok,0.0639380019135136,0.17194127765413086,AIR,0.0,1,0.45493060700098803,0.10524310442287786,0.8518199314767828,UNLOADING,0.14521777728716115,0.06034350503446617,0.007247491539372975,2.500000000000002,-0.0012043457031249982,0.5842255966879457,0,staged_v3,0.2174366652711141,2,1.0224621399298923,0.19731642549284756,2,0,0,0
v3_pelvis_proxy:v3_left_hand_proxy,115,0.17478385283722217,0.04086914062499947,0.7316316554219843,0.0,0.06721973392468213,FLAT,0.0,-1,0.15968829670371837,0.0037520209696046943,0.09785301595486842,LOADING,0.05115642781425056,0.02614062982813873,0.016202548695735102,0.1379093180284467,0.7316316554219843,0.01650935799483104,0,ok,0.05407053545588699,0.13390800167933498,AIR,0.0,1,0.7091941947712536,0.1259896060278386,0.748295965419092,UNLOADING,0.125410868050177,0.057203669245805194,0.005211129025149409,2.500000000000002,-0.00020434570312499734,0.5840212509848207,0,staged_v3,0.21938218217336114,2,1.0580813918159773,0.20204997625759163,2,0,0,0
v3_pelvis_proxy:v3_left_hand_proxy,116,0.09006635082804224,0.1591308593750007,0.4369242534874292,0.0,0.08080993826127794,FLAT,0.0,-1,0.11832103258883489,0.00450882278668921,0.08329131477809082,LOADING,0.0557409767026724,0.024655742952215332,0.012666427430450725,0.08235828149587873,0.4369242534874292,0.013651343697713078,0,ok,0.055977724643875244,0.10428765656739308,AIR,0.0,1,1.2195941109238522,0.14348396358984428,0.6718375044527931,UNLOADING,0.10901326306098798,0.04868497390891541,0.009906901313724254,2.500000000000002,0.0007956542968750036,0.5848169052816957,0,staged_v3,0.3749931826507631,2,1.0673259699572848,0.37660845726141423,2,1,0,0
v3_pelvis_proxy:v3_left_hand_proxy,117,0.13659667968749994,0.3591308593750009,0.060798976760211426,0.0,0.1580884341733393,FLAT,0.0,-1,0.04643095701295171,0.008086302742000236,0.07234478232376025,LOADING,0.0739230935251709,0.020530936374187778,0.019619752348993203,0.011460337124139408,0.060798976760211426,0.013381164781551005,0,ok,0.05006362713708347,0.08121930859936748,AIR,0.0,1,1.3876077919743524,0.13784058098848398,0.5988296360347568,UNLOADING,0.09476899920624536,0.048777285662704936,0.0061641961390329104,2.500000000000002,0.0017956542968750044,0.5866125595785707,1,staged_v3,0.8925350607893209,2,1.0576795239396848,0.8925350607893209,2,1,1,1
v3_pelvis_proxy:v3_left_hand_proxy,118,0.3486202248012261,0.5591308593750011,0.7146872000132924,0.0,0.21593486793672195,FLAT,0.0,-1,0.051646116039916035,0.0289021579314036,0.06336579487104513,LOADING,0.09958887149804421,0.0,0.06176410980774713,0.13471536343058513,0.7146872000132924,0.018225848360458985,0,ok,0.07123200386978344,0.06325366113770547,AIR,0.0,1,2.1426935530454294,0.1553391231950083,0.5465172123949825,UNLOADING,0.08273422481594583,0.03499272485518411,0.017333135764565025,2.500000000000002,0.0027956542968750053,0.5894082138754457,0,staged_v3,0.6817249485198811,2,1.0546675319013523,0.6360784270203421,2,0,0,0
v3_pelvis_proxy:v3_left_hand_proxy,119,0.313173689922,0.7591308593750012,0.7447932960810698,0.0,0.27691950694898615,FLAT,0.0,-1,0.017118357830823792,0.0152668015313073,0.05696398758966105,SUPPORT,0.16967109719843537,0.012581397848175753,0.03100292669618853,0.140390228844673,0.7447932960810698,0.012701465693442271,0,ok,0.11373969927253824,0.049262000826178313,AIR,0.0,1,3.40712157610496,0.12573452147628864,0.4908107357476845,UNLOADING,0.07138586392778425,0.040124343721980676,0.00941619306540355,2.500000000000002,0.0037956542968750062,0.5932038681723207,0,staged_v3,0.220095878257019,2,1.0429140477673111,0.1942408549619722,2,0,0,0
v3_pelvis_proxy:v3_left_hand_proxy,120,0.11613078772187786,0.9591308593750014,0.46146910071297603,0.0,0.29034094943723,FLAT,0.0,-1,0.07755150866256555,0.01280025299352176,0.0527560528592741,SUPPORT,0.2257368777587483,0.014837549649441947,0.026040867614443033,0.08698487619951444,0.46146910071297603,0.019147717423670045,0,ok,0.18723459063240555,0.03836528481909186,AIR,0.0,1,2.560873642010528,0.10152348630358045,0.4691182882055472,UNLOADING,0.06118788336667221,0.045195139696882256,0.0032607747133951053,2.500000000000002,0.004795654296875007,0.5979995224691957,0,staged_v3,0.2595596665690859,2,1.0476419494610172,0.2576697103612679,2,0,0,0
v3_pelvis_proxy:v3_left_hand_proxy,121,0.05191469036387047,1.0000000000000009,0.39124923624313773,0.0,0.3096872484093397,FLAT,0.0,-1,0.07037758148168828,0.01107784808109229,0.050169577504942255,SUPPORT,0.2705895022069986,0.016430630794154823,0.024486903589104565,0.07374874357824354,0.39124923624313773,0.03998138077622472,0,ok,0.24547849756484932,0.029878913859866223,AIR,0.0,1,2.628628444094543,0.08951285532290616,0.4717979575160256,UNLOADING,0.05244675717143332,0.04327715665231914,0.005312741223482143,0.5108642578124933,0.0050000000000000044,0.6029995224691957,0,staged_v3,0.3106542250468633,2,1.0480660180332584,0.3089271185617711,2,0,0,0
v3_pelvis_proxy:v3_left_hand_proxy,122,0.015901675268283566,1.0000000000000009,0.365486961647373,0.0,0.3300011846395309,FLAT,0.0,-1,0.05965226138044472,0.010444115462972185,0.04876834278262655,SUPPORT,0.3064716017655989,0.016994301676159146,0.024673510835368062,0.06889266922165449,0.365486961647373,0.06396525710584479,0,ok,0.3038298765094401,0.023269721511386867,AIR,0.0,1,2.7661288431617566,0.07981861316541794,0.4919410116563663,UNLOADING,0.044954363289799994,0.03931606051906207,0.010280990063756244,0.0,0.0050000000000000044,0.6079995224691958,0,staged_v3,0.3521486011430833,2,1.0481509875345814,0.3504396689337408,2,0,0,0
v3_torso_proxy:v3_left_forearm_proxy,123,0.019861132145098808,1.0000000000000009,0.3351041674886116,0.0,0.36013386626560384,FLAT,0.0,-1,0.051703128016005406,0.010771995914826912,0.04786734240509634,SUPPORT,0.3351772814124791,0.016621371205427907,0.026311087814267053,0.06316564744617276,0.3351041674886116,0.07091447825645902,0,ok,0.3628313880459852,0.018122477334921606,FLAT,0.0,1,2.8813129028600315,0.07121127357741344,0.5580369161799343,UNLOADING,0.03853231139125714,0.035560990534196035,0.017340855274800688,0.0,0.0050000000000000044,0.6129995224691958,0,staged_v3,0.38586466943156733,2,1.0483267177513287,0.3840856682125528,2,0,0,0
v3_torso_proxy:v3_left_forearm_proxy,124,0.029785783491289953,0.8000000000000007,0.3052089015219231,0.009694358440970052,0.38039819926980173,FLAT,0.0,-1,0.04839272535339945,0.010066933275811724,0.04980790850601263,SUPPORT,0.35814182512998327,0.017423462149488908,0.028515032405095488,0.05753052256988905,0.3052089015219231,0.07547073518290154,0,ok,0.4225113369311775,0.014113799539630732,FLAT,0.0,1,2.9573164609761924,0.06291893865063533,0.6507855084424665,UNLOADING,0.033027695478220404,0.031913509063017015,0.02562576635910632,-2.500000000000002,0.0040000000000000036,0.6169995224691958,0,staged_v3,0.1621571477508134,2,1.0483766530336858,0.16084678057206184,2,0,0,0
v3_torso_proxy:v3_left_forearm_proxy,125,0.09986165124624062,0.6000000000000005,0.28687323999114617,0.013281971710621654,0.3685639163131894,FLAT,0.0,-1,0.07610059620678508,0.012441126591062952,0.05174373668986908,SUPPORT,0.3765134601039866,0.015146060243430504,0.02814339340021113,0.05407433179606119,0.28687323999114617,0.08217011751538522,0,ok,0.0,0.010991838133577249,FLAT,0.0,1,2.9166223334830073,0.053472228425939294,0.7461807698349497,UNLOADING,0.02830945326704606,0.024133065235558665,0.03817597325618882,-2.500000000000002,0.0030000000000000027,0.6199995224691958,0,staged_v3,0.16091508250828176,2,1.0659027603821698,0.16140691858390027,2,0,0,0
v3_pelvis_proxy:v3_right_hand_proxy,126,0.0550964437875691,0.40000000000000036,0.26518618808235767,0.016235845869180116,0.35303381987989113,FLAT,0.0,-1,0.08156393969691286,0.015071490339697114,0.05637513774032597,SUPPORT,0.3912107680831893,0.012747266547319187,0.027313686274214394,0.049986418818780964,0.26518618808235767,0.0863203190108491,0,ok,0.0,0.00856045214582409,FLAT,0.0,1,2.957956450543812,0.04567676178917224,0.7967831362842783,UNLOADING,0.024513763977048464,0.01916239502504169,0.05240073822258397,-2.500000000000002,0.0020000000000000018,0.6219995224691958,0,staged_v3,0.1605484393531452,2,1.0779593914561458,0.1616055199339427,2,0,0,0
v3_pelvis_proxy:v3_right_hand_proxy,127,0.04896822597372775,0.20000000000000018,0.2918370365911238,0.019753603951420028,0.3377336685024718,FLAT,0.0,-1,0.08423908968791544,0.016937030792824836,0.06659543091098188,SUPPORT,0.4029686144665514,0.01139274075272426,0.026591856843074878,0.05500998541200541,0.2918370365911238,0.08317379641825345,0,ok,0.0,0.00666688683461309,FLAT,0.0,1,3.017498211623097,0.03901489015219396,0.7800587238318559,UNLOADING,0.021221272494394885,0.024988046039398845,0.06551290195634998,-2.500000000000002,0.0010000000000000009,0.6229995224691958,0,staged_v3,0.15922501450672938,2,1.081269269005507,0.1602090522873273,2,0,0,0
v3_pelvis_proxy:v3_right_hand_proxy,128,0.07130570868604524,0.0,0.3203198593128102,0.023500235677649226,0.3240067961209715,FLAT,0.0,-1,0.08726335055925835,0.018824446964841212,0.0855801639833875,SUPPORT,0.41237489157324114,0.010454561234328166,0.025800652782743187,0.06037887100896244,0.3203198593128102,0.08099519900200908,0,ok,0.0,0.0051921766874451145,FLAT,0.0,1,2.9338116481623846,0.033090064096087266,0.7310424897205281,UNLOADING,0.01838915855445081,0.02846206038993914,0.07731014871170863,-2.500000000000002,0.0,0.6229995224691958,0,staged_v3,0.15681991861626615,2,1.0836044878424174,0.1580805739060117,2,0,0,0
v3_pelvis_proxy:v3_right_hand_proxy,129,0.07459170259074013,0.20000000000000018,0.3361219679793117,0.02734287152436541,0.31525474288665056,FLAT,0.0,-1,0.09045280935984439,0.020412056638065373,0.13125281586326104,SUPPORT,0.41989991325859294,0.01115058415509768,0.024476180583283564,0.06335749831883697,0.3361219679793117,0.07905475075493335,0,ok,0.0,0.004043671270027348,FLAT,0.0,1,2.8249550601986044,0.029036861426503042,0.6776978360759474,UNLOADING,0.015948319332461745,0.02984803037729433,0.08999594576801387,-2.500000000000002,-0.0010000000000000009,0.6219995224691958,0,staged_v3,0.15425035675448373,2,1.0852937306431372,0.1557090999078816,2,0,0,0
v3_pelvis_proxy:v3_right_hand_proxy,130,0.08076072118615478,0.40000000000000036,0.3556664204929891,0.031340819194724985,0.32258712931689926,FLAT,0.0,-1,0.07284194763969563,0.021540732994511147,0.20432932277520727,SUPPORT,0.42591993060687433,0.01367573314424922,0.022791510340950276,0.06704154082496117,0.3556664204929891,0.07708632121614589,0,ok,0.0,0.003149214351580641,AIR,0.0,1,2.2386835319078577,0.025686824657429972,0.632905987618589,UNLOADING,0.013835139103848761,0.03095847472349948,0.1044289839231809,-2.500000000000002,-0.0020000000000000018,0.6199995224691958,0,staged_v3,0.1511302408226921,2,1.086391808748063,0.15289855783500003,2,0,0,0
v3_pelvis_proxy:v3_right_hand_proxy,131,0.10046967666616587,0.6000000000000005,0.26818459638909437,0.035755312835608795,0.3340270741025203,FLAT,0.0,-1,0.07169074798555358,0.022157588340433312,0.31137031119046854,SUPPORT,0.43073594448549946,0.01991396899586598,0.020654546563657446,0.050551605469315364,0.26818459638909437,0.0763119683814863,0,ok,0.0,0.0024526106030707097,AIR,0.0,1,1.7547105243939765,0.022065873066564403,0.5915268398133944,UNLOADING,0.01200180860383372,0.03251046892410532,0.1135010912112403,-2.500000000000002,-0.0030000000000000027,0.6169995224691958,0,staged_v3,0.14758086495579006,2,1.0845977013536583,0.14868530206769595,2,1,0,0
v3_pelvis_proxy:v3_right_hand_proxy,132,0.07428608643672943,0.8000000000000007,0.2019698111203211,0.041550839137335795,0.33938814684161545,FLAT,0.0,-1,0.07368550595740916,0.021112607644966787,0.4327103177377408,SUPPORT,0.43458875558839954,0.028979434089963032,0.017656081796924013,0.03807041249175114,0.2019698111203211,0.07488938495258796,0,ok,0.0,0.0019100950582406993,AIR,0.0,1,0.8992697193939975,0.015417515902360224,0.5421973706405581,UNLOADING,0.010412185451855913,0.03669235262966768,0.11466034045297827,-2.500000000000002,-0.0040000000000000036,0.6129995224691958,0,staged_v3,0.14342689290348287,2,1.0842180513073734,0.14505479087968817,2,1,0,0
v3_pelvis_proxy:v3_right_hand_proxy,133,0.13406611058570994,1.0000000000000009,0.1089170583677822,0.039103799433796466,0.34356446547459957,FLAT,0.0,-1,0.07648667056527762,0.024004247987639865,0.5560726702797588,UNLOADING,0.3834266718802003,0.03657843394848479,0.016225199565503154,0.020530381825130117,0.1089170583677822,0.07405271557674084,0,ok,0.0,0.0014875835270986772,AIR,0.0,1,0.6568961163119047,0.0036304541385694016,0.5224169413360653,UNLOADING,0.009026222486003621,0.047490392928233864,0.09561426355989265,-2.500000000000002,-0.0050000000000000044,0.6079995224691958,0,staged_v3,0.1376412799462108,2,1.0838516238812599,0.13889480625689307,2,1,0,0
v3_pelvis_proxy:v3_right_hand_proxy,134,0.43701233125070094,1.0000000000000009,0.99999641964325,0.07331036799164876,0.3381505880875255,FLAT,0.0,-1,0.08232826826912652,0.0564513237416005,0.6731363849983427,UNLOADING,0.33721679205536104,0.029574682567823883,0.02908213668209326,0.18849488433403983,0.99999641964325,0.05034404055509853,0,ok,0.0,0.0011585312157885723,AIR,0.0,1,0.5290109156186033,0.0316944252020737,0.4404321427980409,UNLOADING,0.00782937310656316,0.015327181937828345,0.08372288547066649,0.0,-0.0050000000000000044,0.6029995224691957,0,staged_v3,0.19158523879256578,2,1.077234871953294,0.15811045059446535,2,0,0,0
v3_pelvis_proxy:v3_right_hand_proxy,135,0.15618287938730482,1.0000000000000009,0.3959572113607832,0.05029413734257707,0.3512677985172725,FLAT,0.0,-1,0.06755404465668875,0.036291942397878696,0.7657919855639761,UNLOADING,0.290412304948008,0.0452658335354305,0.018023765742768306,0.07463617598081626,0.3959572113607832,0.04884432551623005,0,ok,0.0,0.0009022650180688068,AIR,0.0,1,0.2500638548432297,0.02157493494285596,0.36296724378369216,UNLOADING,0.006793001572953841,0.021573427246328648,0.0688070194199392,0.0,-0.0050000000000000044,0.5979995224691957,0,staged_v3,0.2115846388845,2,1.085082877825151,0.2131157553954069,2,1,0,0
v3_pelvis_proxy:v3_right_hand_proxy,136,0.03683174852287587,1.0000000000000009,0.27106307192733564,0.05570462234988552,0.33213998272171763,FLAT,0.0,-1,0.07266247497747817,0.03617425349133002,0.8321826244692708,UNLOADING,0.25181978131968463,0.050221316685806705,0.016387814537656836,0.05109418532558396,0.27106307192733564,0.04681787600163964,0,ok,0.0,0.000702684702609922,FLAT,0.0,1,0.1714783482414067,0.008000634855848059,0.30015846574255767,LOADING,0.005892825339728116,0.032007288431279826,0.049632378430062296,0.0,-0.0050000000000000044,0.5929995224691957,0,staged_v3,0.12937377145916057,2,1.0924491193768948,0.13092205610871324,2,1,0,0
v3_pelvis_proxy:v3_right_hand_proxy,137,0.21229641350402412,0.8000000000000007,0.21596687411527027,0.06660603714994479,0.2758305077768007,FLAT,0.0,-1,0.07072306508428351,0.034600709384540185,0.8797535959739129,UNLOADING,0.21721504938896236,0.05898643622036481,0.010001243578330838,0.04070879670835709,0.21596687411527027,0.04327812996887115,0,ok,0.0,0.06794053996387793,FLAT,0.0,1,0.08872308619663677,0.015464328403375385,0.256101800895264,LOADING,0.01482242933684892,0.022340761641387822,0.05070367513003579,2.500000000000002,-0.0040000000000000036,0.5889995224691957,0,staged_v3,0.1359705819673262,2,1.0975896879686882,0.13708535852278347,2,1,0,0
v3_pelvis_proxy:v3_right_hand_proxy,138,0.038831775210828534,0.6000000000000005,0.22794144785863868,0.06370550068022517,0.2148170154515556,FLAT,0.0,-1,0.29499668535055124,0.04970666201904669,0.9138396865314025,UNLOADING,0.18663266291410568,0.059113252613621034,0.011578731712949087,0.042965950682479215,0.22794144785863868,0.041360449029030105,0,ok,0.0,0.07644928839065344,FLAT,0.0,1,0.12965951721225727,0.003099920820053577,0.22510413906065224,LOADING,0.02370599089861431,0.03315528613297904,0.03532668147078534,2.500000000000002,-0.0030000000000000027,0.5859995224691957,0,staged_v3,0.13513173768565018,2,1.1009806063421312,0.13710670074240308,2,1,0,0
v3_pelvis_proxy:v3_right_hand_proxy,139,0.4905130735026931,0.8000000000000007,0.9999951366856036,0.009460368311194345,0.16729965985073358,FLAT,0.0,-1,0.3951858864269201,0.12473745743734171,0.9382634376708973,UNLOADING,0.1602618752194944,0.018851454287208504,0.05306171759633637,0.1884946425022208,0.9999951366856036,0.02896593865900493,0,ok,0.0,0.06244013171781942,FLAT,0.0,1,0.1476624238726535,0.02876362294605702,0.20129929419555664,LOADING,0.028938988173600404,0.006301341763720818,0.03955547689057081,-2.500000000000002,-0.0040000000000000036,0.5819995224691957,0,staged_v3,0.1893184294291215,2,1.0919534904355745,0.174341052487406,2,0,0,0
v3_pelvis_proxy:v3_right_hand_proxy,140,0.19633450580191933,0.6000000000000005,0.46993764762641166,0.0513153464448496,0.13029310609933098,FLAT,0.0,-1,0.7872508287163592,0.11867651151194922,0.9413775309677165,UNLOADING,0.1384201073949922,0.036374378392444416,0.03569449815594141,0.08858115968570424,0.46993764762641166,0.02850065352421685,0,ok,0.0,0.07585203860306666,FLAT,0.0,1,0.1188381853555847,0.016434560690440445,0.1970500769242581,LOADING,0.03533226825117444,0.01841794315577246,0.02968572333978098,2.500000000000002,-0.0030000000000000027,0.5789995224691957,0,staged_v3,0.19178141589588907,2,1.0958882731535933,0.19178141589588907,2,1,0,0
v3_pelvis_proxy:v3_right_hand_proxy,141,0.3415527343750001,0.40000000000000036,0.340547091499163,0.022332901841976657,0.1014723730589646,FLAT,0.0,-1,0.8703461030014076,0.1380701780854246,0.8869757453408174,UNLOADING,0.11921725403094098,0.026732424529609382,0.04261636273743149,0.0641916144513085,0.340547091499163,0.029830948884953995,0,ok,0.0,0.10792257403148163,FLAT,0.0,1,0.09871346915558986,0.0002687993565906087,0.19400537970394177,LOADING,0.045662817416515004,0.03443146962860648,0.011568090502791522,2.500000000000002,-0.0020000000000000018,0.5769995224691957,1,staged_v3,0.18690121684771244,2,1.0943926283101653,0.1639265627116728,2,0,1,1
v3_pelvis_proxy:v3_right_hand_proxy,142,0.5620229170636919,0.20000000000000018,0.8745475155036334,0.07034570687926865,0.07902676359843536,FLAT,0.0,-1,1.2069824058988,0.13446414841945417,0.7805781716031285,UNLOADING,0.10421536123327979,0.04651466953760193,0.017514239042554492,0.16484832299528523,0.8745475155036334,0.03148474209811186,0,ok,0.0,0.17375141495773372,FLAT,0.0,1,0.07826193048675562,0.02725413608416265,0.2100467459917674,LOADING,0.0639813530600913,0.008248201215425719,0.0313285443125145,2.500000000000002,-0.0010000000000000009,0.5759995224691957,0,staged_v3,0.21097279717732695,2,1.0967740348252086,0.19066286242587036,2,0,0,0
v3_pelvis_proxy:v3_right_hand_proxy,143,0.14437659045355974,0.0,0.5662513620565771,0.11616485002503583,0.06154610537406025,AIR,0.0,-1,1.7591543370074303,0.13177327548411097,0.6767457287806549,UNLOADING,0.08972009841639614,0.04957176025311699,0.009265526185915755,0.10673586714732941,0.5662513620565771,0.033079177972222984,0,ok,0.0,0.21693713576193804,FLAT,0.0,1,0.08327662028593147,0.008295897169305476,0.2215408872013773,LOADING,0.08496042049573557,0.02778114719076339,0.01903901796103259,2.500000000000002,0.0,0.5759995224691957,0,staged_v3,0.19360400327284627,2,1.0958253123174178,0.1783512832973517,2,0,0,0
v3_pelvis_proxy:v3_right_hand_proxy,144,0.9999999999999997,0.20000000000000018,0.4257557510610443,0.248493049251057,0.04793215506031332,AIR,0.0,-1,2.0221499391044038,0.120183115836134,0.5841235452675905,UNLOADING,0.07690294149976812,0.03486988821417328,0.019336289049206246,0.0802530683854189,0.4257557510610443,0.034231834113317344,0,ok,0.0,0.24867735559879267,FLAT,0.0,1,0.085870532905196,0.04000125204041764,0.22977679926621927,LOADING,0.10627575015245139,0.0,0.05277454356397994,2.500000000000002,0.0010000000000000009,0.5769995224691957,0,staged_v3,0.1794487934485251,2,1.091642988745987,0.18134087574293423,2,0,1,1
v3_pelvis_proxy:v3_right_hand_proxy,145,0.9045698914651721,0.40000000000000036,0.9998827881054548,0.20590380829439392,0.037329599895272014,AIR,0.0,-1,2.1354500480831335,0.15692293928959664,0.5177568507267685,UNLOADING,0.06591680699980125,0.01949819913850398,0.03138964339783445,0.18847346529377862,0.9998827881054548,0.031526981610990185,0,ok,0.0,0.2104263018822488,FLAT,0.0,1,0.1364516337693427,0.0014877421889336892,0.235678088131811,LOADING,0.11718728679435973,0.035296162217656864,0.0176385289934744,2.500000000000002,0.0020000000000000018,0.5789995224691957,0,staged_v3,0.21356456869655321,2,1.1003836548591137,0.1774446713787568,2,0,0,0
v3_pelvis_proxy:v3_right_hand_proxy,146,0.698988424816661,0.6000000000000005,0.693724082674052,0.2631893245551416,0.02907232163018008,AIR,0.0,-1,2.1558731027014146,0.1191741805194838,0.47020303610898295,UNLOADING,0.05650012028554393,0.048419813400184634,9.033840526451609e-05,0.1307639089048272,0.693724082674052,0.027295535756519496,0,ok,0.0,0.2913711254806147,FLAT,0.0,1,0.042298207782341966,0.03062972440980062,0.23990654637674794,SUPPORT,0.1837498294354878,0.006365602909036774,0.033342847211259075,2.500000000000002,0.0030000000000000027,0.5819995224691957,1,staged_v3,0.27885197447040616,2,1.1078234130938889,0.2782525304903818,2,0,0,0
v3_pelvis_proxy:v3_right_hand_proxy,147,0.20362708160919063,0.8000000000000007,0.5880837251633726,0.32829601833318844,0.02264154685128799,AIR,0.0,-1,2.279816802854642,0.10927602049146058,0.43612923899811806,UNLOADING,0.048428674530466224,0.04600251704035531,0.0008039449095505928,0.11085117064013822,0.5880837251633726,0.025477687893022502,0,ok,0.0,0.22692006068869933,FLAT,0.0,1,0.3726184358748006,0.01098855278284461,0.22339128827986648,SUPPORT,0.23699986354839023,0.025181011631148716,0.026960358154569108,2.500000000000002,0.0040000000000000036,0.5859995224691957,0,staged_v3,0.36043931072255975,2,1.116467273815771,0.3593539163001381,2,0,0,0
v3_pelvis_proxy:v3_right_hand_proxy,148,0.0724461184039552,1.0000000000000009,0.521762664902261,0.3877511193536969,0.01763325441773099,AIR,0.0,-1,2.5744993427677976,0.0986709494066145,0.4299372836754439,UNLOADING,0.041510292454685335,0.04210792643950059,0.0043889377442716026,0.09834994529846258,0.521762664902261,0.03735816213584672,0,ok,0.0,0.17672552095896976,FLAT,0.0,1,0.2347190377832846,0.003196684060399719,0.21138878876841372,SUPPORT,0.2795998908387122,0.03237275537802097,0.01961941726262395,2.500000000000002,0.0050000000000000044,0.5909995224691957,0,staged_v3,0.42285818542654363,2,1.0844865556143957,0.421615002593824,2,0,0,0
v3_pelvis_proxy:v3_right_hand_proxy,149,0.12366238960231529,1.0000000000000009,0.3950705449633973,0.45140575976961944,0.013732792348626205,AIR,0.0,-1,2.7568428364849944,0.08365189534336387,0.44372354099047306,UNLOADING,0.035580250675444576,0.03636174988292426,0.010824427166599402,0.0744690433024035,0.3950705449633973,0.05235614501953918,0,ok,0.0,0.13763397411154762,FLAT,0.0,1,0.23352807744708964,0.001487195045374098,0.1677001495032889,LOADING,0.2560217258726546,0.03189781242979035,0.01510401972182425,0.0,0.0050000000000000044,0.5959995224691957,0,staged_v3,0.3859021642863669,2,1.0581687962941162,0.3849711098413077,2,0,0,0
v3_pelvis_proxy:v3_right_hand_proxy,150,0.07590365638489234,1.0000000000000009,0.3130170045386611,0.5044705914078752,0.010695109434867086,AIR,0.0,-1,2.74541407667145,0.07228849016818259,0.4771163865669682,UNLOADING,0.030497357721809636,0.03091841281254538,0.01793740651580303,0.059002315314440446,0.3130170045386611,0.06877562556267679,0,ok,0.0,0.1672215856144923,FLAT,0.0,1,0.09921978077544898,0.0013267129357746607,0.1379767498644981,LOADING,0.2400398928514492,0.030572124557450245,0.014717084866191088,0.0,0.0050000000000000044,0.6009995224691957,0,staged_v3,0.361991380750732,2,1.0645624254951658,0.36139963983667134,2,0,0,0
v3_torso_proxy:v3_right_forearm_proxy,151,0.06856176475303137,1.0000000000000009,0.2727605294834407,0.0,0.008329359602908858,AIR,0.0,-1,2.7663176129106315,0.0620107510413182,0.550084213063474,UNLOADING,0.02614059233297969,0.025677369444741485,0.02682684120843222,0.05141414853686638,0.2727605294834407,0.07995332569356114,0,ok,0.0,0.18423115984587302,FLAT,0.0,1,0.1047745518312994,0.0027843443100323316,0.1189170338717572,LOADING,0.22893747055413477,0.02816150738355553,0.015273896782392122,0.0,0.0050000000000000044,0.6059995224691958,0,staged_v3,0.3457487781826535,2,1.0700089322799775,0.34524042231218854,2,0,0,0
v3_torso_proxy:v3_right_forearm_proxy,152,0.06275410625494035,1.0000000000000009,0.25597152146881624,0.0,0.006486911781228745,FLAT,0.0,-1,2.7588352007408203,0.052826763445905416,0.6470234755494753,UNLOADING,0.022733325938976204,0.019694851014262438,0.037656322763211326,0.04824949508247811,0.25597152146881624,0.08421551427319304,0,ok,0.0,0.18173621689258204,FLAT,0.0,1,0.11419370609246021,0.005845469583939858,0.10139148758871151,LOADING,0.21956207640541528,0.02422410479549572,0.016322319201955,0.0,0.0050000000000000044,0.6109995224691958,0,staged_v3,0.3321374611275452,2,1.073370930063458,0.3316349113887589,2,0,0,0
v3_torso_proxy:v3_right_forearm_proxy,153,0.04819599173082274,0.8000000000000007,0.24976229363214567,0.0,0.005052011974936068,FLAT,0.0,-1,2.741378851081582,0.04628356047181552,0.6989634947032283,UNLOADING,0.019702970809072774,0.0136646142633459,0.04970414351498017,0.04707908320910914,0.24976229363214567,0.08950047353428098,0,ok,0.0,0.2469648669199166,FLAT,0.0,1,0.05827338968597256,0.007060860311176139,0.09174887145260227,LOADING,0.22051088494264665,0.022526583261453976,0.017795521373216203,-2.500000000000002,0.0040000000000000036,0.6149995224691958,0,staged_v3,0.33456222606978425,2,1.0886231491297351,0.3342192930229078,2,0,0,0
v3_torso_proxy:v3_right_forearm_proxy,154,0.04595134646397586,0.6000000000000005,0.2734016966396839,0.0,0.003934510882166325,FLAT,0.0,-1,2.74044920716138,0.04117555946284236,0.7151908304775348,UNLOADING,0.017048344233037648,0.019583982061034386,0.06220066112128098,0.051535005698532976,0.2734016966396839,0.09515118545258688,0,ok,0.0,0.3328029829522024,FLAT,0.0,1,0.041772676445882714,0.007227710881526156,0.08615658166448556,SUPPORT,0.2664087079541173,0.022080118201698123,0.0197432038099113,-2.500000000000002,0.0030000000000000027,0.6179995224691958,0,staged_v3,0.4054114270637518,2,1.1197453923059262,0.4050166992016731,2,0,0,0
v3_pelvis_proxy:v3_left_hand_proxy,155,0.06287996801908609,0.40000000000000036,0.32565957870211676,0.0,0.003064200156034098,FLAT,0.0,-1,2.7361245372265186,0.035154749109196186,0.6854918427933943,UNLOADING,0.014750540191801767,0.02411984303047353,0.0735936477108726,0.061385384401303034,0.32565957870211676,0.09224327350934222,0,ok,0.0,0.3765506217645369,FLAT,0.0,1,0.0596187139699368,0.00888039746608343,0.0880458839667553,SUPPORT,0.30312696636329384,0.020521896732254335,0.021142017629654026,-2.500000000000002,0.0020000000000000018,0.6199995224691958,0,staged_v3,0.4617676280318809,2,1.1200277195893447,0.4613298888424818,2,0,0,0
v3_pelvis_proxy:v3_left_hand_proxy,156,0.06250869849787292,0.20000000000000018,0.35997354632532885,0.0,0.0023864014810068765,FLAT,0.0,-1,2.5877497286883924,0.02998628919532504,0.6450593713357642,UNLOADING,0.012764324570389207,0.027266679371463175,0.0865049225238588,0.0678534149173391,0.35997354632532885,0.08715655138021106,0,ok,0.0,0.40843851016613664,FLAT,0.0,1,0.06150035087448911,0.010741718711815885,0.10230472584468314,SUPPORT,0.33250157309063505,0.019373517580418272,0.02215674538066815,-2.500000000000002,0.0010000000000000009,0.6209995224691958,0,staged_v3,0.5069595707149908,2,1.120783546084189,0.5065813771402783,2,0,0,0
v3_pelvis_proxy:v3_left_hand_proxy,157,0.059191340149553295,0.0,0.3813152052728331,0.0,0.0018585313421309157,FLAT,0.0,-1,2.3355347353601985,0.025641580766859108,0.6002469103468805,UNLOADING,0.011046985866938462,0.029370764750484918,0.1005448935148546,0.07187622285523299,0.3813152052728331,0.08255902451572927,0,ok,0.010732533512738038,0.4109089267987809,FLAT,0.0,1,0.0699353019660109,0.010714980471127292,0.12781749578251425,SUPPORT,0.356001258472508,0.020675894317998423,0.022007882781079683,-2.500000000000002,0.0,0.6209995224691958,0,staged_v3,0.14116872529063934,2,1.1212321525344935,0.14232931534998575,2,0,0,0
v3_pelvis_proxy:v3_left_hand_proxy,158,0.06853265956625401,0.20000000000000018,0.37989042328104156,0.0,0.0014474256646143063,AIR,0.0,-1,1.7115356303854041,0.020509849374625983,0.5648853161378811,UNLOADING,0.009558815908871907,0.03273441643226807,0.11282634504313035,0.07160765777693023,0.37989042328104156,0.07813577584425949,0,ok,0.01601692588306273,0.42053310661088694,FLAT,0.0,1,0.0632927629554335,0.011662466363182453,0.17954543312821536,SUPPORT,0.37480100677800643,0.022314805293228317,0.021103548359246577,-2.500000000000002,-0.0010000000000000009,0.6199995224691958,0,staged_v3,0.13791795426847311,2,1.1219930086517327,0.139297441563597,2,0,0,0
v3_pelvis_proxy:v3_left_hand_proxy,159,0.05959392771080618,0.40000000000000036,0.3680651520312076,0.0,0.0011272562410392704,AIR,0.0,-1,1.4058389656944392,0.015320966217159438,0.5308609592928466,UNLOADING,0.00826881933782625,0.0362220817474829,0.12393370497652652,0.06937864665981913,0.3680651520312076,0.0737691005453398,0,ok,0.0214104556081549,0.4409805967183542,FLAT,0.0,1,0.059668705304346516,0.011794852980277815,0.248587900630213,SUPPORT,0.3898408054224051,0.025634542051232837,0.01951549029248173,-2.500000000000002,-0.0020000000000000018,0.6179995224691958,0,staged_v3,0.13476439200815638,2,1.122683906590425,0.13651576114650696,2,0,0,0
v3_pelvis_proxy:v3_left_hand_proxy,160,0.12587346039806888,0.6000000000000005,0.17436936845662013,0.0,0.0008779080432435121,AIR,0.0,-1,0.7569193525001303,0.0052510033743615216,0.5014390410736568,UNLOADING,0.007150086671835162,0.04482094867932132,0.10376928861207325,0.032867851617264576,0.17436936845662013,0.07232162441437692,0,ok,0.023819013989355202,0.4524235076652928,FLAT,0.0,1,0.05703112478942956,0.012134425132136861,0.3273030273447791,SUPPORT,0.4018726443379241,0.029230726235102096,0.01722644298479132,-2.500000000000002,-0.0030000000000000027,0.6149995224691958,0,staged_v3,0.13046292553116356,2,1.1242587086782387,0.1315314102165175,2,1,0,0
v3_pelvis_proxy:v3_left_hand_proxy,161,0.35628328819183575,0.8000000000000007,0.9999867587284199,0.0,0.000683715471542732,AIR,0.0,-1,0.7122145576554,0.03842268450581701,0.47398504475525555,UNLOADING,0.006180023513453523,0.010276567731945768,0.09496476217752742,0.1884930632944964,0.9999867587284199,0.05080928414495886,0,ok,0.0723281554161419,0.46511854558732846,FLAT,0.0,1,0.05828258291565912,0.062141653210311544,0.4340684629663266,SUPPORT,0.41149811547033927,0.008972489620521773,0.03773093352779456,-2.500000000000002,-0.0040000000000000036,0.6109995224691958,0,staged_v3,0.1921166684629886,2,1.1163003324580691,0.15337679153884556,2,0,0,0
v3_pelvis_proxy:v3_left_hand_proxy,162,0.17535087786331802,1.0000000000000009,0.3570671589371949,0.0,0.0005324781446355146,AIR,0.0,-1,0.49973709788402076,0.02619899549258557,0.4179126842735829,UNLOADING,0.005341441407802144,0.01969663872109358,0.07876334771172915,0.06730557380131623,0.3570671589371949,0.04863772166503466,0,ok,0.012927945662201686,0.46175219346752283,FLAT,0.0,1,0.06655462714561634,0.02706077410383985,0.5480024981655088,UNLOADING,0.3563911325424465,0.029664236583647273,0.022735888324628174,-2.500000000000002,-0.0050000000000000044,0.6059995224691958,0,staged_v3,0.19881511699073662,2,1.1144651616513574,0.20035564593838381,2,1,0,0
v3_pelvis_proxy:v3_left_hand_proxy,163,0.10923543034253866,1.0000000000000009,0.26689159332574575,0.0,0.00041469439601054755,FLAT,0.0,-1,0.26568376910224983,0.009305470008987637,0.3337716155112539,LOADING,0.004617847089189072,0.03238311076657506,0.05548061609229578,0.05030788013382226,0.26689159332574575,0.0485397988043699,0,ok,0.01652695458403865,0.40861144136238126,FLAT,0.0,1,0.10972637789223869,0.03090207224441937,0.6700395573679478,UNLOADING,0.3234933761959307,0.037661121003046985,0.02084085686535041,0.0,-0.0050000000000000044,0.6009995224691957,0,staged_v3,0.12249856944811126,2,1.0749741499644576,0.12388832934475512,2,1,0,0
v3_pelvis_proxy:v3_left_hand_proxy,164,0.3366310896397214,1.0000000000000009,0.9999974939439662,0.0,0.0003229643203483377,FLAT,0.0,-1,0.1715036073339242,0.047189811418782174,0.26495645684386004,LOADING,0.003992067910496613,0.0,0.061294138205168006,0.18849508683495408,0.9999974939439662,0.02562436202351405,0,ok,0.05328274079480258,0.31822691050495794,FLAT,0.0,1,0.16180251731791254,0.09211135104018656,0.7635730116033481,UNLOADING,0.2869158105135939,0.014019861405318863,0.049158789174848554,0.0,-0.0050000000000000044,0.5959995224691957,0,staged_v3,0.17768497073185116,2,1.0336819305094382,0.14580968081265577,2,0,0,0
v3_pelvis_proxy:v3_left_hand_proxy,165,0.24841827874935443,1.0000000000000009,0.4562959922920102,0.0,0.01624023255842956,FLAT,0.0,-1,0.1336752661166294,0.028336516067220707,0.2250839092832066,LOADING,0.005710617833699255,0.007917679396939624,0.04836131744449263,0.08600976823482265,0.4562959922920102,0.02353992528571157,0,ok,0.02045947920400429,0.27572865217102827,FLAT,0.0,1,0.12062296384210881,0.05527946319145652,0.8305926601491329,UNLOADING,0.2480713327084818,0.042261840448023766,0.02426779255943289,0.0,-0.0050000000000000044,0.5909995224691957,0,staged_v3,0.21167463148652169,2,1.0394794707349515,0.21167463148652169,2,1,0,0
v3_pelvis_proxy:v3_left_hand_proxy,166,0.04378920380349661,0.8000000000000007,0.4159978998792953,0.0,0.04293661762741876,FLAT,0.0,-1,0.12249128238963992,0.007324533460315828,0.19490138345893698,LOADING,0.011482136557116895,0.027420535712631026,0.031434981703741455,0.07841375677017459,0.4159978998792953,0.024601945900190006,0,ok,0.033837113476418164,0.21571001484995828,FLAT,0.0,1,0.10237400558900656,0.057141212278453105,0.8786143367558389,UNLOADING,0.2157964733314407,0.05215719236554337,0.01677352447224858,2.500000000000002,-0.0040000000000000036,0.5869995224691957,0,staged_v3,0.12425373922028315,2,1.048231992903302,0.1252979557935788,2,1,0,0
v3_pelvis_proxy:v3_left_hand_proxy,167,0.45953358712224096,0.9747798244699624,0.9999942796444282,0.0,0.07714945573064025,FLAT,0.0,-1,0.10651036647486649,0.06048204041412333,0.17327465867364583,LOADING,0.021941991270104717,0.0,0.06568834221744088,0.1884944809537652,0.9999942796444282,0.010271949792111358,0,ok,0.02241237668429459,0.16799512848149187,FLAT,0.0,1,0.1817852396301455,0.11089797204174098,0.9130233716307926,UNLOADING,0.18628879802343978,0.04173608602013821,0.028915082561401427,-2.1847478058745207,-0.004873899122349812,0.5821256233468459,0,staged_v3,0.19279276512639232,2,1.025441500495926,0.1707736546008289,2,0,0,0
v3_pelvis_proxy:v3_left_hand_proxy,168,0.1018864590930004,0.7747798244699622,0.11676852644219576,0.0,0.11042921372447999,FLAT,0.0,-1,0.10158306263404798,0.04701879266141805,0.17600142039722178,LOADING,0.0357522960672084,0.0,0.04964644264246926,0.022010348690478465,0.11676852644219576,0.009990024262160384,0,ok,0.0417087468453608,0.13083473761356715,FLAT,0.0,1,0.3533580093753809,0.1096181851010942,0.9221644099756902,UNLOADING,0.16086609971238774,0.046385448285538464,0.024722772213246053,2.500000000000002,-0.003873899122349811,0.5782517242244961,1,staged_v3,0.24468840377461235,2,1.0166161269632719,0.24468840377461235,2,1,1,1
v3_pelvis_proxy:v3_left_hand_proxy,169,0.3356005804707669,0.574779824469962,0.782674316355212,0.0,0.14578317334844534,FLAT,0.0,-1,0.0971196314928104,0.01541832083380881,0.19617821772603733,LOADING,0.052038574899067,0.01939059005249306,0.023878646113076486,0.14753063294489688,0.782674316355212,0.013200529708849593,0,ok,0.03700675533391483,0.10189419610638789,AIR,0.0,1,0.4095177740165487,0.10646586800279628,0.9148368051932977,UNLOADING,0.1385033877305245,0.06598773533425607,0.0047541049254088185,2.500000000000002,-0.00287389912234981,0.5753778251021463,0,staged_v3,0.17917235003820833,2,1.02537916115258,0.15926684850471276,2,0,0,0
v3_pelvis_proxy:v3_left_hand_proxy,170,0.2994995117187504,0.37477982446996183,0.10931176376923155,0.0,0.2430793271174278,FLAT,0.0,-1,0.01866161832753668,0.005029246842961424,0.21063552475923528,LOADING,0.08000649701763893,0.03128081536345698,0.004250960874504777,0.020604782040501646,0.10931176376923155,0.012004476986815588,0,ok,0.049895037001817695,0.07935527971808619,AIR,0.0,1,0.6705251119153794,0.12942724043705656,0.849847919837625,UNLOADING,0.11970143315958048,0.05135728274708119,0.016135113244800065,2.500000000000002,-0.0018738991223498092,0.5735039259797965,1,staged_v3,0.17707275209375767,2,1.0524394644640291,0.17707275209375767,2,1,1,1
v3_pelvis_proxy:v3_left_hand_proxy,171,3.686256582306563e-05,3.508177639499621e-05,2.1993065986475132e-05,0.0,0.24946206403065968,FLAT,0.0,-1,0.09418855159206659,0.005029564073874037,0.22099463791510027,LOADING,0.10287165471744124,0.03179996295971478,0.004249768936040231,4.14559527198155e-06,2.1993065986475132e-05,0.012004235395993573,0,ok,0.0498989949373907,0.0618019539852959,AIR,0.0,1,0.9634423279642877,0.1294291726301425,0.7628256466210335,UNLOADING,0.10337479712375353,0.04700557561145004,0.016135706719601645,4.684309283669585,-1.7540888197498106e-07,0.5735037505709145,1,staged_v3,0.21151625424796638,2,1.0652574446710783,0.21151625424796638,2,1,1,1
v3_pelvis_proxy:v3_left_hand_proxy,172,0.04510498046874994,0.19996491822360518,0.023938120182222435,0.0,0.1942812508136867,FLAT,0.0,-1,0.2372164278123639,0.005474963704433039,0.21681505796821487,LOADING,0.11272895380522897,0.03189727354787822,0.00394347935053253,0.004512229350313174,0.023938120182222435,0.011891204134240982,0,ok,0.07483869003777963,0.04813141015909138,AIR,0.0,1,1.8045095990760867,0.13186136517465213,0.6822484759666396,UNLOADING,0.0894139746062696,0.04118081661358865,0.017931607184743337,2.500000000000002,0.000999824591118026,0.5745035751620325,1,staged_v3,0.23314141522624568,2,1.0517410506763962,0.21723640243225872,2,0,1,1
v3_pelvis_proxy:v3_left_hand_proxy,173,0.08917236328125007,0.39996491822360536,0.03762384256078611,0.0,0.1576745253095224,FLAT,0.0,-1,0.14028458403834468,0.005785473604754707,0.21650470541532918,LOADING,0.11489061277535965,0.032462982047854375,0.0033622532229120846,0.007091927243327079,0.03762384256078611,0.011697128177189361,0,ok,0.09717644781613319,0.037484779922231336,AIR,0.0,1,2.619588292579833,0.1361828696477,0.6245124102753189,UNLOADING,0.07685453734242076,0.034810526749108825,0.02141509376465713,2.500000000000002,0.001999824591118027,0.5765033997531506,1,staged_v3,0.3498228667832352,2,1.035413429120833,0.3439335435931494,2,0,1,1
v3_pelvis_proxy:v3_left_hand_proxy,174,0.33249104238541993,0.5999649182236055,0.27144398794888425,0.0,0.12279704378146808,FLAT,0.0,-1,0.15277286457702036,0.010629331090516694,0.20776575233322533,LOADING,0.11237538574972475,0.024758956526144574,0.013594986991959112,0.05116598630407987,0.27144398794888425,0.010498370812223518,0,ok,0.04912333716256351,0.02919317595669304,AIR,0.0,1,2.1617577903192715,0.11133906810314101,0.5649197242807432,UNLOADING,0.06587531772207494,0.050854017118347375,0.0023919690956897876,2.500000000000002,0.0029998245911180277,0.5795032243442686,0,staged_v3,0.5406306955021732,2,1.0095551322306016,0.5406306955021732,2,1,0,0
v3_pelvis_proxy:v3_left_hand_proxy,175,0.10846397603917783,0.7999649182236057,0.9999921611857405,0.0,0.13611896388913425,FLAT,0.0,-1,0.08115063445393692,0.0360003212362422,0.17966249878324514,LOADING,0.11227368645762494,0.0,0.0523581445334003,0.18849408163371018,0.9999921611857405,0.03074890491201221,0,ok,0.03593411771867827,0.022735668295413847,AIR,0.0,1,2.530754039362796,0.17326172579061025,0.5222196988844376,UNLOADING,0.05705562833311344,0.0047766793276693,0.046334305616552586,2.500000000000002,0.003999824591118029,0.5835030489353866,0,staged_v3,0.38774061145105965,2,0.9866025767821107,0.2997380103994506,2,0,0,0
v3_pelvis_proxy:v3_left_hand_proxy,176,0.3789927685907627,0.9999649182236059,0.8449630007207473,0.0,0.17222545441315928,FLAT,0.0,-1,0.0604833651693843,0.032836100493772884,0.1398948360639919,LOADING,0.11944534970649671,0.0,0.03866294396454899,0.15927177333716921,0.8449630007207473,0.026067526328469273,0,ok,0.13280278719925612,0.017706556272120016,AIR,0.0,1,2.0645251334314856,0.0923274602094584,0.4916237937256887,UNLOADING,0.049672020234540294,0.04414016064658502,0.005441029039699415,2.500000000000002,0.0049998245911180295,0.5885028735265047,0,staged_v3,0.22946034058391923,2,1.0036618572421496,0.21556985426731268,2,0,0,0
v3_pelvis_proxy:v3_left_hand_proxy,177,0.0987803248739995,1.0000000000000009,0.44502650566776397,0.0,0.2218374587129802,FLAT,0.0,-1,0.06918044688545441,0.03089231565847348,0.11140006057730892,LOADING,0.13498123024000497,0.0,0.03118675507513858,0.08388552005151503,0.44502650566776397,0.021698334830155028,0,ok,0.21040932876048415,0.013789879890224965,AIR,0.0,1,2.616785364508439,0.07277627658945579,0.4879238568814982,UNLOADING,0.04257601734389168,0.045780325767299714,0.0036158670767751965,0.00043852220493745264,0.0050000000000000044,0.5935028735265047,0,staged_v3,0.24412877338619268,2,1.0141587942942034,0.2426311709277698,2,0,0,0
v3_pelvis_proxy:v3_left_hand_proxy,178,0.0494632979875871,1.0000000000000009,0.408481889869142,0.0,0.28091007870295565,FLAT,0.0,-1,0.05707672718253813,0.029300899395547694,0.09098266175333009,SUPPORT,0.197984984192004,0.0005221065817280976,0.029027026505938407,0.0769970222602423,0.408481889869142,0.01802179292209702,0,ok,0.2763168233976302,0.010739569256967821,AIR,0.0,1,2.727096153244735,0.06219952290482868,0.506954560841306,UNLOADING,0.036493729151907156,0.04273811708495004,0.007609610957115268,0.0,0.0050000000000000044,0.5985028735265047,0,staged_v3,0.3574732792456155,2,1.0216148380918013,0.35568608534137064,2,0,0,0
v3_pelvis_proxy:v3_left_hand_proxy,179,0.03348094532374572,1.0000000000000009,0.40024050549177875,0.0,0.3295298506009613,FLAT,0.0,-1,0.052122138013873394,0.028284746042194435,0.0763529562154768,SUPPORT,0.2483879873536032,0.0005329017685794073,0.029096496037319588,0.07544355790332224,0.40024050549177875,0.01561452603930185,0,ok,0.34010122151875094,0.008363984947176125,FLAT,0.0,1,2.7987244476229365,0.054299949508268344,0.5680646254338186,UNLOADING,0.03128033927306328,0.0385627922313095,0.014840439040381435,0.0,0.0050000000000000044,0.6035028735265047,0,staged_v3,0.44850713891549404,2,1.0273491884296884,0.44646985282522816,2,0,0,0
v3_pelvis_proxy:v3_left_hand_proxy,180,0.03836418445629154,1.0000000000000009,0.3844176403344332,0.0,0.3846996610619974,FLAT,0.0,-1,0.04088964184199378,0.02794105967672212,0.066109395512122,SUPPORT,0.28871038988288256,0.0003644100988839799,0.0305629557640959,0.07246101808709873,0.3844176403344332,0.026469013845084217,0,ok,0.0,0.00651387802645821,FLAT,0.0,1,2.8980615323543955,0.048746513976681116,0.6580996640257875,UNLOADING,0.026811719376911382,0.033528454092394286,0.024376529108895092,0.0,0.0050000000000000044,0.6085028735265047,0,staged_v3,0.5215855899604703,2,1.0307270228615124,0.5193347140133976,2,0,0,0
v3_pelvis_proxy:v3_left_hand_proxy,181,0.036392559850504685,0.8000000000000007,0.3639553716344334,0.0,0.41657107424167394,FLAT,0.0,-1,0.04911474381889383,0.028369826853442925,0.060908521019657276,SUPPORT,0.32096831190630604,0.0,0.031746882636310855,0.06860397130567675,0.3639553716344334,0.04653063102328546,0,ok,0.0,0.005073013307837271,FLAT,0.0,1,2.8772778200956193,0.043599923348890915,0.7237428005259021,UNLOADING,0.023181681815826607,0.02509460075590135,0.036092539270393756,-2.500000000000002,0.0040000000000000036,0.6125028735265047,0,staged_v3,0.5799775135264825,2,1.0385913885864906,0.5776258093419095,2,0,0,0
v3_pelvis_proxy:v3_left_hand_proxy,182,0.07635858328136767,0.6000000000000005,0.3328893780088669,0.0,0.4028130143897112,FLAT,0.0,-1,0.07874612446590316,0.031029651121158276,0.058919997489275434,SUPPORT,0.34677464952504483,0.0,0.03220935155148296,0.06274816946464393,0.3328893780088669,0.0691666118102057,0,ok,0.0,0.003950866736675325,FLAT,0.0,1,2.812380126333298,0.03853143584694302,0.7575924194506571,UNLOADING,0.020006830134524284,0.02434818512558984,0.05124406215316733,-2.500000000000002,0.0030000000000000027,0.6155028735265047,0,staged_v3,0.6261651058837266,2,1.0569440151257088,0.6239602805835771,2,0,0,0
v3_torso_proxy:v3_left_forearm_proxy,183,0.06021989621605799,0.40000000000000036,0.3030900052082151,0.008559392595244374,0.39516348236988064,FLAT,0.0,-1,0.07559955810860734,0.03168181832742243,0.06244520715265878,SUPPORT,0.3674197196200359,0.0,0.032939044082941724,0.05713112002431725,0.3030900052082151,0.07723606314655461,0,ok,0.0,0.003076938108333509,FLAT,0.0,1,2.8437180432916285,0.03503073768926468,0.7357244095462461,UNLOADING,0.0172648772060736,0.026755482788047624,0.06562435344861917,-2.500000000000002,0.0020000000000000018,0.6175028735265047,0,staged_v3,0.17612180685383705,2,1.0681135718341288,0.17691466835757577,2,0,0,0
v3_torso_proxy:v3_left_forearm_proxy,184,0.065020648790455,0.20000000000000018,0.27552716257774956,0.012153298402649417,0.39960244949784124,FLAT,0.0,-1,0.07306219590399161,0.03297972392581285,0.0726668308976692,SUPPORT,0.3839357756960287,0.0,0.03272197460976774,0.05193564658912192,0.27552716257774956,0.081908022683159,0,ok,0.0,0.0023963218082323837,FLAT,0.0,1,2.8194766484552822,0.03240648062946419,0.6810525782246706,UNLOADING,0.014907651985560188,0.02664614828176934,0.07962323760046873,-2.500000000000002,0.0010000000000000009,0.6185028735265047,0,staged_v3,0.17470622746079745,2,1.0734964959060023,0.17523957529334291,2,0,0,0
v3_torso_proxy:v3_left_forearm_proxy,185,0.0878128428108825,0.0,0.28126141240308344,0.015576576017842129,0.3935581210443949,FLAT,0.0,-1,0.07200166670711475,0.034356807308751555,0.10909155670510036,SUPPORT,0.397148620556823,0.0,0.032305846271177774,0.05301652721662897,0.28126141240308344,0.08766426041806584,0,ok,0.0,0.0018662573007424653,FLAT,0.0,1,2.5673970994483932,0.030370605585853503,0.6236555120989536,UNLOADING,0.012878323937357234,0.025812170019094183,0.09322332370378017,-2.500000000000002,0.0,0.6185028735265047,0,staged_v3,0.1722196963763946,2,1.07808894450649,0.17271151923270397,2,0,0,0
v3_pelvis_proxy:v3_right_hand_proxy,186,0.08373593073825156,0.20000000000000018,0.2872085104913126,0.019573916276957447,0.3974690331863615,FLAT,0.0,-1,0.06958033806045558,0.03492342625973456,0.1701629834186027,SUPPORT,0.4077188964454584,0.002349219095377268,0.03115893007555287,0.054137528796478485,0.2872085104913126,0.09123319507290142,0,ok,0.0,0.0014534426472309584,AIR,0.0,1,2.235928372292954,0.029275719535240937,0.5650364398021346,UNLOADING,0.011128876887503771,0.023976102454865793,0.10686757508733168,-2.500000000000002,-0.0010000000000000009,0.6175028735265047,0,staged_v3,0.16926029677691287,2,1.081145868659292,0.16990667170695098,2,0,0,0
v3_pelvis_proxy:v3_right_hand_proxy,187,0.08558872956779563,0.40000000000000036,0.2744890791281221,0.024402003164835817,0.4057488585170649,FLAT,0.0,-1,0.06521956843842351,0.0343591682654003,0.2544010352871252,SUPPORT,0.41617511715636674,0.008491827298837885,0.029228224465518378,0.051739972468772155,0.2744890791281221,0.0893308403761344,0,ok,0.0,0.001131942271812846,AIR,0.0,1,1.7292696790383495,0.02776686380867697,0.5118205754486712,UNLOADING,0.009617978893128792,0.022824164963756596,0.11853392388042386,-2.500000000000002,-0.0020000000000000018,0.6155028735265047,0,staged_v3,0.1659096417961984,2,1.0828743906507248,0.16694385219830607,2,0,0,0
v3_pelvis_proxy:v3_right_hand_proxy,188,0.08802532012261512,0.6000000000000005,0.16040398353044186,0.029583281687725012,0.40287197296206245,FLAT,0.0,-1,0.07284384413238432,0.03253751239507211,0.3781023103721506,SUPPORT,0.4229400937250934,0.017678876941516392,0.02622623857709114,0.03023543857594646,0.16040398353044186,0.08719866522648984,0,ok,0.0,0.0008815575276794695,AIR,0.0,1,0.9566804543266898,0.020759157092504147,0.4757136945148499,UNLOADING,0.008310008842576063,0.02802652763323835,0.11389148446210758,-2.500000000000002,-0.0030000000000000027,0.6125028735265047,0,staged_v3,0.16065123747544954,2,1.08387377731573,0.16264283675193864,2,0,0,0
v3_pelvis_proxy:v3_right_hand_proxy,189,0.1300569196427711,0.8000000000000007,0.07929784110167841,0.031087082242562264,0.3992763464330249,FLAT,0.0,-1,0.08227167392977346,0.03410940380449541,0.5050476164626059,UNLOADING,0.38241335439440555,0.025477116620030354,0.024775264203099945,0.01494729090303382,0.07929784110167841,0.0860703765383471,0,ok,0.0,0.0006865576928792625,AIR,0.0,1,0.5549660159479383,0.009467617869177117,0.4487830976182156,UNLOADING,0.0071769278943188105,0.03797153701173367,0.09746623163888116,-2.500000000000002,-0.0040000000000000036,0.6085028735265047,0,staged_v3,0.15478081966820134,2,1.0818794347719014,0.1561735674337578,2,1,0,0
v3_pelvis_proxy:v3_right_hand_proxy,190,0.18316537740656538,1.0000000000000009,0.5628784072603744,0.03635644142253936,0.4011706486789487,FLAT,0.0,-1,0.07770921906699621,0.027788080123828995,0.6284885572157783,UNLOADING,0.3422479695135838,0.04083036649701231,0.015594061363776602,0.10610008014681097,0.5628784072603744,0.08146125912763871,0,ok,0.0,0.0005346916688380668,AIR,0.0,1,0.5058018322995436,0.02511309715325574,0.37685614825262853,UNLOADING,0.0061992510274185494,0.018729710259375688,0.09007836367180674,-2.500000000000002,-0.0050000000000000044,0.6035028735265047,0,staged_v3,0.15950766644316006,2,1.0843569673226197,0.15409388688725517,2,0,0,0
v3_pelvis_proxy:v3_right_hand_proxy,191,0.13658635359705487,1.0000000000000009,0.16138079396482485,0.038563040670345695,0.3956477366030984,FLAT,0.0,-1,0.0752212056595445,0.030517809777749327,0.7338004190086623,UNLOADING,0.3022228662998108,0.04649650597823522,0.0151935149721979,0.03041956300502291,0.16138079396482485,0.08029494313083521,0,ok,0.0,0.0004164182903928427,AIR,0.0,1,0.3668598308865386,0.010046310950234678,0.2958156387847969,UNLOADED,0.005355534487475701,0.02974447098900517,0.06212887007183608,0.0,-0.0050000000000000044,0.5985028735265047,0,staged_v3,0.14737509435232463,2,1.0846528010260137,0.1484178245463999,2,1,0,0
v3_pelvis_proxy:v3_right_hand_proxy,192,0.03876630965941011,0.9752271558578274,0.09911717561661132,0.04670089984402026,0.3704279276450143,FLAT,0.0,-1,0.07511628521014029,0.030728521071029507,0.8092596653580832,UNLOADING,0.2646163231435462,0.052296028900563105,0.013166954367341072,0.01868314744570293,0.09911717561661132,0.07885308063574101,0,ok,0.0,0.00032430689064320156,FLAT,0.0,1,0.16483390778110185,0.0018030096403749253,0.23849837312843078,UNLOADED,0.004625738164240666,0.035121909016046615,0.04740317125900893,0.3096605517771689,-0.004876135779289137,0.5936267377472155,0,staged_v3,0.14572905075968257,2,1.0864276739584486,0.1468147111248707,2,1,0,0
v3_pelvis_proxy:v3_right_hand_proxy,193,0.46035591713648216,1.0000000000000009,1.0000000000000002,0.02584106404232001,0.3427724214636954,FLAT,0.0,-1,0.06786423138141562,0.08676161158563163,0.8633285780397443,UNLOADING,0.229611114160899,0.01862040052871551,0.0495460283732717,0.18849555921538763,1.0000000000000002,0.059725909501060354,0,ok,0.0,0.02210659952054356,FLAT,0.0,1,0.12685585308424446,0.02805800444673212,0.19787681773447516,UNLOADED,0.007247033722690118,0.006835836439991638,0.044396669596428934,-0.3096605517771689,-0.0050000000000000044,0.5886267377472155,0,staged_v3,0.2006252510326725,2,1.0799730511025183,0.1734596335508068,2,0,0,0
v3_pelvis_proxy:v3_right_hand_proxy,194,0.23509729060196158,0.8000000000000007,0.2519467512789999,0.05014879734732643,0.2669514302512076,FLAT,0.0,-1,0.07656187745195986,0.0589462443547089,0.9020706469048346,UNLOADING,0.19966873081195352,0.037170801115691786,0.03293273122954995,0.047490843774835256,0.2519467512789999,0.05929456258100599,0,ok,0.0,0.05584450888031509,FLAT,0.0,1,0.1139925470205789,0.02213760515844429,0.1685342276182742,UNLOADED,0.015084186520041962,0.011289106222469425,0.044404359278225364,2.500000000000002,-0.0040000000000000036,0.5846267377472155,0,staged_v3,0.17829071854733394,2,1.0884228260203748,0.17960592741236417,2,1,0,0
v3_pelvis_proxy:v3_right_hand_proxy,195,0.2148428157838395,0.6000000000000005,0.4554290453163855,0.06834663429759394,0.207901982921672,FLAT,0.0,-1,0.3495635107026933,0.06028398383160776,0.9298305522830778,UNLOADING,0.1719067500748776,0.04916989098145247,0.02232163663270142,0.08584635257984219,0.4554290453163855,0.05560383649204256,0,ok,0.0,0.07162158985360326,FLAT,0.0,1,0.12385332625102816,0.009841843042041786,0.14889421548877557,LOADING,0.024258859100091998,0.022602867732396992,0.0334469006493833,2.500000000000002,-0.0030000000000000027,0.5816267377472155,0,staged_v3,0.16908242666694803,2,1.095127701514964,0.1655910617118228,2,0,0,0
v3_pelvis_proxy:v3_right_hand_proxy,196,0.11726908552471611,0.40000000000000036,0.440482854931767,0.07103773630547106,0.161914227101496,AIR,0.0,-1,0.4343145174843391,0.07689726021309279,0.9497213936651547,UNLOADING,0.14752815298671476,0.05547626055228058,0.017009809130977164,0.08302906206515387,0.440482854931767,0.05374721821927772,0,ok,0.0,0.06273670638659927,FLAT,0.0,1,0.1434225152812003,0.0012837950698397086,0.1324737763405793,LOADING,0.03029223487535286,0.03033989374718926,0.023001555833692556,2.500000000000002,-0.0020000000000000018,0.5796267377472155,0,staged_v3,0.15681239189039137,2,1.094584168419283,0.15595440813759034,2,0,0,0
v3_pelvis_proxy:v3_right_hand_proxy,197,0.35606443833058826,0.20000000000000018,0.7787297805733636,0.045855525593816206,0.12609892685704638,AIR,0.0,-1,0.6198590838486063,0.12802563233878136,0.9639738043090696,UNLOADING,0.12653891883149204,0.03885138126769556,0.03434730894775793,0.14678710546685225,0.7787297805733636,0.050327243925496756,0,ok,0.0,0.04885939606120432,FLAT,0.0,1,0.18193479520963576,0.03921039790062244,0.11505385968392737,LOADING,0.032881374692789705,0.0,0.03600114774443739,2.500000000000002,-0.0010000000000000009,0.5786267377472155,0,staged_v3,0.20378168506152633,2,1.0856584247293404,0.18824588098733538,2,0,0,0
v3_pelvis_proxy:v3_right_hand_proxy,198,0.22710785812443457,0.0,0.5700024079665309,0.08688686665212356,0.09820594298073153,AIR,0.0,-1,0.7875402158010896,0.12577765356317894,0.935914390501539,UNLOADING,0.10884965093138854,0.04968086420307237,0.022114855322004596,0.10744292264376876,0.5700024079665309,0.049801196821272514,0,ok,0.0,0.09469369979821417,FLAT,0.0,1,0.09713415652655251,0.021659458706033016,0.1091288750717318,LOADING,0.04317707632680272,0.008796985047553576,0.027102926742334107,2.500000000000002,0.0,0.5786267377472155,0,staged_v3,0.18351018120489973,2,1.0852063978195947,0.1757106984131489,2,0,0,0
v3_pelvis_proxy:v3_right_hand_proxy,199,0.09399907323236366,0.20000000000000018,0.5535695502486062,0.11344907369368878,0.07648286529565945,AIR,0.0,-1,0.8726062670709085,0.13986334486599156,0.8566286620342229,UNLOADING,0.09329970079833304,0.046492734476028474,0.02133869862568268,0.10434540193872163,0.5535695502486062,0.05004429393447554,0,ok,0.0,0.18006891265851926,FLAT,0.0,1,0.054329629077956014,0.007118052722582674,0.10488343808242577,LOADING,0.06677819426286813,0.023126119181538618,0.017867008285696925,2.500000000000002,0.0010000000000000009,0.5796267377472155,0,staged_v3,0.16704455226321957,2,1.0866521016776631,0.1607618386469402,2,0,0,0
v3_pelvis_proxy:v3_right_hand_proxy,200,0.2501625977145074,0.40000000000000036,0.37874645975059673,0.15689166333893098,0.05956491538380436,AIR,0.0,-1,1.6365268337742902,0.12957511375523728,0.7494612735364256,UNLOADING,0.0799711721128569,0.053960539794787155,0.008512523882034124,0.07139202573153702,0.37874645975059673,0.0499481875383381,0,ok,0.0,0.21894375299662042,FLAT,0.0,1,0.07231613367746148,0.024338294640527298,0.10184144955251988,LOADING,0.09275179617448964,0.008940162952595334,0.02115190952503066,2.500000000000002,0.0020000000000000018,0.5816267377472155,0,staged_v3,0.2014461683537047,2,1.0827890118679444,0.2004068558635948,2,0,0,0
v3_pelvis_proxy:v3_right_hand_proxy,201,0.1767438685041906,0.6000000000000005,0.3745740451982381,0.20177222864047067,0.04638920274448881,AIR,0.0,-1,1.698970434076144,0.12814450407538563,0.6544494970279292,UNLOADING,0.06854671895387734,0.04745253947780023,0.010269935373596235,0.07060554411721176,0.3745740451982381,0.050068878130823585,0,ok,0.0,0.23899837518246403,FLAT,0.0,1,0.08770797920676608,0.007832409521733055,0.09966176952443598,LOADING,0.11723731177925464,0.022150678954488745,0.01790409084254519,2.500000000000002,0.0030000000000000027,0.5846267377472155,0,staged_v3,0.25484326211667,2,1.083449293465936,0.2546248407282274,2,0,0,0
v3_pelvis_proxy:v3_right_hand_proxy,202,0.05331626580465024,0.8000000000000007,0.32387942009980875,0.2442827936011734,0.03612794742346605,AIR,0.0,-1,1.8392458945034902,0.12538553202700925,0.568147597108953,UNLOADING,0.05875433053189487,0.04197053877494203,0.011436841080505623,0.061049832410068894,0.32387942009980875,0.05142237726430826,0,ok,0.0,0.20074899566810894,FLAT,0.0,1,0.13381296456054878,0.0016982346549529502,0.09809996053728151,LOADING,0.13000095484643742,0.028206763371911126,0.01439155168470135,2.500000000000002,0.0040000000000000036,0.5886267377472155,1,staged_v3,0.28278339154429566,2,1.079393980811926,0.28247896343640333,2,0,0,0
v3_pelvis_proxy:v3_right_hand_proxy,203,0.30049190865735964,1.0000000000000009,0.4405000942281038,0.2831789472788387,0.0281364737441579,AIR,0.0,-1,1.8123937446639913,0.11761246880429294,0.506309583655001,UNLOADING,0.050360854741624175,0.045232619165143234,0.005082860017606818,0.08303231159595736,0.4405000942281038,0.051045799978742507,0,ok,0.0,0.18324728626357883,FLAT,0.0,1,0.10674808068252813,0.027435858413620624,0.09698087549684979,LOADING,0.13709592467901296,0.010118640352002838,0.019730403422839653,2.500000000000002,0.0050000000000000044,0.5936267377472155,0,staged_v3,0.2987411664929012,2,1.088446969113583,0.29558919981102605,2,0,0,0
v3_pelvis_proxy:v3_right_hand_proxy,204,0.20108971315851598,1.0000000000000009,0.45092472524686034,0.3375279666943181,0.021912707784818197,AIR,0.0,-1,2.0629535806711887,0.11869003600498618,0.46200071083156125,UNLOADING,0.043166446921392154,0.036036711004889616,0.012063324536688447,0.08499730824945195,0.45092472524686034,0.05450255718310795,0,ok,0.0,0.1485805511587569,FLAT,0.0,1,0.13293832753766663,0.011813067750728684,0.09677868347728641,LOADING,0.13668238130019436,0.01802586642313564,0.026326545873366403,0.0,0.0050000000000000044,0.5986267377472155,0,staged_v3,0.29847985751014927,2,1.1071785313255702,0.29854342139403217,2,0,0,0
v3_pelvis_proxy:v3_right_hand_proxy,205,0.0347835467441741,1.0000000000000009,0.3433232494632563,0.39282356283909964,0.017065633982031283,AIR,0.0,-1,2.2869086469345437,0.10797286364667184,0.43025201611733455,UNLOADING,0.03699981164690756,0.02933640436201303,0.017176196443853698,0.06471490789922052,0.3433232494632563,0.06227356137181704,0,ok,0.0,0.11571464959162081,FLAT,0.0,1,0.1883042692288729,0.00763542531853255,0.09448556414150176,LOADING,0.1321250819209552,0.02208885288854254,0.021172320991004998,0.0,0.0050000000000000044,0.6036267377472155,0,staged_v3,0.28875764970744366,2,1.0634222666849271,0.2884514599773491,2,0,0,0
v3_pelvis_proxy:v3_right_hand_proxy,206,0.0618802643311978,1.0000000000000009,0.3507108128046295,0.44531735176088766,0.01329072910881594,AIR,0.0,-1,2.3101827155116617,0.09619654474311926,0.4075030822847425,UNLOADING,0.03171412426877791,0.022269725247730462,0.023105428866506666,0.06610743078249176,0.3507108128046295,0.07147731517082517,0,ok,0.0,0.09276612989077779,FLAT,0.0,1,0.14746764987956643,0.007818396380794006,0.09433864603011889,LOADING,0.12525217004645128,0.02189853592071194,0.018984282650980414,0.0,0.0050000000000000044,0.6086267377472155,0,staged_v3,0.2738379550581839,2,1.0574475876769251,0.2736178675402801,2,0,0,0
v3_pelvis_proxy:v3_right_hand_proxy,207,0.11015375037026676,0.9910066224974479,0.2670562777271617,0.0,0.010350830237535769,AIR,0.0,-1,2.6499789521459483,0.08597997131835428,0.391202758911519,UNLOADING,0.027183535087523927,0.015488128239583156,0.029072009705992795,0.0503389224121612,0.2670562777271617,0.0828824226029819,0,ok,0.0,0.10771255700839322,FLAT,0.0,1,0.10959555266671177,0.008982870303443379,0.09185297429472611,LOADING,0.12133312265099853,0.02060977841129293,0.020113154880183615,-0.1124172187819128,0.004955033112487239,0.6135817708597028,0,staged_v3,0.26586291581247995,2,1.0689828964810195,0.2657282086766077,2,0,0,0
v3_pelvis_proxy:v3_left_hand_proxy,208,0.07697656907840564,0.7910066224974477,0.2325270075591626,0.0,0.008061234694432033,AIR,0.0,-1,2.582206362666966,0.0750911482063315,0.37952306684212656,UNLOADING,0.024014717243687228,0.008278483485537863,0.03569766985656847,0.04383030832254502,0.2325270075591626,0.0892562467281625,0,ok,0.0,0.13036681176798076,FLAT,0.0,1,0.10827553650461928,0.010490346448864665,0.08950227263011283,LOADING,0.12095677453502794,0.01898476718264098,0.01962433331851161,-2.500000000000002,0.003955033112487238,0.61753680397219,0,staged_v3,0.2655918203024441,2,1.0707518367048554,0.2653757401984466,2,0,0,0
v3_pelvis_proxy:v3_left_hand_proxy,209,0.07016187695937541,0.5910066224974475,0.2991293562352331,0.0,0.006278095892546045,AIR,0.0,-1,2.5688534072171234,0.06226229986851067,0.37115420177654657,UNLOADING,0.021148036812142126,0.0013110806297440408,0.04224662945908329,0.056384555281299154,0.2991293562352331,0.08839007806582826,0,ok,0.0,0.11627241639208459,FLAT,0.0,1,0.1343341441935199,0.012640505945485016,0.07913414063953951,LOADING,0.11897313512156885,0.016316201086491962,0.01838934784345103,-2.500000000000002,0.0029550331124872375,0.6204918370846773,0,staged_v3,0.2617687886470523,2,1.0708303138562516,0.2614401124509584,2,0,0,0
v3_pelvis_proxy:v3_left_hand_proxy,210,0.08818110748136623,0.39100662249744733,0.3020340635922112,0.0,0.004889385997312231,FLAT,0.0,-1,2.5643154883702644,0.05054815555942574,0.36515764792309124,LOADING,0.01857031573994262,0.0,0.04966010420979264,0.05693207971890979,0.3020340635922112,0.08838295643233254,0,ok,0.0,0.19077828692932375,FLAT,0.0,1,0.06691344079937454,0.009113948302955959,0.06671519218004976,LOADING,0.13078860346786572,0.01922181130604653,0.019981082825028362,-2.500000000000002,0.0019550331124872367,0.6224468701971645,0,staged_v3,0.2890441752694624,2,1.1001435293076347,0.28888606967199054,2,0,0,0
v3_pelvis_proxy:v3_left_hand_proxy,211,0.043426526630234635,0.19100662249744715,0.3474805161778181,0.0,0.003807857643445127,FLAT,0.0,-1,2.5869221277592795,0.039240423981486035,0.3619775416960423,LOADING,0.01626448473345687,0.0038584531033160827,0.05746311427504159,0.06549853421338936,0.3474805161778181,0.07951845575986287,0,ok,0.0,0.28260695524074997,FLAT,0.0,1,0.03746964931521287,0.005933414390629569,0.08460195220853253,SUPPORT,0.19463088277429258,0.02329668321979706,0.021188480034322384,-2.500000000000002,0.0009550331124872358,0.6234019033096517,0,staged_v3,0.43116290757004205,2,1.1221951836869375,0.4309212347274928,2,0,0,0
v3_pelvis_proxy:v3_left_hand_proxy,212,0.04726853358293871,0.008993377502553024,0.4038345033084236,0.0,0.0029655625145394993,FLAT,0.0,-1,2.612910596840675,0.027624452066928665,0.2877151112923647,LOADING,0.014242747680909362,0.01176130349768957,0.06554043197872222,0.0761210105315896,0.4038345033084236,0.07240619783750404,0,ok,0.0,0.3329344680003977,FLAT,0.0,1,0.05961607637895739,0.004928736217519402,0.08896681663570197,SUPPORT,0.24570470621943408,0.024519604614265698,0.021017419152762153,-2.500000000000002,-4.496688751276512e-05,0.623356936422139,0,staged_v3,0.5446339496937898,2,1.1187058155711402,0.5444457363697675,2,0,0,0
