active_collision_pair,frame_idx,frame_root_angular_budget_usage,frame_root_z_budget_usage,frame_velocity_budget_usage_max,left_anchor_error_xy,left_contact_confidence,left_contact_phase,left_contact_slack,left_elbow_branch_sign,left_foot_vxy,left_heel_height,left_liftoff_probability,left_load_phase,left_lock_weight,left_swing_clearance_error,left_toe_height,max_joint_delta,max_joint_velocity_ratio,min_self_collision_distance,qp_resolve_count,qp_status,right_anchor_error_xy,right_contact_confidence,right_contact_phase,right_contact_slack,right_elbow_branch_sign,right_foot_vxy,right_heel_height,right_liftoff_probability,right_load_phase,right_lock_weight,right_swing_clearance_error,right_toe_height,root_ddz,root_dz,root_z,safety_backtracked,solver_mode,stage_a_high_priority_error,stage_a_iterations,stage_b_detail_error,stage_b_high_priority_error,stage_b_iterations,stage_b_rejected,stage_c_iterations,stage_c_triggered
v3_pelvis_proxy:v3_right_hand_proxy,0,1.0,1.0000000000000009,1.0,0.0,0.22119921692859512,AIR,0.0,1,0.0,0.09443489107843778,0.1897221704571837,UNLOADED,0.03584656427789453,0.0,0.08330058573897267,0.1884955592153876,1.0,0.039374430194930504,0,ok,0.0,0.013635691396189434,AIR,0.0,1,0.0,0.08489990374694867,0.0928692176982084,UNLOADED,0.002473871080690226,0.0,0.12488703099737453,0.0,-0.0050000000000000044,0.745,0,staged_v3,0.5948222104554736,2,1.2584746858406093,0.5941866002580362,2,0,0,0
v3_pelvis_proxy:v3_right_hand_proxy,1,0.9999999999999997,1.0000000000000009,1.0,0.0,0.28029335124445964,AIR,0.0,-1,0.07561665875966171,0.09594280367379639,0.35306068473342533,UNLOADED,0.06494380916788847,0.0,0.07712677278888057,0.1884955592153876,1.0,0.021397946091518405,0,ok,0.0,0.010619487137072349,AIR,0.0,1,0.4673128047412557,0.08908546062334811,0.1376299751502914,UNLOADED,0.0038106823418098297,0.0,0.1656323887105553,0.0,-0.0050000000000000044,0.74,0,staged_v3,0.5163346976346753,2,1.1618694131023193,0.5160378618398206,2,0,0,0
v3_pelvis_proxy:v3_right_hand_proxy,2,1.0000000000000007,1.0000000000000009,0.8657086336473614,0.0,0.3109966187955919,FLAT,0.0,-1,0.0776867911205615,0.09863592508850086,0.4947944235240666,UNLOADED,0.08337849255044939,0.0,0.0754919401429126,0.1631822330169485,0.8657086336473614,0.017909362321987386,0,ok,0.0,0.008270464898168657,FLAT,0.0,1,0.35422422950073773,0.08373031669865463,0.14688168998430637,UNLOADED,0.004459682880841816,0.0,0.17089461270196094,0.0,-0.0050000000000000044,0.735,0,staged_v3,0.43903177021171,2,1.1193102402304616,0.4392071109069907,2,0,0,0
v3_pelvis_proxy:v3_right_hand_proxy,3,1.0000000000000004,1.0000000000000009,0.4282946640088645,0.0,0.29785993849575776,FLAT,0.0,-1,0.09945932099896962,0.10439440592476498,0.6364677797861658,UNLOADED,0.0883591309911833,0.0,0.07657332761234589,0.08073164220131746,0.4282946640088645,0.024804742373842822,0,ok,0.0,0.006441044539058317,FLAT,0.0,1,0.23822475928857131,0.07240975564708588,0.13991952767734506,UNLOADED,0.00467570963055436,0.0,0.15576746275059578,0.0,-0.0050000000000000044,0.73,0,staged_v3,0.3662856067457164,2,1.055814997383337,0.36624403284584495,2,0,0,0
v3_pelvis_proxy:v3_right_hand_proxy,4,0.9999999999999999,1.0000000000000009,0.382659917459863,0.0,0.2526932274996286,FLAT,0.0,-1,0.10014312153999107,0.11382088487378614,0.739517781814382,UNLOADED,0.08513955405238371,0.0,0.07999778085153134,0.07212969513091094,0.382659917459863,0.03012540330878996,0,ok,0.0,0.005016290530816413,FLAT,0.0,1,0.18679961811104476,0.060599517264722014,0.12107459124241735,UNLOADED,0.004637600426938681,0.0,0.13778633879152985,0.0,-0.0050000000000000044,0.725,0,staged_v3,0.3011074578861445,2,0.9866033326398904,0.2966707140898178,2,0,0,0
v3_pelvis_proxy:v3_right_hand_proxy,5,0.6502417757237361,1.0000000000000009,0.39607043459518704,0.0,0.1967976834535514,FLAT,0.0,-1,0.2133628042171562,0.1232342608810516,0.8133563348222914,UNLOADING,0.07822405217893652,0.0,0.0825628599564392,0.07465751805770138,0.39607043459518704,0.0325401342501619,0,ok,0.0,0.014386544160210266,FLAT,0.0,1,0.13524800371526902,0.0523027365441459,0.1055382681064057,LOADING,0.006283722982652015,0.0,0.1252435795922039,0.0,-0.0050000000000000044,0.72,0,staged_v3,0.26366508591590715,2,0.9546449665987317,0.2505235958518167,2,0,0,0
v3_pelvis_proxy:v3_right_hand_proxy,6,0.3307194331424225,1.0000000000000009,0.4046744027405412,0.0,0.15326618998026428,FLAT,0.0,-1,0.2901996112246433,0.13294877003027938,0.866263969979921,UNLOADING,0.06997736069398328,0.0,0.08264075873527382,0.07627932784473129,0.4046744027405412,0.03338919534883859,0,ok,0.0,0.032023408664911907,FLAT,0.0,-1,0.1272150724046786,0.04683351227133846,0.09363968838563161,LOADING,0.010831927717418376,0.0,0.11722415583496604,0.0,-0.0050000000000000044,0.715,0,staged_v3,0.2348668633292533,2,0.9130164446746689,0.22702891044271178,2,0,0,0
v3_pelvis_proxy:v3_right_hand_proxy,7,0.27222957434131045,1.0000000000000009,0.4445374566669522,0.0,0.11936382877500053,FLAT,0.0,-1,0.4655086303741808,0.1489483213541659,0.9041739471387771,UNLOADING,0.061614618389972974,0.0,0.08070984555477628,0.0837933364866233,0.4445374566669522,0.03392185916173457,0,ok,0.0,0.06266025795129584,FLAT,0.0,-1,0.11392994491753296,0.041458904816679125,0.08504776720598789,LOADING,0.02013177075793208,0.0,0.1093614074819503,0.0,-0.0050000000000000044,0.71,0,staged_v3,0.21532224090934252,2,0.8924780972515732,0.20830179189008344,2,0,0,0
v3_pelvis_proxy:v3_right_hand_proxy,8,0.26394564364322093,1.0000000000000009,0.4450313754626475,0.0,0.0929606433203715,FLAT,0.0,-1,0.7722429663051756,0.16834276307787552,0.9313376327562347,UNLOADING,0.05372437259581684,0.0,0.0772456357016006,0.08388643798622486,0.4450313754626475,0.03409232593008879,0,ok,0.0,0.08901939249848481,FLAT,0.0,-1,0.1087023062497431,0.03609987093550155,0.07846765804258388,LOADING,0.03251226645609669,0.0,0.10158334816879915,0.0,-0.0050000000000000044,0.705,0,staged_v3,0.1966752313370887,2,0.8773091801192894,0.18990610042459352,2,0,0,0
v3_pelvis_proxy:v3_right_hand_proxy,9,0.26013984807668006,1.0000000000000009,0.5896901736288033,0.0,0.07239782181272689,FLAT,0.0,-1,0.8797233775722545,0.1899584082285835,0.9402876011914336,UNLOADING,0.0466670404548363,0.0,0.07433791754041198,0.11115397904198028,0.5896901736288033,0.03411929232221329,0,ok,0.0,0.1141827162295856,FLAT,0.0,-1,0.09897762083260293,0.03091678275553727,0.07345157102390995,LOADING,0.0471689764326264,0.0,0.09403626868173694,0.0,-0.0050000000000000044,0.7,0,staged_v3,0.1892067040033057,2,0.8649720863763202,0.17615966365685298,2,0,0,0
v3_pelvis_proxy:v3_right_hand_proxy,10,0.2524333789175702,1.0000000000000009,0.3527092881332769,0.0,0.056383480320415735,FLAT,0.0,-1,1.6326456349415819,0.18750709543115102,0.8770985850967645,UNLOADING,0.04099026460536652,0.0008907644921700708,0.06796416476266816,0.0664841345071433,0.3527092881332769,0.03435104874566709,0,ok,0.0,0.1602801170965832,FLAT,0.0,-1,0.07988580160643301,0.024826436619462808,0.07073079317847179,LOADING,0.06752385660282183,0.0037101030394607847,0.08649945423284594,0.0,-0.0050000000000000044,0.695,0,staged_v3,0.18571178335911326,2,0.846847894957407,0.17350188050062773,2,0,0,0
v3_pelvis_proxy:v3_right_hand_proxy,11,0.2202261454597775,1.0000000000000009,0.3526187171095731,0.0,0.04391149862583092,AIR,0.0,-1,1.7221577282290192,0.18279625136127484,0.7823516015131724,UNLOADING,0.036499836426181105,0.0002712411311566604,0.06384633894450197,0.06646706227138155,0.3526187171095731,0.03455641782257898,0,ok,0.0,0.19327994797787093,FLAT,0.0,-1,0.08130986579454676,0.018711834271624008,0.06885271480292104,LOADING,0.0900135050507829,0.009730801468522045,0.07991358741886623,0.0,-0.0050000000000000044,0.69,0,staged_v3,0.18265741050332138,2,0.8273710735446129,0.17328902856703268,2,0,0,0
v3_pelvis_proxy:v3_right_hand_proxy,12,0.19243505780435177,1.0000000000000009,0.35025896018116814,0.0,0.034198309515636044,AIR,0.0,-1,1.894032168441151,0.17744650263027717,0.6962394340157085,UNLOADING,0.03276958805875174,0.0,0.060916253311077764,0.06602225856954946,0.35025896018116814,0.034417895138134924,0,ok,0.0,0.21424561717096108,FLAT,0.0,-1,0.08650078622959545,0.013020800100491746,0.06783713495918628,LOADING,0.1119531657055304,0.01537105664746757,0.07379666860584065,0.0,-0.0050000000000000044,0.6849999999999999,0,staged_v3,0.18119621397601793,2,0.8449520565579972,0.1728204221121882,2,0,0,0
v3_pelvis_proxy:v3_right_hand_proxy,13,0.168974381737295,1.0000000000000009,0.34404238394152215,0.0,0.026633670230495628,AIR,0.0,-1,2.042717166076087,0.16950608742985923,0.6163143826050019,UNLOADING,0.029548069222627565,0.0,0.05758101324869031,0.0648504615548523,0.34404238394152215,0.03372716432036511,0,ok,0.0,0.21274313897887923,FLAT,0.0,-1,0.10198189103980987,0.008114557244852036,0.067235788834828,LOADING,0.1292503698065117,0.020247232196889366,0.06805840976637689,0.0,-0.0050000000000000044,0.6799999999999999,0,staged_v3,0.1763805758226186,2,0.8700738711616556,0.16998951536928655,2,0,0,0
v3_pelvis_proxy:v3_right_hand_proxy,14,0.296156680005124,1.0000000000000009,0.546584936591262,0.0,0.02074232323157556,AIR,0.0,-1,2.11997455442758,0.15485224296952213,0.5408225935926115,UNLOADING,0.026687545931443426,0.002707681671840302,0.04933344800779028,0.10302883328147709,0.546584936591262,0.030415623663767405,0,ok,0.0,0.20268343950892542,FLAT,0.0,-1,0.10696457424076009,0.018908969374965705,0.06657277430508743,LOADING,0.14123834397223314,0.009419669340288667,0.06935478982245738,0.0,-0.0050000000000000044,0.6749999999999999,0,staged_v3,0.17984063995794952,2,0.8876704275935297,0.16760899086107608,2,0,0,0
v3_pelvis_proxy:v3_left_hand_proxy,15,0.14818057275220917,1.0000000000000009,0.36573373144448695,0.0,0.01615413757547124,AIR,0.0,-1,2.457911377438025,0.14473219805999119,0.4867303630740035,UNLOADING,0.024059529130982183,0.0,0.05036236025157262,0.06893918423255896,0.36573373144448695,0.02591018044774146,0,ok,0.0,0.19889130188476042,FLAT,0.0,-1,0.10689341823099778,0.009944556697950458,0.06666004201303861,LOADING,0.1501173150468054,0.018388445402701476,0.06397371666935002,0.0,-0.0050000000000000044,0.6699999999999999,0,staged_v3,0.16301533960749484,2,0.9098793762965068,0.1574174075335176,2,0,0,0
v3_pelvis_proxy:v3_left_hand_proxy,16,0.13695757343771875,1.0000000000000009,0.328199208744871,0.0,0.012580854993620208,AIR,0.0,-1,2.53221179353286,0.13209707418807234,0.46619457342604503,UNLOADING,0.0215818433503468,0.0,0.05030673891182904,0.06186409338641219,0.328199208744871,0.021383942413527486,0,ok,0.0,0.19420656894753838,FLAT,0.0,-1,0.10582696427015839,0.005486724645559642,0.06620030450828909,LOADING,0.15636385902658456,0.022823290579854813,0.05917368881367094,0.0,-0.0050000000000000044,0.6649999999999999,0,staged_v3,0.1524062215748361,2,0.9292903039424957,0.1492253264125247,2,0,0,0
v3_pelvis_proxy:v3_left_hand_proxy,17,0.49593722561636383,1.0000000000000009,0.999982848301867,0.0,0.009797979720739211,AIR,0.0,-1,2.6849340148946137,0.10142900996709431,0.4697030243333249,UNLOADING,0.01924098558794746,0.010882771715469461,0.037602379501196784,0.18849232619645653,0.999982848301867,0.022635036244431347,0,ok,0.0,0.1875509814318371,FLAT,0.0,-1,0.10946641537439881,0.03611591465346507,0.06547834436386993,LOADING,0.16014517795803995,0.0,0.0736528726289452,0.0,-0.0050000000000000044,0.6599999999999999,0,staged_v3,0.16639134406878975,2,0.9420368832991334,0.13761214196575328,2,0,0,0
v3_pelvis_proxy:v3_left_hand_proxy,18,0.14403980399080288,1.0000000000000009,0.27527767374078027,0.0,0.007630674279029442,AIR,0.0,-1,2.7507258969890107,0.0936002235301241,0.49043992643740125,UNLOADING,0.017047742924948463,0.00511216605696458,0.044409830264905484,0.051888619051279394,0.27527767374078027,0.019966679710588915,0,ok,0.0,0.18972839685207013,FLAT,0.0,-1,0.1025537436941391,0.020875213331245,0.06496103731540723,LOADING,0.16359683104330605,0.007372838534525361,0.06695671453265493,0.0,-0.0050000000000000044,0.6549999999999999,0,staged_v3,0.1253131320044764,2,0.954498114049073,0.12509960318660512,2,1,0,0
v3_pelvis_proxy:v3_left_hand_proxy,19,0.11836963060299217,1.0000000000000009,0.2897287169335515,0.0,0.005942775103870958,AIR,0.0,-1,2.812681148194588,0.08270529024338122,0.5466727869503518,UNLOADING,0.014997211317901347,0.001735616646001796,0.050598022701515796,0.05461257651914653,0.2897287169335515,0.01793818995633048,0,ok,0.0,0.19334736965590926,FLAT,0.0,-1,0.09780357982410788,0.009789303966495973,0.06459037061800318,LOADING,0.16704926311300844,0.018440214564404186,0.05833128143135243,0.0,-0.0050000000000000044,0.6499999999999999,0,staged_v3,0.12314574130137873,2,0.9737519320143356,0.1222585175500321,2,0,0,0
v3_pelvis_proxy:v3_left_hand_proxy,20,0.07141215143395267,1.0000000000000009,0.2697251742686558,0.0,0.004628237904511952,FLAT,0.0,-1,2.7875008727931925,0.06739335584255314,0.6315845379273156,UNLOADING,0.013098340330511596,0.0024969333809009772,0.054082293515464806,0.05084199755823815,0.2697251742686558,0.017912937469421623,0,ok,0.0,0.18591319437975531,FLAT,0.0,-1,0.11138171141022958,0.004086651654634882,0.06432477632352622,LOADING,0.16843028443754382,0.02412958716154143,0.052012074603268406,0.0,-0.0050000000000000044,0.6449999999999999,0,staged_v3,0.12309268223305403,2,0.9887033607771007,0.12217665494043074,2,0,0,0
v3_pelvis_proxy:v3_left_hand_proxy,21,0.10565450259982871,1.0000000000000009,0.24988479946005587,0.0,0.003604475304274666,FLAT,0.0,-1,2.8127451420892005,0.051844347612132406,0.7214168973900985,UNLOADING,0.011370598270945026,0.00922649725737252,0.057234507756268996,0.04710217501364822,0.24988479946005587,0.019906680448309698,0,ok,0.0,0.17776808078630904,FLAT,0.0,-1,0.11372974820363438,0.006818781415732979,0.06413446969562372,LOADING,0.16813553226021904,0.021387942069048208,0.050257621793856885,0.0,-0.0050000000000000044,0.6399999999999999,0,staged_v3,0.12286824424933399,2,1.000662071242181,0.12198485199229009,2,0,0,0
v3_pelvis_proxy:v3_left_hand_proxy,22,0.30260947738832544,1.0000000000000009,0.8892628577739388,0.0,0.0028071681895306504,FLAT,0.0,-1,2.81402101131579,0.030458278645528344,0.7875015562362015,UNLOADING,0.009831444071046951,0.033916799166281736,0.057649760394893404,0.1676220996655723,0.8892628577739388,0.023648925235681545,0,ok,0.0,0.1626196742372505,FLAT,0.0,-1,0.12245340640476,0.03456704002110199,0.06399810903812186,LOADING,0.16586078802214077,0.0,0.06632651131378525,0.0,-0.0050000000000000044,0.6349999999999999,0,staged_v3,0.16651663553083465,2,1.0087831699613814,0.12145274905491783,2,0,0,0
v3_pelvis_proxy:v3_left_hand_proxy,23,0.11722862348031743,1.0000000000000009,0.40694785260172867,0.0,0.0021862247842196086,FLAT,0.0,-1,2.8377453116603593,0.02633237290148306,0.7975653087028752,UNLOADING,0.008490176023654476,0.03854589253366071,0.06805787123884395,0.07670786304766397,0.40694785260172867,0.02537853460363606,0,ok,0.0,0.1463205557411174,FLAT,0.0,-1,0.12697995225197797,0.0153725849554254,0.06426772190985369,LOADING,0.1617259421554138,0.012840801140067287,0.053749368599551886,0.0,-0.0050000000000000044,0.6299999999999999,0,staged_v3,0.12313011277969438,2,1.0184170715170249,0.1220636073041839,2,0,0,0
v3_pelvis_proxy:v3_left_hand_proxy,24,0.045449996713992837,1.0000000000000009,0.30724492406105297,0.0,0.0017026335739203442,FLAT,0.0,-1,2.783500891354236,0.018502993353577166,0.7588119773943607,UNLOADING,0.007335958709548954,0.04443760551614087,0.0764655176225172,0.05791430377697748,0.30724492406105297,0.028675638628974112,0,ok,0.0,0.13470543709889343,FLAT,0.0,-1,0.1273068531885146,0.0066587344052276565,0.06816573475744753,LOADING,0.15655411356224386,0.021749552332644723,0.04419384359137581,0.0,-0.0050000000000000044,0.6249999999999999,0,staged_v3,0.12284891481395646,2,1.024360168508751,0.12205923115398394,2,0,0,0
v3_pelvis_proxy:v3_right_hand_proxy,25,0.1817337611281905,1.0000000000000009,0.2890178006344884,0.0,0.001326012360652829,FLAT,0.0,-1,2.6045343434622032,0.008759244907172427,0.6975955434728414,UNLOADING,0.006345249186366463,0.05112053226646964,0.07816477833969857,0.05447857195379929,0.2890178006344884,0.030152671125200814,0,ok,0.0,0.12392258095659801,FLAT,0.0,-1,0.12572198283937577,0.01802628939132637,0.07344973252729696,LOADING,0.15059216884352952,0.010646197235038478,0.045600205752766194,0.0,-0.0050000000000000044,0.6199999999999999,0,staged_v3,0.11982922158468612,2,1.0246108836343277,0.1194172813550703,2,1,0,0
v3_pelvis_proxy:v3_right_hand_proxy,26,0.09299971664890601,1.0000000000000009,0.2891274169046916,0.0,0.0010326994648387853,AIR,0.0,-1,2.2869006759447856,0.007674454964044435,0.6485851539298496,UNLOADING,0.005490628720238832,0.04975480273244805,0.08903572120132834,0.05449923413395036,0.2891274169046916,0.031668139908724774,0,ok,0.0,0.12656124324276127,FLAT,0.0,-1,0.11514173550972596,0.004016813104726372,0.08166427283209718,LOADING,0.14568267491511316,0.02506640053687849,0.037066581464841986,0.0,-0.0050000000000000044,0.6149999999999999,0,staged_v3,0.1229285725876585,2,1.033630232361758,0.12216092769603228,2,0,0,0
v3_pelvis_proxy:v3_right_hand_proxy,27,0.2534571739690984,0.567626953125,0.5676064380910898,0.0,0.0008042671518938667,AIR,0.0,-1,1.8525944985882992,0.03235327407176807,0.6109401316925605,UNLOADING,0.004750954341947546,0.02319373251285995,0.11279452740841636,0.10699129296223425,0.5676064380910898,0.009992103879470658,0,ok,0.0,0.1452627730669823,FLAT,0.0,-1,0.09589097355758831,0.0291130426753081,0.09337775930922833,LOADING,0.14368493004251737,0.0005558452901533173,0.03691129893183691,5.404663085937511,-0.002838134765625,0.6121618652343749,1,staged_v3,0.18873620906514513,2,1.0618636949208173,0.1631830540525738,2,0,1,1
v3_pelvis_proxy:v3_right_hand_proxy,28,0.16418918277201594,0.7676269531250002,0.41387407323085973,0.0,0.0006263638876935519,AIR,0.0,-1,1.4029368180471515,0.013865376014898973,0.5735935642974195,UNLOADING,0.004110401663498499,0.03981430219997201,0.10656471737566822,0.07801342487840118,0.41387407323085973,0.013122498448258572,0,ok,0.0,0.15571392794306904,FLAT,0.0,-1,0.10212248742364645,0.004804940572062502,0.11330786779667892,LOADING,0.14288284214809976,0.025860452817771447,0.032764217200817444,-2.500000000000002,-0.003838134765625001,0.6083237304687499,0,staged_v3,0.14026202580930505,2,1.0493625080727462,0.139516367913259,2,0,0,0
v3_pelvis_proxy:v3_right_hand_proxy,29,0.9999999999999999,0.567626953125,0.32478292016954574,0.0,0.00048781268622338775,AIR,0.0,-1,1.1984248054603561,0.028762758907768592,0.5512181221707423,UNLOADING,0.00355447592490618,0.023798147200768522,0.13736631470152227,0.06122013816096511,0.32478292016954574,0.013144399343521414,0,ok,0.0,0.163101021867532,FLAT,0.0,-1,0.10728238793584438,0.01968367225401824,0.16234858915775663,LOADING,0.1419884077093926,0.013433757203869596,0.05221561497317992,2.500000000000002,-0.002838134765625,0.6054855957031249,0,staged_v3,0.12478438275244969,2,1.04365768981879,0.12478438275244969,2,1,1,1
v3_pelvis_proxy:v3_right_hand_proxy,30,0.7432361514633725,0.7676269531250002,0.31947103160182966,0.0,0.0003799089020229399,AIR,0.0,-1,0.694523486200303,0.015931916996259326,0.5312385360185046,UNLOADING,0.0030721346003612796,0.03563000980466591,0.10672375225311462,0.06021887075490365,0.31947103160182966,0.011249724895783145,0,ok,0.0,0.1707562860318906,FLAT,0.0,-1,0.10308996762690376,0.015173355187992,0.23886918475486488,LOADING,0.14027118820743428,0.021770104049751247,0.03431398453363899,-2.500000000000002,-0.003838134765625001,0.6016474609374999,0,staged_v3,0.14743986877514392,2,1.0571818396325159,0.14789294018598687,2,1,0,0
v3_pelvis_proxy:v3_right_hand_proxy,31,0.26138399897399184,0.9676269531250004,0.28218756805008505,0.0,0.0002958733503912632,AIR,0.0,-1,0.6472577870912608,0.011584599716274915,0.5112758834707118,UNLOADING,0.0026539154348488867,0.03897919445726068,0.08587719782346254,0.053191103443231025,0.28218756805008505,0.010596410929745843,0,ok,0.0,0.18071429086617988,FLAT,0.0,-1,0.10459082419561512,0.006976244559364044,0.3542935540275082,LOADING,0.13690221596232083,0.03573843314201136,0.025071103638814846,-2.500000000000002,-0.004838134765625002,0.5968093261718749,0,staged_v3,0.14706651984696972,2,1.0604215641538262,0.13870589597489924,2,0,0,0
v3_pelvis_proxy:v3_left_hand_proxy,32,0.43670036213025465,0.8838134765625005,0.999996149287962,0.0,0.00023042639697467594,AIR,0.0,-1,0.5924029758429519,0.08138384246958762,0.4687257026682281,UNLOADING,0.0022922731758903904,0.0,0.13036523972587205,0.1884948333732686,0.999996149287962,0.03438828853721555,0,ok,0.0,0.19728736554032178,FLAT,0.0,-1,0.09943330855227787,0.031601823730275,0.47273490018971176,UNLOADING,0.13220514832240737,0.0410185541166566,0.007618190892828988,1.0476684570312478,-0.004419067382812503,0.5923902587890624,0,staged_v3,0.2150474864626943,2,1.0706698253991698,0.17805766721672459,2,1,0,0
v3_pelvis_proxy:v3_left_hand_proxy,33,0.28418415813825765,1.0000000000000009,0.5334557127755731,0.0,0.0001794562584042,FLAT,0.0,-1,0.3506022474765235,0.03449652925296633,0.38090322951139666,LOADING,0.001980677120766336,0.0095486322226035,0.06987172723778096,0.10055403289627485,0.5334557127755731,0.033377457803809726,0,ok,0.0,0.20835134903708974,FLAT,0.0,-1,0.10072822079041496,0.008728254130571154,0.5808136283134503,UNLOADING,0.12579556228189998,0.04558878426170836,0.008451897153964164,-1.4523315429687544,-0.0050000000000000044,0.5873902587890624,0,staged_v3,0.18334389302563292,2,1.0608859850218875,0.18334389302563292,2,1,0,0
v3_pelvis_proxy:v3_left_hand_proxy,34,0.04068306321586686,0.4534667968749906,0.21947199355729843,0.0,0.00013976067457225534,FLAT,0.0,-1,0.21411063728705915,0.01996197251347088,0.29785092021725373,LOADING,0.0017117422219483916,0.01993057349739181,0.058736877071346366,0.041369496157698915,0.21947199355729843,0.032354051728243585,0,ok,0.0,0.21430514411962429,FLAT,0.0,-1,0.0963643118917769,0.0038000338026108896,0.699639839720765,UNLOADING,0.11702030016111925,0.05618195818342737,0.009670731270850337,6.831665039062629,-0.002267333984374953,0.5851229248046874,1,staged_v3,0.13449795220803581,2,1.0558800855973285,0.13446461554039243,2,0,1,1
v3_pelvis_proxy:v3_left_hand_proxy,35,0.34537919064425154,0.5312051624059677,0.2268229871650823,0.0,0.00047391313381187593,FLAT,0.0,-1,0.14944046315769585,0.005254004914278788,0.23343798975858976,LOADING,0.0015191053051749983,0.0314178945736507,0.04161490407224708,0.042755125808586876,0.2268229871650823,0.0373046930108864,0,ok,0.0,0.19582791331428145,FLAT,0.0,-1,0.11804453071154049,0.044170966442676415,0.7847825407109664,UNLOADING,0.10632391241829833,0.04154727126239177,0.022691855773156553,-0.9717295691372141,-0.0026560258120298386,0.5824668989926576,1,staged_v3,0.13582258566843897,2,1.0464190816662742,0.12936510090619402,2,1,0,0
v3_pelvis_proxy:v3_left_hand_proxy,36,0.15818734616472307,0.33120516240596753,0.2436357845761756,0.0,0.019407364993880714,FLAT,0.0,-1,0.1310041802492046,0.008386840944821398,0.18451581547368756,LOADING,0.004380564087307862,0.02583894982886298,0.03850749867412615,0.04592426345856593,0.2436357845761756,0.03284959549571244,0,ok,0.0,0.15832704702130193,FLAT,0.0,-1,0.1397859531189646,0.01654526916045314,0.8457899518372677,UNLOADING,0.09462272800805831,0.053751385289753,0.013538112302110394,2.500000000000002,-0.0016560258120298377,0.5808108731806277,0,staged_v3,0.13612690465622443,2,1.0468812524651758,0.13436196071652196,2,0,0,0
v3_pelvis_proxy:v3_left_hand_proxy,37,0.3770364391622276,0.5312051624059677,0.9999933081685476,0.0,0.07897723008100209,FLAT,0.0,-1,0.10091970943707233,0.036727256478352,0.14838182305649522,LOADING,0.016956140210172436,0.0,0.049680239455573795,0.1884942978348758,0.9999933081685476,0.03938371393716107,0,ok,0.0,0.12330522820157308,FLAT,0.0,-1,0.19108301687152363,0.08336630056980823,0.8895036720863102,UNLOADING,0.08305159185388332,0.013701397700904873,0.05577378590341064,-2.500000000000002,-0.0026560258120298386,0.5781548473685979,0,staged_v3,0.20353629224161796,2,1.0356982735471836,0.15094675938570815,2,0,0,0
v3_pelvis_proxy:v3_left_hand_proxy,38,0.20806410208501205,0.33120516240596753,0.4856739512253396,0.0,0.13384737319389786,FLAT,0.0,-1,0.0901086649635112,0.020281473466618835,0.12161206034726996,LOADING,0.03707889584168155,0.010799129550744663,0.04050146775186803,0.09154738303256726,0.4856739512253396,0.03845542748873759,0,ok,0.0,0.0960302082801834,FLAT,0.0,-1,0.42132319201283863,0.054198337956910994,0.9208259213464127,UNLOADING,0.0722732363409708,0.036251035622124034,0.034790260445196605,2.500000000000002,-0.0016560258120298377,0.5764988215565681,0,staged_v3,0.16663973427805429,2,1.0343124797909842,0.16663973427805429,2,1,0,0
v3_pelvis_proxy:v3_left_hand_proxy,39,0.2473842769212103,0.13120516240596736,0.7436490571791118,0.0,0.17743490958901909,FLAT,0.0,-1,0.08063665451123014,0.026132127503698907,0.10164711281354273,LOADING,0.0615429493367379,0.003950228136978231,0.043353380259577176,0.14017454489297243,0.7436490571791118,0.030376365591073123,0,ok,0.0,0.07478840140711694,FLAT,0.0,-1,0.5080347067167514,0.058438639980444684,0.9432692936588728,UNLOADING,0.06255460241196775,0.05792809229027934,0.014235372392664303,2.500000000000002,-0.0006560258120298368,0.5758427957445382,0,staged_v3,0.1460209151936455,2,1.032588043855923,0.13721318957733597,2,0,0,0
v3_pelvis_proxy:v3_left_hand_proxy,40,0.6004028320312501,0.06879483759403282,0.4266808648425239,0.0,0.21876481674820414,FLAT,0.0,-1,0.08294630246776852,0.009305270837162592,0.0872014166661493,LOADING,0.08917200243160035,0.024181365378125576,0.005178705455181891,0.08042744822499676,0.4266808648425239,0.027802784638102,0,ok,0.0,0.05824526558052123,FLAT,0.0,-1,0.8800626313802138,0.11559736277896546,0.9236328074824613,UNLOADING,0.05425366312594705,0.033860962194623735,0.037320678179499335,2.500000000000002,0.0003439741879701641,0.5761867699325084,1,staged_v3,0.1553157001830108,2,1.0370168902350507,0.15542992456967136,2,1,1,1
v3_pelvis_proxy:v3_left_hand_proxy,41,0.580540009753001,0.268794837594033,0.6664367994871316,0.0,0.24988460176079416,FLAT,0.0,-1,0.07844564280660402,0.02196450464024398,0.07736944070314597,LOADING,0.11744783592172692,0.006903967394913321,0.03746194743892217,0.12562037720104002,0.6664367994871316,0.023657586991335397,0,ok,0.0,0.04536145844431188,FLAT,0.0,-1,1.033939033253693,0.09344500729202833,0.8543600395224071,UNLOADING,0.04744691711010255,0.06174152594754115,0.0059764760285791994,2.500000000000002,0.001343974187970165,0.5775307441204786,0,staged_v3,0.1847725819312759,2,1.031247617848211,0.16882410709296114,2,0,0,0
v3_pelvis_proxy:v3_left_hand_proxy,42,0.15020751953125003,0.4687948375940332,0.08182243596826665,0.0,0.27621456608975836,FLAT,0.0,-1,0.07673306205992939,0.025593876370008456,0.07074057218759805,SUPPORT,0.18395826873738153,0.0029431522393714472,0.043978407144213166,0.015423165824203666,0.08182243596826665,0.02306507202195652,0,ok,0.0,0.03532753935769108,FLAT,0.0,-1,1.4572267129382324,0.09041754580082358,0.7494161925239047,UNLOADING,0.041933430283089594,0.059425323474221636,0.003045486151973598,2.500000000000002,0.002343974187970166,0.5798747183084487,1,staged_v3,0.1709163617506676,2,1.0340406136177356,0.16173232040805569,2,0,1,1
v3_pelvis_proxy:v3_left_hand_proxy,43,0.23072972153347,0.6687948375940334,0.25301337369694504,0.0,0.29610768455848235,FLAT,0.0,-1,0.08128435210359121,0.016508829826992345,0.0651955740539979,SUPPORT,0.2371666149899052,0.011750948875707552,0.03434371527726565,0.0476918973639775,0.25301337369694504,0.022591472997636537,0,ok,0.0,0.02751311531575569,AIR,0.0,-1,1.6630403921275074,0.08869925257061492,0.6544171950709456,UNLOADING,0.03730123446595614,0.05278221454617449,0.0049386452073727945,2.500000000000002,0.0033439741879701668,0.5832186924964189,1,staged_v3,0.18882946318852276,2,1.0362032147969633,0.18882946318852276,2,1,0,0
v3_pelvis_proxy:v3_left_hand_proxy,44,0.1323249679635297,0.8687948375940335,0.3257108596894854,0.0,0.3093092137013771,FLAT,0.0,-1,0.07991358296146009,0.008056585899917465,0.06047649299686305,SUPPORT,0.2797332919919242,0.01996723874992569,0.025546965886355757,0.06139505063969419,0.3257108596894854,0.02135043457451692,0,ok,0.0,0.021427235752644394,AIR,0.0,-1,1.7581997038583437,0.09114515600392326,0.5681244517453815,UNLOADING,0.0332944722834273,0.04344343661164493,0.009962785975624142,2.500000000000002,0.004343974187970168,0.5875626666843891,0,staged_v3,0.1899832325377807,2,1.0382729785984963,0.19166736647642774,2,1,0,0
v3_pelvis_proxy:v3_left_hand_proxy,45,0.6272583007812499,1.0000000000000009,0.2479134214090819,0.0,0.3141640645620106,FLAT,0.0,-1,0.0879343133784343,0.009661766958766803,0.05698451218212138,SUPPORT,0.31378663359353937,0.024574069997409496,0.0032751556116965745,0.04673057900550494,0.2479134214090819,0.01899546114569211,0,ok,0.0,0.01668754798321506,AIR,0.0,-1,2.0417226547993548,0.11985199699964293,0.5062929992773074,UNLOADING,0.029715084709253277,0.016038608474948993,0.03427604148891638,1.640064530074592,0.0050000000000000044,0.5925626666843891,1,staged_v3,0.2039659303155622,2,1.0454018809463486,0.19811991184640468,2,0,1,1
v3_pelvis_proxy:v3_left_hand_proxy,46,0.5780569067943168,1.0000000000000009,0.45613049258500377,0.0,0.3216411479527569,FLAT,0.0,-1,0.0852753443395276,0.008783062401887191,0.05596474557204532,SUPPORT,0.3410293068748315,0.019015174876715075,0.025947314422510907,0.0859785722750005,0.45613049258500377,0.01597632620674408,0,ok,0.0,0.01299627543686953,AIR,0.0,-1,2.1542510274067483,0.07148635571128012,0.4619888276056774,UNLOADING,0.02646894994858134,0.03910180275666776,0.008997638623616109,0.0,0.0050000000000000044,0.5975626666843891,0,staged_v3,0.21246517052784802,2,1.046333395024038,0.21205879923834023,2,0,0,0
v3_pelvis_proxy:v3_left_hand_proxy,47,0.07004570461471982,1.0000000000000009,0.3136377645826303,0.004874590149167169,0.32427990402402695,FLAT,0.0,1,0.08796728814707688,0.006790535363363829,0.05605376433811454,SUPPORT,0.3628234454998652,0.0210121528535419,0.025842259831721677,0.05911932582606699,0.3136377645826303,0.013353268991305386,0,ok,0.0,0.010121509487245654,AIR,0.0,-1,2.3889784204705657,0.06265772445994165,0.44846648859131744,UNLOADING,0.023485150194249276,0.035371410079167845,0.01205191435039803,0.0,0.0050000000000000044,0.6025626666843891,0,staged_v3,0.17793562195235854,2,1.048708460866009,0.17429155323105275,2,0,0,0
v3_pelvis_proxy:v3_left_hand_proxy,48,0.04254919129481643,1.0000000000000009,0.2958840156190282,0.008029424872934574,0.3173259835689618,FLAT,0.0,1,0.09435799811753039,0.0058773240158089095,0.05611754907123179,SUPPORT,0.3802587563998922,0.02192855343775268,0.02527358673778795,0.0557728229870032,0.2958840156190282,0.011289998200084778,0,ok,0.0,0.007882639514531569,AIR,0.0,-1,2.476104527676225,0.055733595485494336,0.4570002964727342,UNLOADING,0.020741596012128372,0.029952001475532525,0.017898013348104185,0.0,0.0050000000000000044,0.6075626666843891,0,staged_v3,0.16719310231754136,2,1.0521964926780487,0.16494192289436885,2,0,0,0
v3_pelvis_proxy:v3_left_hand_proxy,49,0.23861577173727905,1.0000000000000009,0.21022760756333153,0.009973780269587947,0.3033141777245445,FLAT,0.0,1,0.09631547966588416,0.005864760748740112,0.05616325282964688,SUPPORT,0.39420700511991374,0.021943401892742232,0.017778485178183374,0.039626970450163224,0.21022760756333153,0.009990041147712965,0,ok,0.0,0.006139005826586785,AIR,0.0,-1,2.5470108206241875,0.06021171451180743,0.48133802419559,UNLOADING,0.018233377852037505,0.021955379988270025,0.027111521221509477,0.0,0.0050000000000000044,0.6125626666843891,1,staged_v3,0.16756408107355378,2,1.0561974846354307,0.1638334400609585,2,0,1,1
v3_pelvis_proxy:v3_left_hand_proxy,50,2.99905336184949e-06,0.8000000000000007,2.1913655304731047e-05,0.010725955969460643,0.3067977616914633,FLAT,0.0,1,0.08499181521394587,0.00986452211749135,0.0561960010035622,SUPPORT,0.405365604095931,0.01794527793268676,0.021778197112367656,4.1306267111185235e-06,2.1913655304731047e-05,0.009990012045037563,0,ok,0.0,0.004781062545025705,AIR,0.0,-1,2.619138656481764,0.06421070366231758,0.5376487891925288,UNLOADING,0.015944399595551988,0.020770809972409418,0.031111629487217025,-2.500000000000002,0.0040000000000000036,0.6165626666843891,1,staged_v3,0.1657341071539827,2,1.0585434310598425,0.16383219482627498,2,0,1,1
v3_pelvis_proxy:v3_left_hand_proxy,51,0.0,0.6000000000000005,0.0,0.030442575994983425,0.31330496929702817,FLAT,0.0,1,0.08526529469298573,0.012864522117491353,0.056219466095536644,SUPPORT,0.4142924832767448,0.014946451187285482,0.02477819711236766,0.0,0.0,0.009990012045037543,0,ok,0.0,0.003723495253979383,AIR,0.0,-1,2.650469836563925,0.06721070366231759,0.6180879079409612,UNLOADING,0.013869777919361585,0.021792765909831036,0.03411162948721703,-2.500000000000002,0.0030000000000000027,0.6195626666843891,1,staged_v3,0.17125502515360494,2,1.0619097402759876,0.1672459213802182,2,0,1,1
v3_pelvis_proxy:v3_left_hand_proxy,52,0.0,0.40000000000000036,0.0,0.05039946606335603,0.3077370401246109,FLAT,0.0,1,0.09319258381900432,0.014864522117491355,0.05623627956864182,SUPPORT,0.4214339866213958,0.012947291860940739,0.02677819711236766,0.0,0.0,0.009990012045037536,0,ok,0.0,0.0028998610195618032,FLAT,0.0,-1,2.6723572499473036,0.06921070366231759,0.7146870070840317,UNLOADING,0.01200657650610015,0.024622720866984554,0.03611162948721703,-2.500000000000002,0.0020000000000000018,0.6215626666843891,1,staged_v3,0.17559771827764264,2,1.0644999333630436,0.16971602187063448,2,0,1,1
v3_pelvis_proxy:v3_left_hand_proxy,53,0.0,0.20000000000000018,0.0,0.06247392569435035,0.28339288753575453,FLAT,0.0,1,0.10677410903062869,0.015864522117491356,0.056428153308101955,SUPPORT,0.42714718929711665,0.011956885547913743,0.02777819711236766,0.0,0.0,0.009990012045037577,0,ok,0.0,0.002258414032832975,FLAT,0.0,-1,2.6813543459005356,0.07021070366231759,0.795564307262191,UNLOADING,0.01035730849627027,0.027666585875892512,0.03711162948721703,-2.500000000000002,0.0010000000000000009,0.6225626666843891,1,staged_v3,0.18068476469431152,2,1.0665711488068983,0.17261225557091633,2,0,1,1
v3_pelvis_proxy:v3_left_hand_proxy,54,0.0,0.0,0.0,0.06733202097326739,0.25917524067082093,FLAT,0.0,1,0.112557558859431,0.015864522117491356,0.055867985349329824,SUPPORT,0.4317177514376933,0.011928877149975137,0.02777819711236766,0.0,0.0,0.009990012045037612,0,ok,0.0,0.0017588546172697703,FLAT,0.0,-1,2.671102317315406,0.07021070366231759,0.8535154251545172,UNLOADING,0.008914499435492485,0.030564141770508833,0.03711162948721703,-2.500000000000002,0.0,0.6225626666843891,1,staged_v3,0.18854535063324315,2,1.0691055849428335,0.17857154882506057,2,0,1,1
v3_pelvis_proxy:v3_left_hand_proxy,55,0.0,0.20000000000000018,0.0,0.0678282325145387,0.24661873120249772,FLAT,0.0,1,0.10451496237146801,0.014864522117491355,0.05525338651588288,LOADING,0.37547224136517654,0.01289814720830279,0.02677819711236766,0.0,0.0,0.009990012045037536,0,ok,0.0,0.001369797353238453,FLAT,0.0,-1,2.6244619270504033,0.06921070366231759,0.8769247546801389,UNLOADING,0.00766508353689189,0.03273460824678991,0.03611162948721703,-2.500000000000002,-0.0010000000000000009,0.6215626666843891,1,staged_v3,0.19815887067283341,2,1.072935209525015,0.18671945300438966,2,0,1,1
v3_pelvis_proxy:v3_left_hand_proxy,56,0.0,0.40000000000000036,0.0,0.06614013877499332,0.23951128461412938,FLAT,0.0,1,0.10450224065249684,0.012864522117491353,0.05500139824579966,LOADING,0.3269671742649223,0.014885547794798632,0.02477819711236766,0.0,0.0,0.009990012045037591,0,ok,0.0,0.0010667992513512452,FLAT,0.0,-1,2.527803221437943,0.06721070366231759,0.8505198201743014,UNLOADING,0.006592852366468749,0.033414361521498036,0.03411162948721703,-2.500000000000002,-0.0020000000000000018,0.6195626666843891,1,staged_v3,0.20968480620664662,2,1.0770310939789498,0.19750978812868494,2,0,1,1
v3_pelvis_proxy:v3_left_hand_proxy,57,0.0,0.6000000000000005,0.0,0.06400157382966365,0.23119127488812924,FLAT,0.0,1,0.1055396124019438,0.00986452211749135,0.055093893923673656,LOADING,0.285681712458638,0.017890172578692333,0.021778197112367656,0.0,0.0,0.009990012045037529,0,ok,0.0,0.0008308240923323383,FLAT,0.0,-1,2.3769705603658404,0.06421070366231758,0.7834249800470461,UNLOADING,0.005676721420455252,0.03305961951513527,0.031111629487217025,-2.500000000000002,-0.0030000000000000027,0.6165626666843891,1,staged_v3,0.22802865247543022,2,1.080886236006589,0.20968909738789587,2,0,1,1
v3_pelvis_proxy:v3_left_hand_proxy,58,0.0,0.8000000000000007,0.0,0.0626531030871768,0.23169491771547904,FLAT,0.0,1,0.10209196053979978,0.005864522117491347,0.05873414880842226,LOADING,0.25092271899429885,0.022072185322929767,0.017778197112367652,0.0,0.0,0.009990012045037577,0,ok,0.0,0.0006470464537030143,AIR,0.0,-1,2.04879929741945,0.06021070366231758,0.7211894059552525,UNLOADING,0.004891533132694714,0.0339478408105456,0.027111629487217022,-2.500000000000002,-0.0040000000000000036,0.6125626666843891,1,staged_v3,0.2541192663914718,2,1.0839976915295118,0.22270690440704877,2,0,1,1
v3_pelvis_proxy:v3_left_hand_proxy,59,0.0,0.0,0.0,0.0626531030871768,0.239625692651345,FLAT,0.0,1,0.1000049443372307,0.005864522117491347,0.0667141211183281,LOADING,0.22172224760767173,0.02247118393842506,0.017778197112367652,0.0,0.0,0.009990012045037577,0,ok,0.0,0.000503920284827483,AIR,0.0,-1,1.865484399910675,0.06021070366231758,0.6723909204999254,UNLOADING,0.004216326808117433,0.031507916537779256,0.027111629487217022,10.000000000000009,0.0,0.6125626666843891,1,staged_v3,0.27930125114977644,2,1.0866076347522782,0.24141268025170826,2,0,1,1
v3_pelvis_proxy:v3_left_hand_proxy,60,0.0,0.20000000000000018,0.0,0.059743591799554685,0.26251001952426084,FLAT,0.0,1,0.08386621128524978,0.004864522117491346,0.0794422932286904,SUPPORT,0.2673777980861374,0.024107592543943176,0.01677819711236765,0.0,0.0,0.009990012045037584,0,ok,0.0,0.00039245351242920916,AIR,0.0,-1,1.2927041325812711,0.05921070366231758,0.6274685885630865,UNLOADING,0.003634880301373318,0.030261799940937306,0.02611162948721702,-2.500000000000002,-0.0010000000000000009,0.6115626666843891,1,staged_v3,0.29729303149995795,2,1.087490263672022,0.25315911343185166,2,0,1,1
v3_pelvis_proxy:v3_left_hand_proxy,61,0.0,0.0,0.0,0.059743591799554685,0.2772770061219475,FLAT,0.0,1,0.08965167122111041,0.004864522117491346,0.1195115035678603,SUPPORT,0.3039022384689099,0.02611105306090167,0.01677819711236765,0.0,0.0,0.009990012045037584,0,ok,0.0,0.0003056431027989914,AIR,0.0,-1,1.1088389147845845,0.05921070366231758,0.5820984810472859,UNLOADING,0.0031338586464510036,0.027993294565147278,0.02611162948721702,2.500000000000002,0.0,0.6115626666843891,1,staged_v3,0.31449146034252906,2,1.087676112199736,0.26746458741256396,2,0,1,1
v3_pelvis_proxy:v3_left_hand_proxy,62,0.0,0.0,0.0,0.059743591799554685,0.27561738006523134,FLAT,0.0,1,0.09852841893136519,0.004864522117491346,0.18729000582273442,SUPPORT,0.33312179077512794,0.02949997817364538,0.01677819711236765,0.0,0.0,0.009990012045037584,0,ok,0.0,0.0002380350878002284,AIR,0.0,-1,0.7497971090004235,0.05921070366231758,0.550366603911576,UNLOADING,0.002701454343374549,0.026406700708361784,0.02611162948721702,0.0,0.0,0.6115626666843891,1,staged_v3,0.32259360727468767,2,1.0867206746695144,0.2756035399120196,2,0,1,1
v3_pelvis_proxy:v3_left_hand_proxy,63,0.0,0.0,0.0,0.059743591799554685,0.30005172617882037,FLAT,0.0,1,0.08181084934281427,0.004864522117491346,0.2910484303204685,SUPPORT,0.35649743262010236,0.034687899398532084,0.01677819711236765,0.0,0.0,0.009990012045037584,0,ok,0.0,0.0001853819127772885,AIR,0.0,-1,0.5702220660284432,0.05921070366231758,0.5231766723931766,UNLOADING,0.0023281600686822683,0.02504720413244181,0.02611162948721702,0.0,0.0,0.6115626666843891,1,staged_v3,0.32266770196550365,2,1.0861755944861395,0.2752176110378523,2,0,1,1
v3_pelvis_proxy:v3_left_hand_proxy,64,0.0,0.0,0.0,0.059743591799554685,0.3442816516098174,FLAT,0.0,1,0.07112070555272997,0.004864522117491346,0.4070644502100824,SUPPORT,0.37519794609608187,0.04048870039301278,0.01677819711236765,0.0,0.0,0.009990012045037584,0,ok,0.0,0.00014437557883822716,AIR,0.0,-1,0.4559403351933287,0.05921070366231758,0.49780807531191124,UNLOADING,0.0020059235231297623,0.023778774278378545,0.02611162948721702,0.0,0.0,0.6115626666843891,1,staged_v3,0.32028880030743706,2,1.0858684107426855,0.27159505880595525,2,0,1,1
v3_pelvis_proxy:v3_left_hand_proxy,65,0.0,0.0,0.0,0.059743591799554685,0.3802908682754255,FLAT,0.0,1,0.06355808586044957,0.004864522117491346,0.5334420880536928,UNLOADING,0.3276778122736064,0.04680758228519329,0.01677819711236765,0.0,0.0,0.009990012045037584,0,ok,0.0,0.00011243981385559866,AIR,0.0,-1,0.5607582400680619,0.05921070366231758,0.46886921319190766,UNLOADING,0.0017278944836543219,0.022331831172378365,0.02611162948721702,0.0,0.0,0.6115626666843891,1,staged_v3,0.31425391394215846,2,1.0855189814539485,0.2776746821585103,2,0,1,1
v3_pelvis_proxy:v3_left_hand_proxy,66,0.0,0.0,0.0,0.059743591799554685,0.41460119884450053,FLAT,0.0,1,0.0649565671051666,0.004864522117491346,0.6526955086370851,UNLOADING,0.28580062140047735,0.052770253314362914,0.01677819711236765,0.0,0.0,0.009990012045037584,0,ok,0.0,8.756821507914324e-05,AIR,0.0,-1,0.460896427646898,0.05921070366231758,0.3916494303851266,UNLOADING,0.0014886627250642122,0.01847084203203931,0.02611162948721702,0.0,0.0,0.6115626666843891,1,staged_v3,0.3209120293813084,2,1.084233939602502,0.28427626631602343,2,0,1,1
v3_pelvis_proxy:v3_left_hand_proxy,67,0.0,0.0,0.0,0.059743591799554685,0.40751266735047614,FLAT,0.0,1,0.07055403206612632,0.004864522117491346,0.7511454576355674,UNLOADING,0.2484468290305434,0.057692750764287024,0.01677819711236765,0.0,0.0,0.009990012045037584,0,ok,0.0,6.819819447580196e-05,FLAT,0.0,-1,0.3019913191974876,0.05921070366231758,0.3139294680502014,LOADING,0.0012826807317067575,0.01458484391529305,0.02611162948721702,0.0,0.0,0.6115626666843891,1,staged_v3,0.3234259853562377,2,1.0809751064229074,0.28660038393585796,2,0,1,1
v3_pelvis_proxy:v3_left_hand_proxy,68,0.0,0.0,0.0,0.059743591799554685,0.35335387252208295,FLAT,0.0,1,0.1056638742525488,0.004864522117491346,0.8216879286173725,UNLOADING,0.2151133729982998,0.06121987431337729,0.01677819711236765,0.0,0.0,0.009990012045037584,0,ok,0.0,5.311280726181052e-05,FLAT,0.0,-1,0.18816981793826998,0.05921070366231758,0.2465107363298889,LOADING,0.0011051577600393857,0.011213907329277427,0.02611162948721702,0.0,0.0,0.6115626666843891,1,staged_v3,0.3227748648695728,2,1.07502165916732,0.2857719833726754,2,0,1,1
v3_pelvis_proxy:v3_left_hand_proxy,69,0.0,0.0,0.0,0.059743591799554685,0.2751922726215116,FLAT,0.0,1,0.11801474777999642,0.004864522117491346,0.8722338178010789,UNLOADING,0.18558766006745092,0.0637471687725626,0.01677819711236765,0.0,0.0,0.009990012045037584,0,ok,0.0,0.003051417365001428,FLAT,0.0,-1,0.14277152292869758,0.05921070366231758,0.1925017194679323,LOADING,0.0013769290631163776,0.008513456486179592,0.02611162948721702,0.0,0.0,0.6115626666843891,1,staged_v3,0.319952732069782,2,1.0676234714625603,0.2830825095278407,2,0,1,1
v3_pelvis_proxy:v3_left_hand_proxy,70,0.0,0.0,0.0,0.059743591799554685,0.21431995741283275,FLAT,0.0,1,0.254854361144357,0.004864522117491346,0.9084515300219975,UNLOADING,0.15974744060394036,0.06555805438360852,0.01677819711236765,0.0,0.0,0.009990012045037584,0,ok,0.0,0.04143132483798691,FLAT,0.0,-1,0.09895159879637926,0.05921070366231758,0.1547976434523569,LOADING,0.008105113928084589,0.0066282526854008275,0.02611162948721702,0.0,0.0,0.6115626666843891,1,staged_v3,0.3171398894683357,2,1.0628807629292771,0.2790153692997097,2,0,1,1
v3_pelvis_proxy:v3_left_hand_proxy,71,0.0,0.0,0.0,0.059743591799554685,0.1669125506609443,FLAT,0.0,1,0.3667239534214754,0.004864522117491346,0.9344026548256367,UNLOADING,0.13730154658816474,0.06685561062379049,0.01677819711236765,0.0,0.0,0.009990012045037584,0,ok,0.0,0.07862094372388756,FLAT,0.0,-1,0.09759131432708028,0.05921070366231758,0.1279057243109581,LOADING,0.020197066136642204,0.005283656728330886,0.02611162948721702,0.0,0.0,0.6115626666843891,1,staged_v3,0.3225653521824324,2,1.0597299823331576,0.27998896823626795,2,0,1,1
v3_pelvis_proxy:v3_left_hand_proxy,72,0.0,0.0,0.0,0.059743591799554685,0.12999162515918894,FLAT,0.0,1,0.586912271931959,0.004864522117491346,0.9529974482920522,UNLOADING,0.1178963973799391,0.06778535029711126,0.01677819711236765,0.0,0.0,0.009990012045037584,0,ok,0.0,0.10817786646947558,FLAT,0.0,-1,0.08864958301006541,0.05921070366231758,0.1087430526021606,LOADING,0.03544050791843294,0.004325523142891009,0.02611162948721702,0.0,0.0,0.6115626666843891,1,staged_v3,0.3280798198283115,2,1.0599026487483165,0.2867772389175088,2,0,1,1
v3_pelvis_proxy:v3_left_hand_proxy,73,0.0,0.20000000000000018,0.0,0.045048239743953125,0.10123757946670088,AIR,0.0,1,0.9155135645887899,0.005864522117491347,0.9361162097962719,UNLOADING,0.10127566218185045,0.06594128837232226,0.017778197112367652,0.0,0.0,0.009990012045037543,0,ok,0.0,0.13279489848031945,FLAT,0.0,-1,0.08694229037324606,0.06021070366231758,0.09626571116321056,LOADING,0.05235466696259938,0.002701656070943508,0.027111629487217022,2.500000000000002,0.0010000000000000009,0.6125626666843891,1,staged_v3,0.3328280125557518,2,1.06076092588704,0.2927952290011649,2,0,1,1
v3_pelvis_proxy:v3_left_hand_proxy,74,0.0,0.0,0.0,0.0314271054108595,0.07884390616492022,AIR,0.0,1,1.0885078896649314,0.005864522117491347,0.8640889963845602,UNLOADING,0.08748752673315517,0.06233992770173667,0.017778197112367652,0.0,0.0,0.009990012045037543,0,ok,0.0,0.1527781579740269,FLAT,0.0,-1,0.08242181874618248,0.06021070366231758,0.08708891685205145,LOADING,0.06977830830556297,0.0022428163553855525,0.027111629487217022,-2.500000000000002,0.0,0.6125626666843891,1,staged_v3,0.3448961567246878,2,1.0620479346020044,0.3066728549535086,2,0,1,1
v3_pelvis_proxy:v3_left_hand_proxy,75,0.0,0.20000000000000018,0.0,0.023523848851080633,0.06140369586164823,AIR,0.0,1,1.668608183472355,0.004864522117491346,0.7559682419726084,UNLOADING,0.0764313183626716,0.057933889981139075,0.01677819711236765,0.0,0.0,0.009990012045037577,0,ok,0.0,0.18121850389073674,FLAT,0.0,-1,0.07483670689082417,0.05921070366231758,0.08076320437169837,LOADING,0.08913919000946553,0.0029265307313679004,0.02611162948721702,-2.500000000000002,-0.0010000000000000009,0.6115626666843891,1,staged_v3,0.3551435541178487,2,1.064479586912503,0.31822839281260795,2,0,1,1
v3_pelvis_proxy:v3_left_hand_proxy,76,0.0,0.0,0.0,0.023523848851080633,0.047821246420530025,AIR,0.0,1,1.7412582322891441,0.004864522117491346,0.6591119436493695,UNLOADING,0.06737895619591848,0.053091075064977136,0.01677819711236765,0.0,0.0,0.009990012045037577,0,ok,0.0,0.1976838023612577,FLAT,0.0,-1,0.07756541770544083,0.05921070366231758,0.07614339233478867,LOADING,0.10783764941553875,0.0026955401295224134,0.02611162948721702,2.500000000000002,0.0,0.6115626666843891,1,staged_v3,0.3646760986161122,2,1.066211776260658,0.32887663807441303,2,0,1,1
v3_pelvis_proxy:v3_left_hand_proxy,77,0.0,0.0,0.0,0.023523848851080633,0.0372432241597594,AIR,0.0,1,1.88957024911909,0.004864522117491346,0.5714883860970941,UNLOADING,0.05958057113318246,0.04870989718736336,0.01677819711236765,0.0,0.0,0.009990012045037577,0,ok,0.0,0.2025141145515996,FLAT,0.0,-1,0.08726472156058597,0.05921070366231758,0.07298770086997067,LOADING,0.12381673451978309,0.002537755556281513,0.02611162948721702,0.0,0.0,0.6115626666843891,1,staged_v3,0.3658504219090418,2,1.0666652309054128,0.33334186092117396,2,0,1,1
v3_pelvis_proxy:v3_left_hand_proxy,78,0.0,0.0,0.0,0.023523848851080633,0.029005052139724485,AIR,0.0,1,2.0955395238349843,0.004864522117491346,0.5087033635670243,UNLOADING,0.0527005679352481,0.04557064606085987,0.01677819711236765,0.0,0.0,0.009990012045037577,0,ok,0.0,0.1984650557579526,FLAT,0.0,-1,0.09646564000460289,0.05921070366231758,0.07163863890879194,LOADING,0.13590284547432555,0.0024703024582225785,0.02611162948721702,0.0,0.0,0.6115626666843891,1,staged_v3,0.3659670939204793,2,1.0634442414387044,0.33292202600927623,2,0,1,1
v3_pelvis_proxy:v3_left_hand_proxy,79,0.0,0.0,0.0,0.023523848851080633,0.02258915731944436,AIR,0.0,1,2.2048533372281227,0.004864522117491346,0.4637159290891485,UNLOADING,0.046558883299027506,0.04332127433696608,0.01677819711236765,0.0,0.0,0.009990012045037577,0,ok,0.0,0.19144784175714125,FLAT,0.0,-1,0.09765978889836471,0.05921070366231758,0.07082910117917979,LOADING,0.14429982902001826,0.0024298255717419698,0.02611162948721702,0.0,0.0,0.6115626666843891,1,staged_v3,0.3655349353970607,2,1.0581367576655714,0.3332671380738307,2,0,1,1
v3_pelvis_proxy:v3_left_hand_proxy,80,0.0,0.0,0.0,0.023523848851080633,0.017592453409306423,AIR,0.0,1,2.52799207760612,0.004864522117491346,0.4314810237033636,UNLOADING,0.04105271280818128,0.04170952906767684,0.01677819711236765,0.0,0.0,0.009990012045037577,0,ok,0.0,0.1800579399887863,FLAT,0.0,-1,0.1085149560811923,0.05921070366231758,0.07176383126749183,LOADING,0.14886712168902638,0.0024765620761575714,0.02611162948721702,0.0,0.0,0.6115626666843891,1,staged_v3,0.3647363451940618,2,1.0569316227376175,0.34076808523211455,2,0,1,1
v3_pelvis_proxy:v3_left_hand_proxy,81,0.0,0.0,0.0,0.023523848851080633,0.01370101649131505,AIR,0.0,1,2.5762368335270143,0.004864522117491346,0.42660669187846434,UNLOADING,0.03608748928814214,0.04146581247643187,0.01677819711236765,0.0,0.0,0.009990012045037577,0,ok,0.0,0.1712029179485165,FLAT,0.0,-1,0.10613315196243689,0.05921070366231758,0.07328292428122653,LOADING,0.15082503084637516,0.002552516726844308,0.02611162948721702,0.0,0.0,0.6115626666843891,1,staged_v3,0.3637923465362653,2,1.0560669094139585,0.3482639459873214,2,0,1,1
v3_pelvis_proxy:v3_left_hand_proxy,82,0.0,0.0,0.0,0.023523848851080633,0.010670362372310392,AIR,0.0,1,2.676782988951796,0.004864522117491346,0.441337067685197,UNLOADING,0.03161463031251063,0.042202331266768506,0.01677819711236765,0.0,0.0,0.009990012045037577,0,ok,0.0,0.1646901122778472,FLAT,0.0,-1,0.10646566288590727,0.05921070366231758,0.07478165658927918,LOADING,0.15113488724866722,0.002627453342246941,0.02611162948721702,0.0,0.0,0.6115626666843891,1,staged_v3,0.3626090249162276,2,1.0559716429142392,0.3557468152886015,2,0,1,1
v3_pelvis_proxy:v3_left_hand_proxy,83,0.0,0.0,0.0,0.0,0.008310086571210986,AIR,0.0,1,2.6985127782338125,0.004864522117491346,0.4934567124820391,UNLOADING,0.0275801952526985,0.04480831350661061,0.01677819711236765,0.0,0.0,0.009990012045037577,0,ok,0.0,0.15951634919868096,FLAT,0.0,-1,0.1069546183267335,0.05921070366231758,0.07585554521416743,LOADING,0.15060363900737783,0.0026811477734913526,0.02611162948721702,0.0,0.0,0.6115626666843891,1,staged_v3,0.36373635801912774,2,1.0558914857433497,0.3625056309541075,2,0,1,1
v3_pelvis_proxy:v3_left_hand_proxy,84,0.0,0.0,0.0,0.0,0.0064719019290502815,FLAT,0.0,1,2.7294735708416753,0.004864522117491346,0.5778025976431307,UNLOADING,0.024030513099849205,0.04902560776466519,0.01677819711236765,0.0,0.0,0.009990012045037577,0,ok,0.0,0.15436658700264783,FLAT,0.0,-1,0.10581743100369308,0.05921070366231758,0.0766250200379689,LOADING,0.14945143974637773,0.0027196215146814244,0.02611162948721702,0.0,0.0,0.6115626666843891,1,staged_v3,0.36709348736385483,2,1.0557742140427544,0.3685989402959125,2,0,1,1
v3_pelvis_proxy:v3_left_hand_proxy,85,0.0,0.0,0.0,0.0,0.005040322290305695,FLAT,0.0,1,2.7317703411476457,0.004864522117491346,0.6824562382637747,UNLOADING,0.020826228785645978,0.05425828979569739,0.01677819711236765,0.0,0.0,0.009990012045037577,0,ok,0.0,0.14347021372604352,FLAT,0.0,-1,0.11851779104826617,0.05921070366231758,0.07717637284192089,LOADING,0.14701519164258267,0.0027471891548790234,0.02611162948721702,0.0,0.0,0.6115626666843891,1,staged_v3,0.3695070648817192,2,1.051211365943751,0.3707465833644451,2,1,1,1
v3_pelvis_proxy:v3_left_hand_proxy,86,0.0,0.0,0.0,0.0,0.003925406946622332,FLAT,0.0,1,2.7593927383980756,0.004864522117491346,0.7724699522386114,UNLOADING,0.017978645820560534,0.05875897549443922,0.01677819711236765,0.0,0.0,0.009990012045037577,0,ok,0.0,0.13038023130496412,FLAT,0.0,-1,0.12496482175078487,0.05921070366231758,0.07757143438912514,LOADING,0.1431939428003069,0.002766942232239236,0.02611162948721702,0.0,0.0,0.6115626666843891,1,staged_v3,0.3749518458127502,2,1.051111455286405,0.3763619924364964,2,1,1,1
v3_pelvis_proxy:v3_left_hand_proxy,87,0.0,0.0,0.0,0.0,0.0030571100039034045,FLAT,0.0,1,2.7774612590459182,0.004864522117491346,0.8369675966826153,UNLOADING,0.015481468987786457,0.06198385771663943,0.01677819711236765,0.0,0.0,0.009990012045037577,0,ok,0.0,0.10742445122678207,FLAT,0.0,-1,0.14157306917577844,0.05921070366231758,0.0778545083573007,LOADING,0.13688923288468707,0.0027810959306480143,0.02611162948721702,0.0,0.0,0.6115626666843891,1,staged_v3,0.38053909257950125,2,1.0505565611153216,0.3821213184627187,2,1,1,1
v3_pelvis_proxy:v3_left_hand_proxy,88,0.0,0.0,0.0,0.0,0.002380879664975397,FLAT,0.0,1,2.781837546761058,0.004864522117491346,0.8388052633285507,UNLOADING,0.013324657028194409,0.06207574104893619,0.01677819711236765,0.0,0.0,0.009990012045037577,0,ok,0.0,0.08366224673643381,FLAT,0.0,-1,0.15424555181446348,0.05921070366231758,0.07805733971870688,LOADING,0.12835245594706002,0.0027912374987183255,0.02611162948721702,0.0,0.0,0.6115626666843891,1,staged_v3,0.4021659775325756,2,1.0557960371037558,0.39362935921701636,2,0,1,1
v3_pelvis_proxy:v3_left_hand_proxy,89,0.0,0.0,0.0,0.0,0.0018542309474816232,FLAT,0.0,1,2.6922420648437693,0.004864522117491346,0.7885686622259667,UNLOADING,0.011477140671276358,0.05956391099380699,0.01677819711236765,0.0,0.0,0.009990012045037577,0,ok,0.0,0.06515622327184774,FLAT,0.0,-1,0.1571400838410395,0.05921070366231758,0.07845704983697838,LOADING,0.11859414198539703,0.0028112230046319006,0.02611162948721702,0.0,0.0,0.6115626666843891,1,staged_v3,0.4322249649865484,2,1.056060501889679,0.4000043071114249,2,0,1,1
v3_pelvis_proxy:v3_left_hand_proxy,90,0.0,0.0,0.0,0.0,0.0014440765138939212,AIR,0.0,1,2.3964040634036636,0.004864522117491346,0.7223158177550203,UNLOADING,0.009894834461931137,0.05625126877025967,0.01677819711236765,0.0,0.0,0.009990012045037577,0,ok,0.0,0.06128820088303823,FLAT,0.0,-1,0.1339227722294013,0.05921070366231758,0.08161751341543172,LOADING,0.10969298031966306,0.0029692461835545657,0.02611162948721702,0.0,0.0,0.6115626666843891,1,staged_v3,0.4588709463597444,2,1.0575159246886774,0.4167044250471919,2,0,1,1
v3_pelvis_proxy:v3_left_hand_proxy,91,0.0,0.0,0.0,0.0,0.0011246479198356103,AIR,0.0,1,2.0819585292976845,0.004864522117491346,0.6730799294689414,UNLOADING,0.008533810964123156,0.05378947435595573,0.01677819711236765,0.0,0.0,0.009990012045037577,0,ok,0.0,0.06595995238444174,FLAT,0.0,-1,0.12467383772896991,0.05921070366231758,0.08749585512243133,LOADING,0.10262094455210122,0.0032631632689045474,0.02611162948721702,0.0,0.0,0.6115626666843891,1,staged_v3,0.48441234439416014,2,1.0588225946879894,0.43695275181089477,2,0,1,1
v3_pelvis_proxy:v3_left_hand_proxy,92,0.0,0.0,0.0,0.0,0.0008758766806476,AIR,0.0,1,1.6567141764443447,0.004864522117491346,0.6327742941175545,UNLOADING,0.007360644316722246,0.05177419258838638,0.01677819711236765,0.0,0.0,0.009990012045037577,0,ok,0.0,0.08115330772096943,FLAT,0.0,-1,0.1078648487041729,0.05921070366231758,0.09682077856753862,LOADING,0.09843166408524306,0.00372940944115991,0.02611162948721702,0.0,0.0,0.6115626666843891,1,staged_v3,0.5069885521204092,2,1.0597714168366328,0.4551675891709814,2,0,1,1
v3_pelvis_proxy:v3_left_hand_proxy,93,0.0,0.0,0.0,0.0,0.0006821334447623336,AIR,0.0,1,1.1681151989049687,0.004864522117491346,0.5910450540632426,UNLOADING,0.006348975392336844,0.04968773058567079,0.01677819711236765,0.0,0.0,0.009990012045037577,0,ok,0.0,0.09054832789121371,FLAT,0.0,-1,0.11068437319003056,0.05921070366231758,0.11280097518683115,LOADING,0.09584633895928661,0.004528419272124537,0.02611162948721702,0.0,0.0,0.6115626666843891,1,staged_v3,0.5205478891331153,2,1.0606836143415972,0.467367530486021,2,0,1,1
v3_pelvis_proxy:v3_left_hand_proxy,94,0.0,0.0,0.0,0.0,0.0005312460609401004,AIR,0.0,1,0.9296045935612944,0.004864522117491346,0.562417545833529,UNLOADING,0.005475188044161929,0.048256355174185105,0.01677819711236765,0.0,0.0,0.009990012045037577,0,ok,0.0,0.09861822687174547,FLAT,0.0,-1,0.1134318995228907,0.05921070366231758,0.15254858696721582,LOADING,0.0940931699241383,0.00651579986114377,0.02611162948721702,0.0,0.0,0.6115626666843891,1,staged_v3,0.5292518399254599,2,1.061580731316894,0.47619961121146465,2,0,1,1
v3_pelvis_proxy:v3_left_hand_proxy,95,0.0,0.0,0.0,0.0,0.00041373484826374946,AIR,0.0,1,0.6158811837623804,0.004864522117491346,0.535709750837348,UNLOADING,0.004720460188679889,0.04692096542437606,0.01677819711236765,0.0,0.0,0.009990012045037577,0,ok,0.0,0.11901893110767921,FLAT,0.0,-1,0.09740372638448683,0.05921070366231758,0.21949318579187715,LOADING,0.09392201518487722,0.009863029802376841,0.02611162948721702,0.0,0.0,0.6115626666843891,1,staged_v3,0.5226345196799081,2,1.0639441781354335,0.4752407146888295,2,0,1,1
v3_pelvis_proxy:v3_left_hand_proxy,96,0.0,0.0,0.0,0.0,0.00032221702381173695,AIR,0.0,1,0.6112932106455663,0.004864522117491346,0.5092425895457804,UNLOADING,0.004068698789184207,0.045597607359797676,0.01677819711236765,0.0,0.0,0.009990012045037577,0,ok,0.0,0.13377915773293503,FLAT,0.0,-1,0.10303326723572408,0.05921070366231758,0.32338182804093185,LOADING,0.09343564289439224,0.015057461914829574,0.02611162948721702,0.0,0.0,0.6115626666843891,1,staged_v3,0.5161821498429262,2,1.0659589205244542,0.47499035057791045,2,0,1,1
v3_pelvis_proxy:v3_left_hand_proxy,97,0.0,0.0,0.0,0.0,0.00025094287046351825,AIR,0.0,1,0.6818469737284752,0.004864522117491346,0.4705077144712536,UNLOADING,0.0035064378641605875,0.04366086360607134,0.01677819711236765,0.0,0.0,0.009990012045037577,0,ok,0.0,0.14252246494489054,FLAT,0.0,-1,0.10659904457183789,0.05921070366231758,0.4349126095014748,LOADING,0.09159307216706845,0.02063400098785672,0.02611162948721702,0.0,0.0,0.6115626666843891,1,staged_v3,0.5093350335284679,2,1.0673715015091816,0.4755442611682594,2,0,1,1
v3_pelvis_proxy:v3_left_hand_proxy,98,0.0,0.0,0.0,0.0,0.00019543450402317414,AIR,0.0,1,0.4102494667342544,0.004864522117491346,0.41142911744222366,UNLOADING,0.0030219506062112407,0.04070693375461984,0.01677819711236765,0.0,0.0,0.009990012045037577,0,ok,0.0,0.14846468437289528,FLAT,0.0,-1,0.11002670931391967,0.05921070366231758,0.5523152735413732,UNLOADING,0.08800340065923667,0.02650413418985164,0.02611162948721702,0.0,0.0,0.6115626666843891,1,staged_v3,0.5084869184489302,2,1.0675312540655972,0.479357893509423,2,0,1,1
v3_pelvis_proxy:v3_left_hand_proxy,99,0.0,0.0,0.0,0.0,0.00015220454477241963,FLAT,0.0,1,0.2584281050268227,0.004864522117491346,0.3158875732116954,LOADING,0.0026051183796799876,0.03592985654309343,0.01677819711236765,0.0,0.0,0.009990012045037577,0,ok,0.0,0.1518899457616218,FLAT,0.0,-1,0.10925491015364606,0.05921070366231758,0.665229615406131,UNLOADING,0.08269552278771145,0.03214985128308953,0.02611162948721702,0.0,0.0,0.6115626666843891,1,staged_v3,0.5087738789549666,2,1.0671908883430246,0.48295804559054967,2,0,1,1
v3_pelvis_proxy:v3_left_hand_proxy,100,0.0,0.0,0.0,0.0,0.0008297601663053292,FLAT,0.0,1,0.14876936514775263,0.004864522117491346,0.24685541372369973,LOADING,0.0023222342364629294,0.03247824856869364,0.01677819711236765,0.0,0.0,0.009990012045037577,0,ok,0.0,0.1745241731802876,FLAT,0.0,-1,0.08935194196290626,0.05921070366231758,0.7601265375856636,UNLOADING,0.07686240777457479,0.036894697392066154,0.02611162948721702,0.0,0.0,0.6115626666843891,1,staged_v3,0.5101156432674604,2,1.071266797583518,0.4854143330181782,2,0,1,1
v3_pelvis_proxy:v3_left_hand_proxy,101,0.0,0.0,0.0,0.0,0.01811261124568023,FLAT,0.0,1,0.1301760409718969,0.004864522117491346,0.1950597366417574,LOADING,0.0047737014024110055,0.029888464714596524,0.01677819711236765,0.0,0.0,0.009990012045037577,0,ok,0.0,0.1657367581387626,FLAT,0.0,-1,0.10281894826588123,0.05921070366231758,0.8281231536043829,UNLOADING,0.06995153685259606,0.04029452819300213,0.02611162948721702,0.0,0.0,0.6115626666843891,1,staged_v3,0.5114026606928087,2,1.073984622272086,0.48751778559630554,2,0,1,1
v3_pelvis_proxy:v3_left_hand_proxy,102,0.0,0.0,0.0,0.0,0.0665200483324454,FLAT,0.0,1,0.10296824431678354,0.004864522117491346,0.15696937232554337,LOADING,0.015034648741656132,0.027983946498785828,0.01677819711236765,0.0,0.0,0.009990012045037577,0,ok,0.0,0.13281363089653472,FLAT,0.0,-1,0.13656794263626648,0.05921070366231758,0.8768448579948587,UNLOADING,0.062295128955551074,0.042730613412525924,0.02611162948721702,0.0,0.0,0.6115626666843891,1,staged_v3,0.5121469572714346,2,1.0742862612195059,0.48876063072158116,2,0,1,1
v3_pelvis_proxy:v3_left_hand_proxy,103,0.0,0.0,0.0,0.0,0.11132674405045445,FLAT,0.0,1,0.09266409514047234,0.004864522117491346,0.12867835997008215,LOADING,0.03142799923437148,0.026569395881012765,0.01677819711236765,0.0,0.0,0.009990012045037577,0,ok,0.0,0.10343535974477777,FLAT,0.0,-1,0.3190158702087072,0.05921070366231758,0.911755484695155,UNLOADING,0.05469976813133809,0.04447614474754074,0.02611162948721702,0.0,0.0,0.6115626666843891,1,staged_v3,0.512700910994046,2,1.0714109241264889,0.4899396467819047,2,0,1,1
v3_pelvis_proxy:v3_left_hand_proxy,104,0.0,0.0,0.0,0.0,0.1486960354366844,FLAT,0.0,1,0.0815991996463647,0.004864522117491346,0.10767084796583871,LOADING,0.05167956082990882,0.02551902028080059,0.01677819711236765,0.0,0.0,0.009990012045037577,0,ok,0.0,0.0805555391665054,FLAT,0.0,-1,0.39556220890634974,0.05921070366231758,0.9367700417976706,UNLOADING,0.047613161737498966,0.04572687260266652,0.02611162948721702,0.0,0.0,0.6115626666843891,1,staged_v3,0.5130475002132128,2,1.0668728906401876,0.49468791495671655,2,0,1,1
v3_pelvis_proxy:v3_left_hand_proxy,105,0.0,0.20000000000000018,0.0,0.0,0.17752886418470118,FLAT,0.0,1,0.08842025216090417,0.005864522117491347,0.09169171278753933,LOADING,0.07359383637560296,0.02372006352188562,0.017778197112367652,0.0,0.0,0.009990012045037543,0,ok,0.0,0.06273671698361363,FLAT,0.0,-1,0.8749629248984093,0.06021070366231758,0.9394807968993484,UNLOADING,0.041353678077427604,0.0448624103577504,0.027111629487217022,2.500000000000002,0.0010000000000000009,0.6125626666843891,1,staged_v3,0.5134741912463107,2,1.0612040934542615,0.5006205213122228,2,0,1,1
v3_pelvis_proxy:v3_left_hand_proxy,106,0.0,0.40000000000000036,0.0,0.0,0.1996899684492675,FLAT,0.0,1,0.08236211740012875,0.007864522117491349,0.0804431351444773,LOADING,0.0956003253665437,0.02115763463973252,0.019778197112367654,0.0,0.0,0.009990012045037508,0,ok,0.0,0.0488594043141674,FLAT,0.0,-1,0.967151651667344,0.06221070366231758,0.8852882197767336,UNLOADING,0.036246688244870304,0.040152781501619654,0.029111629487217024,2.500000000000002,0.0020000000000000018,0.6145626666843891,1,staged_v3,0.5137744684657642,2,1.0574949515017877,0.5153357694730343,2,1,1,1
v3_pelvis_proxy:v3_left_hand_proxy,107,0.0,0.6000000000000005,0.0,0.0,0.21713226527543616,FLAT,0.0,1,0.08205135637108739,0.010864522117491351,0.0722737969762331,LOADING,0.1167681186968209,0.017749167731320306,0.022778197112367657,0.0,0.0,0.009990012045037557,0,ok,0.0,0.03805174234027595,FLAT,0.0,-1,1.3046347587786102,0.06521070366231758,0.7815170688144978,UNLOADING,0.032256255096062975,0.03196422395350786,0.032111629487217026,2.500000000000002,0.0030000000000000027,0.6175626666843891,1,staged_v3,0.5292955258771093,2,1.058534698661739,0.5306908320145917,2,1,1,1
v3_pelvis_proxy:v3_left_hand_proxy,108,0.0,0.8000000000000007,0.0,0.0,0.23321365959067045,FLAT,0.0,1,0.08388726070823584,0.014864522117491355,0.06563604167298909,LOADING,0.1369957825796701,0.013417279966158102,0.02677819711236766,0.0,0.0,0.009990012045037536,0,ok,0.0,0.029634726731838243,AIR,0.0,-1,1.6075600244766077,0.06921070366231759,0.6774184780300113,UNLOADING,0.02901387797552842,0.022759294414283537,0.03611162948721703,2.500000000000002,0.0040000000000000036,0.6215626666843891,1,staged_v3,0.5436072624090396,2,1.0607574337637162,0.5450815735051849,2,1,1,1
v3_pelvis_proxy:v3_left_hand_proxy,109,0.0,1.0000000000000009,0.0,0.0,0.24464322646755632,FLAT,0.0,1,0.08177309453033167,0.019864522117491366,0.060507061491880496,LOADING,0.15556474280775845,0.008160830957102662,0.03177819711236767,0.0,0.0,0.009990012045037543,0,ok,0.0,0.02307954838486272,AIR,0.0,-1,1.7477787193489118,0.07421070366231759,0.5846055911689194,UNLOADING,0.02623862617294127,0.013118650071228942,0.041111629487217034,2.500000000000002,0.0050000000000000044,0.6265626666843891,1,staged_v3,0.5579003651816513,2,1.063839491655899,0.5594425991706328,2,1,1,1
v3_pelvis_proxy:v3_left_hand_proxy,110,0.0,0.8000000000000007,0.0,0.0,0.25630012339907415,FLAT,0.0,1,0.08542219143661865,0.02386452211749137,0.057450523856125785,SUPPORT,0.21445179424620675,0.00400800407531492,0.035778197112367675,0.0,0.0,0.009990012045037522,0,ok,0.0,0.017974370355065463,AIR,0.0,-1,1.9645149331910816,0.0782107036623176,0.5181022517082045,UNLOADING,0.023727652234102354,0.005793483098193185,0.04511162948721704,-2.500000000000002,0.0040000000000000036,0.6305626666843891,1,staged_v3,0.5720528344299279,2,1.0659771272340595,0.5736517902248166,2,1,1,1
v3_pelvis_proxy:v3_left_hand_proxy,111,0.0,0.6000000000000005,0.0,0.0,0.2668608050619532,FLAT,0.0,1,0.08163091740929762,0.026864522117491373,0.055446668217761785,SUPPORT,0.2615614353969654,0.0009078112933967181,0.038778197112367685,0.0,0.0,0.009990012045037536,0,ok,0.0,0.013998453707740428,AIR,0.0,-1,2.0923980562760507,0.0812107036623176,0.4704505267268847,UNLOADING,0.021396969598883736,0.0004108968491272,0.04811162948721704,-2.500000000000002,0.0030000000000000027,0.6335626666843891,1,staged_v3,0.5863651397206614,2,1.0680463194406886,0.5880193845836581,2,1,1,1
v3_pelvis_proxy:v3_left_hand_proxy,112,0.0,0.40000000000000036,0.0,0.0,0.2766858740182319,FLAT,0.0,1,0.08126331561307495,0.028864522117491374,0.05401084291100415,SUPPORT,0.2992491483175723,0.0,0.04077819711236769,0.0,0.0,0.009990012045037557,0,ok,0.0,0.010902006709377056,AIR,0.0,-1,2.36377115137245,0.0832107036623176,0.45452956095231717,UNLOADING,0.01918979142565244,0.0,0.05011162948721704,-2.500000000000002,0.0020000000000000018,0.6355626666843891,1,staged_v3,0.6006822732903248,2,1.0700104712126564,0.6024073270607021,2,1,1,1
v3_pelvis_proxy:v3_left_hand_proxy,113,0.0,0.20000000000000018,0.0,0.0,0.2731441944941851,FLAT,0.0,1,0.09289307153478257,0.029864522117491375,0.05357452281042317,SUPPORT,0.32939931865405786,0.0,0.04177819711236769,0.0,0.0,0.009990012045037529,0,ok,0.0,0.008490491362312561,AIR,0.0,-1,2.5248618811437433,0.0842107036623176,0.46134467765766507,UNLOADING,0.017101742416503706,0.0,0.05111162948721704,-2.500000000000002,0.0010000000000000009,0.6365626666843891,1,staged_v3,0.6150451888974922,2,1.071373132389029,0.6168561237734831,2,1,1,1
v3_pelvis_proxy:v3_left_hand_proxy,114,0.0,0.0,0.0,0.028044502995195963,0.2654572130009078,FLAT,0.0,1,0.09508480501558812,0.029864522117491375,0.05345504028650192,SUPPORT,0.35351945492324627,0.0,0.04177819711236769,0.0,0.0,0.009990012045037522,0,ok,0.0,0.006612401321630022,AIR,0.0,-1,2.629148145502683,0.0842107036623176,0.4844509093396606,UNLOADING,0.015145638855352831,0.0,0.05111162948721704,-2.500000000000002,0.0,0.6365626666843891,1,staged_v3,0.6294794576513943,2,1.0724507651827828,0.6313896704680899,2,1,1,1
v3_pelvis_proxy:v3_left_hand_proxy,115,0.0,0.20000000000000018,0.0,0.04403422167158574,0.26217388366675926,FLAT,0.0,1,0.09126399364028655,0.028864522117491374,0.054133077145045755,SUPPORT,0.372815563938597,0.0,0.04077819711236769,0.0,0.0,0.009990012045037591,0,ok,0.0,0.0051497433272678535,AIR,0.0,-1,2.723219482959343,0.0832107036623176,0.5350334022578359,UNLOADING,0.013324041680891734,0.0016400406256747574,0.05011162948721704,-2.500000000000002,-0.0010000000000000009,0.6355626666843891,1,staged_v3,0.6281310285889105,2,1.0727080668827156,0.6291292593015573,2,1,1,1
v3_pelvis_proxy:v3_left_hand_proxy,116,0.0,0.40000000000000036,0.0,0.052694083065288035,0.2612702724363419,FLAT,0.0,1,0.0919190036711367,0.026864522117491373,0.054618911783915494,SUPPORT,0.3882524511508776,0.0008664234717044028,0.038778197112367685,0.0,0.0,0.009990012045037591,0,ok,0.0,0.004010624135892946,AIR,0.0,-1,2.7610238181338795,0.0812107036623176,0.6164334461380858,UNLOADING,0.011640370194855754,0.007710042819687256,0.04811162948721704,-2.500000000000002,-0.0020000000000000018,0.6335626666843891,1,staged_v3,0.629241013951612,2,1.0739501869908519,0.6302895716920047,2,1,1,1
v3_pelvis_proxy:v3_left_hand_proxy,117,0.0,0.6000000000000005,0.0,0.05510422577055475,0.2511159138281166,FLAT,0.0,1,0.09944886551605497,0.02386452211749137,0.055787539852525804,SUPPORT,0.40060196092070205,0.003924854875134921,0.035778197112367675,0.0,0.0,0.009990012045037494,0,ok,0.0,0.003123477217638503,AIR,0.0,-1,2.794904280417012,0.0782107036623176,0.7189114813026245,UNLOADING,0.010102884964775075,0.01583394457791419,0.04511162948721704,-2.500000000000002,-0.0030000000000000027,0.6305626666843891,1,staged_v3,0.6366036401490963,2,1.0785371226219715,0.6369191881967438,2,0,1,1
v3_pelvis_proxy:v3_left_hand_proxy,118,0.0,0.8000000000000007,0.0,0.054127905128652426,0.23874544548868532,FLAT,0.0,1,0.10076293854456785,0.019864522117491366,0.05693549661827031,LOADING,0.352920585855025,0.00798225271342215,0.03177819711236767,0.0,0.0,0.009990012045037584,0,ok,0.0,0.002432566503002559,FLAT,0.0,-1,2.815246392982453,0.07421070366231759,0.7985912753105244,UNLOADING,0.008729607129391791,0.023817934278309187,0.041111629487217034,-2.500000000000002,-0.0040000000000000036,0.6265626666843891,1,staged_v3,0.6548485486291727,2,1.0789901388664835,0.6429111017725134,2,0,1,1
v3_pelvis_proxy:v3_left_hand_proxy,119,0.0,1.0000000000000009,0.0,0.05128396155091371,0.2302596347673601,FLAT,0.0,1,0.10068564663192575,0.014864522117491355,0.05783814781735541,LOADING,0.3121035899425905,0.013027385273376418,0.02677819711236766,0.0,0.0,0.009990012045037591,0,ok,0.0,0.001894484697411662,FLAT,0.0,-1,2.813141907088608,0.06921070366231759,0.8556843425372546,UNLOADING,0.007521578083001546,0.03167258763964569,0.03611162948721703,-2.500000000000002,-0.0050000000000000044,0.6215626666843891,1,staged_v3,0.68888381361042,2,1.0791503277963155,0.6557446411447919,2,0,1,1
v3_pelvis_proxy:v3_left_hand_proxy,120,0.0,1.0000000000000009,0.0,0.0472684059526334,0.21545849535470774,FLAT,0.0,1,0.10494324988282813,0.00986452211749135,0.05821655554396274,LOADING,0.27764087177957586,0.018046305659706788,0.021778197112367656,0.0,0.0,0.009990012045037543,0,ok,0.0,0.001475426165860996,FLAT,0.0,-1,2.7577292948150958,0.06421070366231758,0.8627727882491337,UNLOADING,0.006475991016699236,0.037027009925239655,0.031111629487217025,0.0,-0.0050000000000000044,0.6165626666843891,1,staged_v3,0.7246587585685608,2,1.079036409857882,0.686788369009365,2,0,1,1
v3_pelvis_proxy:v3_left_hand_proxy,121,0.0,1.0000000000000009,0.0,0.04278010081082621,0.20675219415672894,FLAT,0.0,1,0.10630604229541307,0.004864522117491346,0.05916141484738231,LOADING,0.24934707057180128,0.023093548624877773,0.01677819711236765,0.0,0.0,0.009990012045037536,0,ok,0.0,0.0011490630533365841,FLAT,0.0,-1,2.6578484532267472,0.05921070366231758,0.8224493533682453,UNLOADING,0.005579994712619427,0.04001083818119524,0.02611162948721702,0.0,-0.0050000000000000044,0.6115626666843891,1,staged_v3,0.7642373136598287,2,1.0789741911397162,0.7207906193250547,2,0,1,1
v3_pelvis_proxy:v3_left_hand_proxy,122,0.0,0.0,0.0,0.04278010081082621,0.1969581146275622,FLAT,0.0,1,0.11169393772432656,0.004864522117491346,0.058713487114093896,LOADING,0.2264631531967296,0.02307115223821335,0.01677819711236765,0.0,0.0,0.009990012045037536,0,ok,0.0,0.0008948912057369512,FLAT,0.0,-1,2.4994234464814093,0.05921070366231758,0.7431937158808859,UNLOADING,0.004815683137278963,0.036048056306827274,0.02611162948721702,12.50000000000001,0.0,0.6115626666843891,1,staged_v3,0.8247489052123508,2,1.077366732978969,0.7693973464586878,2,0,1,1
v3_pelvis_proxy:v3_left_hand_proxy,123,0.0,0.0,0.0,0.04278010081082621,0.2122967974685755,FLAT,0.0,1,0.09013500956086858,0.004864522117491346,0.06256690065656631,LOADING,0.20778410127109892,0.02326382291533697,0.01677819711236765,0.0,0.0,0.009990012045037536,0,ok,0.0,0.0006969419717916513,AIR,0.0,-1,2.0874956649073333,0.05921070366231758,0.6748029423171713,UNLOADING,0.004160106043182299,0.032628517628641544,0.02611162948721702,0.0,0.0,0.6115626666843891,1,staged_v3,0.8317956791801726,2,1.080822282633113,0.7793531449168827,2,0,1,1
v3_pelvis_proxy:v3_left_hand_proxy,124,0.0,0.0,0.0,0.04278010081082621,0.24084377118369532,FLAT,0.0,1,0.08008295568967164,0.004864522117491346,0.07073257307031407,LOADING,0.19347691875437167,0.02367210653602436,0.01677819711236765,0.0,0.0,0.009990012045037536,0,ok,0.0,0.0005427789533866671,AIR,0.0,-1,1.8551470645219814,0.05921070366231758,0.6229550832618165,UNLOADING,0.0035950411863401015,0.030036124675873806,0.02611162948721702,0.0,0.0,0.6115626666843891,1,staged_v3,0.859453812175728,2,1.0821384116875263,0.8035046842756964,2,0,1,1
v3_pelvis_proxy:v3_left_hand_proxy,125,0.0,0.0,0.0,0.04278010081082621,0.24775433383173964,FLAT,0.0,1,0.09200643212976192,0.004864522117491346,0.08381073579457017,LOADING,0.18143220362577145,0.024326014672237165,0.01677819711236765,0.0,0.0,0.009990012045037536,0,ok,0.0,0.0004227166739322139,AIR,0.0,-1,1.291928959631628,0.05921070366231758,0.5762877866378481,UNLOADING,0.003107051047939645,0.027702759844675386,0.02611162948721702,0.0,0.0,0.6115626666843891,1,staged_v3,0.8758170281559108,2,1.0819169374721616,0.8184458494788275,2,0,1,1
v3_pelvis_proxy:v3_left_hand_proxy,126,0.0,0.0,0.0,0.04278010081082621,0.25765882027881554,FLAT,0.0,1,0.09162394469172871,0.004864522117491346,0.1268099397518037,SUPPORT,0.23514576290061717,0.02647597487009884,0.01677819711236765,0.0,0.0,0.009990012045037536,0,ok,0.0,0.0003292120766757479,AIR,0.0,-1,1.128692015473358,0.05921070366231758,0.5474043688776677,UNLOADING,0.002684472319322003,0.02625858895666637,0.02611162948721702,0.0,0.0,0.6115626666843891,1,staged_v3,0.8865357526256425,2,1.081302992495196,0.8288920982408572,2,0,1,1
v3_pelvis_proxy:v3_left_hand_proxy,127,0.0,0.0,0.0,0.04278010081082621,0.2694317841117423,FLAT,0.0,1,0.08710016130918981,0.004864522117491346,0.19424470601344995,SUPPORT,0.27811661032049373,0.029847713183181156,0.01677819711236765,0.0,0.0,0.009990012045037536,0,ok,0.0,0.00025639062311163586,AIR,0.0,-1,0.8134608105034541,0.05921070366231758,0.5264171456471379,UNLOADING,0.002318322302722077,0.02520922779513988,0.02611162948721702,0.0,0.0,0.6115626666843891,1,staged_v3,0.8861312869196407,2,1.0798752991923914,0.8304248566771074,2,0,1,1
v3_pelvis_proxy:v3_left_hand_proxy,128,0.0,0.0,0.0,0.04278010081082621,0.2905797408955398,FLAT,0.0,1,0.07784704636412945,0.004864522117491346,0.29417651914158,SUPPORT,0.312493288256395,0.034844303839587656,0.01677819711236765,0.0,0.0,0.009990012045037536,0,ok,0.0,0.00019967721805150745,AIR,0.0,-1,0.722337336664005,0.05921070366231758,0.5080780804934903,UNLOADING,0.0020011656309597255,0.024292274537457498,0.02611162948721702,0.0,0.0,0.6115626666843891,1,staged_v3,0.877948856769243,2,1.078841934575041,0.8259354737747117,2,0,1,1
v3_pelvis_proxy:v3_left_hand_proxy,129,0.0,0.13240261583293833,0.0,0.043133648600607026,0.324258648736096,FLAT,0.0,1,0.07136542891617506,0.0042025090383266545,0.4039327642529944,SUPPORT,0.339994630605116,0.04099412917432307,0.01611618403320296,0.0,0.0,0.009990012045037563,0,ok,0.0,0.00015550877378003367,AIR,0.0,-1,0.6529327587838372,0.05854869058315289,0.48359689290807606,UNLOADING,0.001726756999959774,0.023730228237351478,0.02544961640805233,-1.6550326979117291,-0.0006620130791646917,0.6109006536052244,1,staged_v3,0.8674296455448245,2,1.0780408933156183,0.8198286349439455,2,0,1,1
v3_pelvis_proxy:v3_left_hand_proxy,130,0.0,0.0,0.0,0.043133648600607026,0.35328558222822115,FLAT,0.0,1,0.07074537499244167,0.0042025090383266545,0.5288540656919767,UNLOADING,0.30272139094565625,0.04724019424627218,0.01611618403320296,0.0,0.0,0.009990012045037563,0,ok,0.0,0.00012111035479436419,AIR,0.0,-1,0.4508005557518458,0.05854869058315289,0.44714847313252293,UNLOADING,0.0014896425777608815,0.021907807248573823,0.02544961640805233,1.6550326979117291,0.0,0.6109006536052244,1,staged_v3,0.8615463504776164,2,1.0766743215654417,0.8166306511429615,2,0,1,1
v3_pelvis_proxy:v3_left_hand_proxy,131,0.0,0.0,0.0,0.043133648600607026,0.3616636284410078,FLAT,0.0,1,0.07565816634561527,0.0042025090383266545,0.6442120488551495,UNLOADING,0.26820909320684355,0.05300809340443082,0.01611618403320296,0.0,0.0,0.009990012045037563,0,ok,0.0,9.432083915190651e-05,AIR,0.0,-1,0.361553929362897,0.05854869058315289,0.3702416472570484,UNLOADING,0.0012853221146941324,0.018062465954800093,0.02544961640805233,0.0,0.0,0.6109006536052244,1,staged_v3,0.851889588110201,2,1.0749710543958384,0.8113213539993723,2,0,1,1
v3_pelvis_proxy:v3_left_hand_proxy,132,0.0,0.0,0.0,0.043133648600607026,0.34007116095814366,FLAT,0.0,1,0.08448094831480664,0.0042025090383266545,0.7450667930798169,UNLOADING,0.23577780021326528,0.0580508306156642,0.01611618403320296,0.0,0.0,0.009990012045037563,0,ok,0.0,7.345714339145681e-05,AIR,0.0,-1,0.24792912096611633,0.05854869058315289,0.2989004408316006,UNLOADED,0.0011090619227163306,0.014495405633527705,0.02544961640805233,0.0,0.0,0.6109006536052244,1,staged_v3,0.8483834702267778,2,1.0705959913453291,0.8102548715627645,2,0,1,1
v3_pelvis_proxy:v3_left_hand_proxy,133,0.0,0.0,0.0,0.043133648600607026,0.29061714022193613,FLAT,0.0,1,0.11250470457023665,0.0042025090383266545,0.8173323751367022,UNLOADING,0.20569839445485236,0.061664109718508456,0.01611618403320296,0.0,0.0,0.009990012045037563,0,ok,0.0,5.720848079545504e-05,FLAT,0.0,-1,0.17842379319158436,0.05854869058315289,0.24074763331267063,UNLOADED,0.0009568296015337885,0.011587765257581206,0.02544961640805233,0.0,0.0,0.6109006536052244,1,staged_v3,0.8471917532799277,2,1.0687242561457122,0.8107865519558074,2,0,1,1
v3_pelvis_proxy:v3_left_hand_proxy,134,0.0,0.0,0.0,0.043133648600607026,0.22849165401350588,FLAT,0.0,1,0.1189174574850891,0.0042025090383266545,0.8691129273573,UNLOADING,0.17834276483414008,0.06425313732953834,0.01611618403320296,0.0,0.0,0.009990012045037563,0,ok,0.0,4.455400964182582e-05,FLAT,0.0,-1,0.15877915689340408,0.05854869058315289,0.18922922837189182,UNLOADED,0.0008253000997113086,0.009011845010542266,0.02544961640805233,0.0,0.0,0.6109006536052244,1,staged_v3,0.8471091959664623,2,1.0681330053457874,0.8120612818251641,2,0,1,1
v3_pelvis_proxy:v3_left_hand_proxy,135,0.0,0.0,0.0,0.043133648600607026,0.1779494790709989,FLAT,0.0,1,0.24826872565947566,0.0042025090383266545,0.9062153143021594,UNLOADING,0.15399795759970564,0.06610825667678132,0.01611618403320296,0.0,0.0,0.009990012045037563,0,ok,0.0,0.026014496948134336,FLAT,0.0,-1,0.10828899002072098,0.05854869058315289,0.15211417498287547,UNLOADED,0.005071704721223917,0.007156092341091443,0.02544961640805233,0.0,0.0,0.6109006536052244,1,staged_v3,0.8476393414943109,2,1.0678924391290783,0.8136080702438365,2,0,1,1
v3_pelvis_proxy:v3_left_hand_proxy,136,0.0,0.0,0.0,0.043133648600607026,0.13858719364764252,FLAT,0.0,1,0.33664892610748265,0.0042025090383266545,0.9328003362451753,UNLOADING,0.1326303528561153,0.0674375077739321,0.01611618403320296,0.0,0.0,0.009990012045037563,0,ok,0.0,0.05485204046756928,FLAT,0.0,-1,0.10335315369044529,0.05854869058315289,0.12486843638559086,LOADING,0.013657914165344084,0.005793805411227215,0.02544961640805233,0.0,0.0,0.6109006536052244,1,staged_v3,0.8481047219622855,2,1.067273209458345,0.8151325285124179,2,0,1,1
v3_pelvis_proxy:v3_left_hand_proxy,137,0.0,0.0,0.0,0.043133648600607026,0.10793181493645242,FLAT,0.0,1,0.515864263351422,0.0042025090383266545,0.9518493368596375,UNLOADING,0.11403589555131569,0.06838995780465522,0.01611618403320296,0.0,0.0,0.009990012045037563,0,ok,0.0,0.07809521336941805,FLAT,0.0,-1,0.09598342516375445,0.05854869058315289,0.10434505520582515,LOADING,0.024915604136090355,0.004767636352238931,0.02544961640805233,0.0,0.0,0.6109006536052244,1,staged_v3,0.8485064981317758,2,1.0659196575924805,0.8167107764828544,2,0,1,1
v3_pelvis_proxy:v3_left_hand_proxy,138,0.0,0.0,0.0,0.043133648600607026,0.0840573819908271,FLAT,0.0,1,0.8182632794102304,0.0042025090383266545,0.9444236472026505,UNLOADING,0.09806212970621977,0.06801867332180588,0.01611618403320296,0.0,0.0,0.009990012045037563,0,ok,0.0,0.10682437596714808,FLAT,0.0,-1,0.08053997960183495,0.05854869058315289,0.0894058785445887,LOADING,0.03938721306563783,0.004020677519177108,0.02544961640805233,0.0,0.0,0.6109006536052244,1,staged_v3,0.8491176132658612,2,1.0638876182964951,0.8182954486226699,2,0,1,1
v3_pelvis_proxy:v3_left_hand_proxy,139,0.0,0.0,0.0,0.043133648600607026,0.06546395491738835,FLAT,0.0,1,0.9640520343380669,0.0042025090383266545,0.8839129222971808,UNLOADING,0.08456905731685939,0.06499313707653238,0.01611618403320296,0.0,0.0,0.009990012045037563,0,ok,0.0,0.13203692849357904,FLAT,0.0,-1,0.0709582894513083,0.05854869058315289,0.07851807611332928,LOADING,0.055843699030980264,0.0034762873976141376,0.02544961640805233,0.0,0.0,0.6109006536052244,1,staged_v3,0.8497711872911122,2,1.0615076778403991,0.8198312359780039,2,0,1,1
v3_pelvis_proxy:v3_left_hand_proxy,140,0.0,0.0,0.0,0.043133648600607026,0.05098337935261319,AIR,0.0,1,1.5505321309375755,0.0042025090383266545,0.7761611169615423,UNLOADING,0.07326233601941776,0.059605546809750456,0.01611618403320296,0.0,0.0,0.009990012045037563,0,ok,0.0,0.16114387974052402,FLAT,0.0,-1,0.06646877271590712,0.05854869058315289,0.07212177238741732,LOADING,0.07457933872963474,0.0031564722113185395,0.02544961640805233,0.0,0.0,0.6109006536052244,1,staged_v3,0.8515864775995547,2,1.059468286217126,0.8216867363212964,2,0,1,1
v3_pelvis_proxy:v3_left_hand_proxy,141,0.0,0.0,0.0,0.043133648600607026,0.03970589576344165,AIR,0.0,1,1.647640828237084,0.0042025090383266545,0.6735807708294431,UNLOADING,0.06367597611690154,0.05447652950314551,0.01611618403320296,0.0,0.0,0.009990012045037563,0,ok,0.0,0.17864795855880514,FLAT,0.0,-1,0.07180301819548626,0.05854869058315289,0.06778618865480218,LOADING,0.09297108985113633,0.0029396930246877798,0.02544961640805233,0.0,0.0,0.6109006536052244,1,staged_v3,0.8532747742764298,2,1.0574696910625534,0.8234395500401523,2,0,1,1
v3_pelvis_proxy:v3_left_hand_proxy,142,0.0,0.0,0.0,0.043133648600607026,0.030922982713119933,AIR,0.0,1,1.8430929636263798,0.0042025090383266545,0.5818557537988979,UNLOADING,0.055457026029319956,0.04989027865161824,0.01611618403320296,0.0,0.0,0.009990012045037563,0,ok,0.0,0.19127303142711166,FLAT,0.0,-1,0.07427678870395649,0.05854869058315289,0.06524187541170584,LOADING,0.11013567590913402,0.0028124773625329627,0.02544961640805233,0.0,0.0,0.6109006536052244,1,staged_v3,0.8546680907984202,2,1.0555456637917364,0.8249479148770227,2,0,1,1
v3_pelvis_proxy:v3_left_hand_proxy,143,0.0,0.0,0.0,0.043133648600607026,0.02408284315188132,AIR,0.0,1,2.0464439544632187,0.0042025090383266545,0.5161319071335981,UNLOADING,0.04832551404644132,0.046604086318353256,0.01611618403320296,0.0,0.0,0.009990012045037563,0,ok,0.0,0.19115217691078512,FLAT,0.0,-1,0.08503734954787666,0.05854869058315289,0.06546935041518405,LOADING,0.12383605433890475,0.002823851112706874,0.02544961640805233,0.0,0.0,0.6109006536052244,1,staged_v3,0.8558333506247089,2,1.0530291255916548,0.8262503776114583,2,0,1,1
v3_pelvis_proxy:v3_left_hand_proxy,144,0.0,0.0,0.0,0.043133648600607026,0.01875573710527099,AIR,0.0,1,2.1512812007172033,0.0042025090383266545,0.4690387131465601,UNLOADING,0.042097788686195625,0.04424942661900135,0.01611618403320296,0.0,0.0,0.009990012045037563,0,ok,0.0,0.18516497665514656,FLAT,0.0,-1,0.08797457428137524,0.05854869058315289,0.0659864550947036,LOADING,0.13365816271871978,0.002849706346682853,0.02544961640805233,0.0,0.0,0.6109006536052244,1,staged_v3,0.856854944240619,2,1.0501693368308591,0.8274194007980353,2,0,1,1
v3_pelvis_proxy:v3_left_hand_proxy,145,0.0,0.0,0.0,0.043133648600607026,0.014606982744666453,AIR,0.0,1,2.4938122849603257,0.0042025090383266545,0.43529496513992205,UNLOADING,0.03664367980270313,0.04256223921866945,0.01611618403320296,0.0,0.0,0.009990012045037563,0,ok,0.0,0.18845818611956877,FLAT,0.0,-1,0.08104753300979647,0.05854869058315289,0.06793418963891767,LOADING,0.14205761656791893,0.002947093073893556,0.02544961640805233,0.0,0.0,0.6109006536052244,1,staged_v3,0.8576854146765966,2,1.0488865978677053,0.8283811985200593,2,0,1,1
v3_pelvis_proxy:v3_left_hand_proxy,146,0.0,0.0,0.0,0.043133648600607026,0.011375929599856732,AIR,0.0,1,2.555986311920983,0.0042025090383266545,0.4293395003344533,UNLOADING,0.03184948686640493,0.04226446597839601,0.01611618403320296,0.0,0.0,0.009990012045037563,0,ok,0.0,0.18642241251508573,FLAT,0.0,-1,0.08358215300344483,0.05854869058315289,0.06943154895189889,LOADING,0.14834185638529784,0.003021961039542616,0.02544961640805233,0.0,0.0,0.6109006536052244,1,staged_v3,0.8584170348814834,2,1.0475540140176236,0.8346384983001764,2,0,1,1
v3_pelvis_proxy:v3_left_hand_proxy,147,0.0,0.0,0.0,0.0,0.008859582880533597,AIR,0.0,1,2.6837364150560234,0.0042025090383266545,0.4432952105097139,UNLOADING,0.027634322220013333,0.04296225148715904,0.01611618403320296,0.0,0.0,0.009990012045037563,0,ok,0.0,0.1780342265318598,FLAT,0.0,-1,0.09375762863223312,0.05854869058315289,0.07014584837312901,LOADING,0.151782658042704,0.003057676010604124,0.02544961640805233,0.0,0.0,0.6109006536052244,1,staged_v3,0.8590069264654029,2,1.0461295597259672,0.8411755048641166,2,0,1,1
v3_pelvis_proxy:v3_left_hand_proxy,148,0.0,0.0,0.0,0.0,0.006899850085045578,AIR,0.0,1,2.7240638552889798,0.0042025090383266545,0.4944221939079998,UNLOADING,0.024184906341205865,0.04551860065707334,0.01611618403320296,0.0,0.0,0.009990012045037563,0,ok,0.0,0.17224803838087258,FLAT,0.0,-1,0.09241188931098432,0.05854869058315289,0.07065766627356512,LOADING,0.15344160522789932,0.0030832669056259296,0.02544961640805233,0.0,0.0,0.6109006536052244,1,staged_v3,0.8595154558294695,2,1.045094158503117,0.8476609063257038,2,0,1,1
v3_pelvis_proxy:v3_left_hand_proxy,149,0.0,0.0,0.0,0.0,0.005373608649308796,AIR,0.0,1,2.7640303386981557,0.0042025090383266545,0.5749270110009583,UNLOADING,0.02105623056250114,0.04954384151172127,0.01611618403320296,0.0,0.0,0.009990012045037563,0,ok,0.0,0.16619760979130122,FLAT,0.0,-1,0.09092247936144883,0.05854869058315289,0.07102439982453974,LOADING,0.15363198904303965,0.0031016035831746593,0.02544961640805233,0.0,0.0,0.6109006536052244,1,staged_v3,0.8599620664584039,2,1.0441980340403851,0.8541264891345055,2,0,1,1
v3_pelvis_proxy:v3_left_hand_proxy,150,0.0,0.0,0.0,0.0,0.004184970624000965,FLAT,0.0,1,2.7506734308691208,0.0042025090383266545,0.6741333825883135,UNLOADING,0.01824301794231676,0.05450416009108902,0.01611618403320296,0.0,0.0,0.009990012045037563,0,ok,0.0,0.15362912628842645,FLAT,0.0,-1,0.10993470301415037,0.05854869058315289,0.07128717589645098,LOADING,0.15206703914258904,0.0031147423867702202,0.02544961640805233,0.0,0.0,0.6109006536052244,1,staged_v3,0.8596922776315026,2,1.0441849813915582,0.8605810249134991,2,0,1,1
v3_pelvis_proxy:v3_left_hand_proxy,151,0.0,0.0,0.0,0.0,0.0032592583991027774,FLAT,0.0,1,2.7792847844967636,0.0042025090383266545,0.7665063655537567,UNLOADING,0.015745589106158073,0.05912280923936118,0.01611618403320296,0.0,0.0,0.009990012045037563,0,ok,0.0,0.13958451094345625,FLAT,0.0,-1,0.1167247330291415,0.05854869058315289,0.07147546317964495,LOADING,0.14885855403237183,0.0031241567509299184,0.02544961640805233,0.0,0.0,0.6109006536052244,1,staged_v3,0.8627065943729273,2,1.038434599946952,0.8637458669234154,2,1,1,1
v3_pelvis_proxy:v3_left_hand_proxy,152,0.0,0.0,0.0,0.0,0.0025383129934532967,FLAT,0.0,1,2.8022526515883937,0.0042025090383266545,0.8289891250933731,UNLOADING,0.013558230537535106,0.06224694721634201,0.01611618403320296,0.0,0.0,0.009990012045037563,0,ok,0.0,0.118973832436071,FLAT,0.0,-1,0.13220430001894282,0.05854869058315289,0.07161037691343632,LOADING,0.1433721993781027,0.003130902437619487,0.02544961640805233,0.0,0.0,0.6109006536052244,1,staged_v3,0.8688636845490518,2,1.0376106786652264,0.869949554758039,2,1,1,1
v3_pelvis_proxy:v3_left_hand_proxy,153,0.0,0.0,0.0,0.0,0.0019768401469817494,FLAT,0.0,1,2.784320578928804,0.0042025090383266545,0.8312079280500195,UNLOADING,0.01166900830993337,0.062357887364174316,0.01611618403320296,0.0,0.0,0.009990012045037563,0,ok,0.0,0.09741280772023181,FLAT,0.0,-1,0.14144391951881757,0.05854869058315289,0.07170704682792424,LOADING,0.1358086884605734,0.0031357359333438854,0.02544961640805233,0.0,0.0,0.6109006536052244,1,staged_v3,0.8889042095548785,2,1.0428072586773955,0.8797392797904379,2,0,1,1
v3_pelvis_proxy:v3_left_hand_proxy,154,0.0,0.0,0.0,0.0,0.0015395646544763776,FLAT,0.0,1,2.706934447533906,0.0042025090383266545,0.7829917723776827,UNLOADING,0.010049735436654016,0.05994707958055749,0.01611618403320296,0.0,0.0,0.009990012045037563,0,ok,0.0,0.07951102087548839,FLAT,0.0,-1,0.14390280385986642,0.05854869058315289,0.07280706444619749,LOADING,0.12693916965969487,0.0031907368142575464,0.02544961640805233,0.0,0.0,0.6109006536052244,1,staged_v3,0.916359001321027,2,1.0427629880178828,0.8914751542265025,2,0,1,1
v3_pelvis_proxy:v3_left_hand_proxy,155,0.0,0.0,0.0,0.0,0.0011990141584952597,AIR,0.0,1,2.4184332015645325,0.0042025090383266545,0.7149211236616466,UNLOADING,0.008662889461277386,0.05654354714475568,0.01611618403320296,0.0,0.0,0.009990012045037563,0,ok,0.0,0.07201009630329704,FLAT,0.0,-1,0.13105353858870653,0.05854869058315289,0.07702476134362267,LOADING,0.11829979339705336,0.0034016216591288076,0.02544961640805233,0.0,0.0,0.6109006536052244,1,staged_v3,0.9408771144137426,2,1.0433239321900378,0.9132521313925457,2,0,1,1
v3_pelvis_proxy:v3_left_hand_proxy,156,0.0,0.0,0.0,0.0,0.0009337931655498098,AIR,0.0,1,2.112929674091362,0.0042025090383266545,0.6641684406123554,UNLOADING,0.007470133426085205,0.054005912992291114,0.01611618403320296,0.0,0.0,0.009990012045037563,0,ok,0.0,0.07160213355530824,FLAT,0.0,-1,0.12396370699227718,0.05854869058315289,0.08423522389462725,LOADING,0.11076706745518057,0.0037621447866790364,0.02544961640805233,0.0,0.0,0.6109006536052244,1,staged_v3,0.96405474085592,2,1.044265612191939,0.9337612156052103,2,0,1,1
v3_pelvis_proxy:v3_left_hand_proxy,157,0.0,0.0,0.0,0.0,0.0007272388485569178,AIR,0.0,1,1.6775110507533342,0.0042025090383266545,0.6223821281111268,UNLOADING,0.006442202706122601,0.051916597367229686,0.01611618403320296,0.0,0.0,0.009990012045037563,0,ok,0.0,0.0778444680977332,FLAT,0.0,-1,0.11363512387149903,0.05854869058315289,0.0942765632054563,LOADING,0.10501542341600079,0.004264211752220488,0.02544961640805233,0.0,0.0,0.6109006536052244,1,staged_v3,0.9841479665393337,2,1.046016263438394,0.9514908710886487,2,0,1,1
v3_pelvis_proxy:v3_left_hand_proxy,158,0.0,0.0,0.0,0.0,0.0005663741847360744,AIR,0.0,1,1.2509515659560806,0.0042025090383266545,0.5811188310563936,UNLOADING,0.005555779959613905,0.04985343251449303,0.01611618403320296,0.0,0.0,0.009990012045037563,0,ok,0.0,0.0820804904069124,FLAT,0.0,-1,0.11469283058380039,0.05854869058315289,0.10977616422790429,LOADING,0.10045179278687157,0.005039191803342887,0.02544961640805233,0.0,0.0,0.6109006536052244,1,staged_v3,0.9968647667924516,2,1.0473777586953443,0.9633184230772555,2,0,1,1
v3_pelvis_proxy:v3_left_hand_proxy,159,0.0,0.0,0.0,0.0,0.0004410926585838833,AIR,0.0,1,1.0539849485695159,0.0042025090383266545,0.5548488128105584,UNLOADING,0.004790147525473227,0.04853993160220127,0.01611618403320296,0.0,0.0,0.009990012045037563,0,ok,0.0,0.08555370466820807,FLAT,0.0,-1,0.11745338809905272,0.05854869058315289,0.14853222242643926,LOADING,0.0965081399283219,0.006976994713269638,0.02544961640805233,0.0,0.0,0.6109006536052244,1,staged_v3,1.0057264788293836,2,1.0485372802384636,0.9720493145445352,2,0,1,1
v3_pelvis_proxy:v3_left_hand_proxy,160,0.0,0.0,0.0,0.0,0.00034352330791217615,AIR,0.0,1,0.6196794704001471,0.0042025090383266545,0.5316722949743684,UNLOADING,0.0041288238050366695,0.047381105710391766,0.01611618403320296,0.0,0.0,0.009990012045037563,0,ok,0.0,0.09554922369302579,FLAT,0.0,-1,0.10640213213753429,0.05854869058315289,0.21320966803153196,LOADING,0.09346086357124236,0.010210866993524269,0.02544961640805233,0.0,0.0,0.6109006536052244,1,staged_v3,1.004500828659809,2,1.0514211610889883,0.9731634661084829,2,0,1,1
v3_pelvis_proxy:v3_left_hand_proxy,161,0.0,0.0,0.0,0.0,0.00026753622120528214,AIR,0.0,1,0.6147695789080035,0.0042025090383266545,0.5089589560808198,UNLOADING,0.0035577591565095503,0.04624543876571434,0.01611618403320296,0.0,0.0,0.009990012045037563,0,ok,0.0,0.10383385746970503,FLAT,0.0,-1,0.11021187442994175,0.05854869058315289,0.31902864276216836,LOADING,0.09021043775369125,0.015501815730056094,0.02544961640805233,0.0,0.0,0.6109006536052244,1,staged_v3,1.002388671819873,2,1.0541557622325481,0.9738469382910008,2,0,1,1
v3_pelvis_proxy:v3_left_hand_proxy,162,0.0,0.0,0.0,0.0,0.00020835741857463833,AIR,0.0,1,0.654437145352978,0.0042025090383266545,0.476361071469287,UNLOADING,0.003065094142067307,0.0446155445351377,0.01611618403320296,0.0,0.0,0.009990012045037563,0,ok,0.0,0.11139166027538908,FLAT,0.0,-1,0.11073000272623992,0.05854869058315289,0.431155305742197,LOADING,0.0863753116363386,0.02110814887905752,0.02544961640805233,0.0,0.0,0.6109006536052244,1,staged_v3,0.9989107275866687,2,1.0566705169875377,0.9740755295803619,2,0,1,1
v3_pelvis_proxy:v3_left_hand_proxy,163,0.0,0.0,0.0,0.0,0.0001622689207446648,AIR,0.0,1,0.43263114629954674,0.0042025090383266545,0.4271537935969802,UNLOADING,0.002640502855438505,0.042155180641522356,0.01611618403320296,0.0,0.0,0.009990012045037563,0,ok,0.0,0.1163996925447755,FLAT,0.0,-1,0.11150695000576624,0.05854869058315289,0.5473762577033701,UNLOADING,0.08156244775140357,0.02691919647711618,0.02544961640805233,0.0,0.0,0.6109006536052244,1,staged_v3,0.9977391253861311,2,1.0564058465063375,0.97569590995511,2,0,1,1
v3_pelvis_proxy:v3_left_hand_proxy,164,0.0,0.0,0.0,0.0,0.0001263751625440967,FLAT,0.0,1,0.3131072252476326,0.0042025090383266545,0.33134702816476425,LOADING,0.0022753597515189003,0.037364842369911555,0.01611618403320296,0.0,0.0,0.009990012045037563,0,ok,0.0,0.12022723029333626,FLAT,0.0,-1,0.10945380152579498,0.05854869058315289,0.6570223213373203,UNLOADING,0.0758014204094962,0.03240149965881369,0.02544961640805233,0.0,0.0,0.6109006536052244,1,staged_v3,0.997545341546949,2,1.0547856031770104,0.9778140965215174,2,0,1,1
v3_pelvis_proxy:v3_left_hand_proxy,165,0.0,0.0,0.0,0.0,9.842107555011858e-05,FLAT,0.0,1,0.1545180689692443,0.0042025090383266545,0.2568327618448926,LOADING,0.0019607574040008914,0.03363912905391798,0.01611618403320296,0.0,0.0,0.009990012045037563,0,ok,0.0,0.12941309474473128,FLAT,0.0,-1,0.10129347382720993,0.05854869058315289,0.7542457544102741,UNLOADING,0.06951604856077148,0.03726267131246138,0.02544961640805233,0.0,0.0,0.6109006536052244,1,staged_v3,0.9991501384146066,2,1.0547874451211405,0.9800176089544707,2,0,1,1
v3_pelvis_proxy:v3_left_hand_proxy,166,0.0,0.0,0.0,0.0,0.0158913144569131,FLAT,0.0,1,0.12826047734968682,0.0042025090383266545,0.20018980018233262,LOADING,0.004110613001430524,0.03080698097078998,0.01611618403320296,0.0,0.0,0.009990012045037563,0,ok,0.0,0.12041241652167586,FLAT,0.0,-1,0.11063963428196903,0.05854869058315289,0.8239093883285208,UNLOADING,0.06261425534896739,0.04074585300837371,0.02544961640805233,0.0,0.0,0.6109006536052244,1,staged_v3,1.0005888471261997,2,1.0540751743699681,0.9818975235936962,2,0,1,1
v3_pelvis_proxy:v3_left_hand_proxy,167,0.0,0.0,0.0,0.0,0.0717077927113464,FLAT,0.0,1,0.09203053403065349,0.0042025090383266545,0.15993090189180295,LOADING,0.015336390551214486,0.028794036056263496,0.01611618403320296,0.0,0.0,0.009990012045037563,0,ok,0.0,0.09691947579961029,FLAT,0.0,-1,0.13501009064210598,0.05854869058315289,0.8738255632392948,UNLOADING,0.05541632748056614,0.04324166175391241,0.02544961640805233,0.0,0.0,0.6109006536052244,1,staged_v3,1.0016824322640114,2,1.0519429491848387,0.9831713379551693,2,0,1,1
v3_pelvis_proxy:v3_left_hand_proxy,168,0.0,0.0,0.0,0.0,0.11205692697601682,FLAT,0.0,1,0.09019674038646024,0.0042025090383266545,0.13003105532419243,LOADING,0.031766321741959466,0.02729904372788297,0.01611618403320296,0.0,0.0,0.009990012045037563,0,ok,0.0,0.07548096364760656,FLAT,0.0,-1,0.3214291201801865,0.05854869058315289,0.9095920654669423,UNLOADING,0.048474577557620246,0.045029986865294795,0.02544961640805233,0.0,0.0,0.6109006536052244,1,staged_v3,1.0026404515028648,2,1.0474409488666812,0.9844414922395253,2,0,1,1
v3_pelvis_proxy:v3_left_hand_proxy,169,0.0,0.0,0.0,0.0,0.13957115212017854,FLAT,0.0,1,0.0857264726103435,0.0042025090383266545,0.10774250218729109,LOADING,0.05031973878508507,0.026184616071037902,0.01611618403320296,0.0,0.0,0.009990012045037563,0,ok,0.0,0.05878463359574024,FLAT,0.0,-1,0.3963540850956188,0.05854869058315289,0.9352198841827588,UNLOADING,0.0420936486740468,0.04631137780108562,0.02544961640805233,0.0,0.0,0.6109006536052244,1,staged_v3,1.0034351386287983,2,1.0416566341827826,0.9856157725789689,2,0,1,1
v3_pelvis_proxy:v3_left_hand_proxy,170,0.0,0.0606581507759163,0.0,0.0,0.16759681004481355,FLAT,0.0,1,0.08572923415638964,0.004505799792206236,0.09140489588796183,LOADING,0.07071131924237062,0.025064445002191856,0.01641947478708254,0.0,0.0,0.00999001204503755,0,ok,0.0,0.04578151867692811,FLAT,0.0,-1,0.7984486241307112,0.05885198133703247,0.9243521482368284,UNLOADING,0.0365750236546637,0.045464700249909513,0.02575290716193191,0.7582268846989537,0.0003032907538795815,0.611203944359104,1,staged_v3,1.0040284834874635,2,1.0388731885631075,0.9881049024882389,2,0,1,1
v3_pelvis_proxy:v3_left_hand_proxy,171,0.0,0.2606581507759165,0.0,0.0,0.1913716840348961,FLAT,0.0,1,0.07884157254072323,0.005809090546085818,0.07952887485549995,LOADING,0.09179947725877621,0.02316735319668918,0.017722765540962124,0.0,0.0,0.009990012045037584,0,ok,0.0,0.03565468259578976,FLAT,0.0,-1,0.8676867161621984,0.06015527209091205,0.866904544533156,UNLOADING,0.03202794544965637,0.04128902931084632,0.027056197915811493,2.500000000000002,0.0013032907538795824,0.6125072351129836,1,staged_v3,1.0107627558411505,2,1.037966381582895,1.0025011306148752,2,0,1,1
v3_pelvis_proxy:v3_left_hand_proxy,172,0.0,0.46065815077591665,0.0,0.0,0.21272905015172167,FLAT,0.0,1,0.07754618390870863,0.008112381299965402,0.07105510412805431,LOADING,0.11296229487544678,0.020440373906437315,0.020026056294841707,0.0,0.0,0.009990012045037591,0,ok,0.0,0.027767894725763454,FLAT,0.0,-1,1.1526651592249444,0.062458562844791635,0.7679641501916641,UNLOADING,0.02837297424971702,0.03403871883989213,0.029359488669691076,2.500000000000002,0.0023032907538795833,0.6148105258668631,1,staged_v3,1.0152093971309197,2,1.0388208935105645,1.0165980278763644,2,1,1,1
v3_pelvis_proxy:v3_left_hand_proxy,173,0.0,0.6606581507759168,0.0,0.0,0.22923610601126937,FLAT,0.0,1,0.07916490749810196,0.011415672053844986,0.06444191758055705,LOADING,0.13326257425259808,0.016806423825182867,0.02332934704872129,0.0,0.0,0.009990012045037584,0,ok,0.0,0.021625658156668913,AIR,0.0,-1,1.497384855757639,0.06576185359867122,0.6677073874870925,UNLOADING,0.02534627027778467,0.025722589950783963,0.03266277942357066,2.500000000000002,0.003303290753879584,0.6181138166207427,1,staged_v3,1.0293456651471826,2,1.0417837899081626,1.0307369678709823,2,1,1,1
v3_pelvis_proxy:v3_left_hand_proxy,174,0.0,0.7620482526129679,0.0,0.0,0.2396236199115638,FLAT,0.0,1,0.07705133638329192,0.015225913316909825,0.059186458400642024,LOADING,0.15169828870204982,0.012733409603122275,0.02713958831178613,0.0,0.0,0.009990012045037598,0,ok,0.0,0.016842079506848264,AIR,0.0,-1,1.6611251278718775,0.06957209486173606,0.577647290735101,UNLOADING,0.02274155993944003,0.017409343850119552,0.0364730206866355,1.2673762729631388,0.0038102412630648397,0.6219240578838076,1,staged_v3,1.0434535260878437,2,1.0450550272997396,1.0448524812858928,2,1,1,1
v3_pelvis_proxy:v3_left_hand_proxy,175,0.0,0.5620482526129678,0.0,0.0,0.24424998145434576,FLAT,0.0,1,0.08679160159036531,0.018036154579974664,0.05550264082220271,LOADING,0.16749732345421098,0.009738977461135473,0.02994982957485097,0.0,0.0,0.009990012045037598,0,ok,0.0,0.013116624708484289,AIR,0.0,-1,1.8528707152765704,0.0723823361248009,0.5131164115789943,UNLOADING,0.020405089848954092,0.01137255862924938,0.03928326194970034,-2.500000000000002,0.002810241263064839,0.6247342991468724,1,staged_v3,1.0573922649242269,2,1.0588074912287595,1.0588074912287595,2,1,1,1
v3_pelvis_proxy:v3_left_hand_proxy,176,0.0,0.3620482526129676,0.0,0.0,0.2513248236270987,FLAT,0.0,1,0.08331787573170682,0.01984639584303951,0.05369486381716729,SUPPORT,0.22399785876336878,0.007838347347818856,0.031760070837915814,0.0,0.0,0.009990012045037584,0,ok,0.0,0.010215237594221303,AIR,0.0,-1,1.9689327904292189,0.07419257738786574,0.4668780161647904,UNLOADING,0.018268072403614832,0.007250397595474349,0.04109350321276518,-2.500000000000002,0.001810241263064838,0.6265445404099372,1,staged_v3,1.0713968130060674,2,1.0728326445449188,1.0728326445449188,2,1,1,1
v3_pelvis_proxy:v3_left_hand_proxy,177,0.0,0.1620482526129674,0.0,0.0,0.25913375398046046,FLAT,0.0,1,0.08223753731938717,0.020656637106104346,0.0528696183705877,SUPPORT,0.26919828701069504,0.00698684381242504,0.03257031210098065,0.0,0.0,0.009990012045037584,0,ok,0.0,0.007955635037640005,AIR,0.0,-1,2.2110534378546056,0.07500281865093057,0.43374675809982177,UNLOADING,0.016301905507589615,0.004783593429161077,0.041903744475830014,-2.500000000000002,0.000810241263064837,0.6273547816730021,1,staged_v3,1.0853895147269295,2,1.086857133654839,1.086857133654839,2,1,1,1
v3_pelvis_proxy:v3_left_hand_proxy,178,0.0,0.037951747387032775,0.0,0.0,0.25745470887922906,FLAT,0.0,1,0.08943012203835501,0.020466878369169182,0.052278304169204974,SUPPORT,0.30535862960855603,0.00714703683929107,0.03238055336404549,0.0,0.0,0.009990012045037619,0,ok,0.0,0.006195854797144342,AIR,0.0,-1,2.343806124461624,0.07481305991399541,0.4282301615149706,UNLOADING,0.014479147991739657,0.004697522336853686,0.04171398573889485,-2.500000000000002,-0.00018975873693516387,0.6271650229360669,1,staged_v3,1.099414319589002,2,1.1009206088448316,1.1009206088448316,2,1,1,1
v3_pelvis_proxy:v3_left_hand_proxy,179,0.0,0.23795174738703295,0.0,0.0,0.25164134333619403,FLAT,0.0,1,0.0896583143411449,0.01927711963223401,0.051854609029527314,SUPPORT,0.3342869036868448,0.008315610819242356,0.031190794627110316,0.0,0.0,0.009990012045037647,0,ok,0.0,0.004825336567812734,AIR,0.0,-1,2.4279393366245143,0.07362330117706024,0.4425003345115196,UNLOADING,0.01279500163898041,0.006600789723616295,0.040524227001959685,-2.500000000000002,-0.0011897587369351648,0.6259752641991317,1,staged_v3,1.1134737671404629,2,1.1150238463573825,1.1150238463573825,2,1,1,1
v3_pelvis_proxy:v3_left_hand_proxy,180,0.0,0.43795174738703313,0.0,0.0,0.24957841557102203,FLAT,0.0,1,0.08960304709526583,0.017087360895298845,0.05169028895276152,LOADING,0.32034272246783607,0.010497153552339232,0.02900103589017515,0.0,0.0,0.009990012045037619,0,ok,0.0,0.003757975897595642,AIR,0.0,-1,2.525583538348022,0.07143354244012508,0.4745275421490669,UNLOADING,0.011249246095048088,0.010391908842428826,0.03833446826502452,-2.500000000000002,-0.0021897587369351657,0.6237855054621966,1,staged_v3,1.1275996105327053,2,1.1291957514539244,1.1291957514539244,2,1,1,1
v3_pelvis_proxy:v3_left_hand_proxy,181,0.0,0.30912762658650283,0.0,0.0,0.25134449864327,FLAT,0.0,1,0.08799632906803663,0.01554172276236633,0.051572548472802945,LOADING,0.3086340510158049,0.012036904661273818,0.027455397757242636,0.0,0.0,0.009990012045037654,0,ok,0.0,0.002926714571810952,AIR,0.0,-1,2.570923243655266,0.06988790430719256,0.5379939631661919,UNLOADING,0.009835376624364952,0.01511086802621759,0.036788830132092006,1.6103015100066287,-0.0015456381329325142,0.6222398673292641,1,staged_v3,1.1445188717003103,2,1.145150907119486,1.145150907119486,2,0,1,1
v3_pelvis_proxy:v3_left_hand_proxy,182,0.0,0.15393787854940388,0.0,0.0,0.2514408205194365,FLAT,0.0,1,0.08922990980249064,0.014772033369619311,0.05148818373239064,LOADING,0.29861412792136255,0.012802375817000222,0.026685708364495617,0.0,0.0,0.00999001204503766,0,ok,0.0,0.0022793276003528606,AIR,0.0,-1,2.6189156269383256,0.06911821491444554,0.6227590433758011,UNLOADING,0.008553159352943823,0.02011881142944507,0.036019140739344986,1.939871850463737,-0.0007696893927470194,0.621470177936517,1,staged_v3,1.1646388132501229,2,1.1594655226463375,1.1594655226463375,2,0,1,1
v3_pelvis_proxy:v3_left_hand_proxy,183,0.0,0.07689441163614141,0.0,0.0,0.2387231490805731,FLAT,0.0,1,0.09825059604794911,0.014387561311438604,0.05237817131146645,LOADING,0.2882720049443133,0.013231347254134721,0.02630123630631491,0.0,0.0,0.009990012045037674,0,ok,0.0,0.001775142120031074,FLAT,0.0,-1,2.6483309682193,0.06873374285626484,0.7140213166424065,UNLOADING,0.007403801274846004,0.02506639715095605,0.03563466868116428,0.9630433364157809,-0.00038447205818070707,0.6210857058783363,1,staged_v3,1.1903445192186457,2,1.1750185056325824,1.1750185056325824,2,0,1,1
v3_pelvis_proxy:v3_left_hand_proxy,184,0.0,0.08099997939590153,0.0,0.0,0.2262758550789567,FLAT,0.0,1,0.10156724721683218,0.013982561414459097,0.05421406331927306,LOADING,0.27766293588713764,0.01372814175150456,0.025896236409335402,0.0,0.0,0.009990012045037674,0,ok,0.0,0.0013824820731432343,FLAT,0.0,-1,2.6583551870695583,0.06832874295928533,0.7950873192176169,UNLOADING,0.00638658510811677,0.029524697176696084,0.03522966878418477,-0.051319596997001504,-0.00040499989697950767,0.6206807059813568,1,staged_v3,1.2293238919203562,2,1.2045963675354714,1.2045963675354714,2,0,1,1
v3_pelvis_proxy:v3_left_hand_proxy,185,0.0,0.12555559697915442,0.0,0.0,0.21317979413148236,FLAT,0.0,1,0.10130887826551381,0.013354783429563324,0.05646417544022607,LOADING,0.26673148402259383,0.01446842534244798,0.02526845842443963,0.0,0.0,0.009990012045037674,0,ok,0.0,0.0010766781211461302,FLAT,0.0,-1,2.6461788690879215,0.06770096497438956,0.8295684833646895,UNLOADING,0.0055004300762593735,0.03187653336894548,0.034601890799289,-0.556945219790661,-0.0006277779848957721,0.6200529279964611,1,staged_v3,1.2703235586581596,2,1.242168208392696,1.242168208392696,2,0,1,1
v3_pelvis_proxy:v3_left_hand_proxy,186,0.0,0.16706746620214208,0.0,0.0,0.20586418086768943,FLAT,0.0,1,0.10104438239579322,0.012519446098552614,0.05932826959916548,LOADING,0.25629135991141755,0.015446967381405663,0.02443312109342892,0.0,0.0,0.009990012045037668,0,ok,0.0,0.0008385177638644551,FLAT,0.0,-1,2.5767218467625983,0.06686562764337885,0.8151976074352101,UNLOADING,0.0047367915066466384,0.031993326903482215,0.03376655346827829,-0.5188983652873458,-0.0008353373310107104,0.6192175906654503,1,staged_v3,1.311742468369834,2,1.280177401922575,1.280177401922575,2,0,1,1
v3_pelvis_proxy:v3_left_hand_proxy,187,0.0,0.18874054126667428,0.0,0.0,0.1988982776340833,FLAT,0.0,1,0.10254986548929887,0.011575743392219243,0.06146065091705825,LOADING,0.24634600278470228,0.01649728915363367,0.023489418387095548,0.0,0.0,0.009990012045037668,0,ok,0.0,0.000653038291116921,FLAT,0.0,-1,2.46117710545188,0.06592192493704548,0.7603830182952312,UNLOADING,0.004082461157733558,0.03019630015281665,0.03282285076194492,-0.2709134383066525,-0.0009437027063333714,0.618273887959117,1,staged_v3,1.3511358740209767,2,1.3165622354112807,1.3165622354112807,2,0,1,1
v3_pelvis_proxy:v3_left_hand_proxy,188,0.0,0.1866425135293115,0.0,0.0,0.2046963135074327,FLAT,0.0,1,0.09286507999175253,0.010642530824572685,0.06665189803982162,LOADING,0.23844699034266023,0.017690064077418396,0.02255620581944899,0.0,0.0,0.00999001204503771,0,ok,0.0,0.0005085867324974701,AIR,0.0,-1,2.1312309677296697,0.06498871236939892,0.6987212434685071,UNLOADING,0.003521141903536657,0.028046423979126996,0.03188963819429836,0.026225346717034803,-0.0009332125676465575,0.6173406753914704,1,staged_v3,1.3849582493509647,2,1.3482184419654364,1.3482184419654364,2,0,1,1
v3_pelvis_proxy:v3_left_hand_proxy,189,0.0,0.16885197776932426,0.0,0.0,0.2178678482439399,FLAT,0.0,1,0.08922371158537899,0.009798270935726064,0.07612293619040131,LOADING,0.23313786428429825,0.019007875873794003,0.02171194593060237,0.0,0.0,0.009990012045037695,0,ok,0.0,0.00039608774552875683,AIR,0.0,-1,1.9499673696968807,0.0641444524805523,0.6495235523377363,UNLOADING,0.003037952978176488,0.026430799311435077,0.03104537830545174,0.22238169699984045,-0.0008442598888466213,0.6164964155026238,1,staged_v3,1.415747416801995,2,1.377285481231695,1.377285481231695,2,0,1,1
v3_pelvis_proxy:v3_left_hand_proxy,190,0.0,0.14461098914066994,0.0,0.0,0.23347644458065384,FLAT,0.0,1,0.07833891339122535,0.009075215990022714,0.09087451162831048,LOADING,0.2301552246297803,0.020468509591392813,0.02098889098489902,0.0,0.0,0.009990012045037654,0,ok,0.0,0.00030847344638278314,AIR,0.0,-1,1.2438201907970903,0.06342139753484895,0.6039660821548445,UNLOADING,0.0026214119737973,0.02487598074799384,0.03032232335974839,0.3030123578581789,-0.0007230549457033497,0.6157733605569204,1,staged_v3,1.4425206817512277,2,1.4023429348866614,1.4023429348866614,2,0,1,1
v3_pelvis_proxy:v3_left_hand_proxy,191,0.0,0.13038886661767002,0.0,0.0,0.2466607309016312,FLAT,0.0,1,0.08290751471333903,0.008423271656934364,0.13459503786114357,LOADING,0.2277703954665358,0.02330648023612282,0.02033694665181067,0.0,0.0,0.009990012045037668,0,ok,0.0,0.00024023936159964655,AIR,0.0,-1,1.0820084740809128,0.0627694532017606,0.5579875517869326,UNLOADING,0.002262094375880229,0.023228998562686592,0.02967037902666004,0.17777653153749906,-0.0006519443330883501,0.6151214162238321,1,staged_v3,1.4651793852625152,2,1.4239390692229739,1.4239390692229739,2,0,1,1
v3_pelvis_proxy:v3_left_hand_proxy,192,0.0,0.009708677186326398,0.0,0.0,0.2510692145848662,FLAT,0.0,1,0.09022978894970955,0.008471815042865996,0.20395817770418956,SUPPORT,0.27221631637322863,0.026726093842343486,0.0203854900377423,0.0,0.0,0.00999001204503766,0,ok,0.0,0.00018709860293837912,AIR,0.0,-1,0.7856403787483267,0.06281799658769223,0.5263329004207962,UNLOADING,0.0019515983868386452,0.02159772260844814,0.02971892241259167,1.7512192975499552,4.854338593163199e-05,0.6151699596097637,1,staged_v3,1.4789965272065493,2,1.4380946687618537,1.4380946687618537,2,0,1,1
v3_pelvis_proxy:v3_left_hand_proxy,193,0.0,0.08904306319266198,0.0,0.0,0.2663035260395916,FLAT,0.0,1,0.0774935188125374,0.008917030358829306,0.30149964678894653,SUPPORT,0.3077730530985829,0.03115795198061802,0.02083070535370561,0.0,0.0,0.009990012045037668,0,ok,0.0,0.00014571253847997552,AIR,0.0,-1,0.6462938559673588,0.06326321190365554,0.49959348065284415,UNLOADING,0.0016832151178911249,0.01981553630408723,0.03016413772855498,0.9916798250791947,0.0004452153159633099,0.615615174925727,1,staged_v3,1.4843445308934426,2,1.4453258473318833,1.4453258473318833,2,0,1,1
v3_pelvis_proxy:v3_left_hand_proxy,194,0.0,0.0748039841823811,0.0,0.0,0.29248899454735905,FLAT,0.0,1,0.07063605890215613,0.009291050279741211,0.409655103667257,SUPPORT,0.3362184424788663,0.03619170490362164,0.021204725274617517,0.0,0.0,0.009990012045037647,0,ok,0.0,0.00011348103907152715,AIR,0.0,-1,0.5681583319855622,0.06363723182456744,0.47542151411760236,UNLOADING,0.001451260059857036,0.018232918056413236,0.030538157649466886,-0.17798848762851094,0.0003740199209119055,0.6159891948466389,1,staged_v3,1.4864574268577595,2,1.44992218529752,1.44992218529752,2,0,1,1
v3_pelvis_proxy:v3_left_hand_proxy,195,0.0,0.12519601581761908,0.0,0.0,0.3106791047302201,FLAT,0.0,1,0.07319240166178849,0.008665070200653116,0.5306914372147641,UNLOADING,0.3090164312859344,0.04286950166008509,0.02057874519552942,0.0,0.0,0.009990012045037674,0,ok,0.0,8.837912209266203e-05,AIR,0.0,-1,0.5646589357804667,0.06301125174547935,0.44638877572092095,UNLOADING,0.0012509268618749493,0.017407261215667262,0.02991217757037879,-2.500000000000002,-0.0006259800790880954,0.6153632147675508,1,staged_v3,1.4827629344115059,2,1.4502374987486084,1.4502374987486084,2,0,1,1
v3_pelvis_proxy:v3_left_hand_proxy,196,0.0,0.32519601581761926,0.0,0.0,0.33153818710453,FLAT,0.0,1,0.07321616840588849,0.00703909012156502,0.645405866923554,UNLOADING,0.28166572625052483,0.05023120322461268,0.018952765116441325,0.0,0.0,0.009990012045037654,0,ok,0.0,6.88297294929285e-05,AIR,0.0,-1,0.4421551637141576,0.06138527166639125,0.363891983651986,UNLOADING,0.0010784777591347446,0.014908401691308602,0.028286197491290695,-2.500000000000002,-0.0016259800790880963,0.6137372346884628,1,staged_v3,1.4668401261676034,2,1.4372284324616094,1.4372284324616094,2,0,1,1
v3_pelvis_proxy:v3_left_hand_proxy,197,0.0,0.5251960158176194,0.0,0.0,0.3268403844028527,FLAT,0.0,1,0.07414820438052734,0.004413110042476923,0.7459222011049575,UNLOADING,0.25329103470889075,0.057883000012770955,0.016326785037353228,0.0,0.0,0.00999001204503764,0,ok,0.0,5.360464722768568e-05,FLAT,0.0,-1,0.23667918097065882,0.058759291587303156,0.286691284840227,LOADING,0.0009298718881212917,0.013674346829808753,0.025660217412202597,-2.500000000000002,-0.002625980079088097,0.6111112546093747,1,staged_v3,1.457937877464632,2,1.4293148128459037,1.4293148128459037,2,0,1,1
v3_pelvis_proxy:v3_left_hand_proxy,198,0.0,0.0,0.0,0.0,0.27821226681399674,FLAT,0.0,1,0.11822275013217472,0.004413110042476923,0.8179453017700316,UNLOADING,0.22434229407600603,0.061484155046024655,0.016326785037353228,0.0,0.0,0.00999001204503764,0,ok,0.0,4.174734123718802e-05,FLAT,0.0,-1,0.1501682120137008,0.058759291587303156,0.2228323350871586,LOADING,0.0008016680017761964,0.010481399342155334,0.025660217412202597,6.5649501977202425,0.0,0.6111112546093747,1,staged_v3,1.458006126119845,2,1.4281284938181815,1.4281284938181815,2,0,1,1
v3_pelvis_proxy:v3_left_hand_proxy,199,0.0,0.0,0.0,0.0,0.21872163267677347,FLAT,0.0,1,0.13407959300058106,0.004413110042476923,0.869552108481165,UNLOADING,0.19636936289546836,0.06406449538158134,0.016326785037353228,0.0,0.0,0.00999001204503764,0,ok,0.0,0.01722822269016869,FLAT,0.0,-1,0.11940017772209921,0.058759291587303156,0.17398566177689798,LOADING,0.003487486194256942,0.008039065676642303,0.025660217412202597,0.0,0.0,0.6111112546093747,1,staged_v3,1.4517943531467215,2,1.424035382492356,1.424035382492356,2,0,1,1
v3_pelvis_proxy:v3_left_hand_proxy,200,0.0,0.0,0.0,0.0,0.17034057880332737,FLAT,0.0,1,0.2493394216412313,0.004413110042476923,0.9065300013284217,UNLOADING,0.17059113014961044,0.06591339002394415,0.016326785037353228,0.0,0.0,0.00999001204503764,0,ok,0.0,0.0638279401621604,FLAT,0.0,-1,0.08354447536907127,0.058759291587303156,0.13896388475619695,LOADING,0.013781621283653655,0.00628797682560725,0.025660217412202597,0.0,0.0,0.6111112546093747,1,staged_v3,1.4523350704435325,2,1.425159348964458,1.425159348964458,2,0,1,1
v3_pelvis_proxy:v3_left_hand_proxy,201,0.0,0.0,0.0,0.0,0.1326613761608677,FLAT,0.0,1,0.35304246707676007,0.004413110042476923,0.9330258193525236,UNLOADING,0.1474902382670862,0.06723818092514926,0.016326785037353228,0.0,0.0,0.00999001204503764,0,ok,0.0,0.09440370709819912,FLAT,0.0,-1,0.09006001019547111,0.058759291587303156,0.11316524366502412,LOADING,0.027769394743232895,0.0049980447710486105,0.025660217412202597,0.0,0.0,0.6111112546093747,1,staged_v3,1.4528314676955594,2,1.4263291467097248,1.4263291467097248,2,0,1,1
v3_pelvis_proxy:v3_left_hand_proxy,202,0.0,0.0,0.0,0.0,0.10331678363741398,FLAT,0.0,1,0.5645253017550039,0.004413110042476923,0.952010902566058,UNLOADING,0.1271285012570078,0.06818743508582599,0.016326785037353228,0.0,0.0,0.00999001204503764,0,ok,0.0,0.11338486983330018,FLAT,0.0,-1,0.09154468304687621,0.058759291587303156,0.09295442346816009,LOADING,0.042784564720172995,0.003987503761205408,0.025660217412202597,0.0,0.0,0.6111112546093747,1,staged_v3,1.453017146221223,2,1.4273971636373826,1.4273971636373826,2,0,1,1
v3_pelvis_proxy:v3_left_hand_proxy,203,0.0,0.0,0.0,0.0,0.08046319200123692,FLAT,0.0,1,0.841660840820956,0.004413110042476923,0.9218692720909946,UNLOADING,0.10986537932899794,0.06668035356207282,0.016326785037353228,0.0,0.0,0.00999001204503764,0,ok,0.0,0.13669026948448587,FLAT,0.0,-1,0.08196827121461413,0.058759291587303156,0.0784727379847299,LOADING,0.05942041373257194,0.0032634194870338994,0.025660217412202597,0.0,0.0,0.6111112546093747,1,staged_v3,1.453544875373699,2,1.4285892309726222,1.4285892309726222,2,0,1,1
v3_pelvis_proxy:v3_left_hand_proxy,204,0.0,0.0,0.0,0.0,0.06266479693898812,FLAT,0.0,1,0.9888236828171227,0.004413110042476923,0.8417086692383712,UNLOADING,0.09558736715333818,0.06267232341944164,0.016326785037353228,0.0,0.0,0.00999001204503764,0,ok,0.0,0.15755172059248512,FLAT,0.0,-1,0.07550403467527711,0.058759291587303156,0.06818347355129765,LOADING,0.07689819038975874,0.002748956265362288,0.025660217412202597,0.0,0.0,0.6111112546093747,1,staged_v3,1.4542110379473827,2,1.4298186186904605,1.4298186186904605,2,0,1,1
v3_pelvis_proxy:v3_left_hand_proxy,205,0.0,0.0,0.0,0.0,0.04880339292709452,AIR,0.0,1,1.5187985233109618,0.004413110042476923,0.7387706315446625,UNLOADING,0.08375329749040739,0.057525421534756205,0.016326785037353228,0.0,0.0,0.00999001204503764,0,ok,0.0,0.17497324126082126,FLAT,0.0,-1,0.07862311846629305,0.058759291587303156,0.061581384925943145,LOADING,0.09435818165960674,0.0024188518340945604,0.025660217412202597,0.0,0.0,0.6111112546093747,1,staged_v3,1.4553403058841448,2,1.4311059002417463,1.4311059002417463,2,0,1,1
v3_pelvis_proxy:v3_left_hand_proxy,206,0.0,0.0,0.0,0.0,0.038008120628162674,AIR,0.0,1,1.5854585316596919,0.004413110042476923,0.646789317310696,UNLOADING,0.073706379882465,0.05292635582305788,0.016326785037353228,0.0,0.0,0.00999001204503764,0,ok,0.0,0.19142929986975815,FLAT,0.0,-1,0.07659616912202326,0.058759291587303156,0.058371734321719985,LOADING,0.11153759325495895,0.002258369303883404,0.025660217412202597,0.0,0.0,0.6111112546093747,1,staged_v3,1.4562421914958712,2,1.4321864483289017,1.4321864483289017,2,0,1,1
v3_pelvis_proxy:v3_left_hand_proxy,207,0.0,0.0,0.0,0.0,0.02960075410828551,AIR,0.0,1,1.730283798311619,0.004413110042476923,0.5626588384969332,UNLOADING,0.06502627249683919,0.04871983188236974,0.016326785037353228,0.0,0.0,0.00999001204503764,0,ok,0.0,0.2035512589216363,FLAT,0.0,-1,0.0748667587612777,0.058759291587303156,0.05735311187816956,LOADING,0.12760546676311946,0.002207438181705882,0.025660217412202597,0.0,0.0,0.6111112546093747,1,staged_v3,1.456702406008211,2,1.4328628022839847,1.4328628022839847,2,0,1,1
v3_pelvis_proxy:v3_left_hand_proxy,208,0.0,0.0,0.0,0.0,0.02305309047903686,AIR,0.0,1,1.9606508166838799,0.004413110042476923,0.5023767162533074,UNLOADING,0.05737562708081759,0.04570572577018845,0.016326785037353228,0.0,0.0,0.00999001204503764,0,ok,0.0,0.2091319981302033,FLAT,0.0,-1,0.08199643902382585,0.058759291587303156,0.05703113244510605,LOADING,0.14152536609976157,0.002191339210052705,0.025660217412202597,0.0,0.0,0.6111112546093747,1,staged_v3,1.4571510505282097,2,1.433504744765278,1.433504744765278,2,0,1,1
v3_pelvis_proxy:v3_left_hand_proxy,209,0.0,0.0,0.0,0.0,0.017953764917289856,AIR,0.0,1,2.081560686652624,0.004413110042476923,0.45918268819791275,UNLOADING,0.05056620990917155,0.043546024367418716,0.016326785037353228,0.0,0.0,0.00999001204503764,0,ok,0.0,0.21471571926252572,FLAT,0.0,-1,0.08373399642465625,0.058759291587303156,0.05713251591998389,LOADING,0.153709986882507,0.002196408383796599,0.025660217412202597,0.0,0.0,0.6111112546093747,1,staged_v3,1.4575794993574436,2,1.4341122257829633,1.4341122257829633,2,0,1,1
v3_pelvis_proxy:v3_left_hand_proxy,210,0.0,0.0,0.0,0.0,0.013982406176665256,AIR,0.0,1,2.3634955830288273,0.004413110042476923,0.4282328146664198,UNLOADING,0.044484562925550294,0.04199853069084407,0.016326785037353228,0.0,0.0,0.00999001204503764,0,ok,0.0,0.217394917803344,FLAT,0.0,-1,0.08315229936676699,0.058759291587303156,0.05987548474581807,LOADING,0.1638436478497239,0.0023335568250883072,0.025660217412202597,0.0,0.0,0.6111112546093747,1,staged_v3,1.4578542152422085,2,1.4345522921919331,1.4345522921919331,2,0,1,1
v3_pelvis_proxy:v3_left_hand_proxy,211,0.0,0.0,0.0,0.0,0.01088950887960935,AIR,0.0,1,2.414642544121343,0.004413110042476923,0.4242792484002054,UNLOADING,0.0390252419700033,0.04180085237753335,0.016326785037353228,0.0,0.0,0.00999001204503764,0,ok,0.0,0.21647503485702616,FLAT,0.0,-1,0.08435005490719377,0.058759291587303156,0.061679954921028304,LOADING,0.17169949117288247,0.0024237803338488205,0.025660217412202597,0.0,0.0,0.6111112546093747,1,staged_v3,1.4580610418569748,2,1.4349209782774939,1.4349209782774939,2,0,1,1
v3_pelvis_proxy:v3_left_hand_proxy,212,0.0,0.0,0.0,0.0,0.008480758042702779,AIR,0.0,1,2.5181933311005382,0.004413110042476923,0.4396693815594337,UNLOADING,0.03412906860270461,0.04257035903549476,0.016326785037353228,0.0,0.0,0.00999001204503764,0,ok,0.0,0.21251037157653418,FLAT,0.0,-1,0.08970213451242828,0.058759291587303156,0.06258775508339544,LOADING,0.1772015578358301,0.0024691703419671765,0.025660217412202597,0.0,0.0,0.6111112546093747,1,staged_v3,1.4581456079562964,2,1.4351676886417697,1.4351676886417697,2,0,1,1
v3_pelvis_proxy:v3_left_hand_proxy,213,0.0,0.0,0.0,0.0,0.006604821004696039,AIR,0.0,1,2.5518934768363066,0.004413110042476923,0.49418708778088527,UNLOADING,0.02973074505189985,0.045296244346567344,0.016326785037353228,0.0,0.0,0.00999001204503764,0,ok,0.0,0.20324919761355412,FLAT,0.0,-1,0.09712239481774551,0.058759291587303156,0.06263512359558246,LOADING,0.17986497806872934,0.0024715387675765255,0.025660217412202597,0.0,0.0,0.6111112546093747,1,staged_v3,1.4581666590894597,2,1.4353715707485246,1.4353715707485246,2,0,1,1
v3_pelvis_proxy:v3_left_hand_proxy,214,0.0,0.0,0.0,0.0,0.005143839770503738,FLAT,0.0,1,2.588338679385589,0.004413110042476923,0.5769519881361681,UNLOADING,0.0257943659285224,0.04943448936433149,0.016326785037353228,0.0,0.0,0.00999001204503764,0,ok,0.0,0.19198705063981958,FLAT,0.0,-1,0.0991807287134069,0.058759291587303156,0.06266906461769976,LOADING,0.1798830628064857,0.0024732358186823934,0.025660217412202597,0.0,0.0,0.6111112546093747,1,staged_v3,1.4581450132410794,2,1.4401488710650723,1.4401488710650723,2,0,1,1
v3_pelvis_proxy:v3_left_hand_proxy,215,0.0,0.0,0.0,0.0,0.004006026441262147,FLAT,0.0,1,2.5657205087117907,0.004413110042476923,0.6758474726429988,UNLOADING,0.022294965595246928,0.05437926358967302,0.016326785037353228,0.0,0.0,0.00999001204503764,0,ok,0.0,0.1924387871511232,FLAT,0.0,-1,0.09110586631058762,0.058759291587303156,0.06269338442275968,LOADING,0.1799812799032702,0.0024744518089353865,0.025660217412202597,0.0,0.0,0.6111112546093747,1,staged_v3,1.4576047739419074,2,1.446213197361319,1.446213197361319,2,0,1,1
v3_pelvis_proxy:v3_left_hand_proxy,216,0.0,0.0,0.0,0.0,0.003119896529459713,FLAT,0.0,1,2.5917061018715652,0.004413110042476923,0.7493243862491837,UNLOADING,0.01922169650697756,0.058053109269982264,0.016326785037353228,0.0,0.0,0.00999001204503764,0,ok,0.0,0.18567640953476502,FLAT,0.0,-1,0.09997000243993355,0.058759291587303156,0.06271081032455217,LOADING,0.1791314529791868,0.0024753231040250123,0.025660217412202597,0.0,0.0,0.6111112546093747,1,staged_v3,1.457018281136986,2,1.4522831860909142,1.4522831860909142,2,0,1,1
v3_pelvis_proxy:v3_left_hand_proxy,217,0.0,0.0,0.0,0.0,0.002429777860244983,FLAT,0.0,1,2.607852751958944,0.004413110042476923,0.7939090673686529,UNLOADING,0.01654727631816718,0.06028234332595572,0.016326785037353228,0.0,0.0,0.00999001204503764,0,ok,0.0,0.16515935795946138,FLAT,0.0,-1,0.12151584497653378,0.058759291587303156,0.06272329652880146,LOADING,0.1756555337786835,0.002475947414237477,0.025660217412202597,0.0,0.0,0.6111112546093747,1,staged_v3,1.4623465982490913,2,1.4583657233313037,1.4583657233313037,2,0,1,1
v3_pelvis_proxy:v3_left_hand_proxy,218,0.0,0.0,0.0,0.0,0.0018923129002483554,FLAT,0.0,1,2.595056690023049,0.004413110042476923,0.7826386902036263,UNLOADING,0.014242139074220806,0.05971882446770439,0.016326785037353228,0.0,0.0,0.00999001204503764,0,ok,0.0,0.14587477690994477,FLAT,0.0,-1,0.1255097164756633,0.058759291587303156,0.06346448126451947,LOADING,0.17007858750512553,0.0025130066510233792,0.025660217412202597,0.0,0.0,0.6111112546093747,1,staged_v3,1.4863390370116463,2,1.4694021332595508,1.4694021332595508,2,0,1,1
v3_pelvis_proxy:v3_left_hand_proxy,219,0.0,0.0,0.0,0.0,0.0014737347685295406,FLAT,0.0,1,2.5123315382348075,0.004413110042476923,0.7250664292735095,UNLOADING,0.01226543051536292,0.05684021142119856,0.016326785037353228,0.0,0.0,0.00999001204503764,0,ok,0.0,0.13206355701106667,FLAT,0.0,-1,0.12499385630067301,0.058759291587303156,0.06561732889169965,LOADING,0.16340991774097385,0.0026206490323823876,0.025660217412202597,0.0,0.0,0.6111112546093747,1,staged_v3,1.5110296925956026,2,1.4918777427096237,1.4918777427096237,2,0,1,1
v3_pelvis_proxy:v3_left_hand_proxy,220,0.0,0.0,0.0,0.0,0.0011477457917703619,AIR,0.0,1,2.1567694811026263,0.004413110042476923,0.6589484523578949,UNLOADING,0.010569146224394359,0.053534312575417825,0.016326785037353228,0.0,0.0,0.00999001204503764,0,ok,0.0,0.13206220800468635,FLAT,0.0,-1,0.10357705058045502,0.058759291587303156,0.07100970469356578,LOADING,0.15759200229413378,0.0028902678224756936,0.025660217412202597,0.0,0.0,0.6111112546093747,1,staged_v3,1.5339239238186058,2,1.5124321804145056,1.5124321804145056,2,0,1,1
v3_pelvis_proxy:v3_left_hand_proxy,221,2.438538675233393e-05,1.22070312524869e-05,1.8864413443528668e-05,0.0,0.0008938653213976675,AIR,0.0,1,1.8832277439123852,0.004412956672725784,0.6091296333130948,UNLOADING,0.00910918040175851,0.051043524992928954,0.016327967913179104,3.555858161308212e-06,1.8864413443528668e-05,0.009990000927123516,0,ok,0.0,0.13709218195233525,FLAT,0.0,-1,0.0997019879649812,0.05875770758614372,0.07940774742470458,LOADING,0.1531082877655379,0.0033104492589588613,0.02565993811227637,-0.00015258789065608624,-6.10351562624345e-08,0.6111111935742184,1,staged_v3,1.5554955917707542,2,1.5318019023839489,1.5318019023839489,2,0,1,1
v3_pelvis_proxy:v3_left_hand_proxy,222,0.0,0.0,0.0,0.0,0.0006961430122648764,AIR,0.0,1,1.5166625056482352,0.004412956672725784,0.5678306268584454,UNLOADING,0.007850847728539778,0.04897857467019649,0.016327967913179104,0.0,0.0,0.009990000927123516,0,ok,0.0,0.14499130305755628,FLAT,0.0,-1,0.09438433131641306,0.05875770758614372,0.08965100683539087,LOADING,0.15009177333561405,0.0038226122294931775,0.02565993811227637,0.00015258789065608624,0.0,0.6111111935742184,1,staged_v3,1.573367931152915,2,1.5479662783924073,1.5479662783924073,2,0,1,1
v3_pelvis_proxy:v3_left_hand_proxy,223,0.0,0.0,0.0,0.0,0.0005421567230815723,AIR,0.0,1,1.0724525864684464,0.004412956672725784,0.543934867475214,UNLOADING,0.006764620735571439,0.04778378670103492,0.016327967913179104,0.0,0.0,0.009990000927123516,0,ok,0.0,0.14668389636175994,FLAT,0.0,-1,0.10012374663518353,0.05875770758614372,0.10502031200533342,LOADING,0.1474042496876249,0.004591077487990303,0.02565993811227637,0.0,0.0,0.6111111935742184,1,staged_v3,1.5841125365797384,2,1.5581099574748551,1.5581099574748551,2,0,1,1
v3_pelvis_proxy:v3_left_hand_proxy,224,0.0,0.0,0.0,0.0,0.0004222320804833553,AIR,0.0,1,0.8592142116821109,0.004412956672725784,0.52887198018087,UNLOADING,0.0058266642539158385,0.04703064233631772,0.016327967913179104,0.0,0.0,0.009990000927123516,0,ok,0.0,0.14702094952564632,FLAT,0.0,-1,0.10526334398222177,0.05875770758614372,0.12485543735630437,LOADING,0.14472715467111885,0.0055828337555388526,0.02565993811227637,0.0,0.0,0.6111111935742184,1,staged_v3,1.5911104505009908,2,1.5650883990894522,1.5650883990894522,2,0,1,1
v3_pelvis_proxy:v3_left_hand_proxy,225,0.0,0.0,0.0,0.0,0.00032883467491830556,AIR,0.0,1,0.47445215348382186,0.004412956672725784,0.5127653389027984,UNLOADING,0.005017172167840837,0.04622531027241414,0.016327967913179104,0.0,0.0,0.009990000927123516,0,ok,0.0,0.15511096131482105,FLAT,0.0,-1,0.09632002648366894,0.05875770758614372,0.17051362736651915,LOADING,0.14243219381191946,0.007865743256049593,0.02565993811227637,0.0,0.0,0.6111111935742184,1,staged_v3,1.5882691615341342,2,1.564364254467141,1.564364254467141,2,0,1,1
v3_pelvis_proxy:v3_left_hand_proxy,226,0.0,0.0,0.0,0.0,0.0002560967023274072,AIR,0.0,1,0.46957162838956995,0.004412956672725784,0.49416477034066364,UNLOADING,0.004318939391611687,0.045295281844307395,0.016327967913179104,0.0,0.0,0.009990000927123516,0,ok,0.0,0.16096206779809108,FLAT,0.0,-1,0.10077322658381899,0.05875770758614372,0.2563790488620586,LOADING,0.13918398983209473,0.012159014330826563,0.02565993811227637,0.0,0.0,0.6111111935742184,1,staged_v3,1.5853475950665994,2,1.5637779451029872,1.5637779451029872,2,0,1,1
v3_pelvis_proxy:v3_left_hand_proxy,227,0.0,0.0,0.0,0.0,0.00019944831231458922,AIR,0.0,1,0.5267049177162478,0.004412956672725784,0.4518884430716615,UNLOADING,0.0037175651820942285,0.04318146548085729,0.016327967913179104,0.0,0.0,0.009990000927123516,0,ok,0.0,0.16408991459712657,FLAT,0.0,-1,0.10301692838967604,0.05875770758614372,0.3509449497838658,LOADING,0.13451533239305252,0.016887309376916924,0.02565993811227637,0.0,0.0,0.6111111935742184,1,staged_v3,1.582277870513758,2,1.5635238821955473,1.5635238821955473,2,0,1,1
v3_pelvis_proxy:v3_left_hand_proxy,228,0.0,0.0,0.0,0.0,0.0001553305018128722,AIR,0.0,1,0.3494254325530667,0.004412956672725784,0.3962064237708812,UNLOADING,0.0031998826645360614,0.04039736451581828,0.016327967913179104,0.0,0.0,0.009990000927123516,0,ok,0.0,0.1689707007279896,FLAT,0.0,-1,0.10212819879438172,0.05875770758614372,0.4678474484972389,UNLOADING,0.12814431198284632,0.022732434312585578,0.02565993811227637,0.0,0.0,0.6111111935742184,1,staged_v3,1.58219765115294,2,1.5651204362002007,1.5651204362002007,2,0,1,1
v3_pelvis_proxy:v3_left_hand_proxy,229,0.0,0.0,0.0,0.0,0.00012097151644673914,FLAT,0.0,1,0.24199783319840865,0.004412956672725784,0.30511554179777506,LOADING,0.0027547653162686234,0.03584282041716297,0.016327967913179104,0.0,0.0,0.009990000927123516,0,ok,0.0,0.17470795847103088,FLAT,0.0,-1,0.10008230914640164,0.05875770758614372,0.5771516226673705,UNLOADING,0.12039154980623568,0.028197643021092157,0.02565993811227637,0.0,0.0,0.6111111935742184,1,staged_v3,1.5831927448271284,2,1.5672399327439541,1.5672399327439541,2,0,1,1
v3_pelvis_proxy:v3_left_hand_proxy,230,0.0,0.0,0.0,0.0,0.0002308414946562453,FLAT,0.0,1,0.14972541594224642,0.004412956672725784,0.23778478986211193,LOADING,0.0023863632565670994,0.032476282820379815,0.016327967913179104,0.0,0.0,0.009990000927123516,0,ok,0.0,0.1898461790203772,FLAT,0.0,-1,0.08932943615124059,0.05875770758614372,0.6970158980158508,UNLOADING,0.11140995327186072,0.034190856788516175,0.02565993811227637,0.0,0.0,0.6111111935742184,1,staged_v3,1.5840682511480388,2,1.5686204395487706,1.5686204395487706,2,0,1,1
v3_pelvis_proxy:v3_left_hand_proxy,231,0.0,0.0,0.0,0.0,0.017192868494261333,FLAT,0.0,1,0.1275713732350887,0.004412956672725784,0.18622865939009814,LOADING,0.004707303333954638,0.029898476296779126,0.016327967913179104,0.0,0.0,0.009990000927123516,0,ok,0.0,0.1884267437414621,FLAT,0.0,-1,0.09469967894378928,0.05875770758614372,0.782902404322275,UNLOADING,0.10133810180840265,0.03848518210383738,0.02565993811227637,0.0,0.0,0.6111111935742184,1,staged_v3,1.5849205363191559,2,1.5698816865638563,1.5698816865638563,2,0,1,1
v3_pelvis_proxy:v3_left_hand_proxy,232,0.0,0.0,0.0,0.0,0.07143154174076452,FLAT,0.0,1,0.0918752171239693,0.004412956672725784,0.1497697381206236,LOADING,0.01591249435530328,0.0280755302333054,0.016327967913179104,0.0,0.0,0.009990000927123516,0,ok,0.0,0.1659447426861226,FLAT,0.0,-1,0.10707873645427489,0.05875770758614372,0.844442775246621,UNLOADING,0.09054893064072611,0.04156220065005468,0.02565993811227637,0.0,0.0,0.6111111935742184,1,staged_v3,1.5857521372984584,2,1.5709575091829604,1.5709575091829604,2,0,1,1
v3_pelvis_proxy:v3_left_hand_proxy,233,0.0,0.04698747361915334,0.0,0.0,0.11428003360232813,FLAT,0.0,1,0.09049045497118263,0.004647894040821551,0.12309818071632479,LOADING,0.03277246935897884,0.02650701499499469,0.01656290528127487,0.0,0.0,0.009990000927123488,0,ok,0.0,0.12923789555053508,FLAT,0.0,-1,0.2507521621324709,0.05899264495423949,0.8885383778782399,UNLOADING,0.0796712356174317,0.04353204341353987,0.025894875480372136,0.5873434202394168,0.0002349373680957667,0.6113461309423142,1,staged_v3,1.586498957166111,2,1.5719961728512997,1.5719961728512997,2,0,1,1
v3_pelvis_proxy:v3_left_hand_proxy,234,0.0,0.24698747361915352,0.0,0.0,0.14673780246963905,FLAT,0.0,1,0.08304687308046813,0.005882831408917318,0.10323044238630341,LOADING,0.05253597432836391,0.024278690710397854,0.01779784264937064,0.0,0.0,0.009990000927123523,0,ok,0.0,0.10065057425725715,FLAT,0.0,-1,0.30329890077513993,0.06022758232233526,0.9201342578224148,UNLOADING,0.06943799235974946,0.04387690004265283,0.027129812848467903,2.500000000000002,0.0012349373680957676,0.6125810683104099,1,staged_v3,1.5887394115292124,2,1.5748133345747426,1.5748133345747426,2,0,1,1
v3_pelvis_proxy:v3_left_hand_proxy,235,0.0,0.4469874736191537,0.0,0.0,0.1709116773610519,FLAT,0.0,1,0.0891232084745863,0.008117768777013087,0.08846093640146721,LOADING,0.0731873135306407,0.021305278043060275,0.020032780017466407,0.0,0.0,0.009990000927123502,0,ok,0.0,0.07838674604813846,FLAT,0.0,-1,0.7157504153084383,0.062462519690431026,0.9427736950875465,UNLOADING,0.060159105426991794,0.04277393453781365,0.029364750216563672,2.500000000000002,0.0022349373680957685,0.6148160056785057,1,staged_v3,1.5924756501002062,2,1.590861864744649,1.5828937713502382,2,0,1,1
v3_pelvis_proxy:v3_left_hand_proxy,236,0.0,0.24698747361915352,0.0,0.0,0.1927783060207839,FLAT,0.0,1,0.08073560223002862,0.009352706145108854,0.07693074812989448,LOADING,0.09413939616759082,0.01949383126138587,0.021267717385562174,0.0,0.0,0.009990000927123509,0,ok,0.0,0.06104765920470959,FLAT,0.0,-1,0.7861991249864726,0.0636974570585268,0.9109309841847084,UNLOADING,0.052341726783591655,0.03994686162457598,0.03059968758465944,-2.500000000000002,0.0012349373680957676,0.6160509430466015,1,staged_v3,1.6013126046639643,2,1.606262913759153,1.596758784396047,2,0,1,1
v3_pelvis_proxy:v3_left_hand_proxy,237,0.0,0.04698747361915334,0.0,0.0,0.2118394883689409,FLAT,0.0,1,0.07904431279514706,0.009587643513204621,0.06798245533918372,LOADING,0.11479914089643742,0.01881147925375457,0.021502654753657938,0.0,0.0,0.009990000927123502,0,ok,0.0,0.04754396479330408,FLAT,0.0,-1,1.0622698095895893,0.06393239442662256,0.8318097699042316,UNLOADING,0.04600668443997155,0.03575586354245638,0.030834624952755206,-2.500000000000002,0.0002349373680957667,0.6162858804146972,1,staged_v3,1.6100617370343089,2,1.619322448381099,1.6106846987241024,2,0,1,1
v3_pelvis_proxy:v3_left_hand_proxy,238,0.0,0.15301252638084684,0.0,0.0,0.22761796163469217,FLAT,0.0,1,0.08155003218839806,0.008822580881300387,0.06182606504993753,LOADING,0.13454836046357624,0.019268722371196492,0.020737592121753707,0.0,0.0,0.009990000927123502,0,ok,0.0,0.03702727701134453,AIR,0.0,-1,1.44614333289879,0.06316733179471833,0.7316777602315334,UNLOADING,0.04085362122000582,0.0315143256907257,0.030069562320850972,-2.500000000000002,-0.0007650626319042342,0.615520817782793,1,staged_v3,1.6223125533462712,2,1.6324156426771144,1.6234793378772725,2,1,1,1
v3_pelvis_proxy:v3_left_hand_proxy,239,0.0,0.04698747361915334,0.0,0.0,0.23918750874838873,FLAT,0.0,1,0.07930135076683142,0.009057518249396154,0.05741481864758021,LOADING,0.15272960863302767,0.01881322268298286,0.020972529489849474,0.0,0.0,0.009990000927123516,0,ok,0.0,0.028836872331436947,AIR,0.0,-1,1.6332001930186264,0.06340226916281409,0.6417070529329684,UNLOADING,0.036493396470265886,0.026780852957701683,0.03030449968894674,2.500000000000002,0.0002349373680957667,0.6157557551508888,1,staged_v3,1.6363364714225426,2,1.6431188976459417,1.6375127699978749,2,1,1,1
v3_pelvis_proxy:v3_left_hand_proxy,240,0.0,0.15301252638084684,0.0,0.0,0.24769864114413284,FLAT,0.0,1,0.0847546779914278,0.00829245561749192,0.05425402248163521,LOADING,0.16903568560618784,0.019420245506589842,0.02020746685794524,0.0,0.0,0.009990000927123516,0,ok,0.0,0.022458178753053223,AIR,0.0,-1,1.8533430869654004,0.06263720653090986,0.5590172369416775,UNLOADING,0.03269486407733921,0.023411424790041373,0.029539437057042504,-2.500000000000002,-0.0007650626319042342,0.6149906925189845,1,staged_v3,1.6501954358892597,2,1.65531979771523,1.6513980586968124,2,1,1,1
v3_pelvis_proxy:v3_left_hand_proxy,241,0.0,0.04698747361915334,0.0,0.0,0.2549458650789216,FLAT,0.0,1,0.08434075243533727,0.008527392985587686,0.05198921306239403,SUPPORT,0.22522854848495028,0.019072067667532017,0.020442404226041006,0.0,0.0,0.009990000927123488,0,ok,0.0,0.017490447199235436,AIR,0.0,-1,1.9666551733016784,0.06287214389900563,0.4997673947183324,UNLOADING,0.029274068062007177,0.020213995310778353,0.02977437442513827,2.500000000000002,0.0002349373680957667,0.6152256298870803,1,staged_v3,1.664092177056564,2,1.668111398882071,1.6653252297510321,2,1,1,1
v3_pelvis_proxy:v3_left_hand_proxy,242,0.0,0.24698747361915352,0.0,0.0,0.25349350184649655,FLAT,0.0,1,0.0900483567798499,0.009762330353683454,0.05036640620102528,SUPPORT,0.27018283878796023,0.01775598995636781,0.02167734159413677,0.0,0.0,0.009990000927123502,0,ok,0.0,0.013621573975033618,AIR,0.0,-1,2.2150162937804265,0.06410708126710139,0.475536014796148,UNLOADING,0.02611263333481975,0.017767488946573366,0.03100931179323404,2.500000000000002,0.0012349373680957676,0.6164605672551761,1,staged_v3,1.6779044110487837,2,1.6817922708637818,1.679173591596204,2,1,1,1
v3_pelvis_proxy:v3_left_hand_proxy,243,0.0,0.04698747361915334,0.0,0.0,0.25168733091554074,FLAT,0.0,1,0.09055065057500893,0.00999726772177922,0.04957641040509281,SUPPORT,0.3061462710303682,0.017481552798475422,0.021912278962232537,0.0,0.0,0.009990000927123502,0,ok,0.0,0.010608492478421251,AIR,0.0,-1,2.37894608809945,0.06434201863519716,0.47639645956089305,UNLOADING,0.02317577774704879,0.017575573816714853,0.031244249161329805,-2.500000000000002,0.0002349373680957667,0.6166955046232718,1,staged_v3,1.6905289959378984,2,1.6943260784960024,1.6918437590109077,2,1,1,1
v3_pelvis_proxy:v3_left_hand_proxy,244,0.0,0.15301252638084684,0.0,0.0,0.25442698039764505,FLAT,0.0,1,0.08877068697790466,0.009232205089874986,0.04901035368208553,SUPPORT,0.33491701682429453,0.01821831259422929,0.021147216330328306,0.0,0.0,0.009990000927123488,0,ok,0.0,0.008261902249401579,AIR,0.0,-1,2.478502871713455,0.06357695600329293,0.4952359823532514,UNLOADING,0.020460711065015055,0.019282612588237,0.03047918652942557,-2.500000000000002,-0.0007650626319042342,0.6159304419913676,1,staged_v3,1.7064952267977185,2,1.7060552205700055,1.7060552205700055,2,0,1,1
v3_pelvis_proxy:v3_left_hand_proxy,245,0.0,0.2947576964682952,0.0,0.023417999650068827,0.25083171800577025,FLAT,0.0,1,0.09252878867344491,0.00775841660753351,0.04860475631649003,SUPPORT,0.35793361345943564,0.01967182120829099,0.01967342784798683,0.0,0.0,0.009990000927123495,0,ok,0.0,0.006434375941493351,AIR,0.0,-1,2.5466397745877005,0.06210316752095145,0.5360363922737843,UNLOADING,0.017964226095053194,0.02279642156660512,0.029005398047084095,-1.7718146260931045,-0.001473788482341476,0.6144566535090261,1,staged_v3,1.7206204863645895,2,1.7162728783125114,1.7162728783125114,2,0,1,1
v3_pelvis_proxy:v3_left_hand_proxy,246,0.0,0.09475769646829502,0.0,0.0478752624763533,0.25555115810328344,FLAT,0.0,1,0.08690691636370868,0.007284628125192035,0.048314133104554596,SUPPORT,0.3763468907675485,0.020131078530035696,0.019199639365645355,0.0,0.0,0.009990000927123502,0,ok,0.0,0.00501109702181083,AIR,0.0,-1,2.577859148803153,0.061629379038609974,0.6072386256446984,UNLOADING,0.01567907456051905,0.026830321717492306,0.02853160956474262,2.500000000000002,-0.0004737884823414751,0.6139828650266846,1,staged_v3,1.7235989354902688,2,1.7170074937886932,1.7170074937886932,2,0,1,1
v3_pelvis_proxy:v3_left_hand_proxy,247,0.0,0.10524230353170516,0.0,0.06540282193103292,0.26292453665539345,FLAT,0.0,1,0.08164121142579837,0.007810839642850561,0.04811200702647905,SUPPORT,0.39107751261403884,0.019594760708473394,0.01972585088330388,0.0,0.0,0.009990000927123509,0,ok,0.0,0.0039026462846330594,FLAT,0.0,-1,2.597812299285,0.0621555905562685,0.6988010967296079,UNLOADING,0.013607131449128292,0.030882233754079252,0.029057821082401146,2.500000000000002,0.0005262115176585258,0.6145090765443432,1,staged_v3,1.7278022228536682,2,1.7194185243539335,1.7194185243539335,2,0,1,1
v3_pelvis_proxy:v3_left_hand_proxy,248,0.0,0.18874624832827536,0.0,0.06541598033409013,0.2600292413446897,FLAT,0.0,1,0.08696923028274837,0.008754570884491938,0.0484658603741785,SUPPORT,0.40286201009123107,0.018668722134216987,0.020669582124945258,0.0,0.0,0.009990000927123509,0,ok,0.0,0.0030393839825229355,FLAT,0.0,-1,2.604778660837821,0.06309932179790988,0.784181555096278,UNLOADING,0.011756963402763304,0.034207525430771386,0.030001552324042523,1.0437993099571274,0.0009437312416413768,0.6154528077859845,1,staged_v3,1.7458688819660482,2,1.726108533776106,1.726108533776106,2,0,1,1
v3_pelvis_proxy:v3_left_hand_proxy,249,0.0,0.12692002672305414,0.0,0.065746029620078,0.2570554882094313,FLAT,0.0,1,0.08837816632515358,0.009389171018107208,0.04910831127712741,SUPPORT,0.41228960807298487,0.018066244545749163,0.02130418225856053,0.0,0.0,0.009990000927123516,0,ok,0.0,0.002367074625643547,FLAT,0.0,-1,2.597837889527159,0.06373392193152515,0.8320838185126436,UNLOADING,0.010134178649859072,0.035968038467974396,0.030636152457657793,-0.7728277700652653,0.0006346001336152707,0.6160874079195998,1,staged_v3,1.7770119827076074,2,1.7540633071088534,1.7540633071088534,2,0,1,1
v3_pelvis_proxy:v3_left_hand_proxy,250,0.0,0.07307997327694604,0.0,0.06334782284673546,0.24560590036381313,FLAT,0.0,1,0.09515903423606294,0.009023771151722478,0.049427454470587974,LOADING,0.3593097587807883,0.018447601571806922,0.0209387823921758,0.0,0.0,0.009990000927123516,0,ok,0.0,0.001843479572039647,FLAT,0.0,-1,2.55785955143484,0.06336852206514042,0.8334262442523349,UNLOADING,0.008730306745016167,0.03640055962134368,0.030270752591273063,-2.500000000000002,-0.0003653998663847302,0.6157220080532151,1,staged_v3,1.8095163091473798,2,1.7833394785866565,1.7833394785866565,2,0,1,1
v3_pelvis_proxy:v3_left_hand_proxy,251,0.0,0.2730799732769462,0.0,0.05943740251360672,0.24437377745335398,FLAT,0.0,1,0.08982498122545982,0.007658371285337747,0.04983940656966995,LOADING,0.31464223369621275,0.01983359904314575,0.019573382525791067,0.0,0.0,0.009990000927123481,0,ok,0.0,0.0014357033342806155,FLAT,0.0,-1,2.4694875313926934,0.062003122198755686,0.7911662525116154,UNLOADING,0.007525951968239485,0.03565295990069244,0.028905352724888332,-2.500000000000002,-0.001365399866384731,0.6143566081868304,1,staged_v3,1.8428439248939341,2,1.813491881090077,1.813491881090077,2,0,1,1
v3_pelvis_proxy:v3_left_hand_proxy,252,0.0,0.07307997327694604,0.0,0.06551674346402427,0.250760921017122,FLAT,0.0,1,0.08312427381915799,0.007292971418953017,0.05088467187569423,LOADING,0.27796837643498545,0.020251262174831697,0.019207982659406337,0.0,0.0,0.009990000927123509,0,ok,0.0,0.0011181268809959703,FLAT,0.0,-1,2.324093843583166,0.061637722332370956,0.7207783946252728,UNLOADING,0.006495416713165891,0.03249896687276004,0.028539952858503602,2.500000000000002,-0.0003653998663847302,0.6139912083204456,1,staged_v3,1.873430284079734,2,1.8414185234402063,1.8414185234402063,2,0,1,1
v3_pelvis_proxy:v3_left_hand_proxy,253,0.0,0.19816436076975918,0.0,0.060355255378250025,0.26277816455282776,FLAT,0.0,1,0.0782406240718992,0.006302149615104221,0.05435405648016038,SUPPORT,0.3123747011479884,0.0214155532089038,0.01821716085555754,0.0,0.0,0.009990000927123502,0,ok,0.0,0.0008707980904928492,AIR,0.0,-1,1.9337108960224727,0.06064690052852216,0.6583172651726561,UNLOADING,0.005610005278862482,0.030366732203978,0.027549131054654806,-1.5635548436601643,-0.000990821803848796,0.6130003865165968,1,staged_v3,1.8974910059115042,2,1.8629808557144045,1.8629808557144045,2,0,1,1
v3_pelvis_proxy:v3_left_hand_proxy,254,0.0,0.001835639230240993,0.0,0.06793560167847053,0.27960406787678027,FLAT,0.0,1,0.07584531177376015,0.006311327811255426,0.05982570097081716,SUPPORT,0.3398997609183907,0.021679957237285434,0.018226339051708746,0.0,0.0,0.009990000927123509,0,ok,0.0,0.0006781782347729151,AIR,0.0,-1,1.7242902124004664,0.060656078724673365,0.6095962589644038,UNLOADING,0.004846399284731308,0.027921503697414182,0.02755830925080601,2.500000000000002,9.178196151204965e-06,0.613009564712748,1,staged_v3,1.9259611044239333,2,1.8885625092885778,1.8885625092885778,2,0,1,1
v3_pelvis_proxy:v3_left_hand_proxy,255,0.0,0.20183563923024117,0.0,0.07399736639259896,0.2976270630358817,FLAT,0.0,1,0.06881550052183391,0.007320506007406632,0.07000771369489935,SUPPORT,0.3619198087347126,0.021179879677338337,0.019235517247859952,0.0,0.0,0.009990000927123495,0,ok,0.0,0.0005281657403031293,AIR,0.0,-1,1.0930917535107438,0.06166525692082457,0.5634857757460242,UNLOADING,0.004186992509541971,0.024606801340343994,0.028567487446957217,2.500000000000002,0.0010091781961512059,0.6140187429088992,1,staged_v3,1.9373407806437792,2,1.8989610707619913,1.8989610707619913,2,0,1,1
v3_pelvis_proxy:v3_left_hand_proxy,256,0.0,0.11175668157299423,0.0,0.06820688743107187,0.32329122223187834,FLAT,0.0,1,0.06364638710607438,0.007879289415271603,0.10791211717872634,SUPPORT,0.37953584698777004,0.022516316443664714,0.019794300655724923,0.0,0.0,0.009990000927123502,0,ok,0.0,0.0004113358921395653,AIR,0.0,-1,0.9071725923603549,0.06222404032868954,0.5330933542464303,UNLOADING,0.003616287216989823,0.022528396857499335,0.029126270854822188,-1.1259869707155867,0.0005587834078649712,0.6145775263167642,1,staged_v3,1.9452081636955463,2,1.9063291840697594,1.9063291840697594,2,0,1,1
v3_pelvis_proxy:v3_left_hand_proxy,257,0.0,0.0192359264413966,0.0,0.06555232620082217,0.35892970994579315,FLAT,0.0,1,0.05219782782401054,0.007975469047478586,0.16802353892551905,SUPPORT,0.393628677590216,0.025425707898797365,0.019890480287931906,0.0,0.0,0.009990000927123523,0,ok,0.0,0.0003203487149036684,AIR,0.0,-1,0.5402527831936953,0.062320219960896525,0.5065157119953138,UNLOADING,0.0031222586227751987,0.021103335112736522,0.02922245048702917,-1.1565094391449704,9.6179632206983e-05,0.6146737059489712,1,staged_v3,1.9450821411025838,2,1.9076101088487094,1.9076101088487094,2,0,1,1
v3_pelvis_proxy:v3_left_hand_proxy,258,0.0,0.030679845194736544,0.0,0.0645435772711153,0.38785824390340373,FLAT,0.0,1,0.04897981447366798,0.007822069821504903,0.25381977783978615,SUPPORT,0.4049029420721728,0.029868919070484407,0.019737081061958223,0.0,0.0,0.009990000927123502,0,ok,0.0,0.0002494878300228952,AIR,0.0,-1,0.48471666690770654,0.06216682073492284,0.474267584571691,UNLOADING,0.0026949593680212994,0.019644327967529067,0.029069051261055488,-0.6239471454516643,-0.00015339922597368272,0.6145203067229975,1,staged_v3,1.9369419531130725,2,1.9021967385881249,1.9021967385881249,2,0,1,1
v3_pelvis_proxy:v3_left_hand_proxy,259,0.0,0.04052097228379736,0.0,0.06435799281857386,0.41757536438954823,FLAT,0.0,1,0.048376087807818026,0.007619464960085916,0.3562432661435298,SUPPORT,0.4139223536577383,0.03519269834709057,0.019534476200539237,0.0,0.0,0.009990000927123509,0,ok,0.0,0.00019430131738861633,AIR,0.0,-1,0.43345582007442834,0.061964215873503856,0.43144207612074587,UNLOADING,0.002325746823107039,0.017705657406400795,0.0288664463996365,-0.12301408861326024,-0.00020260486141898681,0.6143177018615785,1,staged_v3,1.9258796163856753,2,1.894348355196566,1.894348355196566,2,0,1,1
v3_pelvis_proxy:v3_left_hand_proxy,260,0.0,0.24052097228379754,0.0,0.08187452361916922,0.42435671949652837,FLAT,0.0,1,0.06479549370548189,0.006416860098666929,0.46930069343797276,UNLOADING,0.36092751555558245,0.042048174573231706,0.01833187133912025,0.0,0.0,0.009990000927123495,0,ok,0.0,0.00015132201813405997,AIR,0.0,-1,0.34038886035942856,0.06076161101208487,0.3844291753221993,UNLOADING,0.002006804336876704,0.01655761722789245,0.027663841538217514,-2.500000000000002,-0.0012026048614189877,0.6131150970001595,1,staged_v3,1.9185415382775988,2,1.8893185234478187,1.8893185234478187,2,0,1,1
v3_pelvis_proxy:v3_left_hand_proxy,261,0.0,0.3806637080170372,0.0,0.10117321065291691,0.4248143400907144,FLAT,0.0,1,0.06819170094917074,0.004513541558581743,0.5957695623802453,UNLOADING,0.30936644190478496,0.05027493656043053,0.016428552799035063,0.0,0.0,0.009990000927123509,0,ok,0.0,0.00011784970621875123,AIR,0.0,-1,0.27280304583299564,0.05885829247199968,0.3016153969599721,UNLOADED,0.0017318757773651702,0.014320246849866276,0.025760522998132328,-1.7517841966654957,-0.001903318540085186,0.6112117784600744,1,staged_v3,1.906998802672089,2,1.8791570443492844,1.8791570443492844,2,0,1,1
v3_pelvis_proxy:v3_left_hand_proxy,262,0.0,0.0,0.0,0.10117321065291691,0.40569606158975213,FLAT,0.0,1,0.07266363230025234,0.004513541558581743,0.7091851951112638,UNLOADING,0.2651712359183871,0.05594571819698145,0.016428552799035063,0.0,0.0,0.009990000927123509,0,ok,0.0,9.178144348789847e-05,FLAT,0.0,-1,0.16845652987635001,0.05885829247199968,0.2322274238985152,UNLOADED,0.001494531705642291,0.010850848196793432,0.025760522998132328,4.758296350212965,0.0,0.6112117784600744,1,staged_v3,1.9026686164994788,2,1.8745349015648067,1.8745349015648067,2,0,1,1
v3_pelvis_proxy:v3_left_hand_proxy,263,0.0,0.0,0.0,0.10117321065291691,0.35942517413392366,FLAT,0.0,1,0.0922147256753863,0.004513541558581743,0.791622086718813,UNLOADING,0.22728963078718895,0.060067562777358904,0.016428552799035063,0.0,0.0,0.009990000927123509,0,ok,0.0,0.019061929895045508,FLAT,0.0,-1,0.10432315075781418,0.05885829247199968,0.18147069040752123,UNLOADED,0.004316175027812199,0.008313011522243736,0.025760522998132328,0.0,0.0,0.6112117784600744,1,staged_v3,1.8990422574170187,2,1.8723820132710691,1.8723820132710691,2,0,1,1
v3_pelvis_proxy:v3_left_hand_proxy,264,0.0,0.0,0.0,0.10117321065291691,0.29514453159872545,FLAT,0.0,1,0.09868218594725907,0.004513541558581743,0.8506907007019996,UNLOADING,0.19481968353187623,0.06302099347651824,0.016428552799035063,0.0,0.0,0.009990000927123509,0,ok,0.0,0.05554474677730647,FLAT,0.0,-1,0.08331247228794064,0.05885829247199968,0.14298603325836112,UNLOADED,0.012973464775705615,0.006388778664785731,0.025760522998132328,0.0,0.0,0.6112117784600744,1,staged_v3,1.8998155719297385,2,1.873632997837403,1.873632997837403,2,0,1,1
v3_pelvis_proxy:v3_left_hand_proxy,265,0.0,0.0,0.0,0.10117321065291691,0.22985879232833037,FLAT,0.0,1,0.1682300838989035,0.004513541558581743,0.8930152120931496,UNLOADING,0.16698830017017963,0.06513721904607574,0.016428552799035063,0.0,0.0,0.009990000927123509,0,ok,0.0,0.09729182368215653,FLAT,0.0,-1,0.0593815360058951,0.05885829247199968,0.11493742806768156,LOADING,0.02760064215978751,0.00498634840525175,0.025760522998132328,0.0,0.0,0.6112117784600744,1,staged_v3,1.9011419936456186,2,1.8753598228643584,1.8753598228643584,2,0,1,1
v3_pelvis_proxy:v3_left_hand_proxy,266,0.0,0.0,0.0,0.10117321065291691,0.17901420746115113,FLAT,0.0,1,0.21925494588823632,0.004513541558581743,0.9233420497096456,UNLOADING,0.14313282871729682,0.06665356092690053,0.016428552799035063,0.0,0.0,0.009990000927123509,0,ok,0.0,0.12248743048280855,FLAT,0.0,-1,0.06113286907238446,0.05885829247199968,0.09455541160934292,LOADING,0.044261629943137176,0.003967247582334819,0.025760522998132328,0.0,0.0,0.6112117784600744,1,staged_v3,1.9023924731943895,2,1.877050954578166,1.877050954578166,2,0,1,1
v3_pelvis_proxy:v3_left_hand_proxy,267,0.0,0.0,0.0,0.10117321065291691,0.13941640495165142,FLAT,0.0,1,0.33657226294351805,0.004513541558581743,0.945072178412552,UNLOADING,0.12268528175768299,0.06774006736204585,0.016428552799035063,0.0,0.0,0.009990000927123509,0,ok,0.0,0.13959034111604385,FLAT,0.0,-1,0.06229818680355411,0.05885829247199968,0.07914118067671652,LOADING,0.06111790329632065,0.003196536035703499,0.025760522998132328,0.0,0.0,0.6112117784600744,1,staged_v3,1.9034058718520268,2,1.8785926700925877,1.8785926700925877,2,0,1,1
v3_pelvis_proxy:v3_left_hand_proxy,268,0.0,0.0,0.0,0.10117321065291691,0.10857760534934621,FLAT,0.0,1,0.5286671188251258,0.004513541558581743,0.9535321518746748,UNLOADING,0.10515881293515686,0.06816306603515199,0.016428552799035063,0.0,0.0,0.009990000927123509,0,ok,0.0,0.1563016691900138,FLAT,0.0,-1,0.06360855067821859,0.05885829247199968,0.06783216785363995,LOADING,0.07803420026299905,0.0026310853945496725,0.025760522998132328,0.0,0.0,0.6112117784600744,1,staged_v3,1.9039836896921576,2,1.879830865466448,1.879830865466448,2,0,1,1
v3_pelvis_proxy:v3_left_hand_proxy,269,0.0,0.0,0.0,0.10117321065291691,0.08456032407008879,FLAT,0.0,1,0.5978189836533048,0.004513541558581743,0.9127182829056847,UNLOADING,0.0901361253729916,0.06612237258670249,0.016428552799035063,0.0,0.0,0.009990000927123509,0,ok,0.0,0.16867883957723148,FLAT,0.0,-1,0.06393189164657387,0.05885829247199968,0.059728906074225104,LOADING,0.09414812761268199,0.0022259223055789285,0.025760522998132328,0.0,0.0,0.6112117784600744,1,staged_v3,1.9043310297903844,2,1.8809105160608868,1.8809105160608868,2,0,1,1
v3_pelvis_proxy:v3_left_hand_proxy,270,0.0,0.0,0.0,0.10117321065291691,0.06585564660255691,FLAT,0.0,1,1.0369497521150306,0.004513541558581743,0.8224683123829275,UNLOADING,0.0772595360339928,0.06160987406056463,0.016428552799035063,0.0,0.0,0.009990000927123509,0,ok,0.0,0.1827192991098421,FLAT,0.0,-1,0.06256249558481829,0.05885829247199968,0.05392266529149849,LOADING,0.10989181959047457,0.001935610266442598,0.025760522998132328,0.0,0.0,0.6112117784600744,1,staged_v3,1.9053301238554825,2,1.8821252006049374,1.8821252006049374,2,0,1,1
v3_pelvis_proxy:v3_left_hand_proxy,271,0.0,0.0,0.0,0.10117321065291691,0.051288429143745026,AIR,0.0,1,1.1803002816978292,0.004513541558581743,0.724984313431124,UNLOADING,0.06622245945770812,0.05673567411297446,0.016428552799035063,0.0,0.0,0.009990000927123509,0,ok,0.0,0.19420421688264636,FLAT,0.0,-1,0.06353020875893096,0.05885829247199968,0.050213964981053835,LOADING,0.1248039462997653,0.0017501752509203675,0.025760522998132328,0.0,0.0,0.6112117784600744,1,staged_v3,1.906225837676889,2,1.883211538692207,1.883211538692207,2,0,1,1
v3_pelvis_proxy:v3_left_hand_proxy,272,0.0,0.0,0.0,0.10117321065291691,0.03994346877965089,AIR,0.0,1,1.4565877631248818,0.004513541558581743,0.6369109887248151,UNLOADING,0.05676210810660696,0.052332007877659015,0.016428552799035063,0.0,0.0,0.009990000927123509,0,ok,0.0,0.19849569461373295,FLAT,0.0,-1,0.0690683411338121,0.05885829247199968,0.04843760312212452,LOADING,0.13761936482712875,0.0016613571579739,0.025760522998132328,0.0,0.0,0.6112117784600744,1,staged_v3,1.9069269072558213,2,1.8840461260826304,1.8840461260826304,2,0,1,1
v3_pelvis_proxy:v3_left_hand_proxy,273,0.0,0.0,0.0,0.10117321065291691,0.031108004764180325,AIR,0.0,1,1.6286558888582328,0.004513541558581743,0.5555807067690134,UNLOADING,0.04865323551994882,0.048265493779868926,0.016428552799035063,0.0,0.0,0.009990000927123509,0,ok,0.0,0.19965026776844552,FLAT,0.0,-1,0.07660824598170618,0.05885829247199968,0.047438306171923475,LOADING,0.1481313313094509,0.0016113923104638488,0.025760522998132328,0.0,0.0,0.6112117784600744,1,staged_v3,1.9072487660863575,2,1.8845389166892446,1.8845389166892446,2,0,1,1
v3_pelvis_proxy:v3_left_hand_proxy,274,0.0,0.0,0.0,0.10117321065291691,0.02422693847013263,AIR,0.0,1,1.7177118438398506,0.004513541558581743,0.4973050132498871,UNLOADING,0.04170277330281328,0.04535170910391262,0.016428552799035063,0.0,0.0,0.009990000927123509,0,ok,0.0,0.2001227284735848,FLAT,0.0,-1,0.07849215351095169,0.05885829247199968,0.04668597176431258,LOADING,0.1566610259320947,0.0015737755900833011,0.025760522998132328,0.0,0.0,0.6112117784600744,1,staged_v3,1.9073738759312169,2,1.8848545476726237,1.8848545476726237,2,0,1,1
v3_pelvis_proxy:v3_left_hand_proxy,275,0.0,0.0,0.0,0.10117321065291691,0.018867958651962037,AIR,0.0,1,2.028874663348841,0.004513541558581743,0.4555486541980309,UNLOADING,0.03574523425955424,0.0432638911513198,0.016428552799035063,0.0,0.0,0.009990000927123509,0,ok,0.0,0.20183932320508766,FLAT,0.0,-1,0.077360858673544,0.05885829247199968,0.04618147819106139,LOADING,0.1638324377261544,0.0015485509114207437,0.025760522998132328,0.0,0.0,0.6112117784600744,1,staged_v3,1.906982853948269,2,1.8846385853087075,1.8846385853087075,2,0,1,1
v3_pelvis_proxy:v3_left_hand_proxy,276,0.0,0.0,0.0,0.10117321065291691,0.014694380973106923,AIR,0.0,1,2.0940790548328274,0.004513541558581743,0.4256289155218148,UNLOADING,0.030638772222475064,0.041767904217509005,0.016428552799035063,0.0,0.0,0.009990000927123509,0,ok,0.0,0.20374166738282853,FLAT,0.0,-1,0.07467667464355646,0.05885829247199968,0.045697865231643604,LOADING,0.16995217180586306,0.0015243702634498528,0.025760522998132328,0.0,0.0,0.6112117784600744,1,staged_v3,1.9067054806255894,2,1.884494052500546,1.884494052500546,2,0,1,1
v3_pelvis_proxy:v3_left_hand_proxy,277,0.0,0.0,0.0,0.0,0.011443995408605225,AIR,0.0,1,2.2234711455151395,0.004513541558581743,0.4224134731335196,UNLOADING,0.026261804762121484,0.041607132098094246,0.016428552799035063,0.0,0.0,0.009990000927123509,0,ok,0.0,0.2069500697574106,FLAT,0.0,-1,0.07271628736234118,0.05885829247199968,0.045367804310990315,LOADING,0.17547397734279258,0.001507867217417188,0.025760522998132328,0.0,0.0,0.6112117784600744,1,staged_v3,1.9066609115040116,2,1.8844990428370751,1.8844990428370751,2,0,1,1
v3_pelvis_proxy:v3_left_hand_proxy,278,0.0,0.0,0.0,0.0,0.008912592585687312,AIR,0.0,1,2.262096073430293,0.004513541558581743,0.43833249516235917,UNLOADING,0.023225248887423763,0.042403083199536215,0.016428552799035063,0.0,0.0,0.009990000927123509,0,ok,0.0,0.20338025686903008,FLAT,0.0,-1,0.08167877005067363,0.05885829247199968,0.04855827059107852,LOADING,0.1790800745388542,0.001667390531421599,0.025760522998132328,0.0,0.0,0.6112117784600744,1,staged_v3,1.906404473502956,2,1.884329182872504,1.884329182872504,2,0,1,1
v3_pelvis_proxy:v3_left_hand_proxy,279,0.0,0.0,0.0,0.0,0.006941134084929675,FLAT,0.0,1,2.300297047746314,0.004513541558581743,0.4817440684522386,UNLOADING,0.02042125389081796,0.044573661864030195,0.016428552799035063,0.0,0.0,0.009990000927123509,0,ok,0.0,0.19674612332229957,FLAT,0.0,-1,0.0850469037909703,0.05885829247199968,0.05084433957609159,LOADING,0.18061259895464754,0.0017816939806722526,0.025760522998132328,0.0,0.0,0.6112117784600744,1,staged_v3,1.906035640602182,2,1.8840622916704168,1.8840622916704168,2,0,1,1
v3_pelvis_proxy:v3_left_hand_proxy,280,0.0,0.0,0.0,0.0,0.00540576066074685,FLAT,0.0,1,2.291636344493885,0.004513541558581743,0.5543752892217065,UNLOADING,0.017848066267984252,0.04820522290250359,0.016428552799035063,0.0,0.0,0.009990000927123509,0,ok,0.0,0.194417679915806,FLAT,0.0,-1,0.08238185285470302,0.05885829247199968,0.05248237958198511,LOADING,0.1813329146519212,0.0018635959809669284,0.025760522998132328,0.0,0.0,0.6112117784600744,1,staged_v3,1.9056520967441781,2,1.8837960787087986,1.8837960787087986,2,0,1,1
v3_pelvis_proxy:v3_left_hand_proxy,281,0.0,0.0,0.0,0.0,0.0042100106356862425,FLAT,0.0,1,2.3093727582913983,0.004513541558581743,0.6420940180153105,UNLOADING,0.015513597942662398,0.05259115934218378,0.016428552799035063,0.0,0.0,0.009990000927123509,0,ok,0.0,0.19240059718970834,FLAT,0.0,-1,0.08310081233661251,0.05885829247199968,0.05365608653418029,LOADING,0.18148175854107082,0.001922281328576688,0.025760522998132328,0.0,0.0,0.6112117784600744,1,staged_v3,1.905094066721329,2,1.8833819525360431,1.8833819525360431,2,0,1,1
v3_pelvis_proxy:v3_left_hand_proxy,282,0.6075153208681747,0.20000000000000018,0.250168788583833,0.0,0.0032787595798113886,FLAT,0.0,1,2.310543077343637,0.012777131545145273,0.7364340808317122,UNLOADING,0.013420822419765601,0.04904457249644034,0.04278316688412178,0.047155705702345674,0.250168788583833,0.009991052331811003,0,ok,0.0,0.18634476801653627,FLAT,0.0,-1,0.08771794471951648,0.03178286990050027,0.05449708431486627,LOADING,0.18072572467553283,0.006075738637350586,0.02164911557839273,-2.500000000000002,-0.0010000000000000009,0.6102117784600743,0,staged_v3,1.9042165649196,2,1.882707289838888,1.882707289838888,2,0,1,1
v3_pelvis_proxy:v3_left_hand_proxy,283,0.18111950006763758,0.40000000000000036,0.16708276104172926,0.0,0.00255350052825998,FLAT,0.0,1,2.3171976337750566,0.014640527348053808,0.7994403539966919,UNLOADING,0.011576723382944385,0.05033149035178079,0.05443372974794342,0.031494358477811735,0.16708276104172926,0.009990304621521985,0,ok,0.0,0.1812863599375762,FLAT,0.0,-1,0.0889508479027228,0.022673796422703583,0.05509968555685084,LOADING,0.17937884093749523,0.0050811878551389605,0.024406932197592407,-2.500000000000002,-0.0020000000000000018,0.6082117784600743,0,staged_v3,1.8979159341457283,2,1.8990174956104464,1.8990174956104464,2,1,1,1
v3_pelvis_proxy:v3_left_hand_proxy,284,0.002257327001185878,0.6000000000000005,0.0034630362909099906,0.0,0.0019886682109821184,FLAT,0.0,1,2.2908975134413896,0.011698632988105976,0.8140404604238456,UNLOADING,0.009975736017507182,0.05400339003308631,0.05165267076643985,0.0006527669622382604,0.0034630362909099906,0.009990000017967064,0,ok,0.0,0.17893105434652645,FLAT,0.0,-1,0.08906700116820072,0.01957183617339249,0.0558816414186659,LOADING,0.17788644842197734,0.008222245897540809,0.021494402595565,-2.500000000000002,-0.0030000000000000027,0.6052117784600743,1,staged_v3,1.9139315172352038,2,1.9157930444496305,1.9157930444496305,2,0,1,1
v3_pelvis_proxy:v3_left_hand_proxy,285,0.0,0.8000000000000007,0.0,0.0,0.0015487763599820836,FLAT,0.0,1,2.218808701974017,0.0076986329881059724,0.7882586830389413,UNLOADING,0.008597479435883407,0.0567143011638411,0.047652670766439836,0.0,0.0,0.009990000017967078,0,ok,0.0,0.16038036534432962,FLAT,0.0,-1,0.11324579333794521,0.015571836173392486,0.057620067168576136,LOADING,0.1740654183503618,0.012309167185036322,0.017494402595564996,-2.500000000000002,-0.0040000000000000036,0.6012117784600743,1,staged_v3,1.9273796944909394,2,1.9293171323766738,1.9293171323766738,2,0,1,1
v3_pelvis_proxy:v3_left_hand_proxy,286,0.0,0.0,0.0,0.0,0.0012061882419565268,AIR,0.0,1,2.029576894129173,0.0076986329881059724,0.7282996536280759,UNLOADING,0.007416085482632825,0.05371634969329783,0.047652670766439836,0.0,0.0,0.009990000017967078,0,ok,0.0,0.15283184109405704,FLAT,0.0,-1,0.10391857319733477,0.015571836173392486,0.06148782770063173,LOADING,0.1696895790405523,0.0125025552116391,0.017494402595564996,10.000000000000009,0.0,0.6012117784600743,1,staged_v3,1.940811204634503,2,1.9418128294757788,1.9418128294757788,2,1,1,1
v3_pelvis_proxy:v3_left_hand_proxy,287,0.0,0.20000000000000018,0.0,0.0,0.0009393803473672643,AIR,0.0,1,1.7337821468320889,0.0066986329881059715,0.6605803851848396,UNLOADING,0.0064021938587807544,0.05133038627113601,0.046652670766439835,0.0,0.0,0.009990000017967057,0,ok,0.0,0.15553068357693062,FLAT,0.0,-1,0.0902702211068743,0.014571836173392486,0.06651958801954572,LOADING,0.16618890297490124,0.013754143227584802,0.016494402595564995,-2.500000000000002,-0.0010000000000000009,0.6002117784600743,1,staged_v3,1.948277396254132,2,1.9479651497548964,1.9479651497548964,2,0,1,1
v3_pelvis_proxy:v3_left_hand_proxy,288,0.0,0.0,0.0,0.0,0.0007315901501315137,AIR,0.0,1,1.3889156651539925,0.0066986329881059715,0.6025616254549014,UNLOADING,0.0055291321646837146,0.048429448284639104,0.046652670766439835,0.0,0.0,0.009990000017967057,0,ok,0.0,0.15615059980958168,FLAT,0.0,-1,0.09115250864961233,0.014571836173392486,0.0728770916635127,LOADING,0.1631291737261934,0.01407201840978315,0.016494402595564995,2.500000000000002,0.0,0.6002117784600743,1,staged_v3,1.9699060094122498,2,1.9613887948461974,1.9613887948461974,2,0,1,1
v3_pelvis_proxy:v3_left_hand_proxy,289,0.0,0.0,0.0,0.0,0.0005697629818097495,AIR,0.0,1,1.218159429373493,0.0066986329881059715,0.5505278326720345,UNLOADING,0.004775840798628509,0.045827758645495764,0.046652670766439835,0.0,0.0,0.009990000017967057,0,ok,0.0,0.15675160168326785,FLAT,0.0,-1,0.09326019571618258,0.014571836173392486,0.08111057408079174,LOADING,0.16040177594854496,0.014483692530647102,0.016494402595564995,0.0,0.0,0.6002117784600743,1,staged_v3,1.9824292918139061,2,1.9706827879404842,1.9706827879404842,2,0,1,1
v3_pelvis_proxy:v3_left_hand_proxy,290,0.0,0.0,0.0,0.0,0.0004437318563985315,AIR,0.0,1,0.7568841295237793,0.0066986329881059715,0.5180229148345639,UNLOADING,0.004124130482644724,0.04420251275362222,0.046652670766439835,0.0,0.0,0.009990000017967057,0,ok,0.0,0.1496087479702607,FLAT,0.0,-1,0.103583805589702,0.014571836173392486,0.09235668427554694,LOADING,0.15688600510862588,0.015045998040384864,0.016494402595564995,0.0,0.0,0.6002117784600743,1,staged_v3,1.9894775454406148,2,1.9775366415750368,1.9775366415750368,2,0,1,1
v3_pelvis_proxy:v3_left_hand_proxy,291,0.0,0.0,0.0,0.0,0.0003455787172369045,AIR,0.0,1,0.6467513328581979,0.0066986329881059715,0.4928255175614932,UNLOADING,0.0035600073718463905,0.042942642889968685,0.046652670766439835,0.0,0.0,0.009990000017967057,0,ok,0.0,0.14832937644581778,FLAT,0.0,-1,0.10110683518506475,0.014571836173392486,0.10838627866225266,LOADING,0.15336693399547408,0.01584747775972015,0.016494402595564995,0.0,0.0,0.6002117784600743,1,staged_v3,1.9946576558246254,2,1.9828351997224782,1.9828351997224782,2,0,1,1
v3_pelvis_proxy:v3_left_hand_proxy,292,0.0,0.0,0.0,0.0,0.00026913697559691283,AIR,0.0,1,0.45473794446859517,0.0066986329881059715,0.4732623414946694,UNLOADING,0.00307168697306021,0.04196448408662751,0.046652670766439835,0.0,0.0,0.009990000017967057,0,ok,0.0,0.15333223569061766,FLAT,0.0,-1,0.09499576590240907,0.014571836173392486,0.14730519824798444,LOADING,0.15013531489817844,0.01779342373900674,0.016494402595564995,0.0,0.0,0.6002117784600743,1,staged_v3,1.996135127298593,2,1.9850457187155621,1.9850457187155621,2,0,1,1
v3_pelvis_proxy:v3_left_hand_proxy,293,0.0,0.0,0.0,0.0,0.0002096040873483453,AIR,0.0,1,0.4765134721165821,0.0066986329881059715,0.45455040754701226,UNLOADING,0.002649207186054556,0.04102888738924465,0.046652670766439835,0.0,0.0,0.009990000017967057,0,ok,0.0,0.16575524035879016,FLAT,0.0,-1,0.0852436412639938,0.014571836173392486,0.21081056717099567,LOADING,0.1473748819308942,0.020968692185157303,0.016494402595564995,0.0,0.0,0.6002117784600743,1,staged_v3,1.9971291447286774,2,1.9869734133998693,1.9869734133998693,2,0,1,1
v3_pelvis_proxy:v3_left_hand_proxy,294,0.0,0.0,0.0,0.0,0.00016323982736185847,AIR,0.0,1,0.47484223124870983,0.0066986329881059715,0.4199857471586724,UNLOADING,0.0022842749346897962,0.039300654369827645,0.046652670766439835,0.0,0.0,0.009990000017967057,0,ok,0.0,0.1800485188058764,FLAT,0.0,-1,0.08449155450800702,0.014571836173392486,0.29700736952297235,LOADING,0.14440315334774298,0.025278532302756132,0.016494402595564995,0.0,0.0,0.6002117784600743,1,staged_v3,1.9984013189835101,2,1.991763804373349,1.991763804373349,2,0,1,1
v3_pelvis_proxy:v3_left_hand_proxy,295,0.0,0.0,0.0,0.0,0.00012713130537785633,AIR,0.0,1,0.3577406013199477,0.0066986329881059715,0.37611153472833436,UNLOADING,0.0019692807661627074,0.03710694374831075,0.046652670766439835,0.0,0.0,0.009990000017967057,0,ok,0.0,0.17746740796973803,FLAT,0.0,-1,0.09909038562458078,0.014571836173392486,0.4039088982808763,LOADING,0.13888652326033946,0.03062360874065133,0.016494402595564995,0.0,0.0,0.6002117784600743,1,staged_v3,2.000170203672667,2,1.9970525919908202,1.9970525919908202,2,0,1,1
v3_pelvis_proxy:v3_left_hand_proxy,296,0.0,0.0,0.0,0.0,9.900996018116441e-05,FLAT,0.0,1,0.26265386931348794,0.0066986329881059715,0.3198630996583506,LOADING,0.0016975749891995446,0.03429452199481156,0.046652670766439835,0.0,0.0,0.009990000017967057,0,ok,0.0,0.18110723213469782,FLAT,0.0,-1,0.09538254669368408,0.014571836173392486,0.5226995134175086,UNLOADING,0.13139452994050518,0.03656313949748295,0.016494402595564995,0.0,0.0,0.6002117784600743,1,staged_v3,2.0024829318823834,2,2.0024285071865497,2.0024285071865497,2,0,1,1
v3_pelvis_proxy:v3_left_hand_proxy,297,0.0,0.0,0.0,0.0,0.010336476089120415,FLAT,0.0,1,0.1268181528161991,0.0066986329881059715,0.2437968180806559,LOADING,0.0029213552130448505,0.030491207915926823,0.046652670766439835,0.0,0.0,0.009990000017967057,0,ok,0.0,0.196004890663095,FLAT,0.0,-1,0.08315303416764959,0.014571836173392486,0.6579992568115401,UNLOADING,0.12220014255976891,0.043328126667184524,0.016494402595564995,0.0,0.0,0.6002117784600743,1,staged_v3,2.006373544386791,2,2.008088159335755,2.008088159335755,2,0,1,1
v3_pelvis_proxy:v3_left_hand_proxy,298,0.0,0.0,0.0,0.0,0.03704914018599382,FLAT,0.0,1,0.10304412884418503,0.0066986329881059715,0.18848156941536318,LOADING,0.008350296190085461,0.027725445482662186,0.046652670766439835,0.0,0.0,0.009990000017967057,0,ok,0.0,0.2093298081485902,FLAT,0.0,-1,0.08164797731172697,0.014571836173392486,0.754945759265963,UNLOADING,0.11207114465106684,0.04817545178990566,0.016494402595564995,0.0,0.0,0.6002117784600743,1,staged_v3,2.0118143375611517,2,2.013475813555014,2.013475813555014,2,0,1,1
v3_pelvis_proxy:v3_left_hand_proxy,299,0.0,0.0,0.0,0.0,0.06871931249954746,FLAT,0.0,1,0.09679276778350761,0.0066986329881059715,0.146878253336294,LOADING,0.018405424933896963,0.02564527967870873,0.046652670766439835,0.0,0.0,0.009990000017967057,0,ok,0.0,0.20559736149655392,FLAT,0.0,-1,0.0695909671297356,0.014571836173392486,0.8244109637251756,UNLOADING,0.1012182157817468,0.05164871201286629,0.016494402595564995,0.0,0.0,0.6002117784600743,1,staged_v3,2.0171931143550528,2,2.0187943167960936,2.0187943167960936,2,0,1,1
v3_pelvis_proxy:v3_left_hand_proxy,300,0.0,0.0,0.0,0.0,0.1162057804840037,FLAT,0.0,1,0.07631813721278752,0.0066986329881059715,0.1177168449498986,LOADING,0.03522962047521483,0.02418720925938896,0.046652670766439835,0.0,0.0,0.009990000017967057,0,ok,0.0,0.17057042487013152,FLAT,0.0,-1,0.12941687657294704,0.014571836173392486,0.8741849577156114,UNLOADING,0.08982423141542609,0.05413741171238809,0.016494402595564995,0.0,0.0,0.6002117784600743,1,staged_v3,2.0221837130221894,2,2.023696922822909,2.023696922822909,2,0,1,1
v3_pelvis_proxy:v3_left_hand_proxy,301,0.0,0.0,0.0,0.0,0.15361481027374904,FLAT,0.0,1,0.07128315289974702,0.0066986329881059715,0.09645668550729827,LOADING,0.055943223346154015,0.023124201287258943,0.046652670766439835,0.0,0.0,0.009990000017967057,0,ok,0.0,0.13284038045768065,FLAT,0.0,-1,0.20006701344533784,0.014571836173392486,0.9098495828620704,UNLOADING,0.07870300060051111,0.05592064296971104,0.016494402595564995,0.0,0.0,0.6002117784600743,1,staged_v3,2.0271048105690888,2,2.028518123111358,2.028518123111358,2,0,1,1
v3_pelvis_proxy:v3_left_hand_proxy,302,0.0,0.0,0.0,0.0,0.1905852166079457,FLAT,0.0,1,0.05749628915158759,0.0066986329881059715,0.08122311559888414,LOADING,0.07977563698251525,0.022362522791838237,0.046652670766439835,0.0,0.0,0.009990000017967057,0,ok,0.0,0.10345619232394504,FLAT,0.0,-1,0.3575395702354092,0.014571836173392486,0.9354044034593855,UNLOADING,0.0684144025802932,0.05719838399957679,0.016494402595564995,0.0,0.0,0.6002117784600743,1,staged_v3,2.031886771885606,2,2.0331762167809684,2.0331762167809684,2,0,1,1
v3_pelvis_proxy:v3_left_hand_proxy,303,0.0,0.0,0.0,0.0,0.2176943852421468,FLAT,0.0,1,0.0652027171398284,0.0066986329881059715,0.0703077857876907,LOADING,0.10429826459348399,0.021816756301278564,0.046652670766439835,0.0,0.0,0.009990000017967057,0,ok,0.0,0.08057176359547426,FLAT,0.0,-1,0.5471905484295599,0.014571836173392486,0.9394153105099844,UNLOADING,0.059338261537264854,0.057398929352106734,0.016494402595564995,0.0,0.0,0.6002117784600743,1,staged_v3,2.0365701350078926,2,2.0381388618377896,2.0377422573000707,2,0,1,1
v3_pelvis_proxy:v3_left_hand_proxy,304,0.0,0.0,0.0,0.0,0.23791371345870976,FLAT,0.0,1,0.06640366031634984,0.0066986329881059715,0.06248661021273113,LOADING,0.12804807007109759,0.021425697522530585,0.046652670766439835,0.0,0.0,0.009990000017967057,0,ok,0.0,0.06274935258159946,FLAT,0.0,-1,0.5895734329915159,0.014571836173392486,0.8987778031788256,UNLOADING,0.05176874236300072,0.055367053985548795,0.016494402595564995,0.0,0.0,0.6002117784600743,1,staged_v3,2.0412025667763194,2,2.043318041993581,2.0422633263018235,2,0,1,1
v3_pelvis_proxy:v3_left_hand_proxy,305,0.0,0.0,0.0,0.0,0.2439960920980339,FLAT,0.0,1,0.07732576494415395,0.0066986329881059715,0.056882493027777634,LOADING,0.14846185327497058,0.021145491663282914,0.046652670766439835,0.0,0.0,0.009990000017967057,0,ok,0.0,0.048869244927773337,FLAT,0.0,-1,0.9460338947730792,0.014571836173392486,0.8139827646558191,UNLOADING,0.04567185371611805,0.05112730205939847,0.016494402595564995,0.0,0.0,0.6002117784600743,1,staged_v3,2.0460077892606403,2,2.0472988241913104,2.0470717300384322,2,0,1,1
v3_pelvis_proxy:v3_left_hand_proxy,306,0.0,0.08673860540000522,0.0,0.0,0.24872171312813765,FLAT,0.0,1,0.07881864985379736,0.0062649399611059454,0.05286696759663381,LOADING,0.1658839926958991,0.021378408418725747,0.04621897773943981,0.0,0.0,0.009990000017967078,0,ok,0.0,0.03805940621785815,FLAT,0.0,-1,1.095196174524598,0.01413814314639246,0.7189041527972826,UNLOADING,0.04067563761879279,0.046807064493471676,0.01606070956856497,-1.0842325675000652,-0.0004336930270000261,0.5997780854330743,1,staged_v3,2.0507615550058906,2,2.051848076285212,2.051848076285212,2,0,1,1
v3_pelvis_proxy:v3_left_hand_proxy,307,0.0,0.021428898276076858,0.0,0.0,0.24514651770751092,FLAT,0.0,1,0.08543363532139174,0.006157795469725561,0.049430082281244556,LOADING,0.17931297518997288,0.021313708644336668,0.046111833248059425,0.0,0.0,0.00999000001796705,0,ok,0.0,0.029640695365700624,AIR,0.0,-1,1.4021958753255919,0.014030998655012075,0.6325543632573496,UNLOADING,0.036420738556414506,0.04259671950785541,0.015953565077184585,0.8163713390491045,-0.00010714449138038429,0.5996709409416939,1,staged_v3,2.063408658602262,2,2.0645817177455195,2.0645817177455195,2,0,1,1
v3_pelvis_proxy:v3_left_hand_proxy,308,0.0,0.03078202613704395,0.0,0.0,0.2462593138849596,FLAT,0.0,1,0.08148515256866025,0.006311705600410781,0.04636043438917518,LOADING,0.19041890517615284,0.02100631611904798,0.046265743378744645,0.0,0.0,0.00999000001796705,0,ok,0.0,0.02308419676158861,AIR,0.0,-1,1.543332316232702,0.014184908785697295,0.5524590482131312,UNLOADING,0.03269365067548625,0.03843804362495927,0.016107475207869804,0.6526365551640101,0.00015391013068521975,0.5998248510723792,1,staged_v3,2.0759130548992712,2,2.077174772062336,2.077174772062336,2,0,1,1
v3_pelvis_proxy:v3_left_hand_proxy,309,0.0,0.23078202613704413,0.0,0.0,0.2525319998507696,FLAT,0.0,1,0.07720240829824085,0.0074656157310960015,0.04309113872173124,SUPPORT,0.2423351241409223,0.01968894120499056,0.047419653509429865,0.0,0.0,0.009990000017967092,0,ok,0.0,0.0179779905144996,AIR,0.0,-1,1.6170371752640147,0.015338818916382516,0.4950682471536769,UNLOADING,0.02931993747372262,0.034414593441301336,0.017261385338555025,2.500000000000002,0.0011539101306852206,0.6009787612030644,1,staged_v3,2.0864058952009623,2,2.0877552911463813,2.0877552911463813,2,0,1,1
v3_pelvis_proxy:v3_left_hand_proxy,310,0.0,0.4307820261370443,0.0,0.0,0.26257661579604513,FLAT,0.0,1,0.06965450702911058,0.009619525861781223,0.041662446436188626,SUPPORT,0.2838680993127378,0.01746359646002821,0.04957356364011509,0.0,0.0,0.009990000017967085,0,ok,0.0,0.014001273090742576,AIR,0.0,-1,1.956749223119453,0.017492729047067737,0.45394594125566645,UNLOADING,0.02622358240587479,0.03020456801571559,0.019415295469240246,2.500000000000002,0.0021539101306852215,0.6031326713337496,1,staged_v3,2.0922727937846286,2,2.0937054516079674,2.0937054516079674,2,0,1,1
v3_pelvis_proxy:v3_left_hand_proxy,311,0.0,0.6307820261370445,0.0,0.0,0.27938268548577067,FLAT,0.0,1,0.06337985335835639,0.012773435992466445,0.04134170081105553,SUPPORT,0.31709447945019026,0.014293649048086332,0.052727473770800316,0.0,0.0,0.009990000017967092,0,ok,0.0,0.010904202447066908,AIR,0.0,-1,2.0252618570049967,0.02064663917775296,0.44270350869414804,UNLOADING,0.023345481171355403,0.026488536256954444,0.02256920559992547,2.500000000000002,0.0031539101306852224,0.6062865814644348,1,staged_v3,2.09579154764819,2,2.0973022974539406,2.0973022974539406,2,0,1,1
v3_pelvis_proxy:v3_left_hand_proxy,312,0.0,0.8307820261370447,0.0,0.0,0.2962801234603689,FLAT,0.0,1,0.056350238602647554,0.016927346123151676,0.041178067570714044,SUPPORT,0.3436755835601522,0.01013155725538403,0.05688138390148554,0.0,0.0,0.009990000017967092,0,ok,0.0,0.008492201404544836,AIR,0.0,-1,2.164954980932331,0.024800549308438183,0.4528709409342051,UNLOADING,0.02067417388457118,0.022842997738272072,0.026723115730610692,2.500000000000002,0.004153910130685223,0.61044049159512,1,staged_v3,2.098457134508191,2,2.100042754410954,2.100042754410954,2,0,1,1
v3_pelvis_proxy:v3_left_hand_proxy,313,0.0,0.6307820261370445,0.0,0.0233951994716725,0.3067216991111866,FLAT,0.0,1,0.059410685145112094,0.020081256253836898,0.04156408866799531,SUPPORT,0.36494046684812176,0.006996948179562867,0.06003529403217076,0.0,0.0,0.009990000017967085,0,ok,0.0,0.006613733103859603,AIR,0.0,-1,2.2019458942304535,0.027954459439123405,0.48999617761628234,UNLOADING,0.018202581781517315,0.021545349441690717,0.029877025861295918,-2.500000000000002,0.0031539101306852224,0.6135944017258053,1,staged_v3,2.10114240868011,2,2.1027921307294983,2.1027921307294983,2,0,1,1
v3_pelvis_proxy:v3_left_hand_proxy,314,0.0,0.4307820261370443,0.0,0.04436087848284411,0.3116046041972996,FLAT,0.0,1,0.05961787762552611,0.02223516638452212,0.04184068487073939,SUPPORT,0.3819523734784974,0.00485686785901485,0.062189204162855984,0.0,0.0,0.009990000017967085,0,ok,0.0,0.0051507805203111325,AIR,0.0,-1,2.243891319220486,0.030108369569808627,0.5563880385813283,UNLOADING,0.0159286340769366,0.022711032359257796,0.03203093599198114,-2.500000000000002,0.0021539101306852215,0.6157483118564905,1,staged_v3,2.0973876417399984,2,2.099094316016975,2.099094316016975,2,0,1,1
v3_pelvis_proxy:v3_left_hand_proxy,315,0.0,0.23078202613704413,0.0,0.06429777197716685,0.31030885104484285,FLAT,0.0,1,0.06769144045545683,0.02338907651520734,0.04203887471039135,SUPPORT,0.39556189878279796,0.0037128672203122284,0.0633431142935412,0.0,0.0,0.009990000017967085,0,ok,0.0,0.004011431902647248,FLAT,0.0,-1,2.2576928377725456,0.03126227970049385,0.6426555078724895,UNLOADING,0.013857895365367882,0.02587049569313063,0.03318484612266636,-2.500000000000002,0.0011539101306852206,0.6169022219871757,1,staged_v3,2.0937844390145,2,2.095567214431178,2.095567214431178,2,0,1,1
v3_pelvis_proxy:v3_left_hand_proxy,316,0.0,0.03078202613704395,0.0,0.0838649976738482,0.30844344625990305,FLAT,0.0,1,0.06927151419592253,0.02354298664589256,0.042180883935939564,SUPPORT,0.4064495190262384,0.0035660575509044203,0.06349702442422642,0.0,0.0,0.009990000017967064,0,ok,0.0,0.003124106307019292,FLAT,0.0,-1,2.2743748260793346,0.03141618983117907,0.7368168693671754,UNLOADING,0.01199565489578834,0.030424653637179708,0.03333875625335158,-2.500000000000002,0.00015391013068521975,0.6170561321178609,1,staged_v3,2.0915655310019776,2,2.0920961171323618,2.0920961171323618,2,0,1,1
v3_pelvis_proxy:v3_left_hand_proxy,317,0.0,0.16921797386295623,0.0,0.10334974327713345,0.2980273136953864,FLAT,0.0,1,0.07610220624805442,0.02269689677657778,0.0422826379924352,SUPPORT,0.4151596152209907,0.004417235123043983,0.06265093455491164,0.0,0.0,0.009990000017967078,0,ok,0.0,0.0024330564383049395,FLAT,0.0,-1,2.2765507321997824,0.030570099961864286,0.8114210464867494,UNLOADING,0.010347536087386325,0.03500095236247318,0.0324926663840368,-2.500000000000002,-0.0008460898693147811,0.6162100422485461,1,staged_v3,2.092661832731735,2,2.0887223748895525,2.0887223748895525,2,0,1,1
v3_pelvis_proxy:v3_left_hand_proxy,318,0.0,0.32621708088120815,0.0,0.11666632109524104,0.2844143979154521,FLAT,0.0,1,0.08106188720651454,0.021065811372171738,0.04273392389633523,SUPPORT,0.4221276921767926,0.006070884822645024,0.0610198491505056,0.0,0.0,0.009990000017967078,0,ok,0.0,0.0018948662594088102,FLAT,0.0,-1,2.2298765155924603,0.028939014557458245,0.8588993805070417,UNLOADING,0.008907511903910977,0.039005954467893844,0.030861580979630758,-1.962488837728149,-0.0016310854044060408,0.6145789568441401,1,staged_v3,2.1045160036988655,2,2.090283466343777,2.090283466343777,2,0,1,1
v3_pelvis_proxy:v3_left_hand_proxy,319,0.0,0.16432552860419225,0.0,0.1249807724687975,0.27475289034664946,FLAT,0.0,1,0.08152889499442878,0.020244183729150777,0.04452364140212298,SUPPORT,0.42770215374143405,0.006981998340955375,0.06019822150748464,0.0,0.0,0.009990000017967085,0,ok,0.0,0.0014757233266431652,FLAT,0.0,-1,2.1773412022923186,0.028117386914437284,0.8586182191210148,UNLOADING,0.007664815973638762,0.039813524041613466,0.030039953336609797,2.023644403462699,-0.0008216276430209613,0.6137573292011191,1,staged_v3,2.125768825950766,2,2.1091467068779712,2.1091467068779712,2,0,1,1
v3_pelvis_proxy:v3_left_hand_proxy,320,0.0,0.004553565449927355,0.0,0.12991779428752057,0.2612094111340613,FLAT,0.0,1,0.0850796888295807,0.020266951556400414,0.04595687887043928,SUPPORT,0.43216172299314726,0.0070308923871215505,0.06022098933473428,0.0,0.0,0.009990000017967078,0,ok,0.0,0.0011492944823864356,FLAT,0.0,-1,2.0237566157395936,0.02814015474168692,0.816978327929196,UNLOADING,0.006599891662814383,0.03770876165477288,0.030062721163859434,2.110988675676495,2.2767827249636774e-05,0.6137800970283688,1,staged_v3,2.147339528604728,2,2.1286057794151856,2.1286057794151856,2,0,1,1
v3_pelvis_proxy:v3_left_hand_proxy,321,0.0,0.0653103534390631,0.0,0.13271581627825813,0.26013723853104914,FLAT,0.0,1,0.07827167525566817,0.02059350332359573,0.047057361789558105,SUPPORT,0.4357293783945178,0.0067593647658821775,0.06054754110192959,0.0,0.0,0.009990000017967078,0,ok,0.0,0.000895071442862201,AIR,0.0,-1,1.857912300755405,0.028466706508882236,0.7415819201006324,UNLOADING,0.005690093231503358,0.033612389496149385,0.03038927293105475,0.7594598498641969,0.00032655176719531553,0.6141066487955641,1,staged_v3,2.1689482164318696,2,2.148230087579594,2.148230087579594,2,0,1,1
v3_pelvis_proxy:v3_left_hand_proxy,322,0.0,0.04531676506580595,0.0,0.13431439241210202,0.27214320839829576,FLAT,0.0,1,0.06773334063294091,0.02082008714892476,0.04951882487259447,SUPPORT,0.43858350271561425,0.006655854094704965,0.06077412492725862,0.0,0.0,0.009990000017967092,0,ok,0.0,0.0006970823406059344,AIR,0.0,-1,1.609377506093275,0.028693290334211266,0.6701562764565339,UNLOADING,0.004910069660551715,0.02981452348861543,0.03061585675638378,-0.24991985466571442,0.00022658382532902976,0.6143332326208931,1,staged_v3,2.1872938374387614,2,2.1650847433889595,2.1650847433889595,2,0,1,1
v3_pelvis_proxy:v3_left_hand_proxy,323,0.0,0.007507944563500679,0.0,0.13527276893944393,0.28739647582438305,FLAT,0.0,1,0.06287909721816298,0.020857626871742262,0.05319246973477153,SUPPORT,0.4408668021724914,0.006801996614996315,0.060811664650076126,0.0,0.0,0.009990000017967099,0,ok,0.0,0.0005428882727291495,AIR,0.0,-1,1.2499793802550287,0.02873083005702877,0.6090213248136741,UNLOADING,0.004238953671565161,0.02672023618365494,0.030653396479201282,-0.4726102562788159,3.7539722817503396e-05,0.6143707723437106,1,staged_v3,2.2030130204567033,2,2.1794764849637858,2.1794764849637858,2,0,1,1
v3_pelvis_proxy:v3_left_hand_proxy,324,0.0,0.013902638022766922,0.0,0.13588352907234078,0.3050428320247233,FLAT,0.0,1,0.06121234270723113,0.020788113681628428,0.05813570920713132,SUPPORT,0.44269344173799313,0.007118671778728141,0.06074215145996229,0.0,0.0,0.009990000017967099,0,ok,0.0,0.0004228018119217441,AIR,0.0,-1,1.074164293826818,0.028661316866914935,0.5543800817460918,UNLOADING,0.00366030441975102,0.02405768722038966,0.030583883289087448,-0.267632282328345,-6.951319011383461e-05,0.6143012591535968,1,staged_v3,2.2175983826277537,2,2.1928030772292453,2.1928030772292453,2,0,1,1
v3_pelvis_proxy:v3_left_hand_proxy,325,0.0,0.02130980821766215,0.0,0.1363359119936243,0.3076013889756104,FLAT,0.0,1,0.0675743656501853,0.020681564640540117,0.06441800684461563,SUPPORT,0.4441547533903945,0.007539335701690665,0.06063560241887398,0.0,0.0,0.009990000017967099,0,ok,0.0,0.0003292783822086631,AIR,0.0,-1,0.6346032290771774,0.028554767825826624,0.5191743638037298,UNLOADING,0.0031600217151596115,0.022403950364359868,0.030477334247999137,-0.09258962743619037,-0.00010654904108831076,0.6141947101125085,1,staged_v3,2.222872763650385,2,2.1979500364985163,2.1979500364985163,2,0,1,1
v3_pelvis_proxy:v3_left_hand_proxy,326,0.0,0.018979244016392727,0.0,0.13672332615768826,0.3172362206232203,FLAT,0.0,1,0.06445805743283048,0.020586668420458153,0.07245010426478185,SUPPORT,0.4453238027123156,0.00803583679278094,0.06054070619879202,0.0,0.0,0.009990000017967113,0,ok,0.0,0.0002564422619125922,AIR,0.0,-1,0.536733333761806,0.02845987160574466,0.4877027059296736,UNLOADING,0.0027273578525458236,0.02092526369073902,0.030382438027917173,0.029132052515867812,-9.489622008196363e-05,0.6140998138924265,1,staged_v3,2.225476747648725,2,2.20081430088675,2.20081430088675,2,0,1,1
v3_pelvis_proxy:v3_left_hand_proxy,327,0.0,0.013669637022450942,0.0,0.1371440672403372,0.33265869183031793,FLAT,0.0,1,0.05842761091158812,0.0205183202353459,0.08269960920316993,SUPPORT,0.44625904216985246,0.0086166602248126,0.06047235801367976,0.0,0.0,0.009990000017967078,0,ok,0.0,0.00019971743439012912,AIR,0.0,-1,0.3433498150501451,0.028391523420632406,0.46525927577570886,UNLOADING,0.002352992022968705,0.01987144036815304,0.03031408984280492,0.0663700874242723,-6.834818511225471e-05,0.6140314657073143,1,staged_v3,2.2227733059939947,2,2.1991165209231474,2.1991165209231474,2,0,1,1
v3_pelvis_proxy:v3_left_hand_proxy,328,0.0,0.009930747684161467,0.0,0.1376490558233544,0.36682347507245006,FLAT,0.0,1,0.044561393936697544,0.02046866649692509,0.09858937226348011,SUPPORT,0.44700723373588197,0.009460802116248914,0.060422704275258955,0.0,0.0,0.009990000017967092,0,ok,0.0,0.0001555400942960445,AIR,0.0,-1,0.3675435213786455,0.0283418696822116,0.44657011292217846,UNLOADING,0.0020291475249477947,0.018986635963897325,0.03026443610438411,0.04673611672861844,-4.9653738420807336e-05,0.6139818119688935,1,staged_v3,2.216973995595912,2,2.194980056685553,2.194980056685553,2,0,1,1
v3_pelvis_proxy:v3_left_hand_proxy,329,0.0,0.009448303173820172,0.0,0.1382323005429137,0.4092672914039485,FLAT,0.0,1,0.03850164008100746,0.02042142498105599,0.13748149742116506,SUPPORT,0.44760578698870557,0.011452649890002265,0.060375462759389854,0.0,0.0,0.009990000017967085,0,ok,0.0,0.0001211347472367596,AIR,0.0,-1,0.37586798580070135,0.028294628166342498,0.4301283143756019,UNLOADING,0.0017491309160403237,0.018211787552437603,0.03021719458851501,0.006030556379266194,-4.724151586910086e-05,0.6139345704530244,1,staged_v3,2.2104688206905196,2,2.190363311021696,2.190363311021696,2,0,1,1
v3_pelvis_proxy:v3_left_hand_proxy,330,0.0,0.01861251468835423,0.0,0.1388570453618379,0.41578582707367556,FLAT,0.0,1,0.05371788778794815,0.02032836240761422,0.19579611016393222,SUPPORT,0.44808462959096446,0.014461443100582397,0.06028240018594808,0.0,0.0,0.009990000017967106,0,ok,0.0,9.433983600514508e-05,AIR,0.0,-1,0.4399630246002515,0.028201565592900726,0.4024270815623603,UNLOADING,0.0015073086324812093,0.016919788485217288,0.03012413201507324,-0.11455264393167575,-9.306257344177116e-05,0.6138415078795826,1,staged_v3,2.2027201138128003,2,2.1848980263982223,2.1848980263982223,2,0,1,1
v3_pelvis_proxy:v3_left_hand_proxy,331,0.0,0.2186125146883544,0.0,0.1575393762672711,0.4280313149787674,FLAT,0.0,1,0.05293031575306766,0.019235299834172447,0.26720031385864496,UNLOADING,0.38407253964939814,0.019124715858759803,0.05918933761250631,0.0,0.0,0.009990000017967092,0,ok,0.0,7.347193815563491e-05,AIR,0.0,-1,0.3481589105402157,0.027108503019458954,0.35665087429302156,UNLOADING,0.0012987314145805257,0.01572404069519212,0.029031069441631467,-2.500000000000002,-0.001093062573441772,0.6127484453061408,1,staged_v3,2.1983513354576982,2,2.182174685124044,2.182174685124044,2,0,1,1
v3_pelvis_proxy:v3_left_hand_proxy,332,0.0,0.4186125146883546,0.0,0.17706460609600483,0.44405183448888025,FLAT,0.0,1,0.05079609494775192,0.017142237260730674,0.34693600154593207,UNLOADING,0.3292050339851984,0.02520456281656593,0.05709627503906454,0.0,0.0,0.009990000017967085,0,ok,0.0,5.72200029693823e-05,FLAT,0.0,-1,0.1912145139374304,0.02501544044601718,0.27972274848963585,LOADING,0.0011190861077076224,0.013970696978464613,0.02693800686818969,-2.500000000000002,-0.002093062573441773,0.610655382732699,1,staged_v3,2.1894615880639523,2,2.173991311552014,2.173991311552014,2,0,1,1
v3_pelvis_proxy:v3_left_hand_proxy,333,0.0,0.6186125146883548,0.0,0.19700285613957133,0.4485299988542707,FLAT,0.0,1,0.055378050707709396,0.0140491746872889,0.4482099638289848,UNLOADING,0.28217574341588436,0.03336132350416034,0.05400321246562277,0.0,0.0,0.009990000017967099,0,ok,0.0,0.0074816389040459706,FLAT,0.0,-1,0.11713047992924844,0.021922377872575408,0.21778318400056404,LOADING,0.0020657216385621675,0.013966781327452799,0.023844944294747917,-2.500000000000002,-0.003093062573441774,0.6075623201592573,1,staged_v3,2.1813710989353763,2,2.1662964842731154,2.1662964842731154,2,0,1,1
v3_pelvis_proxy:v3_left_hand_proxy,334,0.0,0.8186125146883549,0.0,0.2163221964853058,0.43313413295768793,FLAT,0.0,1,0.05551646144248179,0.009956112113847119,0.5447843845753118,UNLOADING,0.24186492292790088,0.04228310711491848,0.04991014989218098,0.0,0.0,0.009990000017967092,0,ok,0.0,0.026150615520669447,FLAT,0.0,-1,0.09736543633412724,0.017829315299133633,0.16553400127996687,LOADING,0.0060169372103695395,0.015447384764864715,0.019751881721306142,-2.500000000000002,-0.004093062573441775,0.6034692575858155,1,staged_v3,2.1735625022896454,2,2.1587389524419893,2.1587389524419893,2,0,1,1
v3_pelvis_proxy:v3_left_hand_proxy,335,0.0,0.0,0.0,0.2163221964853058,0.4081302362170303,FLAT,0.0,1,0.06383326477399875,0.009956112113847119,0.6204183626731796,UNLOADING,0.2073127910810579,0.04606480601981186,0.04991014989218098,0.0,0.0,0.009990000017967092,0,ok,0.0,0.06152460305691443,FLAT,0.0,-1,0.06467572918364231,0.017829315299133633,0.12829836275384424,LOADING,0.01553976921142206,0.013585602838558579,0.019751881721306142,10.232656433604436,0.0,0.6034692575858155,1,staged_v3,2.1663058275874865,2,2.1517564334715713,2.1517564334715713,2,0,1,1
v3_pelvis_proxy:v3_left_hand_proxy,336,0.0,0.20000000000000018,0.0,0.21612320777333346,0.3670050861564764,FLAT,0.0,1,0.07323982581497764,0.008956112113847118,0.6907546347079517,UNLOADING,0.1776966780694782,0.05058161962155047,0.04891014989218098,0.0,0.0,0.009990000017967043,0,ok,0.0,0.09536802286248901,FLAT,0.0,-1,0.06272720111882965,0.016829315299133632,0.1018598237280326,LOADING,0.02956258594202263,0.013263675887267998,0.01875188172130614,-2.500000000000002,-0.0010000000000000009,0.6024692575858155,1,staged_v3,2.167006627699857,2,2.1527453024550107,2.1527453024550107,2,0,1,1
v3_pelvis_proxy:v3_left_hand_proxy,337,0.0,0.40000000000000036,0.0,0.19797085190373442,0.3151015923911723,FLAT,0.0,1,0.0970336260682278,0.006956112113847116,0.7498804358299351,UNLOADING,0.15231143834526703,0.05553790967764964,0.04691014989218098,0.0,0.0,0.009990000017967085,0,ok,0.0,0.12317245544467277,FLAT,0.0,-1,0.060747505232391356,0.01482931529913363,0.08231277514794952,LOADING,0.04625682651666502,0.014286323458263847,0.01675188172130614,-2.500000000000002,-0.0020000000000000018,0.6004692575858155,1,staged_v3,2.1678064087413684,2,2.1538119562794087,2.1538119562794087,2,0,1,1
v3_pelvis_proxy:v3_left_hand_proxy,338,0.0,0.0,0.0,0.19797085190373442,0.26211066351083506,FLAT,0.0,1,0.12012735601329616,0.006956112113847116,0.8148799082126211,UNLOADING,0.13055266143880032,0.058787883296783944,0.04691014989218098,0.0,0.0,0.009990000017967085,0,ok,0.0,0.14834611721459456,FLAT,0.0,-1,0.048648362599729524,0.01482931529913363,0.0681697626980971,LOADING,0.06465214073471033,0.013579172835771227,0.01675188172130614,5.000000000000004,0.0,0.6004692575858155,1,staged_v3,2.176199260371724,2,2.1624157351099007,2.1624157351099007,2,0,1,1
v3_pelvis_proxy:v3_left_hand_proxy,339,0.0,0.0,0.0,0.19797085190373442,0.2094092176101941,FLAT,0.0,1,0.136113692415675,0.006956112113847116,0.8673556580180493,UNLOADING,0.11190228123325742,0.06141167078705535,0.04691014989218098,0.0,0.0,0.009990000017967085,0,ok,0.0,0.16902976901506755,FLAT,0.0,-1,0.039178671918321126,0.01482931529913363,0.05800579749031714,LOADING,0.08356672508051716,0.013070974575382227,0.01675188172130614,0.0,0.0,0.6004692575858155,1,staged_v3,2.1770509090515464,2,2.1634638879805252,2.1634638879805252,2,0,1,1
v3_pelvis_proxy:v3_left_hand_proxy,340,0.0,0.0,0.0,0.19797085190373442,0.1630880626571894,FLAT,0.0,1,0.20987281109077055,0.006956112113847116,0.904956175799475,UNLOADING,0.09591624105707779,0.06329169667612664,0.04691014989218098,0.0,0.0,0.009990000017967085,0,ok,0.0,0.18713004739822972,FLAT,0.0,-1,0.04737673994295911,0.01482931529913363,0.049944271913113514,LOADING,0.10241017474998547,0.012667898296522047,0.01675188172130614,0.0,0.0,0.6004692575858155,1,staged_v3,2.1777966164129015,2,2.1644759592224143,2.1644759592224143,2,0,1,1
v3_pelvis_proxy:v3_left_hand_proxy,341,0.0,0.0,0.0,0.19797085190373442,0.12701311090701745,FLAT,0.0,1,0.23305476051908566,0.006956112113847116,0.9318981240836529,UNLOADING,0.08221392090606668,0.06463879409033554,0.04691014989218098,0.0,0.0,0.009990000017967085,0,ok,0.0,0.20166550878773923,FLAT,0.0,-1,0.04639330446168895,0.01482931529913363,0.04294321945251173,LOADING,0.12052920831756136,0.012317845673491958,0.01675188172130614,0.0,0.0,0.6004692575858155,1,staged_v3,2.178482544561815,2,2.1654401112530697,2.1654401112530697,2,0,1,1
v3_pelvis_proxy:v3_left_hand_proxy,342,0.0,0.0,0.0,0.19797085190373442,0.09891791023472038,FLAT,0.0,1,0.27884928710908663,0.006956112113847116,0.951147813625792,UNLOADING,0.07046907506234287,0.0656012785674425,0.04691014989218098,0.0,0.0,0.009990000017967085,0,ok,0.0,0.21161920343568036,FLAT,0.0,-1,0.04572005478298459,0.01482931529913363,0.037659737357549766,LOADING,0.13715330261694483,0.01205367156874386,0.01675188172130614,0.0,0.0,0.6004692575858155,1,staged_v3,2.179044844876692,2,2.1663053285104024,2.1663053285104024,2,0,1,1
v3_pelvis_proxy:v3_left_hand_proxy,343,0.0,0.0,0.0,0.19797085190373442,0.07703734595058717,FLAT,0.0,1,0.3843342308267887,0.006956112113847116,0.9288410763427257,UNLOADING,0.06040206433915103,0.06448594170328917,0.04691014989218098,0.0,0.0,0.009990000017967085,0,ok,0.0,0.22183936800528095,FLAT,0.0,-1,0.04524236507831116,0.01482931529913363,0.034026145734720036,LOADING,0.15258084796152288,0.011871991987602373,0.01675188172130614,0.0,0.0,0.6004692575858155,1,staged_v3,2.1796524377317246,2,2.1671788526747062,2.1671788526747062,2,0,1,1
v3_pelvis_proxy:v3_left_hand_proxy,344,0.0,0.0,0.0,0.19797085190373442,0.05999674535206001,FLAT,0.0,1,0.4287981454368847,0.006956112113847116,0.8743304603047424,UNLOADING,0.0517731980049866,0.061760410901390006,0.04691014989218098,0.0,0.0,0.009990000017967085,0,ok,0.0,0.23056902229315357,FLAT,0.0,-1,0.04332557328596119,0.01482931529913363,0.03129602418759153,LOADING,0.16673530408812984,0.011735485910245948,0.01675188172130614,0.0,0.0,0.6004692575858155,1,staged_v3,2.1802614294700913,2,2.168036477491731,2.168036477491731,2,0,1,1
v3_pelvis_proxy:v3_left_hand_proxy,345,0.0,0.0,0.0,0.19797085190373442,0.04672551226192001,FLAT,0.0,1,0.8649539240117651,0.006956112113847116,0.7904697163109162,UNLOADING,0.04437702686141709,0.057567373701698704,0.04691014989218098,0.0,0.0,0.009990000017967085,0,ok,0.0,0.24303133011079253,FLAT,0.0,-1,0.03278452359633018,0.01482931529913363,0.029666939275979375,LOADING,0.1805525101501509,0.011654031664665339,0.01675188172130614,0.0,0.0,0.6004692575858155,1,staged_v3,2.1807301326003086,2,2.1714953491962246,2.1685007766219035,2,0,1,1
v3_pelvis_proxy:v3_left_hand_proxy,346,0.0,0.0,0.0,0.19797085190373442,0.036389865538995834,FLAT,0.0,1,0.9258895221013226,0.006956112113847116,0.7020563174511244,UNLOADING,0.038037451595500364,0.05314670375870911,0.04691014989218098,0.0,0.0,0.009990000017967085,0,ok,0.0,0.2532139201143058,FLAT,0.0,-1,0.033669330698595325,0.01482931529913363,0.028754455525961453,LOADING,0.19362858646208564,0.011608407477164445,0.01675188172130614,0.0,0.0,0.6004692575858155,1,staged_v3,2.181142214841781,2,2.1750247943093894,2.168920236424974,2,0,1,1
v3_pelvis_proxy:v3_left_hand_proxy,347,0.0,0.0,0.0,0.19797085190373442,0.028340455777633087,AIR,0.0,1,1.062163289541519,0.006956112113847116,0.6204823617164354,UNLOADING,0.032603529939000314,0.049068005971974665,0.04691014989218098,0.0,0.0,0.009990000017967085,0,ok,0.0,0.25788795470349807,FLAT,0.0,-1,0.03638931979295096,0.01482931529913363,0.028474967725777282,LOADING,0.20501178987295837,0.011594433087155236,0.01675188172130614,0.0,0.0,0.6004692575858155,1,staged_v3,2.1814421265199644,2,2.178160122762552,2.171112067217769,2,0,1,1
v3_pelvis_proxy:v3_left_hand_proxy,348,0.0,0.0,0.0,0.0,0.02207156915222117,AIR,0.0,1,1.1861066745856996,0.006956112113847116,0.5438090811277712,UNLOADING,0.02794588280485741,0.045234341942541445,0.04691014989218098,0.0,0.0,0.009990000017967085,0,ok,0.0,0.25906079707368473,FLAT,0.0,-1,0.03940368969233912,0.01482931529913363,0.027899032300125394,LOADING,0.21437608220405266,0.011565636315872641,0.01675188172130614,0.0,0.0,0.6004692575858155,1,staged_v3,2.181626645222762,2,2.1810189006379224,2.174516901041214,2,0,1,1
v3_pelvis_proxy:v3_left_hand_proxy,349,0.0,0.0,0.0,0.0,0.01718935533936451,AIR,0.0,1,1.2460216627240706,0.006956112113847116,0.48887027490158375,UNLOADING,0.025208755328338977,0.042487401631232075,0.04691014989218098,0.0,0.0,0.009990000017967085,0,ok,0.0,0.2580448629149972,FLAT,0.0,-1,0.04057611430674273,0.01482931529913363,0.02703004039876921,LOADING,0.22171484573238412,0.011522186720804833,0.01675188172130614,0.0,0.0,0.6004692575858155,1,staged_v3,2.1817463607111325,2,2.1837400562840488,2.1778584641124605,2,0,1,1
v3_pelvis_proxy:v3_left_hand_proxy,350,0.0,0.0,0.0,0.0,0.013387083398789714,AIR,0.0,1,1.3183567697542071,0.006956112113847116,0.44950490007497423,UNLOADING,0.022660293683336465,0.040519132889901596,0.04691014989218098,0.0,0.0,0.009990000017967085,0,ok,0.0,0.25640515959444093,FLAT,0.0,-1,0.038028862221295784,0.01482931529913363,0.025873548939616013,LOADING,0.2273260862157681,0.01146436214784717,0.01675188172130614,0.0,0.0,0.6004692575858155,1,staged_v3,2.181590287210236,2,2.186230665307448,2.1809334565013074,2,0,1,1
v3_pelvis_proxy:v3_left_hand_proxy,351,0.0,0.0,0.0,0.0,0.010425871034019634,AIR,0.0,1,1.3121834844373366,0.006956112113847116,0.4212983764592352,UNLOADING,0.020285032942033227,0.03910880670911465,0.04691014989218098,0.0,0.0,0.009990000017967085,0,ok,0.0,0.25525506097653705,FLAT,0.0,-1,0.03618724944628692,0.01482931529913363,0.02504488659872158,LOADING,0.23163331435674048,0.01142292903080245,0.01675188172130614,0.0,0.0,0.6004692575858155,1,staged_v3,2.183193576195661,2,2.188932392652662,2.1839362265465714,2,0,1,1
v3_pelvis_proxy:v3_left_hand_proxy,352,0.0,0.0,0.0,0.0,0.008119676525495969,AIR,0.0,1,1.3098163200315136,0.006956112113847116,0.4010875191261192,UNLOADING,0.01808188189485394,0.038098263842458846,0.04691014989218098,0.0,0.0,0.009990000017967085,0,ok,0.0,0.25603028900580704,FLAT,0.0,-1,0.034313821722728816,0.01482931529913363,0.02445112408557735,LOADING,0.23526066361332434,0.011393240905145239,0.01675188172130614,0.0,0.0,0.6004692575858155,1,staged_v3,2.1860246670954804,2,2.1920431329910226,2.186775197475482,2,0,1,1
v3_pelvis_proxy:v3_left_hand_proxy,353,0.0,0.0,0.0,0.0,0.006323610436342764,AIR,0.0,1,1.2886482486024315,0.006956112113847116,0.38660580703340164,UNLOADING,0.016052879612765608,0.037374178237822964,0.04691014989218098,0.0,0.0,0.009990000017967085,0,ok,0.0,0.2543643872787098,FLAT,0.0,-1,0.042199061774824236,0.01482931529913363,0.024025674653864522,LOADING,0.23785915314394387,0.011371968433559598,0.01675188172130614,0.0,0.0,0.6004692575858155,1,staged_v3,2.188626797428399,2,2.194701050871412,2.1894106524135193,2,0,1,1
v3_pelvis_proxy:v3_left_hand_proxy,354,0.0,0.0,0.0,0.0,0.004924832759662253,AIR,0.0,1,1.2816838652893294,0.006956112113847116,0.37622920688825445,UNLOADING,0.014198463501861554,0.036855348230565604,0.04691014989218098,0.0,0.0,0.009990000017967085,0,ok,0.0,0.25157487007039137,FLAT,0.0,-1,0.04590050972466872,0.01482931529913363,0.02311981171918575,LOADING,0.23943902380337215,0.011326675286825658,0.01675188172130614,0.0,0.0,0.6004692575858155,1,staged_v3,2.191115828007179,2,2.1971270563549608,2.1919464724011464,2,0,1,1
v3_pelvis_proxy:v3_left_hand_proxy,355,0.0,0.0,0.0,0.0,0.0038354636097206705,FLAT,0.0,1,1.1832883788442832,0.006956112113847116,0.36879404798695203,LOADING,0.012515964067193495,0.036483590285500495,0.04691014989218098,0.0,0.0,0.009990000017967085,0,ok,0.0,0.25320015811633123,FLAT,0.0,-1,0.03555741496554827,0.01482931529913363,0.02247073256340015,LOADING,0.2410533320583554,0.011294221329036378,0.01675188172130614,0.0,0.0,0.6004692575858155,1,staged_v3,2.1933467779942863,2,2.2000921694383098,2.1942293299726536,2,0,1,1
v3_pelvis_proxy:v3_left_hand_proxy,356,0.0,0.0,0.0,0.0,0.0029870620626923357,FLAT,0.0,1,1.1458456062321667,0.006956112113847116,0.3634665238350774,LOADING,0.010999592771635269,0.03621721407790676,0.04691014989218098,0.0,0.0,0.009990000017967085,0,ok,0.0,0.25311171932390775,FLAT,0.0,-1,0.039038201003455765,0.01482931529913363,0.05035251596786003,LOADING,0.24095527139787581,0.012688310499259371,0.01675188172130614,0.0,0.0,0.6004692575858155,1,staged_v3,2.195471069610365,2,2.2025258454980174,2.1964105874886295,2,0,1,1
v3_pelvis_proxy:v3_left_hand_proxy,357,0.0,0.0,0.0,0.0,0.002326326273507677,FLAT,0.0,1,1.0671119823264013,0.006956112113847116,0.3596491859724211,LOADING,0.009641031650392285,0.036026347184773946,0.04691014989218098,0.0,0.0,0.009990000017967085,0,ok,0.0,0.2511439456031445,FLAT,0.0,-1,0.0416600759962928,0.01482931529913363,0.06909925437317249,LOADING,0.23993167351555508,0.013625647419524996,0.01675188172130614,0.0,0.0,0.6004692575858155,1,staged_v3,2.1973793940993493,2,2.203867582897542,2.1983864665547577,2,0,1,1
v3_pelvis_proxy:v3_left_hand_proxy,358,0.0,0.0,0.0,0.0,0.0018117447234873621,FLAT,0.0,1,0.96413314686542,0.006956112113847116,0.3569139438707891,LOADING,0.008430185381613444,0.03588958507969234,0.04691014989218098,0.0,0.0,0.009990000017967085,0,ok,0.0,0.2556525546309487,FLAT,0.0,-1,0.03291074176480202,0.01482931529913363,0.08298594210111754,LOADING,0.23914671823252465,0.014319981805922248,0.01675188172130614,0.0,0.0,0.6004692575858155,1,staged_v3,2.199015804664393,2,2.205559308512012,2.2000841946331096,2,0,1,1
v3_pelvis_proxy:v3_left_hand_proxy,359,0.0,0.0,0.0,0.0,0.0014109882093774435,FLAT,0.0,1,0.9138070482325424,0.006956112113847116,0.35495405726297014,LOADING,0.007355894929912767,0.0357915907493014,0.04691014989218098,0.0,0.0,0.009990000017967085,0,ok,0.0,0.262717377300266,FLAT,0.0,-1,0.028781558173233236,0.01482931529913363,0.09308841614765233,LOADING,0.2390202488782953,0.01482510550824899,0.01675188172130614,0.0,0.0,0.6004692575858155,1,staged_v3,2.2005178696386363,2,2.207422927036455,2.201644235667837,2,0,1,1
v3_pelvis_proxy:v3_left_hand_proxy,360,0.0,0.0,0.0,0.0,0.0010988787223676724,FLAT,0.0,1,0.7564893591111084,0.006956112113847116,0.35354973714329363,LOADING,0.00640653428834269,0.035721374743317574,0.04691014989218098,0.0,0.0,0.009990000017967085,0,ok,0.0,0.268929579186229,FLAT,0.0,-1,0.028817734380871117,0.01482931529913363,0.10088345098326612,LOADING,0.23957600613592517,0.015214857250029676,0.01675188172130614,0.0,0.0,0.6004692575858155,1,staged_v3,2.2017388578629205,2,2.2094970541182777,2.202928283307751,2,0,1,1
v3_pelvis_proxy:v3_left_hand_proxy,361,0.0,0.0,0.0,0.0,0.0008558076094804482,FLAT,0.0,1,0.7145175844286256,0.006956112113847116,0.3525434978074766,LOADING,0.005570471990205729,0.03567106277652672,0.04691014989218098,0.0,0.0,0.009990000017967085,0,ok,0.0,0.2763220586930153,FLAT,0.0,-1,0.026866040374313765,0.01482931529913363,0.10687676961743069,LOADING,0.24101873484591368,0.015514523181737905,0.01675188172130614,0.0,0.0,0.6004692575858155,1,staged_v3,2.2028724964026023,2,2.211067959643684,2.2041182369396957,2,0,1,1
v3_pelvis_proxy:v3_left_hand_proxy,362,0.0,0.0,0.0,0.0,0.0006665036364218401,FLAT,0.0,1,0.6320976839338243,0.006956112113847116,0.3260770438643897,LOADING,0.004838857720309559,0.03434774007937237,0.04691014989218098,0.0,0.0,0.009990000017967085,0,ok,0.0,0.28485602673441834,FLAT,0.0,-1,0.02311429774655162,0.01482931529913363,0.11146201963593613,LOADING,0.24343606761455733,0.01574378568266318,0.01675188172130614,0.0,0.0,0.6004692575858155,1,staged_v3,2.203832242385543,2,2.2116286539609047,2.2051202186966923,2,0,1,1
v3_pelvis_proxy:v3_left_hand_proxy,363,0.0,0.0,0.0,0.0,0.000519073553965268,FLAT,0.0,1,0.3183541751637098,0.006956112113847116,0.28450219846277425,LOADING,0.004200648901222231,0.0322689978092916,0.04691014989218098,0.0,0.0,0.009990000017967085,0,ok,0.0,0.28763538353675583,FLAT,0.0,-1,0.03003212058607561,0.01482931529913363,0.11501107883546802,LOADING,0.24565967964463384,0.015921238642639772,0.01675188172130614,0.0,0.0,0.6004692575858155,1,staged_v3,2.204661647558291,2,2.212735779044212,2.20598128437371,2,0,1,1
v3_pelvis_proxy:v3_left_hand_proxy,364,0.0,0.0,0.0,0.0,0.00040425489029980783,FLAT,0.0,1,0.15882472224739183,0.006956112113847116,0.2436077504994386,LOADING,0.0036442383818826945,0.03022427541112482,0.04691014989218098,0.0,0.0,0.009990000017967085,0,ok,0.0,0.28786865538478335,FLAT,0.0,-1,0.0329717626512646,0.01482931529913363,0.11770314588118264,LOADING,0.24732486552478872,0.016055841994925504,0.01675188172130614,0.0,0.0,0.6004692575858155,1,staged_v3,2.205435630871446,2,2.2141150718037794,2.2067798505951592,2,0,1,1
v3_pelvis_proxy:v3_left_hand_proxy,365,0.0,0.0,0.0,0.0,0.0365276401841378,FLAT,0.0,1,0.08047554355473689,0.006956112113847116,0.21391648915470976,LOADING,0.008658145833274266,0.028739712343888373,0.04691014989218098,0.0,0.0,0.009990000017967085,0,ok,0.0,0.2850884510234253,FLAT,0.0,-1,0.036175380591020906,0.01482931529913363,0.11912358969179015,LOADING,0.24808543069139952,0.016126864185455878,0.01675188172130614,0.0,0.0,0.6004692575858155,1,staged_v3,2.206204790917949,2,2.2148365063336386,2.2075799230391797,2,0,1,1
v3_pelvis_proxy:v3_left_hand_proxy,366,0.0,0.0,0.0,0.0,0.07137233007734835,FLAT,0.0,1,0.07773020366442328,0.006956112113847116,0.19226362221837148,LOADING,0.01845652214072184,0.027657068997071457,0.04691014989218098,0.0,0.0,0.009990000017967085,0,ok,0.0,0.28242645572603825,FLAT,0.0,-1,0.03402295741510659,0.01482931529913363,0.11938464048919929,LOADING,0.2482101595220289,0.016139916725326338,0.01675188172130614,0.0,0.0,0.6004692575858155,1,staged_v3,2.206936273475895,2,2.215234457443366,2.2083339702009863,2,0,1,1
v3_pelvis_proxy:v3_left_hand_proxy,367,0.0,0.0,0.0,0.0,0.10927117356392808,FLAT,0.0,1,0.0750621944872811,0.006956112113847116,0.17571256355191636,LOADING,0.03277938881951425,0.026829516063748702,0.04691014989218098,0.0,0.0,0.009990000017967085,0,ok,0.0,0.27900192134697926,FLAT,0.0,-1,0.0314032553233592,0.01482931529913363,0.11879949895946915,LOADING,0.2478739414306289,0.01611065964883983,0.01675188172130614,0.0,0.0,0.6004692575858155,1,staged_v3,2.2075778975432008,2,2.215067510654518,2.2089853297635575,2,0,1,1
v3_pelvis_proxy:v3_left_hand_proxy,368,0.0,0.0,0.0,0.0,0.15093449244241297,FLAT,0.0,1,0.06387242833975089,0.006956112113847116,0.1638532117942576,LOADING,0.0514641892726489,0.026236548475865765,0.04691014989218098,0.0,0.0,0.009990000017967085,0,ok,0.0,0.2762568047473996,FLAT,0.0,-1,0.031003262719830477,0.01482931529913363,0.11806656226359724,LOADING,0.24726910887038883,0.016074012814046232,0.01675188172130614,0.0,0.0,0.6004692575858155,1,staged_v3,2.2081367085098567,2,2.2163070514227945,2.2095488658783844,2,0,1,1
v3_pelvis_proxy:v3_left_hand_proxy,369,0.0,0.0,0.0,0.0,0.19115155932890798,FLAT,0.0,1,0.05834105388972878,0.006956112113847116,0.1553556149367868,LOADING,0.07346236967476708,0.025811668632992227,0.04691014989218098,0.0,0.0,0.009990000017967085,0,ok,0.0,0.2729325720454484,FLAT,0.0,-1,0.03126613396621839,0.01482931529913363,0.11754139017233653,LOADING,0.24635233590374972,0.0160477542094832,0.01675188172130614,0.0,0.0,0.6004692575858155,1,staged_v3,2.20866618778626,2,2.2181917244149654,2.2100797090349698,2,0,1,1
v3_pelvis_proxy:v3_left_hand_proxy,370,0.0,0.0,0.0,0.0,0.22202970659543003,FLAT,0.0,1,0.0574613615747752,0.006956112113847116,0.1492668207237755,LOADING,0.09654750337695316,0.025507228922341665,0.04691014989218098,0.0,0.0,0.009990000017967085,0,ok,0.0,0.2692920782121815,FLAT,0.0,-1,0.03242779754858708,0.01482931529913363,0.11891408671953302,LOADING,0.24505478172761044,0.016116389036843023,0.01675188172130614,0.0,0.0,0.6004692575858155,1,staged_v3,2.2091205224408434,2,2.2193975405514603,2.210522126888139,2,0,1,1
v3_pelvis_proxy:v3_left_hand_proxy,371,0.0,0.0,0.0,0.0,0.24784686600744843,FLAT,0.0,1,0.05711115802663372,0.006956112113847116,0.14490400902651243,LOADING,0.11962457500122499,0.025289088337478508,0.04691014989218098,0.0,0.0,0.009990000017967085,0,ok,0.0,0.26916240810399933,FLAT,0.0,-1,0.027983468068753358,0.01482931529913363,0.12100993501644644,LOADING,0.24384568185087527,0.016221181451688695,0.01675188172130614,0.0,0.0,0.6004692575858155,1,staged_v3,2.2095941506470616,2,2.2208765938918265,2.2109825792016617,2,0,1,1
v3_pelvis_proxy:v3_left_hand_proxy,372,0.0,0.0,0.0,0.0,0.2684935538618437,FLAT,0.0,1,0.05724934924327386,0.006956112113847116,0.14177791784328586,SUPPORT,0.18569966000097998,0.025132783778317177,0.04691014989218098,0.0,0.0,0.009990000017967085,0,ok,0.0,0.27390258753574936,FLAT,0.0,-1,0.02138444339512988,0.01482931529913363,0.12340909996475816,LOADING,0.24331065811931368,0.01634113969910428,0.01675188172130614,0.0,0.0,0.6004692575858155,1,staged_v3,2.2100704733567187,2,2.222856595918085,2.211444632345567,2,0,1,1
v3_pelvis_proxy:v3_left_hand_proxy,373,0.0,0.0,0.0,0.0,0.2785378300523071,FLAT,0.0,1,0.0644126298386628,0.006956112113847116,0.13953797563079537,SUPPORT,0.23855972800078398,0.02502078666769265,0.04691014989218098,0.0,0.0,0.009990000017967085,0,ok,0.0,0.27860367918475565,FLAT,0.0,-1,0.015422852724519641,0.01482931529913363,0.12457025560631146,LOADING,0.24342811602662132,0.016399197481181946,0.01675188172130614,0.0,0.0,0.6004692575858155,1,staged_v3,2.210601435559185,2,2.224931085358173,2.2119620078742157,2,0,1,1
v3_pelvis_proxy:v3_left_hand_proxy,374,0.0,0.0,0.0,0.0,0.2863768927057556,FLAT,0.0,1,0.06775202880388193,0.006956112113847116,0.13538634524146692,SUPPORT,0.2808477824006272,0.02481320514822623,0.04691014989218098,0.0,0.0,0.009990000017967085,0,ok,0.0,0.2836974191355638,FLAT,0.0,-1,0.012591528608298527,0.01482931529913363,0.12438611974107278,LOADING,0.2444243724190439,0.01638999068792001,0.01675188172130614,0.0,0.0,0.6004692575858155,1,staged_v3,2.211159276883683,2,2.227056834916826,2.2125067663679663,2,0,1,1
v3_pelvis_proxy:v3_left_hand_proxy,375,0.0,0.06147496263972929,0.0,0.0,0.3070650685360448,FLAT,0.0,1,0.04978431839919549,0.00664873730064847,0.13019267991851996,SUPPORT,0.31467822592050176,0.024860896695277534,0.046602775078982334,0.0,0.0,0.009990000017967092,0,ok,0.0,0.2909259356551426,FLAT,0.0,-1,0.006912661844992171,0.014521940485934984,0.12239303051860509,LOADING,0.24660322368200494,0.016597711039995272,0.016444506908107493,-0.7684370329966161,-0.00030737481319864646,0.6001618827726168,1,staged_v3,2.211743441868947,2,2.228793490422721,2.213085947029624,2,0,1,1
v3_pelvis_proxy:v3_left_hand_proxy,376,0.0,0.018798190873470233,0.0,0.0,0.33907777900214675,FLAT,0.0,1,0.03194029684625978,0.006742728255015821,0.12828137955293079,SUPPORT,0.3417425807364014,0.024671340722630723,0.046696766033349685,0.0,0.0,0.009990000017967092,0,ok,0.0,0.2963145951134702,FLAT,0.0,-1,0.012461076083897633,0.014615931440302335,0.1197599065376411,LOADING,0.24944817632499236,0.016372063886579722,0.016538497862474844,1.003414418914994,9.399095436735116e-05,0.6002558737269842,1,staged_v3,2.220535471779401,2,2.2385327410485143,2.221867679023301,2,0,1,1
v3_pelvis_proxy:v3_left_hand_proxy,377,0.0,0.03816641794176512,0.0,0.025033038051884886,0.36272292721391797,FLAT,0.0,1,0.034051387006527344,0.0069335603447246465,0.12498517380740051,SUPPORT,0.3633940645891211,0.02431569834564538,0.04688759812305851,0.0,0.0,0.009990000017967064,0,ok,0.0,0.29892446611202944,FLAT,0.0,-1,0.019955403273944586,0.01480676353001116,0.11783598154916758,LOADING,0.2522986227077254,0.01608503554744722,0.01672932995218367,0.24210283835368607,0.0001908320897088256,0.600446705816693,1,staged_v3,2.2292903410851133,2,2.247771202309287,2.2306201741684797,2,0,1,1
v3_pelvis_proxy:v3_left_hand_proxy,378,0.0,0.10785218118285478,0.0,0.047569528836587986,0.4024429491718559,FLAT,0.0,1,0.01090357914832166,0.00747282125063892,0.12285118701972676,SUPPORT,0.3807152516712969,0.02366973810034742,0.047426859028972784,0.0,0.0,0.009990000017967064,0,ok,0.0,0.3056842506926529,FLAT,0.0,-1,0.016840625337724617,0.015346024435925434,0.11632368226069062,LOADING,0.255864084774777,0.015470159677109099,0.017268590858097944,0.8710720405136207,0.0005392609059142739,0.6009859667226073,1,staged_v3,2.2238948527647016,2,2.2421014681418536,2.2252072047192275,2,0,1,1
v3_pelvis_proxy:v3_left_hand_proxy,379,0.0,0.13288268336495435,0.0,0.06346336260466377,0.43121798065354167,FLAT,0.0,1,0.016937175198126795,0.008137234667463692,0.12110304467873997,SUPPORT,0.3945722013370375,0.02291791756647331,0.048091272445797556,0.0,0.0,0.009990000017967064,0,ok,0.0,0.3131547714082805,FLAT,0.0,-1,0.015192566947350435,0.016010437852750206,0.1151725104193931,LOADING,0.26010885786689714,0.014748187668219451,0.017933004274922715,0.3128812772762446,0.0006644134168247717,0.6016503801394321,1,staged_v3,2.2203223600726583,2,2.2379629942563306,2.221609914087972,2,0,1,1
v3_pelvis_proxy:v3_left_hand_proxy,380,0.0,0.10442544606266146,0.0,0.0721196484566247,0.45805222090204967,FLAT,0.0,1,0.006545467234724358,0.008659361897777,0.11938924831431404,SUPPORT,0.40565776106963003,0.022310100517938705,0.04861339967611086,0.0,0.0,0.009990000017967092,0,ok,0.0,0.318678477264128,FLAT,0.0,-1,0.008418851279531741,0.016532565083063513,0.11486155350076697,LOADING,0.26450200075318,0.014210512591974839,0.018455131505236023,-0.355715466278661,0.0005221272303133073,0.6021725073697454,1,staged_v3,2.217975388505307,2,2.2346381641142705,2.2192228501020708,2,0,1,1
v3_pelvis_proxy:v3_left_hand_proxy,381,0.0,0.05779506621865771,0.0,0.07694158516531122,0.47776681125914694,FLAT,0.0,1,0.006919807253092021,0.008948337228870288,0.11717211285837129,SUPPORT,0.414526208855704,0.02191026841404828,0.04890237500720415,0.0,0.0,0.009990000017967064,0,ok,0.0,0.3201363350726876,FLAT,0.0,-1,0.009254747251324868,0.016821540414156802,0.11525735592253691,LOADING,0.26824925411403966,0.013941327381970046,0.01874410683632931,-0.5828797480500469,0.00028897533109328855,0.6024614827008387,1,staged_v3,2.2165610116268457,2,2.2326730450948458,2.2177734666074813,2,0,1,1
v3_pelvis_proxy:v3_left_hand_proxy,382,0.0,0.025787596382587097,0.0,0.07972101991177157,0.4925659906568065,FLAT,0.0,1,0.007867498719370399,0.009077275210783223,0.11537982932055106,SUPPORT,0.4216209670845632,0.021691716255244332,0.04903131298911709,0.0,0.0,0.009990000017967078,0,ok,0.0,0.3166793069965214,FLAT,0.0,-1,0.0104306641697903,0.016950478396069737,0.11690986950722743,LOADING,0.2705306773992155,0.013895015079291636,0.018873044818242247,-0.40009337295088265,0.00012893798191293548,0.6025904206827516,1,staged_v3,2.2157232326523455,2,2.2320753659404393,2.2169024964281574,2,0,1,1
v3_pelvis_proxy:v3_left_hand_proxy,383,0.0,0.013880273980593216,0.0,0.08140871956302058,0.5107983525868423,FLAT,0.0,1,0.0016920242149788523,0.00914667658068619,0.11400918982635017,SUPPORT,0.42729677366765056,0.02155378291063132,0.04910071435902005,0.0,0.0,0.009990000017967092,0,ok,0.0,0.3193674432241401,FLAT,0.0,-1,0.00544063894524479,0.017019879765972704,0.1194727056274788,LOADING,0.27266689205793676,0.013953755515401237,0.018942446188145213,-0.1488415300249235,6.940136990296608e-05,0.6026598220526546,1,staged_v3,2.2151778658227563,2,2.2317813735885483,2.216329693969606,2,0,1,1
v3_pelvis_proxy:v3_left_hand_proxy,384,0.0,0.18611972601940696,0.0,0.0860410620847779,0.5226428505956482,FLAT,0.0,1,0.005288742158368288,0.008216077950589155,0.11304474394100088,UNLOADING,0.3662543774294148,0.02243615924646089,0.04817011572892302,0.0,0.0,0.009990000017967064,0,ok,0.0,0.3232168288437599,FLAT,0.0,-1,0.004860858228892179,0.01608928113587567,0.12240066893452844,LOADING,0.2748644882028268,0.015030752310850756,0.018011847558048178,-2.500000000000002,-0.0009305986300970348,0.6017292234225575,1,staged_v3,2.2148886486700468,2,2.231637390786217,2.216017267965921,2,0,1,1
v3_pelvis_proxy:v3_left_hand_proxy,385,0.0,0.38611972601940714,0.0,0.09095508958384788,0.5230953615589488,FLAT,0.0,1,0.013013367836889955,0.006285479320492119,0.11233602803903937,UNLOADING,0.313932323510927,0.02433132208145985,0.04623951709882598,0.0,0.0,0.009990000017967085,0,ok,0.0,0.3238055649461189,FLAT,0.0,-1,0.01212568089992613,0.014158682505778633,0.0962148480599167,LOADING,0.2784217229050359,0.015652059897217203,0.016081248927951142,-2.500000000000002,-0.0019305986300970357,0.5997986247924605,1,staged_v3,2.2235294663590532,2,2.241106485791505,2.224625108671783,2,0,1,1
v3_pelvis_proxy:v3_left_hand_proxy,386,0.0,0.0,0.0,0.09095508958384788,0.5234199579981277,FLAT,0.0,1,0.01522546186403852,0.006285479320492119,0.11182821090498242,UNLOADING,0.2690848487236517,0.024305931224757004,0.04623951709882598,0.0,0.0,0.009990000017967085,0,ok,0.0,0.3227141403465167,FLAT,0.0,-1,0.01484555391794665,0.014158682505778633,0.07697840365717643,LOADING,0.2823118025210375,0.014690237677080189,0.016081248927951142,4.826496575242589,0.0,0.5997986247924605,1,staged_v3,2.232124430248887,2,2.250140558369659,2.233193483218041,2,0,1,1
v3_pelvis_proxy:v3_left_hand_proxy,387,0.0,0.0,0.0,0.09095508958384788,0.5169679698545022,FLAT,0.0,1,0.021089176183407703,0.006285479320492119,0.11094021287615616,UNLOADING,0.2306441560488443,0.02426153132331569,0.04623951709882598,0.0,0.0,0.009990000017967085,0,ok,0.0,0.3186104859554516,FLAT,0.0,-1,0.020479025246414727,0.014158682505778633,0.061663878164542274,LOADING,0.2856421875703398,0.013924511402448481,0.016081248927951142,0.0,0.0,0.5997986247924605,1,staged_v3,2.232403142180886,2,2.2501224063540373,2.2334626809304856,2,0,1,1
v3_pelvis_proxy:v3_left_hand_proxy,388,0.0,0.0,0.0,0.09095508958384788,0.5167651329103486,FLAT,0.0,1,0.017391193501161327,0.006285479320492119,0.11011544785255307,UNLOADING,0.1976949908990094,0.024220293072135538,0.04623951709882598,0.0,0.0,0.009990000017967085,0,ok,0.0,0.31643907239483576,FLAT,0.0,-1,0.016627524053711415,0.014158682505778633,0.04931504305374371,LOADING,0.2886805232394314,0.013307069646908552,0.016081248927951142,0.0,0.0,0.5997986247924605,1,staged_v3,2.2326612382423168,2,2.2500389649711705,2.233715692174937,2,0,1,1
v3_pelvis_proxy:v3_left_hand_proxy,389,0.0,0.0,0.0,0.09095508958384788,0.5190366569385599,FLAT,0.0,1,0.015927807803429176,0.006285479320492119,0.10900121441585349,UNLOADING,0.16945284934200808,0.024164581400300558,0.04623951709882598,0.0,0.0,0.009990000017967085,0,ok,0.0,0.31562034482925155,FLAT,0.0,-1,0.01513955965584411,0.014158682505778633,0.039429375441039465,LOADING,0.2915795449427748,0.012812786266273343,0.016081248927951142,0.0,0.0,0.5997986247924605,1,staged_v3,2.232899846800312,2,2.2499188932108503,2.2339531277103837,2,0,1,1
v3_pelvis_proxy:v3_left_hand_proxy,390,0.0,0.0,0.0,0.09095508958384788,0.5257123424395133,FLAT,0.0,1,0.010973850438852722,0.006285479320492119,0.10860190172776364,UNLOADING,0.14524529943600692,0.024144615765896067,0.04623951709882598,0.0,0.0,0.009990000017967085,0,ok,0.0,0.3194945387472963,FLAT,0.0,-1,0.010979689393375963,0.014158682505778633,0.031718184879385984,LOADING,0.29513578633409093,0.012427226738190668,0.016081248927951142,0.0,0.0,0.5997986247924605,1,staged_v3,2.2331189350494327,2,2.2493507937790578,2.234169264787569,2,0,1,1
v3_pelvis_proxy:v3_left_hand_proxy,391,0.0,0.0,0.0,0.09095508958384788,0.5297511731169519,FLAT,0.0,1,0.009623843761956113,0.006285479320492119,0.10843715381491444,UNLOADING,0.12449597094514879,0.024136378370253606,0.04623951709882598,0.0,0.0,0.009990000017967085,0,ok,0.0,0.32373961886070446,FLAT,0.0,-1,0.00998280096743922,0.014158682505778633,0.025589786545609672,LOADING,0.29919966729081315,0.01212080682150185,0.016081248927951142,0.0,0.0,0.5997986247924605,1,staged_v3,2.2332976076478146,2,2.2486884485050855,2.2343462877644593,2,0,1,1
v3_pelvis_proxy:v3_left_hand_proxy,392,0.0,0.0,0.0,0.09095508958384788,0.5330148123175353,FLAT,0.0,1,0.010682575876901407,0.006285479320492119,0.10736944092259758,UNLOADING,0.10671083223869897,0.024082992725637763,0.04623951709882598,0.0,0.0,0.009990000017967085,0,ok,0.0,0.3270963844219216,FLAT,0.0,-1,0.007895434647916708,0.014158682505778633,0.02099344001206161,LOADING,0.3034056350521301,0.01189098949482445,0.016081248927951142,0.0,0.0,0.5997986247924605,1,staged_v3,2.2334595478390344,2,2.248318587692732,2.2345056685700797,2,0,1,1
v3_pelvis_proxy:v3_left_hand_proxy,393,0.0,0.0,0.0,0.09095508958384788,0.5419543723614624,FLAT,0.0,1,0.0042390821906467474,0.006285479320492119,0.10654922095109194,UNLOADING,0.09146642763317055,0.02404198172706248,0.04623951709882598,0.0,0.0,0.009990000017967085,0,ok,0.0,0.3334158076505599,FLAT,0.0,-1,0.0022678795740631663,0.014158682505778633,0.01800091501444357,LOADING,0.3082073116482181,0.011741363244943546,0.016081248927951142,0.0,0.0,0.5997986247924605,1,staged_v3,2.2336275889307102,2,2.2482728252698565,2.2346666338177186,2,0,1,1
v3_pelvis_proxy:v3_left_hand_proxy,394,0.0,0.0,0.0,0.09095508958384788,0.5453823003419773,FLAT,0.0,1,0.005757334010552562,0.006285479320492119,0.10596913627927829,UNLOADING,0.07839979511414619,0.024012977493471796,0.04623951709882598,0.0,0.0,0.009990000017967085,0,ok,0.0,0.33051091850078823,FLAT,0.0,-1,0.015971224582976805,0.014158682505778633,0.016195629357312984,LOADING,0.31159746655181536,0.011651098962087016,0.016081248927951142,0.0,0.0,0.5997986247924605,1,staged_v3,2.2337806071980912,2,2.2488042813216698,2.234805504810831,2,0,1,1
v3_pelvis_proxy:v3_left_hand_proxy,395,0.0,0.0,0.0,0.09095508958384788,0.5497939046557457,FLAT,0.0,1,0.005692406703387303,0.006285479320492119,0.10514433865243719,UNLOADING,0.06719982438355387,0.023971737612129743,0.04623951709882598,0.0,0.0,0.009990000017967085,0,ok,0.0,0.32921606701325556,FLAT,0.0,-1,0.010825790715397526,0.014158682505778633,0.015146047770723384,LOADING,0.3141239221885289,0.011598619882757538,0.016081248927951142,0.0,0.0,0.5997986247924605,1,staged_v3,2.2339527439211446,2,2.249391258064361,2.2349651121322,2,0,1,1
v3_pelvis_proxy:v3_left_hand_proxy,396,0.0,0.0,0.0,0.09095508958384788,0.5529332413847757,FLAT,0.0,1,0.0023289141769570216,0.006285479320492119,0.10481626745410028,UNLOADING,0.05759984947161761,0.023955334052212895,0.04623951709882598,0.0,0.0,0.009990000017967085,0,ok,0.0,0.3319349519691487,FLAT,0.0,-1,0.0031974925478474147,0.014158682505778633,0.014589544329836442,LOADING,0.31671757220537766,0.011570794710713192,0.016081248927951142,0.0,0.0,0.5997986247924605,1,staged_v3,2.2341124191010873,2,2.2501172451096596,2.2351120060575136,2,0,1,1
v3_pelvis_proxy:v3_left_hand_proxy,397,0.0,0.0,0.0,0.09095508958384788,0.5523458324990284,FLAT,0.0,1,0.0024490404078473887,0.006285479320492119,0.10557672444278707,UNLOADING,0.04937129954710081,0.023993356901647236,0.04623951709882598,0.0,0.0,0.009990000017967085,0,ok,0.0,0.3319911692587443,FLAT,0.0,-1,0.0032389937928910635,0.014158682505778633,0.014314513956642329,LOADING,0.31882183317088375,0.011557043192053484,0.016081248927951142,0.0,0.0,0.5997986247924605,1,staged_v3,2.2341186227526286,2,2.25128187348947,2.235098086225201,2,0,1,1
v3_pelvis_proxy:v3_left_hand_proxy,398,0.0,0.0,0.0,0.09095508958384788,0.5563970419123955,FLAT,0.0,1,0.001621423486406478,0.006285479320492119,0.10712505107709915,UNLOADING,0.042318256754657835,0.02407077323336284,0.04623951709882598,0.0,0.0,0.009990000017967085,0,ok,0.0,0.3334090102681132,FLAT,0.0,-1,0.006131923203836128,0.014158682505778633,0.013886462232332593,LOADING,0.32081329426452815,0.011535640605837998,0.016081248927951142,0.0,0.0,0.5997986247924605,1,staged_v3,2.234291898443152,2,2.2516715336783544,2.235259936210262,2,0,1,1
v3_pelvis_proxy:v3_left_hand_proxy,399,0.0,0.0,0.0,0.09095508958384788,0.5572982802521677,FLAT,0.0,1,0.004246702646658022,0.006285479320492119,0.10823447558957909,UNLOADING,0.03627279150399243,0.024126244458986836,0.04623951709882598,0.0,0.0,0.009990000017967085,0,ok,0.0,0.33407615584260947,FLAT,0.0,-1,0.007886093498290813,0.014158682505778633,0.014242627362253736,LOADING,0.3225142421404883,0.011553448862334056,0.016081248927951142,0.0,0.0,0.5997986247924605,1,staged_v3,2.234361050113712,2,2.2520283785095088,2.235325982672559,2,0,1,1
v3_pelvis_proxy:v3_left_hand_proxy,400,0.0,0.0,0.0,0.09095508958384788,0.5632502398846568,FLAT,0.0,1,0.0008214958943962375,0.006285479320492119,0.11017243863989233,UNLOADING,0.031090964146279227,0.0242231426115025,0.04623951709882598,0.0,0.0,0.009990000017967085,0,ok,0.0,0.3275947256037811,FLAT,0.0,-1,0.017792930905583138,0.014158682505778633,0.016078896952393226,LOADING,0.3224875452302257,0.011645262341841031,0.016081248927951142,0.0,0.0,0.5997986247924605,1,staged_v3,2.234508156327692,2,2.252366649352218,2.235455782809111,2,0,1,1
v3_pelvis_proxy:v3_left_hand_proxy,401,0.0,0.0,0.0,0.0,0.5634952938880581,FLAT,0.0,1,0.003952611896972069,0.006285479320492119,0.11156104984417686,UNLOADING,0.02664939783966791,0.024292573171716726,0.04623951709882598,0.0,0.0,0.009990000017967085,0,ok,0.0,0.3320710653602391,FLAT,0.0,-1,0.0028089451438461934,0.014158682505778633,0.017116897466713514,LOADING,0.3232674439807417,0.011697162367557044,0.016081248927951142,0.0,0.0,0.5997986247924605,1,staged_v3,2.234601747438948,2,2.2526551676329585,2.235542720378983,2,0,1,1
v3_pelvis_proxy:v3_left_hand_proxy,402,0.0,0.0,0.0,0.0,0.5650123579316407,FLAT,0.0,1,0.004190107765133254,0.006285479320492119,0.1125560332502603,SUPPORT,0.12160287990883012,0.024342322342020897,0.04623951709882598,0.0,0.0,0.009990000017967085,0,ok,0.0,0.3348893818749787,FLAT,0.0,-1,0.006611907016813403,0.014158682505778633,0.0178606573356157,LOADING,0.32439556266058805,0.011734350361002153,0.016081248927951142,0.0,0.0,0.5997986247924605,1,staged_v3,2.2346412087450744,2,2.2526162552394995,2.2355835619865894,2,0,1,1
v3_pelvis_proxy:v3_left_hand_proxy,403,0.0,0.0,0.0,0.0,0.5626968673070017,FLAT,0.0,1,0.006803625202827703,0.006285479320492119,0.1133803713562493,SUPPORT,0.19706192143321125,0.024383539247320347,0.04623951709882598,0.0,0.0,0.009990000017967085,0,ok,0.0,0.33797816385065094,FLAT,0.0,-1,0.0031913167994944967,0.014158682505778633,0.04674045351185345,LOADING,0.32407918387981377,0.013178340169814041,0.016081248927951142,0.0,0.0,0.5997986247924605,1,staged_v3,2.2346626564789784,2,2.2523131404835732,2.235608480663477,2,0,1,1
v3_pelvis_proxy:v3_left_hand_proxy,404,0.0,0.0,0.0,0.0,0.5519777385730052,FLAT,0.0,1,0.014997903409576034,0.006285479320492119,0.11402251159157964,SUPPORT,0.25545750724222316,0.024415646259086866,0.04623951709882598,0.0,0.0,0.009990000017967085,0,ok,0.0,0.3379903517202556,FLAT,0.0,-1,0.006269828157903422,0.014158682505778633,0.06743373171511699,LOADING,0.3228105006141338,0.014213004079977217,0.016081248927951142,0.0,0.0,0.5997986247924605,1,staged_v3,2.234716918146641,2,2.251897426822791,2.2356685837881902,2,0,1,1
v3_pelvis_proxy:v3_left_hand_proxy,405,0.0,0.0,0.0,0.0,0.5409141345782722,FLAT,0.0,1,0.022077594599488132,0.006285479320492119,0.114690830020171,SUPPORT,0.30014125449654805,0.024449062180516432,0.04623951709882598,0.0,0.0,0.009990000017967085,0,ok,0.0,0.3406886815022261,FLAT,0.0,-1,0.0038992266948002577,0.014158682505778633,0.08226111346616943,LOADING,0.3213608935573335,0.01495437316752984,0.016081248927951142,0.0,0.0,0.5997986247924605,1,staged_v3,2.2346306720561553,2,2.2521195667421594,2.2355864313315723,2,0,1,1
v3_pelvis_proxy:v3_left_hand_proxy,406,0.0,0.0,0.0,0.0,0.5361395826073521,FLAT,0.0,1,0.017797384260534684,0.006285479320492119,0.11522149193243122,SUPPORT,0.3349859596002988,0.024475595276129445,0.04623951709882598,0.0,0.0,0.009990000017967085,0,ok,0.0,0.3319117551568317,FLAT,0.0,-1,0.024335115409847043,0.014158682505778633,0.09288539674462894,LOADING,0.31846390877698344,0.015485587331452815,0.016081248927951142,0.0,0.0,0.5997986247924605,1,staged_v3,2.234620814176717,2,2.2523784411542245,2.235582005562459,2,0,1,1
v3_pelvis_proxy:v3_left_hand_proxy,407,0.0,0.0,0.0,0.0,0.521636080264021,FLAT,0.0,1,0.03014215829233892,0.006285479320492119,0.11329291017605639,SUPPORT,0.3604964498158549,0.0243791661883107,0.04623951709882598,0.0,0.0,0.009990000017967085,0,ok,0.0,0.31572438135387076,FLAT,0.0,-1,0.03948135769182325,0.014158682505778633,0.0982205640962672,LOADING,0.31364245816860703,0.015752345699034727,0.016081248927951142,0.0,0.0,0.5997986247924605,1,staged_v3,2.234699116400787,2,2.2525722654284275,2.235656292649162,2,0,1,1
v3_pelvis_proxy:v3_left_hand_proxy,408,0.0,0.044559721721815215,0.0,0.02135823611450969,0.5234996862926352,FLAT,0.0,1,0.013378175464382233,0.006508277929101195,0.1120421163217455,SUPPORT,0.3813662945620116,0.024093827886986083,0.04646231570743506,0.0,0.0,0.009990000017967064,0,ok,0.0,0.31447038084536183,FLAT,0.0,-1,0.020651549907399546,0.01438148111438771,0.10204337855086706,LOADING,0.3091765013916236,0.015720687813155644,0.01630404753656022,0.5569965215226902,0.00022279860860907608,0.6000214234010696,1,staged_v3,2.2346691292700522,2,2.252867316403864,2.2356314704191895,2,0,1,1
v3_pelvis_proxy:v3_left_hand_proxy,409,0.0,0.1081559607388094,0.0,0.03319611519086529,0.5286170648996218,FLAT,0.0,1,0.01048616609660663,0.007049057732795242,0.11159078506118797,SUPPORT,0.3950930356496093,0.023530481520264157,0.047003095511129106,0.0,0.0,0.009990000017967064,0,ok,0.0,0.31591758747096166,FLAT,0.0,-1,0.01788982116385915,0.014922260918081756,0.10478254480210192,LOADING,0.3054105638653936,0.01531686632202334,0.016844827340254265,0.7949529877124273,0.000540779803694047,0.6005622032047636,1,staged_v3,2.231327043554395,2,2.249460421066755,2.2322711997189733,2,0,1,1
v3_pelvis_proxy:v3_left_hand_proxy,410,0.0,0.12658932381064414,0.0,0.040250772736565035,0.5371658985291072,FLAT,0.0,1,0.004450219212015235,0.007682004351848463,0.11517503859812249,SUPPORT,0.40607442851968745,0.023076747578057662,0.04763604213018233,0.0,0.0,0.009990000017967085,0,ok,0.0,0.31926323835192433,FLAT,0.0,-1,0.013759046299738377,0.015555207537134977,0.10674524318597872,LOADING,0.30252096993229527,0.014782054622163962,0.017477773959307486,0.23041703839793426,0.0006329466190532207,0.6011951498238168,1,staged_v3,2.22834124947423,2,2.2462947369811204,2.22928610999324,2,0,1,1
v3_pelvis_proxy:v3_left_hand_proxy,411,0.0,0.10324904823042491,0.0,0.04491723365104724,0.5389587247831842,FLAT,0.0,1,0.007064895243722821,0.008198249593000587,0.1175786839951509,SUPPORT,0.41485954281574994,0.02268068460675696,0.04815228737133445,0.0,0.0,0.009990000017967064,0,ok,0.0,0.32473191246945965,FLAT,0.0,-1,0.008105797792740167,0.0160714527782871,0.10815157803123904,LOADING,0.3006767804703653,0.014336126123274853,0.01799401920045961,-0.29175344475274034,0.0005162452411521246,0.601711395064969,1,staged_v3,2.2257551028338387,2,2.243291891477772,2.226719054115317,2,0,1,1
v3_pelvis_proxy:v3_left_hand_proxy,412,0.0,0.06550364135171627,0.0,0.04811347878223691,0.5337632919196212,FLAT,0.0,1,0.014389083454277744,0.008525767799759169,0.12062606171935877,SUPPORT,0.42188763425259995,0.022505535286208772,0.04847980557809303,0.0,0.0,0.009990000017967078,0,ok,0.0,0.3288007163442866,FLAT,0.0,-1,0.008986748323434783,0.016398970985045683,0.11059242064082268,LOADING,0.2994997902910753,0.014130650046995454,0.018321537407218192,-0.47181758598385803,0.00032751820675858134,0.6020389132717275,1,staged_v3,2.2237570907795416,2,2.241455314757045,2.2247216905992935,2,0,1,1
v3_pelvis_proxy:v3_left_hand_proxy,413,0.0,0.037730301065797,0.0,0.0503860356660962,0.5334488038213798,FLAT,0.0,1,0.010472234757050967,0.008714419305088154,0.12267873228593167,SUPPORT,0.42751010740207995,0.022419517309208433,0.04866845708342202,0.0,0.0,0.009990000017967078,0,ok,0.0,0.33090533969460534,FLAT,0.0,-1,0.009435588285257254,0.016587622490374668,0.112341360794772,LOADING,0.298675675040787,0.014029445549363934,0.018510188912547177,-0.34716675357399085,0.000188651505328985,0.6022275647770565,1,staged_v3,2.22207943065224,2,2.2394124599691363,2.2230625049021238,2,0,1,1
v3_pelvis_proxy:v3_left_hand_proxy,414,0.0,0.02694577729600578,0.0,0.05209896882884609,0.5369979025754499,FLAT,0.0,1,0.004941641540325854,0.008849148191568183,0.12430998730428075,SUPPORT,0.43200808592166395,0.022366351173645858,0.048803185969902046,0.0,0.0,0.009990000017967078,0,ok,0.0,0.3255464313033614,FLAT,0.0,-1,0.023412815699453707,0.016722351376854697,0.11359493492363923,LOADING,0.2972314365527936,0.013957395369327268,0.018644917799027206,-0.13480654712239026,0.0001347288864800289,0.6023622936635366,1,staged_v3,2.2207793135642637,2,2.238081887195027,2.221773370112607,2,0,1,1
v3_pelvis_proxy:v3_left_hand_proxy,415,0.0,0.02600414441669141,0.0,0.05343925013770831,0.5364475073314984,FLAT,0.0,1,0.006284468216024448,0.00897916891365164,0.12547031709972106,SUPPORT,0.43560646873733117,0.022294346941334416,0.048933206691985504,0.0,0.0,0.009990000017967043,0,ok,0.0,0.32328597179446816,FLAT,0.0,-1,0.019826744104198032,0.016852372098938154,0.1145079894825572,LOADING,0.2956651092075901,0.013873027375189709,0.018774938521110663,-0.011770410991429614,0.00013002072208345705,0.60249231438562,1,staged_v3,2.2196376798747566,2,2.236983999892032,2.220642414401658,2,0,1,1
v3_pelvis_proxy:v3_left_hand_proxy,416,0.0,0.024108502329101,0.0,0.05446973611058278,0.5321526669449227,FLAT,0.0,1,0.0167224881241261,0.009099711425297145,0.12624680393538038,SUPPORT,0.43848517498986495,0.022212628771471874,0.04905374920363101,0.0,0.0,0.009990000017967085,0,ok,0.0,0.326996283864396,FLAT,0.0,-1,0.010213777002084423,0.01697291461058366,0.11516222166228406,LOADING,0.29476133151211453,0.013785196472530546,0.018895481032756168,-0.023695526094880126,0.000120542511645505,0.6026128568972655,1,staged_v3,2.2187295700089145,2,2.236024270223519,2.21974544936245,2,0,1,1
v3_pelvis_proxy:v3_left_hand_proxy,417,0.0,0.02367782377423744,0.0,0.055315228953792664,0.5040853874387217,FLAT,0.0,1,0.04214482619375993,0.009218100544168332,0.1267714951771227,SUPPORT,0.440788139991892,0.022120474214687807,0.049172138322502196,0.0,0.0,0.009990000017967064,0,ok,0.0,0.32310507334093097,FLAT,0.0,-1,0.02311407747836576,0.017091303729454846,0.11563099950344329,LOADING,0.29347315711979616,0.013690246245717321,0.019013870151627355,-0.005383481935794521,0.0001183891188711872,0.6027312460161367,1,staged_v3,2.2179630732473044,2,2.235141353865648,2.2189929894833633,2,0,1,1
v3_pelvis_proxy:v3_left_hand_proxy,418,0.0,0.019537838712446742,0.0,0.05599493768363067,0.49688597206910823,FLAT,0.0,1,0.023618628986826647,0.009315789737730566,0.12695611991877992,SUPPORT,0.4426305119935136,0.022032016258208432,0.04926982751606443,0.0,0.0,0.009990000017967078,0,ok,0.0,0.324364932103854,FLAT,0.0,-1,0.014570013551353964,0.01718899292301708,0.11596689350433706,LOADING,0.29251261161211456,0.013609351752199773,0.01911155934518959,-0.051749813272383705,9.768919356223371e-05,0.6028289352096989,1,staged_v3,2.2173649956320203,2,2.2344025537270817,2.218405671347557,2,0,1,1
v3_pelvis_proxy:v3_left_hand_proxy,419,0.0,0.021047521839867578,0.0,0.056651371741764,0.46974382544785676,FLAT,0.0,1,0.04986218282646833,0.009421027346929903,0.12642771655268484,SUPPORT,0.4441044095948109,0.021900358480704343,0.04937506512526377,0.0,0.0,0.009990000017967064,0,ok,0.0,0.31448165631935543,FLAT,0.0,-1,0.03352440624375439,0.017294230532216417,0.11634808554692441,LOADING,0.29042399819138,0.013523173745129805,0.019216796954388927,0.018871039092760444,0.00010523760919933789,0.6029341728188983,1,staged_v3,2.216755459492456,2,2.2338216009503373,2.2178135898425766,2,0,1,1
v3_pelvis_proxy:v3_left_hand_proxy,420,0.0,0.01997669182565165,0.0,0.057279435434183644,0.45575292820067675,FLAT,0.0,1,0.04053721249039162,0.009520910806058162,0.12585415866836874,SUPPORT,0.4452835276758487,0.02177179712736028,0.049474948584392026,0.0,0.0,0.009990000017967085,0,ok,0.0,0.31091379652987317,FLAT,0.0,-1,0.025554228866890565,0.017394113991344676,0.11668062147916305,LOADING,0.28816859581037163,0.013439917082613478,0.019316680413517185,-0.01338537517769911,9.988345912825825e-05,0.6030340562780265,1,staged_v3,2.216314016556612,2,2.233308975955902,2.21737990683478,2,0,1,1
v3_pelvis_proxy:v3_left_hand_proxy,421,0.0,0.01609462403941997,0.0,0.05783065514140068,0.463730390064533,FLAT,0.0,1,0.02165076854253997,0.009601383926255262,0.12537164250732188,SUPPORT,0.446226822140679,0.021667198199110834,0.049555421704589125,0.0,0.0,0.009990000017967043,0,ok,0.0,0.3137956141415395,FLAT,0.0,-1,0.017277966006503824,0.017474587111541776,0.11711414373038374,LOADING,0.2865796120496047,0.013381120074977413,0.019397153533714285,-0.048525847327896,8.047312019709985e-05,0.6031145293982236,1,staged_v3,2.215856533833041,2,2.232781385423202,2.2169304401483525,2,0,1,1
v3_pelvis_proxy:v3_left_hand_proxy,422,0.0,0.016869668290220297,0.0,0.05838586467557954,0.446411080815206,FLAT,0.0,1,0.045122914307976485,0.009685732267706363,0.121060703822044,SUPPORT,0.4469814577125432,0.02136730292339584,0.04963977004604023,0.0,0.0,0.009990000017967064,0,ok,0.0,0.30748338123745866,FLAT,0.0,-1,0.03363188332514184,0.017558935452992877,0.11761813948326637,LOADING,0.28439934718741616,0.013321971521170442,0.019481501875165386,0.009688053135004093,8.434834145110148e-05,0.6031988777396747,1,staged_v3,2.2153522269019867,2,2.2323744762200186,2.216444438914392,2,0,1,1
v3_pelvis_proxy:v3_left_hand_proxy,423,0.0,0.012898871851207971,0.0,0.05883994081646499,0.4610702979814398,FLAT,0.0,1,0.01780341747857248,0.009750226626962403,0.11776069580135892,SUPPORT,0.4475851661700346,0.021137808163105544,0.04970426440529627,0.0,0.0,0.009990000017967064,0,ok,0.0,0.3132497359954897,FLAT,0.0,-1,0.014472694623462222,0.017623429812248917,0.11798107857038934,LOADING,0.28324118248647845,0.013275624116270552,0.019545996234421426,-0.049634955487654064,6.449435925603986e-05,0.6032633720989308,1,staged_v3,2.2149778850410815,2,2.231953798285739,2.2160780828532776,2,0,1,1
v3_pelvis_proxy:v3_left_hand_proxy,424,0.0,0.008387920079955258,0.0,0.059171071586193336,0.4798499452799528,FLAT,0.0,1,0.0076777110846407695,0.00979216622736218,0.11548500679924943,SUPPORT,0.44806813293602765,0.020982084112600295,0.04974620400569604,0.0,0.0,0.009990000017967057,0,ok,0.0,0.31777691647730827,FLAT,0.0,-1,0.011977882525040404,0.017665369412648693,0.11827927372532118,LOADING,0.2828053697869387,0.013248594273617367,0.019587935834821203,-0.05638689714065892,4.193960039977629e-05,0.6033053116993305,1,staged_v3,2.2145144940339274,2,2.231781084430935,2.215622187397213,2,0,1,1
v3_pelvis_proxy:v3_left_hand_proxy,425,0.0,0.000783069050491747,0.0,0.05932623493507347,0.5009920305467017,FLAT,0.0,1,0.0012588426458466665,0.009796081572614638,0.11409656394319592,SUPPORT,0.4484545063488221,0.02090874662454516,0.0497501193509485,0.0,0.0,0.009990000017967078,0,ok,0.0,0.3244214764528356,FLAT,0.0,-1,0.006329108069539447,0.017669284757901152,0.11840856127717064,LOADING,0.2834457350652789,0.013251143305957381,0.01959185118007366,-0.09506063786829388,3.915345252458735e-06,0.603309227044583,1,staged_v3,2.214369019379674,2,2.2318334630207777,2.215486628937605,2,0,1,1
v3_pelvis_proxy:v3_left_hand_proxy,426,0.0,0.0072327493854551506,0.0,0.059298739526066194,0.5176094072275654,FLAT,0.0,1,0.0023498692426358555,0.009759917825687362,0.11323346830984113,SUPPORT,0.4487636050790577,0.020901755589804696,0.049713955604021226,0.0,0.0,0.009990000017967043,0,ok,0.0,0.33000334749391286,FLAT,0.0,-1,0.0070820113340223185,0.017633121010973876,0.11833104935614228,LOADING,0.28494732907100684,0.01328343145683324,0.019555687433146385,-0.10019773044933622,-3.616374692727575e-05,0.6032730632976557,1,staged_v3,2.214272603959248,2,2.2322533248587124,2.21539460334135,2,0,1,1
v3_pelvis_proxy:v3_left_hand_proxy,427,0.0,0.008702049889230956,0.0,0.059201162570084044,0.5166431798565264,FLAT,0.0,1,0.01444938630739459,0.009716407576241207,0.1127821095441523,SUPPORT,0.4490108840632462,0.02092269790096641,0.04967044535457507,0.0,0.0,0.009990000017967078,0,ok,0.0,0.32995662018416044,FLAT,0.0,-1,0.015180880462338831,0.01758961076152772,0.11827522454639045,LOADING,0.28614404862506765,0.0133241504657918,0.01951217718370023,-0.01836625629719757,-4.351024944615478e-05,0.6032295530482096,1,staged_v3,2.2142340109110217,2,2.232739324301782,2.215364202508241,2,0,1,1
v3_pelvis_proxy:v3_left_hand_proxy,428,0.0,0.007730142757989,0.0,0.05906917155320457,0.5313738567557841,FLAT,0.0,1,0.0034889798709562218,0.009677756862451262,0.11240505948924975,SUPPORT,0.449208707250597,0.020942496112011228,0.049631794640785126,0.0,0.0,0.009990000017967078,0,ok,0.0,0.3305574513721142,FLAT,0.0,-1,0.014301303179114032,0.017550960047737776,0.11807959794113021,LOADING,0.2872203109835842,0.013353019849318734,0.019473526469910286,0.012148839140524448,-3.8650713789945e-05,0.6031909023344196,1,staged_v3,2.2143948276766703,2,2.232928707092635,2.2155295332499443,2,0,1,1
v3_pelvis_proxy:v3_left_hand_proxy,429,0.0,0.002931791516225246,0.0,0.05910958086341567,0.5306042677216255,FLAT,0.0,1,0.016382179564437122,0.009692415820032389,0.1120624278234976,SUPPORT,0.4493669658004776,0.020910705571142493,0.04964645359836625,0.0,0.0,0.009990000017967064,0,ok,0.0,0.3172198854265594,FLAT,0.0,-1,0.0343971634677323,0.017565619005318903,0.11747371243865208,LOADING,0.2861823933896632,0.013308066616613705,0.019488185427491412,0.13327417842767808,1.465895758112623e-05,0.6032055612920008,1,staged_v3,2.2145269073662033,2,2.232977034723428,2.215666726103177,2,0,1,1
v3_pelvis_proxy:v3_left_hand_proxy,430,0.0,0.010278544984765325,0.0,0.0592909796825553,0.5288544705321596,FLAT,0.0,1,0.015885597994477967,0.009743808544956215,0.11180501948885349,SUPPORT,0.4494935726403821,0.02084644242948646,0.04969784632329008,0.0,0.0,0.009990000017967043,0,ok,0.0,0.3095404407580153,FLAT,0.0,-1,0.03188439922867199,0.01761701173024273,0.11504958371607661,LOADING,0.2844317574633563,0.013135467455561104,0.01953957815241524,0.09183441835675099,5.139272492382663e-05,0.6032569540169246,1,staged_v3,2.2146106051925005,2,2.232676296628306,2.215755391902671,2,0,1,1
v3_pelvis_proxy:v3_left_hand_proxy,431,0.0,0.007758023650938917,0.0,0.059432165622183286,0.5335946123136877,FLAT,0.0,1,0.009378074926564466,0.00978259866321091,0.11142912924630258,SUPPORT,0.44959485811230565,0.02078885779910422,0.049736636441544774,0.0,0.0,0.009990000017967078,0,ok,0.0,0.3192608661856446,FLAT,0.0,-1,0.006857792949023924,0.017655801848497424,0.11367099020546143,LOADING,0.284222958881801,0.013027747661775647,0.019578368270669933,-0.03150651667283011,3.879011825469458e-05,0.6032957441351793,1,staged_v3,2.2145383461971178,2,2.232195199234529,2.215688713662358,2,0,1,1
v3_pelvis_proxy:v3_left_hand_proxy,432,0.0,0.0028980717676763135,0.0,0.05952575767740357,0.5241518539058525,FLAT,0.0,1,0.018382649075896203,0.009797089022049291,0.11079971808711944,SUPPORT,0.4496758864898445,0.020742896882306683,0.049751126800383155,0.0,0.0,0.009990000017967078,0,ok,0.0,0.32061176174826844,FLAT,0.0,-1,0.01727778430610668,0.017670292207335805,0.11267046618952875,LOADING,0.28427602412268976,0.012963231102140635,0.019592858629508315,-0.06074939854078254,1.4490358838381567e-05,0.6033102344940177,1,staged_v3,2.214531961439679,2,2.231967677871631,2.2156836022891198,2,0,1,1
v3_pelvis_proxy:v3_left_hand_proxy,433,0.0,0.005768727747756941,0.0,0.05945270344671696,0.537735287220596,FLAT,0.0,1,0.0013221802956652825,0.009768245383310507,0.11022966414304448,SUPPORT,0.44974070919187564,0.020743237823841718,0.04972228316164437,0.0,0.0,0.009990000017967064,0,ok,0.0,0.3291553139012368,FLAT,0.0,-1,0.005119216806477694,0.01764144856859702,0.11185441369409443,LOADING,0.2858883871482555,0.012951272116107703,0.01956401499076953,-0.10833499394291568,-2.8843638738784705e-05,0.6032813908552789,1,staged_v3,2.21455034287828,2,2.2315717881572823,2.215703815553927,2,0,1,1
v3_pelvis_proxy:v3_left_hand_proxy,434,0.0,0.011301129604968096,0.0,0.059296860169392666,0.5386847416615665,FLAT,0.0,1,0.00898661933829165,0.009711739735285666,0.11053644878305133,SUPPORT,0.44979256735350054,0.0208150827038669,0.04966577751361953,0.0,0.0,0.009990000017967064,0,ok,0.0,0.33004767023812326,FLAT,0.0,-1,0.014791421933999472,0.01758494292057218,0.11122416032912313,LOADING,0.2873783887680653,0.012976265095883979,0.01950750934274469,-0.06915502321513944,-5.650564802484048e-05,0.603224885207254,1,staged_v3,2.2146838533648996,2,2.231316116933161,2.215837117810841,2,0,1,1
v3_pelvis_proxy:v3_left_hand_proxy,435,0.0,0.010992117050334649,0.0,0.059129650174494265,0.5426035771901094,FLAT,0.0,1,0.00935840912988543,0.009656779150033993,0.1106922275440784,SUPPORT,0.44983405388280046,0.020877832227169928,0.04961081692836786,0.0,0.0,0.009990000017967043,0,ok,0.0,0.32942457777502177,FLAT,0.0,-1,0.0171772976924289,0.017529982335320507,0.1107725640595267,LOADING,0.2884893855405834,0.013008645867655828,0.019452548757493016,0.003862656932918096,-5.4960585251673244e-05,0.6031699246220024,1,staged_v3,2.2149339431148984,2,2.2315256274788084,2.2160851131185493,2,0,1,1
v3_pelvis_proxy:v3_left_hand_proxy,436,0.0,0.010550399243758335,0.0,0.05890868272575207,0.5440356025893762,FLAT,0.0,1,0.009412784025466567,0.009604027153815201,0.11087899954510777,SUPPORT,0.4498672431062404,0.020939922823440187,0.049558064932149065,0.0,0.0,0.009990000017967043,0,ok,0.0,0.33332909918564607,FLAT,0.0,-1,0.009388369860377383,0.017477230339101715,0.1104875901907228,LOADING,0.29009158248770267,0.013047149170434424,0.019399796761274225,0.0055214725822039235,-5.2751996218791675e-05,0.6031171726257836,1,staged_v3,2.2151861866008558,2,2.2318649878969397,2.216333296775731,2,0,1,1
v3_pelvis_proxy:v3_left_hand_proxy,437,0.0,0.008199057701130386,0.0,0.05867969289842701,0.5355697498939522,FLAT,0.0,1,0.01568621987144249,0.00956303186530955,0.11111163342971342,SUPPORT,0.4498937944849923,0.02099254980617612,0.04951706964364341,0.0,0.0,0.009990000017967078,0,ok,0.0,0.33357911617939096,FLAT,0.0,-1,0.012985522330439172,0.017436235050596063,0.11027744769326484,LOADING,0.29143183851883264,0.01307763733406718,0.019358801472768573,0.029391769282849367,-4.099528850565193e-05,0.6030761773372779,1,staged_v3,2.2154531187946747,2,2.2321140724586153,2.2166011605484424,2,0,1,1
v3_pelvis_proxy:v3_left_hand_proxy,438,0.0,0.004562394073270859,0.0,0.0585133038826496,0.5313356529620591,FLAT,0.0,1,0.0162171245650472,0.009540219894943195,0.11121992516038619,SUPPORT,0.44991503558799384,0.021020776363076116,0.04949425767327706,0.0,0.0,0.00999000001796705,0,ok,0.0,0.3296895017785834,FLAT,0.0,-1,0.019262104427377604,0.01741342308022971,0.10967261467706627,LOADING,0.29185178923245547,0.013070207653623607,0.01933598950240222,0.04545829534824408,-2.2811970366354295e-05,0.6030533653669116,1,staged_v3,2.2157111607183015,2,2.2324338190495476,2.216855624490612,2,0,1,1
v3_pelvis_proxy:v3_left_hand_proxy,439,0.0,0.002937922817403127,0.0,0.05838573917752524,0.5324997320889766,FLAT,0.0,1,0.014802784575127553,0.00952553028085618,0.11120837644382844,SUPPORT,0.4499320284703951,0.021034888541335246,0.04947956805919004,0.0,0.0,0.009990000017967043,0,ok,0.0,0.3303565444368676,FLAT,0.0,-1,0.013071256855714562,0.017398733466142693,0.10929709674103474,LOADING,0.29233133803406786,0.013066121370909047,0.019321299888315203,0.02030589069834665,-1.4689614087015634e-05,0.6030386757528245,1,staged_v3,2.2159686306236264,2,2.232687731183258,2.2171075386347985,2,0,1,1
v3_pelvis_proxy:v3_left_hand_proxy,440,0.0,0.0018693106362155376,0.0,0.05828656872985556,0.5319116427153822,FLAT,0.0,1,0.014912206621009975,0.009516183727675102,0.11120234597110873,SUPPORT,0.44994562277631606,0.021043933570880337,0.049470221506008966,0.0,0.0,0.009990000017967064,0,ok,0.0,0.33041954275942553,FLAT,0.0,-1,0.014913609631471798,0.017389386912961616,0.10911630851658491,LOADING,0.2927381468256101,0.013066428512867632,0.019311953335134125,0.013357652264844866,-9.346553181077688e-06,0.6030293291996435,1,staged_v3,2.2161690728016334,2,2.2328902981188334,2.2173079947327574,2,0,1,1
v3_pelvis_proxy:v3_left_hand_proxy,441,0.0,0.003603836245891223,0.0,0.05817576256247068,0.5251712943591322,FLAT,0.0,1,0.021882507990772508,0.009498164546445646,0.1107778305027924,SUPPORT,0.4499564982210528,0.021040726978693976,0.04945220232477951,0.0,0.0,0.009990000017967043,0,ok,0.0,0.33257614201207086,FLAT,0.0,-1,0.012327030367028213,0.01737136773173216,0.10900217039719066,LOADING,0.29345544160257425,0.013078740788127374,0.01929393415390467,-0.02168157012094607,-1.8019181229456116e-05,0.603011310018414,1,staged_v3,2.216424182481515,2,2.2332609114164272,2.217554190582509,2,0,1,1
v3_pelvis_proxy:v3_left_hand_proxy,442,0.0,0.003899230747239635,0.0,0.05808106769318555,0.52631536150917,FLAT,0.0,1,0.01612248650344818,0.009478668392709447,0.11044920946548256,SUPPORT,0.44996519857684225,0.021043792080564682,0.04943270617104331,0.0,0.0,0.009990000017967064,0,ok,0.0,0.3320773276437793,FLAT,0.0,-1,0.016122799974031474,0.01735187157799596,0.10889594444847639,LOADING,0.29394744396607614,0.01309292564442786,0.01927443800016847,-0.003692431266855145,-1.9496153736198174e-05,0.6029918138646778,1,staged_v3,2.216630332801856,2,2.2334350146549893,2.2177594114192267,2,0,1,1
v3_pelvis_proxy:v3_left_hand_proxy,443,0.0,0.0077662669256461925,0.0,0.057898085245198086,0.5285372633321876,FLAT,0.0,1,0.010781275484587733,0.009439837058081216,0.11004083930417166,SUPPORT,0.4499721588614738,0.021062204907127367,0.04939387483641508,0.0,0.0,0.009990000017967078,0,ok,0.0,0.3392214913688083,FLAT,0.0,-1,0.0019695106753220538,0.01731304024336773,0.10878410943906787,LOADING,0.2956218718783929,0.013126165228585666,0.01923560666554024,-0.04833795223008197,-3.883133462823096e-05,0.6029529825300496,1,staged_v3,2.216916189260001,2,2.233607102425536,2.2180379917616087,2,0,1,1
v3_pelvis_proxy:v3_left_hand_proxy,444,0.0,0.007307818495561058,0.0,0.05773856200579087,0.5188058989452138,FLAT,0.0,1,0.018017182473157266,0.009403297965603411,0.10965226806581341,SUPPORT,0.44997772708917905,0.02107931543768726,0.049357335743937275,0.0,0.0,0.009990000017967078,0,ok,0.0,0.3363584033110364,FLAT,0.0,-1,0.016287524500363318,0.017276501150889925,0.10855311541292934,LOADING,0.2964666276499753,0.013151154619756543,0.019199067573062435,0.0057306053760641795,-3.653909247780529e-05,0.6029164434375718,1,staged_v3,2.217182712733013,2,2.2336810848455757,2.2183066230642314,2,0,1,1
v3_pelvis_proxy:v3_left_hand_proxy,445,0.0,0.005593085474941972,0.0,0.05760853055990233,0.5222740686783557,FLAT,0.0,1,0.008374704296396114,0.009375332538228701,0.10937384460714128,SUPPORT,0.44998218167134324,0.021093359692128364,0.049329370316562565,0.0,0.0,0.009990000017967085,0,ok,0.0,0.3350371760447292,FLAT,0.0,-1,0.015938451395835537,0.017248535723515215,0.10804876593665814,LOADING,0.29694066664601887,0.013153902573317694,0.019171102145687725,0.021434162757738573,-2.796542737470986e-05,0.6028884780101971,1,staged_v3,2.217481250888946,2,2.234056160408852,2.2185933906134574,2,0,1,1
v3_pelvis_proxy:v3_left_hand_proxy,446,0.0,0.007316359781261994,0.0,0.0574184146150811,0.5286826649456802,FLAT,0.0,1,0.006176941746337634,0.009338750739322391,0.10917434548140445,SUPPORT,0.4499857453370746,0.021119966534747833,0.049292788517656255,0.0,0.0,0.009990000017967043,0,ok,0.0,0.3410863755488255,FLAT,0.0,-1,0.0027371707678905243,0.017211953924608905,0.10768738374543835,LOADING,0.2984236685437668,0.013172415262663013,0.019134520346781415,-0.021540928829000272,-3.658179890630997e-05,0.6028518962112908,1,staged_v3,2.217757337002575,2,2.2343173766709077,2.2188597198008817,2,0,1,1
v3_pelvis_proxy:v3_left_hand_proxy,447,0.0,0.0074110084577361235,0.0,0.05722961451444986,0.5342421863289714,FLAT,0.0,1,0.010600245661597977,0.00930169569703371,0.1102276100829991,SUPPORT,0.44998859626965965,0.021209684807116245,0.049255733475367575,0.0,0.0,0.009990000017967064,0,ok,0.0,0.3415873329980259,FLAT,0.0,-1,0.010600003952166185,0.017174898882320225,0.10975543564909543,LOADING,0.2995581881255364,0.013312872900134547,0.019097465304492734,-0.001183108455926618,-3.705504228868062e-05,0.6028148411690021,1,staged_v3,2.2179889151831764,2,2.234628089536848,2.2190912323138527,2,0,1,1
v3_pelvis_proxy:v3_left_hand_proxy,448,0.0,0.007511841464236113,0.0,0.05703450453160869,0.5404962293870403,FLAT,0.0,1,0.007984573328221289,0.00926413648971253,0.11091636105972896,SUPPORT,0.4499908770157277,0.02128168156327392,0.049218174268046394,0.0,0.0,0.009990000017967064,0,ok,0.0,0.343853972432566,FLAT,0.0,-1,0.006970311720480962,0.017137339674999044,0.11137262667695422,LOADING,0.30075816096631836,0.013431291658848668,0.019059906097171554,-0.00126041258124987,-3.7559207321180565e-05,0.6027772819616809,1,staged_v3,2.2183462024049123,2,2.2350123405207127,2.2194436740676156,2,0,1,1
v3_pelvis_proxy:v3_left_hand_proxy,449,0.0,0.0050879637400580435,0.0,0.056885167392521425,0.5406885958372614,FLAT,0.0,1,0.013547774178877372,0.00923869667101224,0.11138382566132174,SUPPORT,0.44999270161258215,0.021330494612053847,0.049192734449346104,0.0,0.0,0.009990000017967078,0,ok,0.0,0.3421400836700493,FLAT,0.0,-1,0.013547816827529074,0.017111899856298754,0.1126044198509054,LOADING,0.3013292483811833,0.013518321136246517,0.019034466278471263,0.03029847155222587,-2.5439818700290218e-05,0.6027518421429806,1,staged_v3,2.2186189179407765,2,2.235212115200309,2.2197168084900105,2,0,1,1
v3_pelvis_proxy:v3_left_hand_proxy,450,0.0,0.00556120055650311,0.0,0.05671294789805197,0.5482130262816748,FLAT,0.0,1,0.00511888013420597,0.009210890668229724,0.11171877868494787,SUPPORT,0.4499941612900657,0.02137504826601767,0.04916492844656359,0.0,0.0,0.009990000017967078,0,ok,0.0,0.3464362624162275,FLAT,0.0,-1,0.003405452726927787,0.01708409385351624,0.11345300241578632,LOADING,0.3024898043648273,0.01358855626727308,0.019006660275688748,-0.005915460205563328,-2.780600278251555e-05,0.6027240361401981,1,staged_v3,2.2188703376355927,2,2.2352824480661475,2.2199613136235867,2,0,1,1
v3_pelvis_proxy:v3_left_hand_proxy,451,0.0,0.006789883627456028,0.0,0.056566783636281606,0.5409867141009636,FLAT,0.0,1,0.017340132519815515,0.009176941250092444,0.11205291822760276,SUPPORT,0.4499953290320526,0.021425704661287695,0.04913097902842631,0.0,0.0,0.009990000017967078,0,ok,0.0,0.3449136788793077,FLAT,0.0,-1,0.011173216255992015,0.01705014443537896,0.11420957287998477,LOADING,0.30309609047866937,0.013660334208620284,0.018972710857551468,-0.01535853838691148,-3.394941813728014e-05,0.6026900867220608,1,staged_v3,2.2191980652128644,2,2.235347986396608,2.2202745922464944,2,0,1,1
v3_pelvis_proxy:v3_left_hand_proxy,452,0.0,0.0043512329397144,0.0,0.05646616117650699,0.5429853519140703,FLAT,0.0,1,0.011377653581549864,0.009155185085393872,0.11237090278375811,SUPPORT,0.44999626322564207,0.021463360053794036,0.049109222863727736,0.0,0.0,0.009990000017967064,0,ok,0.0,0.3439899500883377,FLAT,0.0,-1,0.011358821821212804,0.017028388270680386,0.11485234345220141,LOADING,0.3033732520222728,0.013714228901929686,0.018950954692852896,0.03048313359677035,-2.1756164698572e-05,0.6026683305573622,1,staged_v3,2.2194119385359548,2,2.235336675341218,2.2204885312999645,2,0,1,1
v3_pelvis_proxy:v3_left_hand_proxy,453,0.0,0.004604330384561095,0.0,0.0563197823577582,0.5471391332921607,FLAT,0.0,1,0.00866162571460162,0.009132163433471067,0.11274092483340381,SUPPORT,0.44999701058051367,0.021504882808199125,0.04908620121180493,0.0,0.0,0.009990000017967064,0,ok,0.0,0.3492195088650585,FLAT,0.0,-1,0.0006725032636984441,0.01700536661875758,0.11517955399970622,LOADING,0.30449791393501513,0.013753611081227732,0.01892793304093009,-0.0031637180605836868,-2.3021651922805475e-05,0.6026453089054394,1,staged_v3,2.219635960306707,2,2.2353660960739172,2.220704964243344,2,0,1,1
v3_pelvis_proxy:v3_left_hand_proxy,454,0.0,0.0007912539662147111,0.0,0.05631725291019492,0.5314303075046586,FLAT,0.0,1,0.02513089662006329,0.00913611970330214,0.11190254506956294,SUPPORT,0.44999760846441095,0.021459007550176008,0.049090157481636004,0.0,0.0,0.009990000017967064,0,ok,0.0,0.33542317751139783,FLAT,0.0,-1,0.029965810387664795,0.017009322888588654,0.11562994416583161,LOADING,0.30337509969056,0.013772174319702929,0.018931889310761164,0.06744480438469758,3.9562698310735556e-06,0.6026492651752705,1,staged_v3,2.2198342449136814,2,2.235566842759111,2.2209022503798326,2,0,1,1
v3_pelvis_proxy:v3_left_hand_proxy,455,0.0,0.010230872306005168,0.0,0.05648631859782218,0.5294265958938575,FLAT,0.0,1,0.01749754509769655,0.009187274064832166,0.11106400039727042,SUPPORT,0.44999808677152875,0.021365925955031357,0.04914131184316603,0.0,0.0,0.009990000017967064,0,ok,0.0,0.32369736961197554,FLAT,0.0,-1,0.03092088650045021,0.01706047725011868,0.11354580130982463,LOADING,0.30102764150583733,0.013616812815372553,0.01898304367229119,0.1179952292473807,5.115436153002584e-05,0.6027004195368005,1,staged_v3,2.219992069750805,2,2.2357330993836078,2.221057670669865,2,0,1,1
v3_pelvis_proxy:v3_left_hand_proxy,456,0.0,0.011599242102322549,0.0,0.056673182587030545,0.5291170255712677,FLAT,0.0,1,0.015723541363966757,0.009245270275343779,0.11027147951293803,SUPPORT,0.449998469417223,0.021268303700303123,0.04919930805367764,0.0,0.0,0.009990000017967064,0,ok,0.0,0.3283650641803241,FLAT,0.0,-1,0.00729451417207075,0.017118473460630293,0.11203092135108153,LOADING,0.29967769607653133,0.013483072606923784,0.019041039882802802,0.017104622453967266,5.7996210511612745e-05,0.6027584157473121,1,staged_v3,2.220070417531386,2,2.2358575009662993,2.2211273552024524,2,0,1,1
v3_pelvis_proxy:v3_left_hand_proxy,457,0.0,0.0085142358525081,0.0,0.05684510379760608,0.5323417575583194,FLAT,0.0,1,0.01261312386127574,0.00928784145460632,0.10962904870443456,SUPPORT,0.4499987755337784,0.02119361098061541,0.04924187923294018,0.0,0.0,0.009990000017967078,0,ok,0.0,0.3286511630013181,FLAT,0.0,-1,0.015438364478049754,0.017161044639892833,0.1104701937007013,LOADING,0.29863016883196997,0.013362465045142234,0.019083611062065343,-0.0385625781226806,4.2571179262540504e-05,0.6028009869265747,1,staged_v3,2.2198522723525764,2,2.2361538847800997,2.2209080773273624,2,0,1,1
v3_pelvis_proxy:v3_left_hand_proxy,458,0.0,0.0013298804679706677,0.0,0.05695768293659045,0.5399808171127386,FLAT,0.0,1,0.007435195683736271,0.009294490856946173,0.1091687269152646,SUPPORT,0.4499990204270227,0.02116394548881706,0.04924852863528004,0.0,0.0,0.009990000017967085,0,ok,0.0,0.33387942050785346,FLAT,0.0,-1,0.004211470968703626,0.017167694042232687,0.10944197418448245,LOADING,0.2984457157971033,0.013304404666991437,0.019090260464405196,-0.08980444230671791,6.649402339853339e-06,0.6028076363289145,1,staged_v3,2.2198869416809432,2,2.236486805908419,2.220933764101204,2,0,1,1
v3_pelvis_proxy:v3_left_hand_proxy,459,0.0,0.0024996985589886833,0.0,0.05703346246594622,0.5360028573864452,FLAT,0.0,1,0.0160103186852172,0.00928199236415123,0.1084201447436059,SUPPORT,0.44999921634161816,0.021139014873029067,0.04923603014248509,0.0,0.0,0.009990000017967078,0,ok,0.0,0.33455795539995137,FLAT,0.0,-1,0.008454423983591239,0.017155195549437743,0.1088063486824529,LOADING,0.2984043172332622,0.013285121884684902,0.019077761971610253,-0.04786973783699189,-1.2498492794943417e-05,0.6027951378361196,1,staged_v3,2.2198489837725894,2,2.2368298059508285,2.220894308529706,2,0,1,1
v3_pelvis_proxy:v3_left_hand_proxy,460,0.0,0.003346457902098088,0.0,0.0570715024647564,0.5378999110814817,FLAT,0.0,1,0.012852698364175876,0.009265260074640739,0.10783145625315638,SUPPORT,0.4499993730732945,0.021126312738017083,0.0492192978529746,0.0,0.0,0.009990000017967064,0,ok,0.0,0.33555114067204256,FLAT,0.0,-1,0.008745760285193858,0.017138463259927253,0.10832038448747117,LOADING,0.29856427620645726,0.013277555964446307,0.019061029682099762,-0.010584491788867556,-1.673228951049044e-05,0.6027784055466091,1,staged_v3,2.219901262198232,2,2.236956311687446,2.2209396212555235,2,0,1,1
v3_pelvis_proxy:v3_left_hand_proxy,461,0.0,0.0038238782563038143,0.0,0.057067125764126925,0.5418001520677208,FLAT,0.0,1,0.00915776615605797,0.00924614068335922,0.10759972143280594,SUPPORT,0.4499994984586356,0.02113384538828108,0.049200178461693084,0.0,0.0,0.009990000017967078,0,ok,0.0,0.33717498026224096,FLAT,0.0,-1,0.009891710482055872,0.017119343868645734,0.10794647350324363,LOADING,0.2990070470030471,0.01327797980651645,0.019041910290818243,-0.005967754427571581,-1.911939128151907e-05,0.6027592861553276,1,staged_v3,2.2200074274355606,2,2.2369403791318385,2.221040114572872,2,0,1,1
v3_pelvis_proxy:v3_left_hand_proxy,462,0.0,0.0029038897924937856,0.0,0.05703985827560361,0.5427523633716769,FLAT,0.0,1,0.01267929776032567,0.009231621234396751,0.10783781155681842,SUPPORT,0.4499995987669085,0.02116026934344417,0.049185659012730615,0.0,0.0,0.009990000017967064,0,ok,0.0,0.33702354959560454,FLAT,0.0,-1,0.012679332485522108,0.017104824419683265,0.10757705835299777,LOADING,0.29935914710932243,0.013274028497966626,0.019027390841855774,0.011499855797625358,-1.4519448962468928e-05,0.6027447667063651,1,staged_v3,2.220114199746937,2,2.2370480494362974,2.221147254251739,2,0,1,1
v3_pelvis_proxy:v3_left_hand_proxy,463,0.0,0.004046009711755616,0.0,0.0569754713255836,0.5488259705576279,FLAT,0.0,1,0.004378500718877189,0.009211391185837973,0.10811166718103676,SUPPORT,0.4499996790135268,0.021194192173213867,0.04916542896417184,0.0,0.0,0.009990000017967078,0,ok,0.0,0.3382436858291882,FLAT,0.0,-1,0.010216604016067134,0.017084594371124487,0.1073355814738527,LOADING,0.29987493831362855,0.013282184702568152,0.019007160793296996,-0.014276498990772879,-2.023004855877808e-05,0.6027245366578063,1,staged_v3,2.220272168589014,2,2.237239636922756,2.2212990903610526,2,0,1,1
v3_pelvis_proxy:v3_left_hand_proxy,464,0.0,0.0058022452392059165,0.0,0.05687382458482402,0.5517487316361074,FLAT,0.0,1,0.008044661712229948,0.009182379959641943,0.10818928103617585,SUPPORT,0.4499997432108214,0.02122708409216685,0.04913641773797581,0.0,0.0,0.009990000017967078,0,ok,0.0,0.34024796347919856,FLAT,0.0,-1,0.006982688511436656,0.017055583144928457,0.10717884137938236,LOADING,0.3006560668452636,0.013303358924040661,0.018978149567100967,-0.021952944093128757,-2.9011226196029583e-05,0.6026955254316103,1,staged_v3,2.2204534206866104,2,2.237607523807695,2.2214700854925384,2,0,1,1
v3_pelvis_proxy:v3_left_hand_proxy,465,0.0,0.005302372622040252,0.0,0.05677236361943324,0.5521557298702554,FLAT,0.0,1,0.010947480314309548,0.009155868096531742,0.10841357860041102,SUPPORT,0.44999979456865713,0.02126481083348881,0.049109905874865606,0.0,0.0,0.00999000001796705,0,ok,0.0,0.3405439683752986,FLAT,0.0,-1,0.010947556194784436,0.017029071281818256,0.10751532650593225,LOADING,0.3013109079613714,0.013346695043478358,0.018951637703990765,0.006248407714570803,-2.651186311020126e-05,0.6026690135685001,1,staged_v3,2.220612914305508,2,2.237685070320635,2.2216290983833438,2,0,1,1
v3_pelvis_proxy:v3_left_hand_proxy,466,0.0,0.005050188590760563,0.0,0.056660403935669464,0.5484725255483097,FLAT,0.0,1,0.011095683817835064,0.00913061715357794,0.10830238412982278,SUPPORT,0.4499998356549257,0.021284502052913202,0.0490846549319118,0.0,0.0,0.009990000017967057,0,ok,0.0,0.3424741642190619,FLAT,0.0,-1,0.00482024234423276,0.017003820338864453,0.1075607921623698,LOADING,0.30217620073319995,0.013374219269254039,0.018926386761036963,0.003152300390996121,-2.5250942953802813e-05,0.6026437626255463,1,staged_v3,2.220854162377431,2,2.2383208916515973,2.221859195654184,2,0,1,1
v3_pelvis_proxy:v3_left_hand_proxy,467,0.0,0.0035645712467280433,0.0,0.05656916371784982,0.5479176196370067,FLAT,0.0,1,0.011794624859760114,0.009112794297344299,0.10818096914296202,SUPPORT,0.4499998685239405,0.021296254159803803,0.04906683207567816,0.0,0.0,0.009990000017967064,0,ok,0.0,0.3412792211299662,FLAT,0.0,-1,0.011794624859760149,0.016985997482630813,0.10798026688633522,LOADING,0.3026265205364783,0.013413015861685949,0.018908563904803322,0.01857021680040649,-1.7822856233640216e-05,0.6026259397693127,1,staged_v3,2.2210468099305865,2,2.2402208467599793,2.2220460154849304,2,0,1,1
v3_pelvis_proxy:v3_left_hand_proxy,468,0.0,0.005253117518000394,0.0,0.05644995104172591,0.5458941989602235,FLAT,0.0,1,0.010451193540189469,0.009086528709754297,0.10834491209498538,SUPPORT,0.4499998948191524,0.021330716894994974,0.04904056648808816,0.0,0.0,0.009990000017967078,0,ok,0.0,0.34513328314652436,FLAT,0.0,-1,0.00304385184957816,0.01695973189504081,0.10831886102326646,LOADING,0.30365098423215714,0.013456211156122513,0.01888229831721332,-0.021106828390904386,-2.626558759000197e-05,0.6025996741817227,1,staged_v3,2.221319512446812,2,2.2404625642001554,2.2223036266813607,2,0,1,1
v3_pelvis_proxy:v3_left_hand_proxy,469,0.0,0.004919646879986139,0.0,0.05635351949024141,0.5423341896342424,FLAT,0.0,1,0.015748130532872173,0.009061930475354366,0.10846238235325802,SUPPORT,0.44999991585532195,0.021361188642308536,0.04901596825368823,0.0,0.0,0.009990000017967085,0,ok,0.0,0.34336281576391003,FLAT,0.0,-1,0.012084952439578639,0.01693513366064088,0.10867366559364736,LOADING,0.3041304513749837,0.01349854961904149,0.01885770008281339,0.0041683829751781865,-2.4598234399930696e-05,0.6025750759473227,1,staged_v3,2.2214607932101478,2,2.239980370714968,2.2224365427262787,2,0,1,1
v3_pelvis_proxy:v3_left_hand_proxy,470,0.0,0.004411792679270832,0.0,0.05628941481995034,0.5442085768679218,FLAT,0.0,1,0.010976089333998316,0.009039871511958012,0.10876494006131071,SUPPORT,0.4499999326842576,0.021398375491107523,0.048993909290291876,0.0,0.0,0.009990000017967078,0,ok,0.0,0.3424837794475327,FLAT,0.0,-1,0.009256865348084287,0.016913074697244526,0.1089082501953799,LOADING,0.30434125516150723,0.01353233781252447,0.018835641119417035,0.006348177508941344,-2.205896339635416e-05,0.6025530169839264,1,staged_v3,2.2217902660609674,2,2.240216928788483,2.2227548132015085,2,0,1,1
v3_pelvis_proxy:v3_left_hand_proxy,471,0.0,0.004373076502028894,0.0,0.05621946018122234,0.5492177583894731,FLAT,0.0,1,0.0052493230496964294,0.009018006129447868,0.10912185617506344,SUPPORT,0.44999994614740607,0.021438086679305305,0.04897204390778173,0.0,0.0,0.009990000017967057,0,ok,0.0,0.3446954749554916,FLAT,0.0,-1,0.005718142459818537,0.01689120931473438,0.10911770334234039,LOADING,0.30488962340437603,0.013564675852382638,0.01881377573690689,0.0004839522155242193,-2.186538251014447e-05,0.6025311516014162,1,staged_v3,2.2220756143398153,2,2.2403000588670303,2.223027468527517,2,0,1,1
v3_pelvis_proxy:v3_left_hand_proxy,472,0.0,0.0009051163203155355,0.0,0.0562057721324915,0.5431017321269493,FLAT,0.0,1,0.014253053806191022,0.00901348054784629,0.10937489738528725,SUPPORT,0.4499999569179249,0.021455264321418074,0.048967518326180154,0.0,0.0,0.009990000017967064,0,ok,0.0,0.339805961825501,FLAT,0.0,-1,0.014253330201084878,0.016886683733132804,0.10917726811010506,LOADING,0.3045778022360175,0.01357217967237245,0.018809250155305313,0.043349502271416984,-4.525581601577677e-06,0.6025266260198147,1,staged_v3,2.222254133314824,2,2.239883893387858,2.2232090779792903,2,0,1,1
v3_pelvis_proxy:v3_left_hand_proxy,473,0.0,0.0003611582429119409,0.0,0.05619704932372043,0.5455601534341245,FLAT,0.0,1,0.007414155504391474,0.00901528633906085,0.1097389051732129,SUPPORT,0.4499999655343399,0.021471658919599797,0.048969324117394714,0.0,0.0,0.009990000017967064,0,ok,0.0,0.3422337527712863,FLAT,0.0,-1,0.005676568732003182,0.016888489524347364,0.10915088995609828,LOADING,0.30463796860547104,0.013569054973457551,0.018811055946519873,0.015828432040343454,1.8057912145597044e-06,0.6025284318110292,1,staged_v3,2.2224464600968044,2,2.2398753061922427,2.223389798321331,2,0,1,1
v3_pelvis_proxy:v3_left_hand_proxy,474,0.0,0.0007694816516190528,0.0,0.05624247361637582,0.5437403773977292,FLAT,0.0,1,0.012632235142198134,0.009019133747318945,0.11008332107008227,SUPPORT,0.4499999724274719,0.021485032306185172,0.04897317152565281,0.0,0.0,0.009990000017967057,0,ok,0.0,0.3363322421183914,FLAT,0.0,-1,0.01659973862152718,0.01689233693260546,0.10937759893243604,LOADING,0.30391040580924933,0.013576543014016344,0.01881490335477797,0.005104042608838899,3.847408258095264e-06,0.6025322792192873,1,staged_v3,2.2226949147550417,2,2.2397782395179004,2.2236232893546193,2,0,1,1
v3_pelvis_proxy:v3_left_hand_proxy,475,0.0,0.003645379913619351,0.0,0.056341155487794205,0.5386102106372243,FLAT,0.0,1,0.017518630069804746,0.009037360646887042,0.11036229793571738,SUPPORT,0.44999997794197755,0.02148075424989883,0.048991398425220906,0.0,0.0,0.009990000017967078,0,ok,0.0,0.33333254204069007,FLAT,0.0,-1,0.017500765215192896,0.016910563832173556,0.11013977927305722,LOADING,0.30286882918447106,0.013596425131479309,0.018833130254346065,0.03594872827500373,1.8226899568096755e-05,0.6025505061188554,1,staged_v3,2.222779099449724,2,2.2398646130827418,2.2237080469287522,2,0,1,1
v3_pelvis_proxy:v3_left_hand_proxy,476,0.0,0.004525955765588563,0.0,0.05646360843408217,0.5404691343647539,FLAT,0.0,1,0.011276617322971772,0.009059990425714985,0.11053406753746847,SUPPORT,0.449999982353582,0.02146671295115844,0.04901402820404885,0.0,0.0,0.009990000017967057,0,ok,0.0,0.3332271170460633,FLAT,0.0,-1,0.011228329414671237,0.0169331936110015,0.11070588615252913,LOADING,0.3019356984100361,0.013602100696624958,0.018855760033174008,0.01100719814961515,2.2629778827942815e-05,0.6025731358976834,1,staged_v3,2.2229641872460317,2,2.239745650579055,2.2238871809319547,2,0,1,1
v3_pelvis_proxy:v3_left_hand_proxy,477,0.0,0.0065231059656278845,0.0,0.05663029981961104,0.5346830833694645,FLAT,0.0,1,0.019059446379226408,0.009092605955543124,0.11042381547874087,SUPPORT,0.4499999858828656,0.021428584818393923,0.04904664373387699,0.0,0.0,0.009990000017967078,0,ok,0.0,0.32919732422081216,FLAT,0.0,-1,0.018168426395804665,0.016965809140829638,0.11121752582711888,LOADING,0.30059985753889745,0.013595067150526309,0.018888375563002147,0.02496437750049152,3.261552982813942e-05,0.6026057514275115,1,staged_v3,2.2228899496231036,2,2.2399537395252778,2.2238089455455126,2,0,1,1
v3_pelvis_proxy:v3_left_hand_proxy,478,0.0,0.005821409903927766,0.0,0.05681143205165411,0.5382230682240083,FLAT,0.0,1,0.008011334132869629,0.009121713005062763,0.11041662854712583,SUPPORT,0.4499999887062925,0.02139911842229353,0.04907575078339663,0.0,0.0,0.009990000017967085,0,ok,0.0,0.3295181747584418,FLAT,0.0,-1,0.01294796241849445,0.016994916190349277,0.11159094910632913,LOADING,0.29947801058896384,0.01358463126496718,0.018917482612521786,-0.008771200771251486,2.9107049519638828e-05,0.6026348584770311,1,staged_v3,2.2229862476817916,2,2.2399737372892647,2.2238941439251603,2,0,1,1
v3_pelvis_proxy:v3_left_hand_proxy,479,0.0,0.0029708631832603416,0.0,0.05697604703741011,0.5312582742073227,FLAT,0.0,1,0.016553140056974964,0.009136567320979064,0.11119192293153665,SUPPORT,0.449999990965034,0.02142302882559777,0.04909060509931293,0.0,0.0,0.009990000017967064,0,ok,0.0,0.3305004676290477,FLAT,0.0,-1,0.01246861850549105,0.01700977050626558,0.11181339577513436,LOADING,0.29863059308170814,0.013580899282491142,0.018932336928438088,-0.0356318340083428,1.4854315916301708e-05,0.6026497127929474,1,staged_v3,2.2231058981938006,2,2.2400940784602072,2.223997698008757,2,0,1,1
v3_pelvis_proxy:v3_left_hand_proxy,480,0.0,0.00020058389269550503,0.0,0.057097788357226946,0.5311017485137176,FLAT,0.0,1,0.014994584154951546,0.009137570240442542,0.11338594197859744,SUPPORT,0.44999999277202724,0.02153172685848733,0.049091608018776406,0.0,0.0,0.009990000017967078,0,ok,0.0,0.3361550952828744,FLAT,0.0,-1,0.00455664418774472,0.017010773425729056,0.11316861158848776,LOADING,0.2985566354802235,0.013647657153695335,0.018933339847901565,-0.03462849113206046,1.0029194634775251e-06,0.6026507157124109,1,staged_v3,2.2230633572784195,2,2.2402462064773085,2.2239452572659086,2,0,1,1
v3_pelvis_proxy:v3_left_hand_proxy,481,0.0,0.002132540116717152,0.0,0.057183589886030214,0.528397815730677,FLAT,0.0,1,0.01627039142562683,0.009126907539858956,0.11512244972884667,SUPPORT,0.44999999421762177,0.02162921494658338,0.04908094531819282,0.0,0.0,0.009990000017967064,0,ok,0.0,0.3369887765751024,FLAT,0.0,-1,0.00793406391842957,0.01700011072514547,0.11417094572602038,LOADING,0.29855060887654417,0.01370843656115555,0.01892267714731798,-0.029164050117658213,-1.066270058358576e-05,0.6026400530118273,1,staged_v3,2.223157119916856,2,2.2408535544341697,2.22402170819377,2,0,1,1
v3_pelvis_proxy:v3_left_hand_proxy,482,0.0,2.023485254909474e-05,0.0,0.05730947004065755,0.5258418892100223,FLAT,0.0,1,0.017637647104752043,0.009127008714121702,0.1162871753706905,SUPPORT,0.4499999953740974,0.021687350054412826,0.049081046492455566,0.0,0.0,0.009990000017967092,0,ok,0.0,0.33057769836369033,FLAT,0.0,-1,0.02310347004985278,0.017000211899408216,0.11496002703013433,LOADING,0.29769687578335796,0.0137477894520985,0.018922778321580725,0.026909687115828085,1.011742627454737e-07,0.6026401541860901,1,staged_v3,2.2233483904795213,2,2.2419901774937077,2.22420108037593,2,0,1,1
v3_pelvis_proxy:v3_left_hand_proxy,483,0.0,0.003490413481643806,0.0,0.057475861042314835,0.5342645692444834,FLAT,0.0,1,0.006286501834023542,0.00914446078152992,0.11726982695186344,SUPPORT,0.44999999629927795,0.021719030566063252,0.049098498559863785,0.0,0.0,0.009990000017967057,0,ok,0.0,0.3288865962494801,FLAT,0.0,-1,0.013826238389154791,0.017017663966816435,0.115666236668587,LOADING,0.2967181108672442,0.013765647866612916,0.018940230388988944,0.04337723286368389,1.745206740821903e-05,0.6026576062534983,1,staged_v3,2.223453874355597,2,2.242759690869288,2.2242929033135956,2,0,1,1
v3_pelvis_proxy:v3_left_hand_proxy,484,0.0,0.003625018941710856,0.0,0.05762390017353969,0.5427678525316979,FLAT,0.0,1,0.0025620913269456033,0.009162585876238475,0.11810400808492794,SUPPORT,0.44999999703942234,0.021742614528007922,0.04911662365457234,0.0,0.0,0.009990000017967064,0,ok,0.0,0.3323188091400827,FLAT,0.0,-1,0.0069470584020637615,0.01703578906152499,0.11631842538190151,LOADING,0.2962818105342264,0.013780132207570087,0.0189583554836975,0.0016825682508381234,1.812509470855428e-05,0.6026757313482068,1,staged_v3,2.223480684305518,2,2.2434034521429242,2.2243065070653185,2,0,1,1
v3_pelvis_proxy:v3_left_hand_proxy,485,0.0,0.0020501835695352355,0.0,0.05774901146390829,0.5430350484034634,FLAT,0.0,1,0.006077126850759301,0.009172836794086151,0.11855013695901112,SUPPORT,0.44999999763153786,0.021754670053864406,0.049126874572420015,0.0,0.0,0.009990000017967064,0,ok,0.0,0.3336670202262783,FLAT,0.0,-1,0.007743473249512341,0.017046039979372665,0.11658567608887302,LOADING,0.29606529832714235,0.013783243825070988,0.018968606401545175,-0.019685442152195254,1.0250917847676178e-05,0.6026859822660545,1,staged_v3,2.2236431643040127,2,2.2432895333002962,2.224456492526794,2,0,1,1
v3_pelvis_proxy:v3_left_hand_proxy,486,0.0,0.002572258132538252,0.0,0.057930443726328266,0.5303800847164085,FLAT,0.0,1,0.02314676939415431,0.009185698084748842,0.11864896829653482,SUPPORT,0.4499999981052303,0.0217467503300779,0.049139735863082706,0.0,0.0,0.009990000017967064,0,ok,0.0,0.32675030251055576,FLAT,0.0,-1,0.023801706702033982,0.017058901270035357,0.11685979508384359,LOADING,0.29499401701120603,0.013784088484156826,0.018981467692207866,0.006525932037537707,1.286129066269126e-05,0.6026988435567172,1,staged_v3,2.223816246154561,2,2.243121038381521,2.2246158071467157,2,0,1,1
v3_pelvis_proxy:v3_left_hand_proxy,487,0.0,0.009575327278099621,0.0,0.05825596796801721,0.5089378246511661,FLAT,0.0,1,0.03684918318421862,0.00923357472113934,0.12016472564647183,SUPPORT,0.4499999984841842,0.021774661561184253,0.049187612499473204,0.0,0.0,0.009990000017967078,0,ok,0.0,0.31548285943878585,FLAT,0.0,-1,0.03009722528409722,0.017106777906425855,0.11733979403528494,LOADING,0.29263260967968746,0.013760211795338394,0.019029344328598364,0.08753836431951711,4.7876636390498106e-05,0.6027467201931077,1,staged_v3,2.2238069111143033,2,2.242850620071511,2.2246099331938414,2,0,1,1
v3_pelvis_proxy:v3_left_hand_proxy,488,0.0,0.012692090121912969,0.0,0.058644027703783616,0.5067501073252199,FLAT,0.0,1,0.019526943607547694,0.009297035171748905,0.12136518180524851,SUPPORT,0.44999999878734737,0.02177122391851352,0.04925107295008277,0.0,0.0,0.009990000017967064,0,ok,0.0,0.3146299569175047,FLAT,0.0,-1,0.01903590402372239,0.01717023835703542,0.11815565001741969,LOADING,0.2904643297030127,0.013737544143835566,0.01909280477920793,0.038959535547666846,6.346045060956484e-05,0.6028101806437173,1,staged_v3,2.223845131977688,2,2.2426021242359124,2.2246337190807894,2,0,1,1
v3_pelvis_proxy:v3_left_hand_proxy,489,0.0,0.009149137353503534,0.0,0.05899554879006849,0.5154351520651205,FLAT,0.0,1,0.010194415434613469,0.009342780858516423,0.12230492868639149,SUPPORT,0.4499999990298779,0.021772465575803153,0.04929681863685029,0.0,0.0,0.009990000017967064,0,ok,0.0,0.319784821037034,FLAT,0.0,-1,0.010321825246416358,0.017215984043802937,0.11894962540889936,LOADING,0.2892189306544719,0.013731497226642034,0.019138550465975446,-0.04428690960511794,4.574568676751767e-05,0.6028559263304848,1,staged_v3,2.2238655983499385,2,2.24243425804526,2.2246415622840474,2,0,1,1
v3_pelvis_proxy:v3_left_hand_proxy,490,0.0,0.00383010207347656,0.0,0.05927858153723795,0.5184127553587288,FLAT,0.0,1,0.00992372315836899,0.009361931368883806,0.12279719295729961,SUPPORT,0.4499999992239023,0.021777928278981177,0.04931596914721767,0.0,0.0,0.009990000017967099,0,ok,0.0,0.32352228650766546,FLAT,0.0,-1,0.004788460796068728,0.01723513455417032,0.1197698526051833,LOADING,0.28858395055214026,0.013753358076088847,0.01915770097634283,-0.06648794100033717,1.91505103673828e-05,0.6028750768408522,1,staged_v3,2.223834659021351,2,2.2429565806759943,2.2245847259940787,2,0,1,1
v3_pelvis_proxy:v3_left_hand_proxy,491,0.0,0.0007549842412357677,0.0,0.05949219003286224,0.5287749897770277,FLAT,0.0,1,0.00407580553847402,0.009358156447677627,0.1230850652210739,SUPPORT,0.4499999993791219,0.02179609681337607,0.04931219422601149,0.0,0.0,0.009990000017967064,0,ok,0.0,0.32640837911013787,FLAT,0.0,-1,0.0058471045047824655,0.01723135963296414,0.12069127707948102,LOADING,0.2883596340426762,0.013803204221009911,0.01915392605513665,-0.0573135789339041,-3.7749212061788384e-06,0.602871301919646,1,staged_v3,2.223915347994997,2,2.243308407038514,2.2246431774327857,2,0,1,1
v3_pelvis_proxy:v3_left_hand_proxy,492,0.0,0.0032522162098258534,0.0,0.05963659436444576,0.5292644862308525,FLAT,0.0,1,0.012072453113064624,0.009341895366628498,0.12322017215455072,SUPPORT,0.4499999995032975,0.02181911324109904,0.04929593314496236,0.0,0.0,0.009990000017967043,0,ok,0.0,0.329291319014656,FLAT,0.0,-1,0.006837188434859264,0.017215098551915012,0.1218294938343735,LOADING,0.28852249209315045,0.013876376139803664,0.01913766497408752,-0.03121539960737607,-1.6261081049129267e-05,0.6028550408385969,1,staged_v3,2.2239856723852816,2,2.2436327726665386,2.224696355299747,2,0,1,1
v3_pelvis_proxy:v3_left_hand_proxy,493,0.0,0.003943939529427176,0.0,0.05973873799089608,0.5328495758071444,FLAT,0.0,1,0.007624615313583442,0.009322175668981362,0.12340495242046304,SUPPORT,0.449999999602638,0.021848071952041793,0.049276213447315226,0.0,0.0,0.009990000017967078,0,ok,0.0,0.3303896174944376,FLAT,0.0,-1,0.0100708739012859,0.017195378854267876,0.1237203324894898,LOADING,0.28872073450791047,0.013990637770206614,0.019117945276440385,-0.008646541495016535,-1.971969764713588e-05,0.6028353211409497,1,staged_v3,2.2242223549490308,2,2.243403405559512,2.2249188162578646,2,0,1,1
v3_pelvis_proxy:v3_left_hand_proxy,494,0.0,0.005394429725069649,0.0,0.0600006723267746,0.5036611201859986,FLAT,0.0,1,0.04641582969385533,0.00934914781760671,0.12230341145124765,SUPPORT,0.4499999996821104,0.021766022754955674,0.049303185595940574,0.0,0.0,0.009990000017967078,0,ok,0.0,0.31570407108484216,FLAT,0.0,-1,0.03183573950171392,0.017222351002893224,0.1263696540947604,LOADING,0.28687615198185795,0.014096131701844795,0.019144917425065733,0.11672961568121032,2.6972148625348247e-05,0.6028622932895751,1,staged_v3,2.224276198822554,2,2.2430737616422682,2.2249775595454198,2,0,1,1
v3_pelvis_proxy:v3_left_hand_proxy,495,0.0,0.013988599287761971,0.0,0.06045253902370849,0.48641470837684486,FLAT,0.0,1,0.03666696386286921,0.00941909081404552,0.12096216447787232,SUPPORT,0.44999999974568833,0.021629017409848097,0.049373128592379384,0.0,0.0,0.009990000017967043,0,ok,0.0,0.304133299863541,FLAT,0.0,-1,0.03443880143884414,0.017292293999332034,0.12799705812081882,LOADING,0.28378029201365407,0.014107558906708909,0.019214860421504543,0.10742711953365403,6.994299643880986e-05,0.6029322362860139,1,staged_v3,2.2245366747724127,2,2.243444865554899,2.2252172673622606,2,0,1,1
v3_pelvis_proxy:v3_left_hand_proxy,496,0.0,0.014760946905734151,0.0,0.060919713610553844,0.5057699406478828,FLAT,0.0,1,0.0015017788238969446,0.00949289554857419,0.11999906339176553,SUPPORT,0.44999999979655064,0.021507057621014087,0.049446933326908055,0.0,0.0,0.009990000017967064,0,ok,0.0,0.31109251523376724,FLAT,0.0,-1,0.00940470537637248,0.017366098733860705,0.1306326210571104,LOADING,0.2818764909513508,0.014165532318994818,0.019288665156033214,0.00965434522465225,7.380473452867076e-05,0.6030060410205426,1,staged_v3,2.224529741276544,2,2.2435814881342324,2.225198117449484,2,0,1,1
v3_pelvis_proxy:v3_left_hand_proxy,497,0.0,0.010514317427801068,0.0,0.06136026976530759,0.5106327116691979,FLAT,0.0,1,0.008119436444813834,0.009545467135713196,0.11921477668331171,SUPPORT,0.44999999983724054,0.02141527169845239,0.04949950491404706,0.0,0.0,0.009990000017967057,0,ok,0.0,0.3133413717475694,FLAT,0.0,-1,0.012731800599873267,0.01741867032099971,0.13219475906434855,LOADING,0.2804540329018017,0.014191067632217717,0.01934123674317222,-0.05308286847416355,5.257158713900534e-05,0.6030586126076816,1,staged_v3,2.2245159770160186,2,2.243271328877867,2.225169392994363,2,0,1,1
v3_pelvis_proxy:v3_left_hand_proxy,498,0.0,0.00467387789941931,0.0,0.06173973630327473,0.518511240822411,FLAT,0.0,1,0.009748413369629895,0.009568836525210293,0.11866616387916534,SUPPORT,0.44999999986979244,0.021364471668747977,0.04952287430354416,0.0,0.0,0.009990000017967043,0,ok,0.0,0.316319265491231,FLAT,0.0,-1,0.012035302421908893,0.017442039710496807,0.1328292201086554,LOADING,0.2795752887944998,0.014199421294935968,0.019364606132669316,-0.07300549410477197,2.336938949709655e-05,0.6030819819971787,1,staged_v3,2.2245198151381564,2,2.243018339640996,2.2251646922244483,2,0,1,1
v3_pelvis_proxy:v3_left_hand_proxy,499,0.0,0.00015306111960100566,0.0,0.062051068256514984,0.5222025240909117,FLAT,0.0,1,0.01078780087637352,0.009569601830808298,0.1183390743323979,SUPPORT,0.44999999989583395,0.021347351885811598,0.04952363960914216,0.0,0.0,0.009990000017967043,0,ok,0.0,0.318370100373065,FLAT,0.0,-1,0.011790092143131441,0.01744280501609481,0.13272047886511415,LOADING,0.2790810858517451,0.014193218927160897,0.01936537143826732,-0.0565102097477288,7.653055980050283e-07,0.6030827473027767,1,staged_v3,2.224548528461266,2,2.242935666284717,2.2251911727041525,2,0,1,1
v3_pelvis_proxy:v3_left_hand_proxy,500,0.0,0.0012397935878816213,0.0,0.06234064267534004,0.5182138422471172,FLAT,0.0,1,0.02031194371901358,0.00956340286286889,0.11796324883128478,SUPPORT,0.44999999991666717,0.02133475957869535,0.04951744064120275,0.0,0.0,0.009990000017967043,0,ok,0.0,0.3164760138200978,FLAT,0.0,-1,0.016817145831310387,0.017436606048155404,0.13143551982052323,LOADING,0.2784809056490567,0.014135169942870757,0.019359172470327913,-0.017410683843532837,-6.1989679394081065e-06,0.6030765483348373,1,staged_v3,2.2245947584621124,2,2.2440447792693585,2.225222043328769,2,0,1,1
v3_pelvis_proxy:v3_left_hand_proxy,501,0.0,0.0008991698302818207,0.0,0.06262553541651034,0.5112507437790434,FLAT,0.0,1,0.02438541934167788,0.00955890701371748,0.11758551021065919,SUPPORT,0.4499999999333337,0.02132036849681548,0.049512944792051344,0.0,0.0,0.009990000017967085,0,ok,0.0,0.31416931031409245,FLAT,0.0,-1,0.018577614927527544,0.017432110199003994,0.1291520979647801,LOADING,0.2777827312378885,0.014025494699235017,0.019354676621176504,0.004257796969997507,-4.495849151409104e-06,0.6030720524856858,1,staged_v3,2.2246298522060233,2,2.2441084419646917,2.22525195154132,2,0,1,1
v3_pelvis_proxy:v3_left_hand_proxy,502,0.0,0.00039441224719549695,0.0,0.06293387339195974,0.49788363417980963,FLAT,0.0,1,0.03276305699892713,0.009556934952481503,0.11708655049392186,SUPPORT,0.449999999946667,0.02129739257221459,0.04951097273081537,0.0,0.0,0.00999000001796705,0,ok,0.0,0.3098873510232437,FLAT,0.0,-1,0.022694955754244638,0.017430138137768017,0.12571953067558486,LOADING,0.27680354944537605,0.013855838396011226,0.019352704559940526,0.006309469788579047,-1.9720612359774847e-06,0.6030700804244499,1,staged_v3,2.2246059540799563,2,2.2417008290166476,2.2252423919077904,2,0,1,1
v3_pelvis_proxy:v3_left_hand_proxy,503,0.0,0.000560527971171787,0.0,0.06324765185673804,0.4857780393528188,FLAT,0.0,1,0.03149514182072554,0.009554132312625644,0.11224304841859506,SUPPORT,0.4499999999573336,0.02105802010830411,0.04950817009095951,0.0,0.0,0.009990000017967085,0,ok,0.0,0.306873294225103,FLAT,0.0,-1,0.021830654921777753,0.017427335497912158,0.1184288490223196,LOADING,0.2759074199809418,0.013494106953203824,0.019349901920084667,-0.0020764465497036255,-2.802639855858935e-06,0.603067277784594,1,staged_v3,2.2245076403137594,2,2.2417011610709565,2.225157146928689,2,0,1,1
